date,close,nav,prem
2013-07-31,1.013,1.04,-0.02596153846153859
2013-08-01,1.014,1.046,-0.030592734225621476
2013-08-05,1.031,1.039,-0.007699711260827691
2013-08-06,1.03,1.037,-0.0067502410800385215
2013-08-07,1.017,1.042,-0.02399232245681393
2013-08-08,1.018,1.037,-0.018322082931533146
2013-08-12,1.019,1.045,-0.024880382775119614
2013-08-13,1.019,1.041,-0.0211335254562921
2013-08-14,1.021,1.023,-0.0019550342130987275
2013-08-15,1.017,1.021,-0.003917727717923647
2013-08-19,1.0,1.025,-0.024390243902438935
2013-08-20,0.995,1.021,-0.025465230166503372
2013-08-21,1.001,1.031,-0.029097963142580063
2013-08-22,0.998,1.039,-0.039461020211742026
2013-08-26,1.019,1.017,0.001966568338249708
2013-08-27,1.017,1.02,-0.002941176470588336
2013-08-28,0.996,1.027,-0.030185004868549137
2013-08-29,1.002,1.021,-0.01860920666013699
2013-09-02,1.012,1.027,-0.014605647517039855
2013-09-03,1.015,1.038,-0.022157996146435543
2013-09-04,1.013,1.039,-0.025024061597690106
2013-09-05,1.019,1.041,-0.0211335254562921
2013-09-09,1.026,1.057,-0.029328287606433245
2013-09-10,1.028,1.055,-0.025592417061611306
2013-09-11,1.03,1.053,-0.021842355175688444
2013-09-12,1.031,1.054,-0.021821631878558012
2013-09-16,1.04,1.059,-0.017941454202077378
2013-09-17,1.029,1.072,-0.04011194029850762
2013-09-23,1.063,1.067,-0.0037488284910965897
2013-09-24,1.06,1.063,-0.002822201317027151
2013-09-25,1.06,1.071,-0.010270774976657182
2013-09-26,1.06,1.07,-0.009345794392523366
2013-10-08,1.054,1.042,0.011516314779270731
2013-10-09,1.04,1.064,-0.022556390977443663
2013-10-10,1.042,1.072,-0.027985074626865725
2013-10-14,1.067,1.075,-0.007441860465116301
2013-10-15,1.081,1.087,-0.005519779208831621
2013-10-16,1.079,1.093,-0.012808783165599302
2013-10-17,1.096,1.109,-0.01172227231740297
2013-10-21,1.114,1.113,0.0008984725965859308
2013-10-22,1.156,1.106,0.04520795660036159
2013-10-23,1.14,1.111,0.026102610261026005
2013-10-24,1.121,1.118,0.0026833631484792786
2013-10-28,1.141,1.121,0.017841213202497874
2013-10-29,1.123,1.12,0.002678571428571308
2013-10-30,1.128,1.118,0.008944543828264484
2013-10-31,1.116,1.119,-0.002680965147452974
2013-11-04,1.122,1.122,0.0
2013-11-05,1.126,1.122,0.0035650623885916666
2013-11-06,1.134,1.101,0.029972752043596618
2013-11-07,1.134,1.114,0.017953321364452268
2013-11-11,1.128,1.113,0.013477088948786964
2013-11-12,1.126,1.126,0.0
2013-11-13,1.117,1.129,-0.010628875110717417
2013-11-14,1.134,1.131,0.0026525198938991412
2013-11-18,1.132,1.117,0.013428827215756334
2013-11-19,1.116,1.113,0.0026954177897575704
2013-11-20,1.098,1.128,-0.026595744680850908
2013-11-21,1.089,1.134,-0.03968253968253965
2013-11-25,1.125,1.142,-0.01488616462346748
2013-11-26,1.121,1.146,-0.021815008726003393
2013-11-28,1.142,1.152,-0.00868055555555558
2013-12-02,1.136,1.149,-0.011314186248912228
2013-12-03,1.131,1.15,-0.016521739130434754
2013-12-04,1.132,1.148,-0.013937282229965153
2013-12-05,1.132,1.155,-0.019913419913419994
2013-12-09,1.144,1.156,-0.01038062283737029
2013-12-10,1.145,1.141,0.0035056967572304476
2013-12-11,1.135,1.138,-0.002636203866432263
2013-12-12,1.118,1.137,-0.016710642040457246
2013-12-16,1.121,1.141,-0.01752848378615246
2013-12-17,1.128,1.154,-0.022530329289428108
2013-12-18,1.122,1.152,-0.02604166666666652
2013-12-19,1.136,1.164,-0.02405498281786944
2013-12-23,1.155,1.176,-0.017857142857142794
2013-12-25,1.175,1.18,-0.004237288135593098
2013-12-26,1.175,1.174,0.0008517887563885829
2013-12-30,1.162,1.178,-0.01358234295415961
2014-01-02,1.169,1.163,0.005159071367153878
2014-01-06,1.157,1.17,-0.011111111111111072
2014-01-07,1.156,1.173,-0.01449275362318847
2014-01-08,1.173,1.169,0.0034217279726260763
2014-01-09,1.172,1.171,0.0008539709649870719
2014-01-13,1.17,1.174,-0.0034071550255536653
2014-01-14,1.157,1.184,-0.022804054054053946
2014-01-15,1.168,1.186,-0.015177065767285058
2014-01-16,1.181,1.179,0.0016963528413909135
2014-01-20,1.18,1.188,-0.006734006734006703
2014-01-21,1.182,1.191,-0.007556675062972418
2014-01-22,1.182,1.187,-0.004212299915754114
2014-01-23,1.191,1.163,0.024075666380051652
2014-01-27,1.162,1.151,0.009556907037358675
2014-01-28,1.16,1.139,0.01843722563652328
2014-01-29,1.174,1.16,0.012068965517241459
2014-02-10,1.172,1.188,-0.013468013468013518
2014-02-11,1.171,1.19,-0.015966386554621792
2014-02-12,1.184,1.2,-0.013333333333333308
2014-02-13,1.177,1.201,-0.019983347210657754
2014-02-17,1.187,1.206,-0.015754560530679806
2014-02-18,1.184,1.199,-0.012510425354462118
2014-02-19,1.196,1.205,-0.007468879668049877
2014-02-20,1.189,1.203,-0.011637572734829571
2014-02-24,1.2,1.208,-0.0066225165562914245
2014-02-25,1.215,1.207,0.006628003314001596
2014-02-26,1.225,1.215,0.008230452674897082
2014-02-27,1.227,1.214,0.0107084019769359
2014-03-03,1.239,1.221,0.014742014742014753
2014-03-04,1.225,1.224,0.0008169934640522847
2014-03-05,1.24,1.222,0.014729950900163713
2014-03-06,1.233,1.216,0.013980263157894912
2014-03-10,1.22,1.215,0.00411522633744843
2014-03-11,1.221,1.22,0.0008196721311475308
2014-03-12,1.215,1.202,0.010815307820299713
2014-03-13,1.219,1.195,0.020083682008368298
2014-03-17,1.189,1.219,-0.024610336341263306
2014-03-18,1.208,1.212,-0.0033003300330033403
2014-03-19,1.226,1.217,0.007395234182415722
2014-03-20,1.213,1.204,0.007475083056478482
2014-03-24,1.206,1.196,0.008361204013378032
2014-03-25,1.197,1.182,0.012690355329949332
2014-03-26,1.198,1.176,0.018707482993197244
2014-03-27,1.179,1.178,0.0008488964346351491
2014-03-31,1.176,1.207,-0.025683512841756517
2014-04-01,1.193,1.209,-0.013234077750206796
2014-04-02,1.214,1.2,0.011666666666666714
2014-04-03,1.21,1.169,0.03507271171941828
2014-04-08,1.161,1.187,-0.021903959561920816
2014-04-09,1.168,1.151,0.014769765421372538
2014-04-10,1.18,1.138,0.03690685413005279
2014-04-14,1.134,1.152,-0.015625
2014-04-15,1.139,1.167,-0.023993144815766976
2014-04-16,1.145,1.167,-0.018851756640959727
2014-04-21,1.157,1.185,-0.02362869198312234
2014-04-22,1.166,1.175,-0.007659574468085184
2014-04-23,1.172,1.185,-0.01097046413502123
2014-04-24,1.177,1.166,0.009433962264151052
2014-04-28,1.155,1.179,-0.020356234096692183
2014-04-29,1.159,1.182,-0.019458544839255465
2014-05-05,1.174,1.173,0.0008525149190110604
2014-05-06,1.181,1.17,0.00940170940170959
2014-05-07,1.164,1.169,-0.004277159965782817
2014-05-08,1.161,1.174,-0.011073253833049357
2014-05-12,1.164,1.194,-0.025125628140703515
2014-05-13,1.186,1.189,-0.002523128679562725
2014-05-14,1.19,1.179,0.009329940627650357
2014-05-15,1.186,1.186,0.0
2014-05-19,1.182,1.191,-0.007556675062972418
2014-05-20,1.19,1.202,-0.009983361064891838
2014-05-21,1.183,1.208,-0.020695364238410563
2014-05-22,1.197,1.217,-0.016433853738701765
2014-05-26,1.211,1.232,-0.017045454545454475
2014-05-27,1.216,1.229,-0.01057770545158676
2014-05-28,1.229,1.236,-0.005663430420711935
2014-05-29,1.224,1.237,-0.010509296685529579
2014-06-03,1.236,1.238,-0.001615508885298822
2014-06-04,1.233,1.25,-0.013599999999999945
2014-06-05,1.242,1.254,-0.009569377990430672
2014-06-09,1.256,1.253,0.002394253790901857
2014-06-10,1.249,1.253,-0.0031923383878689204
2014-06-11,1.255,1.243,0.009654062751407677
2014-06-12,1.248,1.246,0.0016051364365972098
2014-06-16,1.239,1.248,-0.007211538461538325
2014-06-17,1.243,1.256,-0.010350318471337494
2014-06-18,1.242,1.254,-0.009569377990430672
2014-06-19,1.257,1.255,0.0015936254980080111
2014-06-23,1.256,1.254,0.0015948963317384823
2014-06-24,1.256,1.263,-0.005542359461599311
2014-06-25,1.254,1.262,-0.006339144215530945
2014-06-26,1.264,1.268,-0.003154574132492094
2014-06-30,1.271,1.284,-0.010124610591900396
2014-07-01,1.273,1.286,-0.01010886469673411
2014-07-02,1.286,1.295,-0.006949806949806847
2014-07-07,1.308,1.276,0.025078369905956244
2014-07-08,1.304,1.285,0.014785992217899002
2014-07-09,1.284,1.278,0.0046948356807512415
2014-07-10,1.291,1.286,0.0038880248833592645
2014-07-14,1.29,1.289,0.0007757951900699833
2014-07-15,1.301,1.295,0.004633204633204713
2014-07-16,1.296,1.279,0.013291634089132254
2014-07-17,1.3,1.298,0.0015408320493066618
2014-07-21,1.302,1.305,-0.0022988505747125743
2014-07-22,1.299,1.313,-0.010662604722010638
2014-07-23,1.304,1.312,-0.0060975609756097615
2014-07-24,1.314,1.307,0.005355776587605332
2014-07-28,1.306,1.305,0.0007662835249042654
2014-07-29,1.304,1.311,-0.005339435545385074
2014-07-30,1.303,1.286,0.013219284603421366
2014-07-31,1.308,1.282,0.020280811232449292
2014-08-04,1.286,1.279,0.005473025801407516
2014-08-05,1.288,1.28,0.006250000000000089
2014-08-06,1.279,1.275,0.0031372549019608176
2014-08-07,1.281,1.283,-0.001558846453624363
2014-08-11,1.286,1.287,-0.0007770007770007137
2014-08-12,1.29,1.302,-0.009216589861751112
2014-08-13,1.285,1.309,-0.018334606569900713
2014-08-14,1.302,1.315,-0.009885931558935246
2014-08-18,1.309,1.332,-0.01726726726726735
2014-08-19,1.325,1.333,-0.006001500375093727
2014-08-20,1.333,1.336,-0.0022455089820360152
2014-08-21,1.329,1.338,-0.0067264573991032695
2014-08-25,1.337,1.345,-0.005947955390334547
2014-08-26,1.348,1.346,0.0014858841010401136
2014-08-27,1.35,1.343,0.005212211466865346
2014-08-28,1.344,1.349,-0.003706449221645536
2014-09-01,1.345,1.354,-0.006646971935007517
2014-09-02,1.356,1.346,0.007429420505200568
2014-09-03,1.36,1.343,0.012658227848101333
2014-09-04,1.341,1.352,-0.008136094674556338
2014-09-09,1.348,1.348,0.0
2014-09-10,1.34,1.348,-0.005934718100890191
2014-09-11,1.342,1.34,0.0014925373134329067
2014-09-15,1.337,1.339,-0.0014936519790889058
2014-09-16,1.322,1.341,-0.014168530947054392
2014-09-17,1.334,1.351,-0.012583271650629113
2014-09-18,1.338,1.349,-0.008154188287620379
2014-09-22,1.346,1.334,0.008995502248875464
2014-09-23,1.335,1.348,-0.009643916913946726
2014-09-24,1.326,1.32,0.00454545454545463
2014-09-25,1.339,1.335,0.002996254681647992
2014-09-29,1.327,1.335,-0.005992509363295873
2014-10-08,1.294,1.307,-0.009946442234123887
2014-10-09,1.314,1.275,0.030588235294117805
2014-10-13,1.278,1.255,0.018326693227091795
2014-10-14,1.268,1.248,0.01602564102564097
2014-10-15,1.268,1.239,0.023405972558514954
2014-10-16,1.265,1.256,0.007165605095541316
2014-10-20,1.265,1.304,-0.029907975460122804
2014-10-21,1.276,1.297,-0.01619121048573624
2014-10-22,1.307,1.317,-0.00759301442672744
2014-10-23,1.299,1.326,-0.020361990950226394
2014-10-27,1.324,1.344,-0.014880952380952439
2014-10-28,1.319,1.339,-0.014936519790888725
2014-10-29,1.334,1.343,-0.006701414743112366
2014-10-30,1.334,1.361,-0.01983835415135926
2014-11-03,1.357,1.363,-0.00440205429200291
2014-11-04,1.359,1.361,-0.0014695077149154967
2014-11-05,1.354,1.367,-0.009509875640087762
2014-11-06,1.354,1.366,-0.008784773060029338
2014-11-10,1.363,1.37,-0.005109489051094984
2014-11-11,1.363,1.373,-0.007283321194464731
2014-11-12,1.362,1.379,-0.01232777374909344
2014-11-13,1.364,1.383,-0.013738250180766354
2014-11-17,1.368,1.389,-0.015118790496760237
2014-11-18,1.368,1.382,-0.010130246020260358
2014-11-19,1.385,1.389,-0.0028797696184305055
2014-11-20,1.372,1.391,-0.01365923795830326
2014-11-24,1.37,1.402,-0.022824536376604754
2014-11-25,1.383,1.411,-0.01984408221119771
2014-11-27,1.4,1.417,-0.01199717713479187
2014-12-01,1.398,1.406,-0.005689900426742556
2014-12-02,1.382,1.41,-0.019858156028368823
2014-12-03,1.395,1.41,-0.010638297872340385
2014-12-04,1.397,1.409,-0.008516678495386842
2014-12-08,1.391,1.4,-0.006428571428571339
2014-12-09,1.373,1.376,-0.0021802325581394832
2014-12-10,1.394,1.381,0.009413468501086042
2014-12-11,1.364,1.367,-0.002194586686174005
2014-12-15,1.353,1.331,0.016528925619834656
2014-12-16,1.35,1.354,-0.002954209748892156
2014-12-17,1.33,1.39,-0.04316546762589912
2014-12-18,1.362,1.394,-0.02295552367288367
2014-12-22,1.397,1.394,0.002152080344332896
2014-12-23,1.4,1.396,0.002865329512893977
2014-12-25,1.395,1.405,-0.007117437722419906
2014-12-29,1.404,1.395,0.006451612903225712
2014-12-30,1.401,1.38,0.01521739130434785
2015-01-05,1.367,1.341,0.01938851603281133
2015-01-06,1.349,1.358,-0.006627393225331457
2015-01-07,1.351,1.384,-0.023843930635838118
2015-01-08,1.37,1.375,-0.0036363636363635488
2015-01-12,1.378,1.356,0.016224188790560312
2015-01-13,1.36,1.35,0.007407407407407307
2015-01-14,1.353,1.332,0.015765765765765716
2015-01-15,1.352,1.349,0.002223869532987477
2015-01-19,1.339,1.359,-0.014716703458425351
2015-01-20,1.349,1.367,-0.013167520117044584
2015-01-21,1.359,1.392,-0.023706896551724088
2015-01-22,1.373,1.396,-0.016475644699140313
2015-01-26,1.393,1.36,0.024264705882352855
2015-01-27,1.394,1.349,0.03335804299481082
2015-01-28,1.372,1.362,0.007342143906020615
2015-01-29,1.354,1.353,0.0007390983000739038
2015-02-02,1.357,1.379,-0.01595358955765047
2015-02-03,1.367,1.377,-0.0072621641249092095
2015-02-04,1.381,1.39,-0.006474820143884785
2015-02-05,1.376,1.379,-0.002175489485134241
2015-02-09,1.373,1.396,-0.016475644699140313
2015-02-10,1.367,1.402,-0.024964336661911446
2015-02-11,1.385,1.419,-0.023960535588442577
2015-02-12,1.393,1.429,-0.02519244226731987
2015-02-16,1.435,1.431,0.002795248078266921
2015-02-25,1.45,1.456,-0.004120879120879106
2015-02-26,1.444,1.452,-0.005509641873278293
2015-03-02,1.452,1.459,-0.004797806716929531
2015-03-03,1.474,1.454,0.01375515818431916
2015-03-04,1.468,1.457,0.007549759780370646
2015-03-05,1.457,1.439,0.012508686587908269
2015-03-09,1.449,1.417,0.022582921665490474
2015-03-10,1.45,1.412,0.026912181303116123
2015-03-11,1.426,1.422,0.002812939521800173
2015-03-12,1.424,1.414,0.007072135785006983
2015-03-16,1.427,1.433,-0.004187020237264472
2015-03-17,1.441,1.448,-0.004834254143646355
2015-03-18,1.44,1.447,-0.004837595024188013
2015-03-19,1.455,1.459,-0.002741603838245399
2015-03-23,1.46,1.447,0.00898410504492042
2015-03-24,1.458,1.413,0.031847133757961776
2015-03-25,1.46,1.407,0.03766879886282859
2015-03-26,1.439,1.414,0.01768033946251779
2015-03-30,1.432,1.416,0.011299435028248705
2015-03-31,1.437,1.409,0.019872249822569188
2015-04-01,1.415,1.41,0.0035460992907803135
2015-04-07,1.42,1.427,-0.004905395935529189
2015-04-08,1.415,1.436,-0.014623955431754765
2015-04-09,1.421,1.442,-0.014563106796116387
2015-04-13,1.431,1.435,-0.0027874564459929863
2015-04-14,1.426,1.443,-0.011781011781011874
2015-04-15,1.43,1.438,-0.0055632823365785455
2015-04-16,1.439,1.414,0.01768033946251779
2015-04-20,1.416,1.442,-0.018030513176144236
2015-04-21,1.429,1.45,-0.014482758620689595
2015-04-22,1.434,1.457,-0.015785861358956876
2015-04-23,1.439,1.476,-0.025067750677506773
2015-04-27,1.477,1.467,0.0068166325835037345
2015-04-28,1.467,1.457,0.006863417982155173
2015-04-29,1.467,1.431,0.02515723270440251
2015-05-04,1.457,1.432,0.017458100558659373
2015-05-05,1.456,1.422,0.02390998593530247
2015-05-06,1.437,1.429,0.005598320503848786
2015-05-07,1.435,1.448,-0.008977900552486151
2015-05-11,1.457,1.436,0.014623955431754876
2015-05-12,1.453,1.437,0.011134307585247027
2015-05-13,1.45,1.458,-0.005486968449931462
2015-05-14,1.456,1.458,-0.00137174211248281
2015-05-18,1.46,1.462,-0.001367989056087593
2015-05-19,1.462,1.463,-0.0006835269993165083
2015-05-20,1.453,1.471,-0.012236573759347391
2015-05-21,1.46,1.47,-0.006802721088435382
2015-05-25,1.468,1.453,0.010323468685478288
2015-05-26,1.466,1.477,-0.007447528774543022
2015-05-27,1.454,1.472,-0.012228260869565188
2015-05-28,1.481,1.463,0.012303485987696483
2015-06-01,1.467,1.461,0.004106776180698102
2015-06-02,1.468,1.464,0.002732240437158362
2015-06-03,1.459,1.455,0.0027491408934707806
2015-06-04,1.465,1.453,0.008258774948382674
2015-06-08,1.458,1.44,0.012499999999999956
2015-06-09,1.449,1.458,-0.006172839506172756
2015-06-10,1.452,1.458,-0.004115226337448541
2015-06-11,1.46,1.448,0.008287292817679592
2015-06-15,1.456,1.448,0.005524861878453136
2015-06-16,1.45,1.453,-0.002064693737095724
2015-06-17,1.446,1.471,-0.016995241332427025
2015-06-18,1.441,1.465,-0.01638225255972703
2015-06-23,1.485,1.468,0.011580381471389734
2015-06-24,1.481,1.465,0.01092150170648476
2015-06-25,1.471,1.456,0.010302197802197988
2015-06-29,1.456,1.428,0.019607843137254832
2015-06-30,1.44,1.439,0.0006949270326614965
2015-07-01,1.44,1.441,-0.000693962526023717
2015-07-06,1.414,1.439,-0.01737317581653941
2015-07-07,1.419,1.414,0.0035360678925036026
2015-07-08,1.38,1.414,-0.0240452616690241
2015-07-09,1.382,1.435,-0.03693379790940776
2015-07-13,1.4,1.468,-0.0463215258855586
2015-07-14,1.441,1.47,-0.019727891156462563
2015-07-15,1.462,1.49,-0.018791946308724827
2015-07-16,1.439,1.511,-0.04765056254136324
2015-07-20,1.508,1.514,-0.003963011889035695
2015-07-21,1.525,1.497,0.01870407481629921
2015-07-22,1.507,1.493,0.009377093101138545
2015-07-23,1.51,1.478,0.021650879566982528
2015-07-27,1.478,1.479,-0.0006761325219744041
2015-07-28,1.472,1.485,-0.008754208754208848
2015-07-29,1.499,1.492,0.004691689008043065
2015-07-30,1.52,1.489,0.02081934184016121
2015-08-03,1.528,1.483,0.03034389750505717
2015-08-04,1.511,1.494,0.011378848728246238
2015-08-05,1.502,1.473,0.019687712152070436
2015-08-06,1.52,1.47,0.03401360544217691
2015-08-10,1.49,1.495,-0.0033444816053512794
2015-08-11,1.564,1.521,0.02827087442472065
2015-08-12,1.529,1.534,-0.0032594524119948787
2015-08-13,1.544,1.537,0.00455432661027988
2015-08-17,1.557,1.541,0.010382868267358791
2015-08-18,1.577,1.53,0.030718954248365904
2015-08-19,1.558,1.487,0.047747141896435696
2015-08-20,1.537,1.426,0.07784011220196363
2015-08-24,1.375,1.37,0.0036496350364962904
2015-08-25,1.378,1.438,-0.041724617524339425
2015-08-26,1.384,1.473,-0.060420909708078896
2015-08-27,1.448,1.473,-0.016972165648336812
2015-08-31,1.468,1.405,0.04483985765124543
2015-09-01,1.426,1.44,-0.009722222222222188
2015-09-07,1.419,1.456,-0.025412087912087822
2015-09-08,1.46,1.439,0.01459346768589298
2015-09-09,1.471,1.456,0.010302197802197988
2015-09-10,1.442,1.464,-0.015027322404371546
2015-09-14,1.464,1.475,-0.007457627118644172
2015-09-15,1.439,1.484,-0.03032345013477089
2015-09-16,1.476,1.484,-0.005390835579514808
2015-09-17,1.478,1.462,0.010943912448700521
2015-09-21,1.461,1.448,0.008977900552486373
2015-09-22,1.468,1.449,0.013112491373360902
2015-09-23,1.446,1.445,0.0006920415224913601
2015-09-24,1.446,1.433,0.009071877180739651
2015-09-28,1.434,1.383,0.03687635574837311
2015-09-29,1.393,1.414,-0.014851485148514754
2015-10-08,1.443,1.475,-0.02169491525423728
2015-10-12,1.461,1.463,-0.0013670539986329056
2015-10-13,1.459,1.465,-0.004095563139931757
2015-10-14,1.451,1.488,-0.024865591397849385
2015-10-15,1.46,1.496,-0.024064171122994638
2015-10-19,1.485,1.5,-0.009999999999999898
2015-10-20,1.495,1.488,0.0047043010752689796
2015-10-21,1.488,1.517,-0.01911667765326297
2015-10-22,1.484,1.558,-0.047496790757381335
2015-10-26,1.549,1.561,-0.0076873798846892605
2015-10-27,1.542,1.574,-0.020330368487928907
2015-10-28,1.553,1.573,-0.012714558169103607
2015-10-29,1.56,1.564,-0.002557544757033292
2015-11-02,1.552,1.581,-0.01834282099936746
2015-11-03,1.575,1.582,-0.004424778761062065
2015-11-04,1.58,1.579,0.0006333122229260635
2015-11-05,1.579,1.582,-0.0018963337547408532
2015-11-09,1.583,1.564,0.012148337595907943
2015-11-10,1.563,1.563,0.0
2015-11-11,1.558,1.548,0.006459948320413522
2015-11-12,1.559,1.521,0.024983563445101886
2015-11-16,1.516,1.544,-0.0181347150259068
2015-11-17,1.552,1.574,-0.013977128335451061
2015-11-18,1.548,1.574,-0.016518424396442244
2015-11-19,1.583,1.584,-0.0006313131313131493
2015-11-23,1.587,1.581,0.00379506641366234
2015-11-24,1.586,1.582,0.0025284450063212116
2015-11-26,1.581,1.586,-0.0031525851197983235
2015-11-30,1.583,1.6,-0.010625000000000107
2015-12-01,1.582,1.589,-0.004405286343612258
2015-12-02,1.605,1.563,0.026871401151631558
2015-12-03,1.593,1.596,-0.00187969924812037
2015-12-07,1.604,1.595,0.005642633228840177
2015-12-08,1.598,1.572,0.01653944020356235
2015-12-09,1.6,1.581,0.012017710309930596
2015-12-10,1.582,1.549,0.021304067140090366
2015-12-14,1.56,1.574,-0.008894536213468918
2015-12-15,1.572,1.598,-0.016270337922403066
2015-12-16,1.585,1.579,0.0037998733375554927
2015-12-17,1.611,1.552,0.03801546391752564
2015-12-21,1.574,1.576,-0.0012690355329949554
2015-12-22,1.574,1.588,-0.008816120906801062
2015-12-23,1.578,1.587,-0.005671077504725841
2015-12-28,1.575,1.613,-0.023558586484810906
2015-12-29,1.582,1.6,-0.011249999999999982
2015-12-30,1.607,1.581,0.01644528779253629
2016-01-04,1.593,1.549,0.02840542285345382
2016-01-05,1.57,1.539,0.020142949967511425
2016-01-06,1.578,1.499,0.05270180120080048
2016-01-07,1.56,1.487,0.0490921318090114
2016-01-11,1.522,1.508,0.009283819628647327
2016-01-12,1.512,1.457,0.03774879890185301
2016-01-13,1.525,1.486,0.026244952893674345
2016-01-14,1.497,1.444,0.03670360110803328
2016-01-18,1.464,1.443,0.014553014553014387
2016-01-19,1.487,1.439,0.03335649756775538
2016-01-20,1.45,1.441,0.006245662734212232
2016-01-21,1.43,1.482,-0.03508771929824561
2016-01-25,1.487,1.473,0.00950441276306857
2016-01-26,1.431,1.434,-0.0020920502092049986
2016-01-27,1.453,1.454,-0.0006877579092158248
2016-01-28,1.438,1.487,-0.03295225285810366
2016-02-01,1.485,1.456,0.01991758241758257
2016-02-02,1.488,1.45,0.026206896551724146
2016-02-03,1.458,1.447,0.007601935038009655
2016-02-04,1.466,1.394,0.05164992826398862
2016-02-15,1.459,1.419,0.028188865398167673
2016-02-16,1.464,1.455,0.006185567010309256
2016-02-17,1.453,1.436,0.011838440111420656
2016-02-18,1.457,1.441,0.011103400416377474
2016-02-22,1.451,1.442,0.006241331484049928
2016-02-23,1.458,1.456,0.0013736263736263687
2016-02-24,1.443,1.471,-0.0190346702923182
2016-02-25,1.453,1.469,-0.010891763104152519
2016-02-29,1.463,1.505,-0.027906976744185963
2016-03-01,1.459,1.508,-0.0324933687002652
2016-03-02,1.515,1.503,0.007984031936127733
2016-03-03,1.515,1.501,0.009327115256495766
2016-03-07,1.508,1.473,0.023761031907671315
2016-03-08,1.488,1.485,0.002020202020202033
2016-03-09,1.469,1.483,-0.009440323668240103
2016-03-10,1.482,1.504,-0.0146276595744681
2016-03-14,1.505,1.509,-0.002650762094102088
2016-03-15,1.505,1.524,-0.01246719160104992
2016-03-16,1.501,1.518,-0.011198945981554798
2016-03-17,1.515,1.514,0.0006605019815058011
2016-03-21,1.51,1.531,-0.013716525146962755
2016-03-22,1.511,1.518,-0.0046113306982873414
2016-03-23,1.523,1.524,-0.0006561679790026975
2016-03-28,1.522,1.543,-0.013609850939727774
2016-03-29,1.515,1.546,-0.020051746442432128
2016-03-30,1.533,1.538,-0.0032509752925878876
2016-03-31,1.535,1.554,-0.012226512226512276
2016-04-05,1.536,1.562,-0.016645326504481472
2016-04-06,1.536,1.537,-0.0006506180871826972
2016-04-07,1.553,1.538,0.00975292587776333
2016-04-11,1.533,1.542,-0.005836575875486472
2016-04-12,1.522,1.562,-0.025608194622279146
2016-04-13,1.532,1.569,-0.02358189929891641
2016-04-14,1.549,1.565,-0.010223642172523917
2016-04-18,1.55,1.559,-0.0057729313662603365
2016-04-19,1.556,1.557,-0.0006422607578676631
2016-04-20,1.546,1.562,-0.010243277848911658
2016-04-21,1.551,1.541,0.006489292667099189
2016-04-25,1.534,1.533,0.000652315720808927
2016-04-26,1.533,1.52,0.008552631578947256
2016-04-27,1.522,1.505,0.011295681063123064
2016-04-28,1.519,1.489,0.020147750167897716
2016-05-03,1.507,1.487,0.013449899125756337
2016-05-04,1.495,1.491,0.0026827632461434714
2016-05-05,1.49,1.499,-0.006004002668445696
2016-05-09,1.503,1.525,-0.01442622950819672
2016-05-10,1.503,1.509,-0.003976143141153132
2016-05-11,1.524,1.497,0.018036072144288484
2016-05-12,1.51,1.498,0.008010680907877266
2016-05-16,1.499,1.497,0.0013360053440214514
2016-05-17,1.516,1.503,0.008649367930805063
2016-05-18,1.498,1.502,-0.0026631158455392434
2016-05-19,1.501,1.518,-0.011198945981554798
2016-05-23,1.513,1.545,-0.02071197411003234
2016-05-24,1.513,1.562,-0.03137003841229202
2016-05-25,1.54,1.562,-0.014084507042253502
2016-05-26,1.546,1.57,-0.015286624203821653
2016-05-30,1.568,1.58,-0.0075949367088608
2016-05-31,1.576,1.581,-0.003162555344718432
2016-06-01,1.577,1.58,-0.001898734177215311
2016-06-02,1.571,1.575,-0.0025396825396825085
2016-06-06,1.56,1.572,-0.007633587786259555
2016-06-07,1.566,1.574,-0.0050825921219822545
2016-06-13,1.54,1.545,-0.003236245954692518
2016-06-14,1.539,1.545,-0.003883495145631022
2016-06-15,1.55,1.544,0.0038860103626943143
2016-06-16,1.548,1.528,0.01308900523560208
2016-06-20,1.554,1.538,0.01040312093628093
2016-06-21,1.546,1.541,0.0032446463335498166
2016-06-22,1.541,1.557,-0.010276172125883165
2016-06-23,1.544,1.496,0.03208556149732633
2016-06-27,1.525,1.514,0.007265521796565366
2016-06-28,1.522,1.535,-0.008469055374592749
2016-06-29,1.525,1.554,-0.018661518661518772
2016-06-30,1.537,1.565,-0.017891373801916965
2016-07-04,1.557,1.557,0.0
2016-07-05,1.555,1.575,-0.012698412698412764
2016-07-06,1.551,1.58,-0.018354430379746933
2016-07-07,1.568,1.605,-0.023052959501557613
2016-07-11,1.597,1.624,-0.01662561576354693
2016-07-12,1.603,1.619,-0.009882643607164954
2016-07-13,1.61,1.629,-0.011663597298956385
2016-07-14,1.608,1.625,-0.010461538461538411
2016-07-18,1.619,1.634,-0.009179926560587415
2016-07-19,1.633,1.652,-0.01150121065375298
2016-07-20,1.631,1.647,-0.00971463266545236
2016-07-21,1.644,1.648,-0.0024271844660194164
2016-07-25,1.643,1.653,-0.006049606775559546
2016-07-26,1.647,1.661,-0.008428657435279985
2016-07-27,1.649,1.666,-0.010204081632652962
2016-07-28,1.656,1.667,-0.006598680263947276
2016-08-01,1.67,1.661,0.00541842263696557
2016-08-02,1.678,1.66,0.010843373493975905
2016-08-03,1.654,1.67,-0.009580838323353325
2016-08-04,1.656,1.686,-0.017793594306049876
2016-08-08,1.688,1.691,-0.0017740981667653255
2016-08-09,1.695,1.686,0.005338078291815096
2016-08-10,1.7,1.686,0.008303677342823335
2016-08-11,1.693,1.694,-0.0005903187721368885
2016-08-15,1.698,1.685,0.007715133531157159
2016-08-16,1.702,1.682,0.01189060642092743
2016-08-17,1.688,1.689,-0.000592066311426942
2016-08-18,1.692,1.686,0.003558718861210064
2016-08-22,1.691,1.699,-0.004708652148322501
2016-08-23,1.703,1.683,0.011883541295306
2016-08-24,1.707,1.685,0.013056379821958508
2016-08-25,1.695,1.685,0.005934718100890191
2016-08-29,1.694,1.691,0.0017740981667651035
2016-08-30,1.703,1.691,0.007096392667060858
2016-08-31,1.693,1.692,0.0005910165484634966
2016-09-01,1.695,1.696,-0.000589622641509413
2016-09-05,1.704,1.706,-0.0011723329425556983
2016-09-06,1.71,1.704,0.0035211267605634866
2016-09-07,1.722,1.695,0.015929203539822856
2016-09-08,1.717,1.654,0.03808948004836776
2016-09-12,1.661,1.669,-0.004793289394847244
2016-09-13,1.685,1.681,0.002379535990481907
2016-09-19,1.712,1.694,0.010625737898465104
2016-09-20,1.701,1.715,-0.008163265306122436
2016-09-21,1.701,1.722,-0.012195121951219412
2016-09-22,1.728,1.715,0.007580174927113603
2016-09-26,1.745,1.717,0.016307513104251603
2016-09-27,1.722,1.72,0.0011627906976743319
2016-09-28,1.724,1.708,0.00936768149882905
2016-09-29,1.724,1.723,0.0005803830528148257
2016-10-10,1.721,1.712,0.005257009345794428
2016-10-11,1.743,1.715,0.01632653061224487
2016-10-12,1.74,1.71,0.01754385964912286
2016-10-13,1.735,1.708,0.01580796252927419
2016-10-17,1.717,1.722,-0.0029036004645760505
2016-10-18,1.717,1.721,-0.0023242300987798004
2016-10-19,1.725,1.72,0.0029069767441860517
2016-10-20,1.733,1.733,0.0
2016-10-24,1.739,1.751,-0.00685322672758415
2016-10-25,1.762,1.739,0.01322599194939622
2016-10-26,1.751,1.731,0.011554015020219355
2016-10-27,1.738,1.723,0.00870574579222283
2016-10-31,1.734,1.707,0.01581722319859402
2016-11-01,1.738,1.688,0.029620853080568832
2016-11-02,1.719,1.671,0.02872531418312385
2016-11-03,1.702,1.665,0.022222222222222143
2016-11-07,1.727,1.723,0.002321532211259525
2016-11-08,1.723,1.731,-0.0046216060080878085
2016-11-09,1.674,1.705,-0.0181818181818183
2016-11-10,1.732,1.711,0.012273524254821755
2016-11-14,1.719,1.726,-0.004055619930474985
2016-11-15,1.703,1.738,-0.02013808975834286
2016-11-16,1.733,1.753,-0.01140901312036502
2016-11-17,1.739,1.749,-0.005717552887364197
2016-11-21,1.752,1.772,-0.011286681715575675
2016-11-22,1.778,1.768,0.005656108597285048
2016-11-24,1.782,1.78,0.0011235955056179137
2016-11-28,1.814,1.775,0.021971830985915597
2016-11-29,1.797,1.752,0.02568493150684925
2016-11-30,1.79,1.726,0.037079953650057895
2016-12-01,1.768,1.724,0.025522041763341052
2016-12-05,1.753,1.736,0.009792626728110543
2016-12-06,1.769,1.764,0.0028344671201814275
2016-12-07,1.767,1.765,0.001133144475920611
2016-12-08,1.801,1.784,0.009529147982062725
2016-12-12,1.794,1.799,-0.0027793218454696955
2016-12-13,1.794,1.796,-0.00111358574610243
2016-12-14,1.808,1.806,0.001107419712070845
2016-12-15,1.81,1.805,0.0027700831024930483
2016-12-19,1.813,1.817,-0.0022014309301046087
2016-12-20,1.816,1.816,0.0
2016-12-21,1.846,1.809,0.020453289110005546
2016-12-22,1.838,1.812,0.014348785871964642
2016-12-26,1.865,1.82,0.024725274725274637
2016-12-27,1.834,1.807,0.014941892639734444
2016-12-28,1.843,1.804,0.02161862527716174
2016-12-29,1.825,1.782,0.02413019079685741
2016-12-30,1.817,1.782,0.019640852974186274
2017-01-03,1.801,1.812,-0.006070640176600528
2017-01-04,1.812,1.816,-0.0022026431718061845
2017-01-05,1.811,1.815,-0.0022038567493113392
2017-01-09,1.823,1.839,-0.008700380641653127
2017-01-10,1.832,1.844,-0.006507592190889366
2017-01-11,1.842,1.839,0.0016313213703100793
2017-01-12,1.84,1.839,0.0005437737901032857
2017-01-16,1.845,1.836,0.004901960784313708
2017-01-17,1.836,1.827,0.0049261083743843415
2017-01-18,1.832,1.827,0.002736726874657869
2017-01-19,1.833,1.834,-0.0005452562704472141
2017-01-23,1.83,1.838,-0.0043525571273123065
2017-01-24,1.836,1.862,-0.013963480128893702
2017-01-25,1.851,1.864,-0.006974248927038684
2017-02-06,1.874,1.875,-0.0005333333333332746
2017-02-07,1.874,1.885,-0.005835543766578244
2017-02-08,1.889,1.887,0.0010598834128245915
2017-02-09,1.894,1.895,-0.0005277044854882229
2017-02-13,1.916,1.912,0.0020920502092049986
2017-02-14,1.915,1.918,-0.0015641293013555213
2017-02-15,1.929,1.917,0.006259780907668322
2017-02-16,1.938,1.921,0.008849557522123908
2017-02-20,1.937,1.938,-0.0005159958720329927
2017-02-21,1.939,1.94,-0.0005154639175257714
2017-02-22,1.965,1.93,0.0181347150259068
2017-02-23,1.963,1.932,0.016045548654244346
2017-02-27,1.947,1.93,0.00880829015544049
2017-02-28,1.955,1.952,0.0015368852459016757
2017-03-01,1.947,1.943,0.0020586721564590515
2017-03-02,1.989,1.949,0.02052334530528488
2017-03-06,2.02,1.942,0.040164778578784865
2017-03-07,1.993,1.947,0.023626091422701556
2017-03-08,1.978,1.951,0.013839056893900414
2017-03-09,1.979,1.959,0.010209290454313402
2017-03-13,2.01,1.957,0.02708226877874287
2017-03-14,2.025,1.969,0.02844083291010646
2017-03-15,2.019,1.961,0.029576746557878675
2017-03-16,2.04,1.96,0.04081632653061229
2017-03-20,2.028,1.938,0.04643962848297223
2017-03-21,2.04,1.945,0.04884318766066831
2017-03-22,1.977,1.94,0.019072164948453763
2017-03-23,1.982,1.943,0.02007205352547592
2017-03-27,1.936,1.956,-0.010224948875255602
2017-03-28,1.959,1.968,-0.004573170731707266
2017-03-29,1.99,1.971,0.00963977676306449
2017-03-30,1.992,1.972,0.010141987829614507
2017-04-05,1.99,1.965,0.012722646310432628
2017-04-06,1.969,1.965,0.0020356234096692294
2017-04-10,1.972,1.958,0.007150153217568844
2017-04-11,1.969,1.949,0.010261672652642329
2017-04-12,1.968,1.933,0.01810657009829275
2017-04-17,1.936,1.952,-0.008196721311475419
2017-04-18,1.964,1.949,0.007696254489481635
2017-04-19,1.952,1.968,-0.008130081300813052
2017-04-20,1.949,1.969,-0.01015744032503807
2017-04-24,1.984,2.007,-0.011459890383657245
2017-04-25,2.0,2.005,-0.0024937655860348684
2017-04-26,2.02,2.017,0.0014873574615765772
2017-04-27,2.006,2.022,-0.007912957467853587
2017-05-02,2.042,2.036,0.0029469548133593815
2017-05-03,2.039,2.039,0.0
2017-05-04,2.033,2.044,-0.005381604696673259
2017-05-08,2.063,2.06,0.0014563106796117165
2017-05-09,2.072,2.062,0.004849660523763344
2017-05-10,2.071,2.06,0.005339805825242738
2017-05-11,2.07,2.061,0.004366812227074135
2017-05-15,2.06,2.071,-0.005311443746982225
2017-05-16,2.073,2.015,0.028784119106699757
2017-05-17,2.064,2.03,0.016748768472906628
2017-05-18,2.02,2.045,-0.012224938875305624
2017-05-22,2.05,2.059,-0.004371053909665079
2017-05-23,2.07,2.072,-0.0009652509652510188
2017-05-24,2.069,2.087,-0.008624820316243564
2017-05-25,2.082,2.091,-0.004304160688665903
2017-05-31,2.107,2.082,0.012007684918347916
2017-06-01,2.087,2.105,-0.008551068883610347
2017-06-05,2.135,2.091,0.021042563366809874
2017-06-06,2.123,2.096,0.01288167938931295
2017-06-07,2.112,2.101,0.005235602094240788
2017-06-08,2.119,2.052,0.032651072124756375
2017-06-12,2.097,2.055,0.020437956204379493
2017-06-13,2.079,2.046,0.016129032258064724
2017-06-14,2.078,2.034,0.02163225172074723
2017-06-15,2.044,2.03,0.006896551724137945
2017-06-19,2.051,2.049,0.0009760858955589757
2017-06-20,2.079,2.072,0.0033783783783785104
2017-06-21,2.054,2.071,-0.008208594881699782
2017-06-22,2.072,2.081,-0.004324843825084024
2017-06-26,2.084,2.036,0.023575638506876162
2017-06-27,2.073,2.059,0.006799417192811852
2017-06-28,2.034,2.02,0.006930693069306937
2017-06-29,2.049,2.013,0.017883755588673722
2017-07-04,1.993,2.019,-0.012877662209014429
2017-07-05,2.0,2.001,-0.0004997501249375258
2017-07-06,2.013,2.021,-0.003958436417615063
2017-07-10,2.021,2.042,-0.010284035259549462
2017-07-11,2.026,2.064,-0.01841085271317844
2017-07-12,2.032,2.067,-0.0169327527818095
2017-07-13,2.06,2.082,-0.01056676272814594
2017-07-17,2.07,2.091,-0.010043041606886849
2017-07-18,2.073,2.099,-0.012386850881372147
2017-07-19,2.089,2.101,-0.0057115659209899805
2017-07-20,2.098,2.099,-0.00047641734159142857
2017-07-24,2.094,2.105,-0.005225653206650915
2017-07-25,2.098,2.113,-0.007098911500236671
2017-07-26,2.098,2.094,0.0019102196752627254
2017-07-27,2.116,2.093,0.01098901098901095
2017-07-31,2.077,2.082,-0.0024015369836695166
2017-08-01,2.081,2.09,-0.0043062200956937025
2017-08-02,2.098,2.083,0.0072011521843493576
2017-08-03,2.083,2.083,0.0
2017-08-07,2.087,2.094,-0.003342884431709492
2017-08-08,2.092,2.088,0.0019157088122605526
2017-08-09,2.075,2.034,0.020157325467060172
2017-08-10,2.066,2.045,0.010268948655256738
2017-08-14,2.044,2.074,-0.014464802314368308
2017-08-15,2.075,2.08,-0.0024038461538461453
2017-08-16,2.063,2.036,0.013261296660117994
2017-08-17,2.062,2.035,0.013267813267813011
2017-08-21,2.04,2.059,-0.00922778047595929
2017-08-22,2.053,2.052,0.0004873294346978696
2017-08-23,2.062,2.043,0.009300048947625816
2017-08-24,2.045,2.041,0.0019598236158746563
2017-08-28,2.039,2.046,-0.003421309872922662
2017-08-29,2.03,2.065,-0.016949152542372947
2017-08-30,2.038,2.082,-0.0211335254562921
2017-08-31,2.056,2.078,-0.010587102983637964
2017-09-04,2.056,2.042,0.006856023506366382
2017-09-05,2.055,2.047,0.0039081582804103565
2017-09-06,2.041,2.05,-0.004390243902439028
2017-09-07,2.036,2.026,0.0049358341559724295
2017-09-11,2.036,2.061,-0.012130033964095066
2017-09-12,2.048,2.068,-0.009671179883945835
2017-09-13,2.048,2.058,-0.004859086491739495
2017-09-14,2.059,2.063,-0.0019389238972370437
2017-09-18,2.058,2.067,-0.004354136429608246
2017-09-19,2.058,2.066,-0.0038722168441432947
2017-09-20,2.06,2.059,0.00048567265662935455
2017-09-21,2.058,2.058,0.0
2017-09-25,2.048,2.047,0.0004885197850512668
2017-09-26,2.033,2.07,-0.017874396135265647
2017-09-27,2.044,2.071,-0.013037180106228896
2017-09-28,2.062,2.09,-0.013397129186602852
2017-10-09,2.093,2.116,-0.010869565217391353
2017-10-10,2.092,2.109,-0.008060692271218528
2017-10-11,2.101,2.104,-0.0014258555133080941
2017-10-12,2.104,2.113,-0.004259346900141958
2017-10-16,2.112,2.124,-0.005649717514124353
2017-10-17,2.122,2.125,-0.0014117647058824456
2017-10-18,2.119,2.12,-0.0004716981132074638
2017-10-19,2.123,2.126,-0.0014111006585134644
2017-10-23,2.128,2.121,0.0033003300330034513
2017-10-24,2.119,2.114,0.0023651844843899372
2017-10-25,2.123,2.106,0.008072174738841476
2017-10-26,2.113,2.171,-0.026715799170888954
2017-10-30,2.168,2.181,-0.0059605685465382585
2017-10-31,2.172,2.178,-0.0027548209366390353
2017-11-01,2.183,2.169,0.006454587367450415
2017-11-02,2.176,2.186,-0.0045745654162853144
2017-11-06,2.186,2.199,-0.005911778080945784
2017-11-07,2.191,2.209,-0.008148483476686397
2017-11-08,2.195,2.2,-0.002272727272727426
2017-11-09,2.202,2.198,0.0018198362147405778
2017-11-13,2.197,2.196,0.0004553734061929493
2017-11-14,2.2,2.181,0.008711600183402224
2017-11-15,2.185,2.211,-0.011759384893713198
2017-11-16,2.177,2.202,-0.011353315168029066
2017-11-20,2.194,2.227,-0.014818140996856743
2017-11-21,2.198,2.227,-0.01302200269420739
2017-11-23,2.208,2.219,-0.004957187922487449
2017-11-27,2.219,2.228,-0.004039497307001927
2017-11-28,2.224,2.193,0.014135886912904683
2017-11-29,2.246,2.212,0.015370705244122984
2017-11-30,2.214,2.203,0.004993191103041417
2017-12-04,2.262,2.18,0.03761467889908254
2017-12-05,2.2,2.191,0.004107713372889288
2017-12-06,2.175,2.2,-0.011363636363636576
2017-12-07,2.19,2.211,-0.009497964721845276
2017-12-11,2.22,2.223,-0.0013495276653170407
2017-12-12,2.235,2.229,0.0026917900403766737
2017-12-13,2.237,2.221,0.007203962179198609
2017-12-14,2.243,2.25,-0.0031111111111111756
2017-12-18,2.266,2.255,0.004878048780487809
2017-12-19,2.28,2.251,0.012883163038649448
2017-12-20,2.276,2.243,0.01471243869817207
2017-12-21,2.262,2.241,0.009370816599732157
2017-12-25,2.262,2.216,0.02075812274368216
2017-12-26,2.261,2.217,0.019846639603067207
2017-12-27,2.234,2.218,0.007213706041478751
2017-12-28,2.227,2.201,0.01181281235801901
2018-01-02,2.218,2.246,-0.012466607301869992
2018-01-03,2.248,2.253,-0.002219263204616073
2018-01-04,2.256,2.272,-0.007042253521126751
2018-01-08,2.268,2.281,-0.005699254712845381
2018-01-09,2.274,2.284,-0.004378283712784481
2018-01-10,2.285,2.298,-0.0056570931244560585
2018-01-11,2.283,2.307,-0.01040312093628093
2018-01-15,2.309,2.28,0.01271929824561413
2018-01-16,2.306,2.304,0.0008680555555555802
2018-01-17,2.293,2.307,-0.006068487212830376
2018-01-18,2.313,2.307,0.002600780234070399
2018-01-22,2.3,2.345,-0.019189765458422325
2018-01-23,2.326,2.327,-0.00042973785990541025
2018-01-24,2.344,2.318,0.011216566005176842
2018-01-25,2.324,2.344,-0.008532423208191142
2018-01-29,2.344,2.308,0.015597920277296451
2018-01-30,2.32,2.316,0.0017271157167531026
2018-01-31,2.309,2.29,0.008296943231441034
2018-02-01,2.305,2.237,0.030397854269110347
2018-02-05,2.227,2.213,0.006326253953908623
2018-02-06,2.095,2.179,-0.03854979348324905
2018-02-07,2.164,2.085,0.037889688249400644
2018-02-08,2.169,2.133,0.016877637130801704
2018-02-12,2.131,2.181,-0.022925263640531934
2018-02-13,2.164,2.229,-0.02916105877074915
2018-02-22,2.232,2.307,-0.032509752925877655
2018-02-26,2.292,2.295,-0.0013071895424836555
2018-02-27,2.32,2.285,0.015317286652078543
2018-02-28,2.286,2.251,0.015548645046645992
2018-03-01,2.288,2.271,0.007485689123734041
2018-03-05,2.268,2.308,-0.017331022530329254
2018-03-06,2.298,2.31,-0.0051948051948051965
2018-03-07,2.284,2.321,-0.01594140456699711
2018-03-08,2.302,2.375,-0.030736842105263174
2018-03-12,2.368,2.347,0.008947592671495475
2018-03-13,2.368,2.344,0.010238907849829282
2018-03-14,2.338,2.339,-0.00042753313381782565
2018-03-15,2.337,2.342,-0.002134927412467902
2018-03-19,2.333,2.292,0.01788830715532308
2018-03-20,2.293,2.286,0.0030621172353455517
2018-03-21,2.294,2.22,0.033333333333333215
2018-03-22,2.288,2.166,0.05632502308402576
2018-03-26,2.187,2.157,0.013908205841446364
2018-03-27,2.27,2.135,0.06323185011709609
2018-03-28,2.185,2.183,0.000916170407695871
2018-04-02,2.177,2.135,0.019672131147541183
2018-04-03,2.126,2.172,-0.02117863720073676
2018-04-09,2.143,2.196,-0.024134790528233308
2018-04-10,2.186,2.179,0.0032124827902708653
2018-04-11,2.185,2.2,-0.006818181818181834
2018-04-12,2.181,2.192,-0.0050182481751824826
2018-04-16,2.189,2.249,-0.02667852378835045
2018-04-17,2.208,2.257,-0.021710234824988905
2018-04-18,2.247,2.239,0.003573023671281872
2018-04-19,2.249,2.205,0.01995464852607709
2018-04-23,2.202,2.163,0.018030513176144236
2018-04-24,2.215,2.16,0.0254629629629628
2018-04-25,2.171,2.213,-0.018978761861726312
2018-04-26,2.171,2.218,-0.02119026149684411
2018-05-02,2.231,2.224,0.003147482014388414
2018-05-03,2.221,2.26,-0.01725663716814141
2018-05-07,2.27,2.279,-0.003949100482667833
2018-05-08,2.274,2.307,-0.014304291287386195
2018-05-09,2.272,2.332,-0.02572898799313894
2018-05-10,2.304,2.322,-0.007751937984496249
2018-05-14,2.315,2.299,0.006959547629404206
2018-05-15,2.311,2.323,-0.005165733964700769
2018-05-16,2.289,2.312,-0.009948096885812996
2018-05-17,2.309,2.304,0.0021701388888890616
2018-05-21,2.324,2.313,0.0047557284911368125
2018-05-22,2.316,2.331,-0.006435006435006496
2018-05-23,2.298,2.33,-0.01373390557939913
2018-05-24,2.323,2.335,-0.005139186295503251
2018-05-28,2.337,2.329,0.003434950622584809
2018-05-29,2.335,2.352,-0.007227891156462496
2018-05-30,2.319,2.347,-0.011930123561994077
2018-05-31,2.35,2.382,-0.013434089000839644
2018-06-04,2.384,2.413,-0.012018234562784835
2018-06-05,2.414,2.424,-0.004125412541254092
2018-06-06,2.42,2.4,0.008333333333333304
2018-06-07,2.439,2.404,0.01455906821963393
2018-06-11,2.431,2.428,0.0012355848434926209
2018-06-12,2.438,2.427,0.00453234445817885
2018-06-13,2.451,2.447,0.001634654679198988
2018-06-14,2.436,2.452,-0.006525285481239762
2018-06-19,2.442,2.47,-0.011336032388663986
2018-06-20,2.458,2.453,0.0020383204239708963
2018-06-21,2.505,2.451,0.022031823745410017
2018-06-25,2.471,2.421,0.02065262288310632
2018-06-26,2.431,2.4,0.012916666666666687
2018-06-27,2.413,2.434,-0.008627773212818601
2018-06-28,2.396,2.445,-0.020040899795500944
2018-06-29,2.449,2.445,0.0016359918200408163
2018-07-02,2.437,2.448,-0.004493464052287677
2018-07-04,2.459,2.467,-0.0032428050263477726
2018-07-05,2.46,2.511,-0.020310633213859064
2018-07-09,2.574,2.533,0.0161863403079352
2018-07-10,2.604,2.518,0.03415409054805418
2018-07-11,2.554,2.578,-0.009309542280837912
2018-07-12,2.578,2.581,-0.0011623401782255849
2018-07-16,2.584,2.594,-0.0038550501156514594
2018-07-17,2.559,2.591,-0.012350443844075687
2018-07-18,2.595,2.584,0.004256965944272384
2018-07-19,2.607,2.605,0.0007677543186181968
2018-07-23,2.602,2.634,-0.012148823082763882
2018-07-24,2.641,2.674,-0.012341062079281984
2018-07-25,2.65,2.627,0.00875523410734691
2018-07-26,2.656,2.598,0.02232486528098554
2018-07-30,2.646,2.586,0.023201856148491906
2018-07-31,2.584,2.604,-0.007680491551459334
2018-08-01,2.617,2.625,-0.0030476190476190768
2018-08-02,2.623,2.649,-0.009815024537561223
2018-08-06,2.768,2.678,0.03360716952949949
2018-08-07,2.754,2.674,0.029917726252804755
2018-08-08,2.71,2.673,0.013842124953236112
2018-08-09,2.673,2.658,0.0056433408577878375
2018-08-13,2.66,2.681,-0.007832898172323688
2018-08-14,2.679,2.654,0.009419743782969059
2018-08-15,2.71,2.664,0.017267267267267128
2018-08-16,2.662,2.663,-0.00037551633496057946
2018-08-20,2.655,2.651,0.0015088645794039124
2018-08-21,2.638,2.658,-0.007524454477050413
2018-08-22,2.636,2.658,-0.008276899924755332
2018-08-23,2.665,2.697,-0.011865035224323361
2018-08-27,2.678,2.702,-0.0088823094004441
2018-08-28,2.705,2.735,-0.010968921389396646
2018-08-29,2.708,2.73,-0.00805860805860803
2018-08-30,2.748,2.74,0.0029197080291971655
2018-09-03,2.742,2.726,0.005869405722670695
2018-09-04,2.754,2.693,0.022651318232454587
2018-09-05,2.728,2.666,0.023255813953488413
2018-09-06,2.684,2.658,0.009781790820165615
2018-09-10,2.68,2.696,-0.005934718100890191
2018-09-11,2.693,2.691,0.0007432181345226052
2018-09-12,2.722,2.715,0.0025782688766113893
2018-09-13,2.695,2.705,-0.003696857670979714
2018-09-17,2.709,2.694,0.005567928730512373
2018-09-18,2.673,2.693,-0.0074266617155588355
2018-09-19,2.696,2.721,-0.009187798603454533
2018-09-20,2.691,2.699,-0.002964060763245624
2018-09-25,2.709,2.719,-0.0036778227289443466
2018-09-26,2.726,2.746,-0.007283321194464731
2018-09-27,2.721,2.751,-0.010905125408942173
2018-10-08,2.677,2.668,0.0033733133433282436
2018-10-09,2.675,2.55,0.0490196078431373
2018-10-10,2.685,2.524,0.06378763866877968
2018-10-11,2.51,2.592,-0.03163580246913589
2018-10-15,2.555,2.637,-0.031095942358740913
2018-10-16,2.559,2.636,-0.029210925644916563
2018-10-17,2.647,2.583,0.024777390631049112
2018-10-18,2.619,2.583,0.013937282229965264
2018-10-22,2.587,2.584,0.0011609907120744278
2018-10-23,2.544,2.467,0.03121199837859745
2018-10-24,2.56,2.547,0.005104043973301886
2018-10-25,2.477,2.493,-0.006417970316887289
2018-10-29,2.483,2.478,0.0020177562550443007
2018-10-30,2.449,2.538,-0.03506698187549251
2018-10-31,2.486,2.578,-0.03568657874321168
2018-11-01,2.514,2.53,-0.006324110671936722
2018-11-05,2.505,2.527,-0.00870597546497831
2018-11-06,2.499,2.603,-0.03995389934690741
2018-11-07,2.528,2.591,-0.02431493631802395
2018-11-08,2.588,2.554,0.013312451057165386
2018-11-12,2.568,2.49,0.031325301204819134
2018-11-13,2.491,2.46,0.012601626016260248
2018-11-14,2.483,2.504,-0.008386581469648546
2018-11-15,2.464,2.493,-0.011632571199358122
2018-11-19,2.484,2.368,0.048986486486486625
2018-11-20,2.396,2.391,0.002091175240485077
2018-11-22,2.377,2.368,0.0038006756756756577
2018-11-26,2.382,2.436,-0.02216748768472898
2018-11-27,2.41,2.515,-0.041749502982107334
2018-11-28,2.435,2.502,-0.02677857713828924
2018-11-29,2.483,2.522,-0.01546391752577303
2018-12-03,2.558,2.453,0.042804728903383715
2018-12-05,2.444,2.456,-0.004885993485342022
2018-12-06,2.404,2.378,0.010933557611437994
2018-12-10,2.368,2.422,-0.022295623451692892
2018-12-11,2.399,2.446,-0.019215044971381934
2018-12-12,2.429,2.437,-0.003282724661469061
2018-12-13,2.443,2.375,0.02863157894736834
2018-12-17,2.387,2.342,0.019214346712211672
2018-12-18,2.337,2.29,0.020524017467248967
2018-12-19,2.336,2.258,0.03454384410983158
2018-12-20,2.272,2.184,0.04029304029304015
2018-12-25,2.123,2.261,-0.06103494029190615
2018-12-26,2.12,2.272,-0.06690140845070414
2018-12-27,2.236,2.261,-0.011057054400707589
2019-01-02,2.233,2.21,0.010407239819004488
2019-01-03,2.225,2.305,-0.03470715835141003
2019-01-07,2.296,2.343,-0.02005975245411873
2019-01-08,2.328,2.364,-0.015228426395939132
2019-01-09,2.341,2.358,-0.007209499575911771
2019-01-10,2.322,2.342,-0.00853970964987194
2019-01-14,2.302,2.353,-0.021674458138546626
2019-01-15,2.322,2.355,-0.014012738853503182
2019-01-16,2.351,2.372,-0.00885328836424959
2019-01-17,2.334,2.398,-0.026688907422852348
2019-01-21,2.392,2.356,0.015280135823429575
2019-01-22,2.379,2.363,0.0067710537452390085
2019-01-23,2.353,2.373,-0.008428150021070335
2019-01-24,2.355,2.408,-0.02200996677740863
2019-01-28,2.37,2.333,0.015859408486926574
2019-01-29,2.345,2.395,-0.02087682672233815
2019-01-30,2.339,2.418,-0.032671629445823025
2019-01-31,2.395,2.409,-0.00581154005811535
2019-02-11,2.439,2.483,-0.017720499395892042
2019-02-12,2.459,2.48,-0.00846774193548383
2019-02-13,2.488,2.486,0.0008045052292839916
2019-02-14,2.48,2.493,-0.005214600882470832
2019-02-18,2.491,2.497,-0.00240288346015205
2019-02-19,2.493,2.494,-0.00040096230954300704
2019-02-20,2.475,2.472,0.0012135922330096527
2019-02-21,2.476,2.488,-0.004823151125401881
2019-02-25,2.476,2.492,-0.006420545746388395
2019-02-26,2.462,2.486,-0.0096540627514079
2019-02-27,2.465,2.481,-0.00644901249496177
2019-02-28,2.461,2.502,-0.016386890487609884
2019-03-04,2.501,2.504,-0.0011980830670926812
2019-03-05,2.486,2.491,-0.0020072260136491105
2019-03-06,2.491,2.463,0.01136825010150222
2019-03-07,2.471,2.464,0.0028409090909091717
2019-03-11,2.458,2.525,-0.026534653465346447
2019-03-12,2.508,2.544,-0.014150943396226467
2019-03-13,2.509,2.535,-0.010256410256410331
2019-03-14,2.535,2.564,-0.011310452418096695
2019-03-18,2.558,2.574,-0.006216006216006265
2019-03-19,2.565,2.586,-0.008120649651972123
2019-03-20,2.563,2.615,-0.0198852772466539
2019-03-21,2.564,2.561,0.0011714174150723178
2019-03-25,2.538,2.573,-0.013602798289933937
2019-03-26,2.558,2.562,-0.0015612802498048417
2019-03-27,2.576,2.571,0.001944768572539779
2019-03-28,2.548,2.594,-0.017733230531996824
2019-04-01,2.604,2.629,-0.009509319132750105
2019-04-02,2.613,2.647,-0.012844729882886208
2019-04-03,2.633,2.64,-0.0026515151515151825
2019-04-08,2.645,2.653,-0.0030154542027892584
2019-04-09,2.648,2.666,-0.006751687921980443
2019-04-10,2.645,2.659,-0.005265137269650166
2019-04-11,2.659,2.678,-0.0070948469006721915
2019-04-15,2.662,2.682,-0.007457121551081247
2019-04-16,2.677,2.691,-0.005202526941657348
2019-04-17,2.679,2.687,-0.0029772981019724476
2019-04-18,2.67,2.692,-0.008172362555720736
2019-04-22,2.679,2.735,-0.020475319926873903
2019-04-23,2.699,2.732,-0.012079062957540354
2019-04-24,2.741,2.745,-0.0014571948998178819
2019-04-25,2.76,2.749,0.004001455074572391
2019-04-29,2.814,2.733,0.029637760702524663
2019-05-06,2.727,2.698,0.010748702742772398
2019-05-07,2.757,2.69,0.02490706319702607
2019-05-08,2.704,2.68,0.008955223880596996
2019-05-09,2.686,2.692,-0.0022288261515602814
2019-05-13,2.679,2.639,0.015157256536566965
2019-05-14,2.624,2.686,-0.023082650781831693
2019-05-15,2.658,2.714,-0.020633750921149607
2019-05-16,2.678,2.692,-0.005200594353640509
2019-05-20,2.696,2.677,0.007097497198356395
2019-05-21,2.67,2.666,0.0015003750937734317
2019-05-22,2.664,2.626,0.0144706778370145
2019-05-23,2.639,2.624,0.005716463414634054
2019-05-27,2.618,2.615,0.0011472275334607485
2019-05-28,2.624,2.593,0.011955264172772928
2019-05-29,2.598,2.604,-0.0023041474654378336
2019-05-30,2.596,2.562,0.013270882123341154
2019-06-03,2.538,2.567,-0.011297234125438371
2019-06-04,2.503,2.589,-0.03321745847817681
2019-06-05,2.573,2.611,-0.014553810800459699
2019-06-10,2.67,2.695,-0.009276437847866359
2019-06-11,2.695,2.68,0.005597014925373012
2019-06-12,2.674,2.695,-0.007792207792207795
2019-06-13,2.667,2.683,-0.005963473723443857
2019-06-17,2.684,2.739,-0.02008032128514048
2019-06-18,2.698,2.749,-0.018552200800291074
2019-06-19,2.73,2.771,-0.014796102490075791
2019-06-20,2.757,2.754,0.0010893246187364536
2019-06-24,2.757,2.709,0.017718715393133966
2019-06-25,2.734,2.726,0.0029347028613353476
2019-06-26,2.702,2.74,-0.013868613138686259
2019-06-27,2.727,2.743,-0.005833029529711986
2019-07-01,2.774,2.78,-0.0021582733812949284
2019-07-02,2.762,2.806,-0.015680684248039922
2019-07-03,2.777,2.809,-0.011391954432182327
2019-07-04,2.792,2.802,-0.0035688793718773315
2019-07-08,2.777,2.803,-0.009275775954334597
2019-07-09,2.756,2.83,-0.02614840989399303
2019-07-10,2.787,2.821,-0.012052463665366941
2019-07-11,2.822,2.836,-0.0049365303244004455
2019-07-15,2.84,2.832,0.0028248587570620654
2019-07-16,2.849,2.823,0.00921006021962456
2019-07-17,2.834,2.826,0.002830856334041121
2019-07-18,2.802,2.796,0.0021459227467812703
2019-07-22,2.804,2.846,-0.014757554462403455
2019-07-23,2.835,2.867,-0.011161492849668608
2019-07-24,2.847,2.834,0.004587155963302614
2019-07-25,2.87,2.866,0.0013956734124214165
2019-07-29,2.866,2.846,0.007027406886858767
2019-07-30,2.861,2.808,0.018874643874644104
2019-07-31,2.854,2.794,0.021474588403722183
2019-08-01,2.813,2.758,0.019941986947063173
2019-08-05,2.789,2.722,0.024614254224834653
2019-08-06,2.734,2.745,-0.004007285974499175
2019-08-07,2.754,2.81,-0.01992882562277587
2019-08-08,2.784,2.786,-0.000717875089734421
2019-08-12,2.823,2.823,0.0
2019-08-13,2.775,2.736,0.014254385964912242
2019-08-14,2.827,2.733,0.034394438346139644
2019-08-15,2.764,2.778,-0.005039596832253523
2019-08-19,2.808,2.805,0.0010695187165774556
2019-08-20,2.823,2.83,-0.002473498233215632
2019-08-21,2.809,2.822,-0.004606661941885193
2019-08-22,2.828,2.737,0.03324808184143224
2019-08-26,2.777,2.782,-0.0017972681524083267
2019-08-27,2.807,2.791,0.005732712289501896
2019-08-28,2.804,2.834,-0.010585744530698715
2019-08-29,2.798,2.831,-0.011656658424584965
2019-09-02,2.835,2.801,0.012138521956444048
2019-09-03,2.829,2.841,-0.004223864836325197
2019-09-04,2.847,2.892,-0.01556016597510368
2019-09-05,2.866,2.889,-0.007961232260297546
2019-09-09,2.903,2.874,0.010090466249130126
2019-09-10,2.876,2.901,-0.008617718028266053
2019-09-11,2.875,2.912,-0.012706043956043911
2019-09-16,2.871,2.897,-0.00897480151881247
2019-09-17,2.874,2.897,-0.00793924749741104
2019-09-18,2.89,2.901,-0.0037917959324369477
2019-09-19,2.888,2.872,0.0055710306406684396
2019-09-23,2.883,2.831,0.01836806782055822
2019-09-24,2.88,2.865,0.005235602094240788
2019-09-25,2.838,2.853,-0.005257623554153601
2019-09-26,2.859,2.821,0.013470400567174634
2019-10-08,2.847,2.824,0.008144475920679906
2019-10-09,2.806,2.842,-0.012667135819845243
2019-10-10,2.819,2.88,-0.021180555555555536
2019-10-14,2.868,2.915,-0.016123499142367104
2019-10-15,2.879,2.909,-0.010312822275696076
2019-10-16,2.904,2.918,-0.004797806716929531
2019-10-17,2.903,2.887,0.00554208520956001
2019-10-21,2.882,2.887,-0.001731901627987531
2019-10-22,2.907,2.897,0.0034518467380049156
2019-10-23,2.872,2.923,-0.01744782757440988
2019-10-24,2.888,2.948,-0.020352781546811416
2019-10-28,2.932,2.949,-0.005764665988470585
2019-10-29,2.953,2.961,-0.002701789935832477
2019-10-30,2.934,2.96,-0.00878378378378375
2019-10-31,2.95,2.984,-0.011394101876675555
2019-11-04,2.977,2.999,-0.007335778592864384
2019-11-05,2.992,2.982,0.0033534540576793948
2019-11-06,2.974,2.988,-0.004685408299866078
2019-11-07,2.97,2.999,-0.009669889963321077
2019-11-11,2.978,3.004,-0.008655126498002597
2019-11-12,2.993,3.004,-0.003661784287616543
2019-11-13,2.994,3.006,-0.003992015968063756
2019-11-14,3.001,3.027,-0.008589362405021506
2019-11-18,3.028,3.032,-0.0013192612137202797
2019-11-19,3.044,3.017,0.008949287371561088
2019-11-20,3.03,3.015,0.004975124378109319
2019-11-21,3.017,3.021,-0.001324064879179132
2019-11-25,3.042,3.064,-0.007180156657963566
2019-11-26,3.09,3.086,0.0012961762799741372
2019-11-27,3.081,3.083,-0.0006487187804087302
2019-11-28,3.099,3.069,0.009775171065493637
2019-12-02,3.12,3.01,0.036544850498339
2019-12-03,3.084,3.032,0.01715039577836408
2019-12-04,3.047,3.043,0.0013144922773578038
2019-12-05,3.061,3.069,-0.0026067122841316737
2019-12-09,3.086,3.054,0.010478061558611751
2019-12-10,3.069,3.071,-0.0006512536633018762
2019-12-11,3.064,3.089,-0.00809323405632889
2019-12-12,3.086,3.093,-0.002263174911089627
2019-12-16,3.129,3.116,0.004172015404364515
2019-12-17,3.161,3.118,0.013790891597177835
2019-12-18,3.132,3.142,-0.003182686187141903
2019-12-19,3.121,3.156,-0.011089987325728856
2019-12-23,3.17,3.168,0.0006313131313131493
2019-12-24,3.185,3.166,0.006001263423878855
2019-12-25,3.168,3.184,-0.005025125628140725
2019-12-26,3.189,3.185,0.0012558869701726483
2019-12-30,3.21,3.166,0.013897662665824484
2020-01-02,3.24,3.185,0.017268445839874413
2020-01-06,3.212,3.204,0.0024968789013732895
2020-01-07,3.257,3.218,0.01211932877563715
2020-01-08,3.219,3.247,-0.008623344625808493
2020-01-09,3.29,3.232,0.017945544554455406
2020-01-13,3.359,3.239,0.03704847175054038
2020-01-14,3.401,3.235,0.05131375579598152
2020-01-15,3.41,3.265,0.04441041347626351
2020-01-16,3.441,3.285,0.0474885844748858
2020-01-20,3.424,3.271,0.04677468664017126
2020-01-21,3.397,3.29,0.032522796352583594
2020-01-22,3.436,3.302,0.04058146577831612
2020-02-03,3.303,3.38,-0.022781065088757435
2020-02-04,3.422,3.394,0.008249852681202041
2020-02-05,3.57,3.43,0.04081632653061207
2020-02-06,3.682,3.405,0.08135095447870788
2020-02-10,3.732,3.453,0.08079930495221554
2020-02-11,3.871,3.48,0.1123563218390804
2020-02-12,3.971,3.477,0.1420765027322406
2020-02-13,4.197,3.489,0.20292347377472053
2020-02-17,3.976,3.49,0.13925501432664755
2020-02-18,3.837,3.532,0.08635334088335234
2020-02-19,3.799,3.499,0.08573878250928835
2020-02-20,3.82,3.442,0.10981987216734446
2020-02-24,3.558,3.22,0.10496894409937885
2020-02-25,3.686,3.228,0.1418835192069392
2020-02-26,3.619,3.071,0.17844350374470852
2020-02-27,3.57,3.075,0.16097560975609748
2020-03-02,3.541,3.096,0.14373385012919893
2020-03-03,3.565,3.223,0.10611231771641338
2020-03-04,3.567,3.119,0.1436357806989419
2020-03-05,3.571,3.065,0.16508972267536715
2020-03-09,3.258,3.007,0.08347189890256068
2020-03-10,3.413,2.889,0.18137763932156448
2020-03-11,3.294,2.628,0.2534246575342465
2020-03-12,3.176,2.903,0.09404064760592501
2020-03-16,3.015,2.71,0.11254612546125475
2020-03-17,3.081,2.615,0.17820267686424462
2020-03-18,2.998,2.661,0.12664411875234882
2020-03-19,3.061,2.574,0.1891996891996892
2020-03-23,3.019,2.769,0.09028530155290726
2020-03-24,3.181,2.729,0.1656284353242945
2020-03-25,3.302,2.878,0.14732453092425302
2020-03-26,3.22,2.759,0.16708952519028641
2020-03-30,3.094,2.856,0.08333333333333326
2020-03-31,3.099,2.733,0.13391877058177837
2020-04-01,3.066,2.796,0.09656652360515028
2020-04-02,3.123,2.761,0.13111191597247385
2020-04-07,3.175,2.992,0.06116310160427796
2020-04-08,3.156,2.997,0.05305305305305308
2020-04-09,3.168,2.99,0.059531772575250885
2020-04-13,3.095,3.158,-0.019949335022165893
2020-04-14,3.165,3.121,0.014098045498237788
2020-04-15,3.237,3.195,0.013145539906103343
2020-04-16,3.262,3.221,0.012728966159577748
2020-04-20,3.375,3.066,0.10078277886497067
2020-04-21,3.348,3.167,0.057151878749605256
2020-04-22,3.423,3.158,0.0839138695376822
2020-04-23,3.465,3.207,0.08044901777362012
2020-04-27,3.567,3.162,0.12808349146110065
2020-04-28,3.656,3.273,0.11701802627558822
2020-04-29,3.722,3.275,0.13648854961832058
2020-05-06,3.748,3.328,0.12620192307692313
2020-05-07,3.764,3.365,0.11857355126300129
2020-05-11,3.726,3.331,0.11858300810567401
2020-05-12,3.656,3.288,0.1119221411192215
2020-05-13,3.644,3.326,0.09561034275405889
2020-05-14,3.586,3.347,0.0714072303555422
2020-05-18,3.651,3.399,0.07413945278022949
2020-05-19,3.748,3.47,0.08011527377521621
2020-05-20,3.721,3.427,0.08578932010504814
2020-05-21,3.72,3.444,0.08013937282229966
2020-05-25,3.713,3.451,0.07592002318168656
2020-05-26,3.797,3.46,0.09739884393063591
2020-05-27,3.772,3.459,0.0904885805145994
2020-05-28,3.757,3.511,0.07006550840216463
2020-06-01,3.744,3.541,0.05732843829426715
2020-06-02,3.738,3.553,0.05206867435969609
2020-06-03,3.771,3.524,0.0700908059023837
2020-06-04,3.793,3.592,0.05595768374164822
2020-06-08,3.796,3.633,0.04486650151390026
2020-06-09,3.802,3.678,0.033713974986405715
2020-06-10,3.788,3.49,0.08538681948424065
2020-06-11,3.786,3.529,0.07282516293567576
2020-06-15,3.665,3.627,0.010476978218913802
2020-06-16,3.806,3.645,0.04417009602194799
2020-06-17,3.82,3.656,0.0448577680525164
2020-06-18,3.794,3.656,0.037746170678336854
2020-06-22,3.786,3.717,0.018563357546408366
2020-06-23,3.819,3.636,0.0503300330033003
2020-06-29,3.76,3.703,0.015392924655684537
2020-06-30,3.77,3.743,0.007213465134918495
2020-07-01,3.786,3.758,0.007450771687067537
2020-07-02,3.803,3.762,0.010898458266879407
2020-07-06,3.828,3.811,0.004460771451062717
2020-07-07,3.839,3.857,-0.004666839512574628
2020-07-08,3.821,3.883,-0.015967035797064044
2020-07-09,3.839,3.904,-0.016649590163934413
2020-07-13,3.925,3.854,0.01842241826673585
2020-07-14,3.872,3.857,0.003889032927145264
2020-07-15,3.882,3.826,0.01463669628855202
2020-07-16,3.82,3.84,-0.00520833333333337
2020-07-20,3.849,3.899,-0.012823800974608779
2020-07-21,3.983,3.904,0.020235655737705027
2020-07-22,3.944,3.81,0.035170603674540724
2020-07-23,3.956,3.776,0.04766949152542388
2020-07-27,3.849,3.791,0.015299393299921027
2020-07-28,3.877,3.841,0.009372559229367194
2020-07-29,3.864,3.857,0.001814882032667775
2020-07-30,3.859,3.923,-0.016314045373438724
2020-08-03,3.918,3.989,-0.017798947104537444
2020-08-04,3.973,3.996,-0.00575575575575582
2020-08-05,3.967,4.03,-0.01563275434243183
2020-08-06,3.958,3.983,-0.0062766758724579486
2020-08-10,3.994,3.906,0.02252944188428052
2020-08-11,3.992,4.0,-0.0020000000000000018
2020-08-12,3.981,3.998,-0.004252126063031603
2020-08-13,4.065,3.992,0.018286573146292673
2020-08-17,4.063,4.072,-0.0022102161100197026
2020-08-18,4.059,4.035,0.005947955390334547
2020-08-19,4.111,4.097,0.0034171344886499977
2020-08-20,4.106,4.115,-0.0021871202916161625
2020-08-24,4.391,4.179,0.05072983967456324
2020-08-25,4.591,4.262,0.07719380572501189
2020-08-26,4.503,4.235,0.06328217237308142
2020-08-27,4.697,4.259,0.10284104249823889
2020-08-31,5.058,4.339,0.1657063839594375
2020-09-01,4.99,4.377,0.14005026273703458
2020-09-02,5.193,4.145,0.25283474065138734
2020-09-03,5.305,4.095,0.29548229548229554
2020-09-07,4.484,3.902,0.14915427985648377
2020-09-08,4.724,4.018,0.1757093081134895
2020-09-09,4.482,3.93,0.1404580152671755
2020-09-10,4.609,3.909,0.1790739319519059
2020-09-14,4.654,4.022,0.15713575335653895
2020-09-15,4.811,3.932,0.2235503560528993
2020-09-16,4.802,3.865,0.2424320827943076
2020-09-17,4.604,3.81,0.20839895013123355
2020-09-21,4.667,3.912,0.1929959100204499
2020-09-22,4.593,3.795,0.21027667984189735
2020-09-23,4.655,3.82,0.21858638743455505
2020-09-24,4.481,3.914,0.14486458865610619
2020-09-28,4.52,3.977,0.13653507669097298
2020-09-29,4.546,4.006,0.13479780329505742
2020-10-12,4.673,4.188,0.11580706781279848
2020-10-13,4.722,4.165,0.13373349339735907
2020-10-14,4.707,4.129,0.13998546863647388
2020-10-15,4.586,4.109,0.11608663908493555
2020-10-19,4.636,4.025,0.15180124223602487
2020-10-20,4.605,4.012,0.14780658025922255
2020-10-21,4.604,3.997,0.15186389792344257
2020-10-22,4.556,4.016,0.1344621513944224
2020-10-26,4.429,4.001,0.10697325668582858
2020-10-27,4.402,3.854,0.14218993253762324
2020-10-28,4.364,3.93,0.11043256997455453
2020-10-29,4.312,3.826,0.1270256142185051
2020-11-02,4.253,3.887,0.09416002058142525
2020-11-03,4.42,4.047,0.09216703731158882
2020-11-04,4.635,4.159,0.11445058908391448
2020-11-05,4.65,4.127,0.12672643566755526
2020-11-09,4.602,3.944,0.1668356997971603
2020-11-10,4.469,4.045,0.10482076637824478
2020-11-11,4.407,4.032,0.09300595238095233
2020-11-12,4.419,4.073,0.08494966854898078
2020-11-16,4.4,4.056,0.08481262327416172
2020-11-17,4.324,4.019,0.0758895247574023
2020-11-18,4.284,4.043,0.0596092010883007
2020-11-19,4.276,4.034,0.05999008428358943
2020-11-23,4.271,4.092,0.04374389051808403
2020-11-24,4.281,4.114,0.040593096742829404
2020-11-25,4.312,4.115,0.04787363304981773
2020-11-26,4.325,4.15,0.04216867469879504
2020-11-30,4.317,4.226,0.02153336488405122
2020-12-01,4.364,4.207,0.03731875445685762
2020-12-02,4.394,4.21,0.04370546318289792
2020-12-03,4.371,4.225,0.03455621301775169
2020-12-07,4.299,4.249,0.01176747469992967
2020-12-08,4.293,4.157,0.03271590089006504
2020-12-09,4.29,4.18,0.026315789473684292
2020-12-10,4.22,4.167,0.012718982481401575
2020-12-14,4.204,4.243,-0.009191609710110904
2020-12-15,4.212,4.262,-0.011731581417175008
2020-12-16,4.281,4.29,-0.002097902097902171
2020-12-17,4.283,4.282,0.00023353573096684954
2020-12-21,4.341,4.281,0.014015416958654603
2020-12-22,4.299,4.269,0.007027406886858767
2020-12-23,4.315,4.276,0.009120673526660461
2020-12-24,4.298,4.274,0.005615348619560034
2020-12-28,4.346,4.327,0.004391033048301463
2020-12-29,4.383,4.319,0.014818244964112104
2020-12-30,4.382,4.329,0.012243012243012164
2021-01-04,4.333,4.268,0.01522961574507975
2021-01-05,4.275,4.198,0.01834206765126245
2021-01-06,4.256,4.303,-0.010922612131071263
2021-01-07,4.243,4.364,-0.027726856095325325
2021-01-11,4.331,4.299,0.0074435915329147395
2021-01-12,4.299,4.313,-0.0032460004637141493
2021-01-13,4.281,4.297,-0.003723528042820612
2021-01-14,4.297,4.258,0.009159229685298254
2021-01-18,4.244,4.337,-0.021443394051187448
2021-01-19,4.291,4.435,-0.03246899661781266
2021-01-20,4.324,4.462,-0.030927835051546393
2021-01-21,4.435,4.443,-0.0018005851901867764
2021-01-25,4.471,4.5,-0.006444444444444475
2021-01-26,4.443,4.362,0.01856946354883071
2021-01-27,4.513,4.403,0.024982966159436737
2021-01-28,4.333,4.303,0.006971880083662674
2021-02-01,4.31,4.48,-0.037946428571428714
2021-02-02,4.441,4.458,-0.0038133692238673245
2021-02-03,4.493,4.507,-0.0031062791213666285
2021-02-04,4.449,4.529,-0.017663943475380917
2021-02-08,4.537,4.545,-0.001760176017601811
2021-02-09,4.536,4.524,0.0026525198938991412
2021-02-18,4.532,4.516,0.003542958370239102
2021-02-22,4.487,4.379,0.024663165106188822
2021-02-23,4.416,4.422,-0.0013568521031206426
2021-02-24,4.339,4.258,0.019023015500234886
2021-02-25,4.422,4.297,0.029090062834535635
2021-03-01,4.342,4.34,0.0004608294930874557
2021-03-02,4.396,4.212,0.04368471035137711
2021-03-03,4.376,4.152,0.05394990366088637
2021-03-04,4.234,4.229,0.0011823126034522513
2021-03-08,4.189,4.296,-0.024906890130353854
2021-03-09,4.153,4.267,-0.026716662760722043
2021-03-10,4.261,4.358,-0.022257916475447392
2021-03-11,4.297,4.312,-0.003478664192950065
2021-03-15,4.306,4.395,-0.02025028441410681
2021-03-16,4.387,4.409,-0.004989793603991877
2021-03-17,4.38,4.262,0.027686532144533205
2021-03-18,4.413,4.303,0.025563560306762767
2021-03-22,4.308,4.35,-0.0096551724137931
2021-03-23,4.349,4.289,0.013989274889251613
2021-03-24,4.351,4.286,0.015165655622958463
2021-03-25,4.285,4.358,-0.016750803120697433
2021-03-29,4.322,4.347,-0.005751092707614536
2021-03-30,4.331,4.417,-0.019470228661987665
2021-03-31,4.329,4.488,-0.03542780748663121
2021-04-01,4.43,4.492,-0.013802315227070427
2021-04-06,4.549,4.573,-0.0052481959326481364
2021-04-07,4.545,4.625,-0.017297297297297343
2021-04-08,4.592,4.651,-0.012685443990539724
2021-04-12,4.635,4.7,-0.013829787234042601
2021-04-13,4.625,4.633,-0.0017267429311461635
2021-04-14,4.685,4.703,-0.0038273442483522935
2021-04-15,4.638,4.708,-0.014868309260832713
2021-04-19,4.69,4.616,0.01603119584055479
2021-04-20,4.62,4.654,-0.007305543618392751
2021-04-21,4.585,4.586,-0.0002180549498473905
2021-04-22,4.627,4.647,-0.004303851947493054
2021-04-26,4.619,4.653,-0.007307113690092404
2021-04-27,4.656,4.628,0.006050129645635227
2021-04-28,4.64,4.641,-0.00021547080370620808
2021-04-29,4.653,4.602,0.011082138200782188
2021-05-06,4.512,4.556,-0.009657594381036083
2021-05-10,4.537,4.405,0.029965947786606106
2021-05-11,4.405,4.291,0.02656723374504777
2021-05-12,4.406,4.349,0.013106461255461
2021-05-13,4.346,4.436,-0.020288548241659154
2021-05-17,4.439,4.367,0.016487291046485053
2021-05-18,4.453,4.368,0.01945970695970689
2021-05-19,4.371,4.466,-0.02127183161665913
2021-05-20,4.382,4.428,-0.010388437217705548
2021-05-24,4.448,4.508,-0.013309671694764824
2021-05-25,4.516,4.51,0.00133037694013316
2021-05-26,4.51,4.49,0.00445434298440972
2021-05-27,4.485,4.488,-0.0006684491978610207
2021-05-31,4.475,4.458,0.0038133692238671024
2021-06-01,4.483,4.478,0.0011165698972754878
2021-06-02,4.462,4.433,0.006541845251522682
2021-06-03,4.473,4.53,-0.012582781456953684
2021-06-07,4.501,4.532,-0.006840247131509214
2021-06-08,4.517,4.536,-0.004188712522045668
2021-06-09,4.523,4.585,-0.013522355507088357
2021-06-10,4.509,4.589,-0.017432991937241238
2021-06-15,4.633,4.6,0.007173913043478253
2021-06-16,4.603,4.674,-0.015190415062045437
2021-06-17,4.588,4.641,-0.011419952596423144
2021-06-21,4.641,4.732,-0.019230769230769273
2021-06-22,4.671,4.734,-0.013307984790874472
2021-06-23,4.743,4.779,-0.007532956685499026
2021-06-24,4.742,4.766,-0.005035669324381042
2021-06-28,4.767,4.828,-0.012634631317315681
2021-06-29,4.803,4.825,-0.004559585492228013
2021-06-30,4.837,4.834,0.0006206040546132829
2021-07-01,4.827,4.891,-0.013085258638315334
2021-07-05,4.883,4.903,-0.004079135223332586
2021-07-06,4.887,4.922,-0.007110930516050384
2021-07-07,4.919,4.888,0.006342062193126052
2021-07-08,4.91,4.926,-0.0032480714575721104
2021-07-12,4.934,4.942,-0.0016187778227437777
2021-07-13,4.94,4.954,-0.0028259991925715378
2021-07-14,4.938,4.907,0.006317505604238827
2021-07-15,4.948,4.874,0.015182601559294406
2021-07-19,4.874,4.9,-0.0053061224489797665
2021-07-20,4.863,4.936,-0.014789303079416394
2021-07-21,4.893,4.955,-0.012512613521695304
2021-07-22,4.938,5.013,-0.014961101137043742
2021-07-26,5.041,4.968,0.014694041867955088
2021-07-27,5.03,5.002,0.005597760895641901
2021-07-28,4.98,5.013,-0.006582884500299091
2021-07-29,4.996,4.959,0.007461181689857099
2021-08-02,4.98,4.992,-0.0024038461538460343
2021-08-03,4.968,5.003,-0.006995802518488969
2021-08-04,5.001,5.039,-0.007541178805318349
2021-08-05,4.996,5.01,-0.0027944111776445624
2021-08-09,5.008,5.008,0.0
2021-08-10,5.031,4.999,0.006401280256051134
2021-08-11,5.006,5.013,-0.0013963694394573123
2021-08-12,4.992,5.033,-0.008146234849990108
2021-08-16,5.022,4.986,0.0072202166064982976
2021-08-17,5.039,4.95,0.017979797979797985
2021-08-18,5.009,4.97,0.007847082494969904
2021-08-19,4.922,5.033,-0.022054440691436694
2021-08-23,5.05,5.107,-0.011161151360877253
2021-08-24,5.123,5.104,0.003722570532915359
2021-08-25,5.118,5.074,0.008671659440283808
2021-08-26,5.111,5.135,-0.00467380720545274
2021-08-30,5.154,5.171,-0.003287565267839909
2021-08-31,5.224,5.18,0.008494208494208566
2021-09-01,5.2,5.171,0.005608199574550277
2021-09-02,5.193,5.186,0.001349787890474241
2021-09-06,5.195,5.189,0.0011562921564849393
2021-09-07,5.2,5.182,0.0034735623311461516
2021-09-08,5.193,5.157,0.00698080279232105
2021-09-09,5.165,5.113,0.010170154508116536
2021-09-13,5.122,5.089,0.006484574572607427
2021-09-14,5.092,5.128,-0.0070202808112325155
2021-09-15,5.081,5.119,-0.007423324868138237
2021-09-16,5.106,5.074,0.006306661411115577
2021-09-22,5.009,5.085,-0.014945919370698113
2021-09-23,5.055,5.078,-0.0045293422607326495
2021-09-27,5.096,4.893,0.0414878397711016
2021-09-28,5.005,4.891,0.02330811694949908
2021-09-29,4.934,4.884,0.010237510237510294
2021-10-11,4.881,4.843,0.007846376213091144
2021-10-12,4.84,4.893,-0.010831800531371338
2021-10-13,4.852,4.969,-0.02354598510766759
2021-10-14,4.917,4.999,-0.01640328065613117
2021-10-18,4.982,5.079,-0.019098247686552328
2021-10-19,5.039,5.054,-0.002967946181242742
2021-10-20,5.048,5.072,-0.004731861198738141
2021-10-21,5.047,5.038,0.0017864231838029543
2021-10-25,5.04,5.096,-0.01098901098901095
2021-10-26,5.103,5.106,-0.000587544065804968
2021-10-27,5.095,5.173,-0.01507829112700565
2021-10-28,5.116,5.193,-0.01482765260928176
2021-11-01,5.208,5.241,-0.00629650829994266
2021-11-02,5.218,5.303,-0.016028663020931533
2021-11-03,5.243,5.358,-0.02146323254945859
2021-11-04,5.315,5.367,-0.009688839202533939
2021-11-08,5.362,5.314,0.009032743695897683
2021-11-09,5.368,5.241,0.02423201679068887
2021-11-10,5.316,5.272,0.00834597875569032
2021-11-11,5.272,5.321,-0.00920879533922181
2021-11-15,5.336,5.345,-0.0016838166510756425
2021-11-16,5.304,5.346,-0.007856341189674487
2021-11-17,5.347,5.392,-0.008345697329376844
2021-11-18,5.359,5.424,-0.011983775811209463
2021-11-22,5.448,5.345,0.019270346117867376
2021-11-23,5.359,5.362,-0.0005594927265946126
2021-11-24,5.368,5.369,-0.00018625442354247568
2021-11-25,5.395,5.253,0.02703217209213782
2021-11-29,5.322,5.277,0.008527572484366086
2021-11-30,5.346,5.183,0.031448967779278414
2021-12-01,5.35,5.222,0.0245116813481423
2021-12-02,5.23,5.133,0.01889733099551938
2021-12-06,5.153,5.333,-0.03375210950684426
2021-12-07,5.22,5.35,-0.024299065420560706
2021-12-08,5.35,5.256,0.017884322678843212
2021-12-09,5.329,5.331,-0.00037516413430893625
2021-12-13,5.346,5.193,0.029462738301559988
2021-12-14,5.261,5.318,-0.010718315156073577
2021-12-15,5.217,5.172,0.008700696055684354
2021-12-16,5.347,5.152,0.03784937888198758
2021-12-20,5.113,5.221,-0.020685692396092636
2021-12-21,5.18,5.283,-0.019496498201779455
2021-12-22,5.206,5.32,-0.021428571428571352
2021-12-23,5.276,5.324,-0.009015777610818954
2021-12-27,5.331,5.386,-0.010211659858893385
2021-12-28,5.405,5.387,0.003341377390013056
2021-12-29,5.402,5.362,0.007459903021260761
2021-12-30,5.372,5.333,0.007312957059816272
2022-01-04,5.406,5.156,0.048487199379363854
2022-01-05,5.297,5.15,0.02854368932038831
2022-01-06,5.151,5.094,0.011189634864546383
2022-01-10,5.142,5.172,-0.0058004640371228655
2022-01-11,5.101,5.189,-0.01695895162844485
2022-01-12,5.192,1.009,4.145688800792865
2022-01-17,1.014,0.99,0.024242424242424176
2022-01-18,1.008,0.981,0.02752293577981657
2022-01-19,0.986,0.966,0.020703933747411973
2022-01-20,0.989,0.939,0.05324813631522907
2022-01-24,0.951,0.919,0.03482045701849823
2022-01-25,0.93,0.918,0.013071895424836555
2022-01-26,0.925,0.909,0.017601760176017667
2022-01-27,0.905,0.944,-0.041313559322033844
2022-02-07,0.956,0.96,-0.004166666666666652
2022-02-08,0.95,0.982,-0.03258655804480659
2022-02-09,0.966,0.958,0.008350730688935215
2022-02-10,0.98,0.93,0.053763440860215006
2022-02-14,0.933,0.952,-0.01995798319327724
2022-02-15,0.933,0.949,-0.016859852476290738
2022-02-16,0.949,0.919,0.03264417845484213
2022-02-17,0.942,0.909,0.03630363036303619
2022-02-21,0.931,0.902,0.03215077605321515
2022-02-22,0.893,0.877,0.018244013683010207
2022-02-23,0.908,0.906,0.002207505518763808
2022-02-24,0.857,0.92,-0.06847826086956532
2022-02-28,0.896,0.904,-0.008849557522123908
2022-03-01,0.919,0.924,-0.005411255411255422
2022-03-02,0.905,0.906,-0.001103752759381904
2022-03-03,0.92,0.897,0.025641025641025772
2022-03-07,0.881,0.858,0.02680652680652673
2022-03-08,0.852,0.889,-0.04161979752530942
2022-03-09,0.862,0.878,-0.018223234624145768
2022-03-10,0.884,0.862,0.025522041763341052
2022-03-14,0.868,0.878,-0.011389521640091105
2022-03-15,0.851,0.911,-0.06586169045005497
2022-03-16,0.883,0.916,-0.0360262008733625
2022-03-17,0.91,0.936,-0.02777777777777779
2022-03-21,0.93,0.955,-0.02617801047120405
2022-03-22,0.932,0.94,-0.008510638297872242
2022-03-23,0.955,0.962,-0.007276507276507305
2022-03-24,0.946,0.962,-0.016632016632016633
2022-03-28,0.958,0.993,-0.035246727089627394
2022-03-29,0.978,0.981,-0.003058103975535187
2022-03-30,0.99,0.964,0.0269709543568466
2022-03-31,0.983,0.966,0.017598343685300222
2022-04-06,0.967,0.947,0.021119324181626098
2022-04-07,0.947,0.933,0.015005359056806
2022-04-11,0.929,0.91,0.020879120879120805
2022-04-12,0.911,0.927,-0.017259978425027023
2022-04-13,0.917,0.903,0.015503875968992276
2022-04-14,0.931,0.908,0.025330396475770955
2022-04-18,0.9,0.926,-0.02807775377969768
2022-04-19,0.913,0.916,-0.0032751091703057122
2022-04-20,0.924,0.899,0.027808676307007785
2022-04-21,0.928,0.882,0.052154195011338
2022-04-25,0.883,0.872,0.012614678899082632
2022-04-26,0.904,0.872,0.03669724770642202
2022-04-27,0.881,0.902,-0.02328159645232819
2022-04-28,0.893,0.869,0.027617951668584606
2022-05-05,0.913,0.86,0.06162790697674425
2022-05-09,0.866,0.846,0.023640661938534313
2022-05-10,0.855,0.823,0.03888213851761857
2022-05-11,0.859,0.821,0.04628501827040199
2022-05-12,0.83,0.859,-0.033760186263096625
2022-05-16,0.855,0.87,-0.017241379310344862
2022-05-17,0.859,0.82,0.04756097560975614
2022-05-18,0.864,0.817,0.057527539779681724
2022-05-19,0.828,0.814,0.017199017199017286
2022-05-23,0.837,0.799,0.04755944931163936
2022-05-24,0.813,0.811,0.002466091245376001
2022-05-25,0.818,0.836,-0.021531100478468956
2022-05-26,0.822,0.871,-0.05625717566016075
2022-05-30,0.875,0.859,0.0186263096623982
2022-05-31,0.868,0.853,0.017584994138335253
2022-06-01,0.868,0.882,-0.015873015873015928
2022-06-06,0.861,0.864,-0.00347222222222221
2022-06-07,0.854,0.857,-0.003500583430571802
2022-06-08,0.866,0.836,0.035885167464114964
2022-06-09,0.861,0.809,0.06427688504326312
2022-06-13,0.804,0.779,0.03209242618741981
2022-06-14,0.799,0.798,0.0012531328320801727
2022-06-15,0.803,0.762,0.0538057742782152
2022-06-16,0.798,0.769,0.03771131339401834
2022-06-20,0.796,0.787,0.011435832274459878
2022-06-21,0.805,0.789,0.020278833967046994
2022-06-22,0.802,0.8,0.0024999999999999467
2022-06-23,0.815,0.827,-0.0145102781136639
2022-06-27,0.837,0.794,0.05415617128463457
2022-06-28,0.828,0.796,0.04020100502512558
2022-06-29,0.806,0.787,0.02414231257941557
2022-06-30,0.801,0.79,0.013924050632911467
2022-07-04,0.802,0.804,-0.0024875621890547706
2022-07-05,0.814,0.812,0.0024630541871919487
2022-07-06,0.819,0.828,-0.010869565217391353
2022-07-07,0.829,0.829,0.0
2022-07-11,0.828,0.805,0.02857142857142847
2022-07-12,0.816,0.804,0.01492537313432818
2022-07-13,0.821,0.806,0.018610421836228186
2022-07-14,0.812,0.824,-0.014563106796116387
2022-07-18,0.841,0.841,0.0
2022-07-19,0.829,0.855,-0.03040935672514622
2022-07-20,0.856,0.869,-0.014959723820483273
2022-07-21,0.861,0.852,0.010563380281690238
2022-07-25,0.854,0.831,0.02767749699157651
2022-07-26,0.849,0.869,-0.023014959723820505
2022-07-27,0.849,0.873,-0.027491408934707917
2022-07-28,0.864,0.889,-0.028121484814398245
2022-08-01,0.886,0.886,0.0
2022-08-02,0.886,0.915,-0.031693989071038264
2022-08-03,0.886,0.916,-0.03275109170305679
2022-08-04,0.911,0.906,0.0055187637969094094
2022-08-08,0.912,0.895,0.018994413407821265
2022-08-09,0.905,0.921,-0.017372421281216077
2022-08-10,0.892,0.911,-0.020856201975850697
2022-08-11,0.923,0.931,-0.008592910848549962
2022-08-15,0.931,0.94,-0.009574468085106314
2022-08-16,0.942,0.931,0.011815252416756072
2022-08-17,0.939,0.932,0.00751072961373378
2022-08-18,0.926,0.918,0.008714596949891185
2022-08-22,0.912,0.898,0.015590200445434244
2022-08-23,0.895,0.899,-0.004449388209121219
2022-08-24,0.898,0.917,-0.02071973827699025
2022-08-25,0.91,0.879,0.03526734926052333
2022-08-29,0.879,0.864,0.01736111111111116
2022-08-30,0.883,0.861,0.025551684088269466
2022-08-31,0.875,0.86,0.01744186046511631
2022-09-01,0.854,0.849,0.005889281507656108
2022-09-05,0.856,0.845,0.013017751479289963
2022-09-06,0.862,0.863,-0.0011587485515642815
2022-09-07,0.853,0.867,-0.016147635524798143
2022-09-08,0.87,0.885,-0.016949152542372947
2022-09-13,0.898,0.853,0.05275498241500598
2022-09-14,0.856,0.839,0.020262216924910703
2022-09-15,0.858,0.836,0.026315789473684292
2022-09-19,0.84,0.838,0.0023866348448686736
2022-09-20,0.855,0.823,0.03888213851761857
2022-09-21,0.85,0.817,0.04039167686658507
2022-09-22,0.834,0.805,0.03602484472049672
2022-09-26,0.816,0.811,0.006165228113440113
2022-09-27,0.831,0.831,0.0
2022-09-28,0.82,0.807,0.016109045848822667
2022-09-29,0.833,0.792,0.051767676767676685
2022-10-10,0.792,0.78,0.01538461538461533
2022-10-11,0.792,0.78,0.01538461538461533
2022-10-12,0.797,0.798,-0.0012531328320801727
2022-10-13,0.79,0.773,0.02199223803363526
2022-10-17,0.793,0.806,-0.016129032258064502
2022-10-18,0.824,0.803,0.026151930261519185
2022-10-19,0.821,0.8,0.026249999999999885
2022-10-20,0.812,0.818,-0.007334963325183241
2022-10-24,0.833,0.85,-0.020000000000000018
2022-10-25,0.848,0.83,0.02168674698795181
2022-10-26,0.842,0.814,0.03439803439803435
2022-10-27,0.837,0.841,-0.0047562425683710385
2022-10-31,0.849,0.826,0.02784503631961255
2022-11-01,0.851,0.8,0.06374999999999997
2022-11-02,0.838,0.787,0.06480304955527316
2022-11-03,0.813,0.8,0.016249999999999876
2022-11-07,0.815,0.811,0.004932182490752002
2022-11-08,0.816,0.792,0.030303030303030276
2022-11-09,0.818,0.854,-0.042154566744730726
2022-11-10,0.808,0.864,-0.06481481481481477
2022-11-14,0.848,0.851,-0.003525264394829586
2022-11-15,0.855,0.838,0.02028639618138417
2022-11-16,0.861,0.84,0.025000000000000133
2022-11-17,0.856,0.845,0.013017751479289963
2022-11-21,0.85,0.854,-0.004683840749414525
2022-11-22,0.843,0.858,-0.0174825174825175
2022-11-23,0.853,0.857,-0.004667444574095736
2022-11-24,0.863,0.853,0.011723329425556761
2022-11-28,0.854,0.842,0.014251781472684133
2022-11-29,0.852,0.878,-0.029612756264236983
2022-11-30,0.842,0.873,-0.03550973654066436
2022-12-01,0.868,0.861,0.008130081300812941
2022-12-05,0.854,0.821,0.040194884287454435
2022-12-06,0.844,0.819,0.03052503052503064
2022-12-07,0.835,0.825,0.0121212121212122
2022-12-08,0.832,0.82,0.014634146341463428
2022-12-12,0.825,0.841,-0.019024970273483932
2022-12-13,0.838,0.832,0.007211538461538547
2022-12-14,0.848,0.802,0.05735660847880286
2022-12-15,0.835,0.799,0.04505632040050056
2022-12-19,0.813,0.789,0.030418250950570158
2022-12-20,0.802,0.798,0.005012531328320913
2022-12-21,0.809,0.78,0.03717948717948727
2022-12-22,0.811,0.783,0.03575989782886335
2022-12-26,0.802,0.77,0.04155844155844157
2022-12-27,0.808,0.761,0.06176084099868606
2022-12-28,0.799,0.781,0.023047375160051287
2022-12-29,0.795,0.778,0.02185089974293053
2022-12-30,0.799,0.778,0.02699228791773778
2023-01-03,0.806,0.773,0.04269081500646843
2023-01-04,0.804,0.759,0.059288537549407216
2023-01-05,0.805,0.78,0.03205128205128216
2023-01-09,0.809,0.777,0.041184041184041176
2023-01-10,0.805,0.791,0.017699115044247815
2023-01-11,0.81,0.794,0.02015113350125941
2023-01-12,0.818,0.795,0.028930817610062887
2023-01-16,0.815,0.795,0.025157232704402288
2023-01-17,0.82,0.789,0.03929024081115329
2023-01-18,0.821,0.782,0.04987212276214814
2023-01-19,0.81,0.804,0.00746268656716409
2023-01-30,0.844,0.835,0.010778443113772518
2023-01-31,0.832,0.851,-0.022326674500587562
2023-02-01,0.847,0.876,-0.03310502283105021
2023-02-02,0.862,0.865,-0.003468208092485603
2023-02-06,0.865,0.882,-0.01927437641723362
2023-02-07,0.866,0.863,0.0034762456546928444
2023-02-08,0.882,0.857,0.029171528588098017
2023-02-09,0.873,0.852,0.02464788732394374
2023-02-13,0.859,0.874,-0.017162471395881007
2023-02-14,0.871,0.881,-0.011350737797956922
2023-02-15,0.873,0.869,0.004602991944764101
2023-02-16,0.89,0.865,0.028901734104046284
2023-02-20,0.868,0.843,0.029655990510083052
2023-02-21,0.866,0.846,0.023640661938534313
2023-02-22,0.85,0.856,-0.007009345794392496
2023-02-23,0.857,0.841,0.019024970273483932
2023-02-27,0.852,0.852,0.0
2023-02-28,0.855,0.844,0.013033175355450233
2023-03-01,0.852,0.845,0.008284023668639007
2023-03-02,0.84,0.866,-0.03002309468822173
2023-03-06,0.871,0.856,0.017523364485981352
2023-03-07,0.872,0.865,0.008092485549132888
2023-03-08,0.864,0.852,0.014084507042253502
2023-03-09,0.868,0.84,0.03333333333333344
2023-03-13,0.854,0.857,-0.003500583430571802
2023-03-14,0.841,0.858,-0.019813519813519864
2023-03-15,0.859,0.886,-0.030474040632054167
2023-03-16,0.863,0.88,-0.01931818181818179
2023-03-20,0.873,0.892,-0.02130044843049328
2023-03-21,0.882,0.879,0.0034129692832765013
2023-03-22,0.895,0.89,0.00561797752808979
2023-03-23,0.884,0.889,-0.0056242969628796935
2023-03-27,0.899,0.883,0.018120045300113352
2023-03-28,0.893,0.899,-0.006674082313681828
2023-03-29,0.893,0.909,-0.017601760176017667
2023-03-30,0.903,0.922,-0.02060737527114964
2023-04-03,0.92,0.916,0.004366812227074135
2023-04-06,0.906,0.915,-0.00983606557377048
2023-04-10,0.91,0.909,0.0011001100110010764
2023-04-11,0.915,0.901,0.015538290788013276
2023-04-12,0.908,0.916,-0.008733624454148492
2023-04-13,0.902,0.913,-0.012048192771084376
2023-04-17,0.914,0.917,-0.0032715376226826187
2023-04-18,0.914,0.915,-0.0010928961748634114
2023-04-19,0.912,0.912,0.0
2023-04-20,0.912,0.91,0.00219780219780219
2023-04-24,0.906,0.892,0.015695067264573925
2023-04-25,0.906,0.902,0.0044345898004434225
2023-04-26,0.904,0.926,-0.023758099352051865
2023-04-27,0.905,0.933,-0.030010718113612
2023-05-04,0.918,0.932,-0.015021459227467782
2023-05-08,0.93,0.929,0.0010764262648008671
2023-05-09,0.93,0.94,-0.010638297872340274
2023-05-10,0.93,0.94,-0.010638297872340274
2023-05-11,0.942,0.941,0.0010626992561104665
2023-05-15,0.944,0.947,-0.0031678986272439813
2023-05-16,0.947,0.962,-0.015592515592515621
2023-05-17,0.953,0.982,-0.029531568228105987
2023-05-18,0.968,0.985,-0.017258883248730927
2023-05-22,0.984,0.975,0.009230769230769154
2023-05-23,0.992,0.974,0.01848049281314168
2023-05-24,0.977,0.997,-0.02006018054162484
2023-05-25,0.993,1.026,-0.032163742690058506
2023-05-29,1.032,1.031,0.0009699321047527132
2023-05-30,1.035,1.024,0.0107421875
2023-05-31,1.031,1.039,-0.007699711260827691
2023-06-01,1.03,1.046,-0.015296367112810683
2023-06-05,1.048,1.049,-0.0009532888465203504
2023-06-06,1.049,1.032,0.01647286821705407
2023-06-07,1.052,1.047,0.0047755491881567025
2023-06-08,1.03,1.047,-0.0162368672397325
2023-06-12,1.059,1.08,-0.019444444444444597
2023-06-13,1.085,1.088,-0.0027573529411766273
2023-06-14,1.086,1.1,-0.012727272727272698
2023-06-15,1.091,1.09,0.0009174311926605228
2023-06-19,1.096,1.093,0.0027447392497714773
2023-06-20,1.095,1.081,0.01295097132284928
2023-06-26,1.091,1.091,0.0
2023-06-27,1.076,1.093,-0.015553522415370447
2023-06-28,1.09,1.092,-0.001831501831501825
2023-06-29,1.099,1.111,-0.010801080108010841
2023-07-03,1.118,1.11,0.007207207207207134
2023-07-04,1.112,1.108,0.0036101083032491488
2023-07-05,1.11,1.102,0.007259528130671544
2023-07-06,1.111,1.097,0.012762078395624377
2023-07-10,1.095,1.101,-0.00544959128065392
2023-07-11,1.101,1.112,-0.009892086330935412
2023-07-12,1.102,1.128,-0.023049645390070705
2023-07-13,1.118,1.124,-0.005338078291814985
2023-07-17,1.132,1.146,-0.012216404886561949
2023-07-18,1.142,1.146,-0.003490401396160525
2023-07-19,1.163,1.119,0.03932082216264532
2023-07-20,1.147,1.116,0.02777777777777768
2023-07-24,1.132,1.125,0.006222222222222129
2023-07-25,1.128,1.119,0.008042895442359255
2023-07-26,1.131,1.116,0.013440860215053752
2023-07-27,1.141,1.138,0.002636203866432485
2023-07-31,1.149,1.134,0.013227513227513255
2023-08-01,1.153,1.111,0.03780378037803778
2023-08-02,1.137,1.111,0.023402340234023322
2023-08-03,1.118,1.105,0.011764705882353121
2023-08-07,1.118,1.106,0.010849909584086825
2023-08-08,1.12,1.094,0.02376599634369292
2023-08-09,1.119,1.096,0.020985401459853836
2023-08-10,1.109,1.089,0.018365472910927494
2023-08-14,1.103,1.093,0.009149130832570851
2023-08-15,1.124,1.084,0.03690036900368998
2023-08-16,1.112,1.074,0.035381750465549366
2023-08-17,1.104,1.071,0.0308123249299721
2023-08-21,1.086,1.086,0.0
2023-08-22,1.104,1.104,0.0
2023-08-23,1.104,1.078,0.024118738404452778
2023-08-24,1.134,1.087,0.04323827046918116
2023-08-28,1.105,1.118,-0.011627906976744318
2023-08-29,1.111,1.124,-0.011565836298932486
2023-08-30,1.135,1.127,0.00709849157054121
2023-08-31,1.14,1.125,0.013333333333333197
2023-09-04,1.142,1.127,0.013309671694764713
2023-09-05,1.141,1.119,0.01966041108132255
2023-09-06,1.143,1.111,0.02880288028802891
2023-09-07,1.134,1.115,0.01704035874439458
2023-09-11,1.134,1.113,0.018867924528301883
2023-09-12,1.141,1.116,0.02240143369175618
2023-09-13,1.128,1.125,0.002666666666666595
2023-09-14,1.136,1.104,0.02898550724637672
2023-09-18,1.124,1.102,0.019963702359346636
2023-09-19,1.123,1.087,0.03311867525298995
2023-09-20,1.124,1.067,0.05342080599812582
2023-09-21,1.103,1.067,0.03373945641986875
2023-09-25,1.094,1.056,0.03598484848484862
2023-09-26,1.085,1.058,0.02551984877126645
2023-09-27,1.081,1.068,0.01217228464419473
2023-10-09,1.096,1.099,-0.0027297543221108667
2023-10-10,1.111,1.107,0.0036133694670279493
2023-10-11,1.118,1.102,0.014519056261343088
2023-10-12,1.128,1.089,0.03581267217630857
2023-10-16,1.111,1.098,0.011839708561020013
2023-10-17,1.119,1.083,0.033240997229917024
2023-10-18,1.114,1.073,0.0382106244175211
2023-10-19,1.1,1.057,0.04068117313150443
2023-10-23,1.079,1.07,0.008411214953270907
2023-10-24,1.086,1.044,0.04022988505747138
2023-10-25,1.082,1.024,0.056640625
2023-10-26,1.049,1.029,0.0194363459669582
2023-10-30,1.055,1.046,0.008604206500955947
2023-10-31,1.054,1.064,-0.009398496240601517
2023-11-01,1.069,1.083,-0.012927054478301003
2023-11-02,1.091,1.096,-0.0045620437956205295
2023-11-06,1.111,1.11,0.0009009009009008917
2023-11-07,1.11,1.111,-0.0009000900090008201
2023-11-08,1.12,1.102,0.016333938294010864
2023-11-09,1.127,1.126,0.000888099467140524
2023-11-13,1.14,1.147,-0.006102877070619073
2023-11-14,1.144,1.147,-0.0026155187445511263
2023-11-15,1.164,1.148,0.013937282229965264
2023-11-16,1.159,1.148,0.009581881533101244
2023-11-20,1.145,1.15,-0.004347826086956386
2023-11-21,1.158,1.152,0.005208333333333259
2023-11-22,1.15,1.152,-0.0017361111111111605
2023-11-23,1.156,1.149,0.006092254134029584
2023-11-27,1.151,1.151,0.0
2023-11-28,1.154,1.148,0.005226480836237002
2023-11-29,1.154,1.145,0.007860262008733576
2023-11-30,1.153,1.15,0.002608695652174031
2023-12-04,1.15,1.142,0.007005253940455258
2023-12-05,1.137,1.135,0.0017621145374449032
2023-12-06,1.153,1.153,0.0
2023-12-07,1.14,1.156,-0.01384083044982698
2023-12-11,1.164,1.176,-0.010204081632653073
2023-12-12,1.178,1.19,-0.010084033613445342
2023-12-13,1.191,1.188,0.002525252525252597
2023-12-14,1.204,1.192,0.010067114093959662
2023-12-18,1.202,1.206,-0.0033167495854062867
2023-12-19,1.209,1.188,0.017676767676767735
2023-12-20,1.216,1.203,0.010806317539484578
2023-12-21,1.2,1.203,-0.0024937655860349794
2023-12-25,1.207,1.21,-0.0024793388429751317
2023-12-26,1.215,1.213,0.0016488046166529546
2023-12-27,1.219,1.212,0.005775577557755929
2023-12-28,1.216,1.204,0.009966777408637828
2024-01-02,1.21,1.174,0.030664395229982988
2024-01-03,1.191,1.168,0.019691780821917915
2024-01-04,1.185,1.17,0.012820512820512997
2024-01-08,1.179,1.197,-0.015037593984962405
2024-01-09,1.209,1.206,0.0024875621890547706
2024-01-10,1.209,1.208,0.0008278145695366224
2024-01-11,1.223,1.208,0.012417218543046449
2024-01-15,1.227,1.21,0.014049586776859524
2024-01-16,1.215,1.203,0.009975062344139696
2024-01-17,1.214,1.221,-0.005733005733005836
2024-01-18,1.217,1.245,-0.02248995983935742
2024-01-22,1.28,1.25,0.02400000000000002
2024-01-23,1.271,1.256,0.011942675159235527
2024-01-24,1.278,1.257,0.01670644391408116
2024-01-25,1.271,1.251,0.015987210231814597
2024-01-29,1.272,1.254,0.014354066985645897
2024-01-30,1.292,1.23,0.05040650406504077
2024-01-31,1.264,1.245,0.015261044176706706
2024-02-01,1.252,1.265,-0.010276679841897174
2024-02-05,1.289,1.262,0.021394611727416635
2024-02-06,1.291,1.274,0.013343799058084693
2024-02-07,1.279,1.276,0.0023510971786833146
2024-02-19,1.301,1.26,0.032539682539682424
2024-02-20,1.299,1.254,0.03588516746411474
2024-02-21,1.282,1.292,-0.007739938080495334
2024-02-22,1.304,1.288,0.012422360248447228
2024-02-26,1.308,1.29,0.013953488372093092
2024-02-27,1.306,1.283,0.017926734216679785
2024-02-28,1.309,1.295,0.010810810810810922
2024-02-29,1.3,1.314,-0.010654490106544956
2024-03-04,1.339,1.284,0.04283489096573212
2024-03-05,1.329,1.292,0.028637770897832704
2024-03-06,1.324,1.312,0.009146341463414531
2024-03-07,1.315,1.292,0.017801857585139302
2024-03-11,1.317,1.306,0.008422664624808451
2024-03-12,1.322,1.294,0.021638330757341562
2024-03-13,1.33,1.291,0.030209140201394424
2024-03-14,1.324,1.277,0.03680501174628037
2024-03-18,1.316,1.293,0.017788089713843824
2024-03-19,1.309,1.308,0.000764525993883769
2024-03-20,1.314,1.313,0.0007616146230009502
2024-03-21,1.337,1.315,0.016730038022813698
2024-03-25,1.334,1.305,0.022222222222222365
2024-03-26,1.341,1.31,0.023664122137404542
2024-03-27,1.342,1.308,0.025993883792049033
2024-03-28,1.339,1.308,0.023700305810397504
2024-04-01,1.344,1.299,0.03464203233256358
2024-04-02,1.34,1.301,0.029976940814758102
2024-04-08,1.326,1.302,0.018433179723502224
2024-04-09,1.328,1.291,0.028659953524399873
2024-04-10,1.333,1.312,0.016006097560975485
2024-04-11,1.321,1.29,0.024031007751937894
2024-04-15,1.329,1.27,0.04645669291338583
2024-04-16,1.293,1.254,0.031100478468899517
2024-04-17,1.292,1.247,0.03608660785886131
2024-04-18,1.289,1.222,0.05482815057283141
2024-04-22,1.256,1.253,0.002394253790901857
2024-04-23,1.259,1.257,0.0015910898965791898
2024-04-24,1.289,1.25,0.031199999999999894
2024-04-25,1.268,1.271,-0.002360346184106965
2024-04-29,1.298,1.251,0.037569944044764325
2024-05-06,1.302,1.296,0.004629629629629539
2024-05-07,1.315,1.296,0.014660493827160392
2024-05-08,1.317,1.298,0.014637904468412843
2024-05-09,1.314,1.301,0.009992313604919367
2024-05-13,1.326,1.313,0.00990099009900991
2024-05-14,1.326,1.333,-0.005251312828207011
2024-05-15,1.335,1.33,0.003759398496240518
2024-05-16,1.358,1.329,0.02182091798344632
2024-05-20,1.357,1.342,0.011177347242920854
2024-05-21,1.364,1.341,0.017151379567487135
2024-05-22,1.369,1.336,0.02470059880239517
2024-05-23,1.381,1.349,0.023721275018532273
2024-05-27,1.374,1.353,0.015521064301552201
2024-05-28,1.38,1.344,0.02678571428571419
2024-05-29,1.374,1.329,0.033860045146727025
2024-05-30,1.359,1.329,0.02257336343115135
2024-06-03,1.359,1.337,0.01645474943904257
2024-06-04,1.355,1.364,-0.006598240469208316
2024-06-05,1.366,1.363,0.0022010271460015662
2024-06-06,1.393,1.362,0.022760646108663574
2024-06-11,1.395,1.396,-0.0007163323782234388
2024-06-12,1.408,1.403,0.003563791874554356
2024-06-13,1.436,1.41,0.018439716312056653
2024-06-17,1.441,1.427,0.009810791871058155
2024-06-18,1.46,1.427,0.023125437981779795
2024-06-19,1.462,1.417,0.031757233592095924
2024-06-20,1.472,1.413,0.041755130927105366
2024-06-24,1.444,1.414,0.021216407355021172
2024-06-25,1.429,1.418,0.0077574047954867
2024-06-26,1.456,1.421,0.02463054187192104
2024-06-27,1.455,1.413,0.02972399150743099
2024-07-01,1.473,1.437,0.025052192066805867
2024-07-02,1.474,1.45,0.016551724137931156
2024-07-03,1.501,1.45,0.03517241379310332
2024-07-04,1.51,1.464,0.031420765027322384
2024-07-08,1.552,1.469,0.05650102110279098
2024-07-09,1.568,1.485,0.05589225589225588
2024-07-10,1.548,1.452,0.06611570247933884
2024-07-11,1.555,1.46,0.06506849315068486
2024-07-15,1.539,1.465,0.050511945392491375
2024-07-16,1.536,1.422,0.08016877637130815
2024-07-17,1.522,1.415,0.07561837455830389
2024-07-18,1.495,1.402,0.06633380884450801
2024-07-22,1.463,1.419,0.03100775193798455
2024-07-23,1.477,1.368,0.07967836257309946
2024-07-24,1.448,1.353,0.07021433850702152
2024-07-25,1.407,1.365,0.030769230769230882
2024-07-29,1.437,1.351,0.06365655070318299
2024-07-30,1.42,1.391,0.02084831056793668
2024-07-31,1.429,1.357,0.053058216654384704
2024-08-01,1.463,1.325,0.10415094339622644
2024-08-05,1.287,1.298,-0.008474576271186529
2024-08-06,1.332,1.284,0.03738317757009346
2024-08-07,1.334,1.325,0.006792452830188811
2024-08-08,1.314,1.332,-0.013513513513513487
2024-08-12,1.365,1.368,-0.002192982456140413
2024-08-13,1.379,1.368,0.008040935672514626
2024-08-14,1.413,1.401,0.008565310492505418
2024-08-15,1.422,1.404,0.012820512820512775
2024-08-19,1.442,1.416,0.01836158192090398
2024-08-20,1.468,1.423,0.03162333099086423
2024-08-21,1.469,1.398,0.050786838340486584
2024-08-22,1.471,1.417,0.038108680310515286
2024-08-26,1.46,1.405,0.039145907473309594
2024-08-27,1.442,1.387,0.03965392934390777
2024-08-28,1.442,1.387,0.03965392934390777
2024-08-29,1.407,1.402,0.003566333808844524
2024-09-02,1.429,1.358,0.052282768777614175
2024-09-03,1.431,1.356,0.055309734513274256
2024-09-04,1.356,1.353,0.0022172949002217113
2024-09-05,1.36,1.316,0.033434650455927084
2024-09-09,1.364,1.349,0.011119347664937163
2024-09-10,1.368,1.379,-0.00797679477882518
2024-09-11,1.377,1.393,-0.011486001435750182
2024-09-12,1.421,1.396,0.017908309455587412
2024-09-18,1.424,1.418,0.004231311706629048
2024-09-19,1.44,1.408,0.022727272727272707
2024-09-23,1.449,1.416,0.02330508474576276
2024-09-24,1.441,1.413,0.0198159943382874
2024-09-25,1.43,1.426,0.0028050490883591017
2024-09-26,1.445,1.413,0.0226468506723283
2024-10-08,1.403,1.44,-0.025694444444444353
2024-10-09,1.427,1.442,-0.010402219140083102
2024-10-10,1.443,1.444,-0.0006925207756232066
2024-10-14,1.446,1.437,0.006263048016701411
2024-10-15,1.476,1.445,0.02145328719723172
2024-10-16,1.459,1.447,0.008293020041465038
2024-10-17,1.468,1.457,0.007549759780370646
2024-10-21,1.461,1.46,0.00068493150684934
2024-10-22,1.459,1.438,0.014603616133518793
2024-10-23,1.465,1.451,0.009648518263266626
2024-10-24,1.449,1.455,-0.004123711340206171
2024-10-28,1.473,1.473,0.0
2024-10-29,1.47,1.464,0.004098360655737654
2024-10-30,1.484,1.425,0.041403508771929776
2024-10-31,1.459,1.433,0.018143754361479525
2024-11-04,1.443,1.445,-0.0013840830449827202
2024-11-05,1.438,1.484,-0.030997304582210283
2024-11-06,1.489,1.52,-0.020394736842105243
2024-11-07,1.512,1.517,-0.003295978905734964
2024-11-11,1.534,1.523,0.007222586999343417
2024-11-12,1.536,1.522,0.009198423127463773
2024-11-13,1.527,1.511,0.010589013898080646
2024-11-14,1.529,1.475,0.03661016949152529
2024-11-18,1.499,1.495,0.0026755852842810235
2024-11-19,1.504,1.494,0.006693440428380271
2024-11-20,1.521,1.499,0.014676450967311405
2024-11-21,1.51,1.502,0.005326231691078487
2024-11-25,1.536,1.512,0.015873015873015817
2024-11-26,1.536,1.5,0.02400000000000002
2024-11-27,1.54,1.499,0.02735156771180791
2024-11-28,1.531,1.512,0.012566137566137447
2024-12-02,1.54,1.535,0.0032573289902280145
2024-12-03,1.568,1.553,0.009658725048293793
2024-12-04,1.575,1.547,0.018099547511312153
2024-12-05,1.589,1.561,0.017937219730941756
2024-12-09,1.61,1.544,0.042746113989637236
2024-12-10,1.597,1.571,0.016549968173138252
2024-12-11,1.593,1.56,0.02115384615384608
2024-12-12,1.617,1.573,0.027972027972027913
2024-12-16,1.649,1.589,0.037759597230963005
2024-12-17,1.663,1.531,0.08621815806662325
2024-12-18,1.674,1.524,0.09842519685039375
2024-12-19,1.63,1.537,0.0605074821080025
2024-12-23,1.652,1.573,0.0502225047679592
2024-12-24,1.648,1.573,0.0476795931341385
2024-12-25,1.667,1.571,0.06110757479312556
2024-12-26,1.674,1.55,0.07999999999999985
2024-12-30,1.639,1.516,0.08113456464379953
2025-01-02,1.643,1.539,0.06757634827810266
2025-01-06,1.669,1.528,0.0922774869109948
2025-01-07,1.659,1.528,0.08573298429319376
2025-01-08,1.642,1.528,0.07460732984293195
2025-01-09,1.636,1.504,0.08776595744680837
2025-01-13,1.592,1.498,0.06275033377837125
2025-01-14,1.611,1.532,0.05156657963446465
2025-01-15,1.601,1.521,0.05259697567389887
2025-01-16,1.637,1.547,0.05817711700064643
2025-01-20,1.646,1.552,0.06056701030927836
2025-01-21,1.647,1.572,0.04770992366412208
2025-01-22,1.657,1.576,0.05139593908629436
2025-01-23,1.643,1.567,0.04850031908104668
2025-02-05,1.612,1.566,0.02937420178799499
2025-02-06,1.627,1.546,0.05239327296248386
2025-02-10,1.606,1.561,0.02882767456758506
2025-02-11,1.607,1.562,0.02880921895006394
2025-02-12,1.609,1.585,0.015141955835962229
2025-02-13,1.618,1.591,0.016970458830924073
2025-02-17,1.63,1.594,0.022584692597239497
2025-02-18,1.643,1.595,0.030094043887147315
2025-02-19,1.636,1.587,0.030875866414618702
2025-02-20,1.622,1.554,0.04375804375804382
2025-02-24,1.59,1.517,0.04812129202373128
2025-02-25,1.565,1.521,0.028928336620644313
2025-02-26,1.561,1.479,0.05544286680189314
2025-02-27,1.571,1.503,0.045242847638057304
2025-03-03,1.542,1.465,0.052559726962457365
2025-03-04,1.515,1.484,0.02088948787061984
2025-03-05,1.533,1.442,0.06310679611650483
2025-03-06,1.534,1.453,0.055746730901582886
2025-03-10,1.496,1.395,0.07240143369175622
2025-03-11,1.428,1.41,0.012765957446808418
2025-03-12,1.432,1.384,0.034682080924855585
2025-03-13,1.424,1.418,0.004231311706629048
2025-03-17,1.443,1.402,0.029243937232525052
2025-03-18,1.455,1.42,0.02464788732394374
2025-03-19,1.443,1.417,0.01834862385321112
2025-03-20,1.475,1.422,0.0372714486638539
2025-03-24,1.498,1.461,0.02532511978097185
2025-03-25,1.513,1.434,0.055090655509065556
2025-03-26,1.508,1.425,0.05824561403508777
2025-03-27,1.482,1.388,0.06772334293948123
2025-03-31,1.411,1.399,0.008577555396712011
2025-04-01,1.436,1.41,0.018439716312056653
2025-04-02,1.442,1.336,0.07934131736526928
2025-04-07,1.272,1.235,0.02995951417004039
2025-04-08,1.319,1.383,-0.0462762111352133
2025-04-09,1.3,1.326,-0.019607843137254943
2025-04-10,1.429,1.351,0.0577350111028867
2025-04-14,1.432,1.361,0.0521675238795003
2025-04-15,1.416,1.32,0.07272727272727253
2025-04-16,1.389,1.32,0.05227272727272725
2025-04-17,1.39,1.319,0.053828658074298597
2025-04-21,1.369,1.321,0.036336109008326956
2025-04-22,1.371,1.351,0.014803849000740277
2025-04-23,1.415,1.388,0.019452449567723518
2025-04-24,1.398,1.404,-0.004273504273504258
2025-04-28,1.448,1.411,0.026222537207654106
2025-04-29,1.446,1.412,0.024079320113314484
2025-05-06,1.457,1.433,0.016748080949057886
2025-05-07,1.462,1.449,0.008971704623878418
2025-05-08,1.485,1.449,0.024844720496894457
2025-05-12,1.516,1.529,-0.008502289077828573
2025-05-13,1.522,1.537,-0.009759271307742345
2025-05-14,1.566,1.538,0.01820546163849146
2025-05-15,1.559,1.545,0.009061488673139273
2025-05-19,1.547,1.54,0.004545454545454408
2025-05-20,1.564,1.52,0.02894736842105261
2025-05-21,1.549,1.521,0.018408941485864583
2025-05-22,1.539,1.507,0.021234240212342437
2025-05-26,1.543,1.542,0.0006485084306095956
2025-05-27,1.55,1.536,0.00911458333333326
2025-05-28,1.568,1.539,0.018843404808317255
2025-05-29,1.589,1.536,0.03450520833333326
2025-06-03,1.562,1.564,-0.0012787723785165905
2025-06-04,1.575,1.551,0.01547388781431347
2025-06-05,1.571,1.566,0.0031928480204341803
2025-06-09,1.571,1.579,-0.005066497783407176
2025-06-10,1.571,1.573,-0.0012714558169103496
2025-06-11,1.577,1.576,0.0006345177664974777
2025-06-12,1.571,1.555,0.01028938906752419
2025-06-16,1.567,1.561,0.0038436899423446302
2025-06-17,1.573,1.561,0.0076873798846892605
2025-06-18,1.568,1.561,0.004484304932735439
2025-06-19,1.559,1.553,0.003863490019317517
2025-06-23,1.559,1.593,-0.021343377275580666
2025-06-24,1.595,1.596,-0.0006265664160401974
2025-06-25,1.595,1.61,-0.009316770186335477
2025-06-26,1.603,1.617,-0.008658008658008698
2025-06-30,1.629,1.611,0.011173184357541999
2025-07-01,1.622,1.623,-0.0006161429451632117
2025-07-02,1.623,1.638,-0.009157509157509125
2025-07-03,1.626,1.638,-0.0073260073260073
2025-07-07,1.635,1.626,0.005535055350553542
2025-07-08,1.636,1.638,-0.0012210012210012167
2025-07-09,1.63,1.635,-0.003058103975535187
2025-07-10,1.639,1.631,0.004904966278356904
2025-07-14,1.623,1.638,-0.009157509157509125
2025-07-15,1.648,1.641,0.004265691651432091
2025-07-16,1.638,1.651,-0.007874015748031593
2025-07-17,1.65,1.651,-0.0006056935190794643
2025-07-21,1.662,1.65,0.0072727272727273196
2025-07-22,1.663,1.656,0.004227053140096748
2025-07-23,1.66,1.659,0.0006027727546713546
2025-07-24,1.663,1.664,-0.0006009615384614531
2025-07-28,1.684,1.668,0.00959232613908867
2025-07-29,1.683,1.669,0.008388256440982733
2025-07-30,1.68,1.662,0.010830324909747224
2025-07-31,1.704,1.629,0.046040515653775316
2025-08-04,1.648,1.644,0.0024330900243310083
2025-08-05,1.679,1.666,0.007803121248499467
2025-08-06,1.67,1.67,0.0
2025-08-07,1.684,1.687,-0.001778304682869103
2025-08-11,1.708,1.704,0.0023474178403755097
2025-08-12,1.703,1.703,0.0
2025-08-13,1.721,1.702,0.011163337250293948
2025-08-14,1.717,1.694,0.013577331759150102
2025-08-18,1.71,1.67,0.0239520958083832
2025-08-19,1.703,1.661,0.025285972305839843
2025-08-20,1.684,1.651,0.019987886129618326
2025-08-21,1.69,1.677,0.007751937984496138
2025-08-25,1.698,1.676,0.013126491646778149
2025-08-26,1.69,1.677,0.007751937984496138
2025-08-27,1.704,1.686,0.01067615658362997
2025-08-28,1.693,1.665,0.016816816816816793
2025-09-01,1.673,1.653,0.012099213551119092
2025-09-02,1.676,1.666,0.006002400960384069
2025-09-03,1.676,1.681,-0.002974419988102439
2025-09-04,1.682,1.683,-0.0005941770647653888
2025-09-08,1.696,1.694,0.0011806375442739991
2025-09-09,1.701,1.696,0.002948113207547287
2025-09-10,1.711,1.706,0.0029308323563892458
2025-09-11,1.708,1.712,-0.002336448598130869
2025-09-15,1.727,1.725,0.001159420289855051
2025-09-16,1.736,1.721,0.00871586287042403
2025-09-17,1.729,1.739,-0.005750431282346202
2025-09-18,1.744,1.752,-0.004566210045662156
2025-09-22,1.771,1.747,0.013737836290784067
2025-09-23,1.8,1.742,0.033295063145809545
2025-09-24,1.785,1.736,0.028225806451612767
2025-09-25,1.779,1.744,0.02006880733944949
2025-09-29,1.8,1.754,0.026225769669327326
2025-10-09,1.851,1.721,0.07553747821034285
2025-10-13,1.829,1.746,0.04753722794959914
2025-10-14,1.81,1.757,0.030165054069436703
2025-10-15,1.825,1.75,0.04285714285714293
2025-10-16,1.838,1.761,0.04372515616127215
2025-10-20,1.859,1.782,0.043209876543209846
2025-10-21,1.873,1.765,0.06118980169971677
2025-10-22,1.883,1.779,0.058459808881394126
2025-10-23,1.883,1.798,0.047274749721913256
2025-10-27,1.956,1.842,0.061889250814332275
2025-10-28,1.961,1.85,0.06000000000000005
2025-10-29,2.0,1.823,0.09709270433351613
2025-10-30,1.985,1.832,0.08351528384279483
2025-11-03,1.976,1.802,0.09655937846836848
2025-11-04,1.94,1.816,0.06828193832599116
2025-11-05,1.912,1.78,0.07415730337078652
2025-11-06,1.949,1.774,0.09864712514092444
2025-11-10,1.951,1.808,0.0790929203539823
2025-11-11,1.959,1.806,0.08471760797342198
2025-11-12,1.974,1.77,0.11525423728813555
2025-11-13,1.975,1.77,0.11581920903954801
2025-11-17,1.909,1.735,0.10028818443804033
2025-11-18,1.844,1.745,0.05673352435530088
2025-11-19,1.836,1.705,0.07683284457478012
2025-11-20,1.907,1.717,0.110658124635993
2025-11-24,1.856,1.771,0.047995482778091514
2025-11-25,1.897,1.786,0.06215005599104151
2025-11-26,1.927,1.785,0.07955182072829148
2025-11-27,1.925,1.799,0.07003891050583655
2025-12-01,1.936,1.808,0.07079646017699104
2025-12-02,1.94,1.811,0.07123136388735496
2025-12-03,1.965,1.808,0.08683628318584069
2025-12-04,1.965,1.817,0.08145294441386919
2025-12-08,1.952,1.816,0.07488986784140961
2025-12-09,1.928,1.823,0.05759736697750961
2025-12-10,1.944,1.815,0.07107438016528933
2025-12-11,1.918,1.779,0.07813378302417084
2025-12-15,1.902,1.773,0.07275803722504226
2025-12-16,1.873,1.739,0.07705577918343876
2025-12-17,1.899,1.765,0.0759206798866856
2025-12-18,1.878,1.787,0.05092333519865688
2025-12-22,1.945,1.8032,0.07863797692990238
2025-12-23,1.935,1.8067,0.07101344993634817
2025-12-24,1.933,1.8047,0.0710921482794924
2025-12-25,1.93,1.803,0.07043815862451464
2025-12-29,1.916,1.7898,0.07051067158341717
2025-12-30,1.914,1.7735,0.07922187764307864
2026-01-05,1.93,1.7978,0.07353431972410718
2026-01-06,1.925,1.7991,0.06997943416152519
2026-01-07,1.919,1.789,0.07266629401900504
2026-01-08,1.899,1.8054,0.05184446660019937
2026-01-12,1.893,1.8029,0.04997504021299015
2026-01-13,1.915,1.7841,0.07337032677540489
2026-01-14,1.909,1.7884,0.06743457839409528
2026-01-15,1.901,1.7874,0.06355600313304244
2026-01-19,1.887,1.7476,0.07976653696498048
2026-01-20,1.876,1.7714,0.05904933950547586
2026-01-21,1.875,1.7849,0.05047901843240532
2026-01-22,1.901,1.7887,0.06278302677922509
2026-01-26,1.882,1.8101,0.03972156234462165
2026-01-27,1.894,1.8133,0.04450449456791494
2026-01-28,1.905,1.804,0.0559866962305986
2026-01-29,1.891,1.7788,0.06307623116707894
2026-02-02,1.833,1.7621,0.04023608194767614
2026-02-03,1.872,1.7292,0.08258154059680778
2026-02-04,1.853,1.7063,0.0859755025493758
2026-02-05,1.84,1.7432,0.055530059660394704
2026-02-09,1.847,1.7437,0.05924184205998739
2026-02-10,1.844,1.7482,0.05479922205697285
2026-02-11,1.841,1.7131,0.07465997314809414
2026-02-12,1.836,1.7149,0.07061636247011482
2026-02-24,1.823,1.7541,0.03927940254261442
2026-02-25,1.825,1.7314,0.05406029802471979
2026-02-26,1.832,1.7264,0.06116774791473589
2026-03-02,1.802,1.7065,0.05596249633753314
2026-03-03,1.786,1.7331,0.030523339680341488
2026-03-04,1.762,1.7253,0.021271662899206012
2026-03-05,1.8,1.6999,0.05888581681275373
2026-03-09,1.756,1.7204,0.020692862125087252
2026-03-10,1.788,1.7194,0.03989763871117824
2026-03-11,1.792,1.6908,0.059853323870357134
2026-03-12,1.784,1.6815,0.060957478441867385
2026-03-16,1.774,1.7078,0.03876332123199444
2026-03-17,1.768,1.6821,0.05106711848284884
2026-03-18,1.789,1.6788,0.06564212532761493
2026-03-19,1.764,1.6456,0.07194944093339828
2026-03-23,1.68,1.6537,0.015903731027393064
2026-03-24,1.717,1.664,0.031850961538461675
2026-03-25,1.734,1.6276,0.06537232735315812
2026-03-26,1.716,1.5981,0.07377510794067943
2026-03-30,1.683,1.641,0.025594149908592323
2026-03-31,1.674,1.6565,0.0105644431029277
2026-04-01,1.752,1.6551,0.05854631140112376
2026-04-02,1.721,1.6561,0.03918845480345401
2026-04-07,1.732,1.709,0.01345816266822708
2026-04-08,1.833,1.7205,0.06538796861377505
2026-04-09,1.805,1.7229,0.047652214289860106
2026-04-13,1.798,1.7708,0.015360289134854321
2026-04-14,1.825,1.7953,0.016543196123210535
2026-04-15,1.864,1.8049,0.03274419635436865
2026-04-16,1.907,1.8282,0.043102505196368046
2026-04-20,1.89,1.8142,0.04178150148825921
2026-04-21,1.892,1.8464,0.02469670710571914
2026-04-22,1.896,1.8362,0.03256725846857633
2026-04-23,1.905,1.8723,0.01746514981573455
2026-04-27,1.945,1.8513,0.050613082698644174
2026-04-28,1.963,1.8625,0.05395973154362421
2026-04-29,1.962,1.8812,0.04295130767595157
2026-05-06,2.01,1.9531,0.029133172904613147
2026-05-07,2.054,1.9993,0.027359575851547913
2026-05-11,2.108,1.9856,0.06164383561643838
2026-05-12,2.081,2.0063,0.03723271694163377
2026-05-13,2.093,2.02,0.03613861386138617
2026-05-14,2.105,1.9896,0.05800160836349022
2026-05-18,2.066,1.9675,0.05006353240152461
2026-05-19,2.047,2.0006,0.023193042087373827
2026-05-20,2.058,2.0035,0.027202395807337076
2026-05-21,2.103,2.0126,0.04491702275663334
2026-05-25,2.231,2.0453,0.09079352662201123
2026-05-26,2.185,2.0435,0.06924394421335944
2026-05-27,2.223,2.0591,0.07959788257005496
2026-05-28,2.214,2.0646,0.07236268526591116
2026-06-01,2.365,2.087,0.1332055582175371
2026-06-02,2.343,2.0808,0.12600922722029995
2026-06-03,2.299,2.0707,0.11025257159414692
2026-06-04,2.24,1.971,0.13647894469812294
2026-06-08,2.114,1.979,0.0682162708438605
2026-06-09,2.2,1.9394,0.134371455089203
2026-06-10,2.143,2.0035,0.06962815073621154
2026-06-11,2.13,2.0152,0.05696705041683203
2026-06-15,2.258,2.037,0.10849288168875804
2026-06-16,2.28,2.0164,0.13072803015274737
2026-06-17,2.279,2.0671,0.10251076387209124
2026-06-22,2.25,1.9962,0.127141568981064
2026-06-23,2.174,1.9881,0.09350636285901115
2026-06-24,2.187,2.0034,0.09164420485175184
2026-06-25,2.208,1.9801,0.11509519721226202
2026-06-29,2.178,2.0568,0.058926487747958056
2026-06-30,2.204,2.0243,0.08877142716000597
2026-07-01,2.209,1.992,0.10893574297188757
2026-07-02,2.158,1.9908,0.08398633715089421
2026-07-06,2.171,1.9803,0.09629854062515775
2026-07-07,2.169,1.9863,0.09198006343452647
2026-07-08,2.141,2.0172,0.06137219908784464
2026-07-09,2.166,2.0224,0.07100474683544289
2026-07-13,2.168,2.0061,0.08070385324759499
2026-07-14,2.17,1.9981,0.08603173014363641
2026-07-15,2.188,1.9659,0.11297624497685543
2026-07-16,2.167,1.9371,0.11868256672345256
2026-07-20,2.096,1.9744,0.06158833063209079
2026-07-21,2.13,1.9643,0.08435575013999896
2026-07-22,2.13,1.9267,0.10551720558467848
2026-07-23,2.131,1.9055,0.11834164261348712
2026-07-27,2.118,1.8805,0.12629619781972878
2026-07-28,2.068,1.841,0.12330255296034776
2026-07-29,2.074,1.9024,0.0902018502943649
2026-07-30,2.041,1.9139,0.06640890328648319
2026-08-03,2.127,2.0129,0.05668438571215639
2026-08-04,2.192,1.9959,0.09825141540157323
2026-08-05,2.267,1.9882,0.14022734131375114
2026-08-06,2.244,2.012,0.1153081510934395
2026-08-10,2.261,1.9985,0.13134851138353776
2026-08-11,2.215,2.0127,0.10051175038505478
2026-08-12,2.226,2.0359,0.09337393781619929
2026-08-13,2.226,2.033,0.09493359567142168
2026-08-17,2.274,1.9961,0.13922148188968486
2026-08-18,2.239,1.9902,0.1250125615516029
2026-08-19,2.2,1.9748,0.11403686449260686
2026-08-20,2.212,1.9816,0.11626968106580549
2026-08-24,2.166,1.9756,0.09637578457177565
2026-08-25,2.195,1.9759,0.11088617845032633
