date,nav,num_held
2006-01-04,1.0,0
2006-01-05,1.0,0
2006-01-06,1.0,0
2006-01-09,1.0,0
2006-01-10,1.0,0
2006-01-11,1.0,0
2006-01-12,1.0,0
2006-01-13,1.0,0
2006-01-16,1.0,0
2006-01-17,1.0,0
2006-01-18,1.0,0
2006-01-19,1.0,0
2006-01-20,1.0,0
2006-01-23,1.0,0
2006-01-24,1.0,0
2006-01-25,1.0,0
2006-02-06,0.9994317133545111,0
2006-02-07,1.0073368803947016,3
2006-02-08,1.0161392812933436,3
2006-02-09,1.0000768901602755,3
2006-02-10,1.015125225548048,3
2006-02-13,1.0296580233742327,3
2006-02-14,1.0293607182282871,3
2006-02-15,1.0182340454341214,3
2006-02-16,0.9759404824296559,3
2006-02-17,0.9718863770923929,3
2006-02-20,0.9650076847366001,3
2006-02-21,0.9820004820954451,3
2006-02-22,0.9797597788378141,3
2006-02-23,0.9761518411489116,3
2006-02-24,0.991489547560096,3
2006-02-27,0.9838733833168992,3
2006-02-28,0.9759196595513574,3
2006-03-01,0.9915469957648329,3
2006-03-02,0.9620003634449125,6
2006-03-03,0.9587782244235831,6
2006-03-06,0.9451307602027633,6
2006-03-07,0.9122342592008036,6
2006-03-08,0.9062011587782164,6
2006-03-09,0.9116222603107873,6
2006-03-10,0.922342001822859,6
2006-03-13,0.940803253469006,6
2006-03-14,0.9388814685036458,6
2006-03-15,0.9560583987019942,6
2006-03-16,0.955080695554774,6
2006-03-17,0.9470655626073179,6
2006-03-20,0.962465936907801,6
2006-03-21,0.9620301672525089,6
2006-03-22,0.9807836681306867,6
2006-03-23,0.9840543024136241,6
2006-03-24,0.9726899022395863,6
2006-03-27,0.9834166595043663,6
2006-03-28,0.9423273712339059,6
2006-03-29,0.9415144928784976,6
2006-03-30,0.9303462602186009,6
2006-03-31,0.943968793961366,6
2006-04-03,0.9598665232831572,6
2006-04-04,0.9806799981713896,6
2006-04-05,0.9904380267691203,6
2006-04-06,0.9893400133249558,6
2006-04-07,0.9826994262420874,6
2006-04-10,1.0273876345749444,6
2006-04-11,1.0402080725430147,6
2006-04-12,1.0280946486691915,6
2006-04-13,0.9855372569770379,6
2006-04-14,1.0211336718583717,6
2006-04-17,1.0363318260152659,6
2006-04-18,1.0230165272911333,6
2006-04-19,1.0275326687196042,6
2006-04-20,1.0026368615218078,6
2006-04-21,1.012822477064949,6
2006-04-24,0.994580646809667,6
2006-04-25,0.9843116193177543,6
2006-04-26,0.9982582125425803,6
2006-04-27,0.9938594675810247,6
2006-04-28,1.0019134611779794,6
2006-05-08,1.0121307386754514,6
2006-05-09,1.0228273765419285,10
2006-05-10,1.0281842749852073,10
2006-05-11,1.021040394050525,10
2006-05-12,1.0275826214086754,10
2006-05-15,1.0487441778961368,10
2006-05-16,1.0328890162436646,10
2006-05-17,1.0376650452889273,10
2006-05-18,1.0370996445680711,10
2006-05-19,1.04674482154564,10
2006-05-22,1.0523487100527305,10
2006-05-23,1.0285537335861248,10
2006-05-24,1.0202174912706177,10
2006-05-25,1.0266275680480865,10
2006-05-26,1.0335329013306997,10
2006-05-29,1.0408816238116811,10
2006-05-30,1.0479826893377995,10
2006-05-31,1.0503119874290154,10
2006-06-01,1.0647541738837694,10
2006-06-02,1.0612725772834553,20
2006-06-05,1.067315006061632,20
2006-06-06,1.0626403944695784,20
2006-06-07,1.0390605962219854,20
2006-06-08,1.0404645551423624,20
2006-06-09,1.033050529958956,20
2006-06-12,1.0352485588886382,20
2006-06-13,1.0384647464449166,20
2006-06-14,1.0344474579294858,20
2006-06-15,1.0368372763399663,20
2006-06-16,1.0462206298013101,20
2006-06-19,1.0502989268297682,20
2006-06-20,1.050548481850662,20
2006-06-21,1.049385476188469,20
2006-06-22,1.046124479792145,20
2006-06-23,1.048219338103085,20
2006-06-26,1.0546905962439492,20
2006-06-27,1.0540490039565098,20
2006-06-28,1.0524213928601434,20
2006-06-29,1.060681658518561,20
2006-06-30,1.0600131773187953,20
2006-07-03,1.0654340224245544,20
2006-07-04,1.061715483449454,20
2006-07-05,1.0592567939640631,20
2006-07-06,1.067648643570621,20
2006-07-07,1.067530794518091,20
2006-07-10,1.0707774265647438,20
2006-07-11,1.072700146396796,20
2006-07-12,1.0747907549136875,20
2006-07-13,1.0541379306430287,20
2006-07-14,1.0585622504212429,20
2006-07-17,1.0661911895889475,20
2006-07-18,1.066730948632179,20
2006-07-19,1.0597201774479874,20
2006-07-20,1.0606467696008275,20
2006-07-21,1.0620695682716244,20
2006-07-24,1.0593262259285416,20
2006-07-25,1.0616460258023428,20
2006-07-26,1.0635516795550093,20
2006-07-27,1.061469754599441,20
2006-07-28,1.056523246767654,20
2006-07-31,1.0289399057067736,20
2006-08-01,1.023113296922942,20
2006-08-02,1.022800306556401,20
2006-08-03,1.024375050742021,20
2006-08-04,1.0102344852352625,20
2006-08-07,0.9972947908689321,20
2006-08-08,1.0073028715206123,20
2006-08-09,1.0035623973650862,20
2006-08-10,1.0131669392155747,20
2006-08-11,1.0152039809105973,20
2006-08-14,1.0042009230724587,20
2006-08-15,1.0104604718359675,20
2006-08-16,1.0200010438334135,20
2006-08-17,1.0158706358260199,20
2006-08-18,1.0173074802038706,20
2006-08-21,1.0233420751149513,20
2006-08-22,1.0277752229280672,20
2006-08-23,1.0263725681333098,20
2006-08-24,1.0308644302401953,20
2006-08-25,1.0322200142409974,20
2006-08-28,1.0408196813684991,20
2006-08-29,1.0434026655118578,20
2006-08-30,1.0421301462256405,20
2006-08-31,1.042753876156874,20
2006-09-01,1.0305468384471164,20
2006-09-04,1.0470164744885724,20
2006-09-05,1.0403292436431613,20
2006-09-06,1.0441261399562753,20
2006-09-07,1.0375982501812697,20
2006-09-08,1.0377590755559039,20
2006-09-11,1.0390303323947607,20
2006-09-12,1.0454189438557322,20
2006-09-13,1.0347945110422585,20
2006-09-14,1.0286916880978412,20
2006-09-15,1.037006748587735,20
2006-09-18,1.0458478456633067,20
2006-09-19,1.0516215238610604,20
2006-09-20,1.05289200121684,20
2006-09-21,1.059773059522133,20
2006-09-22,1.0531273641237278,20
2006-09-25,1.0498667393645318,20
2006-09-26,1.0423956746562153,20
2006-09-27,1.0462386808079542,20
2006-09-28,1.0564072690962774,20
2006-09-29,1.063756496096452,20
2006-10-09,1.0779827052936908,20
2006-10-10,1.0920351667553139,20
2006-10-11,1.0995719341086352,20
2006-10-12,1.0859133966646053,20
2006-10-13,1.0852081348107991,20
2006-10-16,1.0837216480995633,20
2006-10-17,1.0879463873119832,20
2006-10-18,1.0950165951668673,20
2006-10-19,1.102847181920424,20
2006-10-20,1.0935721146297865,20
2006-10-23,1.0729524563136186,20
2006-10-24,1.0918404814602207,20
2006-10-25,1.0909381395753832,20
2006-10-26,1.0932422854762147,20
2006-10-27,1.0817881587125509,20
2006-10-30,1.0910690266913614,20
2006-10-31,1.0970277404899458,20
2006-11-01,1.1049925759235484,20
2006-11-02,1.1057709947881518,20
2006-11-03,1.0999498671991303,20
2006-11-06,1.0951293578146641,20
2006-11-07,1.0896870282979574,20
2006-11-08,1.0865931529045885,20
2006-11-09,1.0937942456983039,20
2006-11-10,1.0785092998207322,20
2006-11-13,1.0460426126008904,20
2006-11-14,1.0513029447880455,20
2006-11-15,1.067514523207421,20
2006-11-16,1.0539033030725324,20
2006-11-17,1.0586945942296206,20
2006-11-20,1.0500315181568436,20
2006-11-21,1.0708480914174212,20
2006-11-22,1.0806040501522611,20
2006-11-23,1.0804577690833022,20
2006-11-24,1.0862217664888651,20
2006-11-27,1.113866015663852,20
2006-11-28,1.1138648624681227,20
2006-11-29,1.132129101507797,20
2006-11-30,1.150803079471887,20
2006-12-01,1.16478531552435,20
2006-12-04,1.1907955778683315,20
2006-12-05,1.1833485173408749,20
2006-12-06,1.1685937831976418,20
2006-12-07,1.1562299995286052,20
2006-12-08,1.12658082706117,20
2006-12-11,1.1598154264960034,20
2006-12-12,1.168951669325899,20
2006-12-13,1.1684006117762107,20
2006-12-14,1.2006572029226785,20
2006-12-15,1.219820963143572,20
2006-12-18,1.24535885873517,20
2006-12-19,1.2467459579884725,20
2006-12-20,1.2827823043829085,20
2006-12-21,1.2810079462505346,20
2006-12-22,1.2656727083348338,20
2006-12-25,1.2768512272863224,20
2006-12-26,1.272484006934356,20
2006-12-27,1.2859639300628432,20
2006-12-28,1.2680328429369376,20
2006-12-29,1.2948499918057477,20
2007-01-04,1.2942723634769484,20
2007-01-05,1.334054320568163,20
2007-01-08,1.376237145712439,20
2007-01-09,1.3963371957811384,20
2007-01-10,1.4292590093700885,20
2007-01-11,1.4185017151952923,20
2007-01-12,1.3852122435102632,20
2007-01-15,1.4574704631135498,20
2007-01-16,1.5039820096239742,20
2007-01-17,1.5030855580941336,20
2007-01-18,1.540712458132778,20
2007-01-19,1.585409131524363,20
2007-01-22,1.6446218142414097,20
2007-01-23,1.6265822809410353,20
2007-01-24,1.633881674222571,20
2007-01-25,1.5635703921989506,20
2007-01-26,1.5728602714838735,20
2007-01-29,1.6065351662438647,20
2007-01-30,1.6232962449740305,20
2007-01-31,1.5618094466346728,20
2007-02-01,1.5793581963713574,20
2007-02-02,1.5664559231245088,20
2007-02-05,1.566838042780985,20
2007-02-06,1.5881710124702395,20
2007-02-07,1.604874384706322,20
2007-02-08,1.6184810232537779,20
2007-02-09,1.623571184167232,20
2007-02-12,1.6630529997381653,20
2007-02-13,1.691014559227174,20
2007-02-14,1.7159983119742446,20
2007-02-15,1.7574235720404512,20
2007-02-16,1.7703772237571767,20
2007-02-26,1.788283178112584,20
2007-02-27,1.6643531583865423,20
2007-02-28,1.689954529690491,20
2007-03-01,1.6444226359888845,20
2007-03-02,1.6609642621055092,20
2007-03-05,1.6602106981064582,20
2007-03-06,1.6714257965084978,20
2007-03-07,1.7022219545546877,20
2007-03-08,1.7214239000466827,20
2007-03-09,1.7117453941036331,20
2007-03-12,1.7124848514321913,20
2007-03-13,1.719832208325646,20
2007-03-14,1.7050829357757171,20
2007-03-15,1.7193525188199952,20
2007-03-16,1.712390094172263,20
2007-03-19,1.7228751242561045,20
2007-03-20,1.733001308940682,20
2007-03-21,1.7547556305214222,20
2007-03-22,1.7583474352843322,20
2007-03-23,1.7648479425261137,20
2007-03-26,1.7905312612381357,20
2007-03-27,1.7977008809897113,20
2007-03-28,1.7815047561224067,20
2007-03-29,1.7624258108119166,20
2007-03-30,1.7710834371045585,20
2007-04-02,1.7917492228468397,20
2007-04-03,1.8013649376565606,20
2007-04-04,1.823205110734435,20
2007-04-05,1.8337788270242132,20
2007-04-06,1.8568635657935946,20
2007-04-09,1.8797712093416301,20
2007-04-10,1.9033904799400643,20
2007-04-11,1.9190020764379867,20
2007-04-12,1.9422604702959931,20
2007-04-13,1.9458007433767917,20
2007-04-16,1.9794885005093799,20
2007-04-17,2.013124827131677,20
2007-04-18,2.0383328769027673,20
2007-04-19,1.9637540283384585,20
2007-04-20,2.023269471477818,20
2007-04-23,2.051276842216727,20
2007-04-24,2.0579374533649095,20
2007-04-25,2.056543976868745,20
2007-04-26,2.0723955000879357,20
2007-04-27,2.048371495365891,20
2007-04-30,2.043144269583411,20
2007-05-08,2.0806399058607883,20
2007-05-09,2.061316430067306,18
2007-05-10,2.063201257481496,18
2007-05-11,2.054614745027369,18
2007-05-14,2.0550860333464325,18
2007-05-15,2.0412032795910187,18
2007-05-16,2.074958474054818,18
2007-05-17,2.1001321692663995,18
2007-05-18,2.114314279466309,18
2007-05-21,2.149468505878262,18
2007-05-22,2.165218433375355,18
2007-05-23,2.20059761941608,18
2007-05-24,2.187248704911124,18
2007-05-25,2.202717740193107,18
2007-05-28,2.2492420427607454,18
2007-05-29,2.294966238149219,18
2007-05-30,2.1882730586599357,18
2007-05-31,2.2392613070684746,18
2007-06-01,2.2097468761498016,18
2007-06-04,2.107457587268467,22
2007-06-05,2.1410182815531433,22
2007-06-06,2.209624374070585,22
2007-06-07,2.271801653522927,22
2007-06-08,2.2955563915205808,22
2007-06-11,2.3555955621759486,22
2007-06-12,2.406399287022939,22
2007-06-13,2.4158124586563603,22
2007-06-14,2.403209174702502,22
2007-06-15,2.4143570702280344,22
2007-06-18,2.454936958066206,22
2007-06-19,2.4607550701457455,22
2007-06-20,2.4108666027556986,22
2007-06-21,2.39881047694921,22
2007-06-22,2.337888683433813,22
2007-06-25,2.287595340497551,22
2007-06-26,2.3216612453728,22
2007-06-27,2.3522870297900567,22
2007-06-28,2.2790989326848576,22
2007-06-29,2.2433465118906857,22
2007-07-02,2.2514010365110555,22
2007-07-03,2.288845442491495,20
2007-07-04,2.2657037930368364,20
2007-07-05,2.202702189874054,20
2007-07-06,2.2582582957560806,20
2007-07-09,2.291706573236408,20
2007-07-10,2.257219009109018,20
2007-07-11,2.263084339276355,20
2007-07-12,2.273960072085384,20
2007-07-13,2.27218447812979,20
2007-07-16,2.2452665613440512,20
2007-07-17,2.259528078138139,20
2007-07-18,2.2575977253732633,20
2007-07-19,2.261994668856058,20
2007-07-20,2.298449249370108,20
2007-07-23,2.355642128025804,20
2007-07-24,2.3490756111162856,20
2007-07-25,2.3729209052007394,20
2007-07-26,2.384619269635564,20
2007-07-27,2.404080911322905,20
2007-07-30,2.4299211206007154,20
2007-07-31,2.440743208030673,20
2007-08-01,2.3840575090402254,20
2007-08-02,2.4296583511959415,21
2007-08-03,2.4534863194699192,21
2007-08-06,2.474670306379096,21
2007-08-07,2.491951440106694,21
2007-08-08,2.473317847152994,21
2007-08-09,2.477664090116136,21
2007-08-10,2.4426785839357343,21
2007-08-13,2.4300015584670778,21
2007-08-14,2.4606213199082085,21
2007-08-15,2.4584050345143247,21
2007-08-16,2.453322028261101,21
2007-08-17,2.4345073191506312,21
2007-08-20,2.4992502570933586,21
2007-08-21,2.5128399851164507,21
2007-08-22,2.538011937511224,21
2007-08-23,2.557726367017181,21
2007-08-24,2.5699328939458197,21
2007-08-27,2.5584388217725573,21
2007-08-28,2.559844453715747,21
2007-08-29,2.558975298919283,21
2007-08-30,2.581041805162045,21
2007-08-31,2.5877001587141577,21
2007-09-03,2.616321978165652,21
2007-09-04,2.617149338274194,18
2007-09-05,2.630234568390288,18
2007-09-06,2.641235205388283,18
2007-09-07,2.597865001661878,18
2007-09-10,2.616449794915059,18
2007-09-11,2.5475171646147206,18
2007-09-12,2.5568258414983793,18
2007-09-13,2.580584225169664,18
2007-09-14,2.5927828188471875,18
2007-09-17,2.611088974458763,18
2007-09-18,2.616190073800314,18
2007-09-19,2.586023603962819,18
2007-09-20,2.5956174037718127,18
2007-09-21,2.5869909675755296,18
2007-09-24,2.5894418439497504,18
2007-09-25,2.573393407847128,18
2007-09-26,2.5654365272331145,18
2007-09-27,2.5769431162695904,18
2007-09-28,2.6091723506158,18
2007-10-08,2.6252042252366357,18
2007-10-09,2.6253830571158483,20
2007-10-10,2.6248381378250096,20
2007-10-11,2.5952133963527344,20
2007-10-12,2.5573342440042173,20
2007-10-15,2.5475886824893617,20
2007-10-16,2.597187722469731,20
2007-10-17,2.5943215281832916,20
2007-10-18,2.569719664005458,20
2007-10-19,2.572626911519146,20
2007-10-22,2.552615958075053,20
2007-10-23,2.56542970359636,20
2007-10-24,2.5403333500989502,20
2007-10-25,2.459489702552911,20
2007-10-26,2.4584232109362865,20
2007-10-29,2.4725959820686794,20
2007-10-30,2.4950396176301233,20
2007-10-31,2.5440250431551994,20
2007-11-01,2.5130150764352805,20
2007-11-02,2.4783609338745376,20
2007-11-05,2.5070199439254957,20
2007-11-06,2.5387094240663695,20
2007-11-07,2.515769348496893,20
2007-11-08,2.459876294202806,20
2007-11-09,2.452667582624131,20
2007-11-12,2.4366170160616707,20
2007-11-13,2.435042900578954,20
2007-11-14,2.4793219177168204,20
2007-11-15,2.4479680020333547,20
2007-11-16,2.455733254722381,20
2007-11-19,2.505651390555664,20
2007-11-20,2.5319222135895334,20
2007-11-21,2.531253295126267,20
2007-11-22,2.489830360295939,20
2007-11-23,2.507907964297286,20
2007-11-26,2.50641687950667,20
2007-11-27,2.4939034157452387,20
2007-11-28,2.482189903620107,20
2007-11-29,2.5157785540773463,20
2007-11-30,2.49992733826557,20
2007-12-03,2.5132462071398187,20
2007-12-04,2.5252409260777293,20
2007-12-05,2.5439503869452627,20
2007-12-06,2.5429102007818374,20
2007-12-07,2.5598645796727113,20
2007-12-10,2.6020971235377655,20
2007-12-11,2.6126277142026137,20
2007-12-12,2.6364937017290107,20
2007-12-13,2.6116727237612847,20
2007-12-14,2.630894308640113,20
2007-12-17,2.645627465657352,20
2007-12-18,2.6312922419813,20
2007-12-19,2.655028397282584,20
2007-12-20,2.6706332501878363,20
2007-12-21,2.6897228230995314,20
2007-12-24,2.710781284587795,20
2007-12-25,2.7341796403753356,20
2007-12-26,2.7836253427115896,20
2007-12-27,2.7841585924388643,20
2007-12-28,2.7967852056599516,20
2008-01-02,2.8700869365354813,20
2008-01-03,2.8934816595696615,19
2008-01-04,2.8748435060422994,19
2008-01-07,2.890702097296526,19
2008-01-08,2.849047926977084,19
2008-01-09,2.8911504678963906,19
2008-01-10,2.883582645395345,19
2008-01-11,2.8958800356894274,19
2008-01-14,2.927179115561379,19
2008-01-15,2.9810709731830314,19
2008-01-16,2.9840470249709643,19
2008-01-17,2.963520262181805,19
2008-01-18,2.9480848808423885,19
2008-01-21,2.871206993364583,19
2008-01-22,2.7298328052196994,19
2008-01-23,2.8239049599050046,19
2008-01-24,2.8746760513117873,19
2008-01-25,2.871488442948117,19
2008-01-28,2.7513908076332934,19
2008-01-29,2.7706789145539097,19
2008-01-30,2.7882115602105344,19
2008-01-31,2.7529008630031746,19
2008-02-01,2.6872993762238915,19
2008-02-04,2.7921983346278973,23
2008-02-05,2.7852931935181218,23
2008-02-13,2.7673671536616706,23
2008-02-14,2.793963517300992,23
2008-02-15,2.7944807067257833,23
2008-02-18,2.8511225855134623,23
2008-02-19,2.8746951677811734,23
2008-02-20,2.8586835988473203,23
2008-02-21,2.862609347641902,23
2008-02-22,2.820042651628312,23
2008-02-25,2.763639039507157,23
2008-02-26,2.7655053882584264,23
2008-02-27,2.788410916786044,23
2008-02-28,2.793939151206592,23
2008-02-29,2.8123857926515936,23
2008-03-03,2.855189920744515,23
2008-03-04,2.8395979136656258,20
2008-03-05,2.839023683859414,20
2008-03-06,2.84230361486994,20
2008-03-07,2.81996353142512,20
2008-03-10,2.7700438978572355,20
2008-03-11,2.774237659915645,20
2008-03-12,2.748528471306778,20
2008-03-13,2.7081837824879327,20
2008-03-14,2.7030521542949337,20
2008-03-17,2.6201658635628013,20
2008-03-18,2.536856550835292,20
2008-03-19,2.5890199574906805,20
2008-03-20,2.6384800445670327,20
2008-03-21,2.638495870340719,20
2008-03-24,2.6143731364406393,20
2008-03-25,2.6303330260166065,20
2008-03-26,2.6301656297951204,20
2008-03-27,2.573377147896952,20
2008-03-28,2.604366780183908,20
2008-03-31,2.5804431715996237,20
2008-04-01,2.5251245641728635,20
2008-04-02,2.4871618610375403,26
2008-04-03,2.501307568830914,26
2008-04-07,2.538892998359819,26
2008-04-08,2.549743934343842,26
2008-04-09,2.5190237552388,26
2008-04-10,2.5289531621746,26
2008-04-11,2.543015805960618,26
2008-04-14,2.501858689094108,26
2008-04-15,2.5156932909086738,26
2008-04-16,2.5079544303249373,26
2008-04-17,2.488612763913977,26
2008-04-18,2.4531713264877633,26
2008-04-21,2.444146355659876,26
2008-04-22,2.425789122904983,26
2008-04-23,2.45662645659428,26
2008-04-24,2.5149176573842,26
2008-04-25,2.5170389929571764,26
2008-04-28,2.5116656435131213,26
2008-04-29,2.518208632057839,26
2008-04-30,2.54212440652827,26
2008-05-05,2.5598273327269543,26
2008-05-06,2.558170940685556,19
2008-05-07,2.5322427764744155,19
2008-05-08,2.551026321665885,19
2008-05-09,2.5527315373254225,19
2008-05-12,2.5668171950254357,19
2008-05-13,2.578696854457446,19
2008-05-14,2.59262963299308,19
2008-05-15,2.586292102704759,19
2008-05-16,2.5786191368278906,19
2008-05-19,2.5810682731492953,19
2008-05-20,2.544939883841559,19
2008-05-21,2.559467853749755,19
2008-05-22,2.5464032151470906,19
2008-05-23,2.5393278285335055,19
2008-05-26,2.5226646079110906,19
2008-05-27,2.5269004040336105,19
2008-05-28,2.538959859941798,19
2008-05-29,2.527672111033158,19
2008-05-30,2.5381792586029728,19
2008-06-02,2.539837635572754,19
2008-06-03,2.5344354276663235,20
2008-06-04,2.5249950741547256,20
2008-06-05,2.5201362636198477,20
2008-06-06,2.515624126920762,20
2008-06-10,2.4693937143856246,20
2008-06-11,2.4557277358756906,20
2008-06-12,2.44311272761007,20
2008-06-13,2.4275692847102612,20
2008-06-16,2.423757087924798,20
2008-06-17,2.402404535548962,20
2008-06-18,2.4270806557187434,20
2008-06-19,2.388154502312869,20
2008-06-20,2.3967489310331227,20
2008-06-23,2.385012020021396,20
2008-06-24,2.398670862640699,20
2008-06-25,2.424934981284586,20
2008-06-26,2.4307238970848246,20
2008-06-27,2.3959339594375053,20
2008-06-30,2.3962525803405876,20
2008-07-01,2.3840140226793083,20
2008-07-02,2.3889626466236416,17
2008-07-03,2.3997812592812173,17
2008-07-04,2.383312462597884,17
2008-07-07,2.3982797127135806,17
2008-07-08,2.4049668285494046,17
2008-07-09,2.4192266831132114,17
2008-07-10,2.4126528679312793,17
2008-07-11,2.4134264254235958,17
2008-07-14,2.418906379930268,17
2008-07-15,2.405019339944585,17
2008-07-16,2.386179320894533,17
2008-07-17,2.3815519203448425,17
2008-07-18,2.3854745701497233,17
2008-07-21,2.4020019498403893,17
2008-07-22,2.402127134163176,17
2008-07-23,2.3900862029893064,17
2008-07-24,2.3961918749692304,17
2008-07-25,2.38870187411864,17
2008-07-28,2.3948260830594053,17
2008-07-29,2.3950632088964587,17
2008-07-30,2.3884112117592657,17
2008-07-31,2.371804580619218,17
2008-08-01,2.366724318262546,17
2008-08-04,2.356199200847582,21
2008-08-05,2.3376879342551296,21
2008-08-06,2.3373802602635303,21
2008-08-07,2.3395522558994606,21
2008-08-08,2.3192396884289987,21
2008-08-11,2.293024921320569,21
2008-08-12,2.2979575349539854,21
2008-08-13,2.3055260841232923,21
2008-08-14,2.308706327443216,21
2008-08-15,2.304438296224354,21
2008-08-18,2.2745988913559674,21
2008-08-19,2.2724241302960855,21
2008-08-20,2.305753813740292,21
2008-08-21,2.286797315991055,21
2008-08-22,2.2781186145065164,21
2008-08-25,2.2706803484059495,21
2008-08-26,2.2524095404769517,21
2008-08-27,2.243135617242241,21
2008-08-28,2.243113851722473,21
2008-08-29,2.252878374099234,21
2008-09-01,2.2346108559301525,21
2008-09-02,2.2272457564253054,15
2008-09-03,2.2144705107292455,15
2008-09-04,2.219826918554312,15
2008-09-05,2.206786530643398,15
2008-09-08,2.19357848319691,15
2008-09-09,2.193138682550396,15
2008-09-10,2.190378455653282,15
2008-09-11,2.1837462073013096,15
2008-09-12,2.183243688342103,15
2008-09-16,2.1764056001038097,15
2008-09-17,2.175401360590275,15
2008-09-18,2.1706079819066835,15
2008-09-19,2.212083674283873,15
2008-09-22,2.2234157458080226,15
2008-09-23,2.1931815184295003,15
2008-09-24,2.1988000951268516,15
2008-09-25,2.209480715371584,15
2008-09-26,2.2163575986688557,15
2008-10-06,2.1974163454261446,15
2008-10-07,2.194122252860413,23
2008-10-08,2.184840778062349,23
2008-10-09,2.1820557597972856,23
2008-10-10,2.16474523188143,23
2008-10-13,2.166312017019551,23
2008-10-14,2.1576579330805132,23
2008-10-15,2.152226662048767,23
2008-10-16,2.1304640544359192,23
2008-10-17,2.1353326302560163,23
2008-10-20,2.145515475754967,23
2008-10-21,2.146952550048738,23
2008-10-22,2.140852937056237,23
2008-10-23,2.1435139953943283,23
2008-10-24,2.1384843536439773,23
2008-10-27,2.114377483994298,23
2008-10-28,2.1222527973349052,23
2008-10-29,2.1121594898099056,23
2008-10-30,2.1162863360774162,23
2008-10-31,2.10945867949709,23
2008-11-03,2.0975026352193864,23
2008-11-04,2.0913514743424746,7
2008-11-05,2.0978887035632794,7
2008-11-06,2.0920727038734057,7
2008-11-07,2.0909178429877273,7
2008-11-10,2.1156018682948936,7
2008-11-11,2.112792600961217,7
2008-11-12,2.1170402024170443,7
2008-11-13,2.1371064176427588,7
2008-11-14,2.157878709536717,7
2008-11-17,2.1767577410266647,7
2008-11-18,2.1528068566478256,7
2008-11-19,2.1810507671421653,7
2008-11-20,2.1817438352580343,7
2008-11-21,2.1771761687754063,7
2008-11-24,2.1709677521493567,7
2008-11-25,2.1707591147105325,7
2008-11-26,2.1694513506526394,7
2008-11-27,2.1816618807131922,7
2008-11-28,2.187193835266688,7
2008-12-01,2.193100012224508,7
2008-12-02,2.1976256345625145,18
2008-12-03,2.2059822921295127,18
2008-12-04,2.2037361964521556,18
2008-12-05,2.2061319283437753,18
2008-12-08,2.221695721792836,18
2008-12-09,2.2133664166365787,18
2008-12-10,2.220934444071824,18
2008-12-11,2.213227921283911,18
2008-12-12,2.1943719959995347,18
2008-12-15,2.2049823344735566,18
2008-12-16,2.2136387111115576,18
2008-12-17,2.221591876226021,18
2008-12-18,2.227853006735531,18
2008-12-19,2.2364547915793547,18
2008-12-22,2.237696426896279,18
2008-12-23,2.2193465336759255,18
2008-12-24,2.2145188089105545,18
2008-12-25,2.215383714015201,18
2008-12-26,2.2133087222117362,18
2008-12-29,2.215810785821392,18
2008-12-30,2.2185832931545515,18
2008-12-31,2.218471246343316,18
2009-01-05,2.230100695191532,18
2009-01-06,2.2358533097950195,17
2009-01-07,2.2368617685708205,17
2009-01-08,2.230410820214933,17
2009-01-09,2.2483530025858,17
2009-01-12,2.252738097903007,17
2009-01-13,2.231825684765149,17
2009-01-14,2.247173098111783,17
2009-01-15,2.244431138513874,17
2009-01-16,2.2426207381079517,17
2009-01-19,2.2404489885233847,17
2009-01-20,2.2450763072846054,17
2009-01-21,2.243479643476421,17
2009-01-22,2.250870735521066,17
2009-01-23,2.247874906318038,17
2009-02-02,2.2562478878045047,17
2009-02-03,2.265473802332669,20
2009-02-04,2.2707293215130773,20
2009-02-05,2.268561801832944,20
2009-02-06,2.288474329351197,20
2009-02-09,2.3009524369252286,20
2009-02-10,2.3125923140017606,20
2009-02-11,2.3045968591014043,20
2009-02-12,2.3131129968859336,20
2009-02-13,2.330990799408526,20
2009-02-16,2.3344849503469534,20
2009-02-17,2.319565676200256,20
2009-02-18,2.2974039366226164,20
2009-02-19,2.313937312905508,20
2009-02-20,2.3286053124264647,20
2009-02-23,2.3437485628803234,20
2009-02-24,2.3215939358553928,20
2009-02-25,2.332730692105395,20
2009-02-26,2.295516207407891,20
2009-02-27,2.263657255411877,20
2009-03-02,2.2719630326335754,20
2009-03-03,2.270835324382392,21
2009-03-04,2.33039656681207,21
2009-03-05,2.341717374929825,21
2009-03-06,2.3352830033952054,21
2009-03-09,2.2960283946767523,21
2009-03-10,2.3237841760708067,21
2009-03-11,2.3246974881681446,21
2009-03-12,2.3248247353956635,21
2009-03-13,2.3368300324531996,21
2009-03-16,2.3534423534538873,21
2009-03-17,2.3783527597019294,21
2009-03-18,2.3866492111294,21
2009-03-19,2.4070434580466116,21
2009-03-20,2.389336591408506,21
2009-03-23,2.4092058607755753,21
2009-03-24,2.4265728044024115,21
2009-03-25,2.3993200223445506,21
2009-03-26,2.4200576602031134,21
2009-03-27,2.41866508440225,21
2009-03-30,2.4361586599753933,21
2009-03-31,2.447183228724457,21
2009-04-01,2.4637671507503107,21
2009-04-02,2.481877260689351,20
2009-04-03,2.4999645472314733,20
2009-04-07,2.526620673640859,20
2009-04-08,2.49891923010988,20
2009-04-09,2.535230779351119,20
2009-04-10,2.5707529647274274,20
2009-04-13,2.604824303652789,20
2009-04-14,2.6688117561159244,20
2009-04-15,2.698927951263259,20
2009-04-16,2.6883999976036224,20
2009-04-17,2.6457759877874043,20
2009-04-20,2.6723927646814216,20
2009-04-21,2.6583669832372094,20
2009-04-22,2.5984315294920317,20
2009-04-23,2.6243617501783922,20
2009-04-24,2.6129688869505627,20
2009-04-27,2.5692529677870435,20
2009-04-28,2.5753842076901687,20
2009-04-29,2.5899502740190465,20
2009-04-30,2.5977062659608743,20
2009-05-04,2.6494058385905026,20
2009-05-05,2.660909993985931,20
2009-05-06,2.6782623349709147,20
2009-05-07,2.676159013036729,20
2009-05-08,2.665573790007525,20
2009-05-11,2.610683887418429,20
2009-05-12,2.6399265508155767,20
2009-05-13,2.654931175426458,20
2009-05-14,2.6626567622839055,20
2009-05-15,2.6562513839603756,20
2009-05-18,2.6490959793397795,20
2009-05-19,2.6545363550037804,20
2009-05-20,2.64509746540708,20
2009-05-21,2.618252933119199,20
2009-05-22,2.624367060230931,20
2009-05-25,2.6216209359480223,20
2009-05-26,2.64418315069163,20
2009-05-27,2.639020973140139,20
2009-06-01,2.6579034106160213,20
2009-06-02,2.6678958575481126,20
2009-06-03,2.674639002941086,20
2009-06-04,2.6655318734036406,20
2009-06-05,2.658029085650753,20
2009-06-08,2.661068854941475,20
2009-06-09,2.6674775104212034,20
2009-06-10,2.688243287201255,20
2009-06-11,2.684620489145601,20
2009-06-12,2.6633372481322817,20
2009-06-15,2.6857168118897183,20
2009-06-16,2.6818677767293324,20
2009-06-17,2.6936795317903015,20
2009-06-18,2.694154322578722,20
2009-06-19,2.701021514657663,20
2009-06-22,2.6838883516016936,20
2009-06-23,2.6870926032702327,20
2009-06-24,2.7079707210484694,20
2009-06-25,2.7405619652033564,20
2009-06-26,2.7461034346733784,20
2009-06-29,2.754400585030004,20
2009-06-30,2.7475936705242487,20
2009-07-01,2.7360113117053255,20
2009-07-02,2.7402582981844557,20
2009-07-03,2.744661191043097,20
2009-07-06,2.7366306444563255,20
2009-07-07,2.808209270074584,20
2009-07-08,2.8459288138746968,20
2009-07-09,2.906873589536481,20
2009-07-10,2.902779536346149,20
2009-07-13,2.9298164675004936,20
2009-07-14,2.9736792728314443,20
2009-07-15,3.0184448204405023,20
2009-07-16,3.009708249680835,20
2009-07-17,3.03557687755589,20
2009-07-20,3.06976076237414,20
2009-07-21,3.0221140062359697,20
2009-07-22,3.048936879089069,20
2009-07-23,3.0545628806694114,20
2009-07-24,3.0475694912149613,20
2009-07-27,3.0744801745251866,20
2009-07-28,3.0966024144824367,20
2009-07-29,3.0001530650351595,20
2009-07-30,3.0293082700474088,20
2009-07-31,3.083263769131609,20
2009-08-03,3.1249282760143897,20
2009-08-04,3.1314002787293522,20
2009-08-05,3.15638567961806,20
2009-08-06,3.131576115181829,20
2009-08-07,3.0794350924300344,20
2009-08-10,3.1054933418760666,20
2009-08-11,3.1209464899576975,20
2009-08-12,2.9860182497807495,20
2009-08-13,2.990793765423207,20
2009-08-14,2.8952448449685075,20
2009-08-17,2.7815986286549537,20
2009-08-18,2.82294349924156,20
2009-08-19,2.7705751667916227,20
2009-08-20,2.8465763043116246,20
2009-08-21,2.928588981160913,20
2009-08-24,2.9917474772478063,20
2009-08-25,2.967175299137808,20
2009-08-26,3.026388774964969,20
2009-08-27,3.0439372874745105,20
2009-08-28,3.0060592501345273,20
2009-08-31,2.8793557164400174,20
2009-09-01,2.85200937623292,20
2009-09-02,2.8846824232471224,20
2009-09-03,2.9611416356797684,20
2009-09-04,2.9941961136737643,20
2009-09-07,3.027201008065077,20
2009-09-08,3.037557671078646,20
2009-09-09,3.0530291976630974,20
2009-09-10,3.0404931087351623,20
2009-09-11,3.0638329194289313,20
2009-09-14,3.1082004734475865,20
2009-09-15,3.1415344479483758,20
2009-09-16,3.1621964370842375,20
2009-09-17,3.2257797017715752,20
2009-09-18,3.1527236466283126,20
2009-09-21,3.203225280560685,20
2009-09-22,3.19001578106456,20
2009-09-23,3.1596028655916686,20
2009-09-24,3.107840196964119,20
2009-09-25,3.117230372296031,20
2009-09-28,3.0767668269150295,20
2009-09-29,3.0281886482416125,20
2009-09-30,3.0549619214425543,20
2009-10-09,3.1360886279924944,20
2009-10-12,3.1488793601967844,19
2009-10-13,3.161862558442467,19
2009-10-14,3.168250192959915,19
2009-10-15,3.1970833890413792,19
2009-10-16,3.201487475754558,19
2009-10-19,3.2315398262870487,19
2009-10-20,3.2551963211412094,19
2009-10-21,3.228877652572297,19
2009-10-22,3.255867067714728,19
2009-10-23,3.2845837501443236,19
2009-10-26,3.298027624813774,19
2009-10-27,3.30310853224952,19
2009-10-28,3.3265376434751643,19
2009-10-29,3.3044857626442745,19
2009-10-30,3.3060098180477353,19
2009-11-02,3.35048104641394,19
2009-11-03,3.368609013052902,20
2009-11-04,3.402718614052969,20
2009-11-05,3.4135629479161445,20
2009-11-06,3.4289289087137598,20
2009-11-09,3.4473267041564033,20
2009-11-10,3.4347580808737126,20
2009-11-11,3.4427336999153932,20
2009-11-12,3.4557035935993135,20
2009-11-13,3.48689886411684,20
2009-11-16,3.5429797132544185,20
2009-11-17,3.557944529660668,20
2009-11-18,3.5755201560810033,20
2009-11-19,3.596987164603362,20
2009-11-20,3.6072058873939663,20
2009-11-23,3.632880081498443,20
2009-11-24,3.5104068333521634,20
2009-11-25,3.5881910607667806,20
2009-11-26,3.477734145067967,20
2009-11-27,3.465811985909962,20
2009-11-30,3.567005243260392,20
2009-12-01,3.638749776427932,20
2009-12-02,3.6890619480723514,20
2009-12-03,3.703427157636067,20
2009-12-04,3.622327467897929,20
2009-12-07,3.6859443458905656,20
2009-12-08,3.696298767191171,20
2009-12-09,3.678991539574857,20
2009-12-10,3.7253785159616086,20
2009-12-11,3.7347435042561044,20
2009-12-14,3.7280130203576083,20
2009-12-15,3.728851834234603,20
2009-12-16,3.692902806464351,20
2009-12-17,3.619559071713133,20
2009-12-18,3.572770586279821,20
2009-12-21,3.6105461242652077,20
2009-12-22,3.574212734264144,20
2009-12-23,3.613892002155407,20
2009-12-24,3.705268396685403,20
2009-12-25,3.713445125513046,20
2009-12-28,3.7465756533739683,20
2009-12-29,3.7817515196996028,20
2009-12-30,3.755194832691768,20
2009-12-31,3.7968473296671537,20
2010-01-04,3.841685266966781,20
2010-01-05,3.8911972752762316,20
2010-01-06,3.865544074882519,20
2010-01-07,3.841731659461892,20
2010-01-08,3.871341290577279,20
2010-01-11,3.9297374208260814,20
2010-01-12,4.000400912372885,20
2010-01-13,3.994584000941387,20
2010-01-14,4.056391505181442,20
2010-01-15,4.094656827153095,20
2010-01-18,4.143242837652764,20
2010-01-19,4.105666969293141,20
2010-01-20,3.967529040892136,20
2010-01-21,3.974329083154146,20
2010-01-22,3.9038513877354637,20
2010-01-25,3.8785709813377762,20
2010-01-26,3.79117506038197,20
2010-01-27,3.7979407343759424,20
2010-01-28,3.8279057600337296,20
2010-01-29,3.863974118984937,20
2010-02-01,3.8281154484986275,20
2010-02-02,3.7971941073563378,20
2010-02-03,3.8074822748202224,20
2010-02-04,3.7995565773845583,20
2010-02-05,3.7368543261069225,20
2010-02-08,3.7260339404250473,20
2010-02-09,3.745322185718009,20
2010-02-10,3.799811253257194,20
2010-02-11,3.7996828888009886,20
2010-02-12,3.837311206184771,20
2010-02-22,3.8322614473478476,20
2010-02-23,3.8221957970874776,20
2010-02-24,3.914196787598001,20
2010-02-25,3.953360671143546,20
2010-02-26,3.9613232864609986,20
2010-03-01,3.990292227111989,20
2010-03-02,3.9796072705732026,20
2010-03-03,3.9887281152424,20
2010-03-04,3.926633862938256,20
2010-03-05,3.946401217741792,20
2010-03-08,3.9651927857565483,20
2010-03-09,3.956285506059387,20
2010-03-10,3.911469943423253,20
2010-03-11,3.9110964789318228,20
2010-03-12,3.8824960387826595,20
2010-03-15,3.8654093486438312,20
2010-03-16,3.879680069997593,20
2010-03-17,3.952419836391766,20
2010-03-18,3.9577223415736444,20
2010-03-19,3.96608883211787,20
2010-03-22,3.97985630037385,20
2010-03-23,4.01354171909539,20
2010-03-24,4.051586720658432,20
2010-03-25,4.025101972534136,20
2010-03-26,4.034150807388778,20
2010-03-29,4.031119975235498,20
2010-03-30,4.04958899566023,20
2010-03-31,4.082983601059322,20
2010-04-01,4.12715917476357,20
2010-04-02,4.128530020167254,20
2010-04-06,4.158478481535116,20
2010-04-07,4.1678321804120415,20
2010-04-08,4.168341536156434,20
2010-04-09,4.2206243914630175,20
2010-04-12,4.270703331007622,20
2010-04-13,4.191745118987091,20
2010-04-14,4.217984343760964,20
2010-04-15,4.1824820644775995,20
2010-04-16,4.196557997137266,20
2010-04-19,4.127033315281761,20
2010-04-20,4.181749967592404,20
2010-04-21,4.25478815700155,20
2010-04-22,4.291676330715147,20
2010-04-23,4.279984548404667,20
2010-04-26,4.271888968792066,20
2010-04-27,4.19240978314116,20
2010-04-28,4.163863900996934,20
2010-04-29,4.08499684285772,20
2010-04-30,4.019585142369497,20
2010-05-04,4.035904253763383,20
2010-05-05,4.126389315199621,20
2010-05-06,4.075704905212221,20
2010-05-07,4.030691594539249,20
2010-05-10,3.9682368671628727,20
2010-05-11,3.90321880281416,20
2010-05-12,3.826913984211506,20
2010-05-13,3.91833761741116,20
2010-05-14,3.9375852301373864,20
2010-05-17,3.823533977691506,20
2010-05-18,3.853990058616501,20
2010-05-19,3.8597489498406303,20
2010-05-20,3.836893710035564,20
2010-05-21,3.8873542471217295,20
2010-05-24,3.976032186461943,20
2010-05-25,3.953919813589433,20
2010-05-26,3.9455149802604823,20
2010-05-27,3.983038154029062,20
2010-05-28,4.010512028923176,20
2010-05-31,3.9939388333219195,20
2010-06-01,3.973317045119043,20
2010-06-02,3.987423986613821,20
2010-06-03,3.9916397564563253,20
2010-06-04,4.006284071696312,20
2010-06-07,4.015060239530562,20
2010-06-08,4.039128862029016,20
2010-06-09,4.058671943111541,20
2010-06-10,4.066100048581077,20
2010-06-11,4.071464584332507,20
2010-06-17,4.039376652708234,20
2010-06-18,3.988405814597246,20
2010-06-21,4.019482540727597,20
2010-06-22,4.030490017389023,20
2010-06-23,4.030930619426253,20
2010-06-24,4.034972707014927,20
2010-06-25,4.015759372862755,20
2010-06-28,3.996388567574949,20
2010-06-29,3.9470301414340376,20
2010-06-30,3.945584680765766,20
2010-07-01,3.936087697544952,20
2010-07-02,3.9150476645390038,20
2010-07-05,3.9090301343212057,20
2010-07-06,3.937243509708998,20
2010-07-07,3.9554089798779146,20
2010-07-08,3.949198116531178,20
2010-07-09,3.971204556554603,20
2010-07-12,3.9801279783128334,20
2010-07-13,3.966713874414878,20
2010-07-14,3.9755313316291074,20
2010-07-15,3.9562415877225354,20
2010-07-16,3.959067791350155,20
2010-07-19,3.979826942563243,20
2010-07-20,4.0077440525456876,20
2010-07-21,4.012979217850399,20
2010-07-22,4.0222213234551685,20
2010-07-23,4.022589233653559,20
2010-07-26,4.040140300266159,20
2010-07-27,4.044166880087642,20
2010-07-28,4.0610993867743685,20
2010-07-29,4.063541902864823,20
2010-07-30,4.068771096489664,20
2010-08-02,4.079596145649114,20
2010-08-03,4.06953583212005,20
2010-08-04,4.0770551769063985,20
2010-08-05,4.082318836033653,20
2010-08-06,4.101750499325649,20
2010-08-09,4.120777459104478,20
2010-08-10,4.092178880132398,20
2010-08-11,4.10712855517976,20
2010-08-12,4.095935766852925,20
2010-08-13,4.113757095860545,20
2010-08-16,4.132436388420269,20
2010-08-17,4.141324939980488,20
2010-08-18,4.13666120883674,20
2010-08-19,4.13489634908092,20
2010-08-20,4.115372796055974,20
2010-08-23,4.1272475572013825,20
2010-08-24,4.141868771195735,20
2010-08-25,4.138659952206536,20
2010-08-26,4.146621001935147,20
2010-08-27,4.1563032096342285,20
2010-08-30,4.191100506354628,20
2010-08-31,4.207091705685975,20
2010-09-01,4.169789032552182,20
2010-09-02,4.2178379242949315,20
2010-09-03,4.239778034521469,20
2010-09-06,4.2129073299995525,20
2010-09-07,4.223098697737361,20
2010-09-08,4.254126415501017,20
2010-09-09,4.237046221560809,20
2010-09-10,4.24409404367571,20
2010-09-13,4.2751988535587,20
2010-09-14,4.299172701047013,20
2010-09-15,4.274641580950774,20
2010-09-16,4.212134242703162,20
2010-09-17,4.205769563101889,20
2010-09-20,4.175928141057369,20
2010-09-21,4.172971558889392,20
2010-09-27,4.210753353735817,20
2010-09-28,4.201076840962063,20
2010-09-29,4.182816567904229,20
2010-09-30,4.217114771910125,20
2010-10-08,4.257734746861803,20
2010-10-11,4.220904347108986,20
2010-10-12,4.220723566364601,20
2010-10-13,4.233313744655276,20
2010-10-14,4.1493379813243845,20
2010-10-15,4.12052051068789,20
2010-10-18,4.082688381382215,20
2010-10-19,4.178474601863013,20
2010-10-20,4.193117978746007,20
2010-10-21,4.202991237482512,20
2010-10-22,4.253646612045055,20
2010-10-25,4.322301690288363,20
2010-10-26,4.3446687585828,20
2010-10-27,4.342461688048724,20
2010-10-28,4.377785416044892,20
2010-10-29,4.40517900475882,20
2010-11-01,4.502813757555001,20
2010-11-02,4.4017695569879685,16
2010-11-03,4.283875152127377,16
2010-11-04,4.328292305085835,16
2010-11-05,4.369791664269538,16
2010-11-08,4.455542549457924,16
2010-11-09,4.47874022551648,16
2010-11-10,4.552897074060623,16
2010-11-11,4.5244698178755485,16
2010-11-12,4.347043674213563,16
2010-11-15,4.527665960523192,16
2010-11-16,4.519391640739633,16
2010-11-17,4.375436688025745,16
2010-11-18,4.426268422551708,16
2010-11-19,4.583449348916411,16
2010-11-22,4.642545895386129,16
2010-11-23,4.648885681290941,16
2010-11-24,4.7358219559094925,16
2010-11-25,4.680501992407559,16
2010-11-26,4.71075768449789,16
2010-11-29,4.7488348693749405,16
2010-11-30,4.63039106028733,16
2010-12-01,4.610492000433394,16
2010-12-02,4.602507702547388,20
2010-12-03,4.567037879995606,20
2010-12-06,4.525932150741025,20
2010-12-07,4.577829465994875,20
2010-12-08,4.579859339944863,20
2010-12-09,4.553279310131428,20
2010-12-10,4.6172755022541345,20
2010-12-13,4.7301392178921375,20
2010-12-14,4.749277360660226,20
2010-12-15,4.722889955663122,20
2010-12-16,4.7344107440004235,20
2010-12-17,4.775516662537421,20
2010-12-20,4.73883147317441,20
2010-12-21,4.772605567484271,20
2010-12-22,4.744524847914798,20
2010-12-23,4.676991261153582,20
2010-12-24,4.594931695777968,20
2010-12-27,4.472659804093404,20
2010-12-28,4.417442120208304,20
2010-12-29,4.483696977111979,20
2010-12-30,4.493840521084595,20
2010-12-31,4.555418007376493,20
2011-01-04,4.615990297792647,20
2011-01-05,4.618359533552273,20
2011-01-06,4.576506931924167,20
2011-01-07,4.563237552261284,20
2011-01-10,4.457950592376183,20
2011-01-11,4.400191486487252,20
2011-01-12,4.4154904060648015,20
2011-01-13,4.414931256836041,20
2011-01-14,4.336830122845229,20
2011-01-17,4.175245860122324,20
2011-01-18,4.178510061860527,20
2011-01-19,4.2440895228052105,20
2011-01-20,4.1283837774514875,20
2011-01-21,4.137731850394407,20
2011-01-24,4.091840816982795,20
2011-01-25,4.054092155057877,20
2011-01-26,4.116021519013542,20
2011-01-27,4.170464784060185,20
2011-01-28,4.2173089756804005,20
2011-01-31,4.234636560701983,20
2011-02-01,4.241523743003297,20
2011-02-09,4.205545313765548,19
2011-02-10,4.305112525393853,19
2011-02-11,4.334771012912263,19
2011-02-14,4.370914507320319,19
2011-02-15,4.383248486847185,19
2011-02-16,4.431143442926775,19
2011-02-17,4.4613681000142895,19
2011-02-18,4.414946931651902,19
2011-02-21,4.4591793932096735,19
2011-02-22,4.40171286406165,19
2011-02-23,4.4180053144282505,19
2011-02-24,4.414631917636508,19
2011-02-25,4.413297497538185,19
2011-02-28,4.453500252184693,19
2011-03-01,4.4826418595322375,19
2011-03-02,4.476318760778378,20
2011-03-03,4.418622642849476,20
2011-03-04,4.430714031020397,20
2011-03-07,4.440045433387774,20
2011-03-08,4.460700051235658,20
2011-03-09,4.463706426613496,20
2011-03-10,4.459594466643599,20
2011-03-11,4.4760197398276516,20
2011-03-14,4.507664595497839,20
2011-03-15,4.458773382697248,20
2011-03-16,4.49122412191419,20
2011-03-17,4.419392445053681,20
2011-03-18,4.440008500328188,20
2011-03-21,4.404800955148157,20
2011-03-22,4.39507267083163,20
2011-03-23,4.425686625126041,20
2011-03-24,4.409693205393508,20
2011-03-25,4.422059587495286,20
2011-03-28,4.392861709410959,20
2011-03-29,4.291715865132994,20
2011-03-30,4.282291890146289,20
2011-03-31,4.281957573427392,20
2011-04-01,4.315149709368234,20
2011-04-06,4.303402037598776,20
2011-04-07,4.3388960875650655,20
2011-04-08,4.394886193858354,20
2011-04-11,4.344805471680903,20
2011-04-12,4.301889538149713,20
2011-04-13,4.357146471372585,20
2011-04-14,4.3372925299882565,20
2011-04-15,4.345107126647377,20
2011-04-18,4.344026531991773,20
2011-04-19,4.316443928932267,20
2011-04-20,4.34163279243541,20
2011-04-21,4.359157768978674,20
2011-04-22,4.345846750819921,20
2011-04-25,4.275664114008184,20
2011-04-26,4.223078501486191,20
2011-04-27,4.166998451389374,20
2011-04-28,4.045074017998925,20
2011-04-29,4.09184756935721,20
2011-05-03,4.11332061657054,20
2011-05-04,4.057566671210399,20
2011-05-05,4.066529990579888,20
2011-05-06,4.099188670577509,20
2011-05-09,4.124022167807057,20
2011-05-10,4.15265351064184,20
2011-05-11,4.159128291546278,20
2011-05-12,4.12424855825906,20
2011-05-13,4.134056020139918,20
2011-05-16,4.1432335854075975,20
2011-05-17,4.135324957873797,20
2011-05-18,4.137961245620017,20
2011-05-19,4.146394264145264,20
2011-05-20,4.143456264994732,20
2011-05-23,4.061092059214572,20
2011-05-24,4.0353042838118585,20
2011-05-25,3.9978887736589344,20
2011-05-26,3.9729234671426257,20
2011-05-27,3.9022522821952963,20
2011-05-30,3.8777243624965694,20
2011-05-31,3.902413573259896,20
2011-06-01,3.9234687603276064,20
2011-06-02,3.9022247158098553,20
2011-06-03,3.9259058679042753,20
2011-06-07,3.935342459970848,20
2011-06-08,3.9390993238433696,20
2011-06-09,3.9189955267217176,20
2011-06-10,3.9081882543332616,20
2011-06-13,3.902262103122442,20
2011-06-14,3.91963962437087,20
2011-06-15,3.9062662719907024,20
2011-06-16,3.877327015497569,20
2011-06-17,3.8594471190147823,20
2011-06-20,3.843511547734614,20
2011-06-21,3.8584534759262485,20
2011-06-22,3.8582655471854688,20
2011-06-23,3.8817893447944383,20
2011-06-24,3.9172519152151013,20
2011-06-27,3.9348655080990023,20
2011-06-28,3.9451796838592563,20
2011-06-29,3.935397384454405,20
2011-06-30,3.948068449610336,20
2011-07-01,3.949258083484019,20
2011-07-04,3.9775600387743797,20
2011-07-05,3.98031831700515,20
2011-07-06,3.9895706225989978,20
2011-07-07,3.9883092884285825,20
2011-07-08,3.9865838937364053,20
2011-07-11,4.0064017959712785,20
2011-07-12,3.993993957046748,20
2011-07-13,4.017694087203093,20
2011-07-14,4.023331119101213,20
2011-07-15,4.030452989122534,20
2011-07-18,4.036533068140939,20
2011-07-19,4.01427959131195,20
2011-07-20,4.015612196260882,20
2011-07-21,3.999598330025092,20
2011-07-22,4.005267547793552,20
2011-07-25,3.968585223695834,20
2011-07-26,3.9747798938277628,20
2011-07-27,4.004879917377413,20
2011-07-28,4.01285223246352,20
2011-07-29,4.004463561666409,20
2011-08-01,3.9987076577498044,20
2011-08-02,3.9858002919341105,20
2011-08-03,3.9983882023739516,20
2011-08-04,3.999324768614068,20
2011-08-05,3.9848656594171707,20
2011-08-08,3.936800922335893,20
2011-08-09,3.933835058377456,20
2011-08-10,3.9511073336584865,20
2011-08-11,3.9738569469572904,20
2011-08-12,3.9894728728340385,20
2011-08-15,3.998255518221615,20
2011-08-16,3.986359451961359,20
2011-08-17,3.9870505637374634,20
2011-08-18,3.9645317955310357,20
2011-08-19,3.96185285074432,20
2011-08-22,3.9559588315570595,20
2011-08-23,3.9748182706265083,20
2011-08-24,3.9754308299534347,20
2011-08-25,3.9921500218217694,20
2011-08-26,3.992837032546925,20
2011-08-29,3.990277821682276,20
2011-08-30,3.9771515306694454,20
2011-08-31,3.96929725570758,20
2011-09-01,3.959605811859633,20
2011-09-02,3.948594223541072,19
2011-09-05,3.932815223994264,19
2011-09-06,3.915995039167491,19
2011-09-07,3.9377120630111277,19
2011-09-08,3.92828755399019,19
2011-09-09,3.92444043033424,19
2011-09-13,3.9044847740490214,19
2011-09-14,3.9169485223436116,19
2011-09-15,3.915950115679855,19
2011-09-16,3.915292088960236,19
2011-09-19,3.894567899490888,19
2011-09-20,3.9062009198742276,19
2011-09-21,3.932210399326396,19
2011-09-22,3.9077428018821303,19
2011-09-23,3.897669621797242,19
2011-09-26,3.883022797145765,19
2011-09-27,3.881031751023762,19
2011-09-28,3.866452303936004,19
2011-09-29,3.8379066174083287,19
2011-09-30,3.840133247003253,19
2011-10-10,3.831857476951243,19
2011-10-11,3.8274639538902884,20
2011-10-12,3.8534531408249304,20
2011-10-13,3.8647759909590302,20
2011-10-14,3.8601695409542303,20
2011-10-17,3.8723943804901433,20
2011-10-18,3.848096201952545,20
2011-10-19,3.8432883957414177,20
2011-10-20,3.8206050624909884,20
2011-10-21,3.804164450280107,20
2011-10-24,3.812967269406916,20
2011-10-25,3.833293979690399,20
2011-10-26,3.843867663157487,20
2011-10-27,3.8411601190298756,20
2011-10-28,3.8524057992682628,20
2011-10-31,3.860259608033934,20
2011-11-01,3.8588148595571945,20
2011-11-02,3.8827396957585445,19
2011-11-03,3.8877855218217245,19
2011-11-04,3.8855563313134294,19
2011-11-07,3.883302897132869,19
2011-11-08,3.8755444019711107,19
2011-11-09,3.8953915755130044,19
2011-11-10,3.89522545658918,19
2011-11-11,3.8962875282770586,19
2011-11-14,3.9155865422718144,19
2011-11-15,3.922663154926018,19
2011-11-16,3.903185171986443,19
2011-11-17,3.9047576953772567,19
2011-11-18,3.8822235371371114,19
2011-11-21,3.8784042685590956,19
2011-11-22,3.8800756907101164,19
2011-11-23,3.880403480138985,19
2011-11-24,3.879565034362662,19
2011-11-25,3.8764531871282544,19
2011-11-28,3.8793731529482165,19
2011-11-29,3.898046876961838,19
2011-11-30,3.8692930429030588,19
2011-12-01,3.882707787197941,19
2011-12-02,3.861511525002153,19
2011-12-05,3.838101445699526,19
2011-12-06,3.8407976623220375,19
2011-12-07,3.841509346327202,19
2011-12-08,3.8454411120810454,19
2011-12-09,3.8340190751923524,19
2011-12-12,3.8220025138705305,19
2011-12-13,3.7967513592227005,19
2011-12-14,3.786347182910829,19
2011-12-15,3.7769594601062817,19
2011-12-16,3.8017032743109542,19
2011-12-19,3.800503743011411,19
2011-12-20,3.796225645154427,19
2011-12-21,3.7807417022749523,19
2011-12-22,3.7624713879108693,19
2011-12-23,3.7641719663539095,19
2011-12-26,3.7574236986546103,19
2011-12-27,3.7338299538145825,19
2011-12-28,3.7250138037967773,19
2011-12-29,3.7226702938735032,19
2011-12-30,3.7350834661614796,19
2012-01-04,3.7098322117530294,19
2012-01-05,3.675651068185803,21
2012-01-06,3.678486047503281,21
2012-01-09,3.703717949402976,21
2012-01-10,3.728990259219508,21
2012-01-11,3.735657253849282,21
2012-01-12,3.730983804814535,21
2012-01-13,3.6921398184009315,21
2012-01-16,3.6567656844865484,21
2012-01-17,3.6892859168396397,21
2012-01-18,3.6599175347293236,21
2012-01-19,3.6564129494348863,21
2012-01-20,3.673593073462153,21
2012-01-30,3.673711905188727,21
2012-01-31,3.6737236055040405,21
2012-02-01,3.6685369934385976,21
2012-02-02,3.6813883316792437,20
2012-02-03,3.6972556728685864,20
2012-02-06,3.701914756238674,20
2012-02-07,3.6887994606383443,20
2012-02-08,3.7064583157264113,20
2012-02-09,3.7110330844253907,20
2012-02-10,3.711103831489433,20
2012-02-13,3.7228662673640533,20
2012-02-14,3.7227627274774107,20
2012-02-15,3.732976052070455,20
2012-02-16,3.7321507869756965,20
2012-02-17,3.72407806709655,20
2012-02-20,3.7307609408942386,20
2012-02-21,3.747538246244808,20
2012-02-22,3.7692657961707194,20
2012-02-23,3.7775326305630994,20
2012-02-24,3.7828165675371785,20
2012-02-27,3.7815709088864535,20
2012-02-28,3.7762180473685527,20
2012-02-29,3.762381261442559,20
2012-03-01,3.763461957393161,20
2012-03-02,3.7790752591720453,19
2012-03-05,3.7804315363546204,19
2012-03-06,3.766826772266427,19
2012-03-07,3.7622598527978814,19
2012-03-08,3.773855280445246,19
2012-03-09,3.790060954379398,19
2012-03-12,3.793994331060423,19
2012-03-13,3.806757167030755,19
2012-03-14,3.7669810833207653,19
2012-03-15,3.766949842300056,19
2012-03-16,3.781461355109623,19
2012-03-19,3.7898600546850214,19
2012-03-20,3.765264503866546,19
2012-03-21,3.7664390282475173,19
2012-03-22,3.762380764315319,19
2012-03-23,3.746883962519661,19
2012-03-26,3.7416847988454522,19
2012-03-27,3.738435198902539,19
2012-03-28,3.6971664372548148,19
2012-03-29,3.6880106023565538,19
2012-03-30,3.6865945815295165,19
2012-04-05,3.705364225166037,19
2012-04-06,3.711384788207187,20
2012-04-09,3.7001871154116577,20
2012-04-10,3.7070451536358306,20
2012-04-11,3.7092781147173204,20
2012-04-12,3.727747839639132,20
2012-04-13,3.732697496779019,20
2012-04-16,3.726133332788011,20
2012-04-17,3.7268782638028384,20
2012-04-18,3.7388815190602793,20
2012-04-19,3.74193802501736,20
2012-04-20,3.7488976022387708,20
2012-04-23,3.7222986317196187,20
2012-04-24,3.7100799762584407,20
2012-04-25,3.7174108829759964,20
2012-04-26,3.7142487407779337,20
2012-04-27,3.7156490564964435,20
2012-05-02,3.7314641840647993,20
2012-05-03,3.739773000630483,20
2012-05-04,3.757591998351586,20
2012-05-07,3.7782826677380847,20
2012-05-08,3.7792904200959536,20
2012-05-09,3.7634842682832192,20
2012-05-10,3.76532385920329,20
2012-05-11,3.7614151525740316,20
2012-05-14,3.764061152040466,20
2012-05-15,3.761404896599621,20
2012-05-16,3.741416425285372,20
2012-05-17,3.7546778638844196,20
2012-05-18,3.7336315067048003,20
2012-05-21,3.732003251765498,20
2012-05-22,3.7461335150586033,20
2012-05-23,3.7450785867348815,20
2012-05-24,3.748281692503037,20
2012-05-25,3.730836757117444,20
2012-05-28,3.7388502172825193,20
2012-05-29,3.770066215650205,20
2012-05-30,3.774810263436951,20
2012-05-31,3.7859966881020295,20
2012-06-01,3.794047603783845,20
2012-06-04,3.758547920345531,20
2012-06-05,3.7556664528327457,20
2012-06-06,3.7486637564684946,20
2012-06-07,3.7377774371719927,20
2012-06-08,3.7311488080862345,20
2012-06-11,3.7640937726787786,20
2012-06-12,3.75084363914144,20
2012-06-13,3.7865611658492884,20
2012-06-14,3.7987609267046607,20
2012-06-15,3.791529633110498,20
2012-06-18,3.80873394065319,20
2012-06-19,3.8029172941496294,20
2012-06-20,3.813467918441572,20
2012-06-21,3.7868729838826143,20
2012-06-25,3.7450003886889487,20
2012-06-26,3.7481338913738487,20
2012-06-27,3.746295096128055,20
2012-06-28,3.7295284309221484,20
2012-06-29,3.7522048540081028,20
2012-07-02,3.7639926085333952,20
2012-07-03,3.789220332509078,20
2012-07-04,3.7801326264251838,20
2012-07-05,3.754998513089933,20
2012-07-06,3.7678802798562816,20
2012-07-09,3.7314749879940776,20
2012-07-10,3.704381246003184,20
2012-07-11,3.7014766634427425,20
2012-07-12,3.720970579874277,20
2012-07-13,3.7016816226029476,20
2012-07-16,3.6433530269257193,20
2012-07-17,3.647679736108668,20
2012-07-18,3.6546459037313417,20
2012-07-19,3.66946599411635,20
2012-07-20,3.663951506716843,20
2012-07-23,3.649407337215104,20
2012-07-24,3.6575068976460794,20
2012-07-25,3.6599318905142586,20
2012-07-26,3.651218124779381,20
2012-07-27,3.641794255311145,20
2012-07-30,3.6245181839204847,20
2012-07-31,3.597335126728957,20
2012-08-01,3.6117657719467853,20
2012-08-02,3.6009964953049187,20
2012-08-03,3.6258665550466556,20
2012-08-06,3.651655969972758,20
2012-08-07,3.67058580711596,20
2012-08-08,3.6657975303320858,20
2012-08-09,3.6837904267989883,20
2012-08-10,3.6792054115363886,20
2012-08-13,3.6563680218676193,20
2012-08-14,3.667375610768016,20
2012-08-15,3.6566579029200255,20
2012-08-16,3.6555794470474687,20
2012-08-17,3.6545948462813986,20
2012-08-20,3.66755494247231,20
2012-08-21,3.686692906851268,20
2012-08-22,3.6780146430298024,20
2012-08-23,3.7070336049068686,20
2012-08-24,3.68263154009522,20
2012-08-27,3.659915209527766,20
2012-08-28,3.673230723162597,20
2012-08-29,3.670239798856669,20
2012-08-30,3.63998554425744,20
2012-08-31,3.645627844432406,20
2012-09-03,3.6652531398417088,20
2012-09-04,3.6638639852185744,19
2012-09-05,3.683892537188505,19
2012-09-06,3.689212517409818,19
2012-09-07,3.715028252109903,19
2012-09-10,3.7242005143261516,19
2012-09-11,3.717361385373196,19
2012-09-12,3.7232594892987323,19
2012-09-13,3.7058261602014753,19
2012-09-14,3.6980272096444757,19
2012-09-17,3.6639848190198196,19
2012-09-18,3.672597417061899,19
2012-09-19,3.6826755098023143,19
2012-09-20,3.6568122498165168,19
2012-09-21,3.6430782713690686,19
2012-09-24,3.6545153148110217,19
2012-09-25,3.6459983721699625,19
2012-09-26,3.621094437214908,19
2012-09-27,3.6462497793269932,19
2012-09-28,3.6684528276395465,19
2012-10-08,3.6732591487679516,19
2012-10-09,3.7044402529942984,20
2012-10-10,3.7184428957545896,20
2012-10-11,3.6917436265705845,20
2012-10-12,3.69163079966823,20
2012-10-15,3.6691069492962125,20
2012-10-16,3.6735922563574617,20
2012-10-17,3.678098486743906,20
2012-10-18,3.694543195618706,20
2012-10-19,3.6893300928183566,20
2012-10-22,3.6936155704201723,20
2012-10-23,3.6791532683595727,20
2012-10-24,3.676280340712812,20
2012-10-25,3.6677487620480798,20
2012-10-26,3.6440991658951125,20
2012-10-29,3.640263523423747,20
2012-10-30,3.640645730683383,20
2012-10-31,3.644780474057975,20
2012-11-01,3.656800472655828,20
2012-11-02,3.6599253868231676,20
2012-11-05,3.6541517200603915,20
2012-11-06,3.6513740218071526,20
2012-11-07,3.6583489467524517,20
2012-11-08,3.640691096890375,20
2012-11-09,3.6410532066425323,20
2012-11-12,3.649606455226371,20
2012-11-13,3.6357928280093907,20
2012-11-14,3.6448915948259097,20
2012-11-15,3.6228014008149696,20
2012-11-16,3.6195548404509297,20
2012-11-19,3.626522258383517,20
2012-11-20,3.634420243702192,20
2012-11-21,3.640883744963533,20
2012-11-22,3.632615279383194,20
2012-11-23,3.6298229388737875,20
2012-11-26,3.618379825659695,20
2012-11-27,3.582908603508005,20
2012-11-28,3.5630324556952004,20
2012-11-29,3.5572406922677566,20
2012-11-30,3.564274979821669,20
2012-12-03,3.541497118572305,20
2012-12-04,3.548350073906983,22
2012-12-05,3.5774986483790374,22
2012-12-06,3.5783418540371934,22
2012-12-07,3.5979020508637505,22
2012-12-10,3.6160024966313955,22
2012-12-11,3.6096568782451794,22
2012-12-12,3.6128240554417825,22
2012-12-13,3.6026136089713043,22
2012-12-14,3.6309594867634907,22
2012-12-17,3.630083827360586,22
2012-12-18,3.625628001713024,22
2012-12-19,3.631282399296953,22
2012-12-20,3.639149621902754,22
2012-12-21,3.6546935720887284,22
2012-12-24,3.661399801192735,22
2012-12-25,3.6856770028693644,22
2012-12-26,3.709499646045969,22
2012-12-27,3.687781223519552,22
2012-12-28,3.7017775419184256,22
2012-12-31,3.714622356262018,22
2013-01-04,3.6893180583726126,22
2013-01-07,3.722079470632359,19
2013-01-08,3.7478245054297328,19
2013-01-09,3.754669307351707,19
2013-01-10,3.7671168153505197,19
2013-01-11,3.731208222793671,19
2013-01-14,3.797608200982337,19
2013-01-15,3.849312540934962,19
2013-01-16,3.820036736212261,19
2013-01-17,3.791262257782475,19
2013-01-18,3.8123585431227793,19
2013-01-21,3.8507191025806256,19
2013-01-22,3.7945380614446806,19
2013-01-23,3.7854589304936446,19
2013-01-24,3.727619224317033,19
2013-01-25,3.726807894342141,19
2013-01-28,3.784301717285083,19
2013-01-29,3.7942934983904744,19
2013-01-30,3.7870037087549004,19
2013-01-31,3.751335934526954,19
2013-02-01,3.777649544700764,19
2013-02-04,3.7602553150711477,20
2013-02-05,3.7830032345545375,20
2013-02-06,3.7925802649837275,20
2013-02-07,3.813565209684794,20
2013-02-08,3.8393336262622664,20
2013-02-18,3.866111924606214,20
2013-02-19,3.8439708926383163,20
2013-02-20,3.8922675564700033,20
2013-02-21,3.8398632580589678,20
2013-02-22,3.845712114709741,20
2013-02-25,3.897064865133408,20
2013-02-26,3.883361593711124,20
2013-02-27,3.886016194374797,20
2013-02-28,3.9523034289538583,20
2013-03-01,4.003937843847011,20
2013-03-04,3.889585540759692,20
2013-03-05,3.9976593988135076,20
2013-03-06,4.043334367333582,20
2013-03-07,3.973952094748801,20
2013-03-08,3.9422669997166047,20
2013-03-11,3.96692472129951,20
2013-03-12,3.856257773735662,20
2013-03-13,3.83980822927724,20
2013-03-14,3.834150012340883,20
2013-03-15,3.84883064979281,20
2013-03-18,3.8131955628507117,20
2013-03-19,3.813900241763728,20
2013-03-20,3.9278988881329586,20
2013-03-21,3.969249083182597,20
2013-03-22,3.9880224538652307,20
2013-03-25,3.972287127846343,20
2013-03-26,3.9509384249653614,20
2013-03-27,3.964052618742693,20
2013-03-28,3.847717126935537,20
2013-03-29,3.8339295984560127,20
2013-04-01,3.863844980525726,20
2013-04-02,3.801054665675396,20
2013-04-03,3.761889141680477,20
2013-04-08,3.7451338008301605,20
2013-04-09,3.7699921483758265,20
2013-04-10,3.7522369028941056,20
2013-04-11,3.7438422794490585,20
2013-04-12,3.7323830214233484,20
2013-04-15,3.700652429818592,20
2013-04-16,3.7389641553794517,20
2013-04-17,3.7818166665122717,20
2013-04-18,3.81021866891375,20
2013-04-19,3.8883326650780945,20
2013-04-22,3.9324810254386087,20
2013-04-23,3.8569539724082924,20
2013-04-24,3.973674235332882,20
2013-04-25,3.918133576536927,20
2013-04-26,3.859340986917272,20
2013-05-02,3.8935897896776988,20
2013-05-03,3.9510860877056238,20
2013-05-06,4.015450264884461,20
2013-05-07,4.0051426505883185,20
2013-05-08,4.0492419057215825,20
2013-05-09,4.111360226568907,20
2013-05-10,4.107164359770452,20
2013-05-13,4.130635051403587,20
2013-05-14,4.043132012156769,20
2013-05-15,4.143089769876817,20
2013-05-16,4.133335263322056,20
2013-05-17,4.176086997075066,20
2013-05-20,4.284801448612738,20
2013-05-21,4.3490968204236236,20
2013-05-22,4.298959798757758,20
2013-05-23,4.259545598896834,20
2013-05-24,4.3260752983537385,20
2013-05-27,4.360014465141657,20
2013-05-28,4.301397482588253,20
2013-05-29,4.3326911570564475,20
2013-05-30,4.3522561957777794,20
2013-05-31,4.360881252545389,20
2013-06-03,4.3002971416726234,20
2013-06-04,4.189084379897713,21
2013-06-05,4.180468051476505,21
2013-06-06,4.130798352242443,21
2013-06-07,4.074941848783461,21
2013-06-13,3.980299939891776,21
2013-06-14,4.055905637870895,21
2013-06-17,4.084595567289216,21
2013-06-18,4.092915284986943,21
2013-06-19,4.06655189080669,21
2013-06-20,3.943057588689512,21
2013-06-21,3.91499761089461,21
2013-06-24,3.7104470894075625,21
2013-06-25,3.7031442235666434,21
2013-06-26,3.774771946499646,21
2013-06-27,3.6959624725781515,21
2013-06-28,3.6821686875389696,21
2013-07-01,3.7364712241710527,21
2013-07-02,3.7659863023136793,20
2013-07-03,3.76549949795568,20
2013-07-04,3.77030863903741,20
2013-07-05,3.748243913528473,20
2013-07-08,3.6677807460707434,20
2013-07-09,3.6776335195977987,20
2013-07-10,3.7195614382506963,20
2013-07-11,3.773958350123886,20
2013-07-12,3.782949394015908,20
2013-07-15,3.8375300466675855,20
2013-07-16,3.8700930569415575,20
2013-07-17,3.8559556828131867,20
2013-07-18,3.8575433210771073,20
2013-07-19,3.8281787839809875,20
2013-07-22,3.8690445217601175,20
2013-07-23,3.928747940320332,20
2013-07-24,3.956298912135884,20
2013-07-25,3.9150245130101147,20
2013-07-26,3.9201407681931175,20
2013-07-29,3.8720810739072156,20
2013-07-30,3.8537339579687573,20
2013-07-31,3.865547333756258,20
2013-08-01,3.9633039752831234,20
2013-08-02,3.9919707208721205,19
2013-08-05,4.056731976722129,19
2013-08-06,4.074772357849683,19
2013-08-07,4.035469449869077,19
2013-08-08,4.046559623947158,19
2013-08-09,4.03875654206159,19
2013-08-12,4.055017236661511,19
2013-08-13,4.065211212025141,19
2013-08-14,4.064275926273534,19
2013-08-15,4.020830138923135,19
2013-08-16,3.9565927102861504,19
2013-08-19,4.011069536799695,19
2013-08-20,4.009408064437448,19
2013-08-21,4.037480823123803,19
2013-08-22,4.0520702030405396,19
2013-08-23,4.0308712539154135,19
2013-08-26,4.080420577519156,19
2013-08-27,4.092403217738947,19
2013-08-28,4.05071306290952,19
2013-08-29,4.057643322311075,19
2013-08-30,3.969577738718511,19
2013-09-02,4.012474028875234,19
2013-09-03,4.061425706509656,19
2013-09-04,4.060172819065657,19
2013-09-05,4.084957857938157,19
2013-09-06,4.098951897257135,19
2013-09-09,4.095297695462883,19
2013-09-10,4.0829441247211005,19
2013-09-11,4.039289747352827,19
2013-09-12,4.028985920426158,19
2013-09-13,4.068025467987168,19
2013-09-16,4.102325162735133,19
2013-09-17,4.051606784118019,19
2013-09-18,4.079444509161733,19
2013-09-23,4.1437470676644805,19
2013-09-24,4.159898719946015,19
2013-09-25,4.1593640540888694,19
2013-09-26,4.139651215349192,19
2013-09-27,4.155790096367902,19
2013-09-30,4.201415073983406,19
2013-10-08,4.268512777720342,19
2013-10-09,4.329740770002571,20
2013-10-10,4.320294592277393,20
2013-10-11,4.379566851366514,20
2013-10-14,4.480238130712512,20
2013-10-15,4.487741721579556,20
2013-10-16,4.416926918309053,20
2013-10-17,4.429474833730597,20
2013-10-18,4.495042145841497,20
2013-10-21,4.5934170985804865,20
2013-10-22,4.549277869515634,20
2013-10-23,4.412873871020996,20
2013-10-24,4.41817907196242,20
2013-10-25,4.335381747625814,20
2013-10-28,4.33014330959721,20
2013-10-29,4.222180058923888,20
2013-10-30,4.314868672767416,20
2013-10-31,4.283762648427698,20
2013-11-01,4.25084477396201,20
2013-11-04,4.274994953572339,19
2013-11-05,4.320781334664555,19
2013-11-06,4.295057130625252,19
2013-11-07,4.236357945582971,19
2013-11-08,4.184744833428685,19
2013-11-11,4.256886649798749,19
2013-11-12,4.267024515308515,19
2013-11-13,4.272046975390604,19
2013-11-14,4.38677579777428,19
2013-11-15,4.445771517571595,19
2013-11-18,4.500919276585691,19
2013-11-19,4.5050910687442425,19
2013-11-20,4.526512905790089,19
2013-11-21,4.527600307653728,19
2013-11-22,4.520882343051548,19
2013-11-25,4.605880138966713,19
2013-11-26,4.671233486477559,19
2013-11-27,4.724684860894874,19
2013-11-28,4.773888232067445,19
2013-11-29,4.855140385026415,19
2013-12-02,4.513352291979317,19
2013-12-03,4.539142666649272,20
2013-12-04,4.564172577409963,20
2013-12-05,4.560542279925371,20
2013-12-06,4.538601815806416,20
2013-12-09,4.635972495829677,20
2013-12-10,4.605770876713368,20
2013-12-11,4.617890207606417,20
2013-12-12,4.670260053862106,20
2013-12-13,4.675606085196756,20
2013-12-16,4.618538047608683,20
2013-12-17,4.562033537544066,20
2013-12-18,4.551695547209962,20
2013-12-19,4.554279888146795,20
2013-12-20,4.53454449941657,20
2013-12-23,4.5400298712120195,20
2013-12-24,4.582361214395022,20
2013-12-25,4.735480748195389,20
2013-12-26,4.638451541869703,20
2013-12-27,4.729305135904275,20
2013-12-30,4.770129871281422,20
2013-12-31,4.721860329715023,20
2014-01-02,4.788321643825153,20
2014-01-03,4.799895964953475,20
2014-01-06,4.6472977049739645,20
2014-01-07,4.724684574207992,20
2014-01-08,4.829397181950823,20
2014-01-09,4.765107701551321,20
2014-01-10,4.717698788495317,20
2014-01-13,4.714913123178426,20
2014-01-14,4.813572735117547,20
2014-01-15,4.831280738981414,20
2014-01-16,4.84301599434597,20
2014-01-17,4.817426644071129,20
2014-01-20,4.734297084258205,20
2014-01-21,4.800496725855788,20
2014-01-22,4.843765247308498,20
2014-01-23,4.880337586501731,20
2014-01-24,4.943194398686167,20
2014-01-27,4.948910992681293,20
2014-01-28,4.9162056920243495,20
2014-01-29,4.98944947800946,20
2014-01-30,4.967901806550549,20
2014-02-07,5.035544337725648,20
2014-02-10,5.144979417994787,20
2014-02-11,5.124710464755826,20
2014-02-12,5.262488286617189,20
2014-02-13,5.16732719209726,20
2014-02-14,5.268740960277752,20
2014-02-17,5.3846469222846,20
2014-02-18,5.391133055233453,20
2014-02-19,5.360234010075787,20
2014-02-20,5.2652454670610265,20
2014-02-21,5.258590633140766,20
2014-02-24,5.295581883440084,20
2014-02-25,5.072297452024046,20
2014-02-26,5.051585018138285,20
2014-02-27,4.954817127125484,20
2014-02-28,5.005550322729191,20
2014-03-03,5.0568382812788055,20
2014-03-04,5.0083351632569215,20
2014-03-05,5.048251281521678,20
2014-03-06,5.045279701611707,20
2014-03-07,5.034025162490998,20
2014-03-10,4.884526984891749,20
2014-03-11,4.899112931700576,20
2014-03-12,4.894966743545792,20
2014-03-13,4.958714351741617,20
2014-03-14,4.956304817869469,20
2014-03-17,5.020274478570051,20
2014-03-18,5.025611120681409,20
2014-03-19,5.00324893455924,20
2014-03-20,4.9053732635055916,20
2014-03-21,4.948534820795926,20
2014-03-24,4.930391851339427,20
2014-03-25,4.908441489678677,20
2014-03-26,4.933507066142112,20
2014-03-27,4.8299138540184305,20
2014-03-28,4.727659967448912,20
2014-03-31,4.668814520577053,20
2014-04-01,4.715838712476949,20
2014-04-02,4.705402149618884,20
2014-04-03,4.710617615176479,20
2014-04-04,4.744478798581636,20
2014-04-08,4.789765754568918,20
2014-04-09,4.829592515937691,20
2014-04-10,4.8321003960879665,20
2014-04-11,4.800801754400354,20
2014-04-14,4.824298072192091,20
2014-04-15,4.807468741118067,20
2014-04-16,4.817069628151191,20
2014-04-17,4.8405963266617436,20
2014-04-18,4.848523118156688,20
2014-04-21,4.821525772630122,20
2014-04-22,4.771408183516046,20
2014-04-23,4.774487354869467,20
2014-04-24,4.769695375258373,20
2014-04-25,4.720185984189966,20
2014-04-28,4.605428420718706,20
2014-04-29,4.645632480716659,20
2014-04-30,4.684756771214813,20
2014-05-05,4.7133597498815005,20
2014-05-06,4.723353242790255,20
2014-05-07,4.684162726342592,20
2014-05-08,4.674506503724924,20
2014-05-09,4.63749403873263,20
2014-05-12,4.6968700311134866,20
2014-05-13,4.705971266990241,20
2014-05-14,4.7153714176782655,20
2014-05-15,4.680312246924118,20
2014-05-16,4.657642817073293,20
2014-05-19,4.653342326167046,20
2014-05-20,4.643538706502751,20
2014-05-21,4.659575121999191,20
2014-05-22,4.660596800560861,20
2014-05-23,4.689052209576026,20
2014-05-26,4.731985721278666,20
2014-05-27,4.722324227503517,20
2014-05-28,4.756408343342797,20
2014-05-29,4.728210867637359,20
2014-05-30,4.73074370760674,20
2014-06-03,4.718133107138108,20
2014-06-04,4.697793406664152,20
2014-06-05,4.715007819396982,20
2014-06-06,4.713577046939865,20
2014-06-09,4.700181449287085,20
2014-06-10,4.726829653624041,20
2014-06-11,4.724901641040709,20
2014-06-12,4.722583253698047,20
2014-06-13,4.758533765606512,20
2014-06-16,4.776646072554525,20
2014-06-17,4.757476064945092,20
2014-06-18,4.7301508619735095,20
2014-06-19,4.666123076105834,20
2014-06-20,4.691522335833688,20
2014-06-23,4.715292373727747,20
2014-06-24,4.727084840057997,20
2014-06-25,4.722465331802481,20
2014-06-26,4.745762058683023,20
2014-06-27,4.7574244129436005,20
2014-06-30,4.77556387086984,20
2014-07-01,4.781363477917338,20
2014-07-02,4.783324870978585,20
2014-07-03,4.8024718247637095,20
2014-07-04,4.792548092249848,20
2014-07-07,4.792536963868491,20
2014-07-08,4.809423270613877,20
2014-07-09,4.771038666018991,20
2014-07-10,4.764835313127403,20
2014-07-11,4.786596913876448,20
2014-07-14,4.829316961630764,20
2014-07-15,4.812659258056658,20
2014-07-16,4.774393605705424,20
2014-07-17,4.757797836174054,20
2014-07-18,4.76451599264153,20
2014-07-21,4.766552296172186,20
2014-07-22,4.796684251388021,20
2014-07-23,4.7581053701624425,20
2014-07-24,4.738570548322179,20
2014-07-25,4.753720750206329,20
2014-07-28,4.791471134818584,20
2014-07-29,4.81530959328889,20
2014-07-30,4.816683797801104,20
2014-07-31,4.846475532466117,20
2014-08-01,4.833234656754751,20
2014-08-04,4.880478999314585,20
2014-08-05,4.888398899831219,20
2014-08-06,4.919858574251515,20
2014-08-07,4.909003702445284,20
2014-08-08,4.936284425322897,20
2014-08-11,5.005870026990047,20
2014-08-12,5.016218934336693,20
2014-08-13,4.999700814314091,20
2014-08-14,4.999486277149473,20
2014-08-15,5.031406977526132,20
2014-08-18,5.094004374977055,20
2014-08-19,5.086937736863368,20
2014-08-20,5.094800315636482,20
2014-08-21,5.113399545694053,20
2014-08-22,5.133674598429451,20
2014-08-25,5.112852125210789,20
2014-08-26,5.061115100327101,20
2014-08-27,5.065383023124554,20
2014-08-28,5.03380905908413,20
2014-08-29,5.078163921003685,20
2014-09-01,5.130652785998949,20
2014-09-02,5.178718257161067,20
2014-09-03,5.2414147606724635,20
2014-09-04,5.287434274256522,20
2014-09-05,5.2946938753419195,20
2014-09-09,5.291849318096647,20
2014-09-10,5.341067353108108,20
2014-09-11,5.3581535541284335,20
2014-09-12,5.4133835190572155,20
2014-09-15,5.447812464399356,20
2014-09-16,5.286038765628656,20
2014-09-17,5.273458455443139,20
2014-09-18,5.304911308602226,20
2014-09-19,5.361758464630649,20
2014-09-22,5.328841173241908,20
2014-09-23,5.392296264142064,20
2014-09-24,5.424539011487318,20
2014-09-25,5.397769942829244,20
2014-09-26,5.396442516607825,20
2014-09-29,5.444747459498881,20
2014-09-30,5.4878144366214165,20
2014-10-08,5.565184587899389,20
2014-10-09,5.570131029340719,20
2014-10-10,5.5281897347012405,20
2014-10-13,5.549607870364227,20
2014-10-14,5.552475200031705,20
2014-10-15,5.57190443208912,20
2014-10-16,5.53800465521051,20
2014-10-17,5.5075316552477505,20
2014-10-20,5.606700000510487,20
2014-10-21,5.589794028263482,20
2014-10-22,5.544515355054291,20
2014-10-23,5.460810578044354,20
2014-10-24,5.47254635462254,20
2014-10-27,5.561654705699401,20
2014-10-28,5.6645682949317235,20
2014-10-29,5.6918118273124145,20
2014-10-30,5.698754974500518,20
2014-10-31,5.652013111201593,20
2014-11-03,5.6853126206911275,20
2014-11-04,5.656357153679891,20
2014-11-05,5.635833721413605,20
2014-11-06,5.698373335291741,20
2014-11-07,5.6876239038370375,20
2014-11-10,5.7305240523339975,20
2014-11-11,5.571533796229626,20
2014-11-12,5.638000596963061,20
2014-11-13,5.530354663276278,20
2014-11-14,5.472943880010193,20
2014-11-17,5.563960255860648,20
2014-11-18,5.60505758321915,20
2014-11-19,5.671472303500021,20
2014-11-20,5.647993908883288,20
2014-11-21,5.69554587222345,20
2014-11-24,5.755968881881061,20
2014-11-25,5.8441434081839345,20
2014-11-26,5.912611628380061,20
2014-11-27,5.936774312736203,20
2014-11-28,5.952720908816847,20
2014-12-01,5.926158327156334,20
2014-12-02,5.9763083185003145,20
2014-12-03,6.014075614446095,20
2014-12-04,6.054291928147358,20
2014-12-05,5.867320527269777,20
2014-12-08,5.80876604801183,20
2014-12-09,5.633613785385658,20
2014-12-10,5.84221453140775,20
2014-12-11,5.98782895734965,20
2014-12-12,6.11148583610117,20
2014-12-15,6.237370462985706,20
2014-12-16,6.191589337674456,20
2014-12-17,6.139266619977253,20
2014-12-18,6.1080824232916076,20
2014-12-19,6.019975933900604,20
2014-12-22,5.7838477900613965,20
2014-12-23,5.765210825716257,20
2014-12-24,5.932369634550493,20
2014-12-25,6.018715798215492,20
2014-12-26,6.026912926330178,20
2014-12-29,5.900476230576498,20
2014-12-30,5.796553158198681,20
2014-12-31,5.869080981253664,20
2015-01-05,5.870526913175188,20
2015-01-06,6.029377387999496,20
2015-01-07,5.989140352772901,20
2015-01-08,6.026215457729006,20
2015-01-09,6.067353216718591,20
2015-01-12,6.125550269678906,20
2015-01-13,6.25040196115547,20
2015-01-14,6.192910183332823,20
2015-01-15,6.175790304327187,20
2015-01-16,6.269780467918487,20
2015-01-19,6.146674127072081,20
2015-01-20,6.417058381142074,20
2015-01-21,6.560218586247139,20
2015-01-22,6.628238200516802,20
2015-01-23,6.54275954974345,20
2015-01-26,6.651191103797662,20
2015-01-27,6.721880363810527,20
2015-01-28,6.693822057509892,20
2015-01-29,6.63301830221968,20
2015-01-30,6.594490535307228,20
2015-02-02,6.592145309924577,20
2015-02-03,6.693185604691763,20
2015-02-04,6.705066236229612,20
2015-02-05,6.73491753199555,20
2015-02-06,6.561843423776171,20
2015-02-09,6.506259957434989,20
2015-02-10,6.571465780482957,20
2015-02-11,6.604216237173434,20
2015-02-12,6.642638663826061,20
2015-02-13,6.763437083250635,20
2015-02-16,6.910703670712531,20
2015-02-17,6.945296034844792,20
2015-02-25,6.891104213514764,20
2015-02-26,6.912652987760299,20
2015-02-27,6.985976117722803,20
2015-03-02,7.091961910613505,20
2015-03-03,6.999103931959987,20
2015-03-04,7.113369495590112,20
2015-03-05,7.16022385760993,20
2015-03-06,7.044314735081191,20
2015-03-09,7.117673481210745,20
2015-03-10,7.171614701316618,20
2015-03-11,7.155347186779597,20
2015-03-12,7.126381625948544,20
2015-03-13,7.232109633138528,20
2015-03-16,7.4249192777975574,20
2015-03-17,7.532448767074717,20
2015-03-18,7.661848872121435,20
2015-03-19,7.659825777062248,20
2015-03-20,7.757168792024859,20
2015-03-23,8.002422205165628,20
2015-03-24,8.021801558893427,20
2015-03-25,8.14038885041129,20
2015-03-26,7.953355746886095,20
2015-03-27,7.987655179684189,20
2015-03-30,8.015655522868576,20
2015-03-31,8.124859300823681,20
2015-04-01,8.357291329545955,20
2015-04-02,8.532250191551608,19
2015-04-03,8.676486850793902,19
2015-04-07,8.851964394144881,19
2015-04-08,8.751051925647666,19
2015-04-09,8.679818336146843,19
2015-04-10,8.9290567890086,19
2015-04-13,9.172392544036581,19
2015-04-14,9.173959046182842,19
2015-04-15,8.798438085341939,19
2015-04-16,8.84985206503803,19
2015-04-17,8.805173439370966,19
2015-04-20,8.52812822765537,19
2015-04-21,8.821461835097331,19
2015-04-22,9.019303454038367,19
2015-04-23,9.101057832834929,19
2015-04-24,9.103922681121102,19
2015-04-27,9.081348324319634,19
2015-04-28,8.828417211480774,19
2015-04-29,8.990181557920678,19
2015-04-30,8.958110147359001,19
2015-05-04,8.943680766757607,19
2015-05-05,8.759385859780421,20
2015-05-06,8.692295744527536,20
2015-05-07,8.581881798150464,20
2015-05-08,8.855062897716047,20
2015-05-11,9.116196076646833,20
2015-05-12,9.213169950244298,20
2015-05-13,9.257849310807359,20
2015-05-14,9.343626040306832,20
2015-05-15,9.229654695763669,20
2015-05-18,9.381887972616783,20
2015-05-19,9.53527024624981,20
2015-05-20,9.690800793936312,20
2015-05-21,9.958916602285464,20
2015-05-22,10.017642391654833,20
2015-05-25,10.181752735323727,20
2015-05-26,10.490130024112348,20
2015-05-27,10.634701584713872,20
2015-05-28,10.215790732831968,20
2015-05-29,10.298681594113017,20
2015-06-01,10.596113471340674,20
2015-06-02,10.753434367878043,11
2015-06-03,10.757021956020813,11
2015-06-04,10.811317995017587,11
2015-06-05,11.096917164305935,11
2015-06-08,11.214316753713073,11
2015-06-09,11.143541792282488,11
2015-06-10,11.274465522344293,11
2015-06-11,11.426529974187872,11
2015-06-12,11.574066796918489,11
2015-06-15,11.424442993541993,11
2015-06-16,11.130123791068554,11
2015-06-17,11.308779331131067,11
2015-06-18,11.102031160375692,11
2015-06-19,10.55432356452699,11
2015-06-23,10.651892973525996,11
2015-06-24,10.84363812533309,11
2015-06-25,10.539628389543582,11
2015-06-26,9.934353353705959,11
2015-06-29,9.59755763717349,11
2015-06-30,10.03279151317683,11
2015-07-01,9.779664499676748,11
2015-07-02,9.471607110122807,19
2015-07-03,9.08826283096894,19
2015-07-06,9.047027995902923,19
2015-07-07,8.571526855698943,19
2015-07-08,8.409943567869792,19
2015-07-09,8.875348275580153,19
2015-07-10,9.366325702089476,19
2015-07-13,9.880040073458149,19
2015-07-14,9.95621034988422,19
2015-07-15,9.50354423272067,19
2015-07-16,9.628207801965289,19
2015-07-17,10.001622016250753,19
2015-07-20,10.08485544509462,19
2015-07-21,10.172689427727548,19
2015-07-22,10.211759539163614,19
2015-07-23,10.404500759996218,19
2015-07-24,10.296658631739636,19
2015-07-27,9.761046829574227,19
2015-07-28,9.6495702388552,19
2015-07-29,9.981644944515606,19
2015-07-30,9.793051995144902,19
2015-07-31,9.686854855592046,19
2015-08-03,9.52739621970755,19
2015-08-04,9.877848353895908,21
2015-08-05,9.875729910506132,21
2015-08-06,9.868917902597802,21
2015-08-07,10.045936435721321,21
2015-08-10,10.302543917493558,21
2015-08-11,10.312637559321413,21
2015-08-12,10.200290173157425,21
2015-08-13,10.37541074873229,21
2015-08-14,10.361557671480597,21
2015-08-17,10.421731037651147,21
2015-08-18,10.036258469275783,21
2015-08-19,10.226630610379775,21
2015-08-20,9.984219335089138,21
2015-08-21,9.720284001339628,21
2015-08-24,9.257032695178399,21
2015-08-25,8.831240142914716,21
2015-08-26,8.64344229413506,21
2015-08-27,8.905889036936278,21
2015-08-28,9.227020984911363,21
2015-08-31,9.096493376769718,21
2015-09-01,8.908728065747013,21
2015-09-02,8.86708580520654,26
2015-09-07,8.904762748301176,26
2015-09-08,9.040051948660851,26
2015-09-09,9.130832675615114,26
2015-09-10,9.090107496028923,26
2015-09-11,9.10919363264296,26
2015-09-14,8.93083966983253,26
2015-09-15,8.790481610998986,26
2015-09-16,8.995122210716403,26
2015-09-17,8.940994029014995,26
2015-09-18,8.97420682988936,26
2015-09-21,9.087941716606744,26
2015-09-22,9.106234823845083,26
2015-09-23,9.095442677179223,26
2015-09-24,9.131388534276358,26
2015-09-25,9.045722749369846,26
2015-09-28,9.122278922600183,26
2015-09-29,9.082907420576529,26
2015-09-30,9.102724268226929,26
2015-10-08,9.201737742277158,26
2015-10-09,9.234072370394799,19
2015-10-12,9.336272344470164,19
2015-10-13,9.374623040147823,19
2015-10-14,9.338468072209533,19
2015-10-15,9.407501244345355,19
2015-10-16,9.420919416631083,19
2015-10-19,9.425146577885368,19
2015-10-20,9.468550162630526,19
2015-10-21,9.322958504343694,19
2015-10-22,9.434233810125047,19
2015-10-23,9.519451322183961,19
2015-10-26,9.533288423323219,19
2015-10-27,9.539417677324018,19
2015-10-28,9.482371723138968,19
2015-10-29,9.505373346343772,19
2015-10-30,9.520189900404489,19
2015-11-02,9.48364496159928,19
2015-11-03,9.49217790259336,20
2015-11-04,9.6892533517784,20
2015-11-05,9.652999049556966,20
2015-11-06,9.76128646951334,20
2015-11-09,9.825850942701608,20
2015-11-10,9.797646281870419,20
2015-11-11,9.920976177966624,20
2015-11-12,9.972265822498978,20
2015-11-13,9.857700411126812,20
2015-11-16,9.946648670782738,20
2015-11-17,9.926458968573222,20
2015-11-18,9.82743140007708,20
2015-11-19,9.939559346590636,20
2015-11-20,9.984382277998414,20
2015-11-23,9.944263614400134,20
2015-11-24,10.074921781835219,20
2015-11-25,10.164720327568922,20
2015-11-26,10.130639761801707,20
2015-11-27,9.904266939628922,20
2015-11-30,10.028405914458629,20
2015-12-01,10.02717752487373,20
2015-12-02,10.022807391858342,20
2015-12-03,10.109032204661043,20
2015-12-04,10.073653546008874,20
2015-12-07,10.12089756054234,20
2015-12-08,10.071500381602608,20
2015-12-09,10.03637033698734,20
2015-12-10,10.014717969571608,20
2015-12-11,10.001246753162441,20
2015-12-14,10.078758533509784,20
2015-12-15,10.097509599788058,20
2015-12-16,10.102906211770959,20
2015-12-17,10.19271169582246,20
2015-12-18,10.154828269329812,20
2015-12-21,10.194604389602217,20
2015-12-22,10.223277280521161,20
2015-12-23,10.191758887185108,20
2015-12-24,10.189436780948375,20
2015-12-25,10.219349572232993,20
2015-12-28,10.147866504282442,20
2015-12-29,10.219046814112414,20
2015-12-30,10.253746201337263,20
2015-12-31,10.199099845769918,20
2016-01-04,9.768232451501364,20
2016-01-05,9.76614528345422,26
2016-01-06,9.861072946086553,26
2016-01-07,9.420255905211857,26
2016-01-08,9.502704816986753,26
2016-01-11,9.19793422600737,26
2016-01-12,9.23191975691819,26
2016-01-13,9.110618027344259,26
2016-01-14,9.286664516821228,26
2016-01-15,9.138924304438433,26
2016-01-18,9.191292962048616,26
2016-01-19,9.354022227178119,26
2016-01-20,9.28522371020328,26
2016-01-21,9.085372561265864,26
2016-01-22,9.142484897920342,26
2016-01-25,9.17913645436029,26
2016-01-26,8.823037648968151,26
2016-01-27,8.796562319198697,26
2016-01-28,8.62685308883748,26
2016-01-29,8.798271602601785,26
2016-02-01,8.779750191074163,26
2016-02-02,8.87391480165695,20
2016-02-03,8.879766201865216,20
2016-02-04,8.931966848208178,20
2016-02-05,8.899705511788547,20
2016-02-15,8.897034872687492,20
2016-02-16,8.995908384855976,20
2016-02-17,9.020884583271766,20
2016-02-18,9.013543325943923,20
2016-02-19,9.022090175491996,20
2016-02-22,9.057300047039641,20
2016-02-23,9.033907982186598,20
2016-02-24,9.0185781121473,20
2016-02-25,8.824995235721257,20
2016-02-26,8.812882278587534,20
2016-02-29,8.668548071802254,20
2016-03-01,8.71845056413345,20
2016-03-02,8.8276549933149,19
2016-03-03,8.830289233264205,19
2016-03-04,8.729383507522437,19
2016-03-07,8.786149804089854,19
2016-03-08,8.804554526278979,19
2016-03-09,8.748489522842672,19
2016-03-10,8.716859995534183,19
2016-03-11,8.722116061084959,19
2016-03-14,8.81934238487941,19
2016-03-15,8.811064040308953,19
2016-03-16,8.779139709365568,19
2016-03-17,8.881016557300894,19
2016-03-18,8.97724742719485,19
2016-03-21,9.036491868015444,19
2016-03-22,9.028733751175375,19
2016-03-23,9.072319440159834,19
2016-03-24,9.073545805443786,19
2016-03-25,9.092282907614186,19
2016-03-28,9.063125124915343,19
2016-03-29,8.993583544276767,19
2016-03-30,9.10392190379527,19
2016-03-31,9.135898235131384,19
2016-04-01,9.123340840045092,19
2016-04-05,9.187085642046215,20
2016-04-06,9.218075773169142,20
2016-04-07,9.188129987950946,20
2016-04-08,9.167413571301962,20
2016-04-11,9.256285541769113,20
2016-04-12,9.23449110212863,20
2016-04-13,9.271724270829054,20
2016-04-14,9.298424001173503,20
2016-04-15,9.294444874796618,20
2016-04-18,9.2455735318508,20
2016-04-19,9.26025906445755,20
2016-04-20,9.14361855900442,20
2016-04-21,9.108107279409465,20
2016-04-22,9.136737655633011,20
2016-04-25,9.115983237305166,20
2016-04-26,9.151548986905937,20
2016-04-27,9.143577056563489,20
2016-04-28,9.148275364075,20
2016-04-29,9.155228779938152,20
2016-05-03,9.24894388961868,20
2016-05-04,9.248914557585772,19
2016-05-05,9.26557816941452,19
2016-05-06,9.130156569706294,19
2016-05-09,9.028209613056188,19
2016-05-10,9.03431024215771,19
2016-05-11,9.040957055068146,19
2016-05-12,9.051715940310167,19
2016-05-13,9.061359421809975,19
2016-05-16,9.120713667083242,19
2016-05-17,9.104082660382218,19
2016-05-18,9.01883455154449,19
2016-05-19,9.02427910101799,19
2016-05-20,9.061756052453632,19
2016-05-23,9.104918758927075,19
2016-05-24,9.062158494005372,19
2016-05-25,9.068900574896375,19
2016-05-26,9.061051947450862,19
2016-05-27,9.064032401880658,19
2016-05-30,9.061804551971525,19
2016-05-31,9.188029332732981,19
2016-06-01,9.194162337576154,19
2016-06-02,9.231549798301176,19
2016-06-03,9.26379027388343,19
2016-06-06,9.30119284141235,19
2016-06-07,9.326544806425975,19
2016-06-08,9.310670015114349,19
2016-06-13,9.155748742416337,19
2016-06-14,9.173077412224625,19
2016-06-15,9.310780604915127,19
2016-06-16,9.299108328120278,19
2016-06-17,9.340562754747957,19
2016-06-20,9.408278503160687,19
2016-06-21,9.355077173728377,19
2016-06-22,9.414946646159892,19
2016-06-23,9.385233137414987,19
2016-06-24,9.37013940239075,19
2016-06-27,9.453088894028859,19
2016-06-28,9.483681946756313,19
2016-06-29,9.489365953443668,19
2016-06-30,9.457514005177089,19
2016-07-01,9.450365138809923,19
2016-07-04,9.580238161950845,20
2016-07-05,9.60978462663266,20
2016-07-06,9.642120442939484,20
2016-07-07,9.640465589557396,20
2016-07-08,9.611212274177571,20
2016-07-11,9.574879834613819,20
2016-07-12,9.642389776466288,20
2016-07-13,9.671474708086956,20
2016-07-14,9.665434593217393,20
2016-07-15,9.647908641850359,20
2016-07-18,9.61035562902355,20
2016-07-19,9.646913857971354,20
2016-07-20,9.654075205065453,20
2016-07-21,9.619544109643451,20
2016-07-22,9.550124112548309,20
2016-07-25,9.542337008392405,20
2016-07-26,9.621492254304568,20
2016-07-27,9.375071535130829,20
2016-07-28,9.392450317263657,20
2016-07-29,9.417565388074408,20
2016-08-01,9.334782793552971,20
2016-08-02,9.379744309150286,20
2016-08-03,9.406490993445088,20
2016-08-04,9.458147178172982,20
2016-08-05,9.391418253755347,20
2016-08-08,9.480413798883006,20
2016-08-09,9.514540439915834,20
2016-08-10,9.48079291172767,20
2016-08-11,9.367324047800029,20
2016-08-12,9.440484435084912,20
2016-08-15,9.618129443818141,20
2016-08-16,9.667389423088668,20
2016-08-17,9.711331919178475,20
2016-08-18,9.673340385886313,20
2016-08-19,9.668836624077432,20
2016-08-22,9.56528910532384,20
2016-08-23,9.584193429007207,20
2016-08-24,9.598916927244913,20
2016-08-25,9.551463917418411,20
2016-08-26,9.563360102087335,20
2016-08-29,9.60960148282203,20
2016-08-30,9.621543292576165,20
2016-08-31,9.609008424122107,20
2016-09-01,9.55874355691605,20
2016-09-02,9.57685620072018,20
2016-09-05,9.593276662937946,20
2016-09-06,9.761870171752662,20
2016-09-07,9.732082923361755,20
2016-09-08,9.792853683696475,20
2016-09-09,9.726314834241405,20
2016-09-12,9.501138610893708,20
2016-09-13,9.548496267630492,20
2016-09-14,9.506821472323647,20
2016-09-19,9.605876886853277,20
2016-09-20,9.587707162409732,20
2016-09-21,9.604887318955718,20
2016-09-22,9.645634561247094,20
2016-09-23,9.619465442230018,20
2016-09-26,9.44848728041636,20
2016-09-27,9.541302386746258,20
2016-09-28,9.582352688615044,20
2016-09-29,9.623206740887165,20
2016-09-30,9.631395654156524,20
2016-10-10,9.775570711924512,20
2016-10-11,9.778737919138381,19
2016-10-12,9.836504599434317,19
2016-10-13,9.825939260111136,19
2016-10-14,9.825314314819597,19
2016-10-17,9.76150470320272,19
2016-10-18,9.953587469025019,19
2016-10-19,9.921974416360182,19
2016-10-20,9.966492605779447,19
2016-10-21,9.866447098163201,19
2016-10-24,9.915455738946848,19
2016-10-25,9.920626646130248,19
2016-10-26,9.848290195085665,19
2016-10-27,9.883015448416455,19
2016-10-28,9.797813594445461,19
2016-10-31,9.848343462537324,19
2016-11-01,9.966889449540831,19
2016-11-02,10.007406943226773,20
2016-11-03,10.04076571941509,20
2016-11-04,10.043211201132296,20
2016-11-07,10.0151968213361,20
2016-11-08,10.048404668433344,20
2016-11-09,9.947905557936524,20
2016-11-10,10.168679750757669,20
2016-11-11,10.242482227777236,20
2016-11-14,10.264279950143091,20
2016-11-15,10.282571264875132,20
2016-11-16,10.297280688064916,20
2016-11-17,10.218846099996739,20
2016-11-18,10.2167357559049,20
2016-11-21,10.266317617813842,20
2016-11-22,10.373709621566993,20
2016-11-23,10.248818196005889,20
2016-11-24,10.149101482044992,20
2016-11-25,10.107669473658516,20
2016-11-28,10.07404972180565,20
2016-11-29,10.019381487015286,20
2016-11-30,10.044455897692078,20
2016-12-01,10.09679798773052,20
2016-12-02,9.92155876041218,20
2016-12-05,9.94748245519938,20
2016-12-06,9.973353518351159,20
2016-12-07,10.083802940545603,20
2016-12-08,10.079329174064938,20
2016-12-09,10.026399070602615,20
2016-12-12,9.488894911349513,20
2016-12-13,9.51443758159864,20
2016-12-14,9.416328640299737,20
2016-12-15,9.494965141982442,20
2016-12-16,9.630042787275674,20
2016-12-19,9.648890169717966,20
2016-12-20,9.593390676670113,20
2016-12-21,9.667371697411639,20
2016-12-22,9.635825952780538,20
2016-12-23,9.500109055505105,20
2016-12-26,9.575249811008588,20
2016-12-27,9.576427074944284,20
2016-12-28,9.5599286952953,20
2016-12-29,9.486719482184526,20
2016-12-30,9.525277725902646,20
2017-01-03,9.558771440107892,20
2017-01-04,9.639452519356873,20
2017-01-05,9.601783202596236,20
2017-01-06,9.568506528731215,20
2017-01-09,9.609540212341795,20
2017-01-10,9.586912018356347,20
2017-01-11,9.496660037504814,20
2017-01-12,9.425435150845349,20
2017-01-13,9.33116529010273,20
2017-01-16,9.099398792477134,20
2017-01-17,9.180611790206052,20
2017-01-18,9.153278920928267,20
2017-01-19,9.119134041618157,20
2017-01-20,9.224237558287562,20
2017-01-23,9.309596382015293,20
2017-01-24,9.290318884697928,20
2017-01-25,9.312490307507314,20
2017-01-26,9.347302061351396,20
2017-02-03,9.32715422536277,20
2017-02-06,9.399481633281294,20
2017-02-07,9.404959509426137,20
2017-02-08,9.44878055749579,20
2017-02-09,9.567835803873546,20
2017-02-10,9.542195820642961,20
2017-02-13,9.61478790871568,20
2017-02-14,9.605733115508308,20
2017-02-15,9.562757482888612,20
2017-02-16,9.615544677256318,20
2017-02-17,9.559476006275428,20
2017-02-20,9.682569933221178,20
2017-02-21,9.759503930941504,20
2017-02-22,9.793001449141174,20
2017-02-23,9.800022731295138,20
2017-02-24,9.808344583048822,20
2017-02-27,9.720178094118065,20
2017-02-28,9.764100315904308,20
2017-03-01,9.83114161951258,20
2017-03-02,9.807324720899572,20
2017-03-03,9.90967828865876,20
2017-03-06,10.00266509888386,20
2017-03-07,10.002512342024003,20
2017-03-08,9.944571467694034,20
2017-03-09,9.940285580888874,20
2017-03-10,10.039802411461197,20
2017-03-13,10.08178192855214,20
2017-03-14,10.061927576692915,20
2017-03-15,10.079099759906722,20
2017-03-16,10.180222209612136,20
2017-03-17,10.107760915145851,20
2017-03-20,10.16164940179835,20
2017-03-21,10.181194475170225,20
2017-03-22,10.161356409218353,20
2017-03-23,10.134546869302763,20
2017-03-24,10.13123511312466,20
2017-03-27,10.153197922380398,20
2017-03-28,10.132485346636667,20
2017-03-29,10.00316491790556,20
2017-03-30,9.828850650402117,20
2017-03-31,9.908470996847937,20
2017-04-05,10.05820806429632,20
2017-04-06,10.110177409290536,20
2017-04-07,10.092905723278331,20
2017-04-10,9.91359526288561,20
2017-04-11,9.95031188062462,20
2017-04-12,9.93843853828077,20
2017-04-13,9.997213036705883,20
2017-04-14,9.899767119100035,20
2017-04-17,9.818651052062732,20
2017-04-18,9.766478859135399,20
2017-04-19,9.753235005750799,20
2017-04-20,9.75651671617848,20
2017-04-21,9.7083053488147,20
2017-04-24,9.504350529484594,20
2017-04-25,9.498054312056516,20
2017-04-26,9.509193118706316,20
2017-04-27,9.526839676627723,20
2017-04-28,9.579715083244901,20
2017-05-02,9.5420963081654,20
2017-05-03,9.541781431049259,20
2017-05-04,9.555778366603885,20
2017-05-05,9.512764797190323,20
2017-05-08,9.4426862205778,20
2017-05-09,9.467704370244245,20
2017-05-10,9.380566063442547,20
2017-05-11,9.367510503143734,20
2017-05-12,9.362793637657798,20
2017-05-15,9.365469068963096,20
2017-05-16,9.464063115685681,20
2017-05-17,9.46169089470965,20
2017-05-18,9.439563211418333,20
2017-05-19,9.418012046195301,20
2017-05-22,9.347857139579627,20
2017-05-23,9.239383723049857,20
2017-05-24,9.255634454615185,20
2017-05-25,9.286386133692634,20
2017-05-26,9.308181885393129,20
2017-05-31,9.313409812929326,20
2017-06-01,9.223697375823631,20
2017-06-02,9.224399306989955,20
2017-06-05,9.266129736041096,20
2017-06-06,9.297370888278012,20
2017-06-07,9.381116617716147,20
2017-06-08,9.387550735683911,20
2017-06-09,9.390878837763537,20
2017-06-12,9.351919977080428,20
2017-06-13,9.405999567928097,20
2017-06-14,9.408147392636552,20
2017-06-15,9.436890478693005,20
2017-06-16,9.43563020615048,20
2017-06-19,9.434030042577575,20
2017-06-20,9.435161756353574,20
2017-06-21,9.451922682747137,20
2017-06-22,9.396430538991217,20
2017-06-23,9.410899582318477,20
2017-06-26,9.473823631301041,20
2017-06-27,9.484508312058963,20
2017-06-28,9.477997688194222,20
2017-06-29,9.490669630813171,20
2017-06-30,9.520482074535728,20
2017-07-03,9.551227540728505,20
2017-07-04,9.520117894904875,20
2017-07-05,9.546116069589955,20
2017-07-06,9.550297890012112,20
2017-07-07,9.569785583851123,20
2017-07-10,9.547181191284482,20
2017-07-11,9.480337842453116,20
2017-07-12,9.516826038540115,20
2017-07-13,9.535139602076224,20
2017-07-14,9.515645360568687,20
2017-07-17,9.361291482768207,20
2017-07-18,9.415845493102616,20
2017-07-19,9.47481958024078,20
2017-07-20,9.492527891661755,20
2017-07-21,9.484283711749349,20
2017-07-24,9.480398294220219,20
2017-07-25,9.477080684089746,20
2017-07-26,9.470635765553004,20
2017-07-27,9.522189899933112,20
2017-07-28,9.541597333477599,20
2017-07-31,9.637055022679235,20
2017-08-01,9.624172588041642,20
2017-08-02,9.59839703849769,20
2017-08-03,9.596917926838147,20
2017-08-04,9.52909393356908,20
2017-08-07,9.562577863681936,20
2017-08-08,9.627398882379824,20
2017-08-09,9.657794960673339,20
2017-08-10,9.604731867523084,20
2017-08-11,9.57297510858846,20
2017-08-14,9.663447787650266,20
2017-08-15,9.666174314313913,20
2017-08-16,9.694796889359477,20
2017-08-17,9.702764681131638,20
2017-08-18,9.69824239399571,20
2017-08-21,9.724368828119706,20
2017-08-22,9.731282777107982,20
2017-08-23,9.697847996715147,20
2017-08-24,9.681361073910638,20
2017-08-25,9.726522106189474,20
2017-08-28,9.798991971944856,20
2017-08-29,9.774155557195384,20
2017-08-30,9.777155217416153,20
2017-08-31,9.856471374753378,20
2017-09-01,9.875175397594967,20
2017-09-04,9.931735656711162,20
2017-09-05,9.9763895066914,20
2017-09-06,10.006757699654635,20
2017-09-07,9.960234621145377,20
2017-09-08,10.025823337720603,20
2017-09-11,10.198966650539205,20
2017-09-12,10.091628750058797,20
2017-09-13,10.152163868648458,20
2017-09-14,10.145942822892339,20
2017-09-15,10.143760731263024,20
2017-09-18,10.176919553326908,20
2017-09-19,10.117716671885672,20
2017-09-20,10.18056416211486,20
2017-09-21,10.11389214848035,20
2017-09-22,10.075432213117647,20
2017-09-25,10.013127880240983,20
2017-09-26,10.011440646550888,20
2017-09-27,10.0949059557912,20
2017-09-28,10.088561705792374,20
2017-09-29,10.193822537203065,20
2017-10-09,10.252205148250928,20
2017-10-10,10.34420683144678,20
2017-10-11,10.309774252797713,20
2017-10-12,10.261363659865653,20
2017-10-13,10.356266742096112,20
2017-10-16,10.212459873466429,20
2017-10-17,10.201126100516973,20
2017-10-18,10.087248108129902,20
2017-10-19,10.048586487862034,20
2017-10-20,10.160619128750056,20
2017-10-23,10.22418151922999,20
2017-10-24,10.193531422933232,20
2017-10-25,10.315990205257615,20
2017-10-26,10.304308755603573,20
2017-10-27,10.2626072758332,20
2017-10-30,9.990707849346563,20
2017-10-31,10.100475576857256,20
2017-11-01,10.129803292049138,20
2017-11-02,9.99279927237091,20
2017-11-03,9.954824298020172,20
2017-11-06,10.029691559485121,20
2017-11-07,10.03621440331576,20
2017-11-08,10.068010510091073,20
2017-11-09,10.116881461180851,20
2017-11-10,10.148554765082194,20
2017-11-13,10.20314280342666,20
2017-11-14,10.099693941482819,20
2017-11-15,9.995903507278873,20
2017-11-16,9.922115094166628,20
2017-11-17,9.545742847490805,20
2017-11-20,9.56457099661127,20
2017-11-21,9.590092142492209,20
2017-11-22,9.566453579490501,20
2017-11-23,9.389878889436831,20
2017-11-24,9.41370781173828,20
2017-11-27,9.248269909198143,20
2017-11-28,9.333719455885293,20
2017-11-29,9.326394676383174,20
2017-11-30,9.292936235717006,20
2017-12-01,9.349785294672673,20
2017-12-04,9.2296532332038,20
2017-12-05,9.100302974149216,20
2017-12-06,9.16094037122077,20
2017-12-07,9.1421868370123,20
2017-12-08,9.220857516815206,20
2017-12-11,9.29008433631512,20
2017-12-12,9.21806913736109,20
2017-12-13,9.244467320066205,20
2017-12-14,9.228746495162074,20
2017-12-15,9.19737304916957,20
2017-12-18,9.161162140290097,20
2017-12-19,9.20555960987139,20
2017-12-20,9.13568414808363,20
2017-12-21,9.141322984964807,20
2017-12-22,9.153959293160286,20
2017-12-25,9.083315592179193,20
2017-12-26,9.117109390465947,20
2017-12-27,9.108863426923497,20
2017-12-28,9.137997604516547,20
2017-12-29,9.195060998445102,20
2018-01-02,9.245356138603055,20
2018-01-03,9.279823034436458,19
2018-01-04,9.262768951120322,19
2018-01-05,9.273000618093773,19
2018-01-08,9.26626469463723,19
2018-01-09,9.274481969312795,19
2018-01-10,9.22842985129721,19
2018-01-11,9.268688675531518,19
2018-01-12,9.258557163006586,19
2018-01-15,9.142386293011075,19
2018-01-16,9.189238704123547,19
2018-01-17,9.205901197567576,19
2018-01-18,9.196499529481162,19
2018-01-19,9.201573342233365,19
2018-01-22,9.281613737964587,19
2018-01-23,9.275321485795928,19
2018-01-24,9.303648880043507,19
2018-01-25,9.301897795070262,19
2018-01-26,9.281354499487275,19
2018-01-29,9.238549857877596,19
2018-01-30,9.215248895836822,19
2018-01-31,9.11807563273316,19
2018-02-01,8.940158124835357,19
2018-02-02,8.877604362482574,21
2018-02-05,8.830644351535017,21
2018-02-06,8.660566220135847,21
2018-02-07,8.733562732264154,21
2018-02-08,8.809343696106689,21
2018-02-09,8.733089896094453,21
2018-02-12,8.883278320724104,21
2018-02-13,8.853852910130213,21
2018-02-14,8.864299017565212,21
2018-02-22,8.957965415386878,21
2018-02-23,8.984049890465974,21
2018-02-26,9.115493438858044,21
2018-02-27,9.164984087705744,21
2018-02-28,9.142774881716363,21
2018-03-01,9.185194749130826,21
2018-03-02,9.160395390106066,20
2018-03-05,9.191277722267257,20
2018-03-06,9.220345591067012,20
2018-03-07,9.197172250309471,20
2018-03-08,9.295919535113278,20
2018-03-09,9.369137620054753,20
2018-03-12,9.414322212582565,20
2018-03-13,9.388450514599919,20
2018-03-14,9.364904101187232,20
2018-03-15,9.286656428836029,20
2018-03-16,9.315106437117999,20
2018-03-19,9.347480403659935,20
2018-03-20,9.346859966903027,20
2018-03-21,9.361714647569373,20
2018-03-22,9.404975206261293,20
2018-03-23,9.271564218497026,20
2018-03-26,9.36160299506942,20
2018-03-27,9.470109602160546,20
2018-03-28,9.448343988210864,20
2018-03-29,9.467419341304106,20
2018-03-30,9.501232384059643,20
2018-04-02,9.498733524365036,20
2018-04-03,9.470522787508735,19
2018-04-04,9.47078730806408,19
2018-04-09,9.485144429659789,19
2018-04-10,9.511304731787469,19
2018-04-11,9.558989574266011,19
2018-04-12,9.590877557714514,19
2018-04-13,9.581810518878273,19
2018-04-16,9.537809028125848,19
2018-04-17,9.445719603842466,19
2018-04-18,9.479879658332214,19
2018-04-19,9.47141421977145,19
2018-04-20,9.394217818237223,19
2018-04-23,9.401928978975699,19
2018-04-24,9.507282230428798,19
2018-04-25,9.529809488141241,19
2018-04-26,9.48084841468743,19
2018-04-27,9.483532332190254,19
2018-05-02,9.45608084401208,19
2018-05-03,9.483007331553084,20
2018-05-04,9.489728213735727,20
2018-05-07,9.548506758518057,20
2018-05-08,9.55460947425552,20
2018-05-09,9.56994265328104,20
2018-05-10,9.612975340314478,20
2018-05-11,9.562198562797999,20
2018-05-14,9.53144499674814,20
2018-05-15,9.57633304297053,20
2018-05-16,9.564587660755421,20
2018-05-17,9.562243940197577,20
2018-05-18,9.567765389885993,20
2018-05-21,9.60352906306839,20
2018-05-22,9.632873716319745,20
2018-05-23,9.6295893994949,20
2018-05-24,9.624356378945503,20
2018-05-25,9.596620393383635,20
2018-05-28,9.593509308930226,20
2018-05-29,9.578653756157971,20
2018-05-30,9.47381411152581,20
2018-05-31,9.54787723606535,20
2018-06-01,9.560222252612919,20
2018-06-04,9.564780236116,20
2018-06-05,9.600123667544384,20
2018-06-06,9.618250613402909,20
2018-06-07,9.591789458662268,20
2018-06-08,9.566308019256764,20
2018-06-11,9.560154625694404,20
2018-06-12,9.598078008639819,20
2018-06-13,9.558286506788807,20
2018-06-14,9.551047719782142,20
2018-06-15,9.501461803561131,20
2018-06-19,9.341873853125126,20
2018-06-20,9.393298997610504,20
2018-06-21,9.354286278042627,20
2018-06-22,9.38800991160913,20
2018-06-25,9.388893746518391,20
2018-06-26,9.392180439717434,20
2018-06-27,9.35635076114113,20
2018-06-28,9.332235455274654,20
2018-06-29,9.410096987295727,20
2018-07-02,9.372186555815123,20
2018-07-03,9.417926927444665,20
2018-07-04,9.364048196733243,20
2018-07-05,9.315312991533341,20
2018-07-06,9.325407446990003,20
2018-07-09,9.386654828762914,20
2018-07-10,9.419579240794844,20
2018-07-11,9.36149166658076,20
2018-07-12,9.427992404066547,20
2018-07-13,9.445011256188637,20
2018-07-16,9.452805271420777,20
2018-07-17,9.462053385506984,20
2018-07-18,9.462451785134022,20
2018-07-19,9.453876113685196,20
2018-07-20,9.466456232262262,20
2018-07-23,9.498905164019343,20
2018-07-24,9.53499313213,20
2018-07-25,9.527550070497387,20
2018-07-26,9.50127878515515,20
2018-07-27,9.501273352644796,20
2018-07-30,9.462059877581693,20
2018-07-31,9.47050631486818,20
2018-08-01,9.439360158894067,20
2018-08-02,9.359830261094888,20
2018-08-03,9.332775082946569,20
2018-08-06,9.281896395495282,20
2018-08-07,9.333752872751537,20
2018-08-08,9.285125901860027,20
2018-08-09,9.332819377339943,20
2018-08-10,9.347535615683906,20
2018-08-13,9.358072489776196,20
2018-08-14,9.348768263245091,20
2018-08-15,9.312026752103137,20
2018-08-16,9.303466070256132,20
2018-08-17,9.274086535479158,20
2018-08-20,9.294933218380386,20
2018-08-21,9.311422294540604,20
2018-08-22,9.279253149025534,20
2018-08-23,9.29801743204951,20
2018-08-24,9.293693098096796,20
2018-08-27,9.337756679027613,20
2018-08-28,9.337938098186902,20
2018-08-29,9.320133394442763,20
2018-08-30,9.280065533933161,20
2018-08-31,9.255587348623493,20
2018-09-03,9.238523978308299,20
2018-09-04,9.268645457566821,20
2018-09-05,9.23606231555079,20
2018-09-06,9.227963415971415,20
2018-09-07,9.231928666469942,20
2018-09-10,9.19462674200015,20
2018-09-11,9.193984982883952,20
2018-09-12,9.184044966688626,20
2018-09-13,9.193737614371463,20
2018-09-14,9.162471302973419,20
2018-09-17,9.117822651808291,20
2018-09-18,9.133626355025166,20
2018-09-19,9.154707654443637,20
2018-09-20,9.135583125642995,20
2018-09-21,9.163163948681586,20
2018-09-25,9.16172377892993,20
2018-09-26,9.192125095565599,20
2018-09-27,9.160820704233894,20
2018-09-28,9.178770414793368,20
2018-10-08,9.106886786858158,20
2018-10-09,9.107210557160554,21
2018-10-10,9.118529226890105,21
2018-10-11,8.981294582303784,21
2018-10-12,8.985734343954965,21
2018-10-15,8.977038828022357,21
2018-10-16,8.928236888597219,21
2018-10-17,8.928764449730794,21
2018-10-18,8.887084908622574,21
2018-10-19,8.93943417336571,21
2018-10-22,9.041961704722404,21
2018-10-23,9.019338528946928,21
2018-10-24,9.009723848168669,21
2018-10-25,8.987489360424158,21
2018-10-26,8.985829348099957,21
2018-10-29,8.977224793831795,21
2018-10-30,9.007938167718592,21
2018-10-31,9.045360315351887,21
2018-11-01,9.035993959442207,21
2018-11-02,9.090264885395312,20
2018-11-05,9.09007739705159,20
2018-11-06,9.080610109793522,20
2018-11-07,9.067826495248601,20
2018-11-08,9.066424144452142,20
2018-11-09,9.075717560085714,20
2018-11-12,9.124063698791474,20
2018-11-13,9.155221839093258,20
2018-11-14,9.164877357080675,20
2018-11-15,9.233587775498215,20
2018-11-16,9.243464423408842,20
2018-11-19,9.24961159882301,20
2018-11-20,9.19988238692703,20
2018-11-21,9.227867821455984,20
2018-11-22,9.223699815391745,20
2018-11-23,9.13958540737999,20
2018-11-26,9.125178820344955,20
2018-11-27,9.145050863219423,20
2018-11-28,9.169299293805016,20
2018-11-29,9.113541013042761,20
2018-11-30,9.134739171509686,20
2018-12-03,9.191979340504492,20
2018-12-04,9.19049791349915,19
2018-12-05,9.173026395331709,19
2018-12-06,9.136226342125216,19
2018-12-07,9.14200117711339,19
2018-12-10,9.119045812852981,19
2018-12-11,9.136094841554536,19
2018-12-12,9.143754021709961,19
2018-12-13,9.166816193571506,19
2018-12-14,9.126682139514,19
2018-12-17,9.134967572453695,19
2018-12-18,9.117211615380443,19
2018-12-19,9.102283085370253,19
2018-12-20,9.128450710998727,19
2018-12-21,9.13335270659026,19
2018-12-24,9.177309685615056,19
2018-12-25,9.178336705094296,19
2018-12-26,9.16331686137294,19
2018-12-27,9.137702281321824,19
2018-12-28,9.109280554060366,19
2019-01-02,9.104445586841633,19
2019-01-03,9.079290537426527,20
2019-01-04,9.119695732814227,20
2019-01-07,9.159538856412597,20
2019-01-08,9.144065416856135,20
2019-01-09,9.145772001559818,20
2019-01-10,9.146239773161378,20
2019-01-11,9.175655080240869,20
2019-01-14,9.181515135390216,20
2019-01-15,9.19499962657102,20
2019-01-16,9.189679628664976,20
2019-01-17,9.170350258052522,20
2019-01-18,9.18380663050629,20
2019-01-21,9.213566399056123,20
2019-01-22,9.209335966490224,20
2019-01-23,9.216343422589174,20
2019-01-24,9.21687570378948,20
2019-01-25,9.197506160417591,20
2019-01-28,9.193574087462572,20
2019-01-29,9.173502310737327,20
2019-01-30,9.150285353813658,20
2019-01-31,9.101784950514483,20
2019-02-01,9.14212873885858,20
2019-02-11,9.183572056767957,20
2019-02-12,9.209442778008944,20
2019-02-13,9.235651029555605,20
2019-02-14,9.235546193921913,20
2019-02-15,9.241524460929897,20
2019-02-18,9.290028629935874,20
2019-02-19,9.28459373573598,20
2019-02-20,9.289635801604083,20
2019-02-21,9.288355503309287,20
2019-02-22,9.327205911875158,20
2019-02-25,9.403841927153255,20
2019-02-26,9.42362192773513,20
2019-02-27,9.438527320873924,20
2019-02-28,9.533240661748868,20
2019-03-01,9.514734118946091,20
2019-03-04,9.596566772063394,20
2019-03-05,9.650674326177649,20
2019-03-06,9.77849106503742,20
2019-03-07,9.872741885471251,20
2019-03-08,9.674456074527136,20
2019-03-11,9.866419639429612,20
2019-03-12,9.973989850286793,20
2019-03-13,9.896381920709882,20
2019-03-14,9.77456728221245,20
2019-03-15,9.8673000097266,20
2019-03-18,9.968303057100538,20
2019-03-19,10.016199149761956,20
2019-03-20,9.992694977451748,20
2019-03-21,10.055289410034604,20
2019-03-22,10.089800955869178,20
2019-03-25,10.11290683941472,20
2019-03-26,10.029941587165677,20
2019-03-27,10.11131375221893,20
2019-03-28,10.079563193063011,20
2019-03-29,10.175228163419842,20
2019-04-01,10.339516649800384,20
2019-04-02,10.401039243925387,21
2019-04-03,10.494497974411898,21
2019-04-04,10.519715437300729,21
2019-04-08,10.47841754386201,21
2019-04-09,10.443876802465734,21
2019-04-10,10.488761843264951,21
2019-04-11,10.364371614394377,21
2019-04-12,10.344280526794256,21
2019-04-15,10.292790076099422,21
2019-04-16,10.406331834252438,21
2019-04-17,10.477666666704549,21
2019-04-18,10.464907835348159,21
2019-04-19,10.554769940762414,21
2019-04-22,10.486830825454742,21
2019-04-23,10.413363873673385,21
2019-04-24,10.489053538076403,21
2019-04-25,10.331857479542295,21
2019-04-26,10.268348237011573,21
2019-04-29,10.16789966200514,21
2019-04-30,10.242971127846555,21
2019-05-06,9.732374625550483,21
2019-05-07,9.833334189777181,31
2019-05-08,9.893501191173883,31
2019-05-09,9.835902828572179,31
2019-05-10,10.09216211472393,31
2019-05-13,10.084593823597553,31
2019-05-14,10.022330719697253,31
2019-05-15,10.154603099313386,31
2019-05-16,10.161551860913132,31
2019-05-17,9.907990296870484,31
2019-05-20,9.847569583889594,31
2019-05-21,9.968115526913854,31
2019-05-22,9.927286031898758,31
2019-05-23,9.749895836548486,31
2019-05-24,9.688955029598068,31
2019-05-27,9.893990654458166,31
2019-05-28,9.870074886984884,31
2019-05-29,9.941168228902312,31
2019-05-30,9.904542788127065,31
2019-05-31,9.929673406561768,31
2019-06-03,9.890201036465886,31
2019-06-04,9.829228470611797,20
2019-06-05,9.863442853880779,20
2019-06-06,9.64048069128769,20
2019-06-10,9.731311382766235,20
2019-06-11,9.956676690537858,20
2019-06-12,9.934485334941488,20
2019-06-13,10.01562437784814,20
2019-06-14,9.870658808474994,20
2019-06-17,9.867744913933642,20
2019-06-18,9.878762361691715,20
2019-06-19,9.979105335737147,20
2019-06-20,10.108170194053077,20
2019-06-21,10.278759662269856,20
2019-06-24,10.26793885735736,20
2019-06-25,10.158483820501731,20
2019-06-26,10.245676657322653,20
2019-06-27,10.358695097774728,20
2019-06-28,10.321068929700258,20
2019-07-01,10.539200267106205,20
2019-07-02,10.599158229161535,19
2019-07-03,10.552604542734155,19
2019-07-04,10.589090714337628,19
2019-07-05,10.593388179407796,19
2019-07-08,10.35487176921412,19
2019-07-09,10.370132485810844,19
2019-07-10,10.34390549636219,19
2019-07-11,10.32614904324569,19
2019-07-12,10.310042486373163,19
2019-07-15,10.420342491656799,19
2019-07-16,10.394833303277684,19
2019-07-17,10.399550297677287,19
2019-07-18,10.231810058846207,19
2019-07-19,10.276915827088066,19
2019-07-22,10.145931572907767,19
2019-07-23,10.200928061481818,19
2019-07-24,10.305453729791806,19
2019-07-25,10.335713937227824,19
2019-07-26,10.328798314031301,19
2019-07-29,10.366925695034322,19
2019-07-30,10.411056406415915,19
2019-07-31,10.358946151556214,19
2019-08-01,10.334337985679035,19
2019-08-02,10.229578309180827,20
2019-08-05,10.171454715942549,20
2019-08-06,9.98952804562411,20
2019-08-07,9.92118710978182,20
2019-08-08,9.969167107916483,20
2019-08-09,9.884460307382357,20
2019-08-12,10.005427923336168,20
2019-08-13,10.002695855171496,20
2019-08-14,10.092076300653213,20
2019-08-15,10.106714490193564,20
2019-08-16,10.188299139081723,20
2019-08-19,10.381539607558285,20
2019-08-20,10.35599101961988,20
2019-08-21,10.354802862217797,20
2019-08-22,10.389637125923835,20
2019-08-23,10.365066651449593,20
2019-08-26,10.326065961791524,20
2019-08-27,10.448480991923502,20
2019-08-28,10.426863743652785,20
2019-08-29,10.428390980962323,20
2019-08-30,10.333803889597569,20
2019-09-02,10.480982856563857,20
2019-09-03,10.471214747947132,20
2019-09-04,10.546009059421435,20
2019-09-05,10.590837327424353,20
2019-09-06,10.654841326665766,20
2019-09-09,10.789811812250564,20
2019-09-10,10.822413467031142,20
2019-09-11,10.782932753647506,20
2019-09-12,10.820484391497441,20
2019-09-16,10.853394152502833,20
2019-09-17,10.731126203057055,20
2019-09-18,10.747801567370082,20
2019-09-19,10.911666518386575,20
2019-09-20,10.915622024226728,20
2019-09-23,10.880651883390167,20
2019-09-24,10.90291427117661,20
2019-09-25,10.809941751832234,20
2019-09-26,10.626248515726395,20
2019-09-27,10.678948415894702,20
2019-09-30,10.620298045400848,20
2019-10-08,10.690380657304587,20
2019-10-09,10.749915174694173,20
2019-10-10,10.841305476986468,20
2019-10-11,10.862975023789696,20
2019-10-14,10.956713757216082,20
2019-10-15,10.88937975022856,20
2019-10-16,10.933058219818996,20
2019-10-17,10.921110536423601,20
2019-10-18,10.886558954382748,20
2019-10-21,10.780492547833923,20
2019-10-22,10.841218278108405,20
2019-10-23,10.830186759079407,20
2019-10-24,10.806935966199772,20
2019-10-25,10.841499454330485,20
2019-10-28,10.915818149435552,20
2019-10-29,10.790548169138106,20
2019-10-30,10.699810666747815,20
2019-10-31,10.670227219805668,20
2019-11-01,10.685253186670543,20
2019-11-04,10.701551737319733,20
2019-11-05,10.71142087721633,20
2019-11-06,10.707328617049889,20
2019-11-07,10.72303323271316,20
2019-11-08,10.736513831482148,20
2019-11-11,10.613631241249907,20
2019-11-12,10.624285255826697,20
2019-11-13,10.611846960493743,20
2019-11-14,10.674783728853978,20
2019-11-15,10.610229953778486,20
2019-11-18,10.656772825550972,20
2019-11-19,10.718962197140536,20
2019-11-20,10.665011535099808,20
2019-11-21,10.621963147374398,20
2019-11-22,10.57793243249902,20
2019-11-25,10.5340305980298,20
2019-11-26,10.547433682455098,20
2019-11-27,10.539142047653677,20
2019-11-28,10.510331777742387,20
2019-11-29,10.50101504194393,20
2019-12-02,10.506321673299986,20
2019-12-03,10.532431307145941,20
2019-12-04,10.518245658363725,20
2019-12-05,10.545134793697041,20
2019-12-06,10.556578639541243,20
2019-12-09,10.554781545357569,20
2019-12-10,10.557396383387584,20
2019-12-11,10.539854158677766,20
2019-12-12,10.519425337668963,20
2019-12-13,10.561659939630108,20
2019-12-16,10.634844820216077,20
2019-12-17,10.684445968490659,20
2019-12-18,10.696586962316939,20
2019-12-19,10.717672808430068,20
2019-12-20,10.722029574932897,20
2019-12-23,10.682525826662824,20
2019-12-24,10.74337581954957,20
2019-12-25,10.734229308888736,20
2019-12-26,10.768658395870723,20
2019-12-27,10.763117336917563,20
2019-12-30,10.825669965800746,20
2019-12-31,10.886624584421092,20
2020-01-02,10.993137785861352,20
2020-01-03,10.995286736522354,20
2020-01-06,11.006744531408565,20
2020-01-07,11.100298555353875,20
2020-01-08,11.005255766294608,20
2020-01-09,11.14548374005221,20
2020-01-10,11.190735288967206,20
2020-01-13,11.235932854388022,20
2020-01-14,11.214175747204687,20
2020-01-15,11.189720074826077,20
2020-01-16,11.186309418646093,20
2020-01-17,11.14255942052864,20
2020-01-20,11.213586875560637,20
2020-01-21,11.138759597451484,20
2020-01-22,11.10339189964877,20
2020-01-23,10.822313532094162,20
2020-02-03,10.013568245082634,20
2020-02-04,10.11289669228508,22
2020-02-05,10.389804934491016,22
2020-02-06,10.569234946698481,22
2020-02-07,10.597660951409775,22
2020-02-10,10.723505564638465,22
2020-02-11,10.64328878658864,22
2020-02-12,10.753943772658527,22
2020-02-13,10.685427854091728,22
2020-02-14,10.630500893449469,22
2020-02-17,10.862272382793421,22
2020-02-18,10.964457525242462,22
2020-02-19,10.953855575613124,22
2020-02-20,11.107524569940882,22
2020-02-21,11.13857308589481,22
2020-02-24,11.223452678260768,22
2020-02-25,11.151572986007277,22
2020-02-26,11.069109973482439,22
2020-02-27,11.098401241632416,22
2020-02-28,10.592814210857872,22
2020-03-02,10.877025907215765,22
2020-03-03,11.022262266523386,19
2020-03-04,11.12962022935747,19
2020-03-05,11.262399625118947,19
2020-03-06,11.2359208729698,19
2020-03-09,10.994770515972899,19
2020-03-10,11.122612322286708,19
2020-03-11,11.115506793195303,19
2020-03-12,10.872086093919233,19
2020-03-13,10.76930200137716,19
2020-03-16,10.498584853648003,19
2020-03-17,10.422640231320178,19
2020-03-18,10.321694777898015,19
2020-03-19,10.377593974032584,19
2020-03-20,10.491011098270691,19
2020-03-23,10.267011544021534,19
2020-03-24,10.401705073780313,19
2020-03-25,10.579578621724542,19
2020-03-26,10.545639834621685,19
2020-03-27,10.546226678351259,19
2020-03-30,10.37252565207731,19
2020-03-31,10.393024246361328,19
2020-04-01,10.368635837760383,19
2020-04-02,10.44085793050612,20
2020-04-03,10.433315352430473,20
2020-04-07,10.5220165900564,20
2020-04-08,10.545017453923714,20
2020-04-09,10.588389565802972,20
2020-04-10,10.559915226748316,20
2020-04-13,10.582788791663639,20
2020-04-14,10.657547083650366,20
2020-04-15,10.629329558640944,20
2020-04-16,10.63962885123879,20
2020-04-17,10.697372870563658,20
2020-04-20,10.785845445335475,20
2020-04-21,10.785523933466552,20
2020-04-22,10.82887622809274,20
2020-04-23,10.85581777669154,20
2020-04-24,10.795876530413539,20
2020-04-27,10.778378231825497,20
2020-04-28,10.70728412371212,20
2020-04-29,10.738676956785435,20
2020-04-30,10.851293680966622,20
2020-05-06,10.948395947820249,20
2020-05-07,10.917654964324344,20
2020-05-08,10.990228371892945,20
2020-05-11,10.968219032538395,20
2020-05-12,10.981756091361508,20
2020-05-13,11.039110123336359,20
2020-05-14,10.975004508036724,20
2020-05-15,11.000453834057966,20
2020-05-18,10.989379950409607,20
2020-05-19,11.086616124141774,20
2020-05-20,10.965235462694885,20
2020-05-21,10.919952475931023,20
2020-05-22,10.781978942392028,20
2020-05-25,10.786700621443849,20
2020-05-26,10.9024076062927,20
2020-05-27,10.895522923900074,20
2020-05-28,10.88697360016035,20
2020-05-29,10.901990833423369,20
2020-06-01,11.133410278495202,20
2020-06-02,11.239477131673517,20
2020-06-03,11.22276359535122,20
2020-06-04,11.278751122785092,20
2020-06-05,11.281978244319573,20
2020-06-08,11.326630647511136,20
2020-06-09,11.354395604092119,20
2020-06-10,11.369478361844893,20
2020-06-11,11.386682374944357,20
2020-06-12,11.399659474263139,20
2020-06-15,11.31345557887447,20
2020-06-16,11.46961320676672,20
2020-06-17,11.440160062169499,20
2020-06-18,11.413002842882483,20
2020-06-19,11.478416391767706,20
2020-06-22,11.464682781346193,20
2020-06-23,11.504231283789794,20
2020-06-24,11.505114758007123,20
2020-06-29,11.408114358862859,20
2020-06-30,11.524035155603256,20
2020-07-01,11.546620081789138,20
2020-07-02,11.679032592124747,20
2020-07-03,11.713135849415421,20
2020-07-06,12.028235639800746,20
2020-07-07,12.030760920162672,20
2020-07-08,12.136681415973142,20
2020-07-09,12.427595627959901,20
2020-07-10,12.330942414625698,20
2020-07-13,12.672722022010138,20
2020-07-14,12.591341402073972,20
2020-07-15,12.417794747963868,20
2020-07-16,12.09096553849298,20
2020-07-17,12.195222246958721,20
2020-07-20,12.544918169348776,20
2020-07-21,12.625855311977963,20
2020-07-22,12.57056299460487,20
2020-07-23,12.614181043038982,20
2020-07-24,12.246885495540516,20
2020-07-27,12.290683546060738,20
2020-07-28,12.360891046721775,20
2020-07-29,12.572828977731103,20
2020-07-30,12.643862634839161,20
2020-07-31,12.706044745447684,20
2020-08-03,13.061121471859774,20
2020-08-04,13.055161634158278,20
2020-08-05,13.042508751286833,20
2020-08-06,13.079771612246441,20
2020-08-07,12.970885779931905,20
2020-08-10,13.112591157762763,20
2020-08-11,12.950639726340665,20
2020-08-12,12.81852997377653,20
2020-08-13,12.879292015764811,20
2020-08-14,12.956596124640681,20
2020-08-17,13.131079966270237,20
2020-08-18,13.210865471192838,20
2020-08-19,13.229076333516149,20
2020-08-20,13.079948585851916,20
2020-08-21,13.133856363241518,20
2020-08-24,13.153013186990828,20
2020-08-25,13.055048404494634,20
2020-08-26,12.798533524148498,20
2020-08-27,12.913825738407276,20
2020-08-28,13.018452794677698,20
2020-08-31,12.987022170991132,20
2020-09-01,13.075961489056903,20
2020-09-02,13.108785197838547,20
2020-09-03,13.042004083853016,20
2020-09-04,12.961893459092755,20
2020-09-07,12.818278960777867,20
2020-09-08,12.88915192407339,20
2020-09-09,12.67435798282075,20
2020-09-10,12.503091563838572,20
2020-09-11,12.624179117289518,20
2020-09-14,12.647759759316134,20
2020-09-15,12.615089582299948,20
2020-09-16,12.589293061412762,20
2020-09-17,12.568997449445964,20
2020-09-18,12.768740638194704,20
2020-09-21,12.735223393084553,20
2020-09-22,12.549824698169171,20
2020-09-23,12.509936563103153,20
2020-09-24,12.263460135919967,20
2020-09-25,12.255670047318016,20
2020-09-28,12.222169138833566,20
2020-09-29,12.26179167963089,20
2020-09-30,12.241597240728245,20
2020-10-09,12.509008444463303,20
2020-10-12,12.796379757460329,20
2020-10-13,12.78845263717999,20
2020-10-14,12.684366868532415,20
2020-10-15,12.615422817712771,20
2020-10-16,12.618053530991032,20
2020-10-19,12.594124867309823,20
2020-10-20,12.715743685824648,20
2020-10-21,12.664454041846914,20
2020-10-22,12.532536039285626,20
2020-10-23,12.322584421954684,20
2020-10-26,12.282167331780922,20
2020-10-27,12.269813418968914,20
2020-10-28,12.298473058581985,20
2020-10-29,12.428572237669133,20
2020-10-30,12.190490705302404,20
2020-11-02,12.203916094741773,20
2020-11-03,12.293975228679884,19
2020-11-04,12.29375450613816,19
2020-11-05,12.500976122197212,19
2020-11-06,12.466689240030208,19
2020-11-09,12.670432631818809,19
2020-11-10,12.643309613479842,19
2020-11-11,12.638447962443518,19
2020-11-12,12.724408303664662,19
2020-11-13,12.68521886023816,19
2020-11-16,12.913990361598612,19
2020-11-17,12.915841333634718,19
2020-11-18,12.97504385909427,19
2020-11-19,12.930072814655182,19
2020-11-20,12.937448441241566,19
2020-11-23,13.019645387958768,19
2020-11-24,13.056457514265539,19
2020-11-25,12.899500582203235,19
2020-11-26,12.8749904954953,19
2020-11-27,12.83076009448688,19
2020-11-30,12.739699497385688,19
2020-12-01,12.819508677865084,19
2020-12-02,12.824374042926436,20
2020-12-03,12.784363481464863,20
2020-12-04,12.832877776864642,20
2020-12-07,12.803544999644314,20
2020-12-08,12.76270686686037,20
2020-12-09,12.670031337825613,20
2020-12-10,12.623175101139406,20
2020-12-11,12.487710559133998,20
2020-12-14,12.48940470931714,20
2020-12-15,12.487384008830489,20
2020-12-16,12.42485202451277,20
2020-12-17,12.43832128237977,20
2020-12-18,12.364010037515575,20
2020-12-21,12.392102458826418,20
2020-12-22,12.12231817989105,20
2020-12-23,12.11808526874129,20
2020-12-24,11.903346433012905,20
2020-12-25,12.003480379038585,20
2020-12-28,11.814025445121125,20
2020-12-29,11.819418007204703,20
2020-12-30,11.819189284102553,20
2020-12-31,11.93716705785014,20
2021-01-04,12.038720392315971,20
2021-01-05,12.0412403154678,20
2021-01-06,11.892916086237424,20
2021-01-07,11.662566630921251,20
2021-01-08,11.665757102146623,20
2021-01-11,11.501928160874048,20
2021-01-12,11.562947338871117,20
2021-01-13,11.512420405290387,20
2021-01-14,11.680463435794987,20
2021-01-15,11.759034651097023,20
2021-01-18,11.83581918136424,20
2021-01-19,11.874280939451511,20
2021-01-20,11.869047855097053,20
2021-01-21,11.921290039220036,20
2021-01-22,11.876982313413544,20
2021-01-25,11.724467058958878,20
2021-01-26,11.671428270504236,20
2021-01-27,11.735065202021833,20
2021-01-28,11.63180960993909,20
2021-01-29,11.56866264665188,20
2021-02-01,11.621457826959883,20
2021-02-02,11.674610304765913,20
2021-02-03,11.671253705236422,20
2021-02-04,11.573075340602541,20
2021-02-05,11.571113339923574,20
2021-02-08,11.580755678719312,20
2021-02-09,11.67962608392644,20
2021-02-10,11.699371539526593,20
2021-02-18,11.773688563986818,20
2021-02-19,11.854785420689135,20
2021-02-22,11.925995528525094,20
2021-02-23,11.896487149986417,20
2021-02-24,11.884931478995851,20
2021-02-25,11.869896472921106,20
2021-02-26,11.846688204518845,20
2021-03-01,11.946763285745483,20
2021-03-02,11.937037331604488,20
2021-03-03,11.99533188073658,20
2021-03-04,11.969619455668203,20
2021-03-05,11.984946409369975,20
2021-03-08,11.968159785014404,20
2021-03-09,11.936769456129337,20
2021-03-10,11.897605450482434,20
2021-03-11,11.963830593330131,20
2021-03-12,11.972215861431424,20
2021-03-15,11.967159421482263,20
2021-03-16,12.02123272326018,20
2021-03-17,12.020423932387134,20
2021-03-18,12.037603520170615,20
2021-03-19,12.022525772617564,20
2021-03-22,12.072348742687312,20
2021-03-23,12.053938630620664,20
2021-03-24,12.006149940485457,20
2021-03-25,12.002894844956932,20
2021-03-26,12.033460934655487,20
2021-03-29,12.051035428968271,20
2021-03-30,12.034059225937277,20
2021-03-31,12.047485532043991,20
2021-04-01,12.030439799905544,20
2021-04-02,12.026641108294687,20
2021-04-06,12.050840172838404,20
2021-04-07,12.073391106089792,20
2021-04-08,12.050515052726798,20
2021-04-09,12.04501196864125,20
2021-04-12,11.990775379888046,20
2021-04-13,11.966908422101865,20
2021-04-14,11.975381048975121,20
2021-04-15,11.958274720063933,20
2021-04-16,11.987324439732307,20
2021-04-19,12.010950764620693,20
2021-04-20,11.998135120095514,20
2021-04-21,11.984782757475301,20
2021-04-22,12.002910008353094,20
2021-04-23,12.013299057057399,20
2021-04-26,11.985413737665178,20
2021-04-27,11.965522678571828,20
2021-04-28,11.964251001035452,20
2021-04-29,11.953429379674674,20
2021-04-30,11.921249196431662,20
2021-05-06,11.912025978677011,20
2021-05-07,11.902697023407077,20
2021-05-10,11.94247214877393,20
2021-05-11,11.945614341503214,20
2021-05-12,11.971368382792004,20
2021-05-13,11.980451547064117,20
2021-05-14,12.025408020855068,20
2021-05-17,11.98210114273605,20
2021-05-18,11.978036675410635,20
2021-05-19,11.971757902082475,20
2021-05-20,11.963974411208918,20
2021-05-21,11.971364853188826,20
2021-05-24,12.012537328573899,20
2021-05-25,12.044318167587294,20
2021-05-26,12.058478697006196,20
2021-05-27,12.05446699686562,20
2021-05-28,12.047795453544223,20
2021-05-31,12.096608065840886,20
2021-06-01,12.079636877506704,20
2021-06-02,12.007237292161681,21
2021-06-03,11.966627890767223,21
2021-06-04,11.955579670673767,21
2021-06-07,12.00202843851193,21
2021-06-08,12.02200436627073,21
2021-06-09,12.03343840881014,21
2021-06-10,12.076786175182123,21
2021-06-11,12.140465753869908,21
2021-06-15,12.051903515824689,21
2021-06-16,11.914652781500319,21
2021-06-17,11.939176235757726,21
2021-06-18,11.957945351086737,21
2021-06-21,12.06243768785343,21
2021-06-22,12.106617927701068,21
2021-06-23,12.101950460846595,21
2021-06-24,12.020478633259641,21
2021-06-25,12.011941695719058,21
2021-06-28,12.033841261864927,21
2021-06-29,11.95870914307719,21
2021-06-30,11.937739760259838,21
2021-07-01,11.871430770071882,21
2021-07-02,11.86123499240368,20
2021-07-05,12.003954971002468,20
2021-07-06,12.026627528594485,20
2021-07-07,12.078814570074503,20
2021-07-08,11.970617170469557,20
2021-07-09,12.03883844818248,20
2021-07-12,12.205279485482873,20
2021-07-13,12.217088006451098,20
2021-07-14,12.199077209346628,20
2021-07-15,12.119829378801345,20
2021-07-16,12.109842817594053,20
2021-07-19,12.121603928584403,20
2021-07-20,12.119410301817645,20
2021-07-21,12.17067412782495,20
2021-07-22,12.172895432951805,20
2021-07-23,12.04385575514903,20
2021-07-26,11.985066735084418,20
2021-07-27,11.943930550824556,20
2021-07-28,11.79525743986035,20
2021-07-29,11.954372774339454,20
2021-07-30,12.02076629989558,20
2021-08-02,12.179567292417913,20
2021-08-03,12.220783054469674,20
2021-08-04,12.284858626920133,20
2021-08-05,12.252586195196548,20
2021-08-06,12.206185769340056,20
2021-08-09,12.379463473353454,20
2021-08-10,12.403234023594523,20
2021-08-11,12.377513161849146,20
2021-08-12,12.413078871659168,20
2021-08-13,12.396224715688984,20
2021-08-16,12.449815346580595,20
2021-08-17,12.307673717941746,20
2021-08-18,12.377894871810447,20
2021-08-19,12.358370507339076,20
2021-08-20,12.278133272387645,20
2021-08-23,12.435184105819163,20
2021-08-24,12.47969048898927,20
2021-08-25,12.630510690538262,20
2021-08-26,12.549836546406853,20
2021-08-27,12.543621439090087,20
2021-08-30,12.435791016996227,20
2021-08-31,12.47612262724234,20
2021-09-01,12.465298595478856,20
2021-09-02,12.488532962984868,21
2021-09-03,12.572658725673158,21
2021-09-06,12.642507336686792,21
2021-09-07,12.745224759897187,21
2021-09-08,12.820733838914395,21
2021-09-09,12.89794663000505,21
2021-09-10,12.812636450159761,21
2021-09-13,12.917729899651599,21
2021-09-14,12.81562062796073,21
2021-09-15,12.902341883370383,21
2021-09-16,12.86225468784574,21
2021-09-17,12.849095422156038,21
2021-09-22,12.891862349034504,21
2021-09-23,12.99390000093708,21
2021-09-24,12.809310088075089,21
2021-09-27,12.557393084773251,21
2021-09-28,12.514803801969006,21
2021-09-29,12.283883301304865,21
2021-09-30,12.443294541576027,21
2021-10-08,12.607390197122434,21
2021-10-11,12.620733218079637,20
2021-10-12,12.50985814001057,20
2021-10-13,12.625782941416425,20
2021-10-14,12.637185289226942,20
2021-10-15,12.554805575501664,20
2021-10-18,12.532162567960517,20
2021-10-19,12.575590823271428,20
2021-10-20,12.616585784452528,20
2021-10-21,12.57062420319802,20
2021-10-22,12.465063746104304,20
2021-10-25,12.638446374588097,20
2021-10-26,12.58838010924832,20
2021-10-27,12.44165363468055,20
2021-10-28,12.364414254922913,20
2021-10-29,12.380515898416283,20
2021-11-01,12.553885182690939,20
2021-11-02,12.40338549555097,20
2021-11-03,12.505519392180856,20
2021-11-04,12.581815776083383,20
2021-11-05,12.608900788235676,20
2021-11-08,12.611565680137257,20
2021-11-09,12.718269373423412,20
2021-11-10,12.824204064165384,20
2021-11-11,12.82438969531617,20
2021-11-12,12.931245421416856,20
2021-11-15,13.158853749082088,20
2021-11-16,13.227126914726139,20
2021-11-17,13.349318248780621,20
2021-11-18,13.29472751619723,20
2021-11-19,13.37365637322709,20
2021-11-22,13.457913256321456,20
2021-11-23,13.583710975980669,20
2021-11-24,13.655793941866788,20
2021-11-25,13.654055779589886,20
2021-11-26,13.669651374466206,20
2021-11-29,13.691092420561754,20
2021-11-30,13.764065915559343,20
2021-12-01,13.839442247669316,20
2021-12-02,13.79177509509484,21
2021-12-03,13.791329584085936,21
2021-12-06,13.647882569530523,21
2021-12-07,13.590021381657982,21
2021-12-08,13.672869911884645,21
2021-12-09,13.751338138256276,21
2021-12-10,13.75559891027943,21
2021-12-13,13.737182649657278,21
2021-12-14,13.731574855160515,21
2021-12-15,13.780126899272807,21
2021-12-16,13.864916531836228,21
2021-12-17,13.799548872965218,21
2021-12-20,13.770485774383916,21
2021-12-21,13.91290394501069,21
2021-12-22,13.900707963086862,21
2021-12-23,13.842126658119533,21
2021-12-24,13.648812947644794,21
2021-12-27,13.806840677196297,21
2021-12-28,13.880784939144457,21
2021-12-29,13.963248077775908,21
2021-12-30,14.08857783426202,21
2021-12-31,14.213096213740506,21
2022-01-04,14.646318198836877,21
2022-01-05,14.583437309336624,20
2022-01-06,14.724786476252572,20
2022-01-07,14.628358942348532,20
2022-01-10,14.89074183727008,20
2022-01-11,14.844892937410743,20
2022-01-12,14.890122749894282,20
2022-01-13,14.873065849437982,20
2022-01-14,14.755166632201819,20
2022-01-17,14.887426147199413,20
2022-01-18,14.754264412852782,20
2022-01-19,14.876570845981997,20
2022-01-20,14.573385602551902,20
2022-01-21,14.389146983177476,20
2022-01-24,14.345252401937815,20
2022-01-25,13.829926748299584,20
2022-01-26,13.9384400188302,20
2022-01-27,13.661269775549671,20
2022-01-28,13.790690509955343,20
2022-02-07,13.960020682327675,20
2022-02-08,14.09423743980208,20
2022-02-09,14.19068649799032,20
2022-02-10,14.157327750561072,20
2022-02-11,13.975564321770982,20
2022-02-14,13.95430291106849,20
2022-02-15,13.928817843989469,20
2022-02-16,14.060750309375154,20
2022-02-17,14.047525625218649,20
2022-02-18,14.09562476533722,20
2022-02-21,14.19577505088193,20
2022-02-22,14.079059929274562,20
2022-02-23,14.236556341645858,20
2022-02-24,14.042608364303073,20
2022-02-25,14.161321306643318,20
2022-02-28,14.170513177909179,20
2022-03-01,14.173178244134236,20
2022-03-02,14.187894895523248,20
2022-03-03,14.23566929113745,20
2022-03-04,14.121495406951347,20
2022-03-07,14.003883957578497,20
2022-03-08,13.735659040681131,20
2022-03-09,13.587433660894828,20
2022-03-10,13.747575736020305,20
2022-03-11,13.8726414808407,20
2022-03-14,13.677222778126593,20
2022-03-15,13.362840945470762,20
2022-03-16,13.470636183648072,20
2022-03-17,13.575915649328314,20
2022-03-18,13.667087366814552,20
2022-03-21,13.788261782477173,20
2022-03-22,13.76719876265919,20
2022-03-23,13.760578595636868,20
2022-03-24,13.692265042274004,20
2022-03-25,13.748910034633058,20
2022-03-28,13.728871330287767,20
2022-03-29,13.714439031515717,20
2022-03-30,13.843871710110392,20
2022-03-31,13.93447629193814,20
2022-04-01,13.895977313971319,20
2022-04-06,13.959983117147564,20
2022-04-07,13.896483034619633,20
2022-04-08,13.861696987416876,20
2022-04-11,13.742907774010192,20
2022-04-12,13.798452416019725,20
2022-04-13,13.726528494130507,20
2022-04-14,13.768035217237685,20
2022-04-15,13.705956900568621,20
2022-04-18,13.780268757164409,20
2022-04-19,13.791639823410282,20
2022-04-20,13.80051576373267,20
2022-04-21,13.7292078877548,20
2022-04-22,13.763722884959831,20
2022-04-25,13.492465267532506,20
2022-04-26,13.306071985199106,20
2022-04-27,13.38629744305278,20
2022-04-28,13.281856572509996,20
2022-04-29,13.430167613656252,20
2022-05-05,13.475820635604748,20
2022-05-06,13.454384091490315,19
2022-05-09,13.503180223728332,19
2022-05-10,13.529295097778158,19
2022-05-11,13.521592217039645,19
2022-05-12,13.557063981566662,19
2022-05-13,13.565473535166818,19
2022-05-16,13.56281927186983,19
2022-05-17,13.530379551911919,19
2022-05-18,13.539687421704473,19
2022-05-19,13.543447084364058,19
2022-05-20,13.574084731666602,19
2022-05-23,13.653508201145181,19
2022-05-24,13.54759599587074,19
2022-05-25,13.596051080089566,19
2022-05-26,13.630851483029153,19
2022-05-27,13.613114208627449,19
2022-05-30,13.619553973531755,19
2022-05-31,13.644070440000531,19
2022-06-01,13.657866534612364,19
2022-06-02,13.668664106894097,20
2022-06-06,13.695652992822252,20
2022-06-07,13.671138997709935,20
2022-06-08,13.668600915315656,20
2022-06-09,13.627940574438595,20
2022-06-10,13.654397031612959,20
2022-06-13,13.66408303824565,20
2022-06-14,13.684902965190881,20
2022-06-15,13.682846579020286,20
2022-06-16,13.682183209705938,20
2022-06-17,13.697401372251898,20
2022-06-20,13.72228822404732,20
2022-06-21,13.689379916030392,20
2022-06-22,13.640603523277505,20
2022-06-23,13.68497235120298,20
2022-06-24,13.694376241481024,20
2022-06-27,13.718950095598114,20
2022-06-28,13.775175827734367,20
2022-06-29,13.715188519254406,20
2022-06-30,13.742694350341061,20
2022-07-01,13.83330360502494,20
2022-07-04,13.906882907773145,19
2022-07-05,13.867620326924479,19
2022-07-06,13.766729810430972,19
2022-07-07,13.799268709515369,19
2022-07-08,13.80956479817983,19
2022-07-11,13.740587902078397,19
2022-07-12,13.612719627154963,19
2022-07-13,13.686526723925363,19
2022-07-14,13.725681914473945,19
2022-07-15,13.587096863456301,19
2022-07-18,13.850058102625146,19
2022-07-19,13.889291927927978,19
2022-07-20,13.958107782238848,19
2022-07-21,13.979018058552263,19
2022-07-22,13.927631031406936,19
2022-07-25,13.902856499489332,19
2022-07-26,13.912078145559452,19
2022-07-27,13.999705308685064,19
2022-07-28,14.072469438471884,19
2022-07-29,14.068924240701742,19
2022-08-01,14.080183422706368,19
2022-08-02,13.730187959985422,19
2022-08-03,13.762409611525818,19
2022-08-04,13.865566826333435,19
2022-08-05,13.918274415993135,19
2022-08-08,14.002598473166058,19
2022-08-09,13.978412966555636,19
2022-08-10,14.118878539280676,19
2022-08-11,14.281754998583375,19
2022-08-12,14.3197962624779,19
2022-08-15,14.297824496436874,19
2022-08-16,14.312814588164198,19
2022-08-17,14.335607687992814,19
2022-08-18,14.362203458951395,19
2022-08-19,14.337656237563396,19
2022-08-22,14.374027794577229,19
2022-08-23,14.453432183090849,19
2022-08-24,14.244806017092046,19
2022-08-25,14.239174835400314,19
2022-08-26,14.251687913945242,19
2022-08-29,14.38256867824909,19
2022-08-30,14.334439003988729,19
2022-08-31,14.229475039043246,19
2022-09-01,14.194319919524917,19
2022-09-02,14.264245131524817,21
2022-09-05,14.284363896447617,21
2022-09-06,14.340472471124135,21
2022-09-07,14.351698155785812,21
2022-09-08,14.304591632337523,21
2022-09-09,14.274656013632189,21
2022-09-13,14.312515042350924,21
2022-09-14,14.27817565138685,21
2022-09-15,14.19342760282135,21
2022-09-16,14.107278933749706,21
2022-09-19,14.039184329769856,21
2022-09-20,14.096889845062355,21
2022-09-21,14.121673985739617,21
2022-09-22,14.129368770162575,21
2022-09-23,14.058685027686751,21
2022-09-26,13.976623430714493,21
2022-09-27,14.069007640469263,21
2022-09-28,13.978795337660396,21
2022-09-29,13.993489814271086,21
2022-09-30,13.935480932920571,21
2022-10-10,13.87292845134633,21
2022-10-11,13.909514128402956,20
2022-10-12,13.99067645427759,20
2022-10-13,14.062996717928375,20
2022-10-14,14.13802686714032,20
2022-10-17,14.250021670810693,20
2022-10-18,14.280167323257057,20
2022-10-19,14.271839666391454,20
2022-10-20,14.24287951787385,20
2022-10-21,14.26798472451281,20
2022-10-24,14.269422001958555,20
2022-10-25,14.227235566506021,20
2022-10-26,14.319845309402382,20
2022-10-27,14.282160310300876,20
2022-10-28,14.144508105013692,20
2022-10-31,14.193841854868165,20
2022-11-01,14.269480561988908,20
2022-11-02,14.335884389210007,20
2022-11-03,14.343215709888643,20
2022-11-04,14.40136200600655,20
2022-11-07,14.430117177765467,20
2022-11-08,14.420306352668161,20
2022-11-09,14.461215149412794,20
2022-11-10,14.432403559658065,20
2022-11-11,14.44261600624924,20
2022-11-14,14.453098701415616,20
2022-11-15,14.536637330147828,20
2022-11-16,14.51290216881576,20
2022-11-17,14.521269957823929,20
2022-11-18,14.510070786631822,20
2022-11-21,14.570839457215033,20
2022-11-22,14.554758843825391,20
2022-11-23,14.522100775424821,20
2022-11-24,14.55729643695142,20
2022-11-25,14.544519530229982,20
2022-11-28,14.541637597257646,20
2022-11-29,14.588699317171292,20
2022-11-30,14.625406554804758,20
2022-12-01,14.632484903876733,20
2022-12-02,14.671598289910829,19
2022-12-05,14.702752116836256,19
2022-12-06,14.657263323262383,19
2022-12-07,14.711810681045279,19
2022-12-08,14.698860251503966,19
2022-12-09,14.692926291072505,19
2022-12-12,14.649464372130604,19
2022-12-13,14.668009247555906,19
2022-12-14,14.613958056806105,19
2022-12-15,14.662815025816602,19
2022-12-16,14.596577639612248,19
2022-12-19,14.435675241548433,19
2022-12-20,14.463289478601624,19
2022-12-21,14.436221160801448,19
2022-12-22,14.342907119248151,19
2022-12-23,14.310134268884962,19
2022-12-26,14.352787727615947,19
2022-12-27,14.365742191502259,19
2022-12-28,14.331636094993012,19
2022-12-29,14.323043669509799,19
2022-12-30,14.373174867646826,19
2023-01-03,14.481449724740115,19
2023-01-04,14.54651707806608,20
2023-01-05,14.587423389870617,20
2023-01-06,14.559580336459964,20
2023-01-09,14.572611975444817,20
2023-01-10,14.552837775012092,20
2023-01-11,14.509976543874885,20
2023-01-12,14.536324243821158,20
2023-01-13,14.542530135787407,20
2023-01-16,14.594927233407525,20
2023-01-17,14.587801752660518,20
2023-01-18,14.599894381805244,20
2023-01-19,14.619409362952593,20
2023-01-20,14.633996056758265,20
2023-01-30,14.698110516997097,20
2023-01-31,14.76690429151198,20
2023-02-01,14.8446168276374,20
2023-02-02,14.860288522344868,20
2023-02-03,14.824515802039981,20
2023-02-06,14.820465694527764,20
2023-02-07,14.882299205550048,20
2023-02-08,14.878499271393206,20
2023-02-09,14.944343473784425,20
2023-02-10,15.000847335105721,20
2023-02-13,15.161350777153404,20
2023-02-14,15.271154178606285,20
2023-02-15,15.270576538491811,20
2023-02-16,15.04925883369224,20
2023-02-17,15.085569704303392,20
2023-02-20,15.205701293362523,20
2023-02-21,15.26527861137199,20
2023-02-22,15.283324472136693,20
2023-02-23,15.270755705893478,20
2023-02-24,15.24969360941647,20
2023-02-27,15.157489965831102,20
2023-02-28,15.28265243521548,20
2023-03-01,15.375876390506194,20
2023-03-02,15.316583031280992,20
2023-03-03,15.349737686584282,20
2023-03-06,15.392052643169906,20
2023-03-07,15.3030543556928,20
2023-03-08,15.318148813670549,20
2023-03-09,15.320675767154842,20
2023-03-10,15.14142955451804,20
2023-03-13,15.182978248926936,20
2023-03-14,15.036276414279735,20
2023-03-15,15.245480447983335,20
2023-03-16,15.09306945503267,20
2023-03-17,15.038887533817599,20
2023-03-20,14.986982979841846,20
2023-03-21,15.119834504216744,20
2023-03-22,15.188453332324842,20
2023-03-23,15.209321764671866,20
2023-03-24,15.185913803070203,20
2023-03-27,15.195817983491844,20
2023-03-28,15.191249328913434,20
2023-03-29,15.13277820140016,20
2023-03-30,15.119554767535583,20
2023-03-31,15.247233354763127,20
2023-04-03,15.274424811468975,20
2023-04-04,15.052993422423496,20
2023-04-06,15.029180555075525,20
2023-04-07,15.111510816642781,20
2023-04-10,15.000844136909533,20
2023-04-11,14.970539708826493,20
2023-04-12,15.040941549328593,20
2023-04-13,14.967795989878832,20
2023-04-14,15.065834962673673,20
2023-04-17,15.196507609836381,20
2023-04-18,15.153090269096085,20
2023-04-19,15.100913942145597,20
2023-04-20,14.98987961471428,20
2023-04-21,14.77182157945169,20
2023-04-24,14.71401156240758,20
2023-04-25,14.492147611985496,20
2023-04-26,14.647290828749524,20
2023-04-27,14.652602254582222,20
2023-04-28,14.89748017485223,20
2023-05-04,15.042241378109757,20
2023-05-05,14.943807690244151,20
2023-05-08,14.921586147824218,20
2023-05-09,14.681569123713897,20
2023-05-10,14.667317827530233,20
2023-05-11,14.774095936165144,20
2023-05-12,14.643165236964022,20
2023-05-15,14.757939329539818,20
2023-05-16,14.695112242691001,20
2023-05-17,14.731649796243175,20
2023-05-18,14.761439928279229,20
2023-05-19,14.842444689819104,20
2023-05-22,15.020868863958276,20
2023-05-23,14.911022096507896,20
2023-05-24,14.845846096641086,20
2023-05-25,14.793851935720962,20
2023-05-26,14.827864479761434,20
2023-05-29,14.753035564326833,20
2023-05-30,14.73858646389603,20
2023-05-31,14.664922420364451,20
2023-06-01,14.706718484427727,20
2023-06-02,14.804865572515029,20
2023-06-05,14.766282041754533,20
2023-06-06,14.545738149938908,20
2023-06-07,14.526724445802731,20
2023-06-08,14.517000093466676,20
2023-06-09,14.473463573341725,20
2023-06-12,14.54504966190417,20
2023-06-13,14.550930392018516,20
2023-06-14,14.527649539469627,20
2023-06-15,14.581081907202183,20
2023-06-16,14.661370581617872,20
2023-06-19,14.567134624984938,20
2023-06-20,14.50038236919978,20
2023-06-21,14.410108802472976,20
2023-06-26,14.248494462379039,20
2023-06-27,14.551211325877885,20
2023-06-28,14.631752967183367,20
2023-06-29,14.770890892580057,20
2023-06-30,14.8821422173402,20
2023-07-03,14.903792730419433,20
2023-07-04,14.918084109695497,20
2023-07-05,14.909443091831074,20
2023-07-06,14.902609573945787,20
2023-07-07,14.90732073164905,20
2023-07-10,14.958788711968841,20
2023-07-11,15.03782503926956,20
2023-07-12,15.007899424434596,20
2023-07-13,15.057851737087768,20
2023-07-14,15.055583275529296,20
2023-07-17,15.036523489313772,20
2023-07-18,15.091785275778838,20
2023-07-19,15.082617464363604,20
2023-07-20,15.017414806777722,20
2023-07-21,15.017999056282628,20
2023-07-24,15.015788847029098,20
2023-07-25,15.164797115264202,20
2023-07-26,15.17524017152679,20
2023-07-27,15.1117753578892,20
2023-07-28,15.211193395718398,20
2023-07-31,15.221687388833812,20
2023-08-01,15.204126287756699,20
2023-08-02,15.206064627657744,20
2023-08-03,15.180723628968398,20
2023-08-04,15.117217593416681,20
2023-08-07,14.989733711237948,20
2023-08-08,15.016287962689171,20
2023-08-09,14.936676249139506,20
2023-08-10,15.00360042420518,20
2023-08-11,14.888385006293044,20
2023-08-14,14.910572114982658,20
2023-08-15,14.84865261747151,20
2023-08-16,14.777003858116684,20
2023-08-17,14.885430319429048,20
2023-08-18,14.781600842258086,20
2023-08-21,14.751919211582656,20
2023-08-22,14.694262036276434,20
2023-08-23,14.576897940402043,20
2023-08-24,14.624961339156592,20
2023-08-25,14.509225880568138,20
2023-08-28,14.605890030639728,20
2023-08-29,14.875935651509003,20
2023-08-30,14.967425604141045,20
2023-08-31,14.946211383905869,20
2023-09-01,14.956336674064712,20
2023-09-04,15.020402185775076,20
2023-09-05,15.025015223392504,20
2023-09-06,15.003236262779618,20
2023-09-07,14.919975459067304,20
2023-09-08,14.911347982372824,20
2023-09-11,14.95994434085787,20
2023-09-12,14.965724386663528,20
2023-09-13,14.904330018410556,20
2023-09-14,14.87605401345985,20
2023-09-15,14.905550126880545,20
2023-09-18,14.968475523418133,20
2023-09-19,14.934902849849843,20
2023-09-20,14.919222868646875,20
2023-09-21,14.879543693798322,20
2023-09-22,14.951370953231338,20
2023-09-25,14.968297384610356,20
2023-09-26,14.941608272696431,20
2023-09-27,14.980042685588614,20
2023-09-28,15.03670162608427,20
2023-10-09,15.0005565190403,20
2023-10-10,14.963994770107504,20
2023-10-11,14.969150623983728,20
2023-10-12,15.007101745429507,20
2023-10-13,14.97606712454781,20
2023-10-16,14.943498747683499,20
2023-10-17,14.931540437282719,20
2023-10-18,14.854063980659463,20
2023-10-19,14.820578266069967,20
2023-10-20,14.79127850095661,20
2023-10-23,14.693639625573848,20
2023-10-24,14.796778120025369,20
2023-10-25,14.832771832617242,20
2023-10-26,14.83098995312423,20
2023-10-27,14.91127039161546,20
2023-10-30,14.941062389594151,20
2023-10-31,14.933171349277666,20
2023-11-01,14.935580736602171,20
2023-11-02,14.894852723924364,20
2023-11-03,14.916886196887742,20
2023-11-06,14.986138219605902,20
2023-11-07,14.981644652336035,20
2023-11-08,14.973237498419422,20
2023-11-09,14.968344122889869,20
2023-11-10,14.98224099621616,20
2023-11-13,14.988912455348343,20
2023-11-14,14.986211976051946,20
2023-11-15,15.015892463695062,20
2023-11-16,14.982473391844923,20
2023-11-17,15.015144184087085,20
2023-11-20,15.03545588854509,20
2023-11-21,15.025471796232607,20
2023-11-22,14.985160910782156,20
2023-11-23,15.034421149406596,20
2023-11-24,15.01136903782567,20
2023-11-27,14.998487281469117,20
2023-11-28,15.030738402476494,20
2023-11-29,15.002812939812998,20
2023-11-30,14.980259719535594,20
2023-12-01,14.97606449998006,20
2023-12-04,14.934101352590481,20
2023-12-05,14.844024360274704,20
2023-12-06,14.876528499512647,20
2023-12-07,14.860951553510672,20
2023-12-08,14.796383893133306,20
2023-12-11,14.849781672205095,20
2023-12-12,14.87607350756445,20
2023-12-13,14.858900247344,20
2023-12-14,14.851902839244334,20
2023-12-15,14.824142062711493,20
2023-12-18,14.764421227180149,20
2023-12-19,14.753936466170124,20
2023-12-20,14.705918466062784,20
2023-12-21,14.760764630869236,20
2023-12-22,14.69898939366089,20
2023-12-25,14.695449367214032,20
2023-12-26,14.639439398709177,20
2023-12-27,14.668318561820879,20
2023-12-28,14.739513037797948,20
2023-12-29,14.812249190541758,20
2024-01-02,14.848774649381493,20
2024-01-03,14.85659297662614,20
2024-01-04,14.857831447127447,20
2024-01-05,14.820067598600946,20
2024-01-08,14.758198853650653,20
2024-01-09,14.77970629507403,20
2024-01-10,14.764262763186546,20
2024-01-11,14.793441907970317,20
2024-01-12,14.785269845075492,20
2024-01-15,14.80598794605381,20
2024-01-16,14.808677669405858,20
2024-01-17,14.748100322804405,20
2024-01-18,14.723179647537288,20
2024-01-19,14.693296406670104,20
2024-01-22,14.507471099710056,20
2024-01-23,14.519510043887367,20
2024-01-24,14.562136513867133,20
2024-01-25,14.663984649844082,20
2024-01-26,14.664176575204444,20
2024-01-29,14.621520340972117,20
2024-01-30,14.530190019864909,20
2024-01-31,14.44753672321553,20
2024-02-01,14.39993974286119,20
2024-02-02,14.257532639221067,20
2024-02-05,14.022410308893669,20
2024-02-06,14.063465273033884,20
2024-02-07,13.9762123686674,20
2024-02-08,14.22460881749144,20
2024-02-19,14.342011889023965,20
2024-02-20,14.362874845029978,20
2024-02-21,14.41430145920192,20
2024-02-22,14.472529796120291,20
2024-02-23,14.537428874043572,20
2024-02-26,14.591074463079568,20
2024-02-27,14.655205227276788,20
2024-02-28,14.46870657445786,20
2024-02-29,14.599257504252414,20
2024-03-01,14.634592895803634,20
2024-03-04,14.655438829604867,19
2024-03-05,14.582604245035494,19
2024-03-06,14.61427467055304,19
2024-03-07,14.611729392953738,19
2024-03-08,14.655197960614549,19
2024-03-11,14.717086459196931,19
2024-03-12,14.772413451738254,19
2024-03-13,14.79523857922954,19
2024-03-14,14.823388737127543,19
2024-03-15,14.871718498204208,19
2024-03-18,14.932197498324266,19
2024-03-19,14.919042603236246,19
2024-03-20,14.961347031779113,19
2024-03-21,14.986595085782952,19
2024-03-22,14.930386837517151,19
2024-03-25,14.8686151026663,19
2024-03-26,14.907251924350806,19
2024-03-27,14.84281601058164,19
2024-03-28,14.904155490262733,19
2024-03-29,14.936928029638198,19
2024-04-01,15.038100812058895,19
2024-04-02,15.083091477269056,19
2024-04-03,15.069185404234142,19
2024-04-08,15.004410183623595,19
2024-04-09,15.060341599487806,19
2024-04-10,14.978890115943178,19
2024-04-11,14.999362333635387,19
2024-04-12,15.009276219425233,19
2024-04-15,14.902980136468372,19
2024-04-16,14.680200090687867,19
2024-04-17,14.910433350203252,19
2024-04-18,14.952346812848331,19
2024-04-19,14.974484981476952,19
2024-04-22,14.934405756246125,19
2024-04-23,14.924582412217609,19
2024-04-24,14.985925335410304,19
2024-04-25,15.045693298772186,19
2024-04-26,15.033944529302612,19
2024-04-29,15.097967438749594,19
2024-04-30,15.172199986093974,19
2024-05-06,15.31856741050777,19
2024-05-07,15.33039306624183,20
2024-05-08,15.271706526007302,20
2024-05-09,15.324959846008293,20
2024-05-10,15.297896792609638,20
2024-05-13,15.306909899274899,20
2024-05-14,15.39324793104256,20
2024-05-15,15.362110888255659,20
2024-05-16,15.36273536237509,20
2024-05-17,15.37562356460462,20
2024-05-20,15.444205183506238,20
2024-05-21,15.420642604772302,20
2024-05-22,15.376033444245522,20
2024-05-23,15.291764679793197,20
2024-05-24,15.251230292680725,20
2024-05-27,15.299411781471095,20
2024-05-28,15.235973735912417,20
2024-05-29,15.245957312899575,20
2024-05-30,15.21548835597415,20
2024-05-31,15.219592083163928,20
2024-06-03,15.136379494930358,20
2024-06-04,15.219562872483019,20
2024-06-05,15.102646327051364,20
2024-06-06,14.963940245804825,20
2024-06-07,15.070461370465365,20
2024-06-11,15.067614115968556,20
2024-06-12,15.131613883741352,20
2024-06-13,15.059293961954541,20
2024-06-14,15.064901248255548,20
2024-06-17,15.031137930882357,20
2024-06-18,15.047015904878448,20
2024-06-19,14.987087963842544,20
2024-06-20,14.887963597111641,20
2024-06-21,14.899596653217587,20
2024-06-24,14.714680609297895,20
2024-06-25,14.754963411703693,20
2024-06-26,14.868939674320725,20
2024-06-27,14.749452103034331,20
2024-06-28,14.768574999134318,20
2024-07-01,14.85265526240693,20
2024-07-02,14.81526578503246,20
2024-07-03,14.769226928442558,20
2024-07-04,14.692262099173337,20
2024-07-05,14.705360739534205,20
2024-07-08,14.550164744793623,20
2024-07-09,14.61165134778778,20
2024-07-10,14.564121593738093,20
2024-07-11,14.654053486889675,20
2024-07-12,14.636176277393883,20
2024-07-15,14.572014505050216,20
2024-07-16,14.534697211101589,20
2024-07-17,14.517366033305816,20
2024-07-18,14.548985410275384,20
2024-07-19,14.532209784408048,20
2024-07-22,14.511413944434159,20
2024-07-23,14.389661399908809,20
2024-07-24,14.309068856955946,20
2024-07-25,14.332825788118182,20
2024-07-26,14.435412572243695,20
2024-07-29,14.390290813007331,20
2024-07-30,14.40471484933258,20
2024-07-31,14.592468998918761,20
2024-08-01,14.563843740736715,20
2024-08-02,14.526750955747584,20
2024-08-05,14.45029949068195,20
2024-08-06,14.57329138715509,20
2024-08-07,14.586948599432738,20
2024-08-08,14.587240952262551,20
2024-08-09,14.551623247457123,20
2024-08-12,14.570120698464493,20
2024-08-13,14.614927118888106,20
2024-08-14,14.625137403963548,20
2024-08-15,14.678490066799242,20
2024-08-16,14.690876748067696,20
2024-08-19,14.655540685357076,20
2024-08-20,14.551983635892059,20
2024-08-21,14.538678683065594,20
2024-08-22,14.465136200762295,20
2024-08-23,14.403368609893517,20
2024-08-26,14.434477364066531,20
2024-08-27,14.369367365491117,20
2024-08-28,14.387006655148138,20
2024-08-29,14.444809421629724,20
2024-08-30,14.498536111664263,20
2024-09-02,14.437273100502685,20
2024-09-03,14.481310763975088,20
2024-09-04,14.459842440568137,20
2024-09-05,14.457403557558155,20
2024-09-06,14.378197253169915,20
2024-09-09,14.35898081606419,20
2024-09-10,14.369888654038329,20
2024-09-11,14.359606579535354,20
2024-09-12,14.345476987533647,20
2024-09-13,14.283942300092841,20
2024-09-18,14.262486948382351,20
2024-09-19,14.341822245794098,20
2024-09-20,14.309726884995072,20
2024-09-23,14.317845693174046,20
2024-09-24,14.447543556407469,20
2024-09-25,14.495328698107526,20
2024-09-26,14.621543344743515,20
2024-09-27,14.771936324881935,20
2024-09-30,15.44341096560384,20
2024-10-08,15.885448283164518,20
2024-10-09,15.218569045892282,19
2024-10-10,15.305860607497383,19
2024-10-11,15.054761409832617,19
2024-10-14,15.243422148356668,19
2024-10-15,15.06776618419661,19
2024-10-16,15.092140004213093,19
2024-10-17,15.003616837353801,19
2024-10-18,15.14392420848782,19
2024-10-21,15.175313593484061,19
2024-10-22,15.310034400058464,19
2024-10-23,15.291523391340961,19
2024-10-24,15.322022230510765,19
2024-10-25,15.451440438590234,19
2024-10-28,15.57176794389292,19
2024-10-29,15.489590287088157,19
2024-10-30,15.429424544771576,19
2024-10-31,15.467827275306993,19
2024-11-01,15.312225200779901,19
2024-11-04,15.396734524825174,18
2024-11-05,15.527761003498647,18
2024-11-06,15.573598997352384,18
2024-11-07,15.790620174289977,18
2024-11-08,15.724780996195292,18
2024-11-11,15.805927538592417,18
2024-11-12,15.78374285184063,18
2024-11-13,15.811836000076037,18
2024-11-14,15.598868390068292,18
2024-11-15,15.569801607293709,18
2024-11-18,15.504441352171533,18
2024-11-19,15.67935795920997,18
2024-11-20,15.779717756489742,18
2024-11-21,15.764337972378579,18
2024-11-22,15.461748597826803,18
2024-11-25,15.591785030455576,18
2024-11-26,15.508049477305308,18
2024-11-27,15.616406463662788,18
2024-11-28,15.549029438965668,18
2024-11-29,15.69808483492402,18
2024-12-02,15.826438065355552,18
2024-12-03,15.896204686156011,14
2024-12-04,15.85821697115622,14
2024-12-05,15.92631708334918,14
2024-12-06,15.949542722544509,14
2024-12-09,15.96266564714474,14
2024-12-10,16.108359812595374,14
2024-12-11,16.275213275372767,14
2024-12-12,16.340218465017298,14
2024-12-13,16.126101067711645,14
2024-12-16,16.141523508395288,14
2024-12-17,15.954399486304828,14
2024-12-18,15.9306060777817,14
2024-12-19,15.878129339261717,14
2024-12-20,15.920038217882793,14
2024-12-23,15.835416461073551,14
2024-12-24,15.9273819079451,14
2024-12-25,15.799737080874696,14
2024-12-26,15.784727836173136,14
2024-12-27,15.798644521259513,14
2024-12-30,15.729867004783372,14
2024-12-31,15.61824483482307,14
2025-01-02,15.473823612568218,14
2025-01-03,15.318111891100733,16
2025-01-06,15.347477187434059,16
2025-01-07,15.418797176374692,16
2025-01-08,15.375330507602486,16
2025-01-09,15.317061918634232,16
2025-01-10,15.112468567760118,16
2025-01-13,15.129121930031866,16
2025-01-14,15.423140976318729,16
2025-01-15,15.348952200265883,16
2025-01-16,15.453696465404818,16
2025-01-17,15.52338376159191,16
2025-01-20,15.595812650740259,16
2025-01-21,15.607200051185755,16
2025-01-22,15.532242062671163,16
2025-01-23,15.500417305093581,16
2025-01-24,15.562246402340536,16
2025-01-27,15.632059419484301,16
2025-02-05,15.58384930307314,16
2025-02-06,15.648178226656839,18
2025-02-07,15.708052853901084,18
2025-02-10,15.79914646627663,18
2025-02-11,15.93420704935101,18
2025-02-12,15.931640787178003,18
2025-02-13,15.902918300603115,18
2025-02-14,15.944950046032734,18
2025-02-17,15.986083845033244,18
2025-02-18,15.746519235011625,18
2025-02-19,15.803885545895502,18
2025-02-20,15.85938141789528,18
2025-02-21,15.809618276755616,18
2025-02-24,15.802167504984846,18
2025-02-25,15.68557214621596,18
2025-02-26,15.898503102003987,18
2025-02-27,15.981481620909156,18
2025-02-28,15.69951773395502,18
2025-03-03,15.811490444952566,18
2025-03-04,15.889609797577926,17
2025-03-05,15.89081856441729,17
2025-03-06,16.114330628344486,17
2025-03-07,16.12855700052484,17
2025-03-10,16.26680844879037,17
2025-03-11,16.435534776353258,17
2025-03-12,16.40620613614078,17
2025-03-13,16.388519606070655,17
2025-03-14,16.655494925670723,17
2025-03-17,16.66946012439978,17
2025-03-18,16.800416272670198,17
2025-03-19,16.817032163596412,17
2025-03-20,16.767497957273253,17
2025-03-21,16.669341878542788,17
2025-03-24,16.60993724518475,17
2025-03-25,16.69409411734503,17
2025-03-26,16.753575486426517,17
2025-03-27,16.746794348416547,17
2025-03-28,16.640440648276915,17
2025-03-31,16.44175739721876,17
2025-04-01,16.603522777091452,17
2025-04-02,16.63309676076104,14
2025-04-03,16.58846129674279,14
2025-04-07,15.432372828826518,14
2025-04-08,15.696502607771222,14
2025-04-09,15.807971927293192,14
2025-04-10,16.087494579174034,14
2025-04-11,16.03360782657104,14
2025-04-14,16.216722749166227,14
2025-04-15,16.258493088543165,14
2025-04-16,16.22739085852501,14
2025-04-17,16.304153726769936,14
2025-04-18,16.261729499612322,14
2025-04-21,16.406249800992697,14
2025-04-22,16.635392073127132,14
2025-04-23,16.620336007974142,14
2025-04-24,16.67855570044535,14
2025-04-25,16.59081908824415,14
2025-04-28,16.288610837500595,14
2025-04-29,16.36991981224086,14
2025-04-30,16.339315180882142,14
2025-05-06,16.481447718350765,14
2025-05-07,16.49608477458187,15
2025-05-08,16.533156114267097,15
2025-05-09,16.524686988565875,15
2025-05-12,16.544522182500305,15
2025-05-13,16.58199951843276,15
2025-05-14,16.631989014739204,15
2025-05-15,16.62218784838886,15
2025-05-16,16.690824353101213,15
2025-05-19,16.702108846572774,15
2025-05-20,16.79170607589532,15
2025-05-21,16.87124626581968,15
2025-05-22,16.76274664831531,15
2025-05-23,16.749164225529103,15
2025-05-26,16.738978692917506,15
2025-05-27,16.73677921039404,15
2025-05-28,16.804279106725293,15
2025-05-29,16.93408719621137,15
2025-05-30,16.904539132159393,15
2025-06-03,17.029847778512547,15
2025-06-04,17.123296140664348,11
2025-06-05,17.067536100559508,11
2025-06-06,17.10551336747847,11
2025-06-09,17.168913984684128,11
2025-06-10,17.118533733746066,11
2025-06-11,17.183191686029094,11
2025-06-12,17.207497455417165,11
2025-06-13,17.066913140431296,11
2025-06-16,17.05474838824708,11
2025-06-17,17.029950611126843,11
2025-06-18,16.985897112256655,11
2025-06-19,16.803146162170517,11
2025-06-20,16.80338571380103,11
2025-06-23,16.86339066614622,11
2025-06-24,17.042502897711383,11
2025-06-25,17.09011327854601,11
2025-06-26,17.06708796468037,11
2025-06-27,17.175724048705906,11
2025-06-30,17.327030080951936,11
2025-07-01,17.360089223470503,11
2025-07-02,17.475806587076498,11
2025-07-03,17.598169704388724,11
2025-07-04,17.412851547172707,11
2025-07-07,17.389242914284377,11
2025-07-08,17.44570243581521,11
2025-07-09,17.360533823183967,11
2025-07-10,17.400759981722377,11
2025-07-11,17.40207765720734,11
2025-07-14,17.549303258649854,11
2025-07-15,17.5511645145745,11
2025-07-16,17.650365494467387,11
2025-07-17,17.639903187456454,11
2025-07-18,17.61122878565985,11
2025-07-21,17.822458188771922,11
2025-07-22,17.95807001749233,11
2025-07-23,17.862706226075144,11
2025-07-24,17.985330802642785,11
2025-07-25,18.018197875733897,11
2025-07-28,17.953951350247877,11
2025-07-29,17.919937693236317,11
2025-07-30,17.97739919292,11
2025-07-31,17.812945244170944,11
2025-08-01,17.791823788313945,11
2025-08-04,18.012229244543928,10
2025-08-05,18.199317556266244,10
2025-08-06,18.300119096535198,10
2025-08-07,18.232620132975875,10
2025-08-08,18.442044699190166,10
2025-08-11,18.53346504580409,10
2025-08-12,18.721128549498445,10
2025-08-13,18.764964409111634,10
2025-08-14,18.58744547841764,10
2025-08-15,18.806092868130957,10
2025-08-18,18.962224964442797,10
2025-08-19,19.254484478078695,10
2025-08-20,19.300473594631296,10
2025-08-21,19.182463948288987,10
2025-08-22,19.165977898251995,10
2025-08-25,19.396517785567376,10
2025-08-26,19.381211077338897,10
2025-08-27,18.98149433264488,10
2025-08-28,18.93226366194127,10
2025-08-29,18.99583078642974,10
2025-09-01,19.173153195779033,10
2025-09-02,19.19124983978774,7
2025-09-03,18.822317965827583,7
2025-09-04,18.797013123352198,7
2025-09-05,19.036645356917433,7
2025-09-08,19.163336028054683,7
2025-09-09,19.069383520832318,7
2025-09-10,18.98889330477322,7
2025-09-11,19.20902601880493,7
2025-09-12,19.18461263528392,7
2025-09-15,19.23991074077573,7
2025-09-16,19.37972201500324,7
2025-09-17,19.45840064802156,7
2025-09-18,19.117045832204298,7
2025-09-19,19.082036504942387,7
2025-09-22,19.138112114231753,7
2025-09-23,18.91518660462402,7
2025-09-24,19.166502489753466,7
2025-09-25,19.087601497164204,7
2025-09-26,18.96195005318095,7
2025-09-29,19.20134864951067,7
2025-09-30,19.215849149030095,7
2025-10-09,19.348910251220865,7
2025-10-10,19.37262280758437,8
2025-10-13,19.270234651797157,8
2025-10-14,19.364280032465928,8
2025-10-15,19.659682352114086,8
2025-10-16,19.47356430086259,8
2025-10-17,19.312815402592385,8
2025-10-20,19.306196895238376,8
2025-10-21,19.473077921812685,8
2025-10-22,19.48835642333306,8
2025-10-23,19.669532433751602,8
2025-10-24,19.728388648906755,8
2025-10-27,19.863716396534862,8
2025-10-28,19.67951372634034,8
2025-10-29,19.709260376593768,8
2025-10-30,19.979498145829222,8
2025-10-31,20.16748942018459,8
2025-11-03,20.295889430687257,8
2025-11-04,20.1367349789236,6
2025-11-05,20.145437629139774,6
2025-11-06,20.077602471685935,6
2025-11-07,20.15766865581786,6
2025-11-10,20.259868704193305,6
2025-11-11,20.30619059912332,6
2025-11-12,20.42590452264025,6
2025-11-13,20.56561118678687,6
2025-11-14,20.387184305700274,6
2025-11-17,20.209393296549663,6
2025-11-18,20.00160879388609,6
2025-11-19,19.898341862263315,6
2025-11-20,19.806398956823333,6
2025-11-21,19.332307844636613,6
2025-11-24,19.392375683746973,6
2025-11-25,19.464850965304866,6
2025-11-26,19.387800386245548,6
2025-11-27,19.39002934063585,6
2025-11-28,19.457574744886454,6
2025-12-01,19.606415122084034,6
2025-12-02,19.506581597876124,7
2025-12-03,19.477178909822193,7
2025-12-04,19.380368024863426,7
2025-12-05,19.442334036329864,7
2025-12-08,19.400241244699075,7
2025-12-09,19.23994987459881,7
2025-12-10,19.264402926471053,7
2025-12-11,19.035501430923517,7
2025-12-12,19.10034159213391,7
2025-12-15,19.122912143867563,7
2025-12-16,18.97811057602465,7
2025-12-17,19.118325461759753,7
2025-12-18,19.243406722406913,7
2025-12-19,19.383218747267794,7
2025-12-22,19.34181437351493,7
2025-12-23,19.26316985351642,7
2025-12-24,19.33106872059813,7
2025-12-25,19.3288210863897,7
2025-12-26,19.29835434961693,7
2025-12-29,19.208678830062603,7
2025-12-30,19.225266576358756,7
2025-12-31,19.196816772507095,7
2026-01-05,19.401955536369222,7
2026-01-06,19.58415150081882,7
2026-01-07,19.497714709306432,7
2026-01-08,19.637483696069232,7
2026-01-09,19.776820662150186,7
2026-01-12,19.940890974943578,7
2026-01-13,19.990907926299663,7
2026-01-14,20.05919086460204,7
2026-01-15,20.081414150177675,7
2026-01-16,19.84627671941802,7
2026-01-19,20.008693607112722,7
2026-01-20,20.1176860061584,7
2026-01-21,20.13891073875598,7
2026-01-22,20.294777675230716,7
2026-01-23,20.4291467174913,7
2026-01-26,20.623505982263655,7
2026-01-27,20.345349310315008,7
2026-01-28,20.35217767170477,7
2026-01-29,20.613043886409347,7
2026-01-30,20.4412332833007,7
2026-02-02,19.968012676522477,7
2026-02-03,20.097268296799694,7
2026-02-04,20.259976890740127,7
2026-02-05,20.37388150785257,7
2026-02-06,20.437432368130146,7
2026-02-09,20.446537834050705,7
2026-02-10,20.46431847468155,7
2026-02-11,20.57085451327056,7
2026-02-12,20.3696025595056,7
2026-02-13,20.19667263562109,7
2026-02-24,20.505399374306688,7
2026-02-25,20.51684516499846,7
2026-02-26,20.375643111714503,7
2026-02-27,20.462601584265975,7
2026-03-02,20.582484370038443,7
2026-03-03,20.376144801738782,6
2026-03-04,20.177588716974864,6
2026-03-05,20.25368556102889,6
2026-03-06,20.482015922830143,6
2026-03-09,20.386932870698807,6
2026-03-10,20.484527765052672,6
2026-03-11,20.56826818939617,6
2026-03-12,20.518391621944012,6
2026-03-13,20.68285409554983,6
2026-03-16,20.581636249940253,6
2026-03-17,20.55685047635505,6
2026-03-18,20.6556196762815,6
2026-03-19,20.368534262709066,6
2026-03-20,20.082537431906207,6
2026-03-23,19.263937924079542,6
2026-03-24,19.739186245809705,6
2026-03-25,19.849263299522562,6
2026-03-26,19.895810249340737,6
2026-03-27,20.09771949477283,6
2026-03-30,20.202681444920547,6
2026-03-31,20.169275647071156,6
2026-04-01,20.320544272214104,6
2026-04-02,20.23567183743156,6
2026-04-03,19.90625603758597,6
2026-04-07,19.960312251124776,6
2026-04-08,20.26790641881895,6
2026-04-09,20.018323906413997,6
2026-04-10,20.190344359802204,6
2026-04-13,20.10600822867032,6
2026-04-14,20.141451121693013,6
2026-04-15,20.248587943107992,6
2026-04-16,20.189497056143917,6
2026-04-17,20.10771322641052,6
2026-04-20,20.117820024671918,6
2026-04-21,20.350804243806646,6
2026-04-22,20.278262420066785,6
2026-04-23,20.324144087359997,6
2026-04-24,20.319882186496713,6
2026-04-27,20.273879720336296,6
2026-04-28,20.389822730378256,6
2026-04-29,20.66827818704322,6
2026-04-30,20.455641405045373,6
2026-05-06,20.452574254504523,6
2026-05-07,20.520405208078653,5
2026-05-08,20.414580956232122,5
2026-05-11,20.37495230013681,5
2026-05-12,20.266569317921793,5
2026-05-13,20.377690994238502,5
2026-05-14,20.12718915536532,5
2026-05-15,19.935470203565227,5
2026-05-18,19.741371818038512,5
2026-05-19,19.852997921526985,5
2026-05-20,19.651569785943888,5
2026-05-21,19.27910141427146,5
2026-05-22,19.346265561776384,5
2026-05-25,19.277458393746087,5
2026-05-26,19.197896639766377,5
2026-05-27,19.06084372792001,5
2026-05-28,19.00087949486111,5
2026-05-29,19.14104277980525,5
2026-06-01,19.316985092361644,5
2026-06-02,19.119966660475484,9
2026-06-03,18.971194352864163,9
2026-06-04,18.681973056751882,9
2026-06-05,18.747714126517007,9
2026-06-08,18.51515797122814,9
2026-06-09,18.415285108822395,9
2026-06-10,18.384277701123924,9
2026-06-11,18.4062100991046,9
2026-06-12,18.629775738549583,9
2026-06-15,18.639726011588674,9
2026-06-16,18.481622932088612,9
2026-06-17,18.415533536563718,9
2026-06-18,18.277766330749394,9
2026-06-22,18.231298560283854,9
2026-06-23,18.531738183670523,9
2026-06-24,18.312965652652462,9
2026-06-25,18.11664866215194,9
2026-06-26,17.900082567112623,9
2026-06-29,18.24895166439257,9
2026-06-30,18.194324319763105,9
2026-07-01,18.395656174241285,9
2026-07-02,18.53218340382472,9
2026-07-03,18.68696272522753,9
2026-07-06,18.758106426468697,9
2026-07-07,18.49322594840173,9
2026-07-08,18.45724365722641,9
2026-07-09,18.36445215710795,9
2026-07-10,18.456226138838662,9
2026-07-13,18.496647146993563,9
2026-07-14,18.676051498780435,9
2026-07-15,18.96175867525031,9
2026-07-16,18.893302901304175,9
2026-07-17,18.616658172699807,9
2026-07-20,18.652088768089964,9
2026-07-21,18.528977768160956,9
2026-07-22,18.51006292907905,9
2026-07-23,18.542637800906064,9
2026-07-24,18.268109286271805,9
2026-07-27,18.44995482041255,9
2026-07-28,18.59173200789704,9
2026-07-29,18.862597142421077,9
2026-07-30,18.91549900073972,9
2026-07-31,18.916588602850126,9
2026-08-03,18.98149944907017,9
2026-08-04,18.927827129085163,10
2026-08-05,18.871450415050646,10
2026-08-06,18.799956052972693,10
2026-08-07,18.897476812403468,10
2026-08-10,18.986618508401328,10
2026-08-11,18.94524227642855,10
2026-08-12,18.948125576498597,10
2026-08-13,19.053255215701224,10
2026-08-14,19.053255215701224,0
