date,nav,num_held
2006-01-04,1.0,0
2006-01-05,1.0,0
2006-01-06,1.0,0
2006-01-09,1.0,0
2006-01-10,1.0,0
2006-01-11,1.0,0
2006-01-12,1.0,0
2006-01-13,1.0,0
2006-01-16,1.0,0
2006-01-17,1.0,0
2006-01-18,1.0,0
2006-01-19,1.0,0
2006-01-20,1.0,0
2006-01-23,1.0,0
2006-01-24,1.0,0
2006-01-25,1.0,0
2006-02-06,0.9993112015903558,0
2006-02-07,1.0034644475821122,20
2006-02-08,1.0116501849073813,20
2006-02-09,0.9956847921922615,20
2006-02-10,1.0069638444823292,20
2006-02-13,1.0099537057154018,20
2006-02-14,1.0197185536007842,20
2006-02-15,1.0188468575846015,20
2006-02-16,0.9913164103681282,20
2006-02-17,0.9882512363077699,20
2006-02-20,0.9836505825697135,20
2006-02-21,0.9913042623184896,20
2006-02-22,0.992504289156937,20
2006-02-23,1.0010471128175231,20
2006-02-24,1.0060658828330806,20
2006-02-27,1.0022086804750414,20
2006-02-28,0.9987583896167793,20
2006-03-01,1.011456223525137,20
2006-03-02,0.9893509547393704,20
2006-03-03,0.989917139545888,20
2006-03-06,0.991213499443111,20
2006-03-07,0.9636523793639798,20
2006-03-08,0.9552801693931674,20
2006-03-09,0.9573581774563978,20
2006-03-10,0.9571015876728438,20
2006-03-13,0.9679388740057739,20
2006-03-14,0.9665945222524657,20
2006-03-15,0.9785412572423567,20
2006-03-16,0.9855613474733882,20
2006-03-17,0.9832744786210794,20
2006-03-20,0.9931116191749023,20
2006-03-21,0.9937211569513553,20
2006-03-22,1.0005109053945238,20
2006-03-23,1.0096140920653809,20
2006-03-24,1.0000585810733114,20
2006-03-27,1.009594129800064,20
2006-03-28,1.0196351884255714,20
2006-03-29,1.0207101305114015,20
2006-03-30,1.0123399155159887,20
2006-03-31,1.0050051068364907,20
2006-04-03,1.007605820103371,20
2006-04-04,1.0186527743216265,20
2006-04-05,1.0273696357451592,20
2006-04-06,1.0196834775830546,20
2006-04-07,1.0446331570038767,20
2006-04-10,1.0754143556690827,20
2006-04-11,1.0829037338515155,20
2006-04-12,1.0882403700907002,20
2006-04-13,1.0590206486865417,20
2006-04-14,1.0779836464002563,20
2006-04-17,1.0968604826754482,20
2006-04-18,1.0937033077637335,20
2006-04-19,1.0902332147104592,20
2006-04-20,1.0835347498510348,20
2006-04-21,1.0906221081915308,20
2006-04-24,1.0564871918726755,20
2006-04-25,1.040364286120263,20
2006-04-26,1.0602817701172629,20
2006-04-27,1.0682210963488254,20
2006-04-28,1.0898579721358663,20
2006-05-08,1.1007410632685923,20
2006-05-09,1.1112855898648968,20
2006-05-10,1.1170725846346408,20
2006-05-11,1.1137967191839762,20
2006-05-12,1.1293739231529694,20
2006-05-15,1.146495782669563,20
2006-05-16,1.1285482771861925,20
2006-05-17,1.1383051204113799,20
2006-05-18,1.1465724188872533,20
2006-05-19,1.1595870621807862,20
2006-05-22,1.1738132808397639,20
2006-05-23,1.1546597322129062,20
2006-05-24,1.1486427343212848,20
2006-05-25,1.1595331563485272,20
2006-05-26,1.1717040041675622,20
2006-05-29,1.1837606513060333,20
2006-05-30,1.1886042842156102,20
2006-05-31,1.1886865765089942,20
2006-06-01,1.2095944862492214,20
2006-06-02,1.2110410081424192,20
2006-06-05,1.2244315692728442,20
2006-06-06,1.2222736377933872,20
2006-06-07,1.1930407340255897,20
2006-06-08,1.1896273914883673,20
2006-06-09,1.1784358611805583,20
2006-06-12,1.1764454207747965,20
2006-06-13,1.1779983575132822,20
2006-06-14,1.1763348522466528,20
2006-06-15,1.1793262677694514,20
2006-06-16,1.1887125658846933,20
2006-06-19,1.1930033113478642,20
2006-06-20,1.1972481942916795,20
2006-06-21,1.194465688754045,20
2006-06-22,1.1945198579546163,20
2006-06-23,1.2000814436764033,20
2006-06-26,1.2097362288600408,20
2006-06-27,1.2132158781925735,20
2006-06-28,1.2154396562910021,20
2006-06-29,1.221750657841461,20
2006-06-30,1.2198548650934242,20
2006-07-03,1.2253140216915563,20
2006-07-04,1.2242476075809459,20
2006-07-05,1.2264832447850003,20
2006-07-06,1.2332295098376473,20
2006-07-07,1.2317128922631913,20
2006-07-10,1.24156952403754,20
2006-07-11,1.2434670619407033,20
2006-07-12,1.240671032047111,20
2006-07-13,1.2105788177359362,20
2006-07-14,1.2119760878465013,20
2006-07-17,1.21934522311604,20
2006-07-18,1.226179819541339,20
2006-07-19,1.2184391344348686,20
2006-07-20,1.2250153702615347,20
2006-07-21,1.226001039497741,20
2006-07-24,1.2294476653451032,20
2006-07-25,1.2325796195412257,20
2006-07-26,1.234859438651518,20
2006-07-27,1.2295341870506316,20
2006-07-28,1.2270601209024847,20
2006-07-31,1.2046249062568875,20
2006-08-01,1.1980071695236447,20
2006-08-02,1.1900819786300074,20
2006-08-03,1.1894403302682794,20
2006-08-04,1.1713101859883464,20
2006-08-07,1.156229796515111,20
2006-08-08,1.1715282754795018,20
2006-08-09,1.1670751061733295,20
2006-08-10,1.1762325444313713,20
2006-08-11,1.181660409069842,20
2006-08-14,1.1643019674507673,20
2006-08-15,1.1725091507980863,20
2006-08-16,1.1818999864376487,20
2006-08-17,1.1792476184699041,20
2006-08-18,1.1777932427753872,20
2006-08-21,1.1820229935778461,20
2006-08-22,1.1874841822453903,20
2006-08-23,1.1942194634928838,20
2006-08-24,1.2015674760258843,20
2006-08-25,1.2006598575191367,20
2006-08-28,1.209869286774306,20
2006-08-29,1.2129064359665709,20
2006-08-30,1.2165192460526741,20
2006-08-31,1.2167286626548948,20
2006-09-01,1.2054916139769694,20
2006-09-04,1.226200244686185,20
2006-09-05,1.2332584900810561,20
2006-09-06,1.2455067178557373,20
2006-09-07,1.236812855449725,20
2006-09-08,1.2446067891794577,20
2006-09-11,1.2491614516359764,20
2006-09-12,1.2568411168290938,20
2006-09-13,1.2511902776967831,20
2006-09-14,1.2583370843995851,20
2006-09-15,1.2707977571180005,20
2006-09-18,1.2821209515834093,20
2006-09-19,1.285366336286958,20
2006-09-20,1.2910529953350858,20
2006-09-21,1.3110040035764428,20
2006-09-22,1.298748582752399,20
2006-09-25,1.303107641431817,20
2006-09-26,1.30441028219172,20
2006-09-27,1.307409225189708,20
2006-09-28,1.3143156458891059,20
2006-09-29,1.3284073578759834,20
2006-10-09,1.345567449761751,20
2006-10-10,1.3542418213001712,20
2006-10-11,1.3651103943733098,20
2006-10-12,1.3603248806448203,20
2006-10-13,1.3587328119509299,20
2006-10-16,1.3602487460140666,20
2006-10-17,1.3591740248949291,20
2006-10-18,1.3698205597571231,20
2006-10-19,1.3762621475636336,20
2006-10-20,1.3734496506408673,20
2006-10-23,1.340771440377065,20
2006-10-24,1.3643910800325592,20
2006-10-25,1.3685958112545442,20
2006-10-26,1.365684819553675,20
2006-10-27,1.3467817641059363,20
2006-10-30,1.3502530892741889,20
2006-10-31,1.3623955459613595,20
2006-11-01,1.368556757176375,20
2006-11-02,1.3648777953943436,20
2006-11-03,1.373177549710527,20
2006-11-06,1.366126689212205,20
2006-11-07,1.3443504460662474,20
2006-11-08,1.3413726499790815,20
2006-11-09,1.3523195550885405,20
2006-11-10,1.3274749830142094,20
2006-11-13,1.2848304019146863,20
2006-11-14,1.2991548558970971,20
2006-11-15,1.3122159695946076,20
2006-11-16,1.2941433207863213,20
2006-11-17,1.3000140417878683,20
2006-11-20,1.2870186380429265,20
2006-11-21,1.2932648307155366,20
2006-11-22,1.3058218924147915,20
2006-11-23,1.3166170721649457,20
2006-11-24,1.3257527412787655,20
2006-11-27,1.3450374902080644,20
2006-11-28,1.3471775678927962,20
2006-11-29,1.350465163686241,20
2006-11-30,1.3568374142621769,20
2006-12-01,1.3474318281351227,20
2006-12-04,1.3640715674983903,20
2006-12-05,1.3781479789998794,20
2006-12-06,1.3593311594477568,20
2006-12-07,1.354432711212781,20
2006-12-08,1.3239496989744335,20
2006-12-11,1.3513815036895827,20
2006-12-12,1.344423517485009,20
2006-12-13,1.3482848565753927,20
2006-12-14,1.3641205817468065,20
2006-12-15,1.365629850007118,20
2006-12-18,1.3794235379622624,20
2006-12-19,1.387667722526711,20
2006-12-20,1.4107884077490125,20
2006-12-21,1.4047220431267748,20
2006-12-22,1.4111201060413359,20
2006-12-25,1.4184182811578818,20
2006-12-26,1.4003588698777854,20
2006-12-27,1.394243566948871,20
2006-12-28,1.3575201319307866,20
2006-12-29,1.3632549212791352,20
2007-01-04,1.3589245427202172,20
2007-01-05,1.38941417296959,20
2007-01-08,1.4295929842630504,20
2007-01-09,1.4445222295174849,20
2007-01-10,1.4865423868720666,20
2007-01-11,1.491754854660585,20
2007-01-12,1.4576416794403606,20
2007-01-15,1.5215971464741573,20
2007-01-16,1.5405913570849943,20
2007-01-17,1.5271539887455763,20
2007-01-18,1.5627656370375655,20
2007-01-19,1.6040887840889073,20
2007-01-22,1.6565644153278467,20
2007-01-23,1.6536296129834331,20
2007-01-24,1.659056530556153,20
2007-01-25,1.6053965855745018,20
2007-01-26,1.6147115739206366,20
2007-01-29,1.666383116749163,20
2007-01-30,1.6739899418374353,20
2007-01-31,1.6214685359264385,20
2007-02-01,1.6401435948484637,20
2007-02-02,1.6390991574006533,20
2007-02-05,1.660558410268577,20
2007-02-06,1.6785483984109115,20
2007-02-07,1.7060738839483522,20
2007-02-08,1.734329470989585,20
2007-02-09,1.7445571427370803,20
2007-02-12,1.7883915830066954,20
2007-02-13,1.8187519023363998,20
2007-02-14,1.840029574281569,20
2007-02-15,1.8869457544622839,20
2007-02-16,1.921039149646848,20
2007-02-26,1.9760418651684726,20
2007-02-27,1.8474255540603353,20
2007-02-28,1.8990314699459732,20
2007-03-01,1.8651914681372892,20
2007-03-02,1.894551130496949,20
2007-03-05,1.914341962823935,20
2007-03-06,1.9284877484372616,20
2007-03-07,1.9510559062339001,20
2007-03-08,1.9827238206977007,20
2007-03-09,1.9866914604961434,20
2007-03-12,2.011070963619089,20
2007-03-13,2.0338646928201847,20
2007-03-14,2.0359121267304277,20
2007-03-15,2.070571909358154,20
2007-03-16,2.0654587246698237,20
2007-03-19,2.0805930966205315,20
2007-03-20,2.115092409437508,20
2007-03-21,2.1403254588389062,20
2007-03-22,2.146251582569903,20
2007-03-23,2.159703811031568,20
2007-03-26,2.194424755643222,20
2007-03-27,2.1928009671530497,20
2007-03-28,2.1919788378663276,20
2007-03-29,2.1402748922992667,20
2007-03-30,2.148444824096669,20
2007-04-02,2.175090641743717,20
2007-04-03,2.2014552464076176,20
2007-04-04,2.228430019147119,20
2007-04-05,2.2438021334338853,20
2007-04-06,2.263261427404201,20
2007-04-09,2.292992684476953,20
2007-04-10,2.30744281256537,20
2007-04-11,2.313706693193517,20
2007-04-12,2.3545173186123822,20
2007-04-13,2.356395047554243,20
2007-04-16,2.4036663629384973,20
2007-04-17,2.4294682625192614,20
2007-04-18,2.4502011058816855,20
2007-04-19,2.3902064498988413,20
2007-04-20,2.4606070442954664,20
2007-04-23,2.5051356169879107,20
2007-04-24,2.5112751284219725,20
2007-04-25,2.530731713049268,20
2007-04-26,2.55254543617496,20
2007-04-27,2.523344928698946,20
2007-04-30,2.521116947881337,20
2007-05-08,2.570786613195155,20
2007-05-09,2.544109431054256,19
2007-05-10,2.55607234904578,19
2007-05-11,2.5656716564557303,19
2007-05-14,2.5939806700395276,19
2007-05-15,2.562142905208542,19
2007-05-16,2.5994597922354212,19
2007-05-17,2.6492082461891315,19
2007-05-18,2.6546605273582697,19
2007-05-21,2.692953033168096,19
2007-05-22,2.7319772789197354,19
2007-05-23,2.7813562128075757,19
2007-05-24,2.771166330705916,19
2007-05-25,2.810039517748618,19
2007-05-28,2.8654131239963676,19
2007-05-29,2.9059361187234787,19
2007-05-30,2.762389669504058,19
2007-05-31,2.715363528885669,19
2007-06-01,2.590824987634998,19
2007-06-04,2.4645460363616065,20
2007-06-05,2.489914077231723,20
2007-06-06,2.504384877705962,20
2007-06-07,2.5761315252361836,20
2007-06-08,2.6008079201075223,20
2007-06-11,2.657304181876933,20
2007-06-12,2.706849128494965,20
2007-06-13,2.7467856052700967,20
2007-06-14,2.7249068594599053,20
2007-06-15,2.744269478941784,20
2007-06-18,2.7891205230611624,20
2007-06-19,2.8084848600407346,20
2007-06-20,2.7493810361327164,20
2007-06-21,2.751095449958025,20
2007-06-22,2.668987411495604,20
2007-06-25,2.5646039786989436,20
2007-06-26,2.5934643568105056,20
2007-06-27,2.6239660794012787,20
2007-06-28,2.5296376114650383,20
2007-06-29,2.462407477173489,20
2007-07-02,2.4843510978984593,20
2007-07-03,2.5185659675441237,20
2007-07-04,2.4808458579549986,20
2007-07-05,2.4171097880536236,20
2007-07-06,2.492308453225865,20
2007-07-09,2.5345831351249575,20
2007-07-10,2.4998133244528593,20
2007-07-11,2.517625693287084,20
2007-07-12,2.542606705743527,20
2007-07-13,2.5538721323913967,20
2007-07-16,2.5138998008518425,20
2007-07-17,2.5541679422078714,20
2007-07-18,2.573196878893993,20
2007-07-19,2.5978523568617486,20
2007-07-20,2.6436131275228587,20
2007-07-23,2.701736326485221,20
2007-07-24,2.691705837599242,20
2007-07-25,2.7379798742289405,20
2007-07-26,2.7585499135845644,20
2007-07-27,2.805170902359567,20
2007-07-30,2.8323332404281634,20
2007-07-31,2.855971469439117,20
2007-08-01,2.782195476653316,20
2007-08-02,2.8338218724713578,20
2007-08-03,2.874492946986717,20
2007-08-06,2.8893824368742056,20
2007-08-07,2.8883297015313265,20
2007-08-08,2.869726308582962,20
2007-08-09,2.8875747943113117,20
2007-08-10,2.8683448060974444,20
2007-08-13,2.8584339477960925,20
2007-08-14,2.8884933901716896,20
2007-08-15,2.883206468737951,20
2007-08-16,2.9045839425585953,20
2007-08-17,2.902920801278582,20
2007-08-20,2.964696138224889,20
2007-08-21,2.991325358600159,20
2007-08-22,3.0279022694030022,20
2007-08-23,3.0366649131511756,20
2007-08-24,3.053534140532255,20
2007-08-27,3.044223082295255,20
2007-08-28,3.0414073681248412,20
2007-08-29,3.0456528219155565,20
2007-08-30,3.096382612713948,20
2007-08-31,3.1117362660899244,20
2007-09-03,3.1313905012570245,20
2007-09-04,3.1199439604803936,20
2007-09-05,3.1182767256061035,20
2007-09-06,3.1267081301996256,20
2007-09-07,3.0928873739250498,20
2007-09-10,3.1145416769586562,20
2007-09-11,3.013469535885468,20
2007-09-12,3.0235329734734875,20
2007-09-13,3.0369007022690684,20
2007-09-14,3.068433472108975,20
2007-09-17,3.0977668376692304,20
2007-09-18,3.103129521315183,20
2007-09-19,3.078223278364086,20
2007-09-20,3.0972443205355793,20
2007-09-21,3.067011349825483,20
2007-09-24,3.0669868949852863,20
2007-09-25,3.049878983349214,20
2007-09-26,3.0410140895294866,20
2007-09-27,3.054253429667512,20
2007-09-28,3.0860295681682723,20
2007-10-08,3.096383363171919,20
2007-10-09,3.114836640547348,20
2007-10-10,3.124821913505207,20
2007-10-11,3.090963768383305,20
2007-10-12,3.020601725524366,20
2007-10-15,3.018991094599832,20
2007-10-16,3.0585022004119846,20
2007-10-17,3.0489446332520793,20
2007-10-18,3.0282873421417924,20
2007-10-19,3.0210348372264737,20
2007-10-22,2.995872784345001,20
2007-10-23,3.005973987983893,20
2007-10-24,2.978368074224655,20
2007-10-25,2.8717387935245178,20
2007-10-26,2.8800794503094824,20
2007-10-29,2.886061627878575,20
2007-10-30,2.910195108189162,20
2007-10-31,2.9822765885619065,20
2007-11-01,2.926848911619317,20
2007-11-02,2.888532262481937,20
2007-11-05,2.918436124893186,20
2007-11-06,2.9520560178820654,20
2007-11-07,2.9463636016766923,20
2007-11-08,2.886277979332308,20
2007-11-09,2.8661168392697207,20
2007-11-12,2.850709316567476,20
2007-11-13,2.8578542319041658,20
2007-11-14,2.9098764750746433,20
2007-11-15,2.8935406070970657,20
2007-11-16,2.9007200320334356,20
2007-11-19,2.949257250518695,20
2007-11-20,2.9732634921721357,20
2007-11-21,2.951475150288147,20
2007-11-22,2.910267181553514,20
2007-11-23,2.938886567823065,20
2007-11-26,2.93162065999127,20
2007-11-27,2.937948691686941,20
2007-11-28,2.9398124173955247,20
2007-11-29,2.9707348653719197,20
2007-11-30,2.966653891804073,20
2007-12-03,2.982577230515471,20
2007-12-04,2.987422556583265,20
2007-12-05,3.0107595377486374,20
2007-12-06,3.0122599850468057,20
2007-12-07,3.0357844045197226,20
2007-12-10,3.0804015998275416,20
2007-12-11,3.097580347772175,20
2007-12-12,3.118193810801524,20
2007-12-13,3.090717349462001,20
2007-12-14,3.127659166513539,20
2007-12-17,3.1448469391036964,20
2007-12-18,3.1305367213157957,20
2007-12-19,3.157183644345059,20
2007-12-20,3.1823372076548626,20
2007-12-21,3.210560736206361,20
2007-12-24,3.2384846756391776,20
2007-12-25,3.2525649484523247,20
2007-12-26,3.3086120748119576,20
2007-12-27,3.311401463562032,20
2007-12-28,3.3177956201659278,20
2008-01-02,3.3910423590873573,20
2008-01-03,3.438591534244712,19
2008-01-04,3.4398116672600216,19
2008-01-07,3.480592812196953,19
2008-01-08,3.4124738656369753,19
2008-01-09,3.479547150099697,19
2008-01-10,3.4927121697417625,19
2008-01-11,3.486418382167112,19
2008-01-14,3.5226538891994656,19
2008-01-15,3.572783117883999,19
2008-01-16,3.5555232310625513,19
2008-01-17,3.526407625907583,19
2008-01-18,3.548505231720716,19
2008-01-21,3.4393414810349743,19
2008-01-22,3.249139758914014,19
2008-01-23,3.3251598306971233,19
2008-01-24,3.3601189115333736,19
2008-01-25,3.360793086585855,19
2008-01-28,3.198767659602315,19
2008-01-29,3.2420284089678706,19
2008-01-30,3.256802503818958,19
2008-01-31,3.2263520947843554,19
2008-02-01,3.153576293834741,19
2008-02-04,3.2784349027938267,20
2008-02-05,3.2863242294915116,20
2008-02-13,3.2848425541403214,20
2008-02-14,3.317938531573725,20
2008-02-15,3.3171104574005317,20
2008-02-18,3.3796159336181337,20
2008-02-19,3.404329890408383,20
2008-02-20,3.3766463004802985,20
2008-02-21,3.3866286368529406,20
2008-02-22,3.349025282618319,20
2008-02-25,3.2975676589269716,20
2008-02-26,3.295821974323353,20
2008-02-27,3.330761927544437,20
2008-02-28,3.342910843653035,20
2008-02-29,3.357052908109969,20
2008-03-03,3.404448066647146,20
2008-03-04,3.384958605522378,20
2008-03-05,3.385930145811804,20
2008-03-06,3.3877103305193628,20
2008-03-07,3.3698788499028995,20
2008-03-10,3.3312138408840264,20
2008-03-11,3.3445566605154795,20
2008-03-12,3.3178673763743136,20
2008-03-13,3.2741762886332153,20
2008-03-14,3.2674863698801224,20
2008-03-17,3.159013254892569,20
2008-03-18,3.0498459534536675,20
2008-03-19,3.1028523058204307,20
2008-03-20,3.1520998707372683,20
2008-03-21,3.1706288407416747,20
2008-03-24,3.159449609807601,20
2008-03-25,3.186672086230757,20
2008-03-26,3.19465493065408,20
2008-03-27,3.1356181286808873,20
2008-03-28,3.170244639171471,20
2008-03-31,3.141760414964487,20
2008-04-01,3.072834403446836,20
2008-04-02,3.0354867799996037,20
2008-04-03,3.0482242329742233,20
2008-04-07,3.0883169316733423,20
2008-04-08,3.105914397045613,20
2008-04-09,3.0709924111961446,20
2008-04-10,3.0839856281053835,20
2008-04-11,3.1010413471390885,20
2008-04-14,3.0553562388065267,20
2008-04-15,3.0670162203780467,20
2008-04-16,3.0553938811246217,20
2008-04-17,3.032659774518779,20
2008-04-18,2.9920018218636413,20
2008-04-21,2.986933526316044,20
2008-04-22,2.9716655033676274,20
2008-04-23,3.0058305232802685,20
2008-04-24,3.072725612033399,20
2008-04-25,3.0712616611174135,20
2008-04-28,3.0606848972271252,20
2008-04-29,3.0664308605078765,20
2008-04-30,3.089805716014091,20
2008-05-05,3.1133969065325338,20
2008-05-06,3.111238511839573,18
2008-05-07,3.088295548972885,18
2008-05-08,3.1118504556977458,18
2008-05-09,3.121728034672598,18
2008-05-12,3.1452241689741887,18
2008-05-13,3.1566097304896683,18
2008-05-14,3.1570687584086827,18
2008-05-15,3.1467246735973964,18
2008-05-16,3.13742176318541,18
2008-05-19,3.1402531456658442,18
2008-05-20,3.095118351442535,18
2008-05-21,3.110330997202084,18
2008-05-22,3.100116772085347,18
2008-05-23,3.095784810442418,18
2008-05-26,3.0743578877190716,18
2008-05-27,3.07820407406483,18
2008-05-28,3.0942771601840136,18
2008-05-29,3.0788421527491754,18
2008-05-30,3.091269723517344,18
2008-06-02,3.0943687555419355,18
2008-06-03,3.0903103112453896,20
2008-06-04,3.079835560674696,20
2008-06-05,3.0805535493715674,20
2008-06-06,3.0836663960243222,20
2008-06-10,3.0211398098486684,20
2008-06-11,3.0070253511765364,20
2008-06-12,3.00100536377876,20
2008-06-13,2.9768124437795507,20
2008-06-16,2.9798802268026323,20
2008-06-17,2.9677838265515786,20
2008-06-18,2.9954298128719423,20
2008-06-19,2.9431933467024916,20
2008-06-20,2.951061180009677,20
2008-06-23,2.937525688183209,20
2008-06-24,2.949297230952228,20
2008-06-25,2.983426573769117,20
2008-06-26,2.9889222512478617,20
2008-06-27,2.945614366013938,20
2008-06-30,2.949109526926312,20
2008-07-01,2.9471447535476907,20
2008-07-02,2.9585286598441303,20
2008-07-03,2.9812328833322215,20
2008-07-04,2.9771595903043533,20
2008-07-07,3.0048195250211958,20
2008-07-08,3.0132693617621062,20
2008-07-09,3.0327113749265466,20
2008-07-10,3.027698515186779,20
2008-07-11,3.026568087520803,20
2008-07-14,3.0381794988222732,20
2008-07-15,3.020295885165635,20
2008-07-16,2.9946683791895534,20
2008-07-17,2.991312108312703,20
2008-07-18,3.008759851077702,20
2008-07-21,3.034083037236709,20
2008-07-22,3.0321914941513923,20
2008-07-23,3.0264520993053385,20
2008-07-24,3.038140207173583,20
2008-07-25,3.0442762493796023,20
2008-07-28,3.0498543137708007,20
2008-07-29,3.036314645815441,20
2008-07-30,3.038359804285372,20
2008-07-31,3.0259392548633763,20
2008-08-01,3.0219795175369244,20
2008-08-04,3.012351715105694,20
2008-08-05,3.006122987811334,20
2008-08-06,3.0081767853392027,20
2008-08-07,3.010156193972231,20
2008-08-08,2.969703782961866,20
2008-08-11,2.9281333017566764,20
2008-08-12,2.9204012823499914,20
2008-08-13,2.923638835707233,20
2008-08-14,2.9246106103956255,20
2008-08-15,2.926435292354393,20
2008-08-18,2.8947403658755966,20
2008-08-19,2.898884273443552,20
2008-08-20,2.942444319828561,20
2008-08-21,2.921221608710752,20
2008-08-22,2.9126744755268485,20
2008-08-25,2.914960838921001,20
2008-08-26,2.888119228250029,20
2008-08-27,2.883048431934732,20
2008-08-28,2.879511439834755,20
2008-08-29,2.891963705260357,20
2008-09-01,2.874087563431812,20
2008-09-02,2.8737309176727828,20
2008-09-03,2.8693209963370805,20
2008-09-04,2.8761796888094158,20
2008-09-05,2.8613275860038216,20
2008-09-08,2.839454605511164,20
2008-09-09,2.842653756393831,20
2008-09-10,2.8488978981339397,20
2008-09-11,2.8397352042807937,20
2008-09-12,2.8415089922251955,20
2008-09-16,2.829978316778243,20
2008-09-17,2.8171322118800894,20
2008-09-18,2.7987153374505467,20
2008-09-19,2.8508240646565413,20
2008-09-22,2.8625151640241455,20
2008-09-23,2.8212775015075118,20
2008-09-24,2.8273552908765,20
2008-09-25,2.8408281821868484,20
2008-09-26,2.8411005086445145,20
2008-10-06,2.814397067700826,20
2008-10-07,2.8101955784608963,20
2008-10-08,2.796520090873977,20
2008-10-09,2.7945524553579206,20
2008-10-10,2.7598035062868256,20
2008-10-13,2.761174320243787,20
2008-10-14,2.750489143540067,20
2008-10-15,2.745483641134645,20
2008-10-16,2.7152945396612993,20
2008-10-17,2.7219943602775394,20
2008-10-20,2.7358379738681697,20
2008-10-21,2.7402427981478477,20
2008-10-22,2.7302791555458823,20
2008-10-23,2.737268820710136,20
2008-10-24,2.733601874559477,20
2008-10-27,2.698510278126929,20
2008-10-28,2.710763966117191,20
2008-10-29,2.708237597971782,20
2008-10-30,2.7116143816969323,20
2008-10-31,2.7040561800841934,20
2008-11-03,2.7038052539158843,20
2008-11-04,2.6959932886097704,20
2008-11-05,2.7122351920050627,20
2008-11-06,2.7040374125967293,20
2008-11-07,2.7153821599615147,20
2008-11-10,2.7508237855031146,20
2008-11-11,2.74383337207273,20
2008-11-12,2.7524124007811275,20
2008-11-13,2.775864156645509,20
2008-11-14,2.7949313085326786,20
2008-11-17,2.820108591460029,20
2008-11-18,2.7764522739243067,20
2008-11-19,2.8160821816232477,20
2008-11-20,2.8229390682792115,20
2008-11-21,2.8096206246590048,20
2008-11-24,2.7915921225481406,20
2008-11-25,2.7898178301479106,20
2008-11-26,2.792220666238593,20
2008-11-27,2.7994462546166914,20
2008-11-28,2.7936559648149766,20
2008-12-01,2.8208458288812395,20
2008-12-02,2.837526105806296,20
2008-12-03,2.8589979389306563,20
2008-12-04,2.853847889005775,20
2008-12-05,2.873594072944033,20
2008-12-08,2.897054902453229,20
2008-12-09,2.8806931791708457,20
2008-12-10,2.8990776485833667,20
2008-12-11,2.8869477124716143,20
2008-12-12,2.867195283942557,20
2008-12-15,2.872513501555344,20
2008-12-16,2.8815741865473603,20
2008-12-17,2.890895412527102,20
2008-12-18,2.9019748863674915,20
2008-12-19,2.9126754661279737,20
2008-12-22,2.931431883507125,20
2008-12-23,2.8937270614521826,20
2008-12-24,2.8887889942448775,20
2008-12-25,2.896236921544796,20
2008-12-26,2.906053169051896,20
2008-12-29,2.8972566383043734,20
2008-12-30,2.908893556679634,20
2008-12-31,2.9045362115608877,20
2009-01-05,2.9208396545357744,20
2009-01-06,2.9300088734265346,20
2009-01-07,2.929958030728309,20
2009-01-08,2.9237828202426135,20
2009-01-09,2.950917241874263,20
2009-01-12,2.953745410697549,20
2009-01-13,2.9354597619000935,20
2009-01-14,2.957360182268499,20
2009-01-15,2.9567381117098273,20
2009-01-16,2.9519172178891337,20
2009-01-19,2.94975419271789,20
2009-01-20,2.9602318071956177,20
2009-01-21,2.9563284002607384,20
2009-01-22,2.959958840009775,20
2009-01-23,2.962789494939882,20
2009-02-02,2.9765250999596553,20
2009-02-03,2.99577522596656,20
2009-02-04,3.0015485129734687,20
2009-02-05,2.9989810671099013,20
2009-02-06,3.02642660024995,20
2009-02-09,3.047067456006675,20
2009-02-10,3.0617313600396328,20
2009-02-11,3.0581753417266446,20
2009-02-12,3.065303204981388,20
2009-02-13,3.0811454683475694,20
2009-02-16,3.085013310722986,20
2009-02-17,3.06768478791063,20
2009-02-18,3.0433986070353622,20
2009-02-19,3.0609139271464976,20
2009-02-20,3.0777829158829175,20
2009-02-23,3.093888617693174,20
2009-02-24,3.0679523027401165,20
2009-02-25,3.0790061282899552,20
2009-02-26,3.0378703476465097,20
2009-02-27,3.0044513714067764,20
2009-03-02,3.031669525536046,20
2009-03-03,3.0543696674160206,20
2009-03-04,3.124747416567823,20
2009-03-05,3.1509437102714712,20
2009-03-06,3.135683595618504,20
2009-03-09,3.088599528826584,20
2009-03-10,3.1217740231078177,20
2009-03-11,3.124796749571307,20
2009-03-12,3.119762139502563,20
2009-03-13,3.131201894872754,20
2009-03-16,3.1505192278877634,20
2009-03-17,3.1870427468572053,20
2009-03-18,3.195239372719936,20
2009-03-19,3.217898783085591,20
2009-03-20,3.208240055509323,20
2009-03-23,3.2243245621588543,20
2009-03-24,3.2477155405492026,20
2009-03-25,3.2211122227012843,20
2009-03-26,3.24707073176464,20
2009-03-27,3.2428109560847838,20
2009-03-30,3.2558083117501657,20
2009-03-31,3.2762507109677816,20
2009-04-01,3.29796414539865,20
2009-04-02,3.318966597110716,20
2009-04-03,3.3251074262995464,20
2009-04-07,3.3552714528840504,20
2009-04-08,3.314873299512511,20
2009-04-09,3.353799978504246,20
2009-04-10,3.4043329884373374,20
2009-04-13,3.4347775864803003,20
2009-04-14,3.5079120838437583,20
2009-04-15,3.537876485610523,20
2009-04-16,3.5342769756943158,20
2009-04-17,3.4999509152432102,20
2009-04-20,3.5388556579874457,20
2009-04-21,3.515309930723253,20
2009-04-22,3.4232421474626262,20
2009-04-23,3.4548404941974558,20
2009-04-24,3.444712283137216,20
2009-04-27,3.4158835745254126,20
2009-04-28,3.429510502045153,20
2009-04-29,3.445745654890694,20
2009-04-30,3.4678645308938565,20
2009-05-04,3.5255566479549323,20
2009-05-05,3.5369087501870857,20
2009-05-06,3.5552210027206894,20
2009-05-07,3.5243471285795653,20
2009-05-08,3.5156158678419853,20
2009-05-11,3.4613588102007378,20
2009-05-12,3.487998041276685,20
2009-05-13,3.508695254563833,20
2009-05-14,3.5189324979314933,20
2009-05-15,3.5374783189504835,20
2009-05-18,3.52772147482207,20
2009-05-19,3.542675772968686,20
2009-05-20,3.5242437663042785,20
2009-05-21,3.5011757595624764,20
2009-05-22,3.500609356096711,20
2009-05-25,3.5025556566151876,20
2009-05-26,3.529486754292798,20
2009-05-27,3.521935310977578,20
2009-06-01,3.549758888672657,20
2009-06-02,3.5412802086240176,20
2009-06-03,3.551732092138995,20
2009-06-04,3.5520835961967094,20
2009-06-05,3.5371869255948427,20
2009-06-08,3.5660662087221917,20
2009-06-09,3.5600233461676316,20
2009-06-10,3.5974252919762644,20
2009-06-11,3.5918903993438507,20
2009-06-12,3.5641334695707396,20
2009-06-15,3.6139903231280934,20
2009-06-16,3.6159517907775567,20
2009-06-17,3.615251459835141,20
2009-06-18,3.625212371716129,20
2009-06-19,3.6529946413811003,20
2009-06-22,3.652877006069572,20
2009-06-23,3.6613060516517497,20
2009-06-24,3.680765404605718,20
2009-06-25,3.7110467878765583,20
2009-06-26,3.72106353503578,20
2009-06-29,3.7014848045473316,20
2009-06-30,3.672136802040372,20
2009-07-01,3.660141102218146,20
2009-07-02,3.6772774214459756,20
2009-07-03,3.687165027887423,20
2009-07-06,3.688935240857179,20
2009-07-07,3.7325581745953054,20
2009-07-08,3.767541699444625,20
2009-07-09,3.8417890592183332,20
2009-07-10,3.843677901852103,20
2009-07-13,3.869414036930768,20
2009-07-14,3.9452636502965075,20
2009-07-15,3.997015737064125,20
2009-07-16,3.9743912827748438,20
2009-07-17,3.980607709544034,20
2009-07-20,4.023863588077139,20
2009-07-21,3.9473816202579965,20
2009-07-22,3.9802018242782036,20
2009-07-23,4.000656733127357,20
2009-07-24,3.998086992638997,20
2009-07-27,4.03481045261284,20
2009-07-28,4.059734746820803,20
2009-07-29,3.902540178776208,20
2009-07-30,3.9568444932507463,20
2009-07-31,4.038454371368653,20
2009-08-03,4.118446576068447,20
2009-08-04,4.154059349695927,20
2009-08-05,4.2218532283666,20
2009-08-06,4.241583865388906,20
2009-08-07,4.181064355533812,20
2009-08-10,4.2499937133639785,20
2009-08-11,4.23908906398053,20
2009-08-12,4.073663758355516,20
2009-08-13,4.086626125663916,20
2009-08-14,3.916390817389473,20
2009-08-17,3.714612258665082,20
2009-08-18,3.7826092401246925,20
2009-08-19,3.631630114140345,20
2009-08-20,3.7324747645622227,20
2009-08-21,3.840218895323277,20
2009-08-24,3.8776718121192455,20
2009-08-25,3.831191881280509,20
2009-08-26,3.9423895523885224,20
2009-08-27,4.001059533892029,20
2009-08-28,3.9458842285901516,20
2009-08-31,3.779946034088027,20
2009-09-01,3.7714259168198203,20
2009-09-02,3.8105160462883174,20
2009-09-03,3.910927194477772,20
2009-09-04,3.9269679542975875,20
2009-09-07,3.9608568707641547,20
2009-09-08,3.9980810274489293,20
2009-09-09,4.014428706651022,20
2009-09-10,3.9901917766894344,20
2009-09-11,4.014685073001223,20
2009-09-14,4.090804504974924,20
2009-09-15,4.134809851927559,20
2009-09-16,4.15917732232685,20
2009-09-17,4.25939887608555,20
2009-09-18,4.176767969386213,20
2009-09-21,4.231100033267999,20
2009-09-22,4.173664623169361,20
2009-09-23,4.155431152584061,20
2009-09-24,4.104849640112783,20
2009-09-25,4.113885692362254,20
2009-09-28,4.043564563881655,20
2009-09-29,3.970884821472069,20
2009-09-30,3.9849494544419364,20
2009-10-09,4.083877636938308,20
2009-10-12,4.0879391808222385,20
2009-10-13,4.123896346830493,20
2009-10-14,4.140147829952968,20
2009-10-15,4.166535947844513,20
2009-10-16,4.162123790071617,20
2009-10-19,4.218508864454399,20
2009-10-20,4.257229258136294,20
2009-10-21,4.234164556994331,20
2009-10-22,4.2564947421943655,20
2009-10-23,4.296572680381623,20
2009-10-26,4.309436947370671,20
2009-10-27,4.292557398450439,20
2009-10-28,4.320093531399684,20
2009-10-29,4.294238112175795,20
2009-10-30,4.311917233720677,20
2009-11-02,4.37042351486803,20
2009-11-03,4.434430218876066,20
2009-11-04,4.458653267542201,20
2009-11-05,4.499766518274544,20
2009-11-06,4.507895487396085,20
2009-11-09,4.530474918962874,20
2009-11-10,4.5391031663982515,20
2009-11-11,4.550590760914308,20
2009-11-12,4.572364163953033,20
2009-11-13,4.594036971706003,20
2009-11-16,4.664745504558116,20
2009-11-17,4.690972321061857,20
2009-11-18,4.726552781877146,20
2009-11-19,4.775908317401558,20
2009-11-20,4.823960966736868,20
2009-11-23,4.858851988552072,20
2009-11-24,4.697581334787298,20
2009-11-25,4.792694057704473,20
2009-11-26,4.676712750946105,20
2009-11-27,4.651291807606162,20
2009-11-30,4.778008459749486,20
2009-12-01,4.870117184754389,20
2009-12-02,4.919889745032125,20
2009-12-03,4.951064761722755,20
2009-12-04,4.853209671916447,20
2009-12-07,4.944414051899486,20
2009-12-08,4.978243101833489,20
2009-12-09,4.9674704164423025,20
2009-12-10,5.038023855002932,20
2009-12-11,5.035805124581506,20
2009-12-14,5.045482780455675,20
2009-12-15,5.068129133847228,20
2009-12-16,5.023163413531529,20
2009-12-17,4.916507131305832,20
2009-12-18,4.8296445084670365,20
2009-12-21,4.900909988672877,20
2009-12-22,4.8723990734893246,20
2009-12-23,4.960049122297304,20
2009-12-24,5.058760886678505,20
2009-12-25,5.073424289351631,20
2009-12-28,5.1073313841443975,20
2009-12-29,5.123163225391965,20
2009-12-30,5.077010502740331,20
2009-12-31,5.127408203766683,20
2010-01-04,5.16292679904947,20
2010-01-05,5.2053263457431855,20
2010-01-06,5.193512009638884,20
2010-01-07,5.131067692553714,20
2010-01-08,5.151085630551342,20
2010-01-11,5.203188618245072,20
2010-01-12,5.293779909664587,20
2010-01-13,5.2978302869131415,20
2010-01-14,5.392575102324299,20
2010-01-15,5.450136230324485,20
2010-01-18,5.489489628545431,20
2010-01-19,5.489904902326473,20
2010-01-20,5.339296013015158,20
2010-01-21,5.3773865411940625,20
2010-01-22,5.268181120238553,20
2010-01-25,5.22963550820162,20
2010-01-26,5.116561239370235,20
2010-01-27,5.123723463743402,20
2010-01-28,5.189194540362576,20
2010-01-29,5.219916009950035,20
2010-02-01,5.1665544379725725,20
2010-02-02,5.166021357592794,20
2010-02-03,5.190102294601867,20
2010-02-04,5.224598346893688,20
2010-02-05,5.147448395060854,20
2010-02-08,5.140891599917064,20
2010-02-09,5.14959615496506,20
2010-02-10,5.178474608895972,20
2010-02-11,5.172508176064404,20
2010-02-12,5.212247644602694,20
2010-02-22,5.215989874740389,20
2010-02-23,5.218465464237018,20
2010-02-24,5.314567596291452,20
2010-02-25,5.383273757099991,20
2010-02-26,5.375854847784348,20
2010-03-01,5.420933552136703,20
2010-03-02,5.426989991339,19
2010-03-03,5.485595747414572,19
2010-03-04,5.413321218309291,19
2010-03-05,5.436326547981044,19
2010-03-08,5.472817419173752,19
2010-03-09,5.469882108226654,19
2010-03-10,5.437932178566753,19
2010-03-11,5.447779674550121,19
2010-03-12,5.426930924301207,19
2010-03-15,5.397796179222453,19
2010-03-16,5.4282884608077655,19
2010-03-17,5.527565379780731,19
2010-03-18,5.536152930333426,19
2010-03-19,5.57283307095116,19
2010-03-22,5.580481124479908,19
2010-03-23,5.561923268066843,19
2010-03-24,5.6003845904061995,19
2010-03-25,5.588171487147813,19
2010-03-26,5.63830050108698,19
2010-03-29,5.628356123991943,19
2010-03-30,5.695733652194725,19
2010-03-31,5.749644390813572,19
2010-04-01,5.779118742446964,19
2010-04-02,5.8080101753998505,20
2010-04-06,5.818973420098047,20
2010-04-07,5.843631644553004,20
2010-04-08,5.844503870599037,20
2010-04-09,5.906946781979993,20
2010-04-12,5.9884408861248595,20
2010-04-13,5.943344204130026,20
2010-04-14,5.959973979711768,20
2010-04-15,5.905366708200721,20
2010-04-16,5.904101206665942,20
2010-04-19,5.797510695321741,20
2010-04-20,5.879119506453001,20
2010-04-21,5.981574478508221,20
2010-04-22,6.050306367048862,20
2010-04-23,6.0333652449091275,20
2010-04-26,6.000336578235825,20
2010-04-27,5.91035641967457,20
2010-04-28,5.914601655515909,20
2010-04-29,5.780707332690822,20
2010-04-30,5.6451531447748735,20
2010-05-04,5.665915785386233,20
2010-05-05,5.7448682762357866,20
2010-05-06,5.664633180437637,20
2010-05-07,5.580996892272867,20
2010-05-10,5.479460352456799,20
2010-05-11,5.408170892013632,20
2010-05-12,5.337167799769427,20
2010-05-13,5.41836078017793,20
2010-05-14,5.451097382643325,20
2010-05-17,5.286361278975809,20
2010-05-18,5.32456421191498,20
2010-05-19,5.33628642949482,20
2010-05-20,5.2968988921092865,20
2010-05-21,5.350287640952295,20
2010-05-24,5.481004282068249,20
2010-05-25,5.487868386463774,20
2010-05-26,5.472927016088488,20
2010-05-27,5.525208419642787,20
2010-05-28,5.570430317831571,20
2010-05-31,5.5391106305386355,20
2010-06-01,5.504151968250115,20
2010-06-02,5.520102486523882,20
2010-06-03,5.5416163780108505,20
2010-06-04,5.5606944022528975,20
2010-06-07,5.583833270169581,20
2010-06-08,5.5920437240843235,20
2010-06-09,5.611646262858756,20
2010-06-10,5.619277135341944,20
2010-06-11,5.617674894978573,20
2010-06-17,5.592754700849624,20
2010-06-18,5.5228564676409935,20
2010-06-21,5.558386987096363,20
2010-06-22,5.574913044214957,20
2010-06-23,5.569667427365303,20
2010-06-24,5.566889929820806,20
2010-06-25,5.55447899115632,20
2010-06-28,5.542227647534854,20
2010-06-29,5.463650252167884,20
2010-06-30,5.447825782834167,20
2010-07-01,5.436571527341156,20
2010-07-02,5.420598283268648,19
2010-07-05,5.417313009552063,19
2010-07-06,5.449949253825588,19
2010-07-07,5.4590854857051925,19
2010-07-08,5.464037752503855,19
2010-07-09,5.498265360260926,19
2010-07-12,5.515579621914323,19
2010-07-13,5.511725853736048,19
2010-07-14,5.52829961519266,19
2010-07-15,5.507062728454477,19
2010-07-16,5.509254211878392,19
2010-07-19,5.5379869319275805,19
2010-07-20,5.571741880913142,19
2010-07-21,5.575140871834964,19
2010-07-22,5.598026565078503,19
2010-07-23,5.594919973656021,19
2010-07-26,5.62438847882295,19
2010-07-27,5.631590340769935,19
2010-07-28,5.66061857781135,19
2010-07-29,5.666020936402127,19
2010-07-30,5.669890087966254,19
2010-08-02,5.689806028957696,19
2010-08-03,5.686559147509604,20
2010-08-04,5.700704640793908,20
2010-08-05,5.706725758089437,20
2010-08-06,5.727626900522677,20
2010-08-09,5.744331877684306,20
2010-08-10,5.704303991237414,20
2010-08-11,5.721497219540575,20
2010-08-12,5.7084696310602565,20
2010-08-13,5.737243047101613,20
2010-08-16,5.761120213246467,20
2010-08-17,5.769565789783517,20
2010-08-18,5.7782995366354335,20
2010-08-19,5.775434105831972,20
2010-08-20,5.747218829296207,20
2010-08-23,5.751340517430112,20
2010-08-24,5.7728358093378205,20
2010-08-25,5.766424174226554,20
2010-08-26,5.780870097115415,20
2010-08-27,5.794708455059443,20
2010-08-30,5.827244959135315,20
2010-08-31,5.855193345006905,20
2010-09-01,5.80730169341953,20
2010-09-02,5.8563588261247554,20
2010-09-03,5.889407672794977,20
2010-09-06,5.87647390818584,20
2010-09-07,5.882803385538773,20
2010-09-08,5.912403404836332,20
2010-09-09,5.8970532400992814,20
2010-09-10,5.914542757688076,20
2010-09-13,5.947491549287093,20
2010-09-14,5.972029569334655,20
2010-09-15,5.954182183930918,20
2010-09-16,5.903286592585795,20
2010-09-17,5.915503255411527,20
2010-09-20,5.891635768615913,20
2010-09-21,5.880116939002081,20
2010-09-27,5.917986652551026,20
2010-09-28,5.88966139145357,20
2010-09-29,5.860186830329481,20
2010-09-30,5.934757848809217,20
2010-10-08,6.006556731441544,20
2010-10-11,5.955451662537929,20
2010-10-12,5.971155379523669,20
2010-10-13,5.954089856367261,20
2010-10-14,5.852589876869018,20
2010-10-15,5.832334700346982,20
2010-10-18,5.765241407076017,20
2010-10-19,5.893107273975288,20
2010-10-20,5.901759262594613,20
2010-10-21,5.910861366395733,20
2010-10-22,5.975520725947284,20
2010-10-25,6.069335363515015,20
2010-10-26,6.04402363193762,20
2010-10-27,6.034959654455299,20
2010-10-28,6.049729995657878,20
2010-10-29,6.1093336553986735,20
2010-11-01,6.215827998617258,20
2010-11-02,6.114597377069518,20
2010-11-03,6.009227260859522,20
2010-11-04,6.065289011487341,20
2010-11-05,6.150419499079623,20
2010-11-08,6.276624147503665,20
2010-11-09,6.348424957431946,20
2010-11-10,6.397275341833082,20
2010-11-11,6.349710993494348,20
2010-11-12,6.0432380860129005,20
2010-11-15,6.215665325714669,20
2010-11-16,6.1971123305767986,20
2010-11-17,6.108083273275711,20
2010-11-18,6.183572680581658,20
2010-11-19,6.332757680102473,20
2010-11-22,6.461607674274818,20
2010-11-23,6.482985523114899,20
2010-11-24,6.581072565394811,20
2010-11-25,6.53705345743532,20
2010-11-26,6.535844624712801,20
2010-11-29,6.573995252304911,20
2010-11-30,6.387965660248056,20
2010-12-01,6.444953743219791,20
2010-12-02,6.479430587206841,20
2010-12-03,6.452228789051242,20
2010-12-06,6.379002686391277,20
2010-12-07,6.465110633108313,20
2010-12-08,6.486654627586796,20
2010-12-09,6.385695712276209,20
2010-12-10,6.465004961412289,20
2010-12-13,6.585071444806503,20
2010-12-14,6.64730634114705,20
2010-12-15,6.620613515938055,20
2010-12-16,6.636839722192286,20
2010-12-17,6.666742460632498,20
2010-12-20,6.630370249435204,20
2010-12-21,6.70776383086494,20
2010-12-22,6.681738349733518,20
2010-12-23,6.564525260200715,20
2010-12-24,6.468203961993319,20
2010-12-27,6.320947717873136,20
2010-12-28,6.246189389937309,20
2010-12-29,6.350830279066197,20
2010-12-30,6.388986601867715,20
2010-12-31,6.4750612262440885,20
2011-01-04,6.55492500962346,20
2011-01-05,6.580762036925076,20
2011-01-06,6.579024191536353,20
2011-01-07,6.550897594014964,20
2011-01-10,6.440308807015143,20
2011-01-11,6.3642664805558065,20
2011-01-12,6.392216081232427,20
2011-01-13,6.404678146524279,20
2011-01-14,6.31258079833335,20
2011-01-17,6.095982335620929,20
2011-01-18,6.1053467868113005,20
2011-01-19,6.2085777134940665,20
2011-01-20,6.045252928226965,20
2011-01-21,6.086321787777696,20
2011-01-24,6.028440294475046,20
2011-01-25,5.997053410831663,20
2011-01-26,6.040555126575382,20
2011-01-27,6.099620200923962,20
2011-01-28,6.146864553765202,20
2011-01-31,6.16593287567029,20
2011-02-01,6.162790455327885,20
2011-02-09,6.121702802045064,20
2011-02-10,6.256038689917759,20
2011-02-11,6.297395390141006,20
2011-02-14,6.351026998037014,20
2011-02-15,6.379098118364357,20
2011-02-16,6.434111290680215,20
2011-02-17,6.487752743137621,20
2011-02-18,6.4270333701502755,20
2011-02-21,6.507774506541211,20
2011-02-22,6.437616804539602,20
2011-02-23,6.460335633358757,20
2011-02-24,6.458145736128128,20
2011-02-25,6.448478378546277,20
2011-02-28,6.509565945146228,20
2011-03-01,6.510946764943685,20
2011-03-02,6.5115321440304585,20
2011-03-03,6.422349616165734,20
2011-03-04,6.4460022026838315,20
2011-03-07,6.456786691700615,20
2011-03-08,6.501554497949644,20
2011-03-09,6.522272423227256,20
2011-03-10,6.53643292824238,20
2011-03-11,6.544790361048148,20
2011-03-14,6.570465023111507,20
2011-03-15,6.529850035773716,20
2011-03-16,6.564697006838922,20
2011-03-17,6.4825039843631185,20
2011-03-18,6.542130959428512,20
2011-03-21,6.523412083903964,20
2011-03-22,6.499133614717673,20
2011-03-23,6.564596669846552,20
2011-03-24,6.546595113355675,20
2011-03-25,6.549825779746376,20
2011-03-28,6.549630086957382,20
2011-03-29,6.4257807355190915,20
2011-03-30,6.391568866657077,20
2011-03-31,6.374055949571246,20
2011-04-01,6.41853288942279,20
2011-04-06,6.379984896458713,20
2011-04-07,6.395059511554548,20
2011-04-08,6.462656195905666,20
2011-04-11,6.437065075827062,20
2011-04-12,6.416293211983518,20
2011-04-13,6.478857407975583,20
2011-04-14,6.456708977935058,20
2011-04-15,6.4655993286271585,20
2011-04-18,6.442381048934194,20
2011-04-19,6.390146602976415,20
2011-04-20,6.432107336077261,20
2011-04-21,6.482963144749052,20
2011-04-22,6.490684668493617,20
2011-04-25,6.4229934132220725,20
2011-04-26,6.31111603505633,20
2011-04-27,6.222485073615885,20
2011-04-28,6.040168204890219,20
2011-04-29,6.102616270938487,20
2011-05-03,6.168073529669418,20
2011-05-04,6.092359963642874,20
2011-05-05,6.136699670956547,20
2011-05-06,6.165845833885426,20
2011-05-09,6.201431337882603,20
2011-05-10,6.1997849499247595,20
2011-05-11,6.210028130189723,20
2011-05-12,6.15100373653803,20
2011-05-13,6.161346490538167,20
2011-05-16,6.162460603380029,20
2011-05-17,6.128434144228772,20
2011-05-18,6.141671632395509,20
2011-05-19,6.147751740774554,20
2011-05-20,6.117274292890173,20
2011-05-23,5.950861678258593,20
2011-05-24,6.002087589504469,20
2011-05-25,5.9079471674761574,20
2011-05-26,5.854560888265955,20
2011-05-27,5.769445573493971,20
2011-05-30,5.758132045120651,20
2011-05-31,5.791572749997932,20
2011-06-01,5.811776466190427,20
2011-06-02,5.780975516585668,20
2011-06-03,5.793760191119009,20
2011-06-07,5.804863890761364,20
2011-06-08,5.815214648370911,20
2011-06-09,5.778334004886601,20
2011-06-10,5.769049305243405,20
2011-06-13,5.758073046016568,20
2011-06-14,5.787334592783825,20
2011-06-15,5.76957438853288,20
2011-06-16,5.745160354482374,20
2011-06-17,5.734393476880595,20
2011-06-20,5.706484987700153,20
2011-06-21,5.727014958454255,20
2011-06-22,5.73692029852732,20
2011-06-23,5.770019977173658,20
2011-06-24,5.810676288163142,20
2011-06-27,5.840888947776395,20
2011-06-28,5.8375925984270385,20
2011-06-29,5.820226392992241,20
2011-06-30,5.835705342232717,20
2011-07-01,5.837753694356268,20
2011-07-04,5.883264156782448,20
2011-07-05,5.8816887412270225,20
2011-07-06,5.899142397866097,20
2011-07-07,5.914795611381751,20
2011-07-08,5.905526505884057,20
2011-07-11,5.9224757089664415,20
2011-07-12,5.8964343872760185,20
2011-07-13,5.933843142265162,20
2011-07-14,5.948609906722988,20
2011-07-15,5.970084194478861,20
2011-07-18,5.975318584923566,20
2011-07-19,5.9497369267838875,20
2011-07-20,5.955242081900217,20
2011-07-21,5.937113831487715,20
2011-07-22,5.94026034998834,20
2011-07-25,5.8758764955918545,20
2011-07-26,5.893759436522621,20
2011-07-27,5.930854213688965,20
2011-07-28,5.92449362239407,20
2011-07-29,5.929727920617128,20
2011-08-01,5.928020855262061,20
2011-08-02,5.927556006674957,20
2011-08-03,5.949666517833131,20
2011-08-04,5.946682917302569,20
2011-08-05,5.913779896500598,20
2011-08-08,5.839872266027765,20
2011-08-09,5.838639256987399,20
2011-08-10,5.862189132487003,20
2011-08-11,5.90636406281148,20
2011-08-12,5.923685520677959,20
2011-08-15,5.938422806888042,20
2011-08-16,5.927986589623214,20
2011-08-17,5.9366676820102295,20
2011-08-18,5.911019075385671,20
2011-08-19,5.906737655445256,20
2011-08-22,5.912344543502191,20
2011-08-23,5.949121970857287,20
2011-08-24,5.948616506150956,20
2011-08-25,5.961710959907139,20
2011-08-26,5.975467008751941,20
2011-08-29,5.974105861103802,20
2011-08-30,5.96596440318037,20
2011-08-31,5.954062097484156,20
2011-09-01,5.934889805537581,20
2011-09-02,5.930987358903696,20
2011-09-05,5.916105530184494,20
2011-09-06,5.8984814732365,20
2011-09-07,5.934095069159699,20
2011-09-08,5.926737611342959,20
2011-09-09,5.92334265247359,20
2011-09-13,5.904554757359857,20
2011-09-14,5.919363518989086,20
2011-09-15,5.9184563081304145,20
2011-09-16,5.923876192620173,20
2011-09-19,5.896606841060409,20
2011-09-20,5.8977901440745715,20
2011-09-21,5.931990256908311,20
2011-09-22,5.894260875471251,20
2011-09-23,5.8867746875495905,20
2011-09-26,5.866180370844583,20
2011-09-27,5.867587331611039,20
2011-09-28,5.84472265195924,20
2011-09-29,5.804960305663206,20
2011-09-30,5.813108348691145,20
2011-10-10,5.78989385785945,20
2011-10-11,5.775348624160365,20
2011-10-12,5.813751554148135,20
2011-10-13,5.827863132187429,20
2011-10-14,5.8172847789303965,20
2011-10-17,5.829394457225075,20
2011-10-18,5.79621288059405,20
2011-10-19,5.787955622127674,20
2011-10-20,5.757558783935577,20
2011-10-21,5.730221037077515,20
2011-10-24,5.741950583275318,20
2011-10-25,5.778625827091467,20
2011-10-26,5.801965301985368,20
2011-10-27,5.800631967278409,20
2011-10-28,5.830638514465519,20
2011-10-31,5.8507349260168,20
2011-11-01,5.840840665075525,20
2011-11-02,5.866599166974715,20
2011-11-03,5.866642175290125,20
2011-11-04,5.874620447028332,20
2011-11-07,5.874657978683473,20
2011-11-08,5.858806651566641,20
2011-11-09,5.877643863304865,20
2011-11-10,5.889466331447075,20
2011-11-11,5.893998089864335,20
2011-11-14,5.9239727636216575,20
2011-11-15,5.928835051934393,20
2011-11-16,5.898605017912393,20
2011-11-17,5.903956721087533,20
2011-11-18,5.873239704603203,20
2011-11-21,5.868035636288874,20
2011-11-22,5.870436186084407,20
2011-11-23,5.8735110453439985,20
2011-11-24,5.873065481674,20
2011-11-25,5.865729745390929,20
2011-11-28,5.870148469445225,20
2011-11-29,5.900360502372008,20
2011-11-30,5.854164978798333,20
2011-12-01,5.865623324032577,20
2011-12-02,5.847207214252794,20
2011-12-05,5.81751307187605,20
2011-12-06,5.814508244859039,20
2011-12-07,5.820044024909423,20
2011-12-08,5.833047038337422,20
2011-12-09,5.819837495049904,20
2011-12-12,5.803476026479843,20
2011-12-13,5.768781731439442,20
2011-12-14,5.749557565969928,20
2011-12-15,5.727172659803645,20
2011-12-16,5.756101287225952,20
2011-12-19,5.749716717473653,20
2011-12-20,5.745190085069449,20
2011-12-21,5.727088248244998,20
2011-12-22,5.705333818126389,20
2011-12-23,5.707852251948029,20
2011-12-26,5.699682547187876,20
2011-12-27,5.66496050059631,20
2011-12-28,5.644874542530962,20
2011-12-29,5.646153849733735,20
2011-12-30,5.667038436126432,20
2012-01-04,5.634357506598286,20
2012-01-05,5.582266728418347,20
2012-01-06,5.569512714408425,20
2012-01-09,5.603781800506026,20
2012-01-10,5.642249473648879,20
2012-01-11,5.6421691762668695,20
2012-01-12,5.627829146852911,20
2012-01-13,5.572316801271247,20
2012-01-16,5.51957476231626,20
2012-01-17,5.563138397394865,20
2012-01-18,5.5237101916124995,20
2012-01-19,5.5270853249766025,20
2012-01-20,5.548599952020211,20
2012-01-30,5.551590976123258,20
2012-01-31,5.551689841139131,20
2012-02-01,5.545982944982298,20
2012-02-02,5.562073974699262,20
2012-02-03,5.575814870723446,20
2012-02-06,5.587780453937347,20
2012-02-07,5.566940615002561,20
2012-02-08,5.5912152471109,20
2012-02-09,5.6017676420771005,20
2012-02-10,5.602197168383123,20
2012-02-13,5.613301655313139,20
2012-02-14,5.611330817352709,20
2012-02-15,5.627832776347995,20
2012-02-16,5.6334604124813845,20
2012-02-17,5.627146574695064,20
2012-02-20,5.628589502229026,20
2012-02-21,5.643663562546671,20
2012-02-22,5.666830074997922,20
2012-02-23,5.674682097684499,20
2012-02-24,5.6800743296192,20
2012-02-27,5.681878689018173,20
2012-02-28,5.664774216671397,20
2012-02-29,5.646562872041925,20
2012-03-01,5.654055101737761,20
2012-03-02,5.676806605120605,20
2012-03-05,5.676095665583608,20
2012-03-06,5.668071556467741,20
2012-03-07,5.667733002664544,20
2012-03-08,5.679177824099136,20
2012-03-09,5.702019114220546,20
2012-03-12,5.708358050205759,20
2012-03-13,5.7296992659566985,20
2012-03-14,5.691839216368368,20
2012-03-15,5.691518423197761,20
2012-03-16,5.721522101370235,20
2012-03-19,5.735250566553704,20
2012-03-20,5.701294907244208,20
2012-03-21,5.707047296424802,20
2012-03-22,5.701908356569192,20
2012-03-23,5.678027736055083,20
2012-03-26,5.673866216399336,20
2012-03-27,5.669464186197598,20
2012-03-28,5.6101108197255884,20
2012-03-29,5.585067324815515,20
2012-03-30,5.57258920461895,20
2012-04-05,5.598252444475584,20
2012-04-06,5.601513254404267,19
2012-04-09,5.586551759643238,19
2012-04-10,5.5977384790415,19
2012-04-11,5.600701974934399,19
2012-04-12,5.624194560773811,19
2012-04-13,5.6316474696855545,19
2012-04-16,5.635533963444658,19
2012-04-17,5.6319638081024355,19
2012-04-18,5.651947151231109,19
2012-04-19,5.655330398278251,19
2012-04-20,5.654880354194818,19
2012-04-23,5.618513584309984,19
2012-04-24,5.606130561295233,19
2012-04-25,5.6259417604223225,19
2012-04-26,5.625686202385066,19
2012-04-27,5.629547704176213,19
2012-05-02,5.658922161980763,19
2012-05-03,5.661715482469861,20
2012-05-04,5.687602516489659,20
2012-05-07,5.71709164075431,20
2012-05-08,5.71411074331535,20
2012-05-09,5.682632113580602,20
2012-05-10,5.689205448537528,20
2012-05-11,5.6732273597817455,20
2012-05-14,5.661448649073255,20
2012-05-15,5.6466887244722415,20
2012-05-16,5.620010321002095,20
2012-05-17,5.649471581792655,20
2012-05-18,5.622917354377512,20
2012-05-21,5.623086605145492,20
2012-05-22,5.65262729077441,20
2012-05-23,5.6606660047889825,20
2012-05-24,5.65034281166312,20
2012-05-25,5.625766308074588,20
2012-05-28,5.638774442523927,20
2012-05-29,5.6646071763435835,20
2012-05-30,5.670004454197544,20
2012-05-31,5.691728587324022,20
2012-06-01,5.684044569710762,20
2012-06-04,5.623718487114695,20
2012-06-05,5.628469037606264,20
2012-06-06,5.621979909004684,20
2012-06-07,5.610311903237973,20
2012-06-08,5.602817461086133,20
2012-06-11,5.649430428966642,20
2012-06-12,5.669702947210163,20
2012-06-13,5.705069038621428,20
2012-06-14,5.6980342195545814,20
2012-06-15,5.722668778345643,20
2012-06-18,5.765847477122848,20
2012-06-19,5.776746430090085,20
2012-06-20,5.815883068071587,20
2012-06-21,5.788698309491427,20
2012-06-25,5.732977631214946,20
2012-06-26,5.7453177857456375,20
2012-06-27,5.757030808883044,20
2012-06-28,5.719457678996656,20
2012-06-29,5.74871694200578,20
2012-07-02,5.775815458587871,20
2012-07-03,5.788885467042187,20
2012-07-04,5.779115421814706,20
2012-07-05,5.728714017941509,20
2012-07-06,5.760441077921399,20
2012-07-09,5.721874683480131,20
2012-07-10,5.713674944108055,20
2012-07-11,5.7193294378840465,20
2012-07-12,5.739339138562042,20
2012-07-13,5.73255814162256,20
2012-07-16,5.634222639540178,20
2012-07-17,5.643293090404248,20
2012-07-18,5.639618002576792,20
2012-07-19,5.6721980376711905,20
2012-07-20,5.661975867549318,20
2012-07-23,5.654256501639363,20
2012-07-24,5.665187799768331,20
2012-07-25,5.657356522377702,20
2012-07-26,5.646278615763441,20
2012-07-27,5.637764371690576,20
2012-07-30,5.620059666802764,20
2012-07-31,5.596622674365143,20
2012-08-01,5.606171732993263,20
2012-08-02,5.596321704657037,20
2012-08-03,5.62916385465068,20
2012-08-06,5.6599312860189475,20
2012-08-07,5.675056374058908,20
2012-08-08,5.6701859259961545,20
2012-08-09,5.691738477673623,20
2012-08-10,5.694422003501426,20
2012-08-13,5.672648036088696,20
2012-08-14,5.6849442227336136,20
2012-08-15,5.663534770982245,20
2012-08-16,5.665850416704511,20
2012-08-17,5.668255775321925,20
2012-08-20,5.684544794667489,20
2012-08-21,5.72009187080585,20
2012-08-22,5.7067946104170035,20
2012-08-23,5.727247438935045,20
2012-08-24,5.706915643798802,20
2012-08-27,5.688711891714591,20
2012-08-28,5.701364591600129,20
2012-08-29,5.7002384830373565,20
2012-08-30,5.669071600053734,20
2012-08-31,5.679225995110688,20
2012-09-03,5.694063367896704,20
2012-09-04,5.690970014248846,20
2012-09-05,5.700620435196976,20
2012-09-06,5.705408144078195,20
2012-09-07,5.748569440308589,20
2012-09-10,5.761441959725142,20
2012-09-11,5.762445972121607,20
2012-09-12,5.76917170604292,20
2012-09-13,5.7487276350681435,20
2012-09-14,5.7406651454112465,20
2012-09-17,5.7030292726256135,20
2012-09-18,5.692448018268841,20
2012-09-19,5.705895490570631,20
2012-09-20,5.665579838877173,20
2012-09-21,5.646328171783689,20
2012-09-24,5.650383878718625,20
2012-09-25,5.639691852980256,20
2012-09-26,5.612395059168071,20
2012-09-27,5.638300573614716,20
2012-09-28,5.661131481290191,20
2012-10-08,5.648239831749884,20
2012-10-09,5.680531590598672,20
2012-10-10,5.693126186272654,20
2012-10-11,5.672457622616455,20
2012-10-12,5.676182378805557,20
2012-10-15,5.655368794711506,20
2012-10-16,5.658831262242293,20
2012-10-17,5.662960813615752,20
2012-10-18,5.679924779580983,20
2012-10-19,5.677927722875117,20
2012-10-22,5.688833412418412,20
2012-10-23,5.681760814444631,20
2012-10-24,5.6800923412520365,20
2012-10-25,5.669782987698997,20
2012-10-26,5.651033406676697,20
2012-10-29,5.6499324010603,20
2012-10-30,5.657520511501972,20
2012-10-31,5.6596027414533,20
2012-11-01,5.667730759959933,20
2012-11-02,5.671628335302669,20
2012-11-05,5.668676713007107,20
2012-11-06,5.664025157191684,20
2012-11-07,5.663347448850917,20
2012-11-08,5.639944267469833,20
2012-11-09,5.645789974532441,20
2012-11-12,5.6493928602457615,20
2012-11-13,5.632741435234616,20
2012-11-14,5.635186991538721,20
2012-11-15,5.607140597667716,20
2012-11-16,5.598045568515017,20
2012-11-19,5.604821681369037,20
2012-11-20,5.602923479007063,20
2012-11-21,5.6135710477541725,20
2012-11-22,5.612524960852568,20
2012-11-23,5.621919508563283,20
2012-11-26,5.606525985494845,20
2012-11-27,5.56853475933243,20
2012-11-28,5.54488600799821,20
2012-11-29,5.538134792239934,20
2012-11-30,5.545032532131069,20
2012-12-03,5.507128422931806,20
2012-12-04,5.512330993363898,20
2012-12-05,5.546391987889193,20
2012-12-06,5.5431098651909485,20
2012-12-07,5.563437679536108,20
2012-12-10,5.574061325275463,20
2012-12-11,5.563384668323896,20
2012-12-12,5.562906166954741,20
2012-12-13,5.559006689286571,20
2012-12-14,5.597699334649433,20
2012-12-17,5.595439638992928,20
2012-12-18,5.590173366309983,20
2012-12-19,5.5963363789955896,20
2012-12-20,5.605875227973164,20
2012-12-21,5.6199137546894775,20
2012-12-24,5.637606132426643,20
2012-12-25,5.667117231203789,20
2012-12-26,5.699521121871401,20
2012-12-27,5.666907978614518,20
2012-12-28,5.684400765048685,20
2012-12-31,5.685848677651442,20
2013-01-04,5.673498303356858,20
2013-01-07,5.7390001794635594,20
2013-01-08,5.805867343076199,20
2013-01-09,5.784572933422474,20
2013-01-10,5.792586000345893,20
2013-01-11,5.768327011268258,20
2013-01-14,5.879422676387346,20
2013-01-15,5.920368887607731,20
2013-01-16,5.890687624625693,20
2013-01-17,5.852814441826606,20
2013-01-18,5.894953415056402,20
2013-01-21,5.9022102605339795,20
2013-01-22,5.837903792936553,20
2013-01-23,5.847929370178635,20
2013-01-24,5.777360255239953,20
2013-01-25,5.7863246097692995,20
2013-01-28,5.881171517278001,20
2013-01-29,5.922077062282452,20
2013-01-30,5.9065119908302295,20
2013-01-31,5.8790479806391795,20
2013-02-01,5.888667048127469,20
2013-02-04,5.864409078466307,19
2013-02-05,5.896558615110075,19
2013-02-06,5.916053837468442,19
2013-02-07,5.934476950986935,19
2013-02-08,6.000784833377072,19
2013-02-18,6.040000006404564,19
2013-02-19,5.975189238391453,19
2013-02-20,6.0636588743639965,19
2013-02-21,6.009335432775817,19
2013-02-22,6.027355317931445,19
2013-02-25,6.09120019826334,19
2013-02-26,6.0717883000411765,19
2013-02-27,6.0783708140033745,19
2013-02-28,6.160670337570854,19
2013-03-01,6.267941061891551,19
2013-03-04,6.129315632528892,20
2013-03-05,6.2287339292938,20
2013-03-06,6.339202311253017,20
2013-03-07,6.296490786638221,20
2013-03-08,6.278452423932818,20
2013-03-11,6.265942273411083,20
2013-03-12,6.097918233995256,20
2013-03-13,6.077730820620568,20
2013-03-14,6.075036668428378,20
2013-03-15,6.114723050069871,20
2013-03-18,6.017259219843461,20
2013-03-19,6.02378365297975,20
2013-03-20,6.157134892066684,20
2013-03-21,6.214478951134884,20
2013-03-22,6.20822050145903,20
2013-03-25,6.209007213262614,20
2013-03-26,6.149785633606341,20
2013-03-27,6.172936742988412,20
2013-03-28,6.012010911412954,20
2013-03-29,5.996971206510604,20
2013-04-01,6.005913854329451,20
2013-04-02,5.923156487756073,20
2013-04-03,5.861877866392954,20
2013-04-08,5.80762166689816,20
2013-04-09,5.845252673084458,20
2013-04-10,5.8317064866781925,20
2013-04-11,5.895880645933672,20
2013-04-12,5.868001603625369,20
2013-04-15,5.821206592228355,20
2013-04-16,5.9012533512181085,20
2013-04-17,5.921290674546365,20
2013-04-18,5.93331361457813,20
2013-04-19,6.03065943903524,20
2013-04-22,6.043003208237666,20
2013-04-23,5.916228865855957,20
2013-04-24,6.033404676318828,20
2013-04-25,6.030973261140694,20
2013-04-26,5.931944148106471,20
2013-05-02,5.942163748962597,20
2013-05-03,6.011487267687647,20
2013-05-06,6.09960528350632,20
2013-05-07,6.092849095855244,20
2013-05-08,6.162011660891803,20
2013-05-09,6.184485915883037,20
2013-05-10,6.247927376916816,20
2013-05-13,6.2582430356329946,20
2013-05-14,6.164766604262454,20
2013-05-15,6.270170741744646,20
2013-05-16,6.282929396538497,20
2013-05-17,6.364551754330434,20
2013-05-20,6.490887903201447,20
2013-05-21,6.607257394266027,20
2013-05-22,6.53580932401171,20
2013-05-23,6.5352675023711395,20
2013-05-24,6.647362530338788,20
2013-05-27,6.710199539552863,20
2013-05-28,6.627495781145377,20
2013-05-29,6.6780579596864165,20
2013-05-30,6.68717741174809,20
2013-05-31,6.651552424617312,20
2013-06-03,6.598698781485726,20
2013-06-04,6.470811412732283,20
2013-06-05,6.5240749805360245,20
2013-06-06,6.42908565043764,20
2013-06-07,6.37487040510686,20
2013-06-13,6.233397985429956,20
2013-06-14,6.343696406649812,20
2013-06-17,6.405950207312583,20
2013-06-18,6.446534734802543,20
2013-06-19,6.457289395702547,20
2013-06-20,6.351691384130974,20
2013-06-21,6.329830964197835,20
2013-06-24,6.010207873866698,20
2013-06-25,5.9562797812086234,20
2013-06-26,6.065037364663012,20
2013-06-27,5.934717439035391,20
2013-06-28,5.865806312903916,20
2013-07-01,5.922001833453224,20
2013-07-02,5.965889038215672,20
2013-07-03,5.987912370061534,20
2013-07-04,6.014808357680916,20
2013-07-05,5.981219828233238,20
2013-07-08,5.907853789073536,20
2013-07-09,5.955453126499719,20
2013-07-10,6.010807427092662,20
2013-07-11,6.0483991448168375,20
2013-07-12,6.048506169919541,20
2013-07-15,6.086408299094802,20
2013-07-16,6.113347077929808,20
2013-07-17,6.085459952709035,20
2013-07-18,6.108710441508497,20
2013-07-19,6.066153829688377,20
2013-07-22,6.112200366229414,20
2013-07-23,6.169335219883144,20
2013-07-24,6.197876236267757,20
2013-07-25,6.1220770730582,20
2013-07-26,6.148740296339238,20
2013-07-29,6.120922782353598,20
2013-07-30,6.109569619294897,20
2013-07-31,6.152527146810151,20
2013-08-01,6.270077787691779,20
2013-08-02,6.314551089063728,20
2013-08-05,6.402697475072167,20
2013-08-06,6.442624151753671,20
2013-08-07,6.413727103465871,20
2013-08-08,6.480362268450752,20
2013-08-09,6.509165701128433,20
2013-08-12,6.524632054432126,20
2013-08-13,6.557348654957752,20
2013-08-14,6.615857816819168,20
2013-08-15,6.568242818813395,20
2013-08-16,6.43351956011296,20
2013-08-19,6.505103890405094,20
2013-08-20,6.5159042123929005,20
2013-08-21,6.564462724520501,20
2013-08-22,6.606722854415361,20
2013-08-23,6.563870239941788,20
2013-08-26,6.638983374979192,20
2013-08-27,6.6636860964196325,20
2013-08-28,6.58043056345859,20
2013-08-29,6.591949000550473,20
2013-08-30,6.505263640745457,20
2013-09-02,6.529496184749094,20
2013-09-03,6.5772692569555105,20
2013-09-04,6.571152503007449,20
2013-09-05,6.582176035438797,20
2013-09-06,6.607596847076029,20
2013-09-09,6.63718769916575,20
2013-09-10,6.6441860919049835,20
2013-09-11,6.598902710734039,20
2013-09-12,6.6073535109046215,20
2013-09-13,6.632210052012551,20
2013-09-16,6.6756168330096575,20
2013-09-17,6.631466612423878,20
2013-09-18,6.661538393147244,20
2013-09-23,6.733973604653742,20
2013-09-24,6.743809418249621,20
2013-09-25,6.75421820165232,20
2013-09-26,6.690153435715906,20
2013-09-27,6.704644736905127,20
2013-09-30,6.771549541547036,20
2013-10-08,6.8187875011836745,20
2013-10-09,6.867009712977829,19
2013-10-10,6.829470507313128,19
2013-10-11,6.899099331305155,19
2013-10-14,6.949770143078433,19
2013-10-15,6.927331828188772,19
2013-10-16,6.797161497011227,19
2013-10-17,6.833877817553624,19
2013-10-18,6.863936737675522,19
2013-10-21,7.021133456337328,19
2013-10-22,7.031507871387837,19
2013-10-23,6.928288212080903,19
2013-10-24,6.92200680552562,19
2013-10-25,6.908215263186459,19
2013-10-28,6.961384094931308,19
2013-10-29,6.776829891069955,19
2013-10-30,6.937000780190093,19
2013-10-31,7.016586786105795,19
2013-11-01,6.96030638420118,19
2013-11-04,7.002739829093792,20
2013-11-05,7.069489857175993,20
2013-11-06,7.028696528857659,20
2013-11-07,7.012929579043952,20
2013-11-08,6.935874259157757,20
2013-11-11,7.06757158197516,20
2013-11-12,7.175125772095902,20
2013-11-13,7.122304073386254,20
2013-11-14,7.312019156817425,20
2013-11-15,7.504442744396004,20
2013-11-18,7.625938037245921,20
2013-11-19,7.598424631974327,20
2013-11-20,7.608748510150045,20
2013-11-21,7.550876595160933,20
2013-11-22,7.551908201627109,20
2013-11-25,7.6081752445388995,20
2013-11-26,7.683673722604899,20
2013-11-27,7.720749827030874,20
2013-11-28,7.827622952541046,20
2013-11-29,7.987114110150698,20
2013-12-02,7.50158517790958,20
2013-12-03,7.660186741156427,20
2013-12-04,7.801328358769069,20
2013-12-05,7.833071671481816,20
2013-12-06,7.834385945275243,20
2013-12-09,7.943882197529103,20
2013-12-10,7.934306965678482,20
2013-12-11,7.851903949775923,20
2013-12-12,7.984662322898117,20
2013-12-13,8.072488797444304,20
2013-12-16,8.017043768483463,20
2013-12-17,7.961523004983443,20
2013-12-18,7.938283497847151,20
2013-12-19,7.854043602192649,20
2013-12-20,7.819065578335287,20
2013-12-23,7.807546986212542,20
2013-12-24,7.875855209776171,20
2013-12-25,8.033177384131182,20
2013-12-26,7.921744627535912,20
2013-12-27,8.13657571968513,20
2013-12-30,8.221079489899179,20
2013-12-31,8.120879422078026,20
2014-01-02,8.2013273386811,20
2014-01-03,8.18733337070145,20
2014-01-06,8.08761150875508,20
2014-01-07,8.14077739026091,20
2014-01-08,8.169478621528661,20
2014-01-09,8.022345396497712,20
2014-01-10,7.911996254654733,20
2014-01-13,7.908811594949233,20
2014-01-14,8.077069863481121,20
2014-01-15,8.226185478245156,20
2014-01-16,8.236400466674123,20
2014-01-17,8.213078468085415,20
2014-01-20,8.180067578737724,20
2014-01-21,8.329733628375015,20
2014-01-22,8.418249458180401,20
2014-01-23,8.496609621721149,20
2014-01-24,8.502100638468992,20
2014-01-27,8.465398448833877,20
2014-01-28,8.444480992056866,20
2014-01-29,8.535196095650988,20
2014-01-30,8.524019043368362,20
2014-02-07,8.611885934753333,20
2014-02-10,8.76525374221066,20
2014-02-11,8.789155056184107,20
2014-02-12,8.904526781273873,20
2014-02-13,8.775323423633173,20
2014-02-14,8.964871831396618,20
2014-02-17,9.13375975218705,20
2014-02-18,9.141620946760229,20
2014-02-19,9.094524278475857,20
2014-02-20,9.044888414297203,20
2014-02-21,9.016994610821996,20
2014-02-24,9.074518339550304,20
2014-02-25,8.815304750930878,20
2014-02-26,8.859710056453034,20
2014-02-27,8.811663884030322,20
2014-02-28,8.890967425795566,20
2014-03-03,8.988675908013823,20
2014-03-04,8.964595785058748,20
2014-03-05,8.95145953763224,20
2014-03-06,8.925181236319153,20
2014-03-07,8.89076616394221,20
2014-03-10,8.670905728103437,20
2014-03-11,8.64687219369328,20
2014-03-12,8.677466204465908,20
2014-03-13,8.722180174192946,20
2014-03-14,8.721785410572727,20
2014-03-17,8.86627422819283,20
2014-03-18,8.911964392503577,20
2014-03-19,8.907260325044412,20
2014-03-20,8.779682017454338,20
2014-03-21,8.891282990451547,20
2014-03-24,8.962013414801026,20
2014-03-25,8.952987375017152,20
2014-03-26,8.953723190787235,20
2014-03-27,8.809357705285677,20
2014-03-28,8.623648662672494,20
2014-03-31,8.575556611075699,20
2014-04-01,8.665948449813188,20
2014-04-02,8.646905157806978,20
2014-04-03,8.670638926323562,20
2014-04-04,8.721617819357698,20
2014-04-08,8.753697281808922,20
2014-04-09,8.821986574138956,20
2014-04-10,8.831929911139355,20
2014-04-11,8.806446950008288,20
2014-04-14,8.884938179378404,20
2014-04-15,8.846465510278767,20
2014-04-16,8.876560019397278,20
2014-04-17,8.904015063254294,20
2014-04-18,8.905274368129003,20
2014-04-21,8.792085617296028,20
2014-04-22,8.731436327177942,20
2014-04-23,8.73805991688722,20
2014-04-24,8.711268621272989,20
2014-04-25,8.60769604433147,20
2014-04-28,8.449360779163138,20
2014-04-29,8.497845905544837,20
2014-04-30,8.57938340098192,20
2014-05-05,8.634475003257187,20
2014-05-06,8.678269677906302,20
2014-05-07,8.619374874834694,20
2014-05-08,8.64707943824005,20
2014-05-09,8.639697520849964,20
2014-05-12,8.715674892892014,20
2014-05-13,8.718813384057611,20
2014-05-14,8.713970858574315,20
2014-05-15,8.640124977135649,20
2014-05-16,8.606711477277113,20
2014-05-19,8.630103927675934,20
2014-05-20,8.665079739017546,20
2014-05-21,8.705024722094434,20
2014-05-22,8.717038646725028,20
2014-05-23,8.758042049444615,20
2014-05-26,8.816466454926479,20
2014-05-27,8.797475062227857,20
2014-05-28,8.846323267171828,20
2014-05-29,8.754042042404196,20
2014-05-30,8.7898877328101,20
2014-06-03,8.80040436476101,20
2014-06-04,8.7641675672374,20
2014-06-05,8.827231884764641,20
2014-06-06,8.808400135978346,20
2014-06-09,8.799372246804007,20
2014-06-10,8.86286239036563,20
2014-06-11,8.893212547084675,20
2014-06-12,8.927536558913701,20
2014-06-13,8.964817785303744,20
2014-06-16,9.000467709163445,20
2014-06-17,8.957927148648297,20
2014-06-18,8.925197279739802,20
2014-06-19,8.79533887499472,20
2014-06-20,8.841595825805037,20
2014-06-23,8.9087734232733,20
2014-06-24,8.949860327481566,20
2014-06-25,8.93482293069896,20
2014-06-26,9.001570978080489,20
2014-06-27,9.005229029833352,20
2014-06-30,9.05028126881149,20
2014-07-01,9.064168861449707,20
2014-07-02,9.096998070217552,20
2014-07-03,9.132881573526422,20
2014-07-04,9.144512962164393,20
2014-07-07,9.134531429455976,20
2014-07-08,9.178188905422132,20
2014-07-09,9.114337908491933,20
2014-07-10,9.124414127734944,20
2014-07-11,9.178050607983714,20
2014-07-14,9.251812582046469,20
2014-07-15,9.20110992219152,20
2014-07-16,9.159891750757616,20
2014-07-17,9.162228185708637,20
2014-07-18,9.174284033233073,20
2014-07-21,9.149257112647057,20
2014-07-22,9.190875186309228,20
2014-07-23,9.12640996633236,20
2014-07-24,9.14201551380537,20
2014-07-25,9.164768249259538,20
2014-07-28,9.222561313407178,20
2014-07-29,9.265153862441188,20
2014-07-30,9.26763476338383,20
2014-07-31,9.308602473353632,20
2014-08-01,9.260435866423652,20
2014-08-04,9.392555676829629,20
2014-08-05,9.43222930330552,20
2014-08-06,9.426942307474587,20
2014-08-07,9.376947190357884,20
2014-08-08,9.4237641861806,20
2014-08-11,9.49028599231353,20
2014-08-12,9.493925691794502,20
2014-08-13,9.523708928882547,20
2014-08-14,9.520085581060979,20
2014-08-15,9.597225161108442,20
2014-08-18,9.678472134937634,20
2014-08-19,9.685162105807606,20
2014-08-20,9.752616050295288,20
2014-08-21,9.777332500322311,20
2014-08-22,9.849914584809927,20
2014-08-25,9.849593672478766,20
2014-08-26,9.761464456977468,20
2014-08-27,9.813157844436995,20
2014-08-28,9.819045846035188,20
2014-08-29,9.860176398293605,20
2014-09-01,9.966362284918349,20
2014-09-02,10.085878375999222,20
2014-09-03,10.180280712210786,20
2014-09-04,10.23739139546931,20
2014-09-05,10.277914702208655,20
2014-09-09,10.414386487352804,20
2014-09-10,10.461413172731103,20
2014-09-11,10.417324781232455,20
2014-09-12,10.51882651073824,20
2014-09-15,10.628783662580469,20
2014-09-16,10.339953829045504,20
2014-09-17,10.430078276960476,20
2014-09-18,10.509625199234739,20
2014-09-19,10.575335675305586,20
2014-09-22,10.564263314677335,20
2014-09-23,10.718495289057367,20
2014-09-24,10.842442549267764,20
2014-09-25,10.776122472637534,20
2014-09-26,10.850824973995032,20
2014-09-29,11.024659905568898,20
2014-09-30,11.082655051274724,20
2014-10-08,11.152153813503123,20
2014-10-09,11.13859240501245,20
2014-10-10,11.114051089282036,20
2014-10-13,11.218146752755755,20
2014-10-14,11.202154370991318,20
2014-10-15,11.218515977264216,20
2014-10-16,11.095657900820457,20
2014-10-17,10.996930658029418,20
2014-10-20,11.138402413408155,20
2014-10-21,11.084980839295037,20
2014-10-22,10.985134858896355,20
2014-10-23,10.848838053565672,20
2014-10-24,10.87728422701688,20
2014-10-27,11.030486554796672,20
2014-10-28,11.31197626170304,20
2014-10-29,11.429507026706238,20
2014-10-30,11.449140429197193,20
2014-10-31,11.417873437520052,20
2014-11-03,11.573876453951936,20
2014-11-04,11.452679033002747,20
2014-11-05,11.450010971063534,20
2014-11-06,11.674292020191194,20
2014-11-07,11.676286525454021,20
2014-11-10,11.724030824227448,20
2014-11-11,11.290143824929938,20
2014-11-12,11.560061153157537,20
2014-11-13,11.393065119980847,20
2014-11-14,11.311864005556355,20
2014-11-17,11.492449011192592,20
2014-11-18,11.532124330297204,20
2014-11-19,11.67800093097109,20
2014-11-20,11.621720714250287,20
2014-11-21,11.79894778647435,20
2014-11-24,11.872264509636132,20
2014-11-25,11.990153855869917,20
2014-11-26,12.03638154193588,20
2014-11-27,12.196627806305226,20
2014-11-28,12.225260380766061,20
2014-12-01,12.01558244391631,20
2014-12-02,12.23180582241365,20
2014-12-03,12.342008961045996,20
2014-12-04,12.355725032499633,20
2014-12-05,11.92415409729841,20
2014-12-08,11.767871104591586,20
2014-12-09,11.155633939421755,20
2014-12-10,11.558832250905228,20
2014-12-11,11.730537477809545,20
2014-12-12,11.8328886829773,20
2014-12-15,12.094990317569028,20
2014-12-16,12.053572539661163,20
2014-12-17,11.805441228315344,20
2014-12-18,11.757873674438166,20
2014-12-19,11.596121260558283,20
2014-12-22,11.005656644438782,20
2014-12-23,11.042928145079735,20
2014-12-24,11.450667809237041,20
2014-12-25,11.700404277627783,20
2014-12-26,11.718007426876737,20
2014-12-29,11.518597574195072,20
2014-12-30,11.305176909490976,20
2014-12-31,11.389392736957813,20
2015-01-05,11.348130773690421,20
2015-01-06,11.627708382656644,20
2015-01-07,11.571868600289301,20
2015-01-08,11.58506007445029,20
2015-01-09,11.50225331459739,20
2015-01-12,11.370211135732156,20
2015-01-13,11.512978566580548,20
2015-01-14,11.46119254220332,20
2015-01-15,11.524249760816941,20
2015-01-16,11.645672592917863,20
2015-01-19,11.533759514444402,20
2015-01-20,11.935481622384787,20
2015-01-21,12.157451330501363,20
2015-01-22,12.304172564594896,20
2015-01-23,12.183330033418533,20
2015-01-26,12.415893525697324,20
2015-01-27,12.475005544440052,20
2015-01-28,12.431484092542977,20
2015-01-29,12.36594082894442,20
2015-01-30,12.17773607724967,20
2015-02-02,12.153058876282145,20
2015-02-03,12.27421315555176,20
2015-02-04,12.333430112856549,20
2015-02-05,12.296081016802118,20
2015-02-06,12.098395504095228,20
2015-02-09,12.058506226509742,20
2015-02-10,12.1812570941445,20
2015-02-11,12.306672080818627,20
2015-02-12,12.402185818920557,20
2015-02-13,12.666556726470356,20
2015-02-16,12.907484411778642,20
2015-02-17,12.942303129395619,20
2015-02-25,12.828475382185983,20
2015-02-26,12.859199781695613,20
2015-02-27,12.994383822236221,20
2015-03-02,13.15864001061112,20
2015-03-03,13.084391401179126,20
2015-03-04,13.280482717552793,20
2015-03-05,13.332849236360877,20
2015-03-06,13.345070946793205,20
2015-03-09,13.579561002546479,20
2015-03-10,13.661087054156418,20
2015-03-11,13.783460978718077,20
2015-03-12,13.746612853482638,20
2015-03-13,13.892017520545071,20
2015-03-16,14.163086759752844,20
2015-03-17,14.197592251976902,20
2015-03-18,14.425007402992765,20
2015-03-19,14.547609305553577,20
2015-03-20,14.76634162329207,20
2015-03-23,15.284709858814198,20
2015-03-24,15.260628167270548,20
2015-03-25,15.45715446532248,20
2015-03-26,15.217364133195247,20
2015-03-27,15.403261803160973,20
2015-03-30,15.354892420249566,20
2015-03-31,15.547704305162563,20
2015-04-01,15.986182662238987,20
2015-04-02,16.411862548237806,20
2015-04-03,16.812362155561516,20
2015-04-07,17.240591899793724,20
2015-04-08,17.260116220207394,20
2015-04-09,17.1463939477934,20
2015-04-10,17.47903062138868,20
2015-04-13,17.87350633866259,20
2015-04-14,17.556644180130732,20
2015-04-15,16.79115150623226,20
2015-04-16,16.912066102323763,20
2015-04-17,16.914339272266446,20
2015-04-20,16.77475638946176,20
2015-04-21,17.26100871451312,20
2015-04-22,17.6253730241876,20
2015-04-23,17.612222366243426,20
2015-04-24,17.573551538133973,20
2015-04-27,17.6569626967441,20
2015-04-28,17.291271459160996,20
2015-04-29,17.569703644149023,20
2015-04-30,17.511491732461796,20
2015-05-04,17.692559948884387,20
2015-05-05,17.466834674692837,19
2015-05-06,17.387665777816185,19
2015-05-07,17.14253032376241,19
2015-05-08,17.757156006760066,19
2015-05-11,18.483910638103342,19
2015-05-12,18.677366928135726,19
2015-05-13,18.599251830238615,19
2015-05-14,19.063712721527647,19
2015-05-15,19.107913950378943,19
2015-05-18,19.754244127639954,19
2015-05-19,19.99337282202686,19
2015-05-20,20.204303177881727,19
2015-05-21,20.735355859310843,19
2015-05-22,20.85760857762635,19
2015-05-25,21.041148759671334,19
2015-05-26,21.995117224887775,19
2015-05-27,22.754934009760632,19
2015-05-28,22.403894539272315,19
2015-05-29,22.770540023022257,19
2015-06-01,23.583578941600038,19
2015-06-02,24.486921285068778,19
2015-06-03,24.777613122759714,19
2015-06-04,24.314649025892525,19
2015-06-05,24.58728893637398,19
2015-06-08,24.116980972724193,19
2015-06-09,24.134660392946554,19
2015-06-10,24.362108658384596,19
2015-06-11,24.642261876601413,19
2015-06-12,25.057620063329985,19
2015-06-15,24.606202104591503,19
2015-06-16,23.810880226091495,19
2015-06-17,24.34192050248664,19
2015-06-18,23.756311500155736,19
2015-06-19,22.497635871144915,19
2015-06-23,22.42949655783467,19
2015-06-24,22.91050816318335,19
2015-06-25,22.33131411615231,19
2015-06-26,20.98338902086738,19
2015-06-29,19.981607154853766,19
2015-06-30,20.642750222524747,19
2015-07-01,20.041513083900643,19
2015-07-02,19.169560953229006,20
2015-07-03,18.352558795112415,20
2015-07-06,17.739138299073623,20
2015-07-07,16.8451401663435,20
2015-07-08,16.649891841534764,20
2015-07-09,17.570912686846185,20
2015-07-10,18.542662739683298,20
2015-07-13,19.560435086053623,20
2015-07-14,20.154915694813482,20
2015-07-15,19.320849319432796,20
2015-07-16,19.63228315630372,20
2015-07-17,20.466863252575546,20
2015-07-20,20.769760018598117,20
2015-07-21,21.020574352470877,20
2015-07-22,21.27534226216893,20
2015-07-23,21.79025437372728,20
2015-07-24,21.456905089199758,20
2015-07-27,20.32388990212187,20
2015-07-28,19.715102546987726,20
2015-07-29,20.473595438197,20
2015-07-30,20.143864157048654,20
2015-07-31,19.92775043804507,20
2015-08-03,19.221256506163922,20
2015-08-04,20.003127005122156,20
2015-08-05,20.111999592422265,20
2015-08-06,20.165251619332892,20
2015-08-07,20.568745287130447,20
2015-08-10,21.14686395359467,20
2015-08-11,21.310943573033185,20
2015-08-12,21.24117293672718,20
2015-08-13,21.590705321156832,20
2015-08-14,21.503977536014837,20
2015-08-17,21.581433054538326,20
2015-08-18,20.63624152974912,20
2015-08-19,21.00559430906966,20
2015-08-20,20.822304295164667,20
2015-08-21,20.13503038285531,20
2015-08-24,19.174390222486167,20
2015-08-25,18.26656295607471,20
2015-08-26,18.04503702887929,20
2015-08-27,18.52731889836702,20
2015-08-28,19.190731953502553,20
2015-08-31,18.900010369059974,20
2015-09-01,18.470833044160443,20
2015-09-02,18.330154277759075,20
2015-09-07,18.45259329127274,20
2015-09-08,18.741118542514823,20
2015-09-09,18.92207174723443,20
2015-09-10,18.821951032792356,20
2015-09-11,18.858442015591987,20
2015-09-14,18.439742245150704,20
2015-09-15,18.121313031496733,20
2015-09-16,18.541110908820638,20
2015-09-17,18.500537583873356,20
2015-09-18,18.627787369230244,20
2015-09-21,18.861870183040654,20
2015-09-22,18.898878925361945,20
2015-09-23,18.85486648842262,20
2015-09-24,18.971248388278735,20
2015-09-25,18.73359838335494,20
2015-09-28,18.919149741178153,20
2015-09-29,18.835044328041484,20
2015-09-30,18.8801527249151,20
2015-10-08,19.05728907466404,20
2015-10-09,19.15517013441711,19
2015-10-12,19.341070169963782,19
2015-10-13,19.42545849479101,19
2015-10-14,19.37908544809504,19
2015-10-15,19.565098297950357,19
2015-10-16,19.59361263382615,19
2015-10-19,19.583603794760023,19
2015-10-20,19.675412892928474,19
2015-10-21,19.35285544881376,19
2015-10-22,19.596379513599874,19
2015-10-23,19.856460464837138,19
2015-10-26,19.947545429296568,19
2015-10-27,20.01218052181543,19
2015-10-28,19.903896870236135,19
2015-10-29,19.94907953067226,19
2015-10-30,20.031562211018596,19
2015-11-02,20.130901946701663,19
2015-11-03,20.19328351514726,20
2015-11-04,20.52769042779529,20
2015-11-05,20.378442563635584,20
2015-11-06,20.67663125871341,20
2015-11-09,20.90869305062336,20
2015-11-10,20.832960545578253,20
2015-11-11,21.164766960843,20
2015-11-12,21.309516860332252,20
2015-11-13,20.940160822334636,20
2015-11-16,21.138600802557892,20
2015-11-17,20.951982109802973,20
2015-11-18,20.744584985537195,20
2015-11-19,21.041804571743498,20
2015-11-20,21.188182772085412,20
2015-11-23,21.16540681647917,20
2015-11-24,21.53029232331262,20
2015-11-25,21.678865758864905,20
2015-11-26,21.613192468166563,20
2015-11-27,21.204601478342006,20
2015-11-30,21.493785090325748,20
2015-12-01,21.38534431353678,20
2015-12-02,21.262337148808044,19
2015-12-03,21.491951396224493,19
2015-12-04,21.418800739872456,19
2015-12-07,21.569800292584315,19
2015-12-08,21.539986979783993,19
2015-12-09,21.46510352450483,19
2015-12-10,21.397161428694698,19
2015-12-11,21.368046686364007,19
2015-12-14,21.58162375185966,19
2015-12-15,21.62283752701054,19
2015-12-16,21.75335445968857,19
2015-12-17,22.026338539915947,19
2015-12-18,22.069526824278377,19
2015-12-21,22.09034115412938,19
2015-12-22,22.096991324659065,19
2015-12-23,22.02333522148482,19
2015-12-24,22.12515580328301,19
2015-12-25,22.23998111147003,19
2015-12-28,21.955546190290473,19
2015-12-29,22.102920398592886,19
2015-12-30,22.143620341239497,19
2015-12-31,21.924505913130147,19
2016-01-04,20.91154903450977,19
2016-01-05,20.614743408529076,20
2016-01-06,20.89832069704833,20
2016-01-07,19.938092825654845,20
2016-01-08,20.02966282135143,20
2016-01-11,19.18139950560067,20
2016-01-12,19.3182819570818,20
2016-01-13,18.939129991073703,20
2016-01-14,19.347451179495387,20
2016-01-15,19.0284429437912,20
2016-01-18,19.266495161845352,20
2016-01-19,19.664614262552014,20
2016-01-20,19.60906840503788,20
2016-01-21,19.32524855471428,20
2016-01-22,19.522707478690325,20
2016-01-25,19.62264727116546,20
2016-01-26,18.811747250708287,20
2016-01-27,18.793272144475274,20
2016-01-28,18.43229623923393,20
2016-01-29,18.843995798681988,20
2016-02-01,18.829090273762287,20
2016-02-02,19.009147191873744,20
2016-02-03,19.054902985804226,20
2016-02-04,19.14982439719083,20
2016-02-05,19.100701474682865,20
2016-02-15,19.08688048313097,20
2016-02-16,19.322780809002015,20
2016-02-17,19.362067623516104,20
2016-02-18,19.377967818793458,20
2016-02-19,19.39972552566684,20
2016-02-22,19.52241546261332,20
2016-02-23,19.453560651581487,20
2016-02-24,19.437694179549403,20
2016-02-25,18.999779702518047,20
2016-02-26,19.013803526879233,20
2016-02-29,18.705049608917445,20
2016-03-01,18.811677584008752,20
2016-03-02,19.041057024520565,20
2016-03-03,19.040020095912954,20
2016-03-04,18.80864640643978,20
2016-03-07,18.926107015908784,20
2016-03-08,19.02119461987258,20
2016-03-09,18.911618761879584,20
2016-03-10,18.827862130395115,20
2016-03-11,18.855296870730882,20
2016-03-14,19.06602469709061,20
2016-03-15,19.06308902966625,20
2016-03-16,19.018341095456893,20
2016-03-17,19.206596266149386,20
2016-03-18,19.386483847228096,20
2016-03-21,19.520948134284026,20
2016-03-22,19.505667269740087,20
2016-03-23,19.56012589341765,20
2016-03-24,19.53598911368781,20
2016-03-25,19.580775007849752,20
2016-03-28,19.504951875167407,20
2016-03-29,19.3761784449588,20
2016-03-30,19.62832501328374,20
2016-03-31,19.64262876616002,20
2016-04-01,19.636829867350446,20
2016-04-05,19.806105104414296,20
2016-04-06,19.859384243673162,20
2016-04-07,19.778899666459765,20
2016-04-08,19.753824829979827,20
2016-04-11,19.856501047201455,20
2016-04-12,19.821261522925948,20
2016-04-13,19.903064285650878,20
2016-04-14,19.95648115743972,20
2016-04-15,19.961270596160094,20
2016-04-18,19.882934466261602,20
2016-04-19,19.908120795573154,20
2016-04-20,19.669357902149095,20
2016-04-21,19.652092807898427,20
2016-04-22,19.69726835009532,20
2016-04-25,19.712067131919717,20
2016-04-26,19.77900326774707,20
2016-04-27,19.770943139144123,20
2016-04-28,19.773253450208255,20
2016-04-29,19.8064427514213,20
2016-05-03,20.02009709478753,20
2016-05-04,20.027166350527704,20
2016-05-05,20.125564271507056,20
2016-05-06,19.84080732218633,20
2016-05-09,19.498771184485953,20
2016-05-10,19.50535123582578,20
2016-05-11,19.473524641862756,20
2016-05-12,19.39485350354935,20
2016-05-13,19.403703439580575,20
2016-05-16,19.531363841026074,20
2016-05-17,19.49471016421779,20
2016-05-18,19.230196012800622,20
2016-05-19,19.280801778677212,20
2016-05-20,19.3443382870716,20
2016-05-23,19.549522516467384,20
2016-05-24,19.539233227976926,20
2016-05-25,19.545500043052776,20
2016-05-26,19.592583551631286,20
2016-05-27,19.61257049804584,20
2016-05-30,19.594059387730166,20
2016-05-31,19.875767214295326,20
2016-06-01,19.891095387309164,20
2016-06-02,19.94796865535183,20
2016-06-03,20.01848045931612,20
2016-06-06,20.0445865817764,20
2016-06-07,20.06506872252567,20
2016-06-08,20.12987942180353,20
2016-06-13,19.726676263495612,20
2016-06-14,19.731550979643306,20
2016-06-15,20.002947754171977,20
2016-06-16,20.0334477363601,20
2016-06-17,20.151480234546632,20
2016-06-20,20.27812546627887,20
2016-06-21,20.19130729044237,20
2016-06-22,20.417785460191663,20
2016-06-23,20.406955532283096,20
2016-06-24,20.35097488535992,20
2016-06-27,20.60353166513371,20
2016-06-28,20.73282308945072,20
2016-06-29,20.76487807801944,20
2016-06-30,20.772521165113695,20
2016-07-01,20.646828310588976,20
2016-07-04,20.86355169711206,20
2016-07-05,20.90743455462438,20
2016-07-06,21.05502217768076,20
2016-07-07,21.02737818774141,20
2016-07-08,21.03670393717587,20
2016-07-11,20.9861992824867,20
2016-07-12,21.15899996199865,20
2016-07-13,21.141466099268865,20
2016-07-14,21.16695008865056,20
2016-07-15,21.131456810257706,20
2016-07-18,21.10478471362142,20
2016-07-19,21.14815881368847,20
2016-07-20,21.20765213543014,20
2016-07-21,21.25370042245264,20
2016-07-22,21.06554030939966,20
2016-07-25,21.051538427227978,20
2016-07-26,21.215554238908442,20
2016-07-27,20.664826281414985,20
2016-07-28,20.71319582251647,20
2016-07-29,20.68768762776233,20
2016-08-01,20.528024038235696,20
2016-08-02,20.637254924092034,20
2016-08-03,20.672081995179557,20
2016-08-04,20.681084125329,20
2016-08-05,20.579665569363346,20
2016-08-08,20.740970121849042,20
2016-08-09,20.878579225131514,20
2016-08-10,20.85668182603136,20
2016-08-11,20.625388840820136,20
2016-08-12,20.771012452928982,20
2016-08-15,21.117285867399346,20
2016-08-16,21.26490452857049,20
2016-08-17,21.233171052568768,20
2016-08-18,21.27562391557321,20
2016-08-19,21.51103337347494,20
2016-08-22,21.418140427903346,20
2016-08-23,21.45216425603864,20
2016-08-24,21.61510040891589,20
2016-08-25,21.6820128479476,20
2016-08-26,21.786923066333628,20
2016-08-29,21.943387337143843,20
2016-08-30,21.920301319206363,20
2016-08-31,22.06007552904764,20
2016-09-01,21.929647790200562,20
2016-09-02,22.107088163230216,20
2016-09-05,22.093266200350705,20
2016-09-06,22.358894473921833,20
2016-09-07,22.34175345317016,20
2016-09-08,22.51229681283442,20
2016-09-09,22.284268142021272,20
2016-09-12,21.730606862741762,20
2016-09-13,21.84285139450838,20
2016-09-14,21.712834674348994,20
2016-09-19,21.936382226808327,20
2016-09-20,21.872463161515746,20
2016-09-21,21.967432812850202,20
2016-09-22,22.117000595307104,20
2016-09-23,22.202285474131564,20
2016-09-26,21.79175000391019,20
2016-09-27,21.957064275526726,20
2016-09-28,22.012094566282066,20
2016-09-29,22.142820784778763,20
2016-09-30,22.168518499123575,20
2016-10-10,22.54603537541586,20
2016-10-11,22.64237984207821,20
2016-10-12,22.78568892813991,20
2016-10-13,22.791339024208,20
2016-10-14,22.80591976452442,20
2016-10-17,22.75802617973495,20
2016-10-18,23.064349912661704,20
2016-10-19,22.967017615932026,20
2016-10-20,23.053495315237935,20
2016-10-21,22.947772951685653,20
2016-10-24,23.05556292081981,20
2016-10-25,23.18780420287364,20
2016-10-26,23.05434269074942,20
2016-10-27,23.10560979964464,20
2016-10-28,23.050762207283018,20
2016-10-31,23.157346984876696,20
2016-11-01,23.524941929367646,20
2016-11-02,23.375605109284745,20
2016-11-03,23.467527747311816,20
2016-11-04,23.56995667879993,20
2016-11-07,23.52331754085946,20
2016-11-08,23.6201816879461,20
2016-11-09,23.431537923833915,20
2016-11-10,23.93343151195569,20
2016-11-11,24.181769106440136,20
2016-11-14,24.30545609789558,20
2016-11-15,24.391031774795184,20
2016-11-16,24.39373368538002,20
2016-11-17,24.45563435747507,20
2016-11-18,24.59335927245943,20
2016-11-21,24.934234325826225,20
2016-11-22,25.216339546134076,20
2016-11-23,24.91560153403905,20
2016-11-24,24.687578565371865,20
2016-11-25,24.779453723421348,20
2016-11-28,24.595224145939945,20
2016-11-29,24.41164804014961,20
2016-11-30,24.401852267603783,20
2016-12-01,24.625003504901617,20
2016-12-02,24.3941422175532,20
2016-12-05,24.413238289018064,20
2016-12-06,24.45659280469655,20
2016-12-07,24.722650819434104,20
2016-12-08,24.716006302252577,20
2016-12-09,24.571604790817865,20
2016-12-12,23.369986986270117,20
2016-12-13,23.444116692347592,20
2016-12-14,23.211386655241764,20
2016-12-15,23.380873351176987,20
2016-12-16,23.684225101310894,20
2016-12-19,23.81138842814074,20
2016-12-20,23.629606414505595,20
2016-12-21,23.832402126897467,20
2016-12-22,24.010112966373654,20
2016-12-23,23.556875644832182,20
2016-12-26,23.69812561610013,20
2016-12-27,23.81000098839643,20
2016-12-28,23.75306272843313,20
2016-12-29,23.59909861209148,20
2016-12-30,23.616169158897712,20
2017-01-03,23.741199601262725,20
2017-01-04,23.852434683876275,20
2017-01-05,23.738709671709856,20
2017-01-06,23.689451093517597,20
2017-01-09,23.77881772623371,20
2017-01-10,23.72492741108114,20
2017-01-11,23.48874084466825,20
2017-01-12,23.345798222547234,20
2017-01-13,22.9571655733338,20
2017-01-16,22.342843219663926,20
2017-01-17,22.574533823834898,20
2017-01-18,22.37636210554673,20
2017-01-19,22.32292076986117,20
2017-01-20,22.590850553703994,20
2017-01-23,22.75309782212643,20
2017-01-24,22.677594920694002,20
2017-01-25,22.73379980103505,20
2017-01-26,22.813306725207863,20
2017-02-03,22.70276340000327,20
2017-02-06,22.90587384676459,20
2017-02-07,22.868231785088557,20
2017-02-08,22.930456861691173,20
2017-02-09,23.17897628606812,20
2017-02-10,23.127353616277396,20
2017-02-13,23.2575174114154,20
2017-02-14,23.216387069326387,20
2017-02-15,23.11462042678183,20
2017-02-16,23.18587554482158,20
2017-02-17,23.066428693442678,20
2017-02-20,23.237112009924793,20
2017-02-21,23.351096851920836,20
2017-02-22,23.466053810733865,20
2017-02-23,23.528512759370265,20
2017-02-24,23.560241721983118,20
2017-02-27,23.47110768992145,20
2017-02-28,23.535773991922774,20
2017-03-01,23.60177285817492,20
2017-03-02,23.603890344582446,20
2017-03-03,23.7075101513216,20
2017-03-06,23.986255930893787,20
2017-03-07,24.026498287355004,20
2017-03-08,23.92538886199458,20
2017-03-09,23.827771402266016,20
2017-03-10,23.93536624752318,20
2017-03-13,24.123161049755527,20
2017-03-14,24.212449398708728,20
2017-03-15,24.380803019482038,20
2017-03-16,24.74495742112411,20
2017-03-17,24.57137039252975,20
2017-03-20,24.7166306163203,20
2017-03-21,24.919178565802287,20
2017-03-22,24.76792474520242,20
2017-03-23,24.889714809660337,20
2017-03-24,24.924987195535643,20
2017-03-27,24.920512151484374,20
2017-03-28,24.947807861615683,20
2017-03-29,24.69047368143939,20
2017-03-30,24.25732189266503,20
2017-03-31,24.505546673317273,20
2017-04-05,24.743602069875685,20
2017-04-06,24.854436426501497,20
2017-04-07,24.746965479818048,20
2017-04-10,24.471650657233127,20
2017-04-11,24.501320114527367,20
2017-04-12,24.39348290408857,20
2017-04-13,24.40333352649739,20
2017-04-14,24.13549636343357,20
2017-04-17,23.79695472562001,20
2017-04-18,23.69827890096515,20
2017-04-19,23.313618168478285,20
2017-04-20,23.199389766078124,20
2017-04-21,23.13530244283222,20
2017-04-24,22.73355755001201,20
2017-04-25,22.79742327702667,20
2017-04-26,22.805975277633276,20
2017-04-27,22.80026286244743,20
2017-04-28,22.930291797309305,20
2017-05-02,22.884492580499455,20
2017-05-03,22.951139563552648,20
2017-05-04,22.921695020549226,20
2017-05-05,22.872269798315255,20
2017-05-08,22.73334048776395,20
2017-05-09,22.747436159973677,20
2017-05-10,22.638264712004098,20
2017-05-11,22.58614067817515,20
2017-05-12,22.5584745159704,20
2017-05-15,22.552653031868722,20
2017-05-16,22.735174479282634,20
2017-05-17,22.77311361178464,20
2017-05-18,22.699169498047244,20
2017-05-19,22.645297426615983,20
2017-05-22,22.442964244733634,20
2017-05-23,22.046326935779845,20
2017-05-24,22.12197240549765,20
2017-05-25,22.133452256667095,20
2017-05-26,22.16716250038627,20
2017-05-31,22.17860225098022,20
2017-06-01,21.917681753458062,20
2017-06-02,22.005126051405046,20
2017-06-05,22.05064142033671,20
2017-06-06,22.092210697513636,20
2017-06-07,22.32520436789588,20
2017-06-08,22.350005687400266,20
2017-06-09,22.352924995277277,20
2017-06-12,22.231867538649293,20
2017-06-13,22.36174993713546,20
2017-06-14,22.375172465559583,20
2017-06-15,22.514527658748666,20
2017-06-16,22.50622581958811,20
2017-06-19,22.520210972283294,20
2017-06-20,22.51781290092964,20
2017-06-21,22.482827298337153,20
2017-06-22,22.382844669595663,20
2017-06-23,22.39229066303024,20
2017-06-26,22.48019354550492,20
2017-06-27,22.500932477857173,20
2017-06-28,22.486682174470236,20
2017-06-29,22.523484077110375,20
2017-06-30,22.563412247005825,20
2017-07-03,22.61437050864929,20
2017-07-04,22.59567725782436,20
2017-07-05,22.68823449510012,20
2017-07-06,22.651561659685655,20
2017-07-07,22.7290213307061,20
2017-07-10,22.62456013782887,20
2017-07-11,22.54484805722388,20
2017-07-12,22.474492785637366,20
2017-07-13,22.50004702286926,20
2017-07-14,22.440184046623333,20
2017-07-17,22.030204581526828,20
2017-07-18,22.064011795904378,20
2017-07-19,22.176638964998695,20
2017-07-20,22.227596008366405,20
2017-07-21,22.183492327782663,20
2017-07-24,22.231429417350537,20
2017-07-25,22.1639932180876,20
2017-07-26,22.163248275346554,20
2017-07-27,22.350114099858946,20
2017-07-28,22.320189725816544,20
2017-07-31,22.386377220279183,20
2017-08-01,22.406353208834833,20
2017-08-02,22.251044722090068,20
2017-08-03,22.234238504642168,20
2017-08-04,22.141670051935503,20
2017-08-07,22.17651835636226,20
2017-08-08,22.191303928018964,20
2017-08-09,22.206472901831127,20
2017-08-10,22.186507707449966,20
2017-08-11,22.114800807393443,20
2017-08-14,22.294295486394613,20
2017-08-15,22.405977866289188,20
2017-08-16,22.51024616709038,20
2017-08-17,22.604051568986254,20
2017-08-18,22.53920873988351,20
2017-08-21,22.572180028456884,20
2017-08-22,22.613562886424255,20
2017-08-23,22.61955367327699,20
2017-08-24,22.57121837640097,20
2017-08-25,22.668548209085788,20
2017-08-28,22.910482252151347,20
2017-08-29,22.915342061308333,20
2017-08-30,22.926813304264467,20
2017-08-31,23.08006937330956,20
2017-09-01,23.062331431367102,20
2017-09-04,23.298922078882057,20
2017-09-05,23.377057575114524,20
2017-09-06,23.337108691958,20
2017-09-07,23.3276490314048,20
2017-09-08,23.271167594400342,20
2017-09-11,23.47172328019892,20
2017-09-12,23.29813518586211,20
2017-09-13,23.273628155581356,20
2017-09-14,23.243088317025048,20
2017-09-15,23.278948609877645,20
2017-09-18,23.399836589628006,20
2017-09-19,23.380438732850237,20
2017-09-20,23.518933357684254,20
2017-09-21,23.384136431467777,20
2017-09-22,23.35142067574255,20
2017-09-25,23.17763168868573,20
2017-09-26,23.039911666778277,20
2017-09-27,23.24244501436156,20
2017-09-28,23.155502226175773,20
2017-09-29,23.326884597455503,20
2017-10-09,23.57610401244064,20
2017-10-10,23.94106750551387,20
2017-10-11,23.960729791826164,20
2017-10-12,23.909570422342213,20
2017-10-13,24.23923933373733,20
2017-10-16,23.847471379252244,20
2017-10-17,23.86369145330442,20
2017-10-18,23.652942706666753,20
2017-10-19,23.448181939401255,20
2017-10-20,23.592226196495055,20
2017-10-23,23.798240412237913,20
2017-10-24,23.711830323528897,20
2017-10-25,23.978962241257893,20
2017-10-26,24.12902106359164,20
2017-10-27,24.141488739767553,20
2017-10-30,23.780674409496218,20
2017-10-31,23.965067085768307,20
2017-11-01,23.998014099277334,20
2017-11-02,23.78021239644615,20
2017-11-03,23.66677311210978,20
2017-11-06,23.895442464032033,20
2017-11-07,23.888928167224805,20
2017-11-08,23.8885086716613,20
2017-11-09,24.11100469737267,20
2017-11-10,24.153117537584247,20
2017-11-13,24.373108338319522,20
2017-11-14,24.11230548723675,20
2017-11-15,24.021155707539737,20
2017-11-16,23.984023845899333,20
2017-11-17,23.072899968860185,20
2017-11-20,23.09088851023752,20
2017-11-21,22.976543333965814,20
2017-11-22,22.889729692704282,20
2017-11-23,22.67696933495924,20
2017-11-24,22.840085175822338,20
2017-11-27,22.617451699453568,20
2017-11-28,22.81282844755402,20
2017-11-29,22.702952624223766,20
2017-11-30,22.700105979075015,20
2017-12-01,22.77403470991311,20
2017-12-04,22.541028283451094,20
2017-12-05,22.30987556528388,20
2017-12-06,22.37704866321174,20
2017-12-07,22.354690229001825,20
2017-12-08,22.47395442256615,20
2017-12-11,22.564011309111123,20
2017-12-12,22.39766328522245,20
2017-12-13,22.469249158046942,20
2017-12-14,22.469886671783698,20
2017-12-15,22.420999710777995,20
2017-12-18,22.37619762932183,20
2017-12-19,22.448409592319223,20
2017-12-20,22.313304950721612,20
2017-12-21,22.296812190786724,20
2017-12-22,22.353702689113916,20
2017-12-25,22.168576016728267,20
2017-12-26,22.306811908247578,20
2017-12-27,22.241429299434444,20
2017-12-28,22.28045062020766,20
2017-12-29,22.37099622894046,20
2018-01-02,22.363131804337506,20
2018-01-03,22.39184782168371,20
2018-01-04,22.37712630245621,20
2018-01-05,22.394324170811693,20
2018-01-08,22.365885247072743,20
2018-01-09,22.398497125167143,20
2018-01-10,22.32518845616518,20
2018-01-11,22.398460790322886,20
2018-01-12,22.3503913710072,20
2018-01-15,22.1759289328597,20
2018-01-16,22.305354858653253,20
2018-01-17,22.329153078749954,20
2018-01-18,22.283142122847597,20
2018-01-19,22.236212243206104,20
2018-01-22,22.350345220416138,20
2018-01-23,22.31607183270226,20
2018-01-24,22.386996345079872,20
2018-01-25,22.3560749504967,20
2018-01-26,22.329970993546787,20
2018-01-29,22.21270110252864,20
2018-01-30,22.186024189016564,20
2018-01-31,22.01293956320683,20
2018-02-01,21.723213113629463,20
2018-02-02,21.676518202333572,20
2018-02-05,21.543709072446784,20
2018-02-06,21.060992330755294,20
2018-02-07,21.119944086619242,20
2018-02-08,21.25790827259525,20
2018-02-09,21.068533995988876,20
2018-02-12,21.31605900906641,20
2018-02-13,21.26644885952255,20
2018-02-14,21.28219856371995,20
2018-02-22,21.467808961372125,20
2018-02-23,21.560329429296278,20
2018-02-26,21.85743792025782,20
2018-02-27,21.94176151460542,20
2018-02-28,21.964684332894194,20
2018-03-01,22.056843424330133,20
2018-03-02,22.015045428700347,20
2018-03-05,22.069951152535914,20
2018-03-06,22.191599336562586,20
2018-03-07,22.14096451141434,20
2018-03-08,22.29593147926457,20
2018-03-09,22.460255570218685,20
2018-03-12,22.520402458470848,20
2018-03-13,22.448897650898036,20
2018-03-14,22.400873531157597,20
2018-03-15,22.28962427597647,20
2018-03-16,22.336683498005737,20
2018-03-19,22.40721018997533,20
2018-03-20,22.43787989218569,20
2018-03-21,22.378177111722934,20
2018-03-22,22.39023634886626,20
2018-03-23,22.084494124061997,20
2018-03-26,22.279516371220666,20
2018-03-27,22.484645641433392,20
2018-03-28,22.46068305861318,20
2018-03-29,22.599102375876996,20
2018-03-30,22.802731421700027,20
2018-04-02,22.827193534569766,20
2018-04-03,22.815504461648445,20
2018-04-04,22.841468584626725,20
2018-04-09,22.850682950741945,20
2018-04-10,22.905342547457522,20
2018-04-11,22.995795603343556,20
2018-04-12,23.043931300264102,20
2018-04-13,23.035748592875017,20
2018-04-16,22.97836002504157,20
2018-04-17,22.84975998489219,20
2018-04-18,22.930344769798392,20
2018-04-19,22.884018151187583,20
2018-04-20,22.688025719398727,20
2018-04-23,22.662834857095245,20
2018-04-24,22.83954717507347,20
2018-04-25,22.90233573383804,20
2018-04-26,22.732967005810128,20
2018-04-27,22.79285957791797,20
2018-05-02,22.75312907177178,20
2018-05-03,22.821383651397053,19
2018-05-04,22.82334286583653,19
2018-05-07,22.927407991871,19
2018-05-08,22.963414764335386,19
2018-05-09,22.989443083894507,19
2018-05-10,23.062858161409675,19
2018-05-11,22.960583055545055,19
2018-05-14,22.923765652778894,19
2018-05-15,22.993881643996808,19
2018-05-16,22.924275712638902,19
2018-05-17,22.9244168357721,19
2018-05-18,22.94337974670195,19
2018-05-21,23.02650658167895,19
2018-05-22,23.035969158158874,19
2018-05-23,23.040552839431005,19
2018-05-24,22.996110236707498,19
2018-05-25,22.983449043122867,19
2018-05-28,22.8900643723933,19
2018-05-29,22.829997912670976,19
2018-05-30,22.604874364011728,19
2018-05-31,22.700506683011877,19
2018-06-01,22.624773706062005,19
2018-06-04,22.65899646419714,20
2018-06-05,22.7236207422275,20
2018-06-06,22.749518204662827,20
2018-06-07,22.67782971589319,20
2018-06-08,22.61272506561972,20
2018-06-11,22.59863875999731,20
2018-06-12,22.622941924198585,20
2018-06-13,22.529075041679356,20
2018-06-14,22.479794147018445,20
2018-06-15,22.337689001385783,20
2018-06-19,21.936428372809093,20
2018-06-20,21.991725604965453,20
2018-06-21,21.853322541763756,20
2018-06-22,21.90520782046815,20
2018-06-25,21.858941556904508,20
2018-06-26,21.930134775550833,20
2018-06-27,21.902810836220866,20
2018-06-28,21.85527845953243,20
2018-06-29,21.98619436483618,20
2018-07-02,21.888881759751023,20
2018-07-03,21.96787064257975,20
2018-07-04,21.90456151513344,20
2018-07-05,21.791423869079964,20
2018-07-06,21.792725558307314,20
2018-07-09,21.894082835373027,20
2018-07-10,21.970394293031447,20
2018-07-11,21.83841612670428,20
2018-07-12,21.955968438260644,20
2018-07-13,21.927747754805722,20
2018-07-16,21.94393860632395,20
2018-07-17,21.975882746588184,20
2018-07-18,21.96798740067594,20
2018-07-19,21.979028285072648,20
2018-07-20,22.00624016812171,20
2018-07-23,22.041695087923827,20
2018-07-24,22.08711918423514,20
2018-07-25,22.08232081128212,20
2018-07-26,22.06399688539941,20
2018-07-27,22.02810059363704,20
2018-07-30,21.992290776162193,20
2018-07-31,21.992546251541793,20
2018-08-01,21.909617163855813,20
2018-08-02,21.809146334907634,20
2018-08-03,21.789234084188823,20
2018-08-06,21.74266739132631,20
2018-08-07,21.822107034596925,20
2018-08-08,21.755766542091013,20
2018-08-09,21.85663456603351,20
2018-08-10,21.868984728474725,20
2018-08-13,21.874033538509597,20
2018-08-14,21.867820826482518,20
2018-08-15,21.820288103841445,20
2018-08-16,21.769027131849498,20
2018-08-17,21.723482899216627,20
2018-08-20,21.764248467669624,20
2018-08-21,21.77187880691183,20
2018-08-22,21.72286962560904,20
2018-08-23,21.75684939360939,20
2018-08-24,21.778942096515106,20
2018-08-27,21.841689927287174,20
2018-08-28,21.80691370678517,20
2018-08-29,21.789921739176435,20
2018-08-30,21.71446279085391,20
2018-08-31,21.65135368772212,20
2018-09-03,21.602421529503193,20
2018-09-04,21.632845336139944,20
2018-09-05,21.571686147775594,20
2018-09-06,21.544009713438037,20
2018-09-07,21.562786073093587,20
2018-09-10,21.48831423108,20
2018-09-11,21.48443389148785,20
2018-09-12,21.47306818994921,20
2018-09-13,21.505757987730664,20
2018-09-14,21.477027493942312,20
2018-09-17,21.380666581634323,20
2018-09-18,21.44500710468986,20
2018-09-19,21.478325223801267,20
2018-09-20,21.45358477762874,20
2018-09-21,21.49783823767373,20
2018-09-25,21.513972944640905,20
2018-09-26,21.541440725698145,20
2018-09-27,21.454875783911575,20
2018-09-28,21.498542621024495,20
2018-10-08,21.36044147470089,20
2018-10-09,21.37180165309035,20
2018-10-10,21.410610011943664,20
2018-10-11,21.144902864840702,20
2018-10-12,21.20577747806212,20
2018-10-15,21.19065225757739,20
2018-10-16,21.147749267005793,20
2018-10-17,21.17253915263256,20
2018-10-18,21.107261609875177,20
2018-10-19,21.158319773716997,20
2018-10-22,21.34637748911628,20
2018-10-23,21.287744701370553,20
2018-10-24,21.287953953616782,20
2018-10-25,21.290533082119936,20
2018-10-26,21.301214320526316,20
2018-10-29,21.26295053222097,20
2018-10-30,21.313536750369828,20
2018-10-31,21.373189670363686,20
2018-11-01,21.331490823717793,20
2018-11-02,21.42208294262945,20
2018-11-05,21.424423536016484,20
2018-11-06,21.43020163771434,20
2018-11-07,21.410333221833312,20
2018-11-08,21.394028183817852,20
2018-11-09,21.387143938895157,20
2018-11-12,21.517475842193345,20
2018-11-13,21.581667023503055,20
2018-11-14,21.598346179917808,20
2018-11-15,21.72476118582488,20
2018-11-16,21.757252806882736,20
2018-11-19,21.772925718016033,20
2018-11-20,21.680350496056473,20
2018-11-21,21.73119104450217,20
2018-11-22,21.758655319933105,20
2018-11-23,21.62180658125794,20
2018-11-26,21.574373946372255,20
2018-11-27,21.610749130516744,20
2018-11-28,21.663888842536686,20
2018-11-29,21.55987818143805,20
2018-11-30,21.628588556282132,20
2018-12-03,21.732047967692544,20
2018-12-04,21.770092804596278,20
2018-12-05,21.753672286775576,20
2018-12-06,21.716536243084253,20
2018-12-07,21.717494020951023,20
2018-12-10,21.67981279570879,20
2018-12-11,21.69425286882092,20
2018-12-12,21.7369851398162,20
2018-12-13,21.770519224230544,20
2018-12-14,21.696323710575093,20
2018-12-17,21.704584637565848,20
2018-12-18,21.664213901036714,20
2018-12-19,21.61641907318923,20
2018-12-20,21.67133619505409,20
2018-12-21,21.667663110182758,20
2018-12-24,21.737897315962073,20
2018-12-25,21.714021271074454,20
2018-12-26,21.723576024128153,20
2018-12-27,21.703404375197,20
2018-12-28,21.69932918805038,20
2019-01-02,21.667601056876325,20
2019-01-03,21.677869503720324,20
2019-01-04,21.76609557768952,20
2019-01-07,21.860330394979574,20
2019-01-08,21.835673235018152,20
2019-01-09,21.829496699863185,20
2019-01-10,21.827192356604503,20
2019-01-11,21.855318777317635,20
2019-01-14,21.855728919722793,20
2019-01-15,21.876932957283294,20
2019-01-16,21.889081526545585,20
2019-01-17,21.833283724297218,20
2019-01-18,21.855240006866868,20
2019-01-21,21.872985864406363,20
2019-01-22,21.874056191374255,20
2019-01-23,21.886494520982204,20
2019-01-24,21.910237431623234,20
2019-01-25,21.884211289717705,20
2019-01-28,21.853224377573188,20
2019-01-29,21.78189071909834,20
2019-01-30,21.725175691383914,20
2019-01-31,21.653404150901434,20
2019-02-01,21.699123265125383,20
2019-02-11,21.772256784706325,19
2019-02-12,21.81889401595549,19
2019-02-13,21.881070855531014,19
2019-02-14,21.89681289435774,19
2019-02-15,21.904330175166614,19
2019-02-18,22.0027386752658,19
2019-02-19,22.01995900177932,19
2019-02-20,22.02062033130029,19
2019-02-21,21.996016367811713,19
2019-02-22,22.073215771106497,19
2019-02-25,22.230599608238478,19
2019-02-26,22.2167883959217,19
2019-02-27,22.233075260718937,19
2019-02-28,22.45553328611564,19
2019-03-01,22.41792760904558,19
2019-03-04,22.540404952337532,20
2019-03-05,22.728393035589093,20
2019-03-06,22.990516544118947,20
2019-03-07,23.186577454426224,20
2019-03-08,22.682729414889796,20
2019-03-11,23.04296233809414,20
2019-03-12,23.23870792979888,20
2019-03-13,23.110194415600095,20
2019-03-14,22.880033411304517,20
2019-03-15,23.045352804486278,20
2019-03-18,23.411048061091904,20
2019-03-19,23.438277943508538,20
2019-03-20,23.54864638426428,20
2019-03-21,23.57721372463707,20
2019-03-22,23.72888188691015,20
2019-03-25,23.71728556471728,20
2019-03-26,23.466447072421794,20
2019-03-27,23.624624763849766,20
2019-03-28,23.51264179191096,20
2019-03-29,23.73463153756747,20
2019-04-01,24.08915560309217,20
2019-04-02,24.116239491242947,20
2019-04-03,24.338760339617576,20
2019-04-04,24.416728562697763,20
2019-04-08,24.280857060599264,20
2019-04-09,24.315926690000644,20
2019-04-10,24.409576523786903,20
2019-04-11,24.070510748607603,20
2019-04-12,24.20373881186616,20
2019-04-15,24.097635535264512,20
2019-04-16,24.183605459874762,20
2019-04-17,24.254723727759153,20
2019-04-18,24.301656588218826,20
2019-04-19,24.516180382356087,20
2019-04-22,24.361239563628278,20
2019-04-23,24.223977020218072,20
2019-04-24,24.443921567318267,20
2019-04-25,24.07809503657381,20
2019-04-26,23.92901043548727,20
2019-04-29,23.728513961061946,20
2019-04-30,23.958473930055355,20
2019-05-06,22.860684307638007,20
2019-05-07,23.08313704610954,20
2019-05-08,23.106506895508357,20
2019-05-09,23.08451883334727,20
2019-05-10,23.563473236372502,20
2019-05-13,23.673244555512625,20
2019-05-14,23.50174595333925,20
2019-05-15,23.761029652128073,20
2019-05-16,23.837530677488477,20
2019-05-17,23.31127450208619,20
2019-05-20,23.162609102151865,20
2019-05-21,23.483682305183205,20
2019-05-22,23.30632219768424,20
2019-05-23,23.070658263748168,20
2019-05-24,23.017573218140207,20
2019-05-27,23.348564406323412,20
2019-05-28,23.52193469863437,20
2019-05-29,23.723653290395344,20
2019-05-30,23.702017988563817,20
2019-05-31,23.739673948080107,20
2019-06-03,23.53789204801577,20
2019-06-04,23.30276193398852,19
2019-06-05,23.382208603337983,19
2019-06-06,23.126465363008975,19
2019-06-10,23.25009329287333,19
2019-06-11,23.722236144108034,19
2019-06-12,23.64432872045519,19
2019-06-13,23.794109473207076,19
2019-06-14,23.520173246824513,19
2019-06-17,23.554105817959318,19
2019-06-18,23.541372129086668,19
2019-06-19,23.70913134396757,19
2019-06-20,23.942651945783293,19
2019-06-21,24.226393172805057,19
2019-06-24,24.280524354000658,19
2019-06-25,24.11187830644861,19
2019-06-26,24.191785586450745,19
2019-06-27,24.346390589772756,19
2019-06-28,24.12888149757936,19
2019-07-01,24.434625523035837,19
2019-07-02,24.588723157371007,20
2019-07-03,24.476244865178938,20
2019-07-04,24.49644446453506,20
2019-07-05,24.56023520414682,20
2019-07-08,24.147664024664792,20
2019-07-09,24.33226244430814,20
2019-07-10,24.336977098464136,20
2019-07-11,24.44005140660419,20
2019-07-12,24.527728385257827,20
2019-07-15,24.563803691186557,20
2019-07-16,24.606152375832362,20
2019-07-17,24.540952720174797,20
2019-07-18,24.211120876255674,20
2019-07-19,24.282437264734842,20
2019-07-22,23.84799429685606,20
2019-07-23,24.008002770683277,20
2019-07-24,24.15684790588462,20
2019-07-25,24.201391216980117,20
2019-07-26,24.237298281667425,20
2019-07-29,24.31273738466914,20
2019-07-30,24.38091758745347,20
2019-07-31,24.32021405913648,20
2019-08-01,24.33050748782791,20
2019-08-02,24.005251899541044,20
2019-08-05,23.8030582372304,20
2019-08-06,23.391211468626416,20
2019-08-07,23.35572920120469,20
2019-08-08,23.41043590935112,20
2019-08-09,23.208220845525577,20
2019-08-12,23.4561392953922,20
2019-08-13,23.365709322269982,20
2019-08-14,23.39843560866784,20
2019-08-15,23.40128082279769,20
2019-08-16,23.593853055881087,20
2019-08-19,23.9791916047209,20
2019-08-20,23.93059073068461,20
2019-08-21,23.937955152441752,20
2019-08-22,24.068373649421,20
2019-08-23,24.020283407482527,20
2019-08-26,23.979437914207924,20
2019-08-27,24.21206989547118,20
2019-08-28,24.203081328508997,20
2019-08-29,24.131661653223137,20
2019-08-30,23.888441992116615,20
2019-09-02,24.160998545957753,20
2019-09-03,24.209479162791173,20
2019-09-04,24.330131204533224,20
2019-09-05,24.398150036122747,20
2019-09-06,24.515697237359646,20
2019-09-09,24.827812689367565,20
2019-09-10,24.88034439248148,20
2019-09-11,24.78573645452132,20
2019-09-12,24.93728233371138,20
2019-09-16,24.98155339806223,20
2019-09-17,24.63930638343759,20
2019-09-18,24.75846372829593,20
2019-09-19,24.98714606242176,20
2019-09-20,25.063083482599925,20
2019-09-23,25.00295417582474,20
2019-09-24,24.92110690568679,20
2019-09-25,24.6850197240103,20
2019-09-26,24.27140683134454,20
2019-09-27,24.448964974215,20
2019-09-30,24.479777889787652,20
2019-10-08,24.528341865087565,20
2019-10-09,24.62933829606,20
2019-10-10,24.877990874680115,20
2019-10-11,24.923329021579605,20
2019-10-14,25.23092176907397,20
2019-10-15,25.258095123595712,20
2019-10-16,25.14858459859468,20
2019-10-17,25.055161177522635,20
2019-10-18,24.962880571397253,20
2019-10-21,24.805144494364544,20
2019-10-22,24.976790317306026,20
2019-10-23,24.891476683723855,20
2019-10-24,24.99073403963622,20
2019-10-25,25.185608541888325,20
2019-10-28,25.302291059007445,20
2019-10-29,25.068087622208147,20
2019-10-30,24.949678342933474,20
2019-10-31,24.896877482907136,20
2019-11-01,24.979297996173205,20
2019-11-04,24.95251248119877,20
2019-11-05,24.988764783903868,20
2019-11-06,24.949536208365846,20
2019-11-07,24.965468418157766,20
2019-11-08,24.945935829328658,20
2019-11-11,24.658912698895744,20
2019-11-12,24.659799453195497,20
2019-11-13,24.661227371104097,20
2019-11-14,24.723542832840423,20
2019-11-15,24.558083671164756,20
2019-11-18,24.58928863440666,20
2019-11-19,24.714906665788682,20
2019-11-20,24.624141868738008,20
2019-11-21,24.617861855166023,20
2019-11-22,24.578785389178485,20
2019-11-25,24.601738909380526,20
2019-11-26,24.582983994836173,20
2019-11-27,24.522560289123856,20
2019-11-28,24.479053663801214,20
2019-11-29,24.492177706466308,20
2019-12-02,24.5102733489794,20
2019-12-03,24.564421126795203,20
2019-12-04,24.629358107247697,20
2019-12-05,24.709688898255855,20
2019-12-06,24.736163351733975,20
2019-12-09,24.739078918861377,20
2019-12-10,24.778326162776224,20
2019-12-11,24.716633675211025,20
2019-12-12,24.67249358662103,20
2019-12-13,24.7915657683746,20
2019-12-16,24.878359163746858,20
2019-12-17,24.930196058214655,20
2019-12-18,24.955701543575145,20
2019-12-19,25.017535155087064,20
2019-12-20,24.972512417715432,20
2019-12-23,24.836652324415045,20
2019-12-24,24.971526360017815,20
2019-12-25,24.99515081539306,20
2019-12-26,25.103903838500493,20
2019-12-27,25.122781567256947,20
2019-12-30,25.193166280705242,20
2019-12-31,25.194781336163604,20
2020-01-02,25.355327244442332,20
2020-01-03,25.432645129801344,20
2020-01-06,25.505100553197618,20
2020-01-07,25.73240987792328,20
2020-01-08,25.60904601054841,20
2020-01-09,25.76624474307277,20
2020-01-10,25.770821858250716,20
2020-01-13,25.99237430954515,20
2020-01-14,26.040211264065316,20
2020-01-15,26.059465709350512,20
2020-01-16,25.902043835054066,20
2020-01-17,25.901265517266804,20
2020-01-20,25.996550628090695,20
2020-01-21,25.899164630232946,20
2020-01-22,25.78905600172952,20
2020-01-23,25.307407214488386,20
2020-02-03,23.621762441977786,20
2020-02-04,23.45206351037846,20
2020-02-05,23.818811832781,20
2020-02-06,24.12826647612977,20
2020-02-07,24.227150676483355,20
2020-02-10,24.497209079988842,20
2020-02-11,24.435192929374818,20
2020-02-12,24.704347848356825,20
2020-02-13,24.466882495409024,20
2020-02-14,24.36217760391311,20
2020-02-17,24.91851741339348,20
2020-02-18,25.098976698583453,20
2020-02-19,25.134467807131113,20
2020-02-20,25.457429703528916,20
2020-02-21,25.62035510771048,20
2020-02-24,25.892603190208977,20
2020-02-25,25.691039036106968,20
2020-02-26,25.6093452184554,20
2020-02-27,25.88697687293881,20
2020-02-28,25.056730910051527,20
2020-03-02,25.684062288607148,20
2020-03-03,25.896626264375193,20
2020-03-04,26.207523052787888,20
2020-03-05,26.536906890247614,20
2020-03-06,26.593421910262244,20
2020-03-09,26.239018828282187,20
2020-03-10,26.606792767633515,20
2020-03-11,26.63929285644675,20
2020-03-12,26.29353187095413,20
2020-03-13,26.1298538159717,20
2020-03-16,25.67833333046205,20
2020-03-17,25.676061674984048,20
2020-03-18,25.459943717568123,20
2020-03-19,25.662388375438887,20
2020-03-20,25.998011996764188,20
2020-03-23,25.484432125796342,20
2020-03-24,25.818290854613952,20
2020-03-25,26.189448306910116,20
2020-03-26,25.96385122486394,20
2020-03-27,26.086107463333907,20
2020-03-30,25.738870431213126,20
2020-03-31,25.740601821506015,20
2020-04-01,25.65876132359258,20
2020-04-02,25.747653713116915,20
2020-04-03,25.72159752828321,20
2020-04-07,25.965137114498756,20
2020-04-08,26.04513621687433,20
2020-04-09,26.086737374123025,20
2020-04-10,25.995569113360272,20
2020-04-13,26.016261412902043,20
2020-04-14,26.055047507179893,20
2020-04-15,26.026965417775727,20
2020-04-16,26.018756424488092,20
2020-04-17,26.112589188191958,20
2020-04-20,26.203034774809332,20
2020-04-21,26.230460593616808,20
2020-04-22,26.289450192122068,20
2020-04-23,26.305188219292845,20
2020-04-24,26.266103879126003,20
2020-04-27,26.232750027853253,20
2020-04-28,26.050651447586265,20
2020-04-29,26.061725860865838,20
2020-04-30,26.14073833911115,20
2020-05-06,26.08303052721374,20
2020-05-07,26.196076313149224,20
2020-05-08,26.396258242474122,20
2020-05-11,26.41595985641927,20
2020-05-12,26.336097185716326,20
2020-05-13,26.543793762556383,20
2020-05-14,26.437617779790443,20
2020-05-15,26.371109432548845,20
2020-05-18,26.35306985607928,20
2020-05-19,26.537172796323915,20
2020-05-20,26.362618669190738,20
2020-05-21,26.326888501052842,20
2020-05-22,26.184782556718186,20
2020-05-25,26.328147320420335,20
2020-05-26,26.630562835805662,20
2020-05-27,26.713356655822885,20
2020-05-28,26.603965073942856,20
2020-05-29,26.73121771923379,20
2020-06-01,27.052951265278885,20
2020-06-02,27.258145033275504,20
2020-06-03,27.31175780030482,20
2020-06-04,27.650388720131104,20
2020-06-05,27.764126331062716,20
2020-06-08,27.767437665681943,20
2020-06-09,27.82574911247196,20
2020-06-10,27.782210642723893,20
2020-06-11,27.696295928989187,20
2020-06-12,27.584687027258127,20
2020-06-15,27.45560063867388,20
2020-06-16,27.600284160410524,20
2020-06-17,27.807296582108748,20
2020-06-18,27.827707154760308,20
2020-06-19,27.93408847483583,20
2020-06-22,27.946563265648336,20
2020-06-23,27.886442925693224,20
2020-06-24,27.8107902189058,20
2020-06-29,27.762398200395214,20
2020-06-30,27.964080193113865,20
2020-07-01,27.968735318914543,20
2020-07-02,28.172186520735572,20
2020-07-03,28.344298671457146,20
2020-07-06,28.993036505518596,20
2020-07-07,29.14915299499388,20
2020-07-08,29.73242246808856,20
2020-07-09,30.276213164329956,20
2020-07-10,30.060341945647874,20
2020-07-13,30.76092377023337,20
2020-07-14,30.849454649984605,20
2020-07-15,30.385532467870615,20
2020-07-16,29.710695865579837,20
2020-07-17,29.771822661737804,20
2020-07-20,30.69077002415039,20
2020-07-21,30.759089727056544,20
2020-07-22,30.735934670384058,20
2020-07-23,30.616226190269114,20
2020-07-24,29.832869572597268,20
2020-07-27,29.666564691059655,20
2020-07-28,29.877958853472386,20
2020-07-29,30.219422078106398,20
2020-07-30,30.409578189783197,20
2020-07-31,30.58067945360247,20
2020-08-03,31.065143237841422,20
2020-08-04,31.044425505964472,20
2020-08-05,31.176638632069125,20
2020-08-06,31.180434784331116,20
2020-08-07,31.046471914993667,20
2020-08-10,31.605016157997,20
2020-08-11,31.290933005389373,20
2020-08-12,31.060804158608928,20
2020-08-13,31.357487220784318,20
2020-08-14,31.76796502167444,20
2020-08-17,32.223994825209495,20
2020-08-18,32.42736220053647,20
2020-08-19,32.2596949630831,20
2020-08-20,32.322780395220306,20
2020-08-21,32.7010465871172,20
2020-08-24,32.83952251055464,20
2020-08-25,33.118640026221,20
2020-08-26,32.97756930912253,20
2020-08-27,33.08616966681937,20
2020-08-28,33.267029902757486,20
2020-08-31,33.09870610185985,20
2020-09-01,33.46991579176728,20
2020-09-02,33.64544235001426,20
2020-09-03,33.51151765812659,20
2020-09-04,33.64642367558544,20
2020-09-07,33.45020562747021,20
2020-09-08,33.80465985013268,20
2020-09-09,33.19977242283956,20
2020-09-10,31.90135827133237,20
2020-09-11,32.21584279653483,20
2020-09-14,32.656964480970494,20
2020-09-15,32.57415950701152,20
2020-09-16,32.49669465383833,20
2020-09-17,32.670569618058934,20
2020-09-18,32.9231850714077,20
2020-09-21,32.87787391453496,20
2020-09-22,32.40158477328165,20
2020-09-23,32.79701912316893,20
2020-09-24,32.10133421218333,20
2020-09-25,32.19323676821196,20
2020-09-28,31.376455101178976,20
2020-09-29,31.420669063347866,20
2020-09-30,31.379879479560277,20
2020-10-09,31.899927111776737,20
2020-10-12,32.497628526127514,20
2020-10-13,32.441721713087695,20
2020-10-14,32.348069261809876,20
2020-10-15,32.472360847973306,20
2020-10-16,32.54334825314011,20
2020-10-19,32.38397606643402,20
2020-10-20,32.62659126104934,20
2020-10-21,32.49836028445946,20
2020-10-22,32.29559165437936,20
2020-10-23,32.055423797809325,20
2020-10-26,32.23569556668791,20
2020-10-27,32.1207956109219,20
2020-10-28,32.11631203536736,20
2020-10-29,32.098914884321466,20
2020-10-30,31.4141613683635,20
2020-11-02,31.443121191741263,20
2020-11-03,31.81859331760338,20
2020-11-04,31.7800387326061,20
2020-11-05,32.07067227782993,20
2020-11-06,31.926323462047737,20
2020-11-09,32.213136697037115,20
2020-11-10,32.07191728044675,20
2020-11-11,31.92457247001515,20
2020-11-12,32.14495603983226,20
2020-11-13,32.28998427146431,20
2020-11-16,32.61895254348597,20
2020-11-17,32.49266362557267,20
2020-11-18,32.598114205168194,20
2020-11-19,32.57706523663946,20
2020-11-20,32.72625596730984,20
2020-11-23,32.82267707107557,20
2020-11-24,32.892329273915074,20
2020-11-25,32.47306009007562,20
2020-11-26,32.4600984009271,20
2020-11-27,32.52142736345302,20
2020-11-30,32.42353029042876,20
2020-12-01,32.60033505167813,20
2020-12-02,32.674672035567525,20
2020-12-03,32.76503907403328,20
2020-12-04,32.75753767527898,20
2020-12-07,32.60267629831686,20
2020-12-08,32.5165036905862,20
2020-12-09,32.18377283354456,20
2020-12-10,32.11974221130697,20
2020-12-11,31.818545612551535,20
2020-12-14,31.91658123385099,20
2020-12-15,31.904851095853218,20
2020-12-16,31.608021741848074,20
2020-12-17,31.731995488320525,20
2020-12-18,31.527967098127004,20
2020-12-21,31.521761909893705,20
2020-12-22,31.20330611522998,20
2020-12-23,31.14803822403314,20
2020-12-24,30.70975389293607,20
2020-12-25,30.973353955623836,20
2020-12-28,30.641047565087433,20
2020-12-29,30.614324455552484,20
2020-12-30,30.724606441966102,20
2020-12-31,30.868579953828203,20
2021-01-04,30.86759458125373,20
2021-01-05,30.774532199998568,20
2021-01-06,30.36803336197354,20
2021-01-07,29.78140203722164,20
2021-01-08,29.729818433058647,20
2021-01-11,29.306436257754154,20
2021-01-12,29.368893923658817,20
2021-01-13,28.957869654288192,20
2021-01-14,29.094174360443912,20
2021-01-15,29.37399420769629,20
2021-01-18,29.725280027023114,20
2021-01-19,29.81570727547054,20
2021-01-20,29.74952008540236,20
2021-01-21,29.775159567933432,20
2021-01-22,29.568948571389697,20
2021-01-25,29.15628954975847,20
2021-01-26,29.167180418501186,20
2021-01-27,29.283376561737864,20
2021-01-28,29.129417644476856,20
2021-01-29,28.99701827930269,20
2021-02-01,29.0409904686379,20
2021-02-02,29.06574671154047,20
2021-02-03,28.92789374085572,20
2021-02-04,28.699288754073606,20
2021-02-05,28.610619560065135,20
2021-02-08,28.597572398387236,20
2021-02-09,28.753474471967955,20
2021-02-10,28.80330776700848,20
2021-02-18,29.094498642641817,20
2021-02-19,29.367187740696007,20
2021-02-22,29.486613874265988,20
2021-02-23,29.442508555946443,20
2021-02-24,29.472140618456944,20
2021-02-25,29.38550264185809,20
2021-02-26,29.433167203970132,20
2021-03-01,29.57024523119545,20
2021-03-02,29.471871327554553,20
2021-03-03,29.566529878783143,20
2021-03-04,29.570076092781907,20
2021-03-05,29.65404746868237,20
2021-03-08,29.567675784944118,20
2021-03-09,29.44977272452202,20
2021-03-10,29.289620931624487,20
2021-03-11,29.417923874627608,20
2021-03-12,29.428347057834408,20
2021-03-15,29.45019900949842,20
2021-03-16,29.576473295451716,20
2021-03-17,29.65366436312685,20
2021-03-18,29.698875093838407,20
2021-03-19,29.689374231178327,20
2021-03-22,29.806243268569528,20
2021-03-23,29.70579909041864,20
2021-03-24,29.702901958545763,20
2021-03-25,29.66226953886215,20
2021-03-26,29.783155040388593,20
2021-03-29,29.81911749754104,20
2021-03-30,29.74695061267892,20
2021-03-31,29.768932790341072,20
2021-04-01,29.703544604907535,20
2021-04-02,29.70588481401126,20
2021-04-06,29.825304633486738,20
2021-04-07,29.87222609526252,20
2021-04-08,29.78742547008385,20
2021-04-09,29.7767307820527,20
2021-04-12,29.705821154681665,20
2021-04-13,29.615645881730405,20
2021-04-14,29.759820078937462,20
2021-04-15,29.75455666445463,20
2021-04-16,29.851507152638156,20
2021-04-19,29.97009449955897,20
2021-04-20,29.96105501586996,20
2021-04-21,29.98200169963051,20
2021-04-22,30.07747673094021,20
2021-04-23,30.04317290004383,20
2021-04-26,29.983504547623692,20
2021-04-27,29.89066325727228,20
2021-04-28,29.897106052783588,20
2021-04-29,29.958377296487555,20
2021-04-30,29.832956082941752,20
2021-05-06,29.768933567982987,20
2021-05-07,29.790725595958538,20
2021-05-10,29.779673195047625,20
2021-05-11,29.786539905101332,20
2021-05-12,29.811013525970925,20
2021-05-13,29.852763336535336,20
2021-05-14,29.97545865523216,20
2021-05-17,29.955673452977056,20
2021-05-18,30.015247031785623,20
2021-05-19,30.03980602346546,20
2021-05-20,29.98195099077657,20
2021-05-21,30.007532767729813,20
2021-05-24,29.96535571186785,20
2021-05-25,30.07316182719755,20
2021-05-26,30.15173747445408,20
2021-05-27,30.2287502152804,20
2021-05-28,30.1549373201414,20
2021-05-31,30.39978748629101,20
2021-06-01,30.411672344409315,20
2021-06-02,30.32028460106413,20
2021-06-03,30.317304971563242,20
2021-06-04,30.35045243750615,20
2021-06-07,30.5816396219073,20
2021-06-08,30.689467971120955,20
2021-06-09,30.72390486181589,20
2021-06-10,30.75553162425811,20
2021-06-11,30.783403325990808,20
2021-06-15,30.562940652076918,20
2021-06-16,30.236988706402162,20
2021-06-17,30.204220072917625,20
2021-06-18,30.31892084728095,20
2021-06-21,30.479683508250066,20
2021-06-22,30.610530651579392,20
2021-06-23,30.58027157818605,20
2021-06-24,30.473978819646323,20
2021-06-25,30.46965585803139,20
2021-06-28,30.69582948602901,20
2021-06-29,30.653677447173788,20
2021-06-30,30.816212876678318,20
2021-07-01,30.659091556131987,20
2021-07-02,30.529470369764905,20
2021-07-05,30.874697043451818,20
2021-07-06,30.796653152142778,20
2021-07-07,30.86428243839378,20
2021-07-08,30.63730112111323,20
2021-07-09,30.91617944520458,20
2021-07-12,31.180275138320262,20
2021-07-13,31.264106077161838,20
2021-07-14,31.16229377407218,20
2021-07-15,30.952899881962846,20
2021-07-16,30.883720626020825,20
2021-07-19,30.95898549574213,20
2021-07-20,31.02391095394876,20
2021-07-21,31.301145985850905,20
2021-07-22,31.44381576296353,20
2021-07-23,31.135773078032976,20
2021-07-26,30.81577798504349,20
2021-07-27,30.552772236064907,20
2021-07-28,30.223503987338447,20
2021-07-29,30.572700306390395,20
2021-07-30,30.871252980535253,20
2021-08-02,31.192533785105354,20
2021-08-03,31.254081003382176,20
2021-08-04,31.41112489763162,20
2021-08-05,31.409146868053316,20
2021-08-06,31.307695429625447,20
2021-08-09,31.626179189457545,20
2021-08-10,31.837695941446146,20
2021-08-11,32.064841794593015,20
2021-08-12,32.12534539153258,20
2021-08-13,32.09933811850184,20
2021-08-16,32.36511667343853,20
2021-08-17,31.920565690203233,20
2021-08-18,32.13550553118925,20
2021-08-19,32.025110576708556,20
2021-08-20,31.93801879972934,20
2021-08-23,32.539511626974544,20
2021-08-24,32.5316013325431,20
2021-08-25,32.857663269206505,20
2021-08-26,32.79335632859796,20
2021-08-27,32.66179722723958,20
2021-08-30,32.44687285574961,20
2021-08-31,32.5306524987775,20
2021-09-01,32.645114636039125,20
2021-09-02,32.857335519991025,20
2021-09-03,32.974603901122556,20
2021-09-06,33.14115435438829,20
2021-09-07,33.32421377884732,20
2021-09-08,33.280276450536796,20
2021-09-09,33.26088527137501,20
2021-09-10,33.112134826532476,20
2021-09-13,33.225968570936494,20
2021-09-14,32.814557682962004,20
2021-09-15,32.88242484564541,20
2021-09-16,32.70774929268374,20
2021-09-17,32.65623230608053,20
2021-09-22,32.86501886424696,20
2021-09-23,32.96872489683029,20
2021-09-24,32.55540432717563,20
2021-09-27,31.883650995175522,20
2021-09-28,31.935510858514736,20
2021-09-29,31.631924390566166,20
2021-09-30,31.940558014762264,20
2021-10-08,32.37201428927717,20
2021-10-11,32.3872386824053,20
2021-10-12,32.24399066048083,20
2021-10-13,32.29125583294642,20
2021-10-14,32.37265636098716,20
2021-10-15,32.269193359507014,20
2021-10-18,32.224537447337724,20
2021-10-19,32.1360580863366,20
2021-10-20,32.09790616792524,20
2021-10-21,31.915160201798667,20
2021-10-22,31.80958717239712,20
2021-10-25,31.77023153705809,20
2021-10-26,31.67500425449067,20
2021-10-27,31.32700081305747,20
2021-10-28,31.124715628731746,20
2021-10-29,31.299066132391097,20
2021-11-01,31.58467814656508,20
2021-11-02,31.45716956281696,20
2021-11-03,31.61846953320897,20
2021-11-04,31.852207844563292,20
2021-11-05,31.876713120947795,20
2021-11-08,31.983126301832442,20
2021-11-09,32.2148263954402,20
2021-11-10,32.3795976046081,20
2021-11-11,32.563150003304294,20
2021-11-12,32.71930426877643,20
2021-11-15,33.07755218995445,20
2021-11-16,33.000402769882825,20
2021-11-17,33.31327225227862,20
2021-11-18,33.0121415674664,20
2021-11-19,33.36551323701904,20
2021-11-22,33.442760221133945,20
2021-11-23,33.54102350496855,20
2021-11-24,33.564272562063536,20
2021-11-25,33.74945380228852,20
2021-11-26,33.58858250385575,20
2021-11-29,33.42988817049034,20
2021-11-30,33.803937738096685,20
2021-12-01,33.956669209419644,20
2021-12-02,33.82180189628533,20
2021-12-03,33.721530086043686,20
2021-12-06,33.20817623652133,20
2021-12-07,33.19969578477608,20
2021-12-08,33.274109271479,20
2021-12-09,33.56563994705022,20
2021-12-10,33.66034000913416,20
2021-12-13,33.6763760317626,20
2021-12-14,33.95405903343732,20
2021-12-15,34.010609830396795,20
2021-12-16,34.159322925015815,20
2021-12-17,34.179910723126774,20
2021-12-20,34.24791802357697,20
2021-12-21,34.481658675280585,20
2021-12-22,34.64336022119534,20
2021-12-23,34.45594467044691,20
2021-12-24,33.96632399381899,20
2021-12-27,34.23031657096147,20
2021-12-28,34.419702807534165,20
2021-12-29,34.37609894530303,20
2021-12-30,34.4697687563275,20
2021-12-31,34.6877282918788,20
2022-01-04,35.20292275428937,20
2022-01-05,34.91947022176465,20
2022-01-06,35.15370421877862,20
2022-01-07,34.907430347026164,20
2022-01-10,35.25742546804456,20
2022-01-11,35.24395936028937,20
2022-01-12,35.60241082864217,20
2022-01-13,35.438505529921954,20
2022-01-14,35.04606161953472,20
2022-01-17,35.589658548612014,20
2022-01-18,35.134567293381544,20
2022-01-19,35.45830162183332,20
2022-01-20,34.6090593905613,20
2022-01-21,34.37949242693428,20
2022-01-24,34.14680860576572,20
2022-01-25,33.08568369228039,20
2022-01-26,33.47599285525538,20
2022-01-27,32.76818988583899,20
2022-01-28,33.249268310216245,20
2022-02-07,33.80448218401814,20
2022-02-08,34.1863475735093,20
2022-02-09,34.225214956702025,20
2022-02-10,34.16180956805414,20
2022-02-11,33.94103155510009,20
2022-02-14,33.993762986529184,20
2022-02-15,33.94693684209693,20
2022-02-16,34.366679289714384,20
2022-02-17,34.205128732094785,20
2022-02-18,34.4406870369876,20
2022-02-21,34.83971308662169,20
2022-02-22,34.721167828756215,20
2022-02-23,34.891793417089815,20
2022-02-24,34.40382317224685,20
2022-02-25,34.73822050854665,20
2022-02-28,34.53577956531013,20
2022-03-01,34.81717074133666,20
2022-03-02,35.080590687572595,20
2022-03-03,35.32885636036218,20
2022-03-04,35.031240472438874,20
2022-03-07,34.561533421622016,20
2022-03-08,33.88249323932732,20
2022-03-09,33.541920111663764,20
2022-03-10,33.71434054053162,20
2022-03-11,33.81955003992024,20
2022-03-14,33.29969201778406,20
2022-03-15,32.46622337742143,20
2022-03-16,32.850548283943965,20
2022-03-17,33.22295350305211,20
2022-03-18,33.439626345413956,20
2022-03-21,33.6615654756657,20
2022-03-22,33.67132152667669,20
2022-03-23,33.64359967241387,20
2022-03-24,33.501570860356956,20
2022-03-25,33.51283556488959,20
2022-03-28,33.428597794175495,20
2022-03-29,33.162594235395254,20
2022-03-30,33.43063774931838,20
2022-03-31,33.54434529740776,20
2022-04-01,33.47299389668335,20
2022-04-06,33.60393616890883,20
2022-04-07,33.45868652362232,20
2022-04-08,33.421366831545456,20
2022-04-11,33.24831773996336,20
2022-04-12,33.410984035522475,20
2022-04-13,33.223397904699496,20
2022-04-14,33.31537222449399,20
2022-04-15,33.16157085274447,20
2022-04-18,33.26682207741253,20
2022-04-19,33.29751948212943,20
2022-04-20,33.39371994392643,20
2022-04-21,33.22667559439872,20
2022-04-22,33.25205497178318,20
2022-04-25,32.634904880302834,20
2022-04-26,32.32077433859152,20
2022-04-27,32.320968067318496,20
2022-04-28,32.16578308250977,20
2022-04-29,32.603019678836326,20
2022-05-05,32.69343222273151,20
2022-05-06,32.659796900465594,19
2022-05-09,32.80920305216549,19
2022-05-10,32.93678243878087,19
2022-05-11,32.905346686267265,19
2022-05-12,33.00715705652375,19
2022-05-13,33.03720973623935,19
2022-05-16,33.006109631164385,19
2022-05-17,33.01977262784687,19
2022-05-18,33.12381783083703,19
2022-05-19,33.174573166033056,19
2022-05-20,33.23682687847693,19
2022-05-23,33.327767347317476,19
2022-05-24,33.06544677822592,19
2022-05-25,33.18683325661012,19
2022-05-26,33.19955399373696,19
2022-05-27,33.15122765759627,19
2022-05-30,33.16712601253541,19
2022-05-31,33.221767604798266,19
2022-06-01,33.34066235317529,19
2022-06-02,33.46956307130706,20
2022-06-06,33.599536980267,20
2022-06-07,33.54715577314823,20
2022-06-08,33.46915414403716,20
2022-06-09,33.332152956472925,20
2022-06-10,33.373238032035424,20
2022-06-13,33.36256168805699,20
2022-06-14,33.33377392776429,20
2022-06-15,33.32645005613376,20
2022-06-16,33.38165600739834,20
2022-06-17,33.39494299665324,20
2022-06-20,33.52514062974821,20
2022-06-21,33.53459809972076,20
2022-06-22,33.448045482036726,20
2022-06-23,33.56897330516665,20
2022-06-24,33.66488890697379,20
2022-06-27,33.773197594252785,20
2022-06-28,33.85086590026648,20
2022-06-29,33.699177217952844,20
2022-06-30,33.76206712305877,20
2022-07-01,33.71326840695562,20
2022-07-04,33.71959642198242,20
2022-07-05,33.52366871937074,20
2022-07-06,33.47921042933644,20
2022-07-07,33.366275620419806,20
2022-07-08,33.64475612894065,20
2022-07-11,33.57330263015232,20
2022-07-12,33.34197717257623,20
2022-07-13,33.62700713439946,20
2022-07-14,33.892925451748845,20
2022-07-15,33.602699639689696,20
2022-07-18,34.247958101039,20
2022-07-19,34.481446067597524,20
2022-07-20,34.42763796126621,20
2022-07-21,34.412829077966045,20
2022-07-22,34.345156424714084,20
2022-07-25,34.23340113851443,20
2022-07-26,34.39845716186293,20
2022-07-27,34.54539926982098,20
2022-07-28,34.710085998930964,20
2022-07-29,34.650529520691514,20
2022-08-01,34.70637553307369,20
2022-08-02,33.977742333546196,20
2022-08-03,33.914666174266735,20
2022-08-04,34.1255673511898,20
2022-08-05,34.329550898814475,20
2022-08-08,34.66642722977867,20
2022-08-09,34.77104707650459,20
2022-08-10,34.869302401934746,20
2022-08-11,35.0374905883303,20
2022-08-12,34.873750057233615,20
2022-08-15,34.84245294171838,20
2022-08-16,35.24934006680149,20
2022-08-17,35.36717873598114,20
2022-08-18,35.61876660922016,20
2022-08-19,35.29291380708093,20
2022-08-22,35.343795735435414,20
2022-08-23,35.408755578531355,20
2022-08-24,34.89821294175892,20
2022-08-25,34.61693634950907,20
2022-08-26,34.4988813335219,20
2022-08-29,34.81297828191146,20
2022-08-30,34.73113905402099,20
2022-08-31,34.46351631562627,20
2022-09-01,34.4093277408517,20
2022-09-02,34.533244327773374,20
2022-09-05,34.605855021302695,20
2022-09-06,34.62178010039309,20
2022-09-07,34.69681407455641,20
2022-09-08,34.61131956267855,20
2022-09-09,34.630267716412,20
2022-09-13,34.6683950354917,20
2022-09-14,34.65914094379908,20
2022-09-15,34.41956850236425,20
2022-09-16,34.18995781817694,20
2022-09-19,33.91916217823431,20
2022-09-20,34.048330826996505,20
2022-09-21,34.15524240056828,20
2022-09-22,34.18679564671659,20
2022-09-23,34.096857610603216,20
2022-09-26,33.87715288058506,20
2022-09-27,34.1504411372709,20
2022-09-28,34.03270220193341,20
2022-09-29,33.96302451374751,20
2022-09-30,33.81130484881812,20
2022-10-10,33.66550123503071,20
2022-10-11,33.706164727327526,20
2022-10-12,33.92161216921715,20
2022-10-13,34.049371356207274,20
2022-10-14,34.17822887793801,20
2022-10-17,34.37144321621595,20
2022-10-18,34.396528073486344,20
2022-10-19,34.35656587768944,20
2022-10-20,34.33017055565145,20
2022-10-21,34.37442860505215,20
2022-10-24,34.3234459041855,20
2022-10-25,34.37346623925848,20
2022-10-26,34.557747205106146,20
2022-10-27,34.524753833559444,20
2022-10-28,34.29742784616471,20
2022-10-31,34.385510510379085,20
2022-11-01,34.47837687971702,20
2022-11-02,34.57647755835835,20
2022-11-03,34.60224159686279,20
2022-11-04,34.68252802145459,20
2022-11-07,34.71706059390088,20
2022-11-08,34.68883351352672,20
2022-11-09,34.675875627840455,20
2022-11-10,34.735645562325686,20
2022-11-11,34.73487402999725,20
2022-11-14,34.770305954701584,20
2022-11-15,34.88515323246602,20
2022-11-16,34.896254150046026,20
2022-11-17,34.9156601214063,20
2022-11-18,34.87010381604454,20
2022-11-21,34.93682147196469,20
2022-11-22,34.89191675203878,20
2022-11-23,34.78817980901981,20
2022-11-24,34.82855011319849,20
2022-11-25,34.77196489560948,20
2022-11-28,34.68814208214648,20
2022-11-29,34.808493085381635,20
2022-11-30,34.82667019704681,20
2022-12-01,34.79802438724242,20
2022-12-02,34.91218684120612,20
2022-12-05,34.99772144831435,20
2022-12-06,34.93615918669538,20
2022-12-07,34.86359181313871,20
2022-12-08,34.84949601201845,20
2022-12-09,34.78799461457776,20
2022-12-12,34.744760074286496,20
2022-12-13,34.78997906650963,20
2022-12-14,34.775014582653384,20
2022-12-15,34.80332263064646,20
2022-12-16,34.65432236056978,20
2022-12-19,34.335405027725905,20
2022-12-20,34.41546348486042,20
2022-12-21,34.374532101162316,20
2022-12-22,34.06937751397858,20
2022-12-23,33.995346850465246,20
2022-12-26,34.17997626666457,20
2022-12-27,34.22187966090287,20
2022-12-28,34.029807575472276,20
2022-12-29,33.959003873088456,20
2022-12-30,34.03037605364283,20
2023-01-03,34.26101851217538,20
2023-01-04,34.40002375470416,20
2023-01-05,34.47538938180849,20
2023-01-06,34.48518910518741,20
2023-01-09,34.49522347220115,20
2023-01-10,34.44620038206831,20
2023-01-11,34.315315286877265,20
2023-01-12,34.35736260322826,20
2023-01-13,34.40605650633356,20
2023-01-16,34.521569458265276,20
2023-01-17,34.5195692416822,20
2023-01-18,34.60841121150637,20
2023-01-19,34.68377801803078,20
2023-01-20,34.716676701711215,20
2023-01-30,34.91269497633873,20
2023-01-31,35.097643886294236,20
2023-02-01,35.35773282157795,20
2023-02-02,35.5183452045138,20
2023-02-03,35.45380172373025,20
2023-02-06,35.48296744867469,20
2023-02-07,35.66463581000559,20
2023-02-08,35.6598576564915,20
2023-02-09,35.90004102923,20
2023-02-10,35.93244797002183,20
2023-02-13,36.30714509966034,20
2023-02-14,36.39819364658713,20
2023-02-15,36.48037965305995,20
2023-02-16,35.91949226971217,20
2023-02-17,36.094672247329946,20
2023-02-20,36.22726445979438,20
2023-02-21,36.329263049836875,20
2023-02-22,36.48994192565011,20
2023-02-23,36.476545450919524,20
2023-02-24,36.55933122487252,20
2023-02-27,36.25723072257319,20
2023-02-28,36.531195368220864,20
2023-03-01,36.65888187424167,20
2023-03-02,36.58255747696266,20
2023-03-03,36.5177274025796,20
2023-03-06,36.589747548924606,20
2023-03-07,36.125599226738366,20
2023-03-08,36.41365047823466,20
2023-03-09,36.92335415385571,20
2023-03-10,36.74869735621316,20
2023-03-13,36.639645977166374,20
2023-03-14,36.195126207573175,20
2023-03-15,36.52301707238878,20
2023-03-16,36.18199446649962,20
2023-03-17,36.340367360943944,20
2023-03-20,36.267162409526456,20
2023-03-21,36.777668905154215,20
2023-03-22,36.94161486888244,20
2023-03-23,36.81748794860398,20
2023-03-24,36.754790098181935,20
2023-03-27,36.68835742997712,20
2023-03-28,36.46510090153662,20
2023-03-29,36.27657669747298,20
2023-03-30,35.93708644542142,20
2023-03-31,36.15240661054542,20
2023-04-03,36.22555917417582,20
2023-04-04,35.60628757293175,20
2023-04-06,35.473928784217385,20
2023-04-07,35.58227323098281,20
2023-04-10,35.44298734783199,20
2023-04-11,35.23721596823927,20
2023-04-12,35.50407639244108,20
2023-04-13,35.476139428562554,20
2023-04-14,35.51370972326578,20
2023-04-17,35.60452725739814,20
2023-04-18,35.37907182652067,20
2023-04-19,35.144191463986715,20
2023-04-20,34.84841951739035,20
2023-04-21,34.50353963816942,20
2023-04-24,34.398066853027935,20
2023-04-25,33.90774769993781,20
2023-04-26,34.302902736648356,20
2023-04-27,34.32957074229534,20
2023-04-28,34.9481966104768,20
2023-05-04,35.48111968752327,20
2023-05-05,35.292540234659796,20
2023-05-08,35.35314343679656,20
2023-05-09,34.91743873040041,20
2023-05-10,35.11542652372098,20
2023-05-11,35.529902400177924,20
2023-05-12,35.5636710008497,20
2023-05-15,35.82245971161079,20
2023-05-16,35.872826088367226,20
2023-05-17,36.42248548410922,20
2023-05-18,36.44940505189754,20
2023-05-19,36.456730986939704,20
2023-05-22,36.85184125578355,20
2023-05-23,36.86614124020917,20
2023-05-24,37.673630197503286,20
2023-05-25,38.06175853150716,20
2023-05-26,38.35322450364292,20
2023-05-29,38.329794434434056,20
2023-05-30,38.48399419699928,20
2023-05-31,37.89874096827816,20
2023-06-01,37.68535158445197,20
2023-06-02,37.82246405084704,20
2023-06-05,37.94836502281604,20
2023-06-06,37.526783454940876,20
2023-06-07,37.561553053091004,20
2023-06-08,37.40543212042237,20
2023-06-09,37.325063016818966,20
2023-06-12,37.88717348553751,20
2023-06-13,38.1407068059553,20
2023-06-14,37.96002485728878,20
2023-06-15,37.99296707808278,20
2023-06-16,37.879660927407485,20
2023-06-19,37.86631731448449,20
2023-06-20,37.765970866595936,20
2023-06-21,37.63395229392969,20
2023-06-26,37.34529387806149,20
2023-06-27,37.88164550295798,20
2023-06-28,38.03912214686557,20
2023-06-29,38.50657922780001,20
2023-06-30,38.676262696647804,20
2023-07-03,38.59979647652671,20
2023-07-04,38.819947806502206,20
2023-07-05,38.8650898293702,20
2023-07-06,38.89453899297976,20
2023-07-07,38.83051505649539,20
2023-07-10,38.91345840099665,20
2023-07-11,39.16084506307395,20
2023-07-12,38.999186966163165,20
2023-07-13,39.16378558444773,20
2023-07-14,39.131610232161734,20
2023-07-17,39.20677857717498,20
2023-07-18,39.41769578483325,20
2023-07-19,39.37313154925487,20
2023-07-20,39.18138867981314,20
2023-07-21,38.99662152822857,20
2023-07-24,39.03750661051381,20
2023-07-25,39.38753362235252,20
2023-07-26,39.570975432769266,20
2023-07-27,39.33883717753342,20
2023-07-28,39.472030711405196,20
2023-07-31,39.489013018946046,20
2023-08-01,39.205427556936144,20
2023-08-02,39.18595792551089,20
2023-08-03,38.90404989550638,20
2023-08-04,38.67968593669229,20
2023-08-07,38.41811944164988,20
2023-08-08,38.44507647527029,20
2023-08-09,38.24887958679548,20
2023-08-10,38.4858927341386,20
2023-08-11,38.25380014341562,20
2023-08-14,38.28020951316846,20
2023-08-15,38.385913999316855,20
2023-08-16,38.25760303030734,20
2023-08-17,38.574487237807226,20
2023-08-18,38.79272665126749,20
2023-08-21,38.83025985344847,20
2023-08-22,38.416000738524765,20
2023-08-23,38.170935727315864,20
2023-08-24,37.97958471416808,20
2023-08-25,37.517208572059374,20
2023-08-28,37.92727959999933,20
2023-08-29,38.8339026484951,20
2023-08-30,39.142848989074444,20
2023-08-31,39.06903235966542,20
2023-09-01,39.13400392378991,20
2023-09-04,39.26649754491936,20
2023-09-05,39.20484415891506,20
2023-09-06,39.3149375257145,20
2023-09-07,39.112263368958196,20
2023-09-08,39.159032644668656,20
2023-09-11,39.16898000683412,20
2023-09-12,39.203122276665056,20
2023-09-13,39.19760420878615,20
2023-09-14,39.14306301961289,20
2023-09-15,39.13288325031523,20
2023-09-18,39.283588097966124,20
2023-09-19,39.100345145401064,20
2023-09-20,39.052189809387926,20
2023-09-21,38.9610441700925,20
2023-09-22,39.137853545046546,20
2023-09-25,39.068942787747524,20
2023-09-26,39.00460253873446,20
2023-09-27,39.04252745027496,20
2023-09-28,39.14144403913821,20
2023-10-09,39.018991061650986,20
2023-10-10,38.897000624829836,20
2023-10-11,38.86475515434397,20
2023-10-12,38.89033584603942,20
2023-10-13,38.755785622616614,20
2023-10-16,38.704331011758505,20
2023-10-17,38.719792805040704,20
2023-10-18,38.51082812799176,20
2023-10-19,38.513293515906554,20
2023-10-20,38.462218817667704,20
2023-10-23,38.187025306540335,20
2023-10-24,38.57285168964323,20
2023-10-25,38.71062304812175,20
2023-10-26,38.709724979288325,20
2023-10-27,38.88070413353053,20
2023-10-30,38.879019349691475,20
2023-10-31,38.925543323543366,20
2023-11-01,38.92876808727117,20
2023-11-02,38.87975173815536,20
2023-11-03,38.98045244915116,20
2023-11-06,39.02774563303298,20
2023-11-07,39.04110685762619,20
2023-11-08,39.050483494461,20
2023-11-09,39.02474430722694,20
2023-11-10,39.06006919911628,20
2023-11-13,39.150885861037246,20
2023-11-14,39.15326851006988,20
2023-11-15,39.201848733853396,20
2023-11-16,39.150113835443925,20
2023-11-17,39.19368240518153,20
2023-11-20,39.28397158969291,20
2023-11-21,39.21398907757401,20
2023-11-22,39.162173562360884,20
2023-11-23,39.24481133148937,20
2023-11-24,39.144317709503234,20
2023-11-27,39.11570752858481,20
2023-11-28,39.31551034597456,20
2023-11-29,39.28979439354771,20
2023-11-30,39.17783408682605,20
2023-12-01,39.12668016111508,20
2023-12-04,39.10244554585399,20
2023-12-05,38.86740192425031,20
2023-12-06,38.93682275940497,20
2023-12-07,38.88885771800038,20
2023-12-08,38.56237111676499,20
2023-12-11,38.686295834796645,20
2023-12-12,38.71430399082501,20
2023-12-13,38.65320948263504,20
2023-12-14,38.74932702360999,20
2023-12-15,38.74781973827739,20
2023-12-18,38.560641094165945,20
2023-12-19,38.57520925382695,20
2023-12-20,38.598991630600054,20
2023-12-21,38.78368763312589,20
2023-12-22,38.647069957788354,20
2023-12-25,38.452216635288266,20
2023-12-26,38.2969179461252,20
2023-12-27,38.433023612264854,20
2023-12-28,38.74936670150972,20
2023-12-29,38.91355760461599,20
2024-01-02,38.98232385063519,20
2024-01-03,38.95294617304754,19
2024-01-04,38.97822050678775,19
2024-01-05,38.88420099356882,19
2024-01-08,38.74202167228084,19
2024-01-09,38.84122657640187,19
2024-01-10,38.769935326390545,19
2024-01-11,38.84242689004065,19
2024-01-12,38.82385254064674,19
2024-01-15,38.80976539165093,19
2024-01-16,38.77176220129411,19
2024-01-17,38.6692635464128,19
2024-01-18,38.5637672094588,19
2024-01-19,38.52267831410181,19
2024-01-22,38.042198046429334,19
2024-01-23,37.99272526343043,19
2024-01-24,38.0404711116929,19
2024-01-25,38.31419787312452,19
2024-01-26,38.326392733212984,19
2024-01-29,38.05133194085018,19
2024-01-30,37.72194468680031,19
2024-01-31,37.31790539190834,19
2024-02-01,37.11901782826521,19
2024-02-02,36.67336234704703,20
2024-02-05,35.82118138015238,20
2024-02-06,35.939764343142265,20
2024-02-07,35.59837317664654,20
2024-02-08,36.435081722726025,20
2024-02-19,36.67236284010437,20
2024-02-20,36.71892965232299,20
2024-02-21,36.84753007747133,20
2024-02-22,37.036888589198504,20
2024-02-23,37.29174181881502,20
2024-02-26,37.48862995008205,20
2024-02-27,37.66627362391066,20
2024-02-28,37.04478175105572,20
2024-02-29,37.35469582812365,20
2024-03-01,37.34644666053741,20
2024-03-04,37.37753289322958,20
2024-03-05,37.19871314790076,20
2024-03-06,37.28837957221899,20
2024-03-07,37.33996199192501,20
2024-03-08,37.40152293393236,20
2024-03-11,37.590121136767785,20
2024-03-12,37.71430816105961,20
2024-03-13,37.663365629226895,20
2024-03-14,37.662453733849716,20
2024-03-15,37.743777761836746,20
2024-03-18,37.888806710488005,20
2024-03-19,37.86175449487887,20
2024-03-20,37.92145472874705,20
2024-03-21,37.90490199040626,20
2024-03-22,37.75919959829909,20
2024-03-25,37.648128038855326,20
2024-03-26,37.665927206287755,20
2024-03-27,37.5330994912523,20
2024-03-28,37.6554254027077,20
2024-03-29,37.79596047524909,20
2024-04-01,38.06696920554318,20
2024-04-02,38.16513749734872,20
2024-04-03,38.260863644762736,20
2024-04-08,38.13988785263511,20
2024-04-09,38.200260692372495,20
2024-04-10,38.06808224276417,20
2024-04-11,38.15753423314649,20
2024-04-12,38.23600585693135,20
2024-04-15,37.876279812683784,20
2024-04-16,37.34107386210578,20
2024-04-17,37.83265552731155,20
2024-04-18,37.724057542491764,20
2024-04-19,37.709490863601815,20
2024-04-22,37.721567749764226,20
2024-04-23,37.78399334865419,20
2024-04-24,37.90270062258349,20
2024-04-25,38.00790301796796,20
2024-04-26,37.961605550407455,20
2024-04-29,38.234907025507596,20
2024-04-30,38.226464822313844,20
2024-05-06,38.51783993547328,20
2024-05-07,38.72640200873878,20
2024-05-08,38.59092628854657,20
2024-05-09,38.708237050799944,20
2024-05-10,38.62627428236235,20
2024-05-13,38.4083565452617,20
2024-05-14,38.46079401539887,20
2024-05-15,38.37653324837837,20
2024-05-16,38.4661676838824,20
2024-05-17,38.62167713396701,20
2024-05-20,38.633448189423156,20
2024-05-21,38.50978299498627,20
2024-05-22,38.53247059111442,20
2024-05-23,38.357281836385546,20
2024-05-24,38.27622785239181,20
2024-05-27,38.38332792276335,20
2024-05-28,38.328254628025356,20
2024-05-29,38.40613508654862,20
2024-05-30,38.38051518359388,20
2024-05-31,38.669800255472474,20
2024-06-03,38.325036394242915,20
2024-06-04,38.05248022674777,20
2024-06-05,37.618290587353435,20
2024-06-06,36.93431571957043,20
2024-06-07,37.42999304352347,20
2024-06-11,37.4988196768083,20
2024-06-12,37.751559238118524,20
2024-06-13,37.854681913044665,20
2024-06-14,37.81159790671631,20
2024-06-17,37.567958871689285,20
2024-06-18,37.73158923343054,20
2024-06-19,37.714741925262224,20
2024-06-20,37.58231703362345,20
2024-06-21,37.51014327795957,20
2024-06-24,36.88610287252044,20
2024-06-25,37.038433107593775,20
2024-06-26,37.43667632502916,20
2024-06-27,37.23890804808257,20
2024-06-28,37.26821884879736,20
2024-07-01,37.27350389478926,20
2024-07-02,37.21893657773592,20
2024-07-03,37.08261167742951,20
2024-07-04,36.77053194784624,20
2024-07-05,36.91392867341029,20
2024-07-08,36.5896350360422,20
2024-07-09,36.791693091380594,20
2024-07-10,36.71228315495357,20
2024-07-11,37.076983449414335,20
2024-07-12,37.06140635466288,20
2024-07-15,36.84480656918717,20
2024-07-16,36.82121157959179,20
2024-07-17,36.70240884706319,20
2024-07-18,36.71987201489474,20
2024-07-19,36.818951497535636,20
2024-07-22,36.89416749554547,20
2024-07-23,36.66535494614248,20
2024-07-24,36.51193786240103,20
2024-07-25,36.642747425588695,20
2024-07-26,36.77799294645342,20
2024-07-29,36.69769101718731,20
2024-07-30,36.675050609692164,20
2024-07-31,36.98380835840937,20
2024-08-01,36.93633539974465,20
2024-08-02,36.85122706612931,20
2024-08-05,36.67048531696865,20
2024-08-06,36.84198410195027,20
2024-08-07,36.86325563715255,20
2024-08-08,36.80550107257629,20
2024-08-09,36.730063327561425,20
2024-08-12,36.762021217636,20
2024-08-13,36.857991852991454,20
2024-08-14,36.85397027509939,20
2024-08-15,36.83257405600108,20
2024-08-16,36.872552667277446,20
2024-08-19,36.78131343724537,20
2024-08-20,36.615118399082185,20
2024-08-21,36.462452456939,20
2024-08-22,36.387516925047656,20
2024-08-23,36.282677374627205,20
2024-08-26,36.37449802405509,20
2024-08-27,36.32430653738798,20
2024-08-28,36.48122010185328,20
2024-08-29,36.66043589380313,20
2024-08-30,36.7589854440248,20
2024-09-02,36.554712322681404,20
2024-09-03,36.62419882458837,20
2024-09-04,36.56269816270208,20
2024-09-05,36.59510515248257,20
2024-09-06,36.38919168892635,20
2024-09-09,36.38453582385668,20
2024-09-10,36.46485556097307,20
2024-09-11,36.434986194181285,20
2024-09-12,36.39087897586442,20
2024-09-13,36.21839908171881,20
2024-09-18,36.12342660410577,20
2024-09-19,36.31486647342933,20
2024-09-20,36.26248732801128,20
2024-09-23,36.284087556444746,20
2024-09-24,36.546485921020796,20
2024-09-25,36.583927694508,20
2024-09-26,36.81051696831645,20
2024-09-27,37.20380934988162,20
2024-09-30,39.20032265941256,20
2024-10-08,40.56796171755414,20
2024-10-09,38.78037221406638,18
2024-10-10,38.91915620783137,18
2024-10-11,38.13139928384871,18
2024-10-14,38.55493957220751,18
2024-10-15,38.32110611299449,18
2024-10-16,38.38798560103955,18
2024-10-17,38.28164091672057,18
2024-10-18,38.70688809912645,18
2024-10-21,38.986028520181435,18
2024-10-22,39.21180155957476,18
2024-10-23,39.23591221567893,18
2024-10-24,39.1599538663273,18
2024-10-25,39.51462958391608,18
2024-10-28,39.898914030000384,18
2024-10-29,39.69529649509221,18
2024-10-30,39.61755560175543,18
2024-10-31,39.998664672902514,18
2024-11-01,39.232700051070104,18
2024-11-04,39.50668588932141,20
2024-11-05,39.833917448384845,20
2024-11-06,39.930394733473115,20
2024-11-07,40.2934945685129,20
2024-11-08,40.52348527401092,20
2024-11-11,40.858966507569924,20
2024-11-12,40.64597864230592,20
2024-11-13,40.730634664316405,20
2024-11-14,40.15706135459299,20
2024-11-15,39.91254201595271,20
2024-11-18,39.500949141060595,20
2024-11-19,39.980941928641386,20
2024-11-20,40.390874097365675,20
2024-11-21,40.53632391084631,20
2024-11-22,39.92893950372914,20
2024-11-25,40.41928946843834,20
2024-11-26,40.282990666463576,20
2024-11-27,40.53468710889475,20
2024-11-28,40.70372270182011,20
2024-11-29,41.11453731658067,20
2024-12-02,41.3748603730542,20
2024-12-03,41.41408373504818,20
2024-12-04,41.096865933997506,20
2024-12-05,41.43923648573361,20
2024-12-06,41.48501983645837,20
2024-12-09,41.58399440792763,20
2024-12-10,41.59377631942263,20
2024-12-11,41.779847280542555,20
2024-12-12,42.12843446764745,20
2024-12-13,42.09977835468033,20
2024-12-16,42.21714342884773,20
2024-12-17,41.14678696486721,20
2024-12-18,41.07589468172526,20
2024-12-19,41.028279160136165,20
2024-12-20,41.305658422750604,20
2024-12-23,40.2468627302545,20
2024-12-24,40.50449114365527,20
2024-12-25,40.03462235410455,20
2024-12-26,40.30361913223418,20
2024-12-27,40.462306043251765,20
2024-12-30,40.235129161040966,20
2024-12-31,39.767934413543585,20
2025-01-02,39.30876520462934,20
2025-01-03,38.54233830383253,20
2025-01-06,38.58457260727679,20
2025-01-07,39.15445470474989,20
2025-01-08,39.05116944368224,20
2025-01-09,39.01761122060965,20
2025-01-10,38.44523752657543,20
2025-01-13,38.682663478807285,20
2025-01-14,39.681004032652176,20
2025-01-15,39.602083266658724,20
2025-01-16,39.6007728683717,20
2025-01-17,39.72105764486076,20
2025-01-20,40.072000468397114,20
2025-01-21,40.036731492982824,20
2025-01-22,39.95586060546112,20
2025-01-23,39.92729935638369,20
2025-01-24,40.077344500944804,20
2025-01-27,40.03670739277916,20
2025-02-05,40.13643469299565,20
2025-02-06,40.65597451773431,20
2025-02-07,40.81165425465159,20
2025-02-10,41.24635830838485,20
2025-02-11,41.34267642669412,20
2025-02-12,41.366986613637614,20
2025-02-13,41.05383530773932,20
2025-02-14,41.14035300589285,20
2025-02-17,41.4732911851541,20
2025-02-18,40.866858974771624,20
2025-02-19,41.374525641873014,20
2025-02-20,41.664994220626724,20
2025-02-21,41.66778649629507,20
2025-02-24,41.744616923254924,20
2025-02-25,42.01272624659255,20
2025-02-26,42.529059206965044,20
2025-02-27,42.55424091930891,20
2025-02-28,41.737347909534485,20
2025-03-03,42.3104254350616,20
2025-03-04,42.63480154146395,20
2025-03-05,42.71107920429493,20
2025-03-06,43.56692771562669,20
2025-03-07,43.98551364439592,20
2025-03-10,44.381872441518425,20
2025-03-11,44.32385518246403,20
2025-03-12,44.55744523194224,20
2025-03-13,44.2822372613153,20
2025-03-14,45.132117666800596,20
2025-03-17,45.15524159527912,20
2025-03-18,45.35375884867255,20
2025-03-19,45.261561535139585,20
2025-03-20,45.554004020287294,20
2025-03-21,44.664515608017005,20
2025-03-24,44.12570745314645,20
2025-03-25,44.214087108834136,20
2025-03-26,44.953184814440384,20
2025-03-27,45.048732510512764,20
2025-03-28,45.162622421946594,20
2025-03-31,45.504006775238665,20
2025-04-01,46.041854178663044,20
2025-04-02,46.48916767676342,20
2025-04-03,46.47437931478802,20
2025-04-07,42.203323595888875,20
2025-04-08,42.6034638501274,20
2025-04-09,42.85449807538335,20
2025-04-10,43.775636803676605,20
2025-04-11,43.80294011153089,20
2025-04-14,44.52918374637155,20
2025-04-15,45.111090507535984,20
2025-04-16,44.71630558715904,20
2025-04-17,44.90043227107111,20
2025-04-18,44.625345292418515,20
2025-04-21,45.134813830391735,20
2025-04-22,45.451641963480064,20
2025-04-23,46.121864547463176,20
2025-04-24,45.98245430673141,20
2025-04-25,46.320012049808135,20
2025-04-28,45.88495948132278,20
2025-04-29,45.91071523703325,20
2025-04-30,46.0063823754751,20
2025-05-06,46.51570243507275,20
2025-05-07,46.685386640411735,20
2025-05-08,46.99393015533444,20
2025-05-09,46.868883854241496,20
2025-05-12,47.13654566953692,20
2025-05-13,46.986214436051334,20
2025-05-14,46.79291338324127,20
2025-05-15,46.80945932590388,20
2025-05-16,47.13729526203108,20
2025-05-19,47.267841707916986,20
2025-05-20,47.683423208710074,20
2025-05-21,47.50509902321504,20
2025-05-22,47.19399366007965,20
2025-05-23,47.03153540133083,20
2025-05-26,47.39794802293277,20
2025-05-27,47.652844268195125,20
2025-05-28,47.79993030179848,20
2025-05-29,48.36300808083021,20
2025-05-30,47.83877211140925,20
2025-06-03,47.7009236417606,20
2025-06-04,47.83307270355073,20
2025-06-05,47.90352370390741,20
2025-06-06,48.02125817913123,20
2025-06-09,48.292968900544885,20
2025-06-10,47.972084999361535,20
2025-06-11,48.30960627971494,20
2025-06-12,48.428672383713476,20
2025-06-13,47.99491483083445,20
2025-06-16,48.150927011319276,20
2025-06-17,48.05820160957091,20
2025-06-18,47.99824666011716,20
2025-06-19,47.603404281972075,20
2025-06-20,47.447944611770495,20
2025-06-23,47.9144108534134,20
2025-06-24,48.54389268032903,20
2025-06-25,48.79374866500531,20
2025-06-26,48.69256307887578,20
2025-06-27,48.992948126270136,20
2025-06-30,49.45542627603985,20
2025-07-01,49.846869123880396,20
2025-07-02,49.80848078979457,20
2025-07-03,50.102748023590905,20
2025-07-04,49.700275691838726,20
2025-07-07,50.06302482654388,20
2025-07-08,50.404047767609285,20
2025-07-09,50.66641211574634,20
2025-07-10,50.586507609454415,20
2025-07-11,50.431315305759036,20
2025-07-14,50.89963862425855,20
2025-07-15,50.730849832442075,20
2025-07-16,50.964567326627886,20
2025-07-17,51.00573577596658,20
2025-07-18,51.141126276049604,20
2025-07-21,51.71452457669954,20
2025-07-22,51.74116597404122,20
2025-07-23,51.41685713179764,20
2025-07-24,51.67321307262823,20
2025-07-25,52.25033593218079,20
2025-07-28,52.67335307670914,20
2025-07-29,52.56065754123093,20
2025-07-30,52.469324463012626,20
2025-07-31,52.292057564949374,20
2025-08-01,52.676239414890574,20
2025-08-04,53.03118344351389,19
2025-08-05,53.51959260399001,19
2025-08-06,53.7386782139772,19
2025-08-07,53.624847765783144,19
2025-08-08,53.87325616613606,19
2025-08-11,54.49614276256298,19
2025-08-12,54.689160258104835,19
2025-08-13,54.580926151698684,19
2025-08-14,53.69153392888547,19
2025-08-15,53.65597949512215,19
2025-08-18,53.89233757945542,19
2025-08-19,54.32466856344278,19
2025-08-20,54.50207958069063,19
2025-08-21,54.54303788458584,19
2025-08-22,54.320292292653335,19
2025-08-25,54.64399981495476,19
2025-08-26,54.95728442486516,19
2025-08-27,53.89703382933967,19
2025-08-28,53.58003431691364,19
2025-08-29,53.62336623808994,19
2025-09-01,53.849978531416475,19
2025-09-02,53.35765045513371,20
2025-09-03,52.75589700033156,20
2025-09-04,52.986922463776644,20
2025-09-05,53.57926012293661,20
2025-09-08,54.432609584244275,20
2025-09-09,54.632236580842374,20
2025-09-10,54.497476402862794,20
2025-09-11,54.84794382850174,20
2025-09-12,54.86590774093,20
2025-09-15,54.76169946580477,20
2025-09-16,55.163266664904135,20
2025-09-17,55.60324684832185,20
2025-09-18,54.88641853686536,20
2025-09-19,54.99731390312758,20
2025-09-22,54.65023018763597,20
2025-09-23,54.58441415175822,20
2025-09-24,55.41333731324825,20
2025-09-25,55.20655490726318,20
2025-09-26,55.16653530122837,20
2025-09-29,55.54101313227813,20
2025-09-30,55.52815333544529,20
2025-10-09,55.955420223621665,20
2025-10-10,56.12856026653031,20
2025-10-13,55.974294125801094,20
2025-10-14,55.9565246154884,20
2025-10-15,56.530753623388954,20
2025-10-16,56.17878133304851,20
2025-10-17,55.78703217783155,20
2025-10-20,56.303959467814245,20
2025-10-21,56.7588052675268,20
2025-10-22,56.86644687504571,20
2025-10-23,56.98291615250512,20
2025-10-24,57.294594664157245,20
2025-10-27,57.509135224189954,20
2025-10-28,57.694639148704304,20
2025-10-29,57.350953522377196,20
2025-10-30,57.046095381046456,20
2025-10-31,57.507476626966316,20
2025-11-03,57.81741611298542,20
2025-11-04,57.839158583464794,20
2025-11-05,58.10679312467413,20
2025-11-06,58.383663327739434,20
2025-11-07,58.285422934653546,20
2025-11-10,58.41882398519224,20
2025-11-11,58.679193457005645,20
2025-11-12,58.86628917643397,20
2025-11-13,59.16512820088909,20
2025-11-14,59.10103855786613,20
2025-11-17,58.74179054482057,20
2025-11-18,58.68976116132735,20
2025-11-19,57.9153121397699,20
2025-11-20,57.69110170108661,20
2025-11-21,56.0795489225247,20
2025-11-24,57.084099788469565,20
2025-11-25,57.68482141192488,20
2025-11-26,57.4700290744766,20
2025-11-27,58.14749208459652,20
2025-11-28,58.62453149005558,20
2025-12-01,59.01907823054155,20
2025-12-02,58.66810713931376,20
2025-12-03,58.47532350981405,20
2025-12-04,57.85758613047989,20
2025-12-05,58.40993781874377,20
2025-12-08,58.71967131049524,20
2025-12-09,58.60902096098764,20
2025-12-10,58.106553943952946,20
2025-12-11,57.45132874042099,20
2025-12-12,57.13745919136654,20
2025-12-15,56.88394759502032,20
2025-12-16,56.31205246416415,20
2025-12-17,56.50729067487739,20
2025-12-18,56.97819949316479,20
2025-12-19,57.54989716497213,20
2025-12-22,57.55760328267321,20
2025-12-23,57.361447596152104,20
2025-12-24,57.841821360961376,20
2025-12-25,58.3250575533567,20
2025-12-26,57.80544976503666,20
2025-12-29,57.85495646173371,20
2025-12-30,57.6933620045947,20
2025-12-31,57.792897287355586,20
2026-01-05,58.78581826581298,20
2026-01-06,58.7351129241921,20
2026-01-07,58.689183461100754,20
2026-01-08,59.1808182145904,20
2026-01-09,59.87685301417019,20
2026-01-12,60.23794183848187,20
2026-01-13,60.549037811421364,20
2026-01-14,61.08839822284851,20
2026-01-15,61.36590687044792,20
2026-01-16,61.28319152958755,20
2026-01-19,61.82203889901913,20
2026-01-20,61.74677761607043,20
2026-01-21,62.605698254971124,20
2026-01-22,62.94536770061318,20
2026-01-23,63.429296032650825,20
2026-01-26,63.09017659989362,20
2026-01-27,62.99844629481249,20
2026-01-28,62.25390222303957,20
2026-01-29,61.925171087749085,20
2026-01-30,62.45478068338822,20
2026-02-02,62.43713585628067,20
2026-02-03,63.79752748743301,20
2026-02-04,64.557079793359,20
2026-02-05,65.32031710268582,20
2026-02-06,65.73951939170031,20
2026-02-09,66.24364595421174,20
2026-02-10,66.25419772395082,20
2026-02-11,66.28603504676265,20
2026-02-12,66.16190833320567,20
2026-02-13,66.00268452272235,20
2026-02-24,66.93188018877822,20
2026-02-25,67.21069536190987,20
2026-02-26,67.5747480074386,20
2026-02-27,67.68068528057672,20
2026-03-02,66.49082539228566,20
2026-03-03,65.29980518025667,20
2026-03-04,64.87325391971021,20
2026-03-05,65.37575922145695,20
2026-03-06,66.73201496003455,20
2026-03-09,66.2378575056861,20
2026-03-10,67.76371906250463,20
2026-03-11,67.38704343355411,20
2026-03-12,66.55736356333553,20
2026-03-13,66.5440021737263,20
2026-03-16,66.78694271565345,20
2026-03-17,65.90831707740756,20
2026-03-18,66.85755188966573,20
2026-03-19,65.12427703359282,20
2026-03-20,63.45120702360682,20
2026-03-23,60.331633364537325,20
2026-03-24,62.591552677533834,20
2026-03-25,63.51279580896705,20
2026-03-26,63.09833264214959,20
2026-03-27,63.911490070276464,20
2026-03-30,64.62414560746267,20
2026-03-31,64.2847920527267,20
2026-04-01,64.97988168418391,20
2026-04-02,64.43231217083536,20
2026-04-03,63.18583003676003,20
2026-04-07,64.2257374767905,20
2026-04-08,65.55466379301768,20
2026-04-09,64.90733662355947,20
2026-04-10,65.4178217485284,20
2026-04-13,65.53685087121023,20
2026-04-14,65.72837877348894,20
2026-04-15,65.71855905175492,20
2026-04-16,66.30596990423837,20
2026-04-17,66.3089175181747,20
2026-04-20,66.67159787846278,20
2026-04-21,66.71109063680973,20
2026-04-22,66.5979706274311,20
2026-04-23,65.93926193296618,20
2026-04-24,66.07729377120177,20
2026-04-27,67.24051728628659,20
2026-04-28,66.95758839074266,20
2026-04-29,67.7593343243893,20
2026-04-30,68.31449566710145,20
2026-05-06,68.74674537317718,20
2026-05-07,69.1517129828344,20
2026-05-08,69.9277281708663,20
2026-05-11,69.96475402343596,20
2026-05-12,69.22498466749268,20
2026-05-13,69.24053261296831,20
2026-05-14,69.15056258069329,20
2026-05-15,69.2866981354877,20
2026-05-18,69.56141362536901,20
2026-05-19,69.48859763572544,20
2026-05-20,69.4686447555973,20
2026-05-21,68.43157206001393,20
2026-05-22,69.31325363106365,20
2026-05-25,68.39726687693222,20
2026-05-26,67.47480855999267,20
2026-05-27,66.22234059517763,20
2026-05-28,66.0476804231227,20
2026-05-29,64.94466858448264,20
2026-06-01,66.01455181223322,20
2026-06-02,65.15048310511813,20
2026-06-03,64.36036075577204,20
2026-06-04,63.59984355712673,20
2026-06-05,64.57779144919142,20
2026-06-08,63.081860586292464,20
2026-06-09,63.26351759931267,20
2026-06-10,62.62308130704087,20
2026-06-11,62.057158764108586,20
2026-06-12,62.64175878008558,20
2026-06-15,62.81929233544446,20
2026-06-16,63.00174153555626,20
2026-06-17,62.517487807456526,20
2026-06-18,62.36806397333273,20
2026-06-22,62.43815185470905,20
2026-06-23,63.19202575072758,20
2026-06-24,61.897375291499415,20
2026-06-25,60.43022654678159,20
2026-06-26,59.351052616468856,20
2026-06-29,60.09727600031377,20
2026-06-30,60.20021507505941,20
2026-07-01,60.69285569065641,20
2026-07-02,60.96988060619876,20
2026-07-03,61.814002649010725,20
2026-07-06,61.677513013201015,20
2026-07-07,60.84138194493741,20
2026-07-08,60.3277275915633,20
2026-07-09,60.11907276862837,20
2026-07-10,60.62092606695147,20
2026-07-13,59.73194240990051,20
2026-07-14,60.3402082592651,20
2026-07-15,60.55389329311094,20
2026-07-16,60.74988579813251,20
2026-07-17,59.6279143479681,20
2026-07-20,58.87001773540146,20
2026-07-21,58.591254624362094,20
2026-07-22,58.06773322769222,20
2026-07-23,58.574220860811266,20
2026-07-24,58.08992776264606,20
2026-07-27,58.78719269357033,20
2026-07-28,58.76723029650337,20
2026-07-29,59.27866162626259,20
2026-07-30,59.11387877749169,20
2026-07-31,59.54280575895106,20
2026-08-03,60.050299670736564,20
2026-08-04,60.28462596227385,20
2026-08-05,60.31939064928486,20
2026-08-06,60.42615031420427,20
2026-08-07,60.528057574626644,20
2026-08-10,61.19543395542893,20
2026-08-11,61.07599154194831,20
2026-08-12,61.22678005201517,20
2026-08-13,61.047958222351966,20
2026-08-14,61.047958222351966,0
