date,nav,num_held
2006-01-04,1.0,0
2006-01-05,1.0,0
2006-01-06,1.0,0
2006-01-09,1.0,0
2006-01-10,1.0,0
2006-01-11,1.0,0
2006-01-12,1.0,0
2006-01-13,1.0,0
2006-01-16,1.0,0
2006-01-17,1.0,0
2006-01-18,1.0,0
2006-01-19,1.0,0
2006-01-20,1.0,0
2006-01-23,1.0,0
2006-01-24,1.0,0
2006-01-25,1.0,0
2006-02-06,0.9993112015903558,0
2006-02-07,1.0034644475821122,20
2006-02-08,1.0116501849073813,20
2006-02-09,0.9956847921922616,20
2006-02-10,1.0069638444823292,20
2006-02-13,1.0099537057154018,20
2006-02-14,1.0197185536007842,20
2006-02-15,1.0188468575846015,20
2006-02-16,0.9913164103681282,20
2006-02-17,0.9882512363077699,20
2006-02-20,0.9836505825697135,20
2006-02-21,0.9913042623184896,20
2006-02-22,0.992504289156937,20
2006-02-23,1.0010471128175231,20
2006-02-24,1.0060658828330806,20
2006-02-27,1.0022086804750414,20
2006-02-28,0.9987583896167793,20
2006-03-01,1.0115510399252816,20
2006-03-02,0.9892183087767072,20
2006-03-03,0.989677886470238,20
2006-03-06,0.9900391817185313,20
2006-03-07,0.963369626008035,20
2006-03-08,0.9556122356959701,20
2006-03-09,0.9576847439895806,20
2006-03-10,0.9574343532500348,20
2006-03-13,0.9687608017469539,20
2006-03-14,0.9676455546138133,20
2006-03-15,0.9795028076974114,20
2006-03-16,0.9853988130714327,20
2006-03-17,0.9836837825607202,20
2006-03-20,0.9964476974505081,20
2006-03-21,0.9953002370176308,20
2006-03-22,1.001355996927578,20
2006-03-23,1.0111228866299338,20
2006-03-24,1.0009004663351184,20
2006-03-27,1.010332899381203,20
2006-03-28,1.0200335741389506,20
2006-03-29,1.0213624009078364,20
2006-03-30,1.0139088342791132,20
2006-03-31,1.004600115119334,20
2006-04-03,1.0066097157024887,20
2006-04-04,1.0164037028855415,20
2006-04-05,1.0250561679746257,20
2006-04-06,1.020563282884552,20
2006-04-07,1.0412879219382907,20
2006-04-10,1.0704548855866696,20
2006-04-11,1.0797468111551398,20
2006-04-12,1.0829242315707972,20
2006-04-13,1.0535812438504923,20
2006-04-14,1.0744798664108948,20
2006-04-17,1.091179327081764,20
2006-04-18,1.089845462992205,20
2006-04-19,1.0862400034601079,20
2006-04-20,1.0779246746365057,20
2006-04-21,1.0856490070958484,20
2006-04-24,1.0451136522312003,20
2006-04-25,1.0292419373729609,20
2006-04-26,1.049496277829035,20
2006-04-27,1.0559136697168274,20
2006-04-28,1.076136155675791,20
2006-05-08,1.0858077785247295,20
2006-05-09,1.094620190995724,20
2006-05-10,1.100748071450115,20
2006-05-11,1.100626927085343,20
2006-05-12,1.1131796967297989,20
2006-05-15,1.1265989938969458,20
2006-05-16,1.1141387454181535,20
2006-05-17,1.1221795418512635,20
2006-05-18,1.130818292448739,20
2006-05-19,1.1427268507995296,20
2006-05-22,1.1573644964490675,20
2006-05-23,1.1427782539422506,20
2006-05-24,1.1348499756831356,20
2006-05-25,1.1432172678634966,20
2006-05-26,1.1555823562819711,20
2006-05-29,1.1690581696693785,20
2006-05-30,1.175094260341149,20
2006-05-31,1.173545229728344,20
2006-06-01,1.1928161601999758,20
2006-06-02,1.1942426173390455,20
2006-06-05,1.207447437542918,20
2006-06-06,1.2053194388040331,20
2006-06-07,1.1764920256335871,20
2006-06-08,1.1731260296861998,20
2006-06-09,1.1620897374739916,20
2006-06-12,1.160126906534451,20
2006-06-13,1.1616583024348885,20
2006-06-14,1.1600178717061025,20
2006-06-15,1.1629677932029603,20
2006-06-16,1.1722238936594302,20
2006-06-19,1.1764551220470905,20
2006-06-20,1.1806411240759531,20
2006-06-21,1.177897214766786,20
2006-06-22,1.1779506325845432,20
2006-06-23,1.1834350733625894,20
2006-06-26,1.1929559366942442,20
2006-06-27,1.1963873196931403,20
2006-06-28,1.198580251690317,20
2006-06-29,1.2048037131247167,20
2006-06-30,1.2029342169820383,20
2006-07-03,1.2083188021381004,20
2006-07-04,1.2072671792904834,20
2006-07-05,1.2094718079983873,20
2006-07-06,1.2161245017266997,20
2006-07-07,1.2146289197791933,20
2006-07-10,1.2243488391532125,20
2006-07-11,1.2262200580290046,20
2006-07-12,1.2234628093303372,20
2006-07-13,1.1937879768331419,20
2006-07-14,1.1951658666771923,20
2006-07-17,1.2024327913545008,20
2006-07-18,1.2091725912911029,20
2006-07-19,1.2015392702076908,20
2006-07-20,1.2080242930312157,20
2006-07-21,1.2089962909433534,20
2006-07-24,1.2123951117693434,20
2006-07-25,1.2154836254691914,20
2006-07-26,1.2177318232761805,20
2006-07-27,1.2124804334107613,20
2006-07-28,1.2100406827904164,20
2006-07-31,1.1879166466605964,20
2006-08-01,1.1813002888140627,20
2006-08-02,1.1737671082278363,20
2006-08-03,1.1722991369086349,20
2006-08-04,1.1554618761515796,20
2006-08-07,1.1408020357616206,20
2006-08-08,1.1562228131238736,20
2006-08-09,1.152665488351034,20
2006-08-10,1.1615197545739384,20
2006-08-11,1.1660987947407586,20
2006-08-14,1.1496674294112994,20
2006-08-15,1.1572094784165834,20
2006-08-16,1.1666825951255286,20
2006-08-17,1.1645635575163265,20
2006-08-18,1.162998349150816,20
2006-08-21,1.168230248227846,20
2006-08-22,1.1734928366285535,20
2006-08-23,1.1791318596229639,20
2006-08-24,1.186615871830343,20
2006-08-25,1.1856435850828515,20
2006-08-28,1.1951558373703908,20
2006-08-29,1.1981500482474625,20
2006-08-30,1.2011753662926874,20
2006-08-31,1.2024205100867205,20
2006-09-01,1.1921668362508526,20
2006-09-04,1.2118588533601624,20
2006-09-05,1.2196960898410274,20
2006-09-06,1.230609534557621,20
2006-09-07,1.2210374938522899,20
2006-09-08,1.228269135645907,20
2006-09-11,1.2337586813562835,20
2006-09-12,1.2421727095421842,20
2006-09-13,1.238142830165068,20
2006-09-14,1.2465905966338617,20
2006-09-15,1.2589500208137008,20
2006-09-18,1.2736069198774278,20
2006-09-19,1.2758107974035302,20
2006-09-20,1.2805303260729726,20
2006-09-21,1.2991015019475538,20
2006-09-22,1.2876311654818233,20
2006-09-25,1.2917575245054407,20
2006-09-26,1.2904599244119284,20
2006-09-27,1.2937809636859547,20
2006-09-28,1.3005165054592962,20
2006-09-29,1.3139808084801408,20
2006-10-09,1.332903064592753,20
2006-10-10,1.3414957935629908,20
2006-10-11,1.3522620723991068,20
2006-10-12,1.3475215995855856,20
2006-10-13,1.345944515329048,20
2006-10-16,1.3474461815285634,20
2006-10-17,1.3463815756081878,20
2006-10-18,1.356927906041214,20
2006-10-19,1.3633088660812784,20
2006-10-20,1.3605228401795841,20
2006-10-23,1.3281521949074049,20
2006-10-24,1.3515495281937882,20
2006-10-25,1.355714684784463,20
2006-10-26,1.3528310911305146,20
2006-10-27,1.3341059498966665,20
2006-10-30,1.3375446031992424,20
2006-10-31,1.349572775947387,20
2006-11-01,1.3557875315216852,20
2006-11-02,1.3493942655308393,20
2006-11-03,1.357814697637806,20
2006-11-06,1.3510043636142983,20
2006-11-07,1.3298608943361043,20
2006-11-08,1.3271083406525486,20
2006-11-09,1.3382757988357712,20
2006-11-10,1.3132544921121614,20
2006-11-13,1.2716905123818258,20
2006-11-14,1.2859958538100937,20
2006-11-15,1.299354294085871,20
2006-11-16,1.2797018629281216,20
2006-11-17,1.2857632726908335,20
2006-11-20,1.272530521602473,20
2006-11-21,1.278730651399534,20
2006-11-22,1.2918845863433805,20
2006-11-23,1.3018868461674908,20
2006-11-24,1.3121760065695405,20
2006-11-27,1.329766990541677,20
2006-11-28,1.3326517815742518,20
2006-11-29,1.3363214847246678,20
2006-11-30,1.3426760154891066,20
2006-12-01,1.3316871436329507,20
2006-12-04,1.3481239207231894,20
2006-12-05,1.3609309528529285,20
2006-12-06,1.342928033460233,20
2006-12-07,1.3367962382950447,20
2006-12-08,1.3066907498161822,20
2006-12-11,1.334000811630841,20
2006-12-12,1.3271356676071056,20
2006-12-13,1.3304675038268945,20
2006-12-14,1.3467368854434623,20
2006-12-15,1.349077347039149,20
2006-12-18,1.3622308800536016,20
2006-12-19,1.3742500322355915,20
2006-12-20,1.3954035033968921,20
2006-12-21,1.3868669322101892,20
2006-12-22,1.3918157547946175,20
2006-12-25,1.400473489202556,20
2006-12-26,1.3822087471307722,20
2006-12-27,1.3783544062524324,20
2006-12-28,1.342367642930005,20
2006-12-29,1.3483619634790522,20
2007-01-04,1.3427525399030922,20
2007-01-05,1.37377715278539,20
2007-01-08,1.4125094032738605,20
2007-01-09,1.427855370038852,20
2007-01-10,1.4679212453863573,20
2007-01-11,1.4722891896622619,20
2007-01-12,1.4372410253526133,20
2007-01-15,1.5006283013301445,20
2007-01-16,1.5190454529319406,20
2007-01-17,1.506730931524572,20
2007-01-18,1.545310404903898,20
2007-01-19,1.5847573633820482,20
2007-01-22,1.6353875015446622,20
2007-01-23,1.634089238055351,20
2007-01-24,1.6425253707670897,20
2007-01-25,1.588758566409912,20
2007-01-26,1.5980559650981228,20
2007-01-29,1.6492685298589933,20
2007-01-30,1.6580700814413423,20
2007-01-31,1.6061583397445935,20
2007-02-01,1.6264031798698049,20
2007-02-02,1.6253674922680428,20
2007-02-05,1.6466469687795164,20
2007-02-06,1.664486244567571,20
2007-02-07,1.691781133470082,20
2007-02-08,1.719800007401175,20
2007-02-09,1.729941996130112,20
2007-02-12,1.7734092103827164,20
2007-02-13,1.8035151840637929,20
2007-02-14,1.824614600859093,20
2007-02-15,1.871137737536226,20
2007-02-16,1.9049455129742394,20
2007-02-26,1.9594874394901975,20
2007-02-27,1.8319486203121575,20
2007-02-28,1.8831222041130622,20
2007-03-01,1.8495667706448726,20
2007-03-02,1.87868048729296,20
2007-03-05,1.898305531938888,20
2007-03-06,1.9123328183928645,20
2007-03-07,1.9347119228700143,20
2007-03-08,1.966114555408519,20
2007-03-09,1.9700489583126974,20
2007-03-12,1.9942242344874617,20
2007-03-13,2.016827020758796,20
2007-03-14,2.0188573033277266,20
2007-03-15,2.053226741168892,20
2007-03-16,2.048156389597345,20
2007-03-19,2.063163981007016,20
2007-03-20,2.0973742932920527,20
2007-03-21,2.1223959655933284,20
2007-03-22,2.128272446222166,20
2007-03-23,2.1416119854484883,20
2007-03-26,2.176042072920017,20
2007-03-27,2.174431886896071,20
2007-03-28,2.173616644581343,20
2007-03-29,2.1223458226492817,20
2007-03-30,2.1304473149781105,20
2007-04-02,2.1568711788923873,20
2007-04-03,2.183014942674513,20
2007-04-04,2.2097637635109453,20
2007-04-05,2.225007114582138,20
2007-04-06,2.2443034094218426,20
2007-04-09,2.2737856251335753,20
2007-04-10,2.2881147129458537,20
2007-04-11,2.2943261247075455,20
2007-04-12,2.334794903373228,20
2007-04-13,2.3366569036773734,20
2007-04-16,2.383532254885217,20
2007-04-17,2.4091180270357566,20
2007-04-18,2.429677203488768,20
2007-04-19,2.370185087669069,20
2007-04-20,2.439995977439273,20
2007-04-23,2.4841515603075592,20
2007-04-24,2.4902396446432045,20
2007-04-25,2.5095332528344714,20
2007-04-26,2.531164255152805,20
2007-04-27,2.5022083432586895,20
2007-04-30,2.499999024934018,20
2007-05-08,2.5492539171409105,20
2007-05-09,2.522800180871277,19
2007-05-10,2.534662898451102,19
2007-05-11,2.5441818028561007,19
2007-05-14,2.5722537024834278,19
2007-05-15,2.540682608137512,19
2007-05-16,2.577686932004961,19
2007-05-17,2.6270186970228195,19
2007-05-18,2.632425310335818,19
2007-05-21,2.6703970812839772,19
2007-05-22,2.7090944631807163,19
2007-05-23,2.7580598032022157,19
2007-05-24,2.7479552707102815,19
2007-05-25,2.786502859153335,19
2007-05-28,2.8414126606548487,19
2007-05-29,2.8815962381295948,19
2007-05-30,2.7392521220967727,19
2007-05-31,2.6926198685428884,19
2007-06-01,2.5691261314737774,19
2007-06-04,2.4439048003842845,20
2007-06-05,2.4690603770885238,20
2007-06-06,2.483409980716381,20
2007-06-07,2.554555730774856,20
2007-06-08,2.5790254542015982,20
2007-06-11,2.635048544582115,20
2007-06-12,2.684178538945436,20
2007-06-13,2.723780536985313,20
2007-06-14,2.702085031556309,20
2007-06-15,2.7212854838917973,20
2007-06-18,2.7657608884524745,20
2007-06-19,2.784963043901151,20
2007-06-20,2.7263542304163297,20
2007-06-21,2.728054285564702,20
2007-06-22,2.64663392401013,20
2007-06-25,2.5431247305405873,20
2007-06-26,2.5717433952224926,20
2007-06-27,2.601989657682101,20
2007-06-28,2.50845121603765,20
2007-06-29,2.4417841522046047,20
2007-07-02,2.463545291175914,20
2007-07-03,2.497473620016019,20
2007-07-04,2.4600694067228437,20
2007-07-05,2.396867110148735,20
2007-07-06,2.47143600568226,20
2007-07-09,2.513356647904113,20
2007-07-10,2.4788780255271132,20
2007-07-11,2.496541220316031,20
2007-07-12,2.5213130231654493,20
2007-07-13,2.5324841047387916,20
2007-07-16,2.4928465312795125,20
2007-07-17,2.53277743722351,20
2007-07-18,2.5516470114188947,20
2007-07-19,2.5760960060479294,20
2007-07-20,2.6214735419276693,20
2007-07-23,2.679109973925117,20
2007-07-24,2.669163487824924,20
2007-07-25,2.7150499912016923,20
2007-07-26,2.7354477617248354,20
2007-07-27,2.781678311611193,20
2007-07-30,2.8086131720271883,20
2007-07-31,2.832053436899949,20
2007-08-01,2.7588969615346532,20
2007-08-02,2.810091030302499,20
2007-08-03,2.850421519243466,20
2007-08-06,2.8651863223473826,20
2007-08-07,2.8641424027654767,20
2007-08-08,2.845694797372481,20
2007-08-09,2.8633938172498232,20
2007-08-10,2.844324863792461,20
2007-08-13,2.8344970004797467,20
2007-08-14,2.8643047206530317,20
2007-08-15,2.8590620726788645,20
2007-08-16,2.880260528381915,20
2007-08-17,2.8786113144921885,20
2007-08-20,2.9398693356589676,20
2007-08-21,2.966275559016696,20
2007-08-22,3.0025461693757043,20
2007-08-23,3.011235433453197,20
2007-08-24,3.0279633954370473,20
2007-08-27,3.018730309374514,20
2007-08-28,3.015938174409702,20
2007-08-29,3.020148076144439,20
2007-08-30,3.070453048195262,20
2007-08-31,3.085678127814179,20
2007-09-03,3.105169907149101,20
2007-09-04,3.0938192136005696,20
2007-09-05,3.092165939261992,20
2007-09-06,3.1005267437698594,20
2007-09-07,3.0669891844719435,20
2007-09-10,3.0884621659200415,20
2007-09-11,2.9882363490551036,20
2007-09-12,2.9982155207835244,20
2007-09-13,3.0114713153470913,20
2007-09-14,3.0427400465885737,20
2007-09-17,3.071827790188915,20
2007-09-18,3.0771455695818997,20
2007-09-19,3.052447878226942,20
2007-09-20,3.071309648335086,20
2007-09-21,3.041329832398675,20
2007-09-24,3.0413055823302684,20
2007-09-25,3.024340923222702,20
2007-09-26,3.015550259296232,20
2007-09-27,3.028678740260393,20
2007-09-28,3.0601888023233506,20
2007-10-08,3.070481944295358,20
2007-10-09,3.091558663273115,20
2007-10-10,3.103014259041095,20
2007-10-11,3.0700525559399154,20
2007-10-12,3.003030547295184,20
2007-10-15,3.00098682683426,20
2007-10-16,3.0402566093438024,20
2007-10-17,3.030899935651429,20
2007-10-18,3.0079821834035565,20
2007-10-19,3.0007297134758972,20
2007-10-22,2.9793315529689997,20
2007-10-23,2.992313491283768,20
2007-10-24,2.964951143172941,20
2007-10-25,2.850839939946845,20
2007-10-26,2.847741850556305,20
2007-10-29,2.8490440634975354,20
2007-10-30,2.8765039259671568,20
2007-10-31,2.9439154051365732,20
2007-11-01,2.8859687196523915,20
2007-11-02,2.854747759089436,20
2007-11-05,2.8849116608455936,20
2007-11-06,2.9174628892999306,20
2007-11-07,2.911606992579155,20
2007-11-08,2.859120748657488,20
2007-11-09,2.849045549206425,20
2007-11-12,2.8348518956506212,20
2007-11-13,2.8419953753739335,20
2007-11-14,2.8890397560989323,20
2007-11-15,2.870368059847769,20
2007-11-16,2.8791864829879885,20
2007-11-19,2.9303930034628753,20
2007-11-20,2.947653010640566,20
2007-11-21,2.919452167017221,20
2007-11-22,2.872657919035184,20
2007-11-23,2.902244148970127,20
2007-11-26,2.895355389265877,20
2007-11-27,2.9012225375204594,20
2007-11-28,2.907000082857907,20
2007-11-29,2.937629578144287,20
2007-11-30,2.9341268301831507,20
2007-12-03,2.9533237506277366,20
2007-12-04,2.9582218574283323,20
2007-12-05,2.9870069909838994,20
2007-12-06,2.9918626274019666,20
2007-12-07,3.0106004609963586,20
2007-12-10,3.0552464172771123,20
2007-12-11,3.074121314087681,20
2007-12-12,3.095740809733188,20
2007-12-13,3.067030162004019,20
2007-12-14,3.0961690017335153,20
2007-12-17,3.114233086841392,20
2007-12-18,3.100001659366295,20
2007-12-19,3.1319996678087336,20
2007-12-20,3.1489128121485837,20
2007-12-21,3.1727731490188376,20
2007-12-24,3.194796148970394,20
2007-12-25,3.209356560859179,20
2007-12-26,3.2622680999725184,20
2007-12-27,3.26817584768032,20
2007-12-28,3.2744564952232147,20
2008-01-02,3.353837985446408,20
2008-01-03,3.402190480301698,20
2008-01-04,3.4130129962454965,20
2008-01-07,3.45854887049934,20
2008-01-08,3.3912391043505736,20
2008-01-09,3.462555869296585,20
2008-01-10,3.4686933712650285,20
2008-01-11,3.459079753494554,20
2008-01-14,3.4939979014059452,20
2008-01-15,3.5408699499683873,20
2008-01-16,3.5249890628375162,20
2008-01-17,3.492435202963591,20
2008-01-18,3.514270892428503,20
2008-01-21,3.406033507626019,20
2008-01-22,3.217414947516575,20
2008-01-23,3.293647560405487,20
2008-01-24,3.3277422810246704,20
2008-01-25,3.333357593527789,20
2008-01-28,3.171134038988557,20
2008-01-29,3.213179393633358,20
2008-01-30,3.230192648330187,20
2008-01-31,3.2013168688995894,20
2008-02-01,3.129075465706361,20
2008-02-04,3.253559222176454,20
2008-02-05,3.265067757881109,20
2008-02-13,3.266775005136353,20
2008-02-14,3.300795491518572,20
2008-02-15,3.2965492443727866,20
2008-02-18,3.3580180431483817,20
2008-02-19,3.378028518352687,20
2008-02-20,3.350629523332577,20
2008-02-21,3.3601593057546144,20
2008-02-22,3.3223860011960316,20
2008-02-25,3.270420198723844,20
2008-02-26,3.274297838997252,20
2008-02-27,3.309109094192884,20
2008-02-28,3.3235035069740104,20
2008-02-29,3.3370551623009295,20
2008-03-03,3.383485397781451,20
2008-03-04,3.366038549798087,20
2008-03-05,3.36739718749519,20
2008-03-06,3.3699407342483068,20
2008-03-07,3.3509816108013437,20
2008-03-10,3.312127763648182,20
2008-03-11,3.328009289704365,20
2008-03-12,3.304396474439124,20
2008-03-13,3.2636776981867994,20
2008-03-14,3.256073962174468,20
2008-03-17,3.153500711278759,20
2008-03-18,3.0422658896017962,20
2008-03-19,3.0940105531724584,20
2008-03-20,3.1459894475964147,20
2008-03-21,3.1693594533611193,20
2008-03-24,3.156482292349649,20
2008-03-25,3.186227679923003,20
2008-03-26,3.1925534986736026,20
2008-03-27,3.1300318084072964,20
2008-03-28,3.1737757034180665,20
2008-03-31,3.1449598235934095,20
2008-04-01,3.0760233946691016,20
2008-04-02,3.040214304537968,20
2008-04-03,3.053460411829073,20
2008-04-07,3.0934849225356706,20
2008-04-08,3.1114504173018105,20
2008-04-09,3.075810258782399,20
2008-04-10,3.0891683907725214,20
2008-04-11,3.1037820781395764,20
2008-04-14,3.0555338387944415,20
2008-04-15,3.067992694876219,20
2008-04-16,3.059071670271022,20
2008-04-17,3.0336555285081235,20
2008-04-18,2.9937407268159535,20
2008-04-21,2.9830338698888683,20
2008-04-22,2.9642333940471928,20
2008-04-23,2.9965256808691767,20
2008-04-24,3.0651600466863598,20
2008-04-25,3.068815437617112,20
2008-04-28,3.061561284253412,20
2008-04-29,3.0680838521625025,20
2008-04-30,3.0920393587170447,20
2008-05-05,3.118180393963022,20
2008-05-06,3.113951439261506,18
2008-05-07,3.085612811721035,18
2008-05-08,3.1069063616948442,18
2008-05-09,3.1132795202353503,18
2008-05-12,3.1341907413744736,18
2008-05-13,3.14381982211996,18
2008-05-14,3.148811966967157,18
2008-05-15,3.1380903143467562,18
2008-05-16,3.1284007497061266,18
2008-05-19,3.131761443838358,18
2008-05-20,3.088691626217398,18
2008-05-21,3.102603357037182,18
2008-05-22,3.0928614894370448,18
2008-05-23,3.0863726512407634,18
2008-05-26,3.0624977114813587,18
2008-05-27,3.065875227710473,18
2008-05-28,3.083046141147194,18
2008-05-29,3.0689671118335933,18
2008-05-30,3.083269090796262,18
2008-06-02,3.0885908687646295,18
2008-06-03,3.0850151955850627,20
2008-06-04,3.074830738355782,20
2008-06-05,3.076189694007502,20
2008-06-06,3.0801795084566357,20
2008-06-10,3.017298559264475,20
2008-06-11,3.003008596292487,20
2008-06-12,2.9962477693407195,20
2008-06-13,2.9731714467431596,20
2008-06-16,2.975924071998763,20
2008-06-17,2.9646165485590035,20
2008-06-18,2.9921718563670803,20
2008-06-19,2.9370089719820096,20
2008-06-20,2.942891104969674,20
2008-06-23,2.93000486062398,20
2008-06-24,2.9432541564479906,20
2008-06-25,2.9772993180337255,20
2008-06-26,2.9837224917832663,20
2008-06-27,2.939425666100903,20
2008-06-30,2.9420905576315,20
2008-07-01,2.940368548421383,20
2008-07-02,2.951571482496893,20
2008-07-03,2.975296991650004,20
2008-07-04,2.971202509305977,20
2008-07-07,2.9979810346534106,20
2008-07-08,3.0070383643399525,20
2008-07-09,3.0258522068229268,20
2008-07-10,3.0211174609358156,20
2008-07-11,3.019705179394915,20
2008-07-14,3.0340606049674257,20
2008-07-15,3.015999582023386,20
2008-07-16,2.99152389050064,20
2008-07-17,2.9884909497831162,20
2008-07-18,3.005744827440274,20
2008-07-21,3.0324116618470685,20
2008-07-22,3.0314311906152867,20
2008-07-23,3.027251147558275,20
2008-07-24,3.0399675079485613,20
2008-07-25,3.0483640083040204,20
2008-07-28,3.0535669366660794,20
2008-07-29,3.039656115704509,20
2008-07-30,3.0427516123272413,20
2008-07-31,3.031121514605313,20
2008-08-01,3.0312956033002814,20
2008-08-04,3.0223129440749132,20
2008-08-05,3.0152035279735503,20
2008-08-06,3.015649587974881,20
2008-08-07,3.019656162355575,20
2008-08-08,2.976530310321866,20
2008-08-11,2.931875450771893,20
2008-08-12,2.9233226124134526,20
2008-08-13,2.924963418044838,20
2008-08-14,2.9256615063628995,20
2008-08-15,2.927049030433459,20
2008-08-18,2.8916900564420223,20
2008-08-19,2.89548346977508,20
2008-08-20,2.9405879269802733,20
2008-08-21,2.918300294797634,20
2008-08-22,2.910400530731763,20
2008-08-25,2.913257212241544,20
2008-08-26,2.8861611636025932,20
2008-08-27,2.881940703693535,20
2008-08-28,2.877895993603564,20
2008-08-29,2.8886977395865325,20
2008-09-01,2.869427380573079,20
2008-09-02,2.8725445131911664,20
2008-09-03,2.8691339785146113,20
2008-09-04,2.876034516330006,20
2008-09-05,2.854611053750617,20
2008-09-08,2.828318747218014,20
2008-09-09,2.832480564018373,20
2008-09-10,2.8371332201326913,20
2008-09-11,2.8330490564335893,20
2008-09-12,2.8367595765119376,20
2008-09-16,2.825359827103094,20
2008-09-17,2.813447382839282,20
2008-09-18,2.7964329431069794,20
2008-09-19,2.849847423631812,20
2008-09-22,2.8628324887576753,20
2008-09-23,2.8221554477546023,20
2008-09-24,2.828087408284142,20
2008-09-25,2.839951375347123,20
2008-09-26,2.842320376118188,20
2008-10-06,2.814565184351985,20
2008-10-07,2.81000262584023,20
2008-10-08,2.795644882877605,20
2008-10-09,2.7940344557806998,20
2008-10-10,2.7567892210275806,20
2008-10-13,2.7587722297413717,20
2008-10-14,2.747896166677342,20
2008-10-15,2.7435976054464453,20
2008-10-16,2.7106274567992323,20
2008-10-17,2.7175936660756306,20
2008-10-20,2.7341882889698623,20
2008-10-21,2.7365676242853754,20
2008-10-22,2.7240408653648074,20
2008-10-23,2.7297873462031372,20
2008-10-24,2.7276916561204745,20
2008-10-27,2.690166656034059,20
2008-10-28,2.7059495232191852,20
2008-10-29,2.704535001088549,20
2008-10-30,2.7095203526875693,20
2008-10-31,2.70088061951642,20
2008-11-03,2.7015990267046583,20
2008-11-04,2.693451273290725,20
2008-11-05,2.7100681661200263,20
2008-11-06,2.7057471013442265,20
2008-11-07,2.717572344345797,20
2008-11-10,2.753396049551591,20
2008-11-11,2.743964911987105,20
2008-11-12,2.7520887235402487,20
2008-11-13,2.7768690108500307,20
2008-11-14,2.7977269880731854,20
2008-11-17,2.824855270546375,20
2008-11-18,2.78498325041079,20
2008-11-19,2.826582252187032,20
2008-11-20,2.8297704538419053,20
2008-11-21,2.8158983418438304,20
2008-11-24,2.800040411107629,20
2008-11-25,2.7956201924958064,20
2008-11-26,2.797662430172712,20
2008-11-27,2.8056133063287367,20
2008-11-28,2.7992165749834457,20
2008-12-01,2.8294518030614273,20
2008-12-02,2.847479313865252,20
2008-12-03,2.8686414109093286,20
2008-12-04,2.861946932870615,20
2008-12-05,2.882180618902724,20
2008-12-08,2.906542630569102,20
2008-12-09,2.8911950330673672,20
2008-12-10,2.9092730300715774,20
2008-12-11,2.895479627167045,20
2008-12-12,2.8726685434569874,20
2008-12-15,2.878844321200854,20
2008-12-16,2.890022150819574,20
2008-12-17,2.900381471198919,20
2008-12-18,2.911756487038198,20
2008-12-19,2.924986130729547,20
2008-12-22,2.9416755759275954,20
2008-12-23,2.904175143452103,20
2008-12-24,2.8958109103947502,20
2008-12-25,2.905046420192899,20
2008-12-26,2.918184876481271,20
2008-12-29,2.9121435479267723,20
2008-12-30,2.9254920901704624,20
2008-12-31,2.92156982260834,20
2009-01-05,2.939126512879177,20
2009-01-06,2.9480253982147477,20
2009-01-07,2.9471922562028814,20
2009-01-08,2.9402701395059023,20
2009-01-09,2.9684662306800056,20
2009-01-12,2.972868250702988,20
2009-01-13,2.9543633187688485,20
2009-01-14,2.975483890415774,20
2009-01-15,2.9758712540886605,20
2009-01-16,2.9709586598540114,20
2009-01-19,2.968238235702323,20
2009-01-20,2.9778322124400116,20
2009-01-21,2.976068659468624,20
2009-01-22,2.978521226315691,20
2009-01-23,2.9813981652205186,20
2009-02-02,2.99480780344491,20
2009-02-03,3.009848738258097,20
2009-02-04,3.0166655078834577,20
2009-02-05,3.014832734079138,20
2009-02-06,3.0455782086388266,20
2009-02-09,3.06623319990247,20
2009-02-10,3.0810827880214955,20
2009-02-11,3.080026505539162,20
2009-02-12,3.0886753004869423,20
2009-02-13,3.1049762002502117,20
2009-02-16,3.110670447067661,20
2009-02-17,3.0946975130820142,20
2009-02-18,3.0709662245975937,20
2009-02-19,3.085944845138908,20
2009-02-20,3.1034958377593367,20
2009-02-23,3.120884324001635,20
2009-02-24,3.0974433636419483,20
2009-02-25,3.1078628413842355,20
2009-02-26,3.0720084704691084,20
2009-02-27,3.039268804557933,20
2009-03-02,3.0574790924445496,20
2009-03-03,3.0803724878522414,20
2009-03-04,3.1513493851665677,20
2009-03-05,3.1777686962503773,20
2009-03-06,3.1623786673878134,20
2009-03-09,3.1148937589599717,20
2009-03-10,3.1483506782623345,20
2009-03-11,3.151399138157601,20
2009-03-12,3.146321666852059,20
2009-03-13,3.1578588124981875,20
2009-03-16,3.1773406001131277,20
2009-03-17,3.2141750554160438,20
2009-03-18,3.2224414617617216,20
2009-03-19,3.245293778894758,20
2009-03-20,3.235552823498627,20
2009-03-23,3.251774262669023,20
2009-03-24,3.2753643758980258,20
2009-03-25,3.24853457554395,20
2009-03-26,3.2747140776511956,20
2009-03-27,3.270418037146134,20
2009-03-30,3.283526043434169,20
2009-03-31,3.304142475298131,20
2009-04-01,3.32603792314342,20
2009-04-02,3.3472191573211116,20
2009-04-03,3.353412260053927,20
2009-04-07,3.3838330566155705,20
2009-04-08,3.3430910157034,20
2009-04-09,3.3823490563734846,20
2009-04-10,3.4333122263771805,20
2009-04-13,3.4640159827497388,20
2009-04-14,3.5377730343721088,20
2009-04-15,3.56799250681835,20
2009-04-16,3.564362356229011,20
2009-04-17,3.529744096666735,20
2009-04-20,3.5689800143579578,20
2009-04-21,3.5452338551045406,20
2009-04-22,3.4523823488042567,20
2009-04-23,3.484249675104729,20
2009-04-24,3.47403524808406,20
2009-04-27,3.444961136331848,20
2009-04-28,3.45870406248519,20
2009-04-29,3.4750774163700826,20
2009-04-30,3.4973845783525643,20
2009-05-04,3.5555652559237325,20
2009-05-05,3.5670139842548325,20
2009-05-06,3.5854821058503124,20
2009-05-07,3.554345441438575,20
2009-05-08,3.545539862513341,20
2009-05-11,3.490820983113183,20
2009-05-12,3.517686960295284,20
2009-05-13,3.53856034280097,20
2009-05-14,3.548884722883078,20
2009-05-15,3.5675884010372645,20
2009-05-18,3.557748509225975,20
2009-05-19,3.572830094412721,20
2009-05-20,3.5542411993708733,20
2009-05-21,3.530976843842182,20
2009-05-22,3.5304056192995614,20
2009-05-25,3.5323684862145197,20
2009-05-26,3.5595288142897883,20
2009-05-27,3.5519130950815185,20
2009-06-01,3.579970400972662,20
2009-06-02,3.5714195600379988,20
2009-06-03,3.581960398103771,20
2009-06-04,3.582314893764435,20
2009-06-05,3.567291439636917,20
2009-06-08,3.596416510392322,20
2009-06-09,3.590322217861214,20
2009-06-10,3.628042486514096,20
2009-06-11,3.6224604871676522,20
2009-06-12,3.594467321962347,20
2009-06-15,3.6447485003799875,20
2009-06-16,3.64672666181229,20
2009-06-17,3.646020370449027,20
2009-06-18,3.656066058288397,20
2009-06-19,3.6840847790499156,20
2009-06-22,3.6839661425603434,20
2009-06-23,3.6924669265963908,20
2009-06-24,3.7120918954413407,20
2009-06-25,3.742630999422753,20
2009-06-26,3.752732997746772,20
2009-06-29,3.732987635361476,20
2009-06-30,3.7033898560199408,20
2009-07-01,3.6912892651145337,20
2009-07-02,3.7085714161143764,20
2009-07-03,3.718543167064872,20
2009-07-06,3.7203284447221368,20
2009-07-07,3.764322613942215,20
2009-07-08,3.7996038520491013,20
2009-07-09,3.8744830642001555,20
2009-07-10,3.8763879810716113,20
2009-07-13,3.9023431332060037,20
2009-07-14,3.9788382342856767,20
2009-07-15,4.031030736431785,20
2009-07-16,4.008213745798149,20
2009-07-17,4.0144830749741685,20
2009-07-20,4.0581070653131155,20
2009-07-21,3.9809742283810787,20
2009-07-22,4.014073735584569,20
2009-07-23,4.034702717731738,20
2009-07-24,4.032111108497585,20
2009-07-27,4.069147088749045,20
2009-07-28,4.094283491166606,20
2009-07-29,3.9357511817958875,20
2009-07-30,3.9905176313592077,20
2009-07-31,4.072822017613981,20
2009-08-03,4.153493216001556,20
2009-08-04,4.1894090427417305,20
2009-08-05,4.257779825255043,20
2009-08-06,4.277678363576686,20
2009-08-07,4.216643852389987,20
2009-08-10,4.2861597766208765,20
2009-08-11,4.275162332220307,20
2009-08-12,4.108329311085335,20
2009-08-13,4.121401983920672,20
2009-08-14,3.9497180285792344,20
2009-08-17,3.7462223999928894,20
2009-08-18,3.81479801363377,20
2009-08-19,3.662534104426414,20
2009-08-20,3.7642369100015123,20
2009-08-21,3.8728979082479023,20
2009-08-24,3.910669537176018,20
2009-08-25,3.863794077253649,20
2009-08-26,3.9759380043513284,20
2009-08-27,4.0351072483021335,20
2009-08-28,3.9794624191100225,20
2009-08-31,3.8121121445805257,20
2009-09-01,3.8035156467690157,20
2009-09-02,3.8429383803310277,20
2009-09-03,3.9442038914856723,20
2009-09-04,3.9603811364604797,20
2009-09-07,3.994558401737727,20
2009-09-08,4.032099285613211,20
2009-09-09,4.048586061438825,20
2009-09-10,4.024142908007807,20
2009-09-11,4.0488446091196755,20
2009-09-14,4.125611714432267,20
2009-09-15,4.169991487326489,20
2009-09-16,4.194566291917649,20
2009-09-17,4.295640595449548,20
2009-09-18,4.2123066115746495,20
2009-09-21,4.267100967781938,20
2009-09-22,4.209176860081853,20
2009-09-23,4.190788247340768,20
2009-09-24,4.139776354660141,20
2009-09-25,4.148889291484012,20
2009-09-28,4.077969825379279,20
2009-09-29,4.004671676733394,20
2009-09-30,4.018855980693436,20
2009-10-09,4.118621988016646,20
2009-10-12,4.122718086243085,20
2009-10-13,4.15898116455103,20
2009-10-14,4.175370910198818,20
2009-10-15,4.201983529927544,20
2009-10-16,4.197533834899054,20
2009-10-19,4.254398615824023,20
2009-10-20,4.293448430480682,20
2009-10-21,4.2701875020897075,20
2009-10-22,4.292707665507311,20
2009-10-23,4.333126574232539,20
2009-10-26,4.346100286373564,20
2009-10-27,4.329077131541044,20
2009-10-28,4.356847533279803,20
2009-10-29,4.330772144252052,20
2009-10-30,4.348601674222532,20
2009-11-02,4.407601561244608,20
2009-11-03,4.473373953870236,20
2009-11-04,4.498692703602778,20
2009-11-05,4.5416223216711415,20
2009-11-06,4.550217977246273,20
2009-11-09,4.571736291777704,20
2009-11-10,4.576819482624383,20
2009-11-11,4.587308524574629,20
2009-11-12,4.60502326658543,20
2009-11-13,4.63855663806562,20
2009-11-16,4.723627097653227,20
2009-11-17,4.750169346126791,20
2009-11-18,4.802081374504767,20
2009-11-19,4.854146691105406,20
2009-11-20,4.895328662393112,20
2009-11-23,4.9287517943502985,20
2009-11-24,4.772727279545416,20
2009-11-25,4.871464464833357,20
2009-11-26,4.749544821947334,20
2009-11-27,4.713070914584341,20
2009-11-30,4.842358260150846,20
2009-12-01,4.936124901934475,20
2009-12-02,4.986572060575559,20
2009-12-03,5.018169611592722,20
2009-12-04,4.91898823109411,20
2009-12-07,5.0114287605764565,20
2009-12-08,5.0457163165947705,20
2009-12-09,5.034797622320513,20
2009-12-10,5.106307315369879,20
2009-12-11,5.104058513119664,20
2009-12-14,5.113867336263054,20
2009-12-15,5.136820629720548,20
2009-12-16,5.091245461123258,20
2009-12-17,4.983143600188557,20
2009-12-18,4.895103674376475,20
2009-12-21,4.967335059812863,20
2009-12-22,4.938437718521973,20
2009-12-23,5.027275742775522,20
2009-12-24,5.127325408890591,20
2009-12-25,5.142187553749957,20
2009-12-28,5.176554212417385,20
2009-12-29,5.192600632423505,20
2009-12-30,5.1458223733118,20
2009-12-31,5.1969031456215875,20
2010-01-04,5.232890772277508,20
2010-01-05,5.284760017675237,20
2010-01-06,5.275963291146482,20
2010-01-07,5.215267104632882,20
2010-01-08,5.240512243071817,20
2010-01-11,5.296778282566868,20
2010-01-12,5.394236866832679,20
2010-01-13,5.40441007119821,20
2010-01-14,5.497685243444843,20
2010-01-15,5.547480535955209,20
2010-01-18,5.591906159585903,20
2010-01-19,5.58964498641451,20
2010-01-20,5.431068982394725,20
2010-01-21,5.470781608467724,20
2010-01-22,5.371825711652258,20
2010-01-25,5.3273118624968605,20
2010-01-26,5.211568615092602,20
2010-01-27,5.222009681134371,20
2010-01-28,5.293477634320969,20
2010-01-29,5.323180282463316,20
2010-02-01,5.274510751335177,20
2010-02-02,5.273711996098891,20
2010-02-03,5.301162038093812,20
2010-02-04,5.334995700927237,20
2010-02-05,5.250607253809996,20
2010-02-08,5.242681525758012,20
2010-02-09,5.250961576580842,20
2010-02-10,5.2827038207384165,20
2010-02-11,5.278910434159281,20
2010-02-12,5.316279775532907,20
2010-02-22,5.322456684448042,20
2010-02-23,5.329731978526769,20
2010-02-24,5.426766992373442,20
2010-02-25,5.499359203758626,20
2010-02-26,5.486125437046471,20
2010-03-01,5.545818668669657,20
2010-03-02,5.562311247436083,20
2010-03-03,5.613112794299957,20
2010-03-04,5.5358660301588944,20
2010-03-05,5.562575129639808,20
2010-03-08,5.596339287232368,20
2010-03-09,5.594355494741649,20
2010-03-10,5.563959543556537,20
2010-03-11,5.57096670530653,20
2010-03-12,5.551581909279722,20
2010-03-15,5.515619098418474,20
2010-03-16,5.543648296767516,20
2010-03-17,5.644747422849341,20
2010-03-18,5.654092679124033,20
2010-03-19,5.692934810696541,20
2010-03-22,5.697069752483799,20
2010-03-23,5.67658605804576,20
2010-03-24,5.7142202677293,20
2010-03-25,5.698021222749589,20
2010-03-26,5.7543561032176775,20
2010-03-29,5.749030615738902,20
2010-03-30,5.812366041486211,20
2010-03-31,5.862774239509403,20
2010-04-01,5.893070346080814,20
2010-04-02,5.9225314550107795,20
2010-04-06,5.933710870957581,20
2010-04-07,5.958855301760709,20
2010-04-08,5.959744726199975,20
2010-04-09,6.0234188754572475,20
2010-04-12,6.1065198654038895,20
2010-04-13,6.06053397530296,20
2010-04-14,6.077491653750184,20
2010-04-15,6.021807646072937,20
2010-04-16,6.020517191610953,20
2010-04-19,5.911824948109803,20
2010-04-20,5.995042906814162,20
2010-04-21,6.0995180672209734,20
2010-04-22,6.169605198536342,20
2010-04-23,6.152330034456787,20
2010-04-26,6.11865011459056,20
2010-04-27,6.026895743762653,20
2010-04-28,6.031224686385853,20
2010-04-29,5.894690259855797,20
2010-04-30,5.756463239319392,20
2010-05-04,5.777606410779293,20
2010-05-05,5.85849182070826,20
2010-05-06,5.781203158530188,20
2010-05-07,5.708120679725979,20
2010-05-10,5.610881933770535,20
2010-05-11,5.5408369126035,20
2010-05-12,5.454083825328233,20
2010-05-13,5.538662598439626,20
2010-05-14,5.561418323611595,20
2010-05-17,5.388731210032466,20
2010-05-18,5.432040871427152,20
2010-05-19,5.441551843194219,20
2010-05-20,5.392350739808235,20
2010-05-21,5.441146059920396,20
2010-05-24,5.572069877858705,20
2010-05-25,5.571131737083365,20
2010-05-26,5.573444569059462,20
2010-05-27,5.6377119457593325,20
2010-05-28,5.683853074921369,20
2010-05-31,5.65097506942208,20
2010-06-01,5.621185663305856,20
2010-06-02,5.646415645479822,20
2010-06-03,5.6683132422636975,20
2010-06-04,5.696745497836957,20
2010-06-07,5.714939877826859,20
2010-06-08,5.719981745854055,20
2010-06-09,5.738555901227004,20
2010-06-10,5.7436331731635475,20
2010-06-11,5.738727950794551,20
2010-06-17,5.7211095420809235,20
2010-06-18,5.646704687839731,20
2010-06-21,5.685063725023986,20
2010-06-22,5.698701830449865,20
2010-06-23,5.692428625822951,20
2010-06-24,5.694277276545499,20
2010-06-25,5.675138274563845,20
2010-06-28,5.657658371842631,20
2010-06-29,5.5774215302006676,20
2010-06-30,5.550119483605902,20
2010-07-01,5.539205415678079,20
2010-07-02,5.520015223346366,19
2010-07-05,5.517049848806022,19
2010-07-06,5.554939730682226,19
2010-07-07,5.571335863942763,19
2010-07-08,5.577656286012556,19
2010-07-09,5.612093015442963,19
2010-07-12,5.628334245960264,19
2010-07-13,5.625703763731928,19
2010-07-14,5.642391492785336,19
2010-07-15,5.618708780765916,19
2010-07-16,5.6295716216743745,19
2010-07-19,5.660288794777179,19
2010-07-20,5.6928787569104715,19
2010-07-21,5.694560836094824,19
2010-07-22,5.718060698060788,19
2010-07-23,5.71535646377122,19
2010-07-26,5.74262774370797,19
2010-07-27,5.7569724881207645,19
2010-07-28,5.785159050142705,19
2010-07-29,5.790692836701339,19
2010-07-30,5.794920717698576,19
2010-08-02,5.816138580485855,19
2010-08-03,5.809643052263556,20
2010-08-04,5.823406415629804,20
2010-08-05,5.830186276563991,20
2010-08-06,5.853063666528502,20
2010-08-09,5.868872228718198,20
2010-08-10,5.826594480857031,20
2010-08-11,5.843596769611602,20
2010-08-12,5.831306298629385,20
2010-08-13,5.8581118531107075,20
2010-08-16,5.882796856342031,20
2010-08-17,5.894195829981146,20
2010-08-18,5.903328871903113,20
2010-08-19,5.899804452273664,20
2010-08-20,5.8737877665401665,20
2010-08-23,5.881379255295973,20
2010-08-24,5.902601326209958,20
2010-08-25,5.897775841542441,20
2010-08-26,5.910213569966563,20
2010-08-27,5.926319578654069,20
2010-08-30,5.958494972774825,20
2010-08-31,5.988610083415529,20
2010-09-01,5.940268790613135,20
2010-09-02,5.980485987120797,20
2010-09-03,6.0093037319989895,20
2010-09-06,6.007043995830468,20
2010-09-07,6.009473295202455,20
2010-09-08,6.0255327438016195,20
2010-09-09,6.011053615863126,20
2010-09-10,6.023773031374725,20
2010-09-13,6.055043689030406,20
2010-09-14,6.072212745883413,20
2010-09-15,6.051987914010964,20
2010-09-16,5.970790043408011,20
2010-09-17,5.978682016785115,20
2010-09-20,5.9484595151725115,20
2010-09-21,5.949780871743799,20
2010-09-27,6.0015360363075585,20
2010-09-28,5.971053037349488,20
2010-09-29,5.9485930558826725,20
2010-09-30,6.0267895313732485,20
2010-10-08,6.116286622325696,20
2010-10-11,6.09564662151094,20
2010-10-12,6.116664588001776,20
2010-10-13,6.120271800889938,20
2010-10-14,6.029870084807603,20
2010-10-15,5.997947945049242,20
2010-10-18,5.947747442070343,20
2010-10-19,6.077648983156517,20
2010-10-20,6.058056115880338,20
2010-10-21,6.067133394618244,20
2010-10-22,6.119892906158585,20
2010-10-25,6.20801963470241,20
2010-10-26,6.202235821862026,20
2010-10-27,6.186517327355227,20
2010-10-28,6.193595428274889,20
2010-10-29,6.232913258894365,20
2010-11-01,6.34306650770957,20
2010-11-02,6.250782113204428,20
2010-11-03,6.159782506847898,20
2010-11-04,6.210397357789952,20
2010-11-05,6.296958230963936,20
2010-11-08,6.423595180805189,20
2010-11-09,6.492644957659635,20
2010-11-10,6.541017350166542,20
2010-11-11,6.487727848484654,20
2010-11-12,6.170425630512409,20
2010-11-15,6.340712628799506,20
2010-11-16,6.309275533923275,20
2010-11-17,6.199774030151846,20
2010-11-18,6.272451694596649,20
2010-11-19,6.4241061695951105,20
2010-11-22,6.560248728627416,20
2010-11-23,6.572100597203638,20
2010-11-24,6.661781181931842,20
2010-11-25,6.615985441616461,20
2010-11-26,6.627453722478478,20
2010-11-29,6.671377296608416,20
2010-11-30,6.494209821200673,20
2010-12-01,6.539480008904646,20
2010-12-02,6.57500750723824,20
2010-12-03,6.544288405468542,20
2010-12-06,6.47928687531917,20
2010-12-07,6.576962925926688,20
2010-12-08,6.608625812878236,20
2010-12-09,6.517335240032987,20
2010-12-10,6.60738497195484,20
2010-12-13,6.735083654799371,20
2010-12-14,6.799391916772238,20
2010-12-15,6.810009121551678,20
2010-12-16,6.810762453689361,20
2010-12-17,6.841911626162905,20
2010-12-20,6.819859200531909,20
2010-12-21,6.904645506737722,20
2010-12-22,6.873882095507027,20
2010-12-23,6.762262555848116,20
2010-12-24,6.677088668737176,20
2010-12-27,6.52885934609538,20
2010-12-28,6.461410700272763,20
2010-12-29,6.554911472658029,20
2010-12-30,6.569133623569362,20
2010-12-31,6.6500808694526965,20
2011-01-04,6.749725973646169,20
2011-01-05,6.776330832436085,20
2011-01-06,6.774541341306709,20
2011-01-07,6.7455788702545325,20
2011-01-10,6.631703576958142,20
2011-01-11,6.553401404889731,20
2011-01-12,6.582181619058933,20
2011-01-13,6.595014035244045,20
2011-01-14,6.500179714138066,20
2011-01-17,6.277144322051125,20
2011-01-18,6.286787068434309,20
2011-01-19,6.3930858386096,20
2011-01-20,6.2249073249516895,20
2011-01-21,6.26719667953784,20
2011-01-24,6.2075950489829905,20
2011-01-25,6.175275401779015,20
2011-01-26,6.22006991281041,20
2011-01-27,6.280890298380139,20
2011-01-28,6.329538671170439,20
2011-01-31,6.349173670418739,20
2011-02-01,6.347230071239284,20
2011-02-09,6.308573408812482,20
2011-02-10,6.451455885506745,20
2011-02-11,6.489405905679732,20
2011-02-14,6.544484413600664,20
2011-02-15,6.574199409634273,20
2011-02-16,6.632541299836753,20
2011-02-17,6.66092144701215,20
2011-02-18,6.599319643171938,20
2011-02-21,6.6783167017629275,20
2011-02-22,6.590642032748474,20
2011-02-23,6.6174455133253165,20
2011-02-24,6.636510757747082,20
2011-02-25,6.6293350763370755,20
2011-02-28,6.690024402587653,20
2011-03-01,6.693589479261375,20
2011-03-02,6.694191279189721,20
2011-03-03,6.602507035438356,20
2011-03-04,6.62682311572445,20
2011-03-07,6.63791012731094,20
2011-03-08,6.683933743804247,20
2011-03-09,6.705232840798407,20
2011-03-10,6.719790571158085,20
2011-03-11,6.728382443634069,20
2011-03-14,6.754777321994341,20
2011-03-15,6.7130230177803485,20
2011-03-16,6.748847503423828,20
2011-03-17,6.664348832128443,20
2011-03-18,6.725648441445914,20
2011-03-21,6.706404470822572,20
2011-03-22,6.681444950834954,20
2011-03-23,6.748744351814585,20
2011-03-24,6.7302378221979655,20
2011-03-25,6.733559114069101,20
2011-03-28,6.7333579317770536,20
2011-03-29,6.606034403305867,20
2011-03-30,6.5708628355219565,20
2011-03-31,6.552858652445533,20
2011-04-01,6.59855670241324,20
2011-04-06,6.560365957469459,20
2011-04-07,6.583138614996555,20
2011-04-08,6.656625195512997,20
2011-04-11,6.612684954498202,20
2011-04-12,6.602902815745005,20
2011-04-13,6.674043434717132,20
2011-04-14,6.65742879113929,20
2011-04-15,6.668680893546071,20
2011-04-18,6.656127103676853,20
2011-04-19,6.632700593449933,20
2011-04-20,6.669101608884415,20
2011-04-21,6.723354234569653,20
2011-04-22,6.732923643633246,20
2011-04-25,6.691319258370203,20
2011-04-26,6.56979231305307,20
2011-04-27,6.471228326287226,20
2011-04-28,6.289633981302055,20
2011-04-29,6.373509935895997,20
2011-05-03,6.446138597905207,20
2011-05-04,6.36493743056406,20
2011-05-05,6.421589425158473,20
2011-05-06,6.452978318221764,20
2011-05-09,6.488053538748683,20
2011-05-10,6.484720909946876,20
2011-05-11,6.497209221005802,20
2011-05-12,6.430983666998413,20
2011-05-13,6.4335355290545495,20
2011-05-16,6.420933480997765,20
2011-05-17,6.3756236042099115,20
2011-05-18,6.376133565365821,20
2011-05-19,6.380885687089632,20
2011-05-20,6.345849847836534,20
2011-05-23,6.168454558006901,20
2011-05-24,6.244459351541057,20
2011-05-25,6.13825526010782,20
2011-05-26,6.077905324255824,20
2011-05-27,5.9972575336221094,20
2011-05-30,5.999504036754908,20
2011-05-31,6.033851563355518,20
2011-06-01,6.055019031054919,20
2011-06-02,6.018617466868863,20
2011-06-03,6.037007423323253,20
2011-06-07,6.043257713238909,20
2011-06-08,6.046769059808364,20
2011-06-09,6.00893282815078,20
2011-06-10,5.993948705323268,20
2011-06-13,5.991044661193341,20
2011-06-14,6.013839115930482,20
2011-06-15,5.997070727834869,20
2011-06-16,5.964574989889172,20
2011-06-17,5.945871663331763,20
2011-06-20,5.923055950514516,20
2011-06-21,5.940909895126004,20
2011-06-22,5.95396412722303,20
2011-06-23,5.993747948167119,20
2011-06-24,6.038862661591847,20
2011-06-27,6.065930636176049,20
2011-06-28,6.060291862134857,20
2011-06-29,6.041954049536095,20
2011-06-30,6.055819229474596,20
2011-07-01,6.055422276734708,20
2011-07-04,6.102562964610082,20
2011-07-05,6.1021406879461635,20
2011-07-06,6.120932515246797,20
2011-07-07,6.138404450181252,20
2011-07-08,6.129139319098407,20
2011-07-11,6.147069614025639,20
2011-07-12,6.11893043277061,20
2011-07-13,6.157816249694109,20
2011-07-14,6.174994090007642,20
2011-07-15,6.199283973991039,20
2011-07-18,6.203161893560458,20
2011-07-19,6.17667453455812,20
2011-07-20,6.182657933056535,20
2011-07-21,6.164010908988112,20
2011-07-22,6.167119329619526,20
2011-07-25,6.0972985371938435,20
2011-07-26,6.116632485051265,20
2011-07-27,6.1544696731957655,20
2011-07-28,6.15062369709883,20
2011-07-29,6.15526991263201,20
2011-08-01,6.154977781785884,20
2011-08-02,6.159136682054542,20
2011-08-03,6.1868315424197435,20
2011-08-04,6.1861311469215,20
2011-08-05,6.145889850320875,20
2011-08-08,6.0573221286244046,20
2011-08-09,6.050746210722582,20
2011-08-10,6.077353063967085,20
2011-08-11,6.122651288343569,20
2011-08-12,6.149023722088356,20
2011-08-15,6.164421550346591,20
2011-08-16,6.156165891564829,20
2011-08-17,6.1653000746655255,20
2011-08-18,6.135995560443589,20
2011-08-19,6.131544386106494,20
2011-08-22,6.140895935316097,20
2011-08-23,6.181890372289204,20
2011-08-24,6.1837965295620805,20
2011-08-25,6.201482121947557,20
2011-08-26,6.219115575150913,20
2011-08-29,6.213373347481612,20
2011-08-30,6.201221879484533,20
2011-08-31,6.188971751764238,20
2011-09-01,6.173950630352106,20
2011-09-02,6.173218026096715,20
2011-09-05,6.152068429696404,20
2011-09-06,6.129570764268153,20
2011-09-07,6.172359663103781,20
2011-09-08,6.166571055499077,20
2011-09-09,6.16255652265312,20
2011-09-13,6.138244959423949,20
2011-09-14,6.156385903928921,20
2011-09-15,6.1549952539146835,20
2011-09-16,6.159653304205044,20
2011-09-19,6.126887165833617,20
2011-09-20,6.134177137666651,20
2011-09-21,6.172922756643692,20
2011-09-22,6.13295298064401,20
2011-09-23,6.120753392197768,20
2011-09-26,6.102667100384755,20
2011-09-27,6.109777658426256,20
2011-09-28,6.089659990440481,20
2011-09-29,6.047508663920451,20
2011-09-30,6.05425685214871,20
2011-10-10,6.030245245724988,20
2011-10-11,6.015692740051879,20
2011-10-12,6.055166116580849,20
2011-10-13,6.068782961985163,20
2011-10-14,6.0539928846383715,20
2011-10-17,6.065375439873316,20
2011-10-18,6.031147739923089,20
2011-10-19,6.0254383070082485,20
2011-10-20,5.988784995712694,20
2011-10-21,5.965239968740454,20
2011-10-24,5.982633277684499,20
2011-10-25,6.020415548321611,20
2011-10-26,6.046690435851949,20
2011-10-27,6.046056570825722,20
2011-10-28,6.075879435809703,20
2011-10-31,6.094824610912909,20
2011-11-01,6.08438062002647,20
2011-11-02,6.113282832572182,20
2011-11-03,6.112296516319398,20
2011-11-04,6.12153107789261,20
2011-11-07,6.125906273129955,20
2011-11-08,6.109791351376371,20
2011-11-09,6.131247655904916,20
2011-11-10,6.1399488722390165,20
2011-11-11,6.151134776234058,20
2011-11-14,6.185978440145888,20
2011-11-15,6.188043383595922,20
2011-11-16,6.157503029421824,20
2011-11-17,6.161844555793503,20
2011-11-18,6.130714224137641,20
2011-11-21,6.126071251507264,20
2011-11-22,6.131233383814427,20
2011-11-23,6.134492344023489,20
2011-11-24,6.128611545467066,20
2011-11-25,6.119595146072123,20
2011-11-28,6.124259601004811,20
2011-11-29,6.156859663474976,20
2011-11-30,6.103002244321757,20
2011-12-01,6.118633305327652,20
2011-12-02,6.099133767704914,20
2011-12-05,6.0702764668692515,20
2011-12-06,6.070319067864532,20
2011-12-07,6.078604785905857,20
2011-12-08,6.086779620590385,20
2011-12-09,6.072734252667971,20
2011-12-12,6.056768302222822,20
2011-12-13,6.019313818287297,20
2011-12-14,6.0025525869300544,20
2011-12-15,5.981084185202532,20
2011-12-16,6.010545118873907,20
2011-12-19,6.00482324194902,20
2011-12-20,5.999990712682843,20
2011-12-21,5.977369364811251,20
2011-12-22,5.952153231869423,20
2011-12-23,5.957826149517137,20
2011-12-26,5.949373453335195,20
2011-12-27,5.917212260700731,20
2011-12-28,5.894847664282304,20
2011-12-29,5.899940806116478,20
2011-12-30,5.925026204682675,20
2012-01-04,5.893201023843563,20
2012-01-05,5.843454180533682,20
2012-01-06,5.835808354450849,20
2012-01-09,5.874511245181518,20
2012-01-10,5.916212714170255,20
2012-01-11,5.917946121506527,20
2012-01-12,5.905957896576903,20
2012-01-13,5.851802045560112,20
2012-01-16,5.799346419243141,20
2012-01-17,5.848899217434579,20
2012-01-18,5.816456845016212,20
2012-01-19,5.823990799375297,20
2012-01-20,5.844301381780303,20
2012-01-30,5.843821583573002,20
2012-01-31,5.8427515044846166,20
2012-02-01,5.837821956318047,20
2012-02-02,5.854959006416013,20
2012-02-03,5.873825624029983,20
2012-02-06,5.8850933325345585,20
2012-02-07,5.860447435679268,20
2012-02-08,5.8868584325897375,20
2012-02-09,5.898025618899451,20
2012-02-10,5.898371716184066,20
2012-02-13,5.912931882866221,20
2012-02-14,5.912685410737095,20
2012-02-15,5.9326178692917315,20
2012-02-16,5.9368807242350226,20
2012-02-17,5.9304119854053425,20
2012-02-20,5.931572111439345,20
2012-02-21,5.948569580450428,20
2012-02-22,5.973672222383382,20
2012-02-23,5.981647504744181,20
2012-02-24,5.987485695411652,20
2012-02-27,5.98515305325801,20
2012-02-28,5.965143030176761,20
2012-02-29,5.944516871344006,20
2012-03-01,5.949235024642077,20
2012-03-02,5.973023007862455,20
2012-03-05,5.971235830333854,20
2012-03-06,5.960772540285081,20
2012-03-07,5.963403628358701,20
2012-03-08,5.974757882728602,20
2012-03-09,6.000525135335032,20
2012-03-12,6.008947375944864,20
2012-03-13,6.027062068740194,20
2012-03-14,5.9801153406134295,20
2012-03-15,5.980335825207729,20
2012-03-16,6.016894443746105,20
2012-03-19,6.033041000354256,20
2012-03-20,6.001644911275202,20
2012-03-21,6.0078937828654215,20
2012-03-22,6.005737484276112,20
2012-03-23,5.978335136185626,20
2012-03-26,5.9711125822338875,20
2012-03-27,5.965490385123229,20
2012-03-28,5.899348624555764,20
2012-03-29,5.870673728721324,20
2012-03-30,5.864594083255829,20
2012-04-05,5.891658268951763,20
2012-04-06,5.896982469879743,19
2012-04-09,5.877746205604108,19
2012-04-10,5.890716327154246,19
2012-04-11,5.893482767601919,19
2012-04-12,5.922602360070802,19
2012-04-13,5.933249855869862,19
2012-04-16,5.937145118925952,19
2012-04-17,5.935275153086752,19
2012-04-18,5.955399402624325,19
2012-04-19,5.9574313938039385,19
2012-04-20,5.966568810474672,19
2012-04-23,5.936870104733689,19
2012-04-24,5.920204379278181,19
2012-04-25,5.945127411123957,19
2012-04-26,5.940662930933584,19
2012-04-27,5.943302863542815,19
2012-05-02,5.979656694895147,19
2012-05-03,5.984041283738468,20
2012-05-04,6.011634213403638,20
2012-05-07,6.041548464048322,20
2012-05-08,6.039621614772361,20
2012-05-09,6.005219221619182,20
2012-05-10,6.011772947703958,20
2012-05-11,5.99701389300232,20
2012-05-14,5.987586043741983,20
2012-05-15,5.970281136752186,20
2012-05-16,5.945196655610903,20
2012-05-17,5.975537139275498,20
2012-05-18,5.951207412909021,20
2012-05-21,5.951412554625505,20
2012-05-22,5.982382719253792,20
2012-05-23,5.990380882812823,20
2012-05-24,5.97695304502715,20
2012-05-25,5.94939990582955,20
2012-05-28,5.963351727059161,20
2012-05-29,5.990412909857782,20
2012-05-30,5.99620229655892,20
2012-05-31,6.016260612987745,20
2012-06-01,6.008155320871884,20
2012-06-04,5.945383031842044,20
2012-06-05,5.951096312519947,20
2012-06-06,5.9417643047248285,20
2012-06-07,5.933176456709763,20
2012-06-08,5.924315056303147,20
2012-06-11,5.973775337982384,20
2012-06-12,5.989226991012963,20
2012-06-13,6.034157174999237,20
2012-06-14,6.028904805817058,20
2012-06-15,6.038533452194369,20
2012-06-18,6.077863092224816,20
2012-06-19,6.072358500624018,20
2012-06-20,6.110232216063193,20
2012-06-21,6.0756540607103595,20
2012-06-25,6.016886808175396,20
2012-06-26,6.034513230087011,20
2012-06-27,6.0394148650754875,20
2012-06-28,6.031714818490562,20
2012-06-29,6.0726040245551385,20
2012-07-02,6.084739474073341,20
2012-07-03,6.0978640267226485,20
2012-07-04,6.093174050332159,20
2012-07-05,6.039536053458516,20
2012-07-06,6.069673984569136,20
2012-07-09,6.0282517649390135,20
2012-07-10,6.019560017453137,20
2012-07-11,6.025423384700888,20
2012-07-12,6.045196912635282,20
2012-07-13,6.03564584352081,20
2012-07-16,5.927956845932453,20
2012-07-17,5.938212768648879,20
2012-07-18,5.934001403069673,20
2012-07-19,5.968045928809072,20
2012-07-20,5.956301288514819,20
2012-07-23,5.94543503276737,20
2012-07-24,5.9589808176292705,20
2012-07-25,5.949907194696865,20
2012-07-26,5.9401311211696255,20
2012-07-27,5.932465142558156,20
2012-07-30,5.911721397988253,20
2012-07-31,5.8883533372722585,20
2012-08-01,5.897434967012609,20
2012-08-02,5.88488465691128,20
2012-08-03,5.919195653445397,20
2012-08-06,5.953017251100774,20
2012-08-07,5.967635967307812,20
2012-08-08,5.961852357323317,20
2012-08-09,5.983475077175996,20
2012-08-10,5.985937159435658,20
2012-08-13,5.956577846332912,20
2012-08-14,5.9647528141844415,20
2012-08-15,5.9447609128566095,20
2012-08-16,5.951901371023125,20
2012-08-17,5.952335481196757,20
2012-08-20,5.971902024336444,20
2012-08-21,6.012076955505438,20
2012-08-22,5.9985019563657715,20
2012-08-23,6.025513550218979,20
2012-08-24,5.998251001498341,20
2012-08-27,5.976583612945495,20
2012-08-28,6.001086345115947,20
2012-08-29,6.005129497173626,20
2012-08-30,5.974935125159848,20
2012-08-31,5.984148835138938,20
2012-09-03,6.002529403349456,20
2012-09-04,6.007281743405257,20
2012-09-05,6.031916816445468,20
2012-09-06,6.0422662738988775,20
2012-09-07,6.08428531927258,20
2012-09-10,6.088160709539122,20
2012-09-11,6.084534164397338,20
2012-09-12,6.0945395894851675,20
2012-09-13,6.076302384208364,20
2012-09-14,6.072207300609444,20
2012-09-17,6.02274650077037,20
2012-09-18,6.016094942005577,20
2012-09-19,6.026810042365388,20
2012-09-20,5.982937426396521,20
2012-09-21,5.962115137094542,20
2012-09-24,5.967121034036563,20
2012-09-25,5.962580592014446,20
2012-09-26,5.926946650030784,20
2012-09-27,5.955098314222731,20
2012-09-28,5.983068551848051,20
2012-10-08,5.970087298574846,20
2012-10-09,6.0069897599298905,20
2012-10-10,6.016754029426909,20
2012-10-11,5.993203181321402,20
2012-10-12,5.9951715280865585,20
2012-10-15,5.978797139469893,20
2012-10-16,5.980879831830581,20
2012-10-17,5.98468971448552,20
2012-10-18,6.001770633843328,20
2012-10-19,6.000358424864708,20
2012-10-22,6.014296809904872,20
2012-10-23,6.007041957863188,20
2012-10-24,6.000976396453944,20
2012-10-25,5.994237541077946,20
2012-10-26,5.971645160425982,20
2012-10-29,5.965357332902869,20
2012-10-30,5.975247704733453,20
2012-10-31,5.976412628607267,20
2012-11-01,5.9864687045546745,20
2012-11-02,5.990912963488401,20
2012-11-05,5.98971392139255,20
2012-11-06,5.982621610409548,20
2012-11-07,5.978952358219904,20
2012-11-08,5.955466186884034,20
2012-11-09,5.9593607080854465,20
2012-11-12,5.965098183366413,20
2012-11-13,5.947625675931714,20
2012-11-14,5.950409188115622,20
2012-11-15,5.919584691353699,20
2012-11-16,5.9087292204343065,20
2012-11-19,5.916343559690243,20
2012-11-20,5.912911106717356,20
2012-11-21,5.924718938615551,20
2012-11-22,5.924099301675502,20
2012-11-23,5.931431266242543,20
2012-11-26,5.920289299973679,20
2012-11-27,5.872223005982632,20
2012-11-28,5.850883494688012,20
2012-11-29,5.840419502830146,20
2012-11-30,5.848433963014247,20
2012-12-03,5.813114954992225,20
2012-12-04,5.822186026280867,20
2012-12-05,5.862532892549498,20
2012-12-06,5.858139716545643,20
2012-12-07,5.882520525829366,20
2012-12-10,5.898921222230833,20
2012-12-11,5.888301728934142,20
2012-12-12,5.887330001629782,20
2012-12-13,5.880040406044137,20
2012-12-14,5.9230986449914385,20
2012-12-17,5.9280658933304,20
2012-12-18,5.926580127610805,20
2012-12-19,5.931708919688965,20
2012-12-20,5.945345653735233,20
2012-12-21,5.957774887764865,20
2012-12-24,5.970248362610538,20
2012-12-25,6.002472525041297,20
2012-12-26,6.040579070516195,20
2012-12-27,6.009476065208846,20
2012-12-28,6.023780366064356,20
2012-12-31,6.025106941177677,20
2013-01-04,5.991501804538046,20
2013-01-07,6.057648738343507,20
2013-01-08,6.138076216424971,20
2013-01-09,6.123016418644279,20
2013-01-10,6.127214599747528,20
2013-01-11,6.111884619422548,20
2013-01-14,6.2288631864751975,20
2013-01-15,6.265760738665417,20
2013-01-16,6.227908695112347,20
2013-01-17,6.185088405255776,20
2013-01-18,6.223936156043368,20
2013-01-21,6.230619905260555,20
2013-01-22,6.159285215659583,20
2013-01-23,6.174004138690059,20
2013-01-24,6.102141463204902,20
2013-01-25,6.111530885632896,20
2013-01-28,6.20940338056603,20
2013-01-29,6.249761650065905,20
2013-01-30,6.233055173789003,20
2013-01-31,6.201143504262711,20
2013-02-01,6.2131084060948085,20
2013-02-04,6.185565815857122,20
2013-02-05,6.21874031224413,20
2013-02-06,6.240001788046631,20
2013-02-07,6.263051161536398,20
2013-02-08,6.331973378392771,20
2013-02-18,6.371283896367874,20
2013-02-19,6.300479981966246,20
2013-02-20,6.392558059754417,20
2013-02-21,6.335083842161965,20
2013-02-22,6.3564071512337295,20
2013-02-25,6.426275871943859,20
2013-02-26,6.4056954477984105,20
2013-02-27,6.410790229498433,20
2013-02-28,6.498869402747518,20
2013-03-01,6.609750827685547,20
2013-03-04,6.463565734778566,20
2013-03-05,6.568405611675977,20
2013-03-06,6.684898168303124,20
2013-03-07,6.63985745519068,20
2013-03-08,6.620835406060858,20
2013-03-11,6.607643039229547,20
2013-03-12,6.430456141230114,20
2013-03-13,6.409167847204276,20
2013-03-14,6.40632677475219,20
2013-03-15,6.4481773747039925,20
2013-03-18,6.345398547311189,20
2013-03-19,6.352278777501125,20
2013-03-20,6.492902062599749,20
2013-03-21,6.553373266484124,20
2013-03-22,6.5467735246364365,20
2013-03-25,6.547603138211859,20
2013-03-26,6.485152026868485,20
2013-03-27,6.5095656362003185,20
2013-03-28,6.339864032763277,20
2013-03-29,6.324004167307481,20
2013-04-01,6.33395797759382,20
2013-04-02,6.239342105825866,20
2013-04-03,6.176157543352371,20
2013-04-08,6.126679159391207,20
2013-04-09,6.1642730152302985,20
2013-04-10,6.144780232021288,20
2013-04-11,6.184004951506773,20
2013-04-12,6.164555722733098,20
2013-04-15,6.113955381695546,20
2013-04-16,6.210924389692631,20
2013-04-17,6.239973147057702,20
2013-04-18,6.253424250219259,20
2013-04-19,6.353133395634715,20
2013-04-22,6.361978487058399,20
2013-04-23,6.225622978489254,20
2013-04-24,6.337530420217502,20
2013-04-25,6.328350598329808,20
2013-04-26,6.22748420049565,20
2013-05-02,6.236807038189715,20
2013-05-03,6.309913674355878,20
2013-05-06,6.4122629950444185,20
2013-05-07,6.403224858935262,20
2013-05-08,6.470618575927955,20
2013-05-09,6.497974248013066,20
2013-05-10,6.561104171333831,20
2013-05-13,6.5787045550555385,20
2013-05-14,6.491546404458747,20
2013-05-15,6.596327782166366,20
2013-05-16,6.614738677426662,20
2013-05-17,6.702959684041779,20
2013-05-20,6.829989060000875,20
2013-05-21,6.932061038572401,20
2013-05-22,6.856267028668848,20
2013-05-23,6.856465879591012,20
2013-05-24,6.975287834233757,20
2013-05-27,7.035522670919234,20
2013-05-28,6.944302166070362,20
2013-05-29,7.007362547735347,20
2013-05-30,7.0213748839708,20
2013-05-31,6.993346160180912,20
2013-06-03,6.923313570188205,20
2013-06-04,6.789134941209021,20
2013-06-05,6.845018744059202,20
2013-06-06,6.745356531876036,20
2013-06-07,6.688474234905183,20
2013-06-13,6.540042255299661,20
2013-06-14,6.655766670322865,20
2013-06-17,6.721082969368616,20
2013-06-18,6.763664002268507,20
2013-06-19,6.774947725350499,20
2013-06-20,6.6641549507887,20
2013-06-21,6.641219134655108,20
2013-06-24,6.305872583476905,20
2013-06-25,6.249291565297749,20
2013-06-26,6.363399342955863,20
2013-06-27,6.226668490489146,20
2013-06-28,6.154367367118946,20
2013-07-01,6.213918686720788,20
2013-07-02,6.25932699399252,20
2013-07-03,6.284090606023317,20
2013-07-04,6.307213410475376,20
2013-07-05,6.266078479498077,20
2013-07-08,6.171408702161704,20
2013-07-09,6.21844438573448,20
2013-07-10,6.2923656763054945,20
2013-07-11,6.3388895039314965,20
2013-07-12,6.340173225966927,20
2013-07-15,6.3834071483407255,20
2013-07-16,6.417048858855357,20
2013-07-17,6.386226406835338,20
2013-07-18,6.427897342532238,20
2013-07-19,6.389240426571316,20
2013-07-22,6.44530213182417,20
2013-07-23,6.4996219547678775,20
2013-07-24,6.531221633735549,20
2013-07-25,6.440747888975896,20
2013-07-26,6.483997403972563,20
2013-07-29,6.459611424429354,20
2013-07-30,6.443016521190948,20
2013-07-31,6.50039567785673,20
2013-08-01,6.643973315497714,20
2013-08-02,6.672443032333944,20
2013-08-05,6.757785361202171,20
2013-08-06,6.782694853943213,20
2013-08-07,6.765907706442925,20
2013-08-08,6.816244262278455,20
2013-08-09,6.846872719175637,20
2013-08-12,6.876779659996795,20
2013-08-13,6.909863508651479,20
2013-08-14,6.943439770172672,20
2013-08-15,6.876803785773494,20
2013-08-16,6.757723417410355,20
2013-08-19,6.824498022869738,20
2013-08-20,6.838227964660281,20
2013-08-21,6.915369432854386,20
2013-08-22,6.971126221009287,20
2013-08-23,6.917982373004549,20
2013-08-26,6.999301009804038,20
2013-08-27,7.024012694614777,20
2013-08-28,6.946293521587215,20
2013-08-29,6.963250356262352,20
2013-08-30,6.88117375019979,20
2013-09-02,6.914072597704051,20
2013-09-03,6.966770713131865,20
2013-09-04,6.963868875493876,20
2013-09-05,6.965162320294044,20
2013-09-06,6.991246421932138,20
2013-09-09,7.025592942934853,20
2013-09-10,7.030914055074336,20
2013-09-11,7.007090141596922,20
2013-09-12,7.0099936303903645,20
2013-09-13,7.029072960739272,20
2013-09-16,7.066576375530791,20
2013-09-17,7.0246256243985465,20
2013-09-18,7.046694157869814,20
2013-09-23,7.12410151973234,20
2013-09-24,7.16018815262884,20
2013-09-25,7.168043080742258,20
2013-09-26,7.114055683538565,20
2013-09-27,7.124526142462776,20
2013-09-30,7.18214521666837,20
2013-10-08,7.223900240211034,20
2013-10-09,7.274987394239933,19
2013-10-10,7.235217937166884,19
2013-10-11,7.308983497139871,19
2013-10-14,7.362664725551393,19
2013-10-15,7.33889332216139,19
2013-10-16,7.200989407939311,19
2013-10-17,7.239887091250287,19
2013-10-18,7.27173184961112,19
2013-10-21,7.438267822979447,19
2013-10-22,7.4492585950723464,19
2013-10-23,7.339906526023058,19
2013-10-24,7.333251933206418,19
2013-10-25,7.318641017996132,19
2013-10-28,7.374968676886614,19
2013-10-29,7.179449875725183,19
2013-10-30,7.349136718758336,19
2013-10-31,7.4334510293527165,19
2013-11-01,7.374384470459413,19
2013-11-04,7.416494070401924,20
2013-11-05,7.487392521640976,20
2013-11-06,7.448743971905702,20
2013-11-07,7.4331004736282145,20
2013-11-08,7.347663847906775,20
2013-11-11,7.493309799023085,20
2013-11-12,7.635164444307685,20
2013-11-13,7.579858222938003,20
2013-11-14,7.7804164533441105,20
2013-11-15,7.977779477671916,20
2013-11-18,8.114295077383941,20
2013-11-19,8.0826418975737,20
2013-11-20,8.09500299091702,20
2013-11-21,8.022911483720101,20
2013-11-22,8.030985494544755,20
2013-11-25,8.093055922432981,20
2013-11-26,8.184019863660497,20
2013-11-27,8.211067382751747,20
2013-11-28,8.31437783581306,20
2013-11-29,8.458978471047955,20
2013-12-02,7.9289117948851775,20
2013-12-03,8.084240265776486,20
2013-12-04,8.275669102403826,20
2013-12-05,8.35104558658323,20
2013-12-06,8.33935695150594,20
2013-12-09,8.479803368679363,20
2013-12-10,8.461887628856505,20
2013-12-11,8.370673016083646,20
2013-12-12,8.46529807001127,20
2013-12-13,8.550283778344241,20
2013-12-16,8.47433203401462,20
2013-12-17,8.393574359618206,20
2013-12-18,8.397727563636053,20
2013-12-19,8.334711821023543,20
2013-12-20,8.26722920971083,20
2013-12-23,8.242391162032467,20
2013-12-24,8.308163438673647,20
2013-12-25,8.488459545500596,20
2013-12-26,8.38675514768118,20
2013-12-27,8.584166894275445,20
2013-12-30,8.674235373143306,20
2013-12-31,8.58409408341692,20
2014-01-02,8.681358236521673,20
2014-01-03,8.666545189295919,20
2014-01-06,8.560986519117462,20
2014-01-07,8.617264246398959,20
2014-01-08,8.647645385960287,20
2014-01-09,8.49190032394282,20
2014-01-10,8.375092349834363,20
2014-01-13,8.371721289197085,20
2014-01-14,8.549827862079844,20
2014-01-15,8.707671344843932,20
2014-01-16,8.718484225524298,20
2014-01-17,8.693797169858893,20
2014-01-20,8.658854124142152,20
2014-01-21,8.817280259216442,20
2014-01-22,8.910976998342955,20
2014-01-23,8.99392365113185,20
2014-01-24,8.999736061916375,20
2014-01-27,8.960885660861852,20
2014-01-28,8.938743886953898,20
2014-01-29,9.034768625297094,20
2014-01-30,9.02293737032009,20
2014-02-07,9.11576370718622,20
2014-02-10,9.278104999635104,20
2014-02-11,9.30340476929345,20
2014-02-12,9.425526844803603,20
2014-02-13,9.288763853822182,20
2014-02-14,9.48940265806738,20
2014-02-17,9.668172139060008,20
2014-02-18,9.67649328877428,20
2014-02-19,9.62664101451882,20
2014-02-20,9.574100977100459,20
2014-02-21,9.544575119082698,20
2014-02-24,9.605464536640751,20
2014-02-25,9.331084471525067,20
2014-02-26,9.378087912531159,20
2014-02-27,9.327230579055259,20
2014-02-28,9.41117413722033,20
2014-03-03,9.51449429572584,20
2014-03-04,9.489005536887378,20
2014-03-05,9.475100846976897,20
2014-03-06,9.44728532103032,20
2014-03-07,9.410857040250335,20
2014-03-10,9.178135237389602,20
2014-03-11,9.15269579242667,20
2014-03-12,9.185079487640337,20
2014-03-13,9.232409129320695,20
2014-03-14,9.231991272869848,20
2014-03-17,9.38493237844659,20
2014-03-18,9.433295320013748,20
2014-03-19,9.428316074631562,20
2014-03-20,9.293274707889001,20
2014-03-21,9.411404100009227,20
2014-03-24,9.486272103472052,20
2014-03-25,9.476718059593342,20
2014-03-26,9.477496919018112,20
2014-03-27,9.324686360226059,20
2014-03-28,9.128113734325446,20
2014-03-31,9.077208400183904,20
2014-04-01,9.173666248845578,20
2014-04-02,9.151860789344196,20
2014-04-03,9.180124474001143,20
2014-04-04,9.223555198479097,20
2014-04-08,9.256806037062297,20
2014-04-09,9.333282621118126,20
2014-04-10,9.342421230422149,20
2014-04-11,9.307187592150038,20
2014-04-14,9.389485419708143,20
2014-04-15,9.352386264968848,20
2014-04-16,9.378469085908481,20
2014-04-17,9.401448122806082,20
2014-04-18,9.400583556113638,20
2014-04-21,9.294093699741337,20
2014-04-22,9.22487727414068,20
2014-04-23,9.209545543433007,20
2014-04-24,9.194413452863094,20
2014-04-25,9.09314723055056,20
2014-04-28,8.926180173222805,20
2014-04-29,8.980423058970985,20
2014-04-30,9.06373933860821,20
2014-05-05,9.12536425141336,20
2014-05-06,9.163691142500728,20
2014-05-07,9.106362361200318,20
2014-05-08,9.146165677590712,20
2014-05-09,9.132486481884907,20
2014-05-12,9.221738659445478,20
2014-05-13,9.224483340516192,20
2014-05-14,9.20936725095011,20
2014-05-15,9.140428646950912,20
2014-05-16,9.106766727012593,20
2014-05-19,9.124221017456806,20
2014-05-20,9.156940085088682,20
2014-05-21,9.200612175926404,20
2014-05-22,9.213109756683707,20
2014-05-23,9.263507913562245,20
2014-05-26,9.321409855355927,20
2014-05-27,9.305498262872943,20
2014-05-28,9.361907909728354,20
2014-05-29,9.262915863093577,20
2014-05-30,9.297749633753082,20
2014-06-03,9.307477827641973,20
2014-06-04,9.276467960557234,20
2014-06-05,9.34471602956093,20
2014-06-06,9.328131822537522,20
2014-06-09,9.313695933309788,20
2014-06-10,9.379116547180972,20
2014-06-11,9.407509638387516,20
2014-06-12,9.44337983251926,20
2014-06-13,9.482326837835794,20
2014-06-16,9.526955712194807,20
2014-06-17,9.494246322500011,20
2014-06-18,9.4555487292592,20
2014-06-19,9.319301187175416,20
2014-06-20,9.373780375928012,20
2014-06-23,9.441325894355206,20
2014-06-24,9.485639812457718,20
2014-06-25,9.47798507389816,20
2014-06-26,9.554849951532981,20
2014-06-27,9.555997184238414,20
2014-06-30,9.648615823202615,20
2014-07-01,9.65969414790059,20
2014-07-02,9.686100643784386,20
2014-07-03,9.722577989359296,20
2014-07-04,9.739491263311319,20
2014-07-07,9.741969353741661,20
2014-07-08,9.778553518870186,20
2014-07-09,9.723622721082618,20
2014-07-10,9.726939391441931,20
2014-07-11,9.772868503726373,20
2014-07-14,9.84957038988574,20
2014-07-15,9.806598321262204,20
2014-07-16,9.76305207363877,20
2014-07-17,9.759299376259468,20
2014-07-18,9.782848170773843,20
2014-07-21,9.759272587285126,20
2014-07-22,9.801882900076752,20
2014-07-23,9.73465842553238,20
2014-07-24,9.747059738590822,20
2014-07-25,9.774214551985578,20
2014-07-28,9.8335265427161,20
2014-07-29,9.887428978966344,20
2014-07-30,9.891511392693825,20
2014-07-31,9.945563924597808,20
2014-08-01,9.876144436444084,20
2014-08-04,10.000170486074351,20
2014-08-05,10.052001249933097,20
2014-08-06,10.04843206599302,20
2014-08-07,9.99189322219897,20
2014-08-08,10.039411927060788,20
2014-08-11,10.109371453219993,20
2014-08-12,10.114919845344792,20
2014-08-13,10.156786537738823,20
2014-08-14,10.159705964815759,20
2014-08-15,10.254052181720656,20
2014-08-18,10.342225814395036,20
2014-08-19,10.3334679556116,20
2014-08-20,10.39806700538101,20
2014-08-21,10.420288107829796,20
2014-08-22,10.512413274902732,20
2014-08-25,10.50646215590307,20
2014-08-26,10.390196274371025,20
2014-08-27,10.42000458011694,20
2014-08-28,10.435173376474102,20
2014-08-29,10.48287825287519,20
2014-09-01,10.573246553968854,20
2014-09-02,10.701354997207266,20
2014-09-03,10.798305920075542,20
2014-09-04,10.864432056142517,20
2014-09-05,10.917021662979357,20
2014-09-09,11.056393673535714,20
2014-09-10,11.12096450236215,20
2014-09-11,11.049372377249338,20
2014-09-12,11.17663529939881,20
2014-09-15,11.291625358263195,20
2014-09-16,10.994547239585383,20
2014-09-17,11.094645937709846,20
2014-09-18,11.197690156484084,20
2014-09-19,11.275434226660876,20
2014-09-22,11.261647027072438,20
2014-09-23,11.41899461317006,20
2014-09-24,11.5689800093588,20
2014-09-25,11.50128173941242,20
2014-09-26,11.576936263755112,20
2014-09-29,11.748850519571281,20
2014-09-30,11.813845027253274,20
2014-10-08,11.885622479774709,20
2014-10-09,11.871169147771791,20
2014-10-10,11.845013768388888,20
2014-10-13,11.955955724402106,20
2014-10-14,11.93891153586389,20
2014-10-15,11.956349232525401,20
2014-10-16,11.825410873924774,20
2014-10-17,11.720190415535603,20
2014-10-20,11.87096666056432,20
2014-10-21,11.814031590191187,20
2014-10-22,11.707618815673603,20
2014-10-23,11.562357873217953,20
2014-10-24,11.59267492984121,20
2014-10-27,11.755953258087414,20
2014-10-28,12.055956328721226,20
2014-10-29,12.181217002663486,20
2014-10-30,12.202141679089525,20
2014-10-31,12.168818281173081,20
2014-11-03,12.334980428794,20
2014-11-04,12.205813004087467,20
2014-11-05,12.202969489044435,20
2014-11-06,12.441999373504144,20
2014-11-07,12.444125038442765,20
2014-11-10,12.4950090264739,20
2014-11-11,12.032589398448971,20
2014-11-12,12.32025662682542,20
2014-11-13,12.142278849965933,20
2014-11-14,12.055737909149137,20
2014-11-17,12.248198276176474,20
2014-11-18,12.290482664350883,20
2014-11-19,12.445952184134548,20
2014-11-20,12.385970951870544,20
2014-11-21,12.574852566084582,20
2014-11-24,12.652990634077788,20
2014-11-25,12.778632443400932,20
2014-11-26,12.827900085505181,20
2014-11-27,12.998684225343508,20
2014-11-28,13.029199692396018,20
2014-12-01,12.805571182813116,20
2014-12-02,13.0360106040946,20
2014-12-03,13.153459270683415,20
2014-12-04,13.16807713296083,20
2014-12-05,12.708131694864266,20
2014-12-08,12.541573561114904,20
2014-12-09,11.889083626819996,20
2014-12-10,12.318791025740627,20
2014-12-11,12.501785359627252,20
2014-12-12,12.61086585152517,20
2014-12-15,12.89019988752069,20
2014-12-16,12.846059014141586,20
2014-12-17,12.581613808513417,20
2014-12-18,12.530918829721532,20
2014-12-19,12.358531676656018,20
2014-12-22,11.729245771628662,20
2014-12-23,11.768967762366586,20
2014-12-24,12.203515094365988,20
2014-12-25,12.469670991331366,20
2014-12-26,12.488431495185536,20
2014-12-29,12.275911038937304,20
2014-12-30,12.0484586015288,20
2014-12-31,12.138211368685928,20
2015-01-05,12.094130519204494,20
2015-01-06,12.392086910482934,20
2015-01-07,12.332576350586999,20
2015-01-08,12.346635001604097,20
2015-01-09,12.258384717790378,20
2015-01-12,12.117662392935026,20
2015-01-13,12.26981502291485,20
2015-01-14,12.214624705638903,20
2015-01-15,12.281827159267586,20
2015-01-16,12.411232046180292,20
2015-01-19,12.291962061999111,20
2015-01-20,12.720092447766687,20
2015-01-21,12.956653928666734,20
2015-01-22,13.11302027572892,20
2015-01-23,12.984233837375012,20
2015-01-26,13.232085513189551,20
2015-01-27,13.295083418675947,20
2015-01-28,13.248700967669231,20
2015-01-29,13.178849042235543,20
2015-01-30,12.97827214752722,20
2015-02-02,12.951808470278035,20
2015-02-03,13.08092551286202,20
2015-02-04,13.144034454982023,20
2015-02-05,13.104230620938312,20
2015-02-06,12.893552393835733,20
2015-02-09,12.851041426961935,20
2015-02-10,12.981859992341272,20
2015-02-11,13.115517773747717,20
2015-02-12,13.217309072117114,20
2015-02-13,13.499055535666384,20
2015-02-16,13.755817990869346,20
2015-02-17,13.79292513947667,20
2015-02-25,13.671616159122793,20
2015-02-26,13.704359894001724,20
2015-02-27,13.848428792140387,20
2015-03-02,14.023348245639829,20
2015-03-03,13.94422045538341,20
2015-03-04,14.153197736868153,20
2015-03-05,14.209005474526863,20
2015-03-06,14.222030323706695,20
2015-03-09,14.471929683314979,20
2015-03-10,14.558813146339748,20
2015-03-11,14.689228763677857,20
2015-03-12,14.649959196917248,20
2015-03-13,14.804919001358552,20
2015-03-16,15.093801312678407,20
2015-03-17,15.130574302398847,20
2015-03-18,15.372933836245696,20
2015-03-19,15.503592412952852,20
2015-03-20,15.73669852891539,20
2015-03-23,16.289130868453725,20
2015-03-24,16.2634666701332,20
2015-03-25,16.472907517727347,20
2015-03-26,16.217359578833495,20
2015-03-27,16.41547334757253,20
2015-03-30,16.36392541401356,20
2015-03-31,16.569407759138343,20
2015-04-01,17.036518430037216,20
2015-04-02,17.490166644644773,20
2015-04-03,17.916980167644855,20
2015-04-07,18.373345773120825,20
2015-04-08,18.394152894594992,20
2015-04-09,18.2729587589579,20
2015-04-10,18.62745056853782,20
2015-04-13,19.047844415495018,20
2015-04-14,18.71016354960822,20
2015-04-15,17.894375920849622,20
2015-04-16,18.02323493543096,20
2015-04-17,18.025657458833912,20
2015-04-20,17.87690360022595,20
2015-04-21,18.395104028208905,20
2015-04-22,18.78340806602525,20
2015-04-23,18.769393374014864,20
2015-04-24,18.72818176710963,20
2015-04-27,18.81707326615954,20
2015-04-28,18.42735511765472,20
2015-04-29,18.72408105600326,20
2015-04-30,18.662044463074185,20
2015-05-04,18.8548120815878,20
2015-05-05,18.61425855856781,19
2015-05-06,18.529888932146957,19
2015-05-07,18.268650143974302,19
2015-05-08,18.923651556258285,19
2015-05-11,19.698147844132393,19
2015-05-12,19.90431258259308,19
2015-05-13,19.8210659808667,19
2015-05-14,20.31603803973225,19
2015-05-15,20.363142916933413,19
2015-05-18,21.05193154165044,19
2015-05-19,21.306768976651746,19
2015-05-20,21.531555679844278,19
2015-05-21,22.097494048440886,19
2015-05-22,22.22777774039738,19
2015-05-25,22.423374966116924,19
2015-05-26,23.440011122522932,19
2015-05-27,24.249741468872124,19
2015-05-28,23.875641662603297,19
2015-05-29,24.2663726657278,19
2015-06-01,25.132614611298234,19
2015-06-02,26.09529101578659,19
2015-06-03,26.40507630941941,19
2015-06-04,25.911703431017717,19
2015-06-05,26.202251096185808,19
2015-06-08,25.70105198521522,19
2015-06-09,25.719892639388195,19
2015-06-10,25.962280345402537,19
2015-06-11,26.260834813449723,19
2015-06-12,26.703474891893585,19
2015-06-15,26.222406534385694,19
2015-06-16,25.374845682244807,19
2015-06-17,25.94076617475217,19
2015-06-18,25.316692729201968,19
2015-06-19,23.975343751470593,19
2015-06-23,23.902728856778587,19
2015-06-24,24.41533465468256,19
2015-06-25,23.79809751670465,19
2015-06-26,22.361636917209434,19
2015-06-29,21.294055205991892,19
2015-06-30,21.998624006336108,19
2015-07-01,21.357737857726626,19
2015-07-02,20.42852034039602,20
2015-07-03,19.557861630686716,20
2015-07-06,18.904154792480103,20
2015-07-07,17.951443403663603,20
2015-07-08,17.74337216069068,20
2015-07-09,18.724880976582668,20
2015-07-10,19.760450636659833,20
2015-07-13,20.845065100728533,20
2015-07-14,21.47858817606929,20
2015-07-15,20.589744557987647,20
2015-07-16,20.92163178726368,20
2015-07-17,21.811022864815033,20
2015-07-20,22.13381235179543,20
2015-07-21,22.401098897047238,20
2015-07-22,22.672598668901436,20
2015-07-23,23.221327592331168,20
2015-07-24,22.86608562012106,20
2015-07-27,21.65865975096992,20
2015-07-28,21.009890334827457,20
2015-07-29,21.81819718619039,20
2015-07-30,21.466810829442913,20
2015-07-31,21.23650385917505,20
2015-08-03,20.48339122268622,20
2015-08-04,21.311692193001402,20
2015-08-05,21.405403684102428,20
2015-08-06,21.461470054641854,20
2015-08-07,21.89039905533664,20
2015-08-10,22.51698928701185,20
2015-08-11,22.715293842569544,20
2015-08-12,22.635806839481265,20
2015-08-13,23.006156641761034,20
2015-08-14,22.906197456479266,20
2015-08-17,22.985417566416025,20
2015-08-18,21.97875625525455,20
2015-08-19,22.35564672801791,20
2015-08-20,22.19034068712705,20
2015-08-21,21.458791706869793,20
2015-08-24,20.435123514665193,20
2015-08-25,19.467580190413955,20
2015-08-26,19.180475684014812,20
2015-08-27,19.669647079568435,20
2015-08-28,20.36104361079795,20
2015-08-31,20.046721249623054,20
2015-09-01,19.596784584305098,20
2015-09-02,19.47999050134259,20
2015-09-07,19.636842900347276,20
2015-09-08,19.96137768689385,20
2015-09-09,20.18001997467711,20
2015-09-10,20.07127011730086,20
2015-09-11,20.138075394743364,20
2015-09-14,19.68095624804121,20
2015-09-15,19.37540174368317,20
2015-09-16,19.82561035329407,20
2015-09-17,19.80100344618725,20
2015-09-18,19.958306012469038,20
2015-09-21,20.197421051257333,20
2015-09-22,20.21330053117798,20
2015-09-23,20.18299892137958,20
2015-09-24,20.314595680778133,20
2015-09-25,20.044908909317492,20
2015-09-28,20.24587614102548,20
2015-09-29,20.183411355022145,20
2015-09-30,20.235857472866183,20
2015-10-08,20.424697850049665,20
2015-10-09,20.557768132842266,19
2015-10-12,20.77691346909545,19
2015-10-13,20.843998489299732,19
2015-10-14,20.774979187286625,19
2015-10-15,20.95462531578524,19
2015-10-16,21.012802473023772,19
2015-10-19,20.987366754465533,19
2015-10-20,21.12104763898054,19
2015-10-21,20.861436569840777,19
2015-10-22,21.168782235781183,19
2015-10-23,21.44526653313208,19
2015-10-26,21.499809331728873,19
2015-10-27,21.546905651129155,19
2015-10-28,21.419282237790682,19
2015-10-29,21.510232372150533,19
2015-10-30,21.591326938579826,19
2015-11-02,21.672275271733085,19
2015-11-03,21.776531311983533,20
2015-11-04,22.112705337163195,20
2015-11-05,21.9836286138948,20
2015-11-06,22.33037167149387,20
2015-11-09,22.56265814854801,20
2015-11-10,22.46681018897148,20
2015-11-11,22.80784842204906,20
2015-11-12,23.024833650195934,20
2015-11-13,22.594698986231254,20
2015-11-16,22.785229158684793,20
2015-11-17,22.567371273707586,20
2015-11-18,22.30678698831744,20
2015-11-19,22.634723621607527,20
2015-11-20,22.784637161397075,20
2015-11-23,22.719573653940646,20
2015-11-24,23.112245696364138,20
2015-11-25,23.219285312461807,20
2015-11-26,23.09484998560471,20
2015-11-27,22.60265580318936,20
2015-11-30,22.914604231891804,20
2015-12-01,22.818555491436076,20
2015-12-02,22.717427150178636,19
2015-12-03,22.993001831598725,19
2015-12-04,22.949048150930565,19
2015-12-07,23.095085994269187,19
2015-12-08,23.061493905075007,19
2015-12-09,22.959349077734892,19
2015-12-10,22.886049832776656,19
2015-12-11,22.881073787782018,19
2015-12-14,23.106361637356915,19
2015-12-15,23.180746769152243,19
2015-12-16,23.379836515527938,19
2015-12-17,23.709931262006023,19
2015-12-18,23.71482095302142,19
2015-12-21,23.775980186901418,19
2015-12-22,23.773528882108476,19
2015-12-23,23.710425642581328,19
2015-12-24,23.806570309991212,19
2015-12-25,23.945741349383713,19
2015-12-28,23.67700577503318,19
2015-12-29,23.828505601491987,19
2015-12-30,23.924876498309743,19
2015-12-31,23.63393776370685,19
2016-01-04,22.535596090804216,19
2016-01-05,22.215739742833964,20
2016-01-06,22.521340405130626,20
2016-01-07,21.486538658538564,20
2016-01-08,21.585220226013526,20
2016-01-11,20.671078503137874,20
2016-01-12,20.81859161340088,20
2016-01-13,20.409993687494374,20
2016-01-14,20.850026195961483,20
2016-01-15,20.506242923971175,20
2016-01-18,20.762782916572167,20
2016-01-19,21.191821015794446,20
2016-01-20,21.13196131781654,20
2016-01-21,20.826099255714396,20
2016-01-22,21.038893370005287,20
2016-01-25,21.14659475515383,20
2016-01-26,20.272718061423948,20
2016-01-27,20.25280812882571,20
2016-01-28,19.863797865377187,20
2016-01-29,20.30747111823724,20
2016-02-01,20.29310073191764,20
2016-02-02,20.49561597762808,20
2016-02-03,20.544849987320845,20
2016-02-04,20.64417917386225,20
2016-02-05,20.584654799791934,20
2016-02-15,20.553451662655103,20
2016-02-16,20.806322044542295,20
2016-02-17,20.85635840239491,20
2016-02-18,20.865258144233763,20
2016-02-19,20.89670698250491,20
2016-02-22,21.038728810407502,20
2016-02-23,20.982334229948954,20
2016-02-24,20.943267748356263,20
2016-02-25,20.460253206415352,20
2016-02-26,20.47028921541348,20
2016-02-29,20.12466499912572,20
2016-03-01,20.241382356054892,20
2016-03-02,20.4900532911796,20
2016-03-03,20.481694929543423,20
2016-03-04,20.251412055594482,20
2016-03-07,20.395120019014115,20
2016-03-08,20.494202044028096,20
2016-03-09,20.3629318775191,20
2016-03-10,20.27025446590682,20
2016-03-11,20.295275068894558,20
2016-03-14,20.51946865197067,20
2016-03-15,20.521178947996663,20
2016-03-16,20.490942205341465,20
2016-03-17,20.68594666436478,20
2016-03-18,20.874182224830747,20
2016-03-21,21.007003319341823,20
2016-03-22,20.985960682465347,20
2016-03-23,21.042972731086827,20
2016-03-24,21.032438014326452,20
2016-03-25,21.069365627705167,20
2016-03-28,20.989727235387132,20
2016-03-29,20.856402490365227,20
2016-03-30,21.12460864081366,20
2016-03-31,21.139550671053023,20
2016-04-01,21.14765877874394,20
2016-04-05,21.329957804467497,20
2016-04-06,21.38733616261812,20
2016-04-07,21.30065921998746,20
2016-04-08,21.273655162336983,20
2016-04-11,21.384231137235325,20
2016-04-12,21.346280335607066,20
2016-04-13,21.43437688301066,20
2016-04-14,21.49190357063026,20
2016-04-15,21.497061501746657,20
2016-04-18,21.41269830481867,20
2016-04-19,21.439822433395825,20
2016-04-20,21.182689472868788,20
2016-04-21,21.164096027569194,20
2016-04-22,21.21274730977606,20
2016-04-25,21.228684688185787,20
2016-04-26,21.30077079220597,20
2016-04-27,21.292090529120774,20
2016-04-28,21.29457859213232,20
2016-04-29,21.330321429540383,20
2016-05-03,21.556190857003735,20
2016-05-04,21.577508251478218,20
2016-05-05,21.651167284820435,20
2016-05-06,21.356927676051058,20
2016-05-09,21.004508106321424,20
2016-05-10,21.0102634209979,20
2016-05-11,20.987649487156094,20
2016-05-12,20.911525199352827,20
2016-05-13,20.925323735002575,20
2016-05-16,21.060779107521945,20
2016-05-17,21.062232476563317,20
2016-05-18,20.79332682973978,20
2016-05-19,20.860539354543256,20
2016-05-20,20.944069402176638,20
2016-05-23,21.114603321538045,20
2016-05-24,21.052450286653954,20
2016-05-25,21.090753052010655,20
2016-05-26,21.176245589950213,20
2016-05-27,21.190641665809473,20
2016-05-30,21.191038934363515,20
2016-05-31,21.503851509867147,20
2016-06-01,21.52693933979207,20
2016-06-02,21.585466119562803,20
2016-06-03,21.65441933698747,20
2016-06-06,21.676389824698845,20
2016-06-07,21.74233489594202,20
2016-06-08,21.775328860384484,20
2016-06-13,21.307709789592703,20
2016-06-14,21.30560963314653,20
2016-06-15,21.592816040035746,20
2016-06-16,21.60332554231892,20
2016-06-17,21.70724102758361,20
2016-06-20,21.830716474283612,20
2016-06-21,21.75159074508723,20
2016-06-22,21.944001270597646,20
2016-06-23,21.915061847357915,20
2016-06-24,21.835931125046418,20
2016-06-27,22.054720549839825,20
2016-06-28,22.202636880381455,20
2016-06-29,22.295466883454885,20
2016-06-30,22.271181105190227,20
2016-07-01,22.177421017943647,20
2016-07-04,22.42328612890959,20
2016-07-05,22.5031571548318,20
2016-07-06,22.694901401871466,20
2016-07-07,22.684034501993906,20
2016-07-08,22.632327221314632,20
2016-07-11,22.54633632853917,20
2016-07-12,22.783021393786477,20
2016-07-13,22.797339017860104,20
2016-07-14,22.83091900582315,20
2016-07-15,22.783045237720508,20
2016-07-18,22.720166556786552,20
2016-07-19,22.7766519567768,20
2016-07-20,22.850822029431757,20
2016-07-21,22.900695741845627,20
2016-07-22,22.67939785978514,20
2016-07-25,22.68396586147476,20
2016-07-26,22.851084949457654,20
2016-07-27,22.295326700005827,20
2016-07-28,22.314212147400802,20
2016-07-29,22.29715367599567,20
2016-08-01,22.13133080568753,20
2016-08-02,22.249092986040697,20
2016-08-03,22.286640166899193,20
2016-08-04,22.296345393272766,20
2016-08-05,22.18700571168771,20
2016-08-08,22.360908684758815,20
2016-08-09,22.509265515447726,20
2016-08-10,22.48565785684566,20
2016-08-11,22.236300122306268,20
2016-08-12,22.393297421544474,20
2016-08-15,22.766615938250442,20
2016-08-16,22.925764106500154,20
2016-08-17,22.891552140764905,20
2016-08-18,22.937320713183265,20
2016-08-19,23.19111643058435,20
2016-08-22,23.090968237844006,20
2016-08-23,23.1276494398114,20
2016-08-24,23.30331144667655,20
2016-08-25,23.375449969140668,20
2016-08-26,23.488554023562735,20
2016-08-29,23.65723867290462,20
2016-08-30,23.632349560391464,20
2016-08-31,23.783040599642938,20
2016-09-01,23.641998792606586,20
2016-09-02,23.83329439046846,20
2016-09-05,23.818393155718358,20
2016-09-06,24.104762703607634,20
2016-09-07,24.086283246217707,20
2016-09-08,24.27014328545971,20
2016-09-09,24.024309261510943,20
2016-09-12,23.427415986184904,20
2016-09-13,23.548425001463706,20
2016-09-14,23.40825607716386,20
2016-09-19,23.649259079852094,20
2016-09-20,23.580348968803847,20
2016-09-21,23.68273421473501,20
2016-09-22,23.843980823257333,20
2016-09-23,23.935925072498602,20
2016-09-26,23.493333418307376,20
2016-09-27,23.671556062252673,20
2016-09-28,23.73088332915825,20
2016-09-29,23.871817152146598,20
2016-09-30,23.899521442581406,20
2016-10-10,24.311187223822962,20
2016-10-11,24.43949397609484,20
2016-10-12,24.491231614541498,20
2016-10-13,24.44401437203489,20
2016-10-14,24.497611258434823,20
2016-10-17,24.405874233478833,20
2016-10-18,24.70760763917804,20
2016-10-19,24.567238990447617,20
2016-10-20,24.646523810316953,20
2016-10-21,24.524759623675532,20
2016-10-24,24.678347841715706,20
2016-10-25,24.8146610922631,20
2016-10-26,24.700538481271373,20
2016-10-27,24.70239176792672,20
2016-10-28,24.677296806832857,20
2016-10-31,24.729593299408485,20
2016-11-01,25.112325982824704,20
2016-11-02,24.95766517684585,20
2016-11-03,25.079573927291364,20
2016-11-04,25.163487039781486,20
2016-11-07,25.12121199040187,20
2016-11-08,25.230053624375927,20
2016-11-09,25.000333949079128,20
2016-11-10,25.540803259077382,20
2016-11-11,25.819922948673376,20
2016-11-14,25.93835734464749,20
2016-11-15,26.008002633558288,20
2016-11-16,26.009601632485264,20
2016-11-17,26.050877214800636,20
2016-11-18,26.179761678006066,20
2016-11-21,26.54257920690385,20
2016-11-22,26.867675743842657,20
2016-11-23,26.526800279899913,20
2016-11-24,26.24229257707996,20
2016-11-25,26.306756703622813,20
2016-11-28,26.116520363809105,20
2016-11-29,25.90112064908136,20
2016-11-30,25.86522650301087,20
2016-12-01,26.199762333245513,20
2016-12-02,25.95413756168876,20
2016-12-05,25.974454819055996,20
2016-12-06,26.020581838149546,20
2016-12-07,26.303654153310497,20
2016-12-08,26.29658472199283,20
2016-12-09,26.14294879339701,20
2016-12-12,24.864488025329273,20
2016-12-13,24.94335829556808,20
2016-12-14,24.69574526847688,20
2016-12-15,24.876070568786623,20
2016-12-16,25.198821538357063,20
2016-12-19,25.334116907544875,20
2016-12-20,25.140710009034116,20
2016-12-21,25.356474423679202,20
2016-12-22,25.545549798120913,20
2016-12-23,25.063328136606035,20
2016-12-26,25.213610985339898,20
2016-12-27,25.332640741600564,20
2016-12-28,25.27206130337185,20
2016-12-29,25.1082512452252,20
2016-12-30,25.126413446466422,20
2017-01-03,25.264715921485315,20
2017-01-04,25.366175757044118,20
2017-01-05,25.23899573898594,20
2017-01-06,25.19526173687646,20
2017-01-09,25.240864424081398,20
2017-01-10,25.187166630271463,20
2017-01-11,24.91691811048001,20
2017-01-12,24.726279581612378,20
2017-01-13,24.302487007202515,20
2017-01-16,23.66536689600133,20
2017-01-17,23.93005331754555,20
2017-01-18,23.72541103031136,20
2017-01-19,23.656089639878513,20
2017-01-20,23.94506372279567,20
2017-01-23,24.127474243728674,20
2017-01-24,24.013124783895282,20
2017-01-25,24.110695710162176,20
2017-01-26,24.175240765956428,20
2017-02-03,24.05364821558823,20
2017-02-06,24.323021542745156,20
2017-02-07,24.35568896242678,20
2017-02-08,24.41640126556682,20
2017-02-09,24.58480443448531,20
2017-02-10,24.512176381719353,20
2017-02-13,24.651345407690094,20
2017-02-14,24.60193235992439,20
2017-02-15,24.447026831074687,20
2017-02-16,24.482599260681766,20
2017-02-17,24.378916029312876,20
2017-02-20,24.641543875266244,20
2017-02-21,24.7408929467048,20
2017-02-22,24.8642316033728,20
2017-02-23,24.927741941383772,20
2017-02-24,24.96880475338322,20
2017-02-27,24.823855054609947,20
2017-02-28,24.94769218493256,20
2017-03-01,25.01300691809525,20
2017-03-02,24.96334933331621,20
2017-03-03,25.113022629245098,20
2017-03-06,25.403928322156432,20
2017-03-07,25.454746641373625,20
2017-03-08,25.35901049100621,20
2017-03-09,25.265933511374424,20
2017-03-10,25.336740110017224,20
2017-03-13,25.467583368212978,20
2017-03-14,25.582258721226133,20
2017-03-15,25.73800443334088,20
2017-03-16,26.14203058847965,20
2017-03-17,25.979381075785284,20
2017-03-20,26.130548228511554,20
2017-03-21,26.341134294805492,20
2017-03-22,26.167849376297816,20
2017-03-23,26.302438121491814,20
2017-03-24,26.33930621666398,20
2017-03-27,26.231709873780748,20
2017-03-28,26.273563668007856,20
2017-03-29,26.04860586605155,20
2017-03-30,25.587268117404562,20
2017-03-31,25.84648308966509,20
2017-04-05,26.09056628057402,20
2017-04-06,26.236673918454315,20
2017-04-07,26.12497290738797,20
2017-04-10,25.780445874267198,20
2017-04-11,25.799032505276003,20
2017-04-12,25.612593298048864,20
2017-04-13,25.637406303830883,20
2017-04-14,25.40062009412506,20
2017-04-17,25.009139305015285,20
2017-04-18,24.90132879766562,20
2017-04-19,24.50926736613537,20
2017-04-20,24.413607800435834,20
2017-04-21,24.343810699857144,20
2017-04-24,23.94041671791782,20
2017-04-25,24.011296484000763,20
2017-04-26,24.040595179702656,20
2017-04-27,24.01981376193865,20
2017-04-28,24.16070722790436,20
2017-05-02,24.123633443160553,20
2017-05-03,24.118823866192614,20
2017-05-04,24.09756899946457,20
2017-05-05,24.05220657864496,20
2017-05-08,23.889370549061127,20
2017-05-09,23.95979542991544,20
2017-05-10,23.85224035218824,20
2017-05-11,23.772454546174338,20
2017-05-12,23.721817725020696,20
2017-05-15,23.711212342165926,20
2017-05-16,23.901220999253898,20
2017-05-17,23.93505707091954,20
2017-05-18,23.864533557163913,20
2017-05-19,23.85012874817548,20
2017-05-22,23.61978515064631,20
2017-05-23,23.160452270464976,20
2017-05-24,23.21674807184538,20
2017-05-25,23.230156559667083,20
2017-05-26,23.237311132212966,20
2017-05-31,23.23537083741379,20
2017-06-01,22.915808153027946,20
2017-06-02,23.02403850519386,20
2017-06-05,23.102096740788166,20
2017-06-06,23.134711996231278,20
2017-06-07,23.441046924580775,20
2017-06-08,23.473632547666977,20
2017-06-09,23.457955547466163,20
2017-06-12,23.276814318195616,20
2017-06-13,23.4311416814094,20
2017-06-14,23.523768291091997,20
2017-06-15,23.706352715800747,20
2017-06-16,23.654816883972952,20
2017-06-19,23.643001314012945,20
2017-06-20,23.63970777014702,20
2017-06-21,23.582448414419705,20
2017-06-22,23.449532154211898,20
2017-06-23,23.432909158349453,20
2017-06-26,23.55764619980009,20
2017-06-27,23.59819143543865,20
2017-06-28,23.59527706813649,20
2017-06-29,23.676905001614863,20
2017-06-30,23.694229095226458,20
2017-07-03,23.732061912531513,20
2017-07-04,23.692615292907337,20
2017-07-05,23.761139928486333,20
2017-07-06,23.72810497078132,20
2017-07-07,23.82086041837328,20
2017-07-10,23.681948703068862,20
2017-07-11,23.57768589994277,20
2017-07-12,23.577982581983832,20
2017-07-13,23.622045207918454,20
2017-07-14,23.527752001951217,20
2017-07-17,23.016138231656036,20
2017-07-18,23.076317117945024,20
2017-07-19,23.129979047334903,20
2017-07-20,23.19049447831163,20
2017-07-21,23.155777241035025,20
2017-07-24,23.186476757256855,20
2017-07-25,23.13494533258178,20
2017-07-26,23.149658915686302,20
2017-07-27,23.32879221427726,20
2017-07-28,23.288862916861174,20
2017-07-31,23.39497876578184,20
2017-08-01,23.417526302894483,20
2017-08-02,23.259926054608155,20
2017-08-03,23.274986991023674,20
2017-08-04,23.16632026740043,20
2017-08-07,23.235465315447584,20
2017-08-08,23.256427499489405,20
2017-08-09,23.269901197308464,20
2017-08-10,23.271329174699634,20
2017-08-11,23.24509948087869,20
2017-08-14,23.46156999799279,20
2017-08-15,23.553454278681926,20
2017-08-16,23.661619561898267,20
2017-08-17,23.71979203116902,20
2017-08-18,23.65422892476677,20
2017-08-21,23.68690535694248,20
2017-08-22,23.69414929464951,20
2017-08-23,23.705453027719923,20
2017-08-24,23.66364423731563,20
2017-08-25,23.78580695977959,20
2017-08-28,24.047109647232386,20
2017-08-29,24.048493920318304,20
2017-08-30,24.016754505185418,20
2017-08-31,24.189271114406818,20
2017-09-01,24.15564275768887,20
2017-09-04,24.336246619959248,20
2017-09-05,24.483189221313552,20
2017-09-06,24.43963899466823,20
2017-09-07,24.4653339856161,20
2017-09-08,24.498959832361205,20
2017-09-11,24.695703266905372,20
2017-09-12,24.395418483220645,20
2017-09-13,24.426520604751268,20
2017-09-14,24.34282856086787,20
2017-09-15,24.30676626372837,20
2017-09-18,24.42266850199724,20
2017-09-19,24.420037663473483,20
2017-09-20,24.616992187913688,20
2017-09-21,24.471881816722263,20
2017-09-22,24.43698678914541,20
2017-09-25,24.172248907764878,20
2017-09-26,24.001521000539128,20
2017-09-27,24.191163921705222,20
2017-09-28,24.100907679247435,20
2017-09-29,24.29986261941843,20
2017-10-09,24.544446332048295,20
2017-10-10,24.852684637319697,20
2017-10-11,24.78990298445058,20
2017-10-12,24.707987933952477,20
2017-10-13,25.133405217593406,20
2017-10-16,24.713792255503098,20
2017-10-17,24.76037002683545,20
2017-10-18,24.548923477653283,20
2017-10-19,24.33884344668227,20
2017-10-20,24.49107302553975,20
2017-10-23,24.598398676630968,20
2017-10-24,24.513496805729236,20
2017-10-25,24.836125709075816,20
2017-10-26,24.974449629692206,20
2017-10-27,24.933560645836188,20
2017-10-30,24.45234729052894,20
2017-10-31,24.716203138474473,20
2017-11-01,24.79927827296618,20
2017-11-02,24.616007824100226,20
2017-11-03,24.51590011800439,20
2017-11-06,24.794953638546218,20
2017-11-07,24.83026528547321,20
2017-11-08,24.86087955675507,20
2017-11-09,25.06616419053365,20
2017-11-10,25.165841130208022,20
2017-11-13,25.414360977695488,20
2017-11-14,25.25135453792813,20
2017-11-15,25.11348698219894,20
2017-11-16,25.08311129110329,20
2017-11-17,24.135167417440115,20
2017-11-20,24.05286550176224,20
2017-11-21,24.011071727031023,20
2017-11-22,23.896816028972324,20
2017-11-23,23.621813908748727,20
2017-11-24,23.802345453121255,20
2017-11-27,23.60943226892976,20
2017-11-28,23.833480703230293,20
2017-11-29,23.689593351800873,20
2017-11-30,23.610140306443178,20
2017-12-01,23.719170251349645,20
2017-12-04,23.46093544066964,20
2017-12-05,23.158935673660107,20
2017-12-06,23.24625359034493,20
2017-12-07,23.231944031232057,20
2017-12-08,23.407821642767388,20
2017-12-11,23.480635616128072,20
2017-12-12,23.285439550250715,20
2017-12-13,23.361988016476282,20
2017-12-14,23.37140586290289,20
2017-12-15,23.37154391191351,20
2017-12-18,23.32506183864454,20
2017-12-19,23.420993039277636,20
2017-12-20,23.24958364163581,20
2017-12-21,23.202846825012042,20
2017-12-22,23.183557659981215,20
2017-12-25,22.99113708874793,20
2017-12-26,23.2337203284304,20
2017-12-27,23.249169587258752,20
2017-12-28,23.370458337268122,20
2017-12-29,23.421371826693566,20
2018-01-02,23.404099754277034,20
2018-01-03,23.428210121319985,20
2018-01-04,23.411198567154877,20
2018-01-05,23.436039592150568,20
2018-01-08,23.42049860291959,20
2018-01-09,23.447776101660207,20
2018-01-10,23.360326844152453,20
2018-01-11,23.447043736994736,20
2018-01-12,23.39494992234732,20
2018-01-15,23.20205199752957,20
2018-01-16,23.332815847655535,20
2018-01-17,23.356405234452858,20
2018-01-18,23.31076105698263,20
2018-01-19,23.266632501138815,20
2018-01-22,23.40341575655033,20
2018-01-23,23.364357896687196,20
2018-01-24,23.446258403565498,20
2018-01-25,23.41599427140872,20
2018-01-26,23.392376161564062,20
2018-01-29,23.26714832550163,20
2018-01-30,23.245276929771926,20
2018-01-31,23.075302826754857,20
2018-02-01,22.759291954782864,20
2018-02-02,22.683542521294235,20
2018-02-05,22.545180156757578,20
2018-02-06,21.977965287862503,20
2018-02-07,22.064633308064014,20
2018-02-08,22.217138461356424,20
2018-02-09,22.104832023913342,20
2018-02-12,22.40707877872544,20
2018-02-13,22.370922646362352,20
2018-02-14,22.391899993995384,20
2018-02-22,22.570543092106856,20
2018-02-23,22.66598291892646,20
2018-02-26,22.973132034601562,20
2018-02-27,23.073815932827063,20
2018-02-28,23.072616066519714,20
2018-03-01,23.168842512605682,20
2018-03-02,23.102546911132208,20
2018-03-05,23.155057300020395,20
2018-03-06,23.302608492748455,20
2018-03-07,23.246826761694596,20
2018-03-08,23.437720386859432,20
2018-03-09,23.648806545799754,20
2018-03-12,23.72727810923351,20
2018-03-13,23.692238811339777,20
2018-03-14,23.65356506717566,20
2018-03-15,23.47694263348047,20
2018-03-16,23.509377224356005,20
2018-03-19,23.61918793881599,20
2018-03-20,23.663683586492546,20
2018-03-21,23.688789064578234,20
2018-03-22,23.781821465725134,20
2018-03-23,23.36127843287903,20
2018-03-26,23.526242512518618,20
2018-03-27,23.796050239648572,20
2018-03-28,23.83178621792215,20
2018-03-29,23.93292259922903,20
2018-03-30,24.16696594550284,20
2018-04-02,24.16236867789233,20
2018-04-03,24.154615066180483,20
2018-04-04,24.208658516668823,20
2018-04-09,24.238642561144896,20
2018-04-10,24.241533758861298,20
2018-04-11,24.352686400468453,20
2018-04-12,24.365254925276176,20
2018-04-13,24.370232160790795,20
2018-04-16,24.2712202056004,20
2018-04-17,24.08475556307559,20
2018-04-18,24.149580263140443,20
2018-04-19,24.13462022364733,20
2018-04-20,23.917371969857147,20
2018-04-23,23.92962668383269,20
2018-04-24,24.118880559172826,20
2018-04-25,24.16113543401671,20
2018-04-26,23.98080149930302,20
2018-04-27,24.02774130764979,20
2018-05-02,23.986901678608398,20
2018-05-03,24.08085298281451,20
2018-05-04,24.09818289353762,20
2018-05-07,24.210877653467936,20
2018-05-08,24.240956316799572,20
2018-05-09,24.26954450364049,20
2018-05-10,24.364273065998326,20
2018-05-11,24.248330996534715,20
2018-05-14,24.187475922695622,20
2018-05-15,24.279289213246912,20
2018-05-16,24.228128215411353,20
2018-05-17,24.238838766850353,20
2018-05-18,24.27698477302371,20
2018-05-21,24.374240021284297,20
2018-05-22,24.414862755492216,20
2018-05-23,24.41058848910118,20
2018-05-24,24.368508718986227,20
2018-05-25,24.384982806457305,20
2018-05-28,24.267359002325758,20
2018-05-29,24.19722129362112,20
2018-05-30,23.909733233517507,20
2018-05-31,24.033112608760387,20
2018-06-01,23.9967860310369,20
2018-06-04,24.070231259214523,20
2018-06-05,24.15887200600481,20
2018-06-06,24.195348340480695,20
2018-06-07,24.104280046843332,20
2018-06-08,24.062524706158232,20
2018-06-11,24.02741140425626,20
2018-06-12,24.042809204233944,20
2018-06-13,23.923494136996997,20
2018-06-14,23.857663000336053,20
2018-06-15,23.70422758382714,20
2018-06-19,23.279307667837706,20
2018-06-20,23.363484986908187,20
2018-06-21,23.20218980737107,20
2018-06-22,23.276827511971284,20
2018-06-25,23.219818193023983,20
2018-06-26,23.305017239407164,20
2018-06-27,23.276001908551986,20
2018-06-28,23.237308007943298,20
2018-06-29,23.38157042375708,20
2018-07-02,23.27876613672345,20
2018-07-03,23.384763864952145,20
2018-07-04,23.29853484580871,20
2018-07-05,23.193265038768995,20
2018-07-06,23.19971575745933,20
2018-07-09,23.31808726328785,20
2018-07-10,23.414087609981085,20
2018-07-11,23.267914446098604,20
2018-07-12,23.39832367310017,20
2018-07-13,23.375394277922897,20
2018-07-16,23.391904576967523,20
2018-07-17,23.44186335765005,20
2018-07-18,23.428532713981102,20
2018-07-19,23.421126560402342,20
2018-07-20,23.48680671213168,20
2018-07-23,23.508328771930834,20
2018-07-24,23.55463459664391,20
2018-07-25,23.541121220777384,20
2018-07-26,23.520252553060416,20
2018-07-27,23.481394063213184,20
2018-07-30,23.437424659869198,20
2018-07-31,23.434207401287274,20
2018-08-01,23.32409290238024,20
2018-08-02,23.18971174204638,20
2018-08-03,23.153954837250186,20
2018-08-06,23.099571714570786,20
2018-08-07,23.187050494449096,20
2018-08-08,23.11789875918341,20
2018-08-09,23.214572253959002,20
2018-08-10,23.226068010270016,20
2018-08-13,23.230567621090238,20
2018-08-14,23.259276546929755,20
2018-08-15,23.181495596012205,20
2018-08-16,23.116166334054782,20
2018-08-17,23.050985851403123,20
2018-08-20,23.093917266452088,20
2018-08-21,23.106489751835216,20
2018-08-22,23.047791694878953,20
2018-08-23,23.06828581115571,20
2018-08-24,23.088781503157158,20
2018-08-27,23.15900000245091,20
2018-08-28,23.151311584281167,20
2018-08-29,23.136613805789583,20
2018-08-30,23.076928856626555,20
2018-08-31,23.0383095563523,20
2018-09-03,22.982083141923603,20
2018-09-04,23.02178218171967,20
2018-09-05,22.967372069094935,20
2018-09-06,22.936564139036467,20
2018-09-07,22.962939757260596,20
2018-09-10,22.87130093595517,20
2018-09-11,22.87366636523425,20
2018-09-12,22.86958986041859,20
2018-09-13,22.907278544013163,20
2018-09-14,22.893793525124032,20
2018-09-17,22.77571041163127,20
2018-09-18,22.84066774295601,20
2018-09-19,22.87905028976296,20
2018-09-20,22.85175747691141,20
2018-09-21,22.90670300898754,20
2018-09-25,22.921522194237237,20
2018-09-26,22.95350442400908,20
2018-09-27,22.854675840001704,20
2018-09-28,22.90509678631932,20
2018-10-08,22.742388560290653,20
2018-10-09,22.748966266162093,20
2018-10-10,22.786073856842492,20
2018-10-11,22.469619517022384,20
2018-10-12,22.513277053314354,20
2018-10-15,22.495390947679844,20
2018-10-16,22.450927544506268,20
2018-10-17,22.48966423104719,20
2018-10-18,22.417981465558178,20
2018-10-19,22.483866665987126,20
2018-10-22,22.683802820890268,20
2018-10-23,22.62977039250767,20
2018-10-24,22.640858897759365,20
2018-10-25,22.633769715475808,20
2018-10-26,22.638116644791854,20
2018-10-29,22.594672689839484,20
2018-10-30,22.645889871072036,20
2018-10-31,22.719004860685242,20
2018-11-01,22.66391858901837,20
2018-11-02,22.762918267169347,20
2018-11-05,22.768871362071405,20
2018-11-06,22.774253755382322,20
2018-11-07,22.749286021045474,20
2018-11-08,22.74435627798039,20
2018-11-09,22.72679296945927,20
2018-11-12,22.864231845453627,20
2018-11-13,22.956070087010673,20
2018-11-14,22.99424639871982,20
2018-11-15,23.139391143241774,20
2018-11-16,23.18850913332542,20
2018-11-19,23.19393708152398,20
2018-11-20,23.074989695914773,20
2018-11-21,23.11916417611695,20
2018-11-22,23.149224776725905,20
2018-11-23,22.98020888369165,20
2018-11-26,22.9428378980854,20
2018-11-27,22.98609375313319,20
2018-11-28,23.029839430066083,20
2018-11-29,22.910613930436323,20
2018-11-30,22.977093356124723,20
2018-12-03,23.08678123392806,20
2018-12-04,23.12413653051654,20
2018-12-05,23.096101618764248,20
2018-12-06,23.069826760561305,20
2018-12-07,23.074781262237554,20
2018-12-10,23.01641470259175,20
2018-12-11,23.018944489949885,20
2018-12-12,23.048823617579544,20
2018-12-13,23.079000183088123,20
2018-12-14,23.003493510246898,20
2018-12-17,23.007586353736613,20
2018-12-18,22.95720288844117,20
2018-12-19,22.891425966934268,20
2018-12-20,22.92508664125018,20
2018-12-21,22.90989278849287,20
2018-12-24,22.966657368961567,20
2018-12-25,22.951141772024634,20
2018-12-26,22.960875554526503,20
2018-12-27,22.939766830105153,20
2018-12-28,22.931472100738233,20
2019-01-02,22.894224675295426,20
2019-01-03,22.890840265563998,20
2019-01-04,22.987357995829793,20
2019-01-07,23.07145992599023,20
2019-01-08,23.051173912208384,20
2019-01-09,23.060341891389246,20
2019-01-10,23.068536200179565,20
2019-01-11,23.09595345027827,20
2019-01-14,23.09842670249169,20
2019-01-15,23.125904482665163,20
2019-01-16,23.141605809706764,20
2019-01-17,23.07963458416704,20
2019-01-18,23.11189674984374,20
2019-01-21,23.12244451876661,20
2019-01-22,23.121949776935736,20
2019-01-23,23.129625755087844,20
2019-01-24,23.144746067097927,20
2019-01-25,23.09972926138891,20
2019-01-28,23.078403858937136,20
2019-01-29,23.00360132446687,20
2019-01-30,22.94657427539448,20
2019-01-31,22.861674619736775,20
2019-02-01,22.92035142848227,20
2019-02-11,23.015856242630107,19
2019-02-12,23.053421075890057,19
2019-02-13,23.12711125253076,19
2019-02-14,23.1457760368019,19
2019-02-15,23.156394720374337,19
2019-02-18,23.261288842605055,19
2019-02-19,23.27962270940803,19
2019-02-20,23.305401495293236,19
2019-02-21,23.272508571472375,19
2019-02-22,23.35314723489016,19
2019-02-25,23.51167014103439,19
2019-02-26,23.49262516692037,19
2019-02-27,23.474010341595804,19
2019-02-28,23.72126459074221,19
2019-03-01,23.713127489905048,19
2019-03-04,23.813693434598978,20
2019-03-05,24.046169124927356,20
2019-03-06,24.26713073371221,20
2019-03-07,24.460755544727533,20
2019-03-08,23.92119933248999,20
2019-03-11,24.32998613493949,20
2019-03-12,24.49545476558625,20
2019-03-13,24.407038356218,20
2019-03-14,24.18202761244226,20
2019-03-15,24.418093944000812,20
2019-03-18,24.79657671103809,20
2019-03-19,24.799474560542443,20
2019-03-20,24.914469317852,20
2019-03-21,24.96253224409238,20
2019-03-22,25.157947149592303,20
2019-03-25,25.14417522312657,20
2019-03-26,24.875551797509488,20
2019-03-27,25.06164291650903,20
2019-03-28,25.013566519172205,20
2019-03-29,25.206068727545002,20
2019-04-01,25.62478967787659,20
2019-04-02,25.668705210904914,20
2019-04-03,25.902466321201715,20
2019-04-04,26.02378156716834,20
2019-04-08,25.850197299590192,20
2019-04-09,25.860421439161108,20
2019-04-10,25.965702979548514,20
2019-04-11,25.618790298821132,20
2019-04-12,25.753784842916637,20
2019-04-15,25.644486817301345,20
2019-04-16,25.731365881241118,20
2019-04-17,25.819970824655666,20
2019-04-18,25.88255837746913,20
2019-04-19,26.094707243774515,20
2019-04-22,25.932407540346524,20
2019-04-23,25.814775611369676,20
2019-04-24,26.067137905533645,20
2019-04-25,25.686666915732573,20
2019-04-26,25.554733507412042,20
2019-04-29,25.394497496963176,20
2019-04-30,25.6067740965174,20
2019-05-06,24.43942656804321,20
2019-05-07,24.725126517263995,20
2019-05-08,24.760914005439055,20
2019-05-09,24.77650680536611,20
2019-05-10,25.319616642046924,20
2019-05-13,25.467864529755243,20
2019-05-14,25.323519027566046,20
2019-05-15,25.596260565892003,20
2019-05-16,25.75665334105981,20
2019-05-17,25.196918918144355,20
2019-05-20,25.072573787994468,20
2019-05-21,25.504844282723383,20
2019-05-22,25.245808194104047,20
2019-05-23,24.934813600299528,20
2019-05-24,24.905902309578245,20
2019-05-27,25.33158486841466,20
2019-05-28,25.493423978528725,20
2019-05-29,25.697524324006107,20
2019-05-30,25.675220397623757,20
2019-05-31,25.67500104194019,20
2019-06-03,25.465958061775407,20
2019-06-04,25.22710873133279,19
2019-06-05,25.345198063850642,19
2019-06-06,25.051851053474365,19
2019-06-10,25.1957327084055,19
2019-06-11,25.695462471237324,19
2019-06-12,25.614221417226794,19
2019-06-13,25.78043699441541,19
2019-06-14,25.493199010727523,19
2019-06-17,25.53486656206589,19
2019-06-18,25.49998721430526,19
2019-06-19,25.682535292883795,19
2019-06-20,25.92931293167242,19
2019-06-21,26.237714443623265,19
2019-06-24,26.284804960209996,19
2019-06-25,26.100870507815824,19
2019-06-26,26.182538845879044,19
2019-06-27,26.35065875609669,19
2019-06-28,26.099305198666283,19
2019-07-01,26.430226357480706,19
2019-07-02,26.596909303073268,20
2019-07-03,26.475244793824434,20
2019-07-04,26.497094115100484,20
2019-07-05,26.566094709599486,20
2019-07-08,26.119828420312476,20
2019-07-09,26.319503181515884,20
2019-07-10,26.324602886294365,20
2019-07-11,26.436095378504408,20
2019-07-12,26.53093302559546,20
2019-07-15,26.569954638622136,20
2019-07-16,26.615761983616025,20
2019-07-17,26.54523740545809,20
2019-07-18,26.188467857814757,20
2019-07-19,26.265608728614083,20
2019-07-22,25.795684359622758,20
2019-07-23,25.96876088900854,20
2019-07-24,26.129762358495867,20
2019-07-25,26.177943567324125,20
2019-07-26,26.21678319867528,20
2019-07-29,26.298383490304914,20
2019-07-30,26.372132039919066,20
2019-07-31,26.306470792415876,20
2019-08-01,26.312576194687406,20
2019-08-02,25.958216290045556,20
2019-08-05,25.741674892532806,20
2019-08-06,25.27679693345647,20
2019-08-07,25.22076366712981,20
2019-08-08,25.282424084894373,20
2019-08-09,25.066767038513596,20
2019-08-12,25.334648577223273,20
2019-08-13,25.24475822851302,20
2019-08-14,25.277407658207085,20
2019-08-15,25.2890693340064,20
2019-08-16,25.57503299564819,20
2019-08-19,26.010667704906293,20
2019-08-20,25.946581464096834,20
2019-08-21,25.96046121014121,20
2019-08-22,26.11799957037475,20
2019-08-23,26.060448337127717,20
2019-08-26,25.93218921635664,20
2019-08-27,26.229980016123395,20
2019-08-28,26.217731138867347,20
2019-08-29,26.146740197862815,20
2019-08-30,25.88228111248847,20
2019-09-02,26.211629239009604,20
2019-09-03,26.262610964940393,20
2019-09-04,26.3853571026606,20
2019-09-05,26.462402547446608,20
2019-09-06,26.578992091666684,20
2019-09-09,26.925306671355035,20
2019-09-10,26.97218760454214,20
2019-09-11,26.902409706133145,20
2019-09-12,27.046138133128583,20
2019-09-16,27.10193667428692,20
2019-09-17,26.733069773279464,20
2019-09-18,26.869608843508594,20
2019-09-19,27.114071926370947,20
2019-09-20,27.198787711495765,20
2019-09-23,27.146686840664604,20
2019-09-24,27.069738975386883,20
2019-09-25,26.807234834399797,20
2019-09-26,26.36102313347483,20
2019-09-27,26.5537906778154,20
2019-09-30,26.56120397991964,20
2019-10-08,26.599903125383697,20
2019-10-09,26.71915018958483,20
2019-10-10,26.98679696606498,20
2019-10-11,27.021463495146545,20
2019-10-14,27.290921061982072,20
2019-10-15,27.20188977290415,20
2019-10-16,27.18516823826726,20
2019-10-17,27.158266796226428,20
2019-10-18,27.067607745577227,20
2019-10-21,26.92157265818703,20
2019-10-22,27.122987602492675,20
2019-10-23,27.053961192582047,20
2019-10-24,27.18109533832066,20
2019-10-25,27.365977848361307,20
2019-10-28,27.485551903833358,20
2019-10-29,27.24295348582532,20
2019-10-30,27.053272784989424,20
2019-10-31,27.018529251784003,20
2019-11-01,27.094985387101218,20
2019-11-04,27.054146292056572,20
2019-11-05,27.090985908252144,20
2019-11-06,27.09385036020111,20
2019-11-07,27.09128040473884,20
2019-11-08,27.09226943162779,20
2019-11-11,26.777976735587657,20
2019-11-12,26.784477520961772,20
2019-11-13,26.753266778257682,20
2019-11-14,26.856685987349863,20
2019-11-15,26.653443624972947,20
2019-11-18,26.66682831022968,20
2019-11-19,26.81481595929234,20
2019-11-20,26.689251061006377,20
2019-11-21,26.662295557637094,20
2019-11-22,26.60987752441965,20
2019-11-25,26.637296374676218,20
2019-11-26,26.61593354448237,20
2019-11-27,26.547427164112968,20
2019-11-28,26.483655640835426,20
2019-11-29,26.47985836939693,20
2019-12-02,26.504950442450152,20
2019-12-03,26.556713127857286,20
2019-12-04,26.61046227031259,20
2019-12-05,26.701099984380047,20
2019-12-06,26.72641332802005,20
2019-12-09,26.73480892076359,20
2019-12-10,26.779992283642688,20
2019-12-11,26.713150945739493,20
2019-12-12,26.670365400218056,20
2019-12-13,26.802609486270875,20
2019-12-16,26.905203236895144,20
2019-12-17,26.963200295476316,20
2019-12-18,26.99688508038323,20
2019-12-19,27.069891210182316,20
2019-12-20,27.011658094157465,20
2019-12-23,26.85654889095586,20
2019-12-24,26.99535892459585,20
2019-12-25,27.02711162404914,20
2019-12-26,27.144974170400225,20
2019-12-27,27.19013732295354,20
2019-12-30,27.298805332369103,20
2019-12-31,27.40576551047703,20
2020-01-02,27.610828919237434,20
2020-01-03,27.74615349488712,20
2020-01-06,27.764045784608474,20
2020-01-07,27.921749353542943,20
2020-01-08,27.66971855712724,20
2020-01-09,27.912546308760017,20
2020-01-10,27.90453593256328,20
2020-01-13,28.13244184763848,20
2020-01-14,28.24343162067637,20
2020-01-15,28.341939831535562,20
2020-01-16,28.131120619615853,20
2020-01-17,28.14818307592071,20
2020-01-20,28.3143493004493,20
2020-01-21,28.251627106144618,20
2020-01-22,28.12163405770951,20
2020-01-23,27.581314186842544,20
2020-02-03,25.650089680685166,20
2020-02-04,25.478413687130725,20
2020-02-05,25.882765172278923,20
2020-02-06,26.257055581623817,20
2020-02-07,26.378986355642002,20
2020-02-10,26.716878011995547,20
2020-02-11,26.548744625895424,20
2020-02-12,26.713478734647463,20
2020-02-13,26.50786236548346,20
2020-02-14,26.387577947071986,20
2020-02-17,27.0705018863979,20
2020-02-18,27.241676480052444,20
2020-02-19,27.195898245573584,20
2020-02-20,27.536208088323257,20
2020-02-21,27.70773329859671,20
2020-02-24,27.787777322474533,20
2020-02-25,27.47439555187117,20
2020-02-26,27.509691127370317,20
2020-02-27,27.62925654300287,20
2020-02-28,26.661482108289285,20
2020-03-02,27.32670944623117,20
2020-03-03,27.524036140428045,20
2020-03-04,27.830612357995193,20
2020-03-05,28.227012787944847,20
2020-03-06,28.231614392562697,20
2020-03-09,27.880184008536897,20
2020-03-10,28.233160683430672,20
2020-03-11,28.31290382744186,20
2020-03-12,27.957266239070275,20
2020-03-13,27.81415743966369,20
2020-03-16,27.417316302551274,20
2020-03-17,27.567725422837817,20
2020-03-18,27.25603018411237,20
2020-03-19,27.431335205988614,20
2020-03-20,27.704732268009405,20
2020-03-23,27.145639530109985,20
2020-03-24,27.537675870363188,20
2020-03-25,27.944966871744782,20
2020-03-26,27.714512384238372,20
2020-03-27,27.847402620017768,20
2020-03-30,27.481093514359962,20
2020-03-31,27.443817078798283,20
2020-04-01,27.327759477328588,20
2020-04-02,27.443630028551322,20
2020-04-03,27.424351508020163,20
2020-04-07,27.677464779011604,20
2020-04-08,27.79366290350096,20
2020-04-09,27.881572966738915,20
2020-04-10,27.73489158885071,20
2020-04-13,27.702991291379245,20
2020-04-14,27.785562501171466,20
2020-04-15,27.78220819162141,20
2020-04-16,27.750962082243294,20
2020-04-17,27.80566978593334,20
2020-04-20,27.950299675564,20
2020-04-21,28.048624131890623,20
2020-04-22,28.069168848633,20
2020-04-23,28.10409764088557,20
2020-04-24,28.044188762811483,20
2020-04-27,28.032692541693898,20
2020-04-28,27.78276436557875,20
2020-04-29,27.81795095286949,20
2020-04-30,27.88484656403783,20
2020-05-06,27.85825948747091,20
2020-05-07,27.950300761949446,20
2020-05-08,28.124541101886614,20
2020-05-11,28.1394096851259,20
2020-05-12,28.05357509459567,20
2020-05-13,28.237858058165514,20
2020-05-14,28.211623955863363,20
2020-05-15,28.191977978526523,20
2020-05-18,28.167597951222945,20
2020-05-19,28.406784637587307,20
2020-05-20,28.298108097814037,20
2020-05-21,28.25200428539166,20
2020-05-22,28.123473855616925,20
2020-05-25,28.241162956676522,20
2020-05-26,28.63180911580023,20
2020-05-27,28.680645627563223,20
2020-05-28,28.565770736550952,20
2020-05-29,28.715643608866298,20
2020-06-01,29.104728567244297,20
2020-06-02,29.325484848607825,20
2020-06-03,29.383163769359435,20
2020-06-04,29.747477478033048,20
2020-06-05,29.86984129193235,20
2020-06-08,29.87340376814217,20
2020-06-09,29.936137730679,20
2020-06-10,29.889297172256192,20
2020-06-11,29.796866427874143,20
2020-06-12,29.676792770892405,20
2020-06-15,29.537916081815883,20
2020-06-16,29.69357283759848,20
2020-06-17,29.916285704837758,20
2020-06-18,29.93824427679172,20
2020-06-19,30.052693876580744,20
2020-06-22,30.066114793100013,20
2020-06-23,30.001434745492425,20
2020-06-24,29.920044309571622,20
2020-06-29,29.867982094630243,20
2020-06-30,30.08496025710197,20
2020-07-01,30.088254471401942,20
2020-07-02,30.31551477952366,20
2020-07-03,30.4853656200201,20
2020-07-06,31.167659515457558,20
2020-07-07,31.259345300000387,20
2020-07-08,31.94281298029025,20
2020-07-09,32.54095724479225,20
2020-07-10,32.3397192224567,20
2020-07-13,33.11646865903359,20
2020-07-14,33.204213931128315,20
2020-07-15,32.675807004188066,20
2020-07-16,32.04269603887185,20
2020-07-17,32.0929597255517,20
2020-07-20,33.0914771495812,20
2020-07-21,33.118390869433,20
2020-07-22,33.00932282834696,20
2020-07-23,32.83314413308276,20
2020-07-24,31.96719163933317,20
2020-07-27,31.860574900496463,20
2020-07-28,32.07439783104023,20
2020-07-29,32.427718375378596,20
2020-07-30,32.46929850867278,20
2020-07-31,32.72313213180303,20
2020-08-03,33.25993544732542,20
2020-08-04,33.23775398112175,20
2020-08-05,33.37930813414343,20
2020-08-06,33.38337248943113,20
2020-08-07,33.23994497157329,20
2020-08-10,33.83795108165414,20
2020-08-11,33.501677551516444,20
2020-08-12,33.255289806580464,20
2020-08-13,33.57293390758201,20
2020-08-14,34.01241249152542,20
2020-08-17,34.50066138551913,20
2020-08-18,34.718396926723,20
2020-08-19,34.53888378391742,20
2020-08-20,34.60642628273951,20
2020-08-21,35.01141746620429,20
2020-08-24,35.1596768912221,20
2020-08-25,35.45851441732668,20
2020-08-26,35.307476873147984,20
2020-08-27,35.42374998539147,20
2020-08-28,35.6173882289442,20
2020-08-31,35.437172135645,20
2020-09-01,35.8294636325904,20
2020-09-02,36.05426922706656,20
2020-09-03,35.93459469214188,20
2020-09-04,36.02491620366565,20
2020-09-07,35.73088073323049,20
2020-09-08,36.14939225380626,20
2020-09-09,35.4932385075024,20
2020-09-10,34.18142654027348,20
2020-09-11,34.53233729068207,20
2020-09-14,34.96957209977413,20
2020-09-15,34.909299951002666,20
2020-09-16,34.9235880597761,20
2020-09-17,35.02503324609804,20
2020-09-18,35.28120008389937,20
2020-09-21,35.287069100403,20
2020-09-22,34.771171821063874,20
2020-09-23,35.182018918323415,20
2020-09-24,34.4452420939325,20
2020-09-25,34.5108398845942,20
2020-09-28,33.705123130774766,20
2020-09-29,33.698977600129496,20
2020-09-30,33.65731587797398,20
2020-10-09,34.182676087166904,20
2020-10-12,34.82314883094479,20
2020-10-13,34.76324134355431,20
2020-10-14,34.66288715165972,20
2020-10-15,34.79607300551128,20
2020-10-16,34.8721402475643,20
2020-10-19,34.70136343618198,20
2020-10-20,34.96134009952359,20
2020-10-21,34.823932953677954,20
2020-10-22,34.606654262777504,20
2020-10-23,34.349300068239174,20
2020-10-26,34.54247202946796,20
2020-10-27,34.41934986819727,20
2020-10-28,34.41454544935467,20
2020-10-29,34.395903363529285,20
2020-10-30,33.662149096520366,20
2020-11-02,33.692876686859826,20
2020-11-03,34.08832707155451,20
2020-11-04,34.01276130099453,20
2020-11-05,34.310535950287154,20
2020-11-06,34.14222084622159,20
2020-11-09,34.46234432043536,20
2020-11-10,34.29980816268634,20
2020-11-11,34.16086592934918,20
2020-11-12,34.382280923702375,20
2020-11-13,34.550307195489964,20
2020-11-16,34.90659387322955,20
2020-11-17,34.70815008742763,20
2020-11-18,34.784958710514175,20
2020-11-19,34.741315846973336,20
2020-11-20,34.93552310204002,20
2020-11-23,35.000630319433334,20
2020-11-24,35.046617983410115,20
2020-11-25,34.6194350547023,20
2020-11-26,34.62372832348586,20
2020-11-27,34.668751883780644,20
2020-11-30,34.51477535267807,20
2020-12-01,34.654948088838914,20
2020-12-02,34.69073050839584,20
2020-12-03,34.87778269517606,20
2020-12-04,34.861828429291165,20
2020-12-07,34.69369912041706,20
2020-12-08,34.58379338397011,20
2020-12-09,34.22358923034777,20
2020-12-10,34.15172511751549,20
2020-12-11,33.709575034287056,20
2020-12-14,33.81004383776489,20
2020-12-15,33.7463000319461,20
2020-12-16,33.41269611457943,20
2020-12-17,33.53728244979864,20
2020-12-18,33.3242498569098,20
2020-12-21,33.32721736545135,20
2020-12-22,33.016553900866754,20
2020-12-23,32.97608977973973,20
2020-12-24,32.6017803193962,20
2020-12-25,32.84223039310123,20
2020-12-28,32.53739182933772,20
2020-12-29,32.54968680212404,20
2020-12-30,32.70693052827877,20
2020-12-31,32.83929547165003,20
2021-01-04,32.87992283176501,20
2021-01-05,32.84086447878181,20
2021-01-06,32.355867285826506,20
2021-01-07,31.6775609618169,20
2021-01-08,31.66865766844478,20
2021-01-11,31.16107909763442,20
2021-01-12,31.295531054545737,20
2021-01-13,30.923362367794564,20
2021-01-14,31.061306761491014,20
2021-01-15,31.31449027767306,20
2021-01-18,31.751142612826467,20
2021-01-19,31.862843408425007,20
2021-01-20,31.701058675847136,20
2021-01-21,31.75930024185932,20
2021-01-22,31.57239504821005,20
2021-01-25,31.294993895386135,20
2021-01-26,31.35139263026628,20
2021-01-27,31.345186654613478,20
2021-01-28,31.273023963387594,20
2021-01-29,31.01369473475888,20
2021-02-01,30.97566343427963,20
2021-02-02,30.973226293945494,20
2021-02-03,30.79930879199783,20
2021-02-04,30.574105610027246,20
2021-02-05,30.546457256635893,20
2021-02-08,30.48915151754531,20
2021-02-09,30.66138347703592,20
2021-02-10,30.69154380432338,20
2021-02-18,30.983264100659223,20
2021-02-19,31.275836933246477,20
2021-02-22,31.442538387671764,20
2021-02-23,31.38518060500636,20
2021-02-24,31.384280194823006,20
2021-02-25,31.29609872812321,20
2021-02-26,31.327755402210574,20
2021-03-01,31.464677743006952,20
2021-03-02,31.357085856526957,20
2021-03-03,31.465681102738706,20
2021-03-04,31.4703700276615,20
2021-03-05,31.576976673917407,20
2021-03-08,31.474156378692555,20
2021-03-09,31.34571476073866,20
2021-03-10,31.162068541201208,20
2021-03-11,31.302863325881997,20
2021-03-12,31.288731326807625,20
2021-03-15,31.329243833105348,20
2021-03-16,31.487240684212527,20
2021-03-17,31.56756292403863,20
2021-03-18,31.63249126156442,20
2021-03-19,31.607123446134416,20
2021-03-22,31.726027946448678,20
2021-03-23,31.660536831856522,20
2021-03-24,31.678900034095637,20
2021-03-25,31.59277158919515,20
2021-03-26,31.740818131690386,20
2021-03-29,31.778997376799182,20
2021-03-30,31.70239475118925,20
2021-03-31,31.747456966143147,20
2021-04-01,31.67590345052706,20
2021-04-02,31.651514224280096,20
2021-04-06,31.77405553411792,20
2021-04-07,31.851719477776967,20
2021-04-08,31.728444568068568,20
2021-04-09,31.743802912580495,20
2021-04-12,31.7131614376687,20
2021-04-13,31.644798166352388,20
2021-04-14,31.801942478085284,20
2021-04-15,31.78002879303488,20
2021-04-16,31.928864055151703,20
2021-04-19,31.99253160415134,20
2021-04-20,31.96976009293293,20
2021-04-21,32.02333106243406,20
2021-04-22,32.13629266248309,20
2021-04-23,32.08149464842956,20
2021-04-26,32.01489993317719,20
2021-04-27,31.870548413549056,20
2021-04-28,31.895597868833494,20
2021-04-29,31.986162713863877,20
2021-04-30,31.85288986080771,20
2021-05-06,31.884054111830864,20
2021-05-07,31.888080410844733,20
2021-05-10,31.866109610151693,20
2021-05-11,31.897335964877758,20
2021-05-12,31.928599588433844,20
2021-05-13,31.93515063281268,20
2021-05-14,32.07186068859914,20
2021-05-17,32.06832748881361,20
2021-05-18,32.12427072985189,20
2021-05-19,32.14913736518677,20
2021-05-20,32.08700852719898,20
2021-05-21,32.107703748175275,20
2021-05-24,32.09960542274482,20
2021-05-25,32.22270164567869,20
2021-05-26,32.303033720185276,20
2021-05-27,32.4012306344998,20
2021-05-28,32.31409030228061,20
2021-05-31,32.600898747286145,20
2021-06-01,32.57321336840753,20
2021-06-02,32.60353346522272,20
2021-06-03,32.65431710588001,20
2021-06-04,32.67509234981561,20
2021-06-07,32.87823301565628,20
2021-06-08,32.88017072076946,20
2021-06-09,32.9506082655379,20
2021-06-10,32.97242991384781,20
2021-06-11,33.002217570844856,20
2021-06-15,32.72564154210271,20
2021-06-16,32.47295557660559,20
2021-06-17,32.426051564786725,20
2021-06-18,32.58130725149596,20
2021-06-21,32.77815306466184,20
2021-06-22,32.91185419683555,20
2021-06-23,32.882830752379306,20
2021-06-24,32.80318627823398,20
2021-06-25,32.83234634734162,20
2021-06-28,33.05536085776164,20
2021-06-29,32.96943929201796,20
2021-06-30,33.138366101247605,20
2021-07-01,32.93487974749834,20
2021-07-02,32.80764899085015,20
2021-07-05,33.228477142893844,20
2021-07-06,33.153960012414394,20
2021-07-07,33.24073948753848,20
2021-07-08,33.077309813702485,20
2021-07-09,33.178939681882696,20
2021-07-12,33.432588493228394,20
2021-07-13,33.46688428448195,20
2021-07-14,33.2734761142274,20
2021-07-15,32.8799024455693,20
2021-07-16,32.744554067297216,20
2021-07-19,32.672476626620345,20
2021-07-20,32.6402407805945,20
2021-07-21,32.95417012026728,20
2021-07-22,33.11738177165492,20
2021-07-23,32.80617342369796,20
2021-07-26,32.431149209326634,20
2021-07-27,32.24921644850181,20
2021-07-28,31.787553973511944,20
2021-07-29,32.16340842831002,20
2021-07-30,32.51578622024449,20
2021-08-02,32.908612503587285,20
2021-08-03,32.95513441442977,20
2021-08-04,33.12417482893353,20
2021-08-05,33.08265906999472,20
2021-08-06,32.96680451454057,20
2021-08-09,33.31122189383999,20
2021-08-10,33.52537483372491,20
2021-08-11,33.74408570262689,20
2021-08-12,33.68681291849305,20
2021-08-13,33.71502415510434,20
2021-08-16,34.01430445456802,20
2021-08-17,33.53501012300398,20
2021-08-18,33.76501759123095,20
2021-08-19,33.56721672192028,20
2021-08-20,33.62681260384939,20
2021-08-23,34.441927713220224,20
2021-08-24,34.363293833754234,20
2021-08-25,34.63101226368885,20
2021-08-26,34.48178971603046,20
2021-08-27,34.381566435968296,20
2021-08-30,34.21783148918475,20
2021-08-31,34.32147234938855,20
2021-09-01,34.3395960825266,20
2021-09-02,34.50698540752742,20
2021-09-03,34.59175339500751,20
2021-09-06,34.83447678400959,20
2021-09-07,35.01531365499228,20
2021-09-08,35.04841238885416,20
2021-09-09,35.08353466494988,20
2021-09-10,34.8424278854033,20
2021-09-13,35.04189191447845,20
2021-09-14,34.62554148277957,20
2021-09-15,34.765306363962594,20
2021-09-16,34.612677551725284,20
2021-09-17,34.39907041801798,20
2021-09-22,34.588037259937,20
2021-09-23,34.7053184167628,20
2021-09-24,34.259748317548414,20
2021-09-27,33.557059585201664,20
2021-09-28,33.620967541963566,20
2021-09-29,33.26376415660114,20
2021-09-30,33.569515031634786,20
2021-10-08,34.04171671660367,20
2021-10-11,34.09867532484955,20
2021-10-12,33.927845908994335,20
2021-10-13,33.98767119629454,20
2021-10-14,34.0748842546567,20
2021-10-15,34.01295324677152,20
2021-10-18,34.04552340897924,20
2021-10-19,34.02485061948592,20
2021-10-20,34.006411134179245,20
2021-10-21,33.83091904537101,20
2021-10-22,33.682785421609324,20
2021-10-25,33.551034302515774,20
2021-10-26,33.45876135352745,20
2021-10-27,33.06585873725229,20
2021-10-28,32.987727493014575,20
2021-10-29,33.12569621896874,20
2021-11-01,33.45795988423292,20
2021-11-02,33.28883365513904,20
2021-11-03,33.467043543641296,20
2021-11-04,33.70229461240173,20
2021-11-05,33.70356118351755,20
2021-11-08,33.87370586046488,20
2021-11-09,34.10133658577646,20
2021-11-10,34.281830051111626,20
2021-11-11,34.494494593424626,20
2021-11-12,34.665330029443695,20
2021-11-15,35.006185697233164,20
2021-11-16,34.91633209573556,20
2021-11-17,35.242251780793346,20
2021-11-18,34.93670838422559,20
2021-11-19,35.30516835969086,20
2021-11-22,35.37551340334815,20
2021-11-23,35.48372717476961,20
2021-11-24,35.53319138724496,20
2021-11-25,35.7625961737492,20
2021-11-26,35.624100708757844,20
2021-11-29,35.45714033280443,20
2021-11-30,35.88264243045503,20
2021-12-01,36.04727796309644,20
2021-12-02,35.89020675353488,20
2021-12-03,35.83548015962784,20
2021-12-06,35.37976749167463,20
2021-12-07,35.330758414708,20
2021-12-08,35.416880343906705,20
2021-12-09,35.73649739442946,20
2021-12-10,35.820897743709665,20
2021-12-13,35.84971573324772,20
2021-12-14,36.06231279556335,20
2021-12-15,36.16444016419148,20
2021-12-16,36.27280679717687,20
2021-12-17,36.38922122042182,20
2021-12-20,36.41382455678194,20
2021-12-21,36.64183973314607,20
2021-12-22,36.81464658427502,20
2021-12-23,36.68053029137628,20
2021-12-24,36.203470803803576,20
2021-12-27,36.44414623925322,20
2021-12-28,36.60160784751221,20
2021-12-29,36.56149548021509,20
2021-12-30,36.687051281749305,20
2021-12-31,36.88011271413074,20
2022-01-04,37.41767609331053,20
2022-01-05,37.12729915741384,20
2022-01-06,37.40934470504441,20
2022-01-07,37.16196404620555,20
2022-01-10,37.572727122658215,20
2022-01-11,37.591714212203726,20
2022-01-12,38.041707156364374,20
2022-01-13,37.90771803456218,20
2022-01-14,37.50075291323927,20
2022-01-17,38.011871244156744,20
2022-01-18,37.62674979946036,20
2022-01-19,38.011041642536696,20
2022-01-20,37.125622184067396,20
2022-01-21,36.84539958252539,20
2022-01-24,36.545960203432216,20
2022-01-25,35.44219633840681,20
2022-01-26,35.82337156684916,20
2022-01-27,35.0175197468582,20
2022-01-28,35.548988005906224,20
2022-02-07,36.0761200425146,20
2022-02-08,36.47597565872746,20
2022-02-09,36.530030630251616,20
2022-02-10,36.432902955722334,20
2022-02-11,36.16684586339819,20
2022-02-14,36.273958015109244,20
2022-02-15,36.22307406912444,20
2022-02-16,36.684995255414194,20
2022-02-17,36.637311914025325,20
2022-02-18,36.728794184987905,20
2022-02-21,37.143059168139935,20
2022-02-22,36.962025712186154,20
2022-02-23,37.19659123016021,20
2022-02-24,36.74957817968231,20
2022-02-25,36.8331070324864,20
2022-02-28,36.639486544618116,20
2022-03-01,36.928848892120826,20
2022-03-02,37.10142419199874,20
2022-03-03,37.15177883026111,20
2022-03-04,36.929744753910015,20
2022-03-07,36.457401997789574,20
2022-03-08,35.83489532935618,20
2022-03-09,35.51279884918484,20
2022-03-10,35.677131228624944,20
2022-03-11,35.84724856315251,20
2022-03-14,35.33307912056106,20
2022-03-15,34.49155827292823,20
2022-03-16,34.85632405928406,20
2022-03-17,35.22591368285981,20
2022-03-18,35.43606660645284,20
2022-03-21,35.68483740804099,20
2022-03-22,35.68717420785804,20
2022-03-23,35.60221689133332,20
2022-03-24,35.357527537647876,20
2022-03-25,35.394384081821336,20
2022-03-28,35.26646249895143,20
2022-03-29,35.00042825995236,20
2022-03-30,35.22157943388058,20
2022-03-31,35.36658450814049,20
2022-04-01,35.246515891117326,20
2022-04-06,35.38492370754129,20
2022-04-07,35.25006395491893,20
2022-04-08,35.149198262950726,20
2022-04-11,34.895754498953444,20
2022-04-12,35.02931805672458,20
2022-04-13,34.93912241753727,20
2022-04-14,35.01583781284349,20
2022-04-15,34.79431444672024,20
2022-04-18,34.89687944271461,20
2022-04-19,34.95910726116562,20
2022-04-20,34.93079262093793,20
2022-04-21,34.75039843729296,20
2022-04-22,34.78770848406323,20
2022-04-25,34.1418067167463,20
2022-04-26,33.58776897204644,20
2022-04-27,33.60274069944343,20
2022-04-28,33.405830933285415,20
2022-04-29,33.85403113871005,20
2022-05-05,33.989503257489076,20
2022-05-06,33.96213722299741,20
2022-05-09,34.15215863747559,20
2022-05-10,34.27419786510872,20
2022-05-11,34.236330944260516,20
2022-05-12,34.37235052651204,20
2022-05-13,34.400046407122154,20
2022-05-16,34.37671755678656,20
2022-05-17,34.36866521598869,20
2022-05-18,34.47266240365711,20
2022-05-19,34.50681036352979,20
2022-05-20,34.56522918266119,20
2022-05-23,34.6388118265562,20
2022-05-24,34.31448337753152,20
2022-05-25,34.41263947054991,20
2022-05-26,34.42869835564806,20
2022-05-27,34.4117249407843,20
2022-05-30,34.41029521296486,20
2022-05-31,34.51052667197453,20
2022-06-01,34.589624636690246,20
2022-06-02,34.72865218642859,20
2022-06-06,34.87338883504798,20
2022-06-07,34.822284850733105,20
2022-06-08,34.7265010968945,20
2022-06-09,34.591551358313744,20
2022-06-10,34.628020573893046,20
2022-06-13,34.607815729740175,20
2022-06-14,34.57686788308893,20
2022-06-15,34.55872030859832,20
2022-06-16,34.61334662877019,20
2022-06-17,34.6302362590223,20
2022-06-20,34.81026987658388,20
2022-06-21,34.81394559651564,20
2022-06-22,34.71812995688466,20
2022-06-23,34.843356379558465,20
2022-06-24,34.93647053713384,20
2022-06-27,35.01689420002548,20
2022-06-28,35.06667095596418,20
2022-06-29,34.9152875296368,20
2022-06-30,34.954599752179995,20
2022-07-01,34.9550324678538,20
2022-07-04,34.96830897426861,20
2022-07-05,34.76254063996408,20
2022-07-06,34.669928576321304,20
2022-07-07,34.55872957311478,20
2022-07-08,34.728119077200425,20
2022-07-11,34.57095579426322,20
2022-07-12,34.32351435591516,20
2022-07-13,34.63237799748081,20
2022-07-14,34.9135791958731,20
2022-07-15,34.60435815658692,20
2022-07-18,35.216940178155035,20
2022-07-19,35.49840603859532,20
2022-07-20,35.43674739005926,20
2022-07-21,35.66055618121162,20
2022-07-22,35.53861056975956,20
2022-07-25,35.535107249835995,20
2022-07-26,35.58558905096962,20
2022-07-27,35.78782815678414,20
2022-07-28,35.994449045236024,20
2022-07-29,35.935994332877726,20
2022-08-01,35.92624357860378,20
2022-08-02,35.19395258986684,20
2022-08-03,35.117744069480594,20
2022-08-04,35.36703690868004,20
2022-08-05,35.66956682308342,20
2022-08-08,35.96256994389894,20
2022-08-09,36.045353602774576,20
2022-08-10,36.17816090440933,20
2022-08-11,36.387172392515865,20
2022-08-12,36.319691062562875,20
2022-08-15,36.230648897076655,20
2022-08-16,36.693144141053985,20
2022-08-17,36.79443599204594,20
2022-08-18,36.86438325414566,20
2022-08-19,36.54614869521092,20
2022-08-22,36.60254777751838,20
2022-08-23,36.672512578062815,20
2022-08-24,36.11649984023533,20
2022-08-25,35.89275851680024,20
2022-08-26,35.819098047368044,20
2022-08-29,36.134510016886495,20
2022-08-30,35.98096156223074,20
2022-08-31,35.727776431927616,20
2022-09-01,35.65020949559852,20
2022-09-02,35.81326951427193,20
2022-09-05,35.90925990935948,20
2022-09-06,35.921398335802444,20
2022-09-07,36.00654148927186,20
2022-09-08,35.94813389722791,20
2022-09-09,35.921137130380956,20
2022-09-13,35.94968711636381,20
2022-09-14,35.96474820579497,20
2022-09-15,35.75021124083005,20
2022-09-16,35.53056510311643,20
2022-09-19,35.28458589618701,20
2022-09-20,35.42376600597594,20
2022-09-21,35.542267231090165,20
2022-09-22,35.47514889051179,20
2022-09-23,35.356610285671344,20
2022-09-26,35.12561754106653,20
2022-09-27,35.44762545305385,20
2022-09-28,35.351265713881894,20
2022-09-29,35.23556540060154,20
2022-09-30,35.08468445624557,20
2022-10-10,34.97032871413467,20
2022-10-11,35.02358434376562,20
2022-10-12,35.24280658414523,20
2022-10-13,35.37470571575924,20
2022-10-14,35.51105175957859,20
2022-10-17,35.691989953044406,20
2022-10-18,35.704528509668066,20
2022-10-19,35.675627332341335,20
2022-10-20,35.63311944799195,20
2022-10-21,35.69702569511461,20
2022-10-24,35.60695244793795,20
2022-10-25,35.6462326802143,20
2022-10-26,35.826458770570376,20
2022-10-27,35.79457854120464,20
2022-10-28,35.514265002361164,20
2022-10-31,35.539176318321985,20
2022-11-01,35.65908520940456,20
2022-11-02,35.77294850509077,20
2022-11-03,35.790174835060235,20
2022-11-04,35.87586647094971,20
2022-11-07,35.92019353428986,20
2022-11-08,35.9007073680413,20
2022-11-09,35.88488353561186,20
2022-11-10,35.890551871868944,20
2022-11-11,35.918067631630336,20
2022-11-14,35.97919814169959,20
2022-11-15,36.135848545045825,20
2022-11-16,36.16545863140222,20
2022-11-17,36.167140157375655,20
2022-11-18,36.12228894117754,20
2022-11-21,36.20069446894949,20
2022-11-22,36.14236694404498,20
2022-11-23,36.063867837344006,20
2022-11-24,36.10441300262605,20
2022-11-25,36.04104217171738,20
2022-11-28,35.96204958334294,20
2022-11-29,36.08668571006415,20
2022-11-30,36.079798206675285,20
2022-12-01,36.0379889632669,20
2022-12-02,36.148685316383975,20
2022-12-05,36.22161513995659,20
2022-12-06,36.1696955286937,20
2022-12-07,36.090203043190165,20
2022-12-08,36.07764838188522,20
2022-12-09,36.007747944612575,20
2022-12-12,35.96125393041976,20
2022-12-13,35.94016110025575,20
2022-12-14,35.9132383677129,20
2022-12-15,35.95086914932951,20
2022-12-16,35.772477610457585,20
2022-12-19,35.454189618914796,20
2022-12-20,35.55185737203717,20
2022-12-21,35.44411567299952,20
2022-12-22,35.13548820845984,20
2022-12-23,35.05348807283861,20
2022-12-26,35.26073784951411,20
2022-12-27,35.29481839216295,20
2022-12-28,35.10711071874704,20
2022-12-29,35.058658116392195,20
2022-12-30,35.124294298555924,20
2023-01-03,35.392088829032,20
2023-01-04,35.518929891569854,20
2023-01-05,35.619214986859795,20
2023-01-06,35.62662281022997,20
2023-01-09,35.693709476821795,20
2023-01-10,35.62274600466435,20
2023-01-11,35.51601430563393,20
2023-01-12,35.57330047487362,20
2023-01-13,35.66430847400764,20
2023-01-16,35.77814157928505,20
2023-01-17,35.77808357571322,20
2023-01-18,35.83747540871695,20
2023-01-19,35.882034706383585,20
2023-01-20,35.90623156909249,20
2023-01-30,36.11172948862092,20
2023-01-31,36.368834626879256,20
2023-02-01,36.651415193414635,20
2023-02-02,36.68989258628888,20
2023-02-03,36.64908075869723,20
2023-02-06,36.6875503951861,20
2023-02-07,36.976518300402674,20
2023-02-08,36.96471369345393,20
2023-02-09,37.19106591748961,20
2023-02-10,37.20954912824283,20
2023-02-13,37.672183194059635,20
2023-02-14,37.80308472720413,20
2023-02-15,37.846300973181386,20
2023-02-16,37.21780270356646,20
2023-02-17,37.1889864652471,20
2023-02-20,37.43520074152567,20
2023-02-21,37.61835368482384,20
2023-02-22,37.792069364040984,20
2023-02-23,37.780449027111516,20
2023-02-24,37.77844026613071,20
2023-02-27,37.51531156317565,20
2023-02-28,37.7705461871409,20
2023-03-01,37.842514208162164,20
2023-03-02,37.76388842619412,20
2023-03-03,37.71778959691419,20
2023-03-06,37.81141931644924,20
2023-03-07,37.32095548219368,20
2023-03-08,37.6605388883088,20
2023-03-09,38.17884739543807,20
2023-03-10,37.968068743971386,20
2023-03-13,37.81443387987597,20
2023-03-14,37.32325348662764,20
2023-03-15,37.66943324778463,20
2023-03-16,37.33748305860266,20
2023-03-17,37.49277425998123,20
2023-03-20,37.40152239137145,20
2023-03-21,37.94632152357336,20
2023-03-22,38.139673567294686,20
2023-03-23,38.0000037192253,20
2023-03-24,37.92411461428641,20
2023-03-27,37.883503172548444,20
2023-03-28,37.65024020181737,20
2023-03-29,37.500449298893315,20
2023-03-30,37.13778564548646,20
2023-03-31,37.36937451776274,20
2023-04-03,37.456295453270286,20
2023-04-04,36.82652801208492,20
2023-04-06,36.685214169627095,20
2023-04-07,36.818822012825635,20
2023-04-10,36.66801783333826,20
2023-04-11,36.47707209798702,20
2023-04-12,36.70256411581832,20
2023-04-13,36.59346420520006,20
2023-04-14,36.65773703518926,20
2023-04-17,36.770664449351415,20
2023-04-18,36.568124437229706,20
2023-04-19,36.28949499331092,20
2023-04-20,35.977768364969315,20
2023-04-21,35.580795207136774,20
2023-04-24,35.49713385778546,20
2023-04-25,34.97419076290714,20
2023-04-26,35.39888809910045,20
2023-04-27,35.43542516382122,20
2023-04-28,36.05352242858451,20
2023-05-04,36.58577660899084,20
2023-05-05,36.35844060243943,20
2023-05-08,36.41987391132709,20
2023-05-09,35.98618442509124,20
2023-05-10,36.185662111656164,20
2023-05-11,36.56687459525779,20
2023-05-12,36.55276293770867,20
2023-05-15,36.87489990650939,20
2023-05-16,36.94856528508295,20
2023-05-17,37.512279628856945,20
2023-05-18,37.526045942772114,20
2023-05-19,37.540901118005955,20
2023-05-22,37.97024533616873,20
2023-05-23,37.97632296167503,20
2023-05-24,38.8653758799338,20
2023-05-25,39.27048509626575,20
2023-05-26,39.62738505261094,20
2023-05-29,39.597170277805574,20
2023-05-30,39.808388122527596,20
2023-05-31,39.21859265014421,20
2023-06-01,39.0044734091168,20
2023-06-02,39.14855104310862,20
2023-06-05,39.26667560136683,20
2023-06-06,38.83247637238298,20
2023-06-07,38.883332058860766,20
2023-06-08,38.72171728064025,20
2023-06-09,38.63719583790744,20
2023-06-12,39.20746539983459,20
2023-06-13,39.32504806618997,20
2023-06-14,39.17864872764489,20
2023-06-15,39.224834380250435,20
2023-06-16,39.134971784071524,20
2023-06-19,39.12514425610565,20
2023-06-20,38.97827325933613,20
2023-06-21,38.862478790838516,20
2023-06-26,38.58736576986792,20
2023-06-27,39.16454894160039,20
2023-06-28,39.283139996953174,20
2023-06-29,39.77334446154649,20
2023-06-30,39.92769126310265,20
2023-07-03,39.873526100989416,20
2023-07-04,40.09330349726725,20
2023-07-05,40.14320390074847,20
2023-07-06,40.17279951721583,20
2023-07-07,40.10887467634673,20
2023-07-10,40.20663835035061,20
2023-07-11,40.43977998713616,20
2023-07-12,40.27607220381558,20
2023-07-13,40.46393069967192,20
2023-07-14,40.38135348773201,20
2023-07-17,40.46042336020963,20
2023-07-18,40.62597825959121,20
2023-07-19,40.627913542663826,20
2023-07-20,40.44571350583593,20
2023-07-21,40.312315350304246,20
2023-07-24,40.32165663429043,20
2023-07-25,40.65166239022405,20
2023-07-26,40.85401525363018,20
2023-07-27,40.639014394916614,20
2023-07-28,40.774314165956305,20
2023-07-31,40.80417908724448,20
2023-08-01,40.53259543348318,20
2023-08-02,40.583959470134474,20
2023-08-03,40.30045785325596,20
2023-08-04,40.0632192922781,20
2023-08-07,39.8101683101466,20
2023-08-08,39.83266933320305,20
2023-08-09,39.633322909816286,20
2023-08-10,39.861354169499315,20
2023-08-11,39.63348885968676,20
2023-08-14,39.64892607492637,20
2023-08-15,39.74241295276043,20
2023-08-16,39.635818388373984,20
2023-08-17,39.943422548471226,20
2023-08-18,40.141232507624196,20
2023-08-21,40.19201008022048,20
2023-08-22,39.7175937650515,20
2023-08-23,39.45443856401493,20
2023-08-24,39.25094455598307,20
2023-08-25,38.773848142063066,20
2023-08-28,39.128000263328715,20
2023-08-29,40.07844368154967,20
2023-08-30,40.31328801231132,20
2023-08-31,40.26597522366192,20
2023-09-01,40.36080699251274,20
2023-09-04,40.51513525117871,20
2023-09-05,40.47879016510352,20
2023-09-06,40.5963142366079,20
2023-09-07,40.39772081193143,20
2023-09-08,40.43397900762431,20
2023-09-11,40.44933176254291,20
2023-09-12,40.47376689947837,20
2023-09-13,40.4783610655137,20
2023-09-14,40.44666556998836,20
2023-09-15,40.44129878320909,20
2023-09-18,40.584229220418685,20
2023-09-19,40.40420343391259,20
2023-09-20,40.33437168252093,20
2023-09-21,40.22958136727893,20
2023-09-22,40.4384369795552,20
2023-09-25,40.370304646671435,20
2023-09-26,40.31465180563822,20
2023-09-27,40.32565863728887,20
2023-09-28,40.418363824455966,20
2023-10-09,40.28183988210756,20
2023-10-10,40.16209493845783,20
2023-10-11,40.158092347907726,20
2023-10-12,40.1821120807419,20
2023-10-13,40.03713386213688,20
2023-10-16,39.991702146237586,20
2023-10-17,40.002079899436396,20
2023-10-18,39.77201270914574,20
2023-10-19,39.75014445132423,20
2023-10-20,39.702803002943355,20
2023-10-23,39.41710708739088,20
2023-10-24,39.80807793953931,20
2023-10-25,39.90375027708244,20
2023-10-26,39.888906716835336,20
2023-10-27,40.07389067710249,20
2023-10-30,40.12285304801056,20
2023-10-31,40.13554404614168,20
2023-11-01,40.15063040744301,20
2023-11-02,40.09617031957961,20
2023-11-03,40.20649130584297,20
2023-11-06,40.270731105011045,20
2023-11-07,40.283793551627674,20
2023-11-08,40.292172938844246,20
2023-11-09,40.269257869211,20
2023-11-10,40.29861149675037,20
2023-11-13,40.38662492007024,20
2023-11-14,40.391030939231875,20
2023-11-15,40.44130127405529,20
2023-11-16,40.3841776160019,20
2023-11-17,40.43332309216035,20
2023-11-20,40.53163532648211,20
2023-11-21,40.4526873857327,20
2023-11-22,40.39520871936732,20
2023-11-23,40.482906465740584,20
2023-11-24,40.376023564174005,20
2023-11-27,40.350933998676105,20
2023-11-28,40.56141103100084,20
2023-11-29,40.53890799571714,20
2023-11-30,40.415929402511736,20
2023-12-01,40.37012991214852,20
2023-12-04,40.332230814881164,20
2023-12-05,40.09105049344693,20
2023-12-06,40.17418125575234,20
2023-12-07,40.116917910502714,20
2023-12-08,39.795739336210374,20
2023-12-11,39.932486252335785,20
2023-12-12,39.94906831757738,20
2023-12-13,39.89119520600249,20
2023-12-14,39.99250936195326,20
2023-12-15,39.984770307709574,20
2023-12-18,39.781932149277544,20
2023-12-19,39.811991760452976,20
2023-12-20,39.858944042253384,20
2023-12-21,40.033413428286494,20
2023-12-22,39.90104234976907,20
2023-12-25,39.705147313669606,20
2023-12-26,39.53841588466713,20
2023-12-27,39.67473957308243,20
2023-12-28,40.01082275603809,20
2023-12-29,40.19506135080283,20
2024-01-02,40.31193891128465,20
2024-01-03,40.313614960374686,20
2024-01-04,40.32757134317422,20
2024-01-05,40.210356505235126,20
2024-01-08,40.09407850821031,20
2024-01-09,40.18583033477165,20
2024-01-10,40.12581711668859,20
2024-01-11,40.2092547223131,20
2024-01-12,40.21345847235786,20
2024-01-15,40.20400939378054,20
2024-01-16,40.156091122706826,20
2024-01-17,40.06337379298257,20
2024-01-18,39.968581827460746,20
2024-01-19,39.93725423762603,20
2024-01-22,39.451152502995186,20
2024-01-23,39.37031391744294,20
2024-01-24,39.413009543320015,20
2024-01-25,39.689702603018986,20
2024-01-26,39.68615759048086,20
2024-01-29,39.38067343855619,20
2024-01-30,39.046521243987186,20
2024-01-31,38.61529775745947,20
2024-02-01,38.40807553364069,20
2024-02-02,37.91397661697669,20
2024-02-05,36.969761401735816,20
2024-02-06,37.01849546501899,20
2024-02-07,36.626703526693966,20
2024-02-08,37.51597779247442,20
2024-02-19,37.81825448921309,20
2024-02-20,37.88226557615472,20
2024-02-21,38.10173729977734,20
2024-02-22,38.313207528280664,20
2024-02-23,38.586731324405385,20
2024-02-26,38.77274088470533,20
2024-02-27,39.04965142057247,20
2024-02-28,38.458889288252635,20
2024-02-29,38.80629325643582,20
2024-03-01,38.747061321923624,20
2024-03-04,38.77661895073027,20
2024-03-05,38.60050287908676,20
2024-03-06,38.72331015726046,20
2024-03-07,38.77486233055264,20
2024-03-08,38.84636433429533,20
2024-03-11,39.03797657451692,20
2024-03-12,39.17125484606637,20
2024-03-13,39.177245852343034,20
2024-03-14,39.13543902017267,20
2024-03-15,39.22373197521902,20
2024-03-18,39.36861935546302,20
2024-03-19,39.34186968342105,20
2024-03-20,39.41848721448089,20
2024-03-21,39.42487344136711,20
2024-03-22,39.24872714545443,20
2024-03-25,39.12041519743217,20
2024-03-26,39.13439041784521,20
2024-03-27,38.968827883825284,20
2024-03-28,39.11414390843043,20
2024-03-29,39.262683470634826,20
2024-04-01,39.51492719834651,20
2024-04-02,39.61327448608932,20
2024-04-03,39.6845162756118,20
2024-04-08,39.554109161760515,20
2024-04-09,39.60537366505308,20
2024-04-10,39.47508966397141,20
2024-04-11,39.59760260218486,20
2024-04-12,39.651891127547195,20
2024-04-15,39.29821663657233,20
2024-04-16,38.595685431965755,20
2024-04-17,39.180018339661856,20
2024-04-18,39.0478998995431,20
2024-04-19,39.11328290153278,20
2024-04-22,39.07771328590994,20
2024-04-23,39.18831306695185,20
2024-04-24,39.37674172714888,20
2024-04-25,39.50383602322357,20
2024-04-26,39.49515786059292,20
2024-04-29,39.807607966191846,20
2024-04-30,39.76177918043254,20
2024-05-06,40.071859010539626,20
2024-05-07,40.31996997666567,20
2024-05-08,40.18135281669881,20
2024-05-09,40.351234004391124,20
2024-05-10,40.276126867238496,20
2024-05-13,40.039942720949625,20
2024-05-14,40.101901206395596,20
2024-05-15,40.026972945661896,20
2024-05-16,40.10258501161397,20
2024-05-17,40.26879602918137,20
2024-05-20,40.26449279860232,20
2024-05-21,40.16381361069306,20
2024-05-22,40.22926403995198,20
2024-05-23,40.03436972603768,20
2024-05-24,39.933417987337165,20
2024-05-27,40.05475260709301,20
2024-05-28,39.991740706719305,20
2024-05-29,40.11666466873777,20
2024-05-30,40.0690785011465,20
2024-05-31,40.3885412001861,20
2024-06-03,39.99441013392906,20
2024-06-04,39.66309149933375,20
2024-06-05,39.17517988107982,20
2024-06-06,38.435592338090956,20
2024-06-07,38.97293725939439,20
2024-06-11,39.05939299266646,20
2024-06-12,39.36683877774975,20
2024-06-13,39.529373016135565,20
2024-06-14,39.50284779725391,20
2024-06-17,39.227354638239326,20
2024-06-18,39.4588801172068,20
2024-06-19,39.44149614841788,20
2024-06-20,39.320348587000645,20
2024-06-21,39.20236707955081,20
2024-06-24,38.52505398757723,20
2024-06-25,38.69602086173567,20
2024-06-26,39.19099570836381,20
2024-06-27,38.972615880375116,20
2024-06-28,38.993692333718805,20
2024-07-01,38.998440941287456,20
2024-07-02,38.95541390145552,20
2024-07-03,38.81533765083382,20
2024-07-04,38.43467373226945,20
2024-07-05,38.58871982229491,20
2024-07-08,38.24852966302647,20
2024-07-09,38.454875523888944,20
2024-07-10,38.32374457990976,20
2024-07-11,38.73046066303446,20
2024-07-12,38.71574507921089,20
2024-07-15,38.466221137114665,20
2024-07-16,38.4443409562709,20
2024-07-17,38.27729599134125,20
2024-07-18,38.20251638694186,20
2024-07-19,38.30867403144605,20
2024-07-22,38.409099391431546,20
2024-07-23,38.19272207189767,20
2024-07-24,38.04922018655526,20
2024-07-25,38.22183580232453,20
2024-07-26,38.34807943227409,20
2024-07-29,38.2907220171485,20
2024-07-30,38.30683022333381,20
2024-07-31,38.60513463331293,20
2024-08-01,38.522551101723046,20
2024-08-02,38.43096669856313,20
2024-08-05,38.25113601772483,20
2024-08-06,38.4656148227871,20
2024-08-07,38.47125082948421,20
2024-08-08,38.41336348978113,20
2024-08-09,38.328856243856976,20
2024-08-12,38.36713955639847,20
2024-08-13,38.44780459965245,20
2024-08-14,38.43967855012256,20
2024-08-15,38.40891964207462,20
2024-08-16,38.443294024053344,20
2024-08-19,38.36631330153482,20
2024-08-20,38.221377605283166,20
2024-08-21,38.09145576804132,20
2024-08-22,37.99717220814237,20
2024-08-23,37.88675019800041,20
2024-08-26,37.973718407520536,20
2024-08-27,37.89807353755653,20
2024-08-28,38.05666904771038,20
2024-08-29,38.237125651321925,20
2024-08-30,38.32404048817823,20
2024-09-02,38.08592181571502,20
2024-09-03,38.15768078635452,20
2024-09-04,38.08489972365664,20
2024-09-05,38.11868635531091,20
2024-09-06,37.88150280532957,20
2024-09-09,37.85914008355427,20
2024-09-10,37.94240457763804,20
2024-09-11,37.88682737467847,20
2024-09-12,37.817705804414146,20
2024-09-13,37.63892207711584,20
2024-09-18,37.52741457960797,20
2024-09-19,37.72871792737615,20
2024-09-20,37.66912499997348,20
2024-09-23,37.72343957176214,20
2024-09-24,37.99071744646468,20
2024-09-25,38.04872720038185,20
2024-09-26,38.28316266691941,20
2024-09-27,38.69340329622445,20
2024-09-30,40.813045300592044,20
2024-10-08,42.262625012949115,20
2024-10-09,40.40590235872467,19
2024-10-10,40.542271652253476,19
2024-10-11,39.70665390927164,19
2024-10-14,40.14261885361636,19
2024-10-15,39.89093103912929,19
2024-10-16,39.95735058450509,19
2024-10-17,39.84736926096288,19
2024-10-18,40.33853648410756,19
2024-10-21,40.619455301695595,19
2024-10-22,40.82931061674684,19
2024-10-23,40.82202008379379,19
2024-10-24,40.75332893277715,19
2024-10-25,41.085987255967375,19
2024-10-28,41.52157218904548,19
2024-10-29,41.27241211592778,19
2024-10-30,41.119000758923946,19
2024-10-31,41.508594526677875,19
2024-11-01,40.69342709915338,19
2024-11-04,41.08820981267837,20
2024-11-05,41.44712736489672,20
2024-11-06,41.47852799375625,20
2024-11-07,41.84923670662031,20
2024-11-08,42.08434199808126,20
2024-11-11,42.46000277639841,20
2024-11-12,42.23377631173273,20
2024-11-13,42.33243677648054,20
2024-11-14,41.73570189545056,20
2024-11-15,41.46873615004461,20
2024-11-18,41.06238824307654,20
2024-11-19,41.5897519689431,20
2024-11-20,42.045389493301066,20
2024-11-21,42.21343160941743,20
2024-11-22,41.551073287497005,20
2024-11-25,42.13415765248645,20
2024-11-26,41.90494210511472,20
2024-11-27,42.16260542376218,20
2024-11-28,42.37784028027804,20
2024-11-29,42.809875826163015,20
2024-12-02,43.05210210284721,20
2024-12-03,43.080766996404506,20
2024-12-04,42.73260462532192,20
2024-12-05,43.07206650930526,20
2024-12-06,43.124307211794594,20
2024-12-09,43.20078537435659,20
2024-12-10,43.22844919243464,20
2024-12-11,43.36385444901344,20
2024-12-12,43.78660455723225,20
2024-12-13,43.801167556730256,20
2024-12-16,43.980657439975275,20
2024-12-17,42.779338057160324,20
2024-12-18,42.72419182992432,20
2024-12-19,42.68786249460681,20
2024-12-20,42.98188258953773,20
2024-12-23,41.86784872904995,20
2024-12-24,42.13907383842698,20
2024-12-25,41.663140897018955,20
2024-12-26,41.923140368422494,20
2024-12-27,42.0854445180984,20
2024-12-30,41.85423158962008,20
2024-12-31,41.38319902876287,20
2025-01-02,40.95909527315883,20
2025-01-03,40.088383127143196,20
2025-01-06,40.110583472533925,20
2025-01-07,40.70773048939941,20
2025-01-08,40.59680763988064,20
2025-01-09,40.600307984243855,20
2025-01-10,39.95454555465268,20
2025-01-13,40.18487926995756,20
2025-01-14,41.26327335922376,20
2025-01-15,41.12560093659072,20
2025-01-16,41.17974479287358,20
2025-01-17,41.3028066112607,20
2025-01-20,41.67191115013285,20
2025-01-21,41.68959130305043,20
2025-01-22,41.52793976379106,20
2025-01-23,41.53815391962659,20
2025-01-24,41.748050992729965,20
2025-01-27,41.71002559095993,20
2025-02-05,41.84298087669337,20
2025-02-06,42.38461082258924,20
2025-02-07,42.54690984851282,20
2025-02-10,43.00009692271391,20
2025-02-11,43.1005103553798,20
2025-02-12,43.12585417814747,20
2025-02-13,42.799388107993494,20
2025-02-14,42.889584420073135,20
2025-02-17,43.23667867432141,20
2025-02-18,42.604461797657144,20
2025-02-19,43.13371375552886,20
2025-02-20,43.43653266007379,20
2025-02-21,43.43944365947587,20
2025-02-24,43.5195408108701,20
2025-02-25,43.79904977510895,20
2025-02-26,44.33733650516181,20
2025-02-27,44.363588909395176,20
2025-02-28,43.51196272865071,20
2025-03-03,44.108790939935325,20
2025-03-04,44.446954352760635,20
2025-03-05,44.52647412710945,20
2025-03-06,45.418699687935515,20
2025-03-07,45.85507722450315,20
2025-03-10,46.26828288574883,20
2025-03-11,46.207799656752094,20
2025-03-12,46.451318235261716,20
2025-03-13,46.164412804352764,20
2025-03-14,47.050416590512604,20
2025-03-17,47.07452338018634,20
2025-03-18,47.281478425848555,20
2025-03-19,47.185362350766994,20
2025-03-20,47.490234833298125,20
2025-03-21,46.562939538653964,20
2025-03-24,46.00122984144484,20
2025-03-25,46.09336599266494,20
2025-03-26,46.86387836273807,20
2025-03-27,46.96348722527049,20
2025-03-28,47.0822179220656,20
2025-03-31,47.438112501585636,20
2025-04-01,47.9977516256269,20
2025-04-02,48.464067384703384,20
2025-04-03,48.448650800430066,20
2025-04-07,43.99615697210946,20
2025-04-08,44.41329552747321,20
2025-04-09,44.67499390188296,20
2025-04-10,45.635263393241864,20
2025-04-11,45.663726569026714,20
2025-04-14,46.420821656238225,20
2025-04-15,47.0274483156091,20
2025-04-16,46.61589259328164,20
2025-04-17,46.807841136617185,20
2025-04-18,46.52106822722097,20
2025-04-21,47.052179425562805,20
2025-04-22,47.38246668942873,20
2025-04-23,48.08116090350353,20
2025-04-24,47.93582839619949,20
2025-04-25,48.28772588166202,20
2025-04-28,47.834191907004495,20
2025-04-29,47.86104178930342,20
2025-04-30,47.96077294982202,20
2025-05-06,48.49160138397627,20
2025-05-07,48.650782364732436,20
2025-05-08,48.931111763908234,20
2025-05-09,48.79282126936415,20
2025-05-12,49.08550535500834,20
2025-05-13,48.929670570717796,20
2025-05-14,48.7287366998599,20
2025-05-15,48.71627814284262,20
2025-05-16,49.03813670679617,20
2025-05-19,49.19969886390077,20
2025-05-20,49.6521638586239,20
2025-05-21,49.445015712594945,20
2025-05-22,49.13603284348957,20
2025-05-23,48.94739894456781,20
2025-05-26,49.31308497288849,20
2025-05-27,49.521477161401016,20
2025-05-28,49.71118558414736,20
2025-05-29,50.29016381682869,20
2025-05-30,49.71595435548289,20
2025-06-03,49.60038631727759,20
2025-06-04,49.72001477760655,20
2025-06-05,49.79314605507538,20
2025-06-06,49.91295206971524,20
2025-06-09,50.192827263989095,20
2025-06-10,49.883306149691684,20
2025-06-11,50.22071832499792,20
2025-06-12,50.340803482885676,20
2025-06-13,49.91623412132623,20
2025-06-16,50.07115758567568,20
2025-06-17,49.99187772698905,20
2025-06-18,49.9312109062958,20
2025-06-19,49.48773257924228,20
2025-06-20,49.313988199209994,20
2025-06-23,49.80755739669045,20
2025-06-24,50.446821279672555,20
2025-06-25,50.68925784105014,20
2025-06-26,50.59844513713537,20
2025-06-27,50.908458525765,20
2025-06-30,51.38442938792498,20
2025-07-01,51.7958392827922,20
2025-07-02,51.763138666595,20
2025-07-03,52.039529118295285,20
2025-07-04,51.64829542945375,20
2025-07-07,52.01374551071222,20
2025-07-08,52.33870751855232,20
2025-07-09,52.609363377500394,20
2025-07-10,52.53091630772027,20
2025-07-11,52.37698013996328,20
2025-07-14,52.865194283529455,20
2025-07-15,52.643309090757846,20
2025-07-16,52.89470908280616,20
2025-07-17,52.92067127423348,20
2025-07-18,53.05745011700671,20
2025-07-21,53.65438452368677,20
2025-07-22,53.710179315590274,20
2025-07-23,53.37166236866914,20
2025-07-24,53.64958003249615,20
2025-07-25,54.2397099390063,20
2025-07-28,54.667895072022446,20
2025-07-29,54.543940663673446,20
2025-07-30,54.46140172796442,20
2025-07-31,54.27112684825494,20
2025-08-01,54.67155875646783,20
2025-08-04,55.03994768346195,19
2025-08-05,55.54685725807786,19
2025-08-06,55.77424159553543,19
2025-08-07,55.656099372289376,19
2025-08-08,55.913917215900575,19
2025-08-11,56.560398087227625,19
2025-08-12,56.76072687807824,19
2025-08-13,56.64839298003302,19
2025-08-14,55.72531153558707,19
2025-08-15,55.68841033808065,19
2025-08-18,55.93372141265101,19
2025-08-19,56.38242862971603,19
2025-08-20,56.566559785646064,19
2025-08-21,56.60906954607781,19
2025-08-22,56.37788659049196,19
2025-08-25,56.713855805872406,19
2025-08-26,57.03900730014122,19
2025-08-27,55.938595551434155,19
2025-08-28,55.60958843813456,19
2025-08-29,55.654561725919244,19
2025-09-01,55.89608270913836,19
2025-09-02,55.38369207895466,20
2025-09-03,54.80259122906788,20
2025-09-04,55.03945696527257,20
2025-09-05,55.64838371085587,20
2025-09-08,56.446992622500616,20
2025-09-09,56.56925672600144,20
2025-09-10,56.398877260800305,20
2025-09-11,56.81138188823381,20
2025-09-12,56.84735802157789,20
2025-09-15,56.779256531237515,20
2025-09-16,57.21135964885196,20
2025-09-17,57.69898370037371,20
2025-09-18,57.01249536148842,20
2025-09-19,57.15291616698082,20
2025-09-22,56.8651312774485,20
2025-09-23,56.867056497508436,20
2025-09-24,57.37524798811228,20
2025-09-25,57.088247382401775,20
2025-09-26,57.183778418827,20
2025-09-29,57.54278914065806,20
2025-09-30,57.453598053947054,20
2025-10-09,57.761070168727386,20
2025-10-10,57.939797343458544,20
2025-10-13,57.78055312111675,20
2025-10-14,57.762210198698625,20
2025-10-15,58.354969253776915,20
2025-10-16,57.99163901555239,20
2025-10-17,57.58724833538957,20
2025-10-20,58.12085657833536,20
2025-10-21,58.5903799962304,20
2025-10-22,58.70149513789365,20
2025-10-23,58.8217228134423,20
2025-10-24,59.14345901539871,20
2025-10-27,59.364922678660704,20
2025-10-28,59.556412710504375,20
2025-10-29,59.201636542281044,20
2025-10-30,58.88694080016098,20
2025-10-31,59.363210559437334,20
2025-11-03,59.68260647425263,20
2025-11-04,59.70505035702426,20
2025-11-05,59.98131879092832,20
2025-11-06,60.267120829222485,20
2025-11-07,60.165711200176396,20
2025-11-10,60.3034157697994,20
2025-11-11,60.5721847631038,20
2025-11-12,60.76531619211538,20
2025-11-13,61.07379576617401,20
2025-11-14,61.00763859069353,20
2025-11-17,60.63680123353187,20
2025-11-18,60.5830933816615,20
2025-11-19,59.78366062773734,20
2025-11-20,59.552217158295456,20
2025-11-21,57.88867567267385,20
2025-11-24,58.92563335854476,20
2025-11-25,59.54573426694916,20
2025-11-26,59.32401272677242,20
2025-11-27,60.02333069966207,20
2025-11-28,60.51575940061071,20
2025-12-01,60.92238485237335,20
2025-12-02,60.5600952922363,20
2025-12-03,60.361094582266865,20
2025-12-04,59.72343578633506,20
2025-12-05,60.29360026763759,20
2025-12-08,60.6133223566957,20
2025-12-09,60.49910364337695,20
2025-12-10,59.98043256437709,20
2025-12-11,59.3040769991712,20
2025-12-12,58.980085469072364,20
2025-12-15,58.718398375674965,20
2025-12-16,58.12806019517813,20
2025-12-17,58.329594644165944,20
2025-12-18,58.81568980387034,20
2025-12-19,59.40582415746025,20
2025-12-22,59.413778789799125,20
2025-12-23,59.2112972773204,20
2025-12-24,59.70716261866606,20
2025-12-25,60.205982698042845,20
2025-12-26,59.669618074917594,20
2025-12-29,59.720721313385084,20
2025-12-30,59.55391559559028,20
2025-12-31,59.656660792305516,20
2026-01-05,60.680837933337756,20
2026-01-06,60.628498054298596,20
2026-01-07,60.581088009011665,20
2026-01-08,61.08857110066493,20
2026-01-09,61.80704327839808,20
2026-01-12,62.17977216223399,20
2026-01-13,62.50089662511543,20
2026-01-14,63.05764385903974,20
2026-01-15,63.344098275544354,20
2026-01-16,63.25871652291392,20
2026-01-19,63.81493417642064,20
2026-01-20,63.737246770716524,20
2026-01-21,64.6238555757698,20
2026-01-22,64.97447460583439,20
2026-01-23,65.4740028518298,20
2026-01-26,65.12395156486569,20
2026-01-27,65.0292642416233,20
2026-01-28,64.2607190467739,20
2026-01-29,63.921390934438946,20
2026-01-30,64.46807302527256,20
2026-02-02,64.44936604965852,20
2026-02-03,65.82832525653214,20
2026-02-04,66.606125608869,20
2026-02-05,67.32200553898016,20
2026-02-06,67.65529498788088,20
2026-02-09,68.13417053701613,20
2026-02-10,68.10592444234796,20
2026-02-11,68.02897100501984,20
2026-02-12,67.89178326117927,20
2026-02-13,67.77188170224802,20
2026-02-24,68.70004297429752,20
2026-02-25,68.8858035342415,20
2026-02-26,69.18493116942948,20
2026-02-27,69.25026684562509,20
2026-03-02,68.05632415217606,20
2026-03-03,66.9343492235584,20
2026-03-04,66.55494430048303,20
2026-03-05,67.0974529287403,20
2026-03-06,68.42486257146528,20
2026-03-09,67.89636021229776,20
2026-03-10,69.38854136767856,20
2026-03-11,69.10483143505445,20
2026-03-12,68.37390317189998,20
2026-03-13,68.35729898684562,20
2026-03-16,68.62791832031822,20
2026-03-17,67.88353193662338,20
2026-03-18,68.68885624228113,20
2026-03-19,66.99817156658786,20
2026-03-20,65.32151645890863,20
2026-03-23,62.275777004725505,20
2026-03-24,64.46929330995638,20
2026-03-25,65.47408932176653,20
2026-03-26,65.10664591852914,20
2026-03-27,65.83047943819004,20
2026-03-30,66.52900732427074,20
2026-03-31,66.2123782778884,20
2026-04-01,66.86571012527743,20
2026-04-02,66.29412065774487,20
2026-04-03,64.99037868348556,20
2026-04-07,66.03107436602754,20
2026-04-08,67.40278390635137,20
2026-04-09,66.76348639740714,20
2026-04-10,67.32547508206187,20
2026-04-13,67.40787814234665,20
2026-04-14,67.47374731373505,20
2026-04-15,67.44781847841445,20
2026-04-16,67.99402060640247,20
2026-04-17,67.96518642789482,20
2026-04-20,68.3433661460602,20
2026-04-21,68.3482453356692,20
2026-04-22,68.22863145796484,20
2026-04-23,67.5909176155667,20
2026-04-24,67.72706756582649,20
2026-04-27,68.87022479254063,20
2026-04-28,68.57711874611327,20
2026-04-29,69.2299316674491,20
2026-04-30,69.67270787533968,20
2026-05-06,70.24750903482438,20
2026-05-07,70.60469581023774,20
2026-05-08,71.47010693128163,20
2026-05-11,71.5388106969717,20
2026-05-12,70.87609950028036,20
2026-05-13,70.89341877119101,20
2026-05-14,70.80835398546722,20
2026-05-15,71.01282140557467,20
2026-05-18,71.3375287884178,20
2026-05-19,71.39306570234328,20
2026-05-20,71.2818429293887,20
2026-05-21,70.45190001998272,20
2026-05-22,71.3837500845948,20
2026-05-25,70.35394304517693,20
2026-05-26,69.37385949376579,20
2026-05-27,67.95125022884079,20
2026-05-28,67.75682157749075,20
2026-05-29,66.55656096466085,20
2026-06-01,67.6439227805609,20
2026-06-02,66.65202462045826,20
2026-06-03,65.84260601834956,20
2026-06-04,65.19107865054796,20
2026-06-05,66.09317464670903,20
2026-06-08,64.62396243217505,20
2026-06-09,64.7618563598062,20
2026-06-10,64.20702863542958,20
2026-06-11,63.6916541443637,20
2026-06-12,64.33824447118249,20
2026-06-15,64.77704181002491,20
2026-06-16,64.75303101919488,20
2026-06-17,64.18882230435152,20
2026-06-18,63.96004395160462,20
2026-06-22,64.05609753273019,20
2026-06-23,65.01789313356475,20
2026-06-24,63.80813081681808,20
2026-06-25,62.522495858686725,20
2026-06-26,61.334842395688725,20
2026-06-29,62.27437333268224,20
2026-06-30,62.40570109342567,20
2026-07-01,62.77663523694325,20
2026-07-02,63.05826036419459,20
2026-07-03,63.95756784231102,20
2026-07-06,63.81647371905511,20
2026-07-07,62.948742633733154,20
2026-07-08,62.42842470677585,20
2026-07-09,62.21882596259505,20
2026-07-10,62.73988380469703,20
2026-07-13,61.81359844950245,20
2026-07-14,62.45886240575061,20
2026-07-15,62.648947042420176,20
2026-07-16,62.87195086078081,20
2026-07-17,61.76171814720346,20
2026-07-20,60.933077763815646,20
2026-07-21,60.60683885696144,20
2026-07-22,60.06181843465527,20
2026-07-23,60.571251143997095,20
2026-07-24,60.06608097264915,20
2026-07-27,60.804395250260285,20
2026-07-28,60.77303043090822,20
2026-07-29,61.304438795349185,20
2026-07-30,61.17651804707056,20
2026-07-31,61.609703962117315,20
2026-08-03,62.15776511834077,20
2026-08-04,62.38451514319894,20
2026-08-05,62.43589979209418,20
2026-08-06,62.55980992637581,20
2026-08-07,62.690757216192274,20
2026-08-10,63.41018274986234,20
2026-08-11,63.26537418577075,20
2026-08-12,63.39934728393767,20
2026-08-13,63.17008787505881,20
2026-08-14,63.17008787505881,0
