date,nav
2006-01-04,1.0
2006-01-05,1.0
2006-01-06,1.0
2006-01-09,1.0
2006-01-10,1.0
2006-01-11,1.0
2006-01-12,1.0
2006-01-13,1.0
2006-01-16,1.0
2006-01-17,1.0
2006-01-18,1.0
2006-01-19,1.0
2006-01-20,1.0
2006-01-23,1.0
2006-01-24,1.0
2006-01-25,1.0
2006-02-06,0.9993112015903558
2006-02-07,1.0034644475821122
2006-02-08,1.0116501849073813
2006-02-09,0.9956847921922615
2006-02-10,1.0069638444823292
2006-02-13,1.0099537057154018
2006-02-14,1.0197185536007842
2006-02-15,1.0188468575846015
2006-02-16,0.9913164103681282
2006-02-17,0.9882512363077699
2006-02-20,0.9836505825697135
2006-02-21,0.9913042623184896
2006-02-22,0.992504289156937
2006-02-23,1.0010471128175231
2006-02-24,1.0060658828330806
2006-02-27,1.0022086804750414
2006-02-28,0.9987583896167793
2006-03-01,1.011456223525137
2006-03-02,0.9893509547393704
2006-03-03,0.989917139545888
2006-03-06,0.991213499443111
2006-03-07,0.9636523793639798
2006-03-08,0.9552801693931674
2006-03-09,0.9573581774563978
2006-03-10,0.9571015876728438
2006-03-13,0.9679388740057739
2006-03-14,0.9665945222524657
2006-03-15,0.9785412572423567
2006-03-16,0.9855613474733882
2006-03-17,0.9832744786210794
2006-03-20,0.9931116191749023
2006-03-21,0.9937211569513553
2006-03-22,1.0005109053945238
2006-03-23,1.0096140920653809
2006-03-24,1.0000585810733114
2006-03-27,1.009594129800064
2006-03-28,1.0196351884255714
2006-03-29,1.0207101305114015
2006-03-30,1.0123399155159887
2006-03-31,1.0050051068364907
2006-04-03,1.007605820103371
2006-04-04,1.0186527743216265
2006-04-05,1.0273696357451592
2006-04-06,1.0196834775830546
2006-04-07,1.0446331570038767
2006-04-10,1.0754143556690827
2006-04-11,1.0829037338515155
2006-04-12,1.0882403700907002
2006-04-13,1.0590206486865417
2006-04-14,1.0779836464002563
2006-04-17,1.0968604826754482
2006-04-18,1.0937033077637335
2006-04-19,1.0902332147104592
2006-04-20,1.0835347498510348
2006-04-21,1.0906221081915308
2006-04-24,1.0564871918726755
2006-04-25,1.040364286120263
2006-04-26,1.0602817701172629
2006-04-27,1.0682210963488254
2006-04-28,1.0898579721358663
2006-05-08,1.1007410632685923
2006-05-09,1.1112855898648968
2006-05-10,1.1170725846346408
2006-05-11,1.1137967191839762
2006-05-12,1.1293739231529694
2006-05-15,1.146495782669563
2006-05-16,1.1285482771861925
2006-05-17,1.1383051204113799
2006-05-18,1.1465724188872533
2006-05-19,1.1595870621807862
2006-05-22,1.1738132808397639
2006-05-23,1.1546597322129062
2006-05-24,1.1486427343212848
2006-05-25,1.1595331563485272
2006-05-26,1.1717040041675622
2006-05-29,1.1837606513060333
2006-05-30,1.1886042842156102
2006-05-31,1.1886865765089942
2006-06-01,1.2095944862492214
2006-06-02,1.2110410081424192
2006-06-05,1.2244315692728442
2006-06-06,1.2222736377933872
2006-06-07,1.1930407340255897
2006-06-08,1.1896273914883673
2006-06-09,1.1784358611805583
2006-06-12,1.1764454207747965
2006-06-13,1.1779983575132822
2006-06-14,1.1763348522466528
2006-06-15,1.1793262677694514
2006-06-16,1.1887125658846933
2006-06-19,1.1930033113478642
2006-06-20,1.1972481942916795
2006-06-21,1.194465688754045
2006-06-22,1.1945198579546163
2006-06-23,1.2000814436764033
2006-06-26,1.2097362288600408
2006-06-27,1.2132158781925735
2006-06-28,1.2154396562910021
2006-06-29,1.221750657841461
2006-06-30,1.2198548650934242
2006-07-03,1.2253140216915563
2006-07-04,1.2242476075809459
2006-07-05,1.2264832447850003
2006-07-06,1.2332295098376473
2006-07-07,1.2317128922631913
2006-07-10,1.24156952403754
2006-07-11,1.2434670619407033
2006-07-12,1.240671032047111
2006-07-13,1.2105788177359362
2006-07-14,1.2119760878465013
2006-07-17,1.21934522311604
2006-07-18,1.226179819541339
2006-07-19,1.2184391344348686
2006-07-20,1.2250153702615347
2006-07-21,1.226001039497741
2006-07-24,1.2294476653451032
2006-07-25,1.2325796195412257
2006-07-26,1.234859438651518
2006-07-27,1.2295341870506316
2006-07-28,1.2270601209024847
2006-07-31,1.2046249062568875
2006-08-01,1.1980071695236447
2006-08-02,1.1900819786300074
2006-08-03,1.1894403302682794
2006-08-04,1.1713101859883464
2006-08-07,1.156229796515111
2006-08-08,1.1715282754795018
2006-08-09,1.1670751061733295
2006-08-10,1.1762325444313713
2006-08-11,1.181660409069842
2006-08-14,1.1643019674507673
2006-08-15,1.1725091507980863
2006-08-16,1.1818999864376487
2006-08-17,1.1792476184699041
2006-08-18,1.1777932427753872
2006-08-21,1.1820229935778461
2006-08-22,1.1874841822453903
2006-08-23,1.1942194634928838
2006-08-24,1.2015674760258843
2006-08-25,1.2006598575191367
2006-08-28,1.209869286774306
2006-08-29,1.2129064359665709
2006-08-30,1.2165192460526741
2006-08-31,1.2167286626548948
2006-09-01,1.2054916139769694
2006-09-04,1.226200244686185
2006-09-05,1.2332584900810561
2006-09-06,1.2455067178557373
2006-09-07,1.236812855449725
2006-09-08,1.2446067891794577
2006-09-11,1.2491614516359764
2006-09-12,1.2568411168290938
2006-09-13,1.2511902776967831
2006-09-14,1.2583370843995851
2006-09-15,1.2707977571180005
2006-09-18,1.2821209515834093
2006-09-19,1.285366336286958
2006-09-20,1.2910529953350858
2006-09-21,1.3110040035764428
2006-09-22,1.298748582752399
2006-09-25,1.303107641431817
2006-09-26,1.30441028219172
2006-09-27,1.307409225189708
2006-09-28,1.3143156458891059
2006-09-29,1.3284073578759834
2006-10-09,1.345567449761751
2006-10-10,1.3542418213001712
2006-10-11,1.3651103943733098
2006-10-12,1.3603248806448203
2006-10-13,1.3587328119509299
2006-10-16,1.3602487460140666
2006-10-17,1.3591740248949291
2006-10-18,1.3698205597571231
2006-10-19,1.3762621475636336
2006-10-20,1.3734496506408673
2006-10-23,1.340771440377065
2006-10-24,1.3643910800325592
2006-10-25,1.3685958112545442
2006-10-26,1.365684819553675
2006-10-27,1.3467817641059363
2006-10-30,1.3502530892741889
2006-10-31,1.3623955459613595
2006-11-01,1.368556757176375
2006-11-02,1.3648777953943436
2006-11-03,1.373177549710527
2006-11-06,1.366126689212205
2006-11-07,1.3443504460662474
2006-11-08,1.3413726499790815
2006-11-09,1.3523195550885405
2006-11-10,1.3274749830142094
2006-11-13,1.2848304019146863
2006-11-14,1.2991548558970971
2006-11-15,1.3122159695946076
2006-11-16,1.2941433207863213
2006-11-17,1.3000140417878683
2006-11-20,1.2870186380429265
2006-11-21,1.2932648307155366
2006-11-22,1.3058218924147915
2006-11-23,1.3166170721649457
2006-11-24,1.3257527412787655
2006-11-27,1.3450374902080644
2006-11-28,1.3471775678927962
2006-11-29,1.350465163686241
2006-11-30,1.3568374142621769
2006-12-01,1.3474318281351227
2006-12-04,1.3640715674983903
2006-12-05,1.3781479789998794
2006-12-06,1.3593311594477568
2006-12-07,1.354432711212781
2006-12-08,1.3239496989744335
2006-12-11,1.3513815036895827
2006-12-12,1.344423517485009
2006-12-13,1.3482848565753927
2006-12-14,1.3641205817468065
2006-12-15,1.365629850007118
2006-12-18,1.3794235379622624
2006-12-19,1.387667722526711
2006-12-20,1.4107884077490125
2006-12-21,1.4047220431267748
2006-12-22,1.4111201060413359
2006-12-25,1.4184182811578818
2006-12-26,1.4003588698777854
2006-12-27,1.394243566948871
2006-12-28,1.3575201319307866
2006-12-29,1.3632549212791352
2007-01-04,1.3589245427202172
2007-01-05,1.38941417296959
2007-01-08,1.4295929842630504
2007-01-09,1.4445222295174849
2007-01-10,1.4865423868720666
2007-01-11,1.491754854660585
2007-01-12,1.4576416794403606
2007-01-15,1.5215971464741573
2007-01-16,1.5405913570849943
2007-01-17,1.5271539887455763
2007-01-18,1.5627656370375655
2007-01-19,1.6040887840889073
2007-01-22,1.6565644153278467
2007-01-23,1.6536296129834331
2007-01-24,1.659056530556153
2007-01-25,1.6053965855745018
2007-01-26,1.6147115739206366
2007-01-29,1.666383116749163
2007-01-30,1.6739899418374353
2007-01-31,1.6214685359264385
2007-02-01,1.6401435948484637
2007-02-02,1.6390991574006533
2007-02-05,1.660558410268577
2007-02-06,1.6785483984109115
2007-02-07,1.7060738839483522
2007-02-08,1.734329470989585
2007-02-09,1.7445571427370803
2007-02-12,1.7883915830066954
2007-02-13,1.8187519023363998
2007-02-14,1.840029574281569
2007-02-15,1.8869457544622839
2007-02-16,1.921039149646848
2007-02-26,1.9760418651684726
2007-02-27,1.8474255540603353
2007-02-28,1.8990314699459732
2007-03-01,1.8651914681372892
2007-03-02,1.894551130496949
2007-03-05,1.914341962823935
2007-03-06,1.9284877484372616
2007-03-07,1.9510559062339001
2007-03-08,1.9827238206977007
2007-03-09,1.9866914604961434
2007-03-12,2.011070963619089
2007-03-13,2.0338646928201847
2007-03-14,2.0359121267304277
2007-03-15,2.070571909358154
2007-03-16,2.0654587246698237
2007-03-19,2.0805930966205315
2007-03-20,2.115092409437508
2007-03-21,2.1403254588389062
2007-03-22,2.146251582569903
2007-03-23,2.159703811031568
2007-03-26,2.194424755643222
2007-03-27,2.1928009671530497
2007-03-28,2.1919788378663276
2007-03-29,2.1402748922992667
2007-03-30,2.148444824096669
2007-04-02,2.175090641743717
2007-04-03,2.2014552464076176
2007-04-04,2.228430019147119
2007-04-05,2.2438021334338853
2007-04-06,2.263261427404201
2007-04-09,2.292992684476953
2007-04-10,2.30744281256537
2007-04-11,2.313706693193517
2007-04-12,2.3545173186123822
2007-04-13,2.356395047554243
2007-04-16,2.4036663629384973
2007-04-17,2.4294682625192614
2007-04-18,2.4502011058816855
2007-04-19,2.3902064498988413
2007-04-20,2.4606070442954664
2007-04-23,2.5051356169879107
2007-04-24,2.5112751284219725
2007-04-25,2.530731713049268
2007-04-26,2.55254543617496
2007-04-27,2.523344928698946
2007-04-30,2.521116947881337
2007-05-08,2.570786613195155
2007-05-09,2.544109431054256
2007-05-10,2.55607234904578
2007-05-11,2.5656716564557303
2007-05-14,2.5939806700395276
2007-05-15,2.562142905208542
2007-05-16,2.5994597922354212
2007-05-17,2.6492082461891315
2007-05-18,2.6546605273582697
2007-05-21,2.692953033168096
2007-05-22,2.7319772789197354
2007-05-23,2.7813562128075757
2007-05-24,2.771166330705916
2007-05-25,2.810039517748618
2007-05-28,2.8654131239963676
2007-05-29,2.9059361187234787
2007-05-30,2.762389669504058
2007-05-31,2.715363528885669
2007-06-01,2.590824987634998
2007-06-04,2.4645460363616065
2007-06-05,2.489914077231723
2007-06-06,2.504384877705962
2007-06-07,2.5761315252361836
2007-06-08,2.6008079201075223
2007-06-11,2.657304181876933
2007-06-12,2.706849128494965
2007-06-13,2.7467856052700967
2007-06-14,2.7249068594599053
2007-06-15,2.744269478941784
2007-06-18,2.7891205230611624
2007-06-19,2.8084848600407346
2007-06-20,2.7493810361327164
2007-06-21,2.751095449958025
2007-06-22,2.668987411495604
2007-06-25,2.5646039786989436
2007-06-26,2.5934643568105056
2007-06-27,2.6239660794012787
2007-06-28,2.5296376114650383
2007-06-29,2.462407477173489
2007-07-02,2.4843510978984593
2007-07-03,2.5185659675441237
2007-07-04,2.4808458579549986
2007-07-05,2.4171097880536236
2007-07-06,2.492308453225865
2007-07-09,2.5345831351249575
2007-07-10,2.4998133244528593
2007-07-11,2.517625693287084
2007-07-12,2.542606705743527
2007-07-13,2.5538721323913967
2007-07-16,2.5138998008518425
2007-07-17,2.5541679422078714
2007-07-18,2.573196878893993
2007-07-19,2.5978523568617486
2007-07-20,2.6436131275228587
2007-07-23,2.701736326485221
2007-07-24,2.691705837599242
2007-07-25,2.7379798742289405
2007-07-26,2.7585499135845644
2007-07-27,2.805170902359567
2007-07-30,2.8323332404281634
2007-07-31,2.855971469439117
2007-08-01,2.782195476653316
2007-08-02,2.8338218724713578
2007-08-03,2.874492946986717
2007-08-06,2.8893824368742056
2007-08-07,2.8883297015313265
2007-08-08,2.869726308582962
2007-08-09,2.8875747943113117
2007-08-10,2.8683448060974444
2007-08-13,2.8584339477960925
2007-08-14,2.8884933901716896
2007-08-15,2.883206468737951
2007-08-16,2.9045839425585953
2007-08-17,2.902920801278582
2007-08-20,2.964696138224889
2007-08-21,2.991325358600159
2007-08-22,3.0279022694030022
2007-08-23,3.0366649131511756
2007-08-24,3.053534140532255
2007-08-27,3.044223082295255
2007-08-28,3.0414073681248412
2007-08-29,3.0456528219155565
2007-08-30,3.096382612713948
2007-08-31,3.1117362660899244
2007-09-03,3.1313905012570245
2007-09-04,3.1199439604803936
2007-09-05,3.1182767256061035
2007-09-06,3.1267081301996256
2007-09-07,3.0928873739250498
2007-09-10,3.1145416769586562
2007-09-11,3.013469535885468
2007-09-12,3.0235329734734875
2007-09-13,3.0369007022690684
2007-09-14,3.068433472108975
2007-09-17,3.0977668376692304
2007-09-18,3.103129521315183
2007-09-19,3.078223278364086
2007-09-20,3.0972443205355793
2007-09-21,3.067011349825483
2007-09-24,3.0669868949852863
2007-09-25,3.049878983349214
2007-09-26,3.0410140895294866
2007-09-27,3.054253429667512
2007-09-28,3.0860295681682723
2007-10-08,3.096383363171919
2007-10-09,3.114836640547348
2007-10-10,3.124821913505207
2007-10-11,3.090963768383305
2007-10-12,3.020601725524366
2007-10-15,3.018991094599832
2007-10-16,3.0585022004119846
2007-10-17,3.0489446332520793
2007-10-18,3.0282873421417924
2007-10-19,3.0210348372264737
2007-10-22,2.995872784345001
2007-10-23,3.005973987983893
2007-10-24,2.978368074224655
2007-10-25,2.8717387935245178
2007-10-26,2.8800794503094824
2007-10-29,2.886061627878575
2007-10-30,2.910195108189162
2007-10-31,2.9822765885619065
2007-11-01,2.926848911619317
2007-11-02,2.888532262481937
2007-11-05,2.918436124893186
2007-11-06,2.9520560178820654
2007-11-07,2.9463636016766923
2007-11-08,2.886277979332308
2007-11-09,2.8661168392697207
2007-11-12,2.850709316567476
2007-11-13,2.8578542319041658
2007-11-14,2.9098764750746433
2007-11-15,2.8935406070970657
2007-11-16,2.9007200320334356
2007-11-19,2.949257250518695
2007-11-20,2.9732634921721357
2007-11-21,2.951475150288147
2007-11-22,2.910267181553514
2007-11-23,2.938886567823065
2007-11-26,2.93162065999127
2007-11-27,2.937948691686941
2007-11-28,2.9398124173955247
2007-11-29,2.9707348653719197
2007-11-30,2.966653891804073
2007-12-03,2.982577230515471
2007-12-04,2.987422556583265
2007-12-05,3.0107595377486374
2007-12-06,3.0122599850468057
2007-12-07,3.0357844045197226
2007-12-10,3.0804015998275416
2007-12-11,3.097580347772175
2007-12-12,3.118193810801524
2007-12-13,3.090717349462001
2007-12-14,3.127659166513539
2007-12-17,3.1448469391036964
2007-12-18,3.1305367213157957
2007-12-19,3.157183644345059
2007-12-20,3.1823372076548626
2007-12-21,3.210560736206361
2007-12-24,3.2384846756391776
2007-12-25,3.2525649484523247
2007-12-26,3.3086120748119576
2007-12-27,3.311401463562032
2007-12-28,3.3177956201659278
2008-01-02,3.3910423590873573
2008-01-03,3.438591534244712
2008-01-04,3.4398116672600216
2008-01-07,3.480592812196953
2008-01-08,3.4124738656369753
2008-01-09,3.479547150099697
2008-01-10,3.4927121697417625
2008-01-11,3.486418382167112
2008-01-14,3.5226538891994656
2008-01-15,3.572783117883999
2008-01-16,3.5555232310625513
2008-01-17,3.526407625907583
2008-01-18,3.548505231720716
2008-01-21,3.4393414810349743
2008-01-22,3.249139758914014
2008-01-23,3.3251598306971233
2008-01-24,3.3601189115333736
2008-01-25,3.360793086585855
2008-01-28,3.198767659602315
2008-01-29,3.2420284089678706
2008-01-30,3.256802503818958
2008-01-31,3.2263520947843554
2008-02-01,3.153576293834741
2008-02-04,3.2784349027938267
2008-02-05,3.2863242294915116
2008-02-13,3.2848425541403214
2008-02-14,3.317938531573725
2008-02-15,3.3171104574005317
2008-02-18,3.3796159336181337
2008-02-19,3.404329890408383
2008-02-20,3.3766463004802985
2008-02-21,3.3866286368529406
2008-02-22,3.349025282618319
2008-02-25,3.2975676589269716
2008-02-26,3.295821974323353
2008-02-27,3.330761927544437
2008-02-28,3.342910843653035
2008-02-29,3.357052908109969
2008-03-03,3.404448066647146
2008-03-04,3.384958605522378
2008-03-05,3.385930145811804
2008-03-06,3.3877103305193628
2008-03-07,3.3698788499028995
2008-03-10,3.3312138408840264
2008-03-11,3.3445566605154795
2008-03-12,3.3178673763743136
2008-03-13,3.2741762886332153
2008-03-14,3.2674863698801224
2008-03-17,3.159013254892569
2008-03-18,3.0498459534536675
2008-03-19,3.1028523058204307
2008-03-20,3.1520998707372683
2008-03-21,3.1706288407416747
2008-03-24,3.159449609807601
2008-03-25,3.186672086230757
2008-03-26,3.19465493065408
2008-03-27,3.1356181286808873
2008-03-28,3.170244639171471
2008-03-31,3.141760414964487
2008-04-01,3.072834403446836
2008-04-02,3.0354867799996037
2008-04-03,3.0482242329742233
2008-04-07,3.0883169316733423
2008-04-08,3.105914397045613
2008-04-09,3.0709924111961446
2008-04-10,3.0839856281053835
2008-04-11,3.1010413471390885
2008-04-14,3.0553562388065267
2008-04-15,3.0670162203780467
2008-04-16,3.0553938811246217
2008-04-17,3.032659774518779
2008-04-18,2.9920018218636413
2008-04-21,2.986933526316044
2008-04-22,2.9716655033676274
2008-04-23,3.0058305232802685
2008-04-24,3.072725612033399
2008-04-25,3.0712616611174135
2008-04-28,3.0606848972271252
2008-04-29,3.0664308605078765
2008-04-30,3.089805716014091
2008-05-05,3.1133969065325338
2008-05-06,3.111238511839573
2008-05-07,3.088295548972885
2008-05-08,3.1118504556977458
2008-05-09,3.121728034672598
2008-05-12,3.1452241689741887
2008-05-13,3.1566097304896683
2008-05-14,3.1570687584086827
2008-05-15,3.1467246735973964
2008-05-16,3.13742176318541
2008-05-19,3.1402531456658442
2008-05-20,3.095118351442535
2008-05-21,3.110330997202084
2008-05-22,3.100116772085347
2008-05-23,3.095784810442418
2008-05-26,3.0743578877190716
2008-05-27,3.07820407406483
2008-05-28,3.0942771601840136
2008-05-29,3.0788421527491754
2008-05-30,3.091269723517344
2008-06-02,3.0943687555419355
2008-06-03,3.0903103112453896
2008-06-04,3.079835560674696
2008-06-05,3.0805535493715674
2008-06-06,3.0836663960243222
2008-06-10,3.0211398098486684
2008-06-11,3.0070253511765364
2008-06-12,3.00100536377876
2008-06-13,2.9768124437795507
2008-06-16,2.9798802268026323
2008-06-17,2.9677838265515786
2008-06-18,2.9954298128719423
2008-06-19,2.9431933467024916
2008-06-20,2.951061180009677
2008-06-23,2.937525688183209
2008-06-24,2.949297230952228
2008-06-25,2.983426573769117
2008-06-26,2.9889222512478617
2008-06-27,2.945614366013938
2008-06-30,2.949109526926312
2008-07-01,2.9471447535476907
2008-07-02,2.9585286598441303
2008-07-03,2.9812328833322215
2008-07-04,2.9771595903043533
2008-07-07,3.0048195250211958
2008-07-08,3.0132693617621062
2008-07-09,3.0327113749265466
2008-07-10,3.027698515186779
2008-07-11,3.026568087520803
2008-07-14,3.0381794988222732
2008-07-15,3.020295885165635
2008-07-16,2.9946683791895534
2008-07-17,2.991312108312703
2008-07-18,3.008759851077702
2008-07-21,3.034083037236709
2008-07-22,3.0321914941513923
2008-07-23,3.0264520993053385
2008-07-24,3.038140207173583
2008-07-25,3.0442762493796023
2008-07-28,3.0498543137708007
2008-07-29,3.036314645815441
2008-07-30,3.038359804285372
2008-07-31,3.0259392548633763
2008-08-01,3.0219795175369244
2008-08-04,3.012351715105694
2008-08-05,3.006122987811334
2008-08-06,3.0081767853392027
2008-08-07,3.010156193972231
2008-08-08,2.969703782961866
2008-08-11,2.9281333017566764
2008-08-12,2.9204012823499914
2008-08-13,2.923638835707233
2008-08-14,2.9246106103956255
2008-08-15,2.926435292354393
2008-08-18,2.8947403658755966
2008-08-19,2.898884273443552
2008-08-20,2.942444319828561
2008-08-21,2.921221608710752
2008-08-22,2.9126744755268485
2008-08-25,2.914960838921001
2008-08-26,2.888119228250029
2008-08-27,2.883048431934732
2008-08-28,2.879511439834755
2008-08-29,2.891963705260357
2008-09-01,2.874087563431812
2008-09-02,2.8737309176727828
2008-09-03,2.8693209963370805
2008-09-04,2.8761796888094158
2008-09-05,2.8613275860038216
2008-09-08,2.839454605511164
2008-09-09,2.842653756393831
2008-09-10,2.8488978981339397
2008-09-11,2.8397352042807937
2008-09-12,2.8415089922251955
2008-09-16,2.829978316778243
2008-09-17,2.8171322118800894
2008-09-18,2.7987153374505467
2008-09-19,2.8508240646565413
2008-09-22,2.8625151640241455
2008-09-23,2.8212775015075118
2008-09-24,2.8273552908765
2008-09-25,2.8408281821868484
2008-09-26,2.8411005086445145
2008-10-06,2.814397067700826
2008-10-07,2.8101955784608963
2008-10-08,2.796520090873977
2008-10-09,2.7945524553579206
2008-10-10,2.7598035062868256
2008-10-13,2.761174320243787
2008-10-14,2.750489143540067
2008-10-15,2.745483641134645
2008-10-16,2.7152945396612993
2008-10-17,2.7219943602775394
2008-10-20,2.7358379738681697
2008-10-21,2.7402427981478477
2008-10-22,2.7302791555458823
2008-10-23,2.737268820710136
2008-10-24,2.733601874559477
2008-10-27,2.698510278126929
2008-10-28,2.710763966117191
2008-10-29,2.708237597971782
2008-10-30,2.7116143816969323
2008-10-31,2.7040561800841934
2008-11-03,2.7038052539158843
2008-11-04,2.6959932886097704
2008-11-05,2.7122351920050627
2008-11-06,2.7040374125967293
2008-11-07,2.7153821599615147
2008-11-10,2.7508237855031146
2008-11-11,2.74383337207273
2008-11-12,2.7524124007811275
2008-11-13,2.775864156645509
2008-11-14,2.7949313085326786
2008-11-17,2.820108591460029
2008-11-18,2.7764522739243067
2008-11-19,2.8160821816232477
2008-11-20,2.8229390682792115
2008-11-21,2.8096206246590048
2008-11-24,2.7915921225481406
2008-11-25,2.7898178301479106
2008-11-26,2.792220666238593
2008-11-27,2.7994462546166914
2008-11-28,2.7936559648149766
2008-12-01,2.8208458288812395
2008-12-02,2.837526105806296
2008-12-03,2.8589979389306563
2008-12-04,2.853847889005775
2008-12-05,2.873594072944033
2008-12-08,2.897054902453229
2008-12-09,2.8806931791708457
2008-12-10,2.8990776485833667
2008-12-11,2.8869477124716143
2008-12-12,2.867195283942557
2008-12-15,2.872513501555344
2008-12-16,2.8815741865473603
2008-12-17,2.890895412527102
2008-12-18,2.9019748863674915
2008-12-19,2.9126754661279737
2008-12-22,2.931431883507125
2008-12-23,2.8937270614521826
2008-12-24,2.8887889942448775
2008-12-25,2.896236921544796
2008-12-26,2.906053169051896
2008-12-29,2.8972566383043734
2008-12-30,2.908893556679634
2008-12-31,2.9045362115608877
2009-01-05,2.9208396545357744
2009-01-06,2.9300088734265346
2009-01-07,2.929958030728309
2009-01-08,2.9237828202426135
2009-01-09,2.950917241874263
2009-01-12,2.953745410697549
2009-01-13,2.9354597619000935
2009-01-14,2.957360182268499
2009-01-15,2.9567381117098273
2009-01-16,2.9519172178891337
2009-01-19,2.94975419271789
2009-01-20,2.9602318071956177
2009-01-21,2.9563284002607384
2009-01-22,2.959958840009775
2009-01-23,2.962789494939882
2009-02-02,2.9765250999596553
2009-02-03,2.99577522596656
2009-02-04,3.0015485129734687
2009-02-05,2.9989810671099013
2009-02-06,3.02642660024995
2009-02-09,3.047067456006675
2009-02-10,3.0617313600396328
2009-02-11,3.0581753417266446
2009-02-12,3.065303204981388
2009-02-13,3.0811454683475694
2009-02-16,3.085013310722986
2009-02-17,3.06768478791063
2009-02-18,3.0433986070353622
2009-02-19,3.0609139271464976
2009-02-20,3.0777829158829175
2009-02-23,3.093888617693174
2009-02-24,3.0679523027401165
2009-02-25,3.0790061282899552
2009-02-26,3.0378703476465097
2009-02-27,3.0044513714067764
2009-03-02,3.031669525536046
2009-03-03,3.0543696674160206
2009-03-04,3.124747416567823
2009-03-05,3.1509437102714712
2009-03-06,3.135683595618504
2009-03-09,3.088599528826584
2009-03-10,3.1217740231078177
2009-03-11,3.124796749571307
2009-03-12,3.119762139502563
2009-03-13,3.131201894872754
2009-03-16,3.1505192278877634
2009-03-17,3.1870427468572053
2009-03-18,3.195239372719936
2009-03-19,3.217898783085591
2009-03-20,3.208240055509323
2009-03-23,3.2243245621588543
2009-03-24,3.2477155405492026
2009-03-25,3.2211122227012843
2009-03-26,3.24707073176464
2009-03-27,3.2428109560847838
2009-03-30,3.2558083117501657
2009-03-31,3.2762507109677816
2009-04-01,3.29796414539865
2009-04-02,3.318966597110716
2009-04-03,3.3251074262995464
2009-04-07,3.3552714528840504
2009-04-08,3.314873299512511
2009-04-09,3.353799978504246
2009-04-10,3.4043329884373374
2009-04-13,3.4347775864803003
2009-04-14,3.5079120838437583
2009-04-15,3.537876485610523
2009-04-16,3.5342769756943158
2009-04-17,3.4999509152432102
2009-04-20,3.5388556579874457
2009-04-21,3.515309930723253
2009-04-22,3.4232421474626262
2009-04-23,3.4548404941974558
2009-04-24,3.444712283137216
2009-04-27,3.4158835745254126
2009-04-28,3.429510502045153
2009-04-29,3.445745654890694
2009-04-30,3.4678645308938565
2009-05-04,3.5255566479549323
2009-05-05,3.5369087501870857
2009-05-06,3.5552210027206894
2009-05-07,3.5243471285795653
2009-05-08,3.5156158678419853
2009-05-11,3.4613588102007378
2009-05-12,3.487998041276685
2009-05-13,3.508695254563833
2009-05-14,3.5189324979314933
2009-05-15,3.5374783189504835
2009-05-18,3.52772147482207
2009-05-19,3.542675772968686
2009-05-20,3.5242437663042785
2009-05-21,3.5011757595624764
2009-05-22,3.500609356096711
2009-05-25,3.5025556566151876
2009-05-26,3.529486754292798
2009-05-27,3.521935310977578
2009-06-01,3.549758888672657
2009-06-02,3.5412802086240176
2009-06-03,3.551732092138995
2009-06-04,3.5520835961967094
2009-06-05,3.5371869255948427
2009-06-08,3.5660662087221917
2009-06-09,3.5600233461676316
2009-06-10,3.5974252919762644
2009-06-11,3.5918903993438507
2009-06-12,3.5641334695707396
2009-06-15,3.6139903231280934
2009-06-16,3.6159517907775567
2009-06-17,3.615251459835141
2009-06-18,3.625212371716129
2009-06-19,3.6529946413811003
2009-06-22,3.652877006069572
2009-06-23,3.6613060516517497
2009-06-24,3.680765404605718
2009-06-25,3.7110467878765583
2009-06-26,3.72106353503578
2009-06-29,3.7014848045473316
2009-06-30,3.672136802040372
2009-07-01,3.660141102218146
2009-07-02,3.6772774214459756
2009-07-03,3.687165027887423
2009-07-06,3.688935240857179
2009-07-07,3.7325581745953054
2009-07-08,3.767541699444625
2009-07-09,3.8417890592183332
2009-07-10,3.843677901852103
2009-07-13,3.869414036930768
2009-07-14,3.9452636502965075
2009-07-15,3.997015737064125
2009-07-16,3.9743912827748438
2009-07-17,3.980607709544034
2009-07-20,4.023863588077139
2009-07-21,3.9473816202579965
2009-07-22,3.9802018242782036
2009-07-23,4.000656733127357
2009-07-24,3.998086992638997
2009-07-27,4.03481045261284
2009-07-28,4.059734746820803
2009-07-29,3.902540178776208
2009-07-30,3.9568444932507463
2009-07-31,4.038454371368653
2009-08-03,4.118446576068447
2009-08-04,4.154059349695927
2009-08-05,4.2218532283666
2009-08-06,4.241583865388906
2009-08-07,4.181064355533812
2009-08-10,4.2499937133639785
2009-08-11,4.23908906398053
2009-08-12,4.073663758355516
2009-08-13,4.086626125663916
2009-08-14,3.916390817389473
2009-08-17,3.714612258665082
2009-08-18,3.7826092401246925
2009-08-19,3.631630114140345
2009-08-20,3.7324747645622227
2009-08-21,3.840218895323277
2009-08-24,3.8776718121192455
2009-08-25,3.831191881280509
2009-08-26,3.9423895523885224
2009-08-27,4.001059533892029
2009-08-28,3.9458842285901516
2009-08-31,3.779946034088027
2009-09-01,3.7714259168198203
2009-09-02,3.8105160462883174
2009-09-03,3.910927194477772
2009-09-04,3.9269679542975875
2009-09-07,3.9608568707641547
2009-09-08,3.9980810274489293
2009-09-09,4.014428706651022
2009-09-10,3.9901917766894344
2009-09-11,4.014685073001223
2009-09-14,4.090804504974924
2009-09-15,4.134809851927559
2009-09-16,4.15917732232685
2009-09-17,4.25939887608555
2009-09-18,4.176767969386213
2009-09-21,4.231100033267999
2009-09-22,4.173664623169361
2009-09-23,4.155431152584061
2009-09-24,4.104849640112783
2009-09-25,4.113885692362254
2009-09-28,4.043564563881655
2009-09-29,3.970884821472069
2009-09-30,3.9849494544419364
2009-10-09,4.083877636938308
2009-10-12,4.0879391808222385
2009-10-13,4.123896346830493
2009-10-14,4.140147829952968
2009-10-15,4.166535947844513
2009-10-16,4.162123790071617
2009-10-19,4.218508864454399
2009-10-20,4.257229258136294
2009-10-21,4.234164556994331
2009-10-22,4.2564947421943655
2009-10-23,4.296572680381623
2009-10-26,4.309436947370671
2009-10-27,4.292557398450439
2009-10-28,4.320093531399684
2009-10-29,4.294238112175795
2009-10-30,4.311917233720677
2009-11-02,4.37042351486803
2009-11-03,4.434430218876066
2009-11-04,4.458653267542201
2009-11-05,4.499766518274544
2009-11-06,4.507895487396085
2009-11-09,4.530474918962874
2009-11-10,4.5391031663982515
2009-11-11,4.550590760914308
2009-11-12,4.572364163953033
2009-11-13,4.594036971706003
2009-11-16,4.664745504558116
2009-11-17,4.690972321061857
2009-11-18,4.726552781877146
2009-11-19,4.775908317401558
2009-11-20,4.823960966736868
2009-11-23,4.858851988552072
2009-11-24,4.697581334787298
2009-11-25,4.792694057704473
2009-11-26,4.676712750946105
2009-11-27,4.651291807606162
2009-11-30,4.778008459749486
2009-12-01,4.870117184754389
2009-12-02,4.919889745032125
2009-12-03,4.951064761722755
2009-12-04,4.853209671916447
2009-12-07,4.944414051899486
2009-12-08,4.978243101833489
2009-12-09,4.9674704164423025
2009-12-10,5.038023855002932
2009-12-11,5.035805124581506
2009-12-14,5.045482780455675
2009-12-15,5.068129133847228
2009-12-16,5.023163413531529
2009-12-17,4.916507131305832
2009-12-18,4.8296445084670365
2009-12-21,4.900909988672877
2009-12-22,4.8723990734893246
2009-12-23,4.960049122297304
2009-12-24,5.058760886678505
2009-12-25,5.073424289351631
2009-12-28,5.1073313841443975
2009-12-29,5.123163225391965
2009-12-30,5.077010502740331
2009-12-31,5.127408203766683
2010-01-04,5.16292679904947
2010-01-05,5.2053263457431855
2010-01-06,5.193512009638884
2010-01-07,5.131067692553714
2010-01-08,5.151085630551342
2010-01-11,5.203188618245072
2010-01-12,5.293779909664587
2010-01-13,5.2978302869131415
2010-01-14,5.392575102324299
2010-01-15,5.450136230324485
2010-01-18,5.489489628545431
2010-01-19,5.489904902326473
2010-01-20,5.339296013015158
2010-01-21,5.3773865411940625
2010-01-22,5.268181120238553
2010-01-25,5.22963550820162
2010-01-26,5.116561239370235
2010-01-27,5.123723463743402
2010-01-28,5.189194540362576
2010-01-29,5.219916009950035
2010-02-01,5.1665544379725725
2010-02-02,5.166021357592794
2010-02-03,5.190102294601867
2010-02-04,5.224598346893688
2010-02-05,5.147448395060854
2010-02-08,5.140891599917064
2010-02-09,5.14959615496506
2010-02-10,5.178474608895972
2010-02-11,5.172508176064404
2010-02-12,5.212247644602694
2010-02-22,5.215989874740389
2010-02-23,5.218465464237018
2010-02-24,5.314567596291452
2010-02-25,5.383273757099991
2010-02-26,5.375854847784348
2010-03-01,5.420933552136703
2010-03-02,5.426989991339
2010-03-03,5.485595747414572
2010-03-04,5.413321218309291
2010-03-05,5.436326547981044
2010-03-08,5.472817419173752
2010-03-09,5.469882108226654
2010-03-10,5.437932178566753
2010-03-11,5.447779674550121
2010-03-12,5.426930924301207
2010-03-15,5.397796179222453
2010-03-16,5.4282884608077655
2010-03-17,5.527565379780731
2010-03-18,5.536152930333426
2010-03-19,5.57283307095116
2010-03-22,5.580481124479908
2010-03-23,5.561923268066843
2010-03-24,5.6003845904061995
2010-03-25,5.588171487147813
2010-03-26,5.63830050108698
2010-03-29,5.628356123991943
2010-03-30,5.695733652194725
2010-03-31,5.749644390813572
2010-04-01,5.779118742446964
2010-04-02,5.8080101753998505
2010-04-06,5.818973420098047
2010-04-07,5.843631644553004
2010-04-08,5.844503870599037
2010-04-09,5.906946781979993
2010-04-12,5.9884408861248595
2010-04-13,5.943344204130026
2010-04-14,5.959973979711768
2010-04-15,5.905366708200721
2010-04-16,5.904101206665942
2010-04-19,5.797510695321741
2010-04-20,5.879119506453001
2010-04-21,5.981574478508221
2010-04-22,6.050306367048862
2010-04-23,6.0333652449091275
2010-04-26,6.000336578235825
2010-04-27,5.91035641967457
2010-04-28,5.914601655515909
2010-04-29,5.780707332690822
2010-04-30,5.6451531447748735
2010-05-04,5.665915785386233
2010-05-05,5.7448682762357866
2010-05-06,5.664633180437637
2010-05-07,5.580996892272867
2010-05-10,5.479460352456799
2010-05-11,5.408170892013632
2010-05-12,5.337167799769427
2010-05-13,5.41836078017793
2010-05-14,5.451097382643325
2010-05-17,5.286361278975809
2010-05-18,5.32456421191498
2010-05-19,5.33628642949482
2010-05-20,5.2968988921092865
2010-05-21,5.350287640952295
2010-05-24,5.481004282068249
2010-05-25,5.487868386463774
2010-05-26,5.472927016088488
2010-05-27,5.525208419642787
2010-05-28,5.570430317831571
2010-05-31,5.5391106305386355
2010-06-01,5.504151968250115
2010-06-02,5.520102486523882
2010-06-03,5.5416163780108505
2010-06-04,5.5606944022528975
2010-06-07,5.583833270169581
2010-06-08,5.5920437240843235
2010-06-09,5.611646262858756
2010-06-10,5.619277135341944
2010-06-11,5.617674894978573
2010-06-17,5.592754700849624
2010-06-18,5.5228564676409935
2010-06-21,5.558386987096363
2010-06-22,5.574913044214957
2010-06-23,5.569667427365303
2010-06-24,5.566889929820806
2010-06-25,5.55447899115632
2010-06-28,5.542227647534854
2010-06-29,5.463650252167884
2010-06-30,5.447825782834167
2010-07-01,5.436571527341156
2010-07-02,5.420598283268648
2010-07-05,5.417313009552063
2010-07-06,5.449949253825588
2010-07-07,5.4590854857051925
2010-07-08,5.464037752503855
2010-07-09,5.498265360260926
2010-07-12,5.515579621914323
2010-07-13,5.511725853736048
2010-07-14,5.52829961519266
2010-07-15,5.507062728454477
2010-07-16,5.509254211878392
2010-07-19,5.5379869319275805
2010-07-20,5.571741880913142
2010-07-21,5.575140871834964
2010-07-22,5.598026565078503
2010-07-23,5.594919973656021
2010-07-26,5.62438847882295
2010-07-27,5.631590340769935
2010-07-28,5.66061857781135
2010-07-29,5.666020936402127
2010-07-30,5.669890087966254
2010-08-02,5.689806028957696
2010-08-03,5.686559147509604
2010-08-04,5.700704640793908
2010-08-05,5.706725758089437
2010-08-06,5.727626900522677
2010-08-09,5.744331877684306
2010-08-10,5.704303991237414
2010-08-11,5.721497219540575
2010-08-12,5.7084696310602565
2010-08-13,5.737243047101613
2010-08-16,5.761120213246467
2010-08-17,5.769565789783517
2010-08-18,5.7782995366354335
2010-08-19,5.775434105831972
2010-08-20,5.747218829296207
2010-08-23,5.751340517430112
2010-08-24,5.7728358093378205
2010-08-25,5.766424174226554
2010-08-26,5.780870097115415
2010-08-27,5.794708455059443
2010-08-30,5.827244959135315
2010-08-31,5.855193345006905
2010-09-01,5.80730169341953
2010-09-02,5.8563588261247554
2010-09-03,5.889407672794977
2010-09-06,5.87647390818584
2010-09-07,5.882803385538773
2010-09-08,5.912403404836332
2010-09-09,5.8970532400992814
2010-09-10,5.914542757688076
2010-09-13,5.947491549287093
2010-09-14,5.972029569334655
2010-09-15,5.954182183930918
2010-09-16,5.903286592585795
2010-09-17,5.915503255411527
2010-09-20,5.891635768615913
2010-09-21,5.880116939002081
2010-09-27,5.917986652551026
2010-09-28,5.88966139145357
2010-09-29,5.860186830329481
2010-09-30,5.934757848809217
2010-10-08,6.006556731441544
2010-10-11,5.955451662537929
2010-10-12,5.971155379523669
2010-10-13,5.954089856367261
2010-10-14,5.852589876869018
2010-10-15,5.832334700346982
2010-10-18,5.765241407076017
2010-10-19,5.893107273975288
2010-10-20,5.901759262594613
2010-10-21,5.910861366395733
2010-10-22,5.975520725947284
2010-10-25,6.069335363515015
2010-10-26,6.04402363193762
2010-10-27,6.034959654455299
2010-10-28,6.049729995657878
2010-10-29,6.1093336553986735
2010-11-01,6.215827998617258
2010-11-02,6.114597377069518
2010-11-03,6.009227260859522
2010-11-04,6.065289011487341
2010-11-05,6.150419499079623
2010-11-08,6.276624147503665
2010-11-09,6.348424957431946
2010-11-10,6.397275341833082
2010-11-11,6.349710993494348
2010-11-12,6.0432380860129005
2010-11-15,6.215665325714669
2010-11-16,6.1971123305767986
2010-11-17,6.108083273275711
2010-11-18,6.183572680581658
2010-11-19,6.332757680102473
2010-11-22,6.461607674274818
2010-11-23,6.482985523114899
2010-11-24,6.581072565394811
2010-11-25,6.53705345743532
2010-11-26,6.535844624712801
2010-11-29,6.573995252304911
2010-11-30,6.387965660248056
2010-12-01,6.444953743219791
2010-12-02,6.479430587206841
2010-12-03,6.452228789051242
2010-12-06,6.379002686391277
2010-12-07,6.465110633108313
2010-12-08,6.486654627586796
2010-12-09,6.385695712276209
2010-12-10,6.465004961412289
2010-12-13,6.585071444806503
2010-12-14,6.64730634114705
2010-12-15,6.620613515938055
2010-12-16,6.636839722192286
2010-12-17,6.666742460632498
2010-12-20,6.630370249435204
2010-12-21,6.70776383086494
2010-12-22,6.681738349733518
2010-12-23,6.564525260200715
2010-12-24,6.468203961993319
2010-12-27,6.320947717873136
2010-12-28,6.246189389937309
2010-12-29,6.350830279066197
2010-12-30,6.388986601867715
2010-12-31,6.4750612262440885
2011-01-04,6.55492500962346
2011-01-05,6.580762036925076
2011-01-06,6.579024191536353
2011-01-07,6.550897594014964
2011-01-10,6.440308807015143
2011-01-11,6.3642664805558065
2011-01-12,6.392216081232427
2011-01-13,6.404678146524279
2011-01-14,6.31258079833335
2011-01-17,6.095982335620929
2011-01-18,6.1053467868113005
2011-01-19,6.2085777134940665
2011-01-20,6.045252928226965
2011-01-21,6.086321787777696
2011-01-24,6.028440294475046
2011-01-25,5.997053410831663
2011-01-26,6.040555126575382
2011-01-27,6.099620200923962
2011-01-28,6.146864553765202
2011-01-31,6.16593287567029
2011-02-01,6.162790455327885
2011-02-09,6.121702802045064
2011-02-10,6.256038689917759
2011-02-11,6.297395390141006
2011-02-14,6.351026998037014
2011-02-15,6.379098118364357
2011-02-16,6.434111290680215
2011-02-17,6.487752743137621
2011-02-18,6.4270333701502755
2011-02-21,6.507774506541211
2011-02-22,6.437616804539602
2011-02-23,6.460335633358757
2011-02-24,6.458145736128128
2011-02-25,6.448478378546277
2011-02-28,6.509565945146228
2011-03-01,6.510946764943685
2011-03-02,6.5115321440304585
2011-03-03,6.422349616165734
2011-03-04,6.4460022026838315
2011-03-07,6.456786691700615
2011-03-08,6.501554497949644
2011-03-09,6.522272423227256
2011-03-10,6.53643292824238
2011-03-11,6.544790361048148
2011-03-14,6.570465023111507
2011-03-15,6.529850035773716
2011-03-16,6.564697006838922
2011-03-17,6.4825039843631185
2011-03-18,6.542130959428512
2011-03-21,6.523412083903964
2011-03-22,6.499133614717673
2011-03-23,6.564596669846552
2011-03-24,6.546595113355675
2011-03-25,6.549825779746376
2011-03-28,6.549630086957382
2011-03-29,6.4257807355190915
2011-03-30,6.391568866657077
2011-03-31,6.374055949571246
2011-04-01,6.41853288942279
2011-04-06,6.379984896458713
2011-04-07,6.395059511554548
2011-04-08,6.462656195905666
2011-04-11,6.437065075827062
2011-04-12,6.416293211983518
2011-04-13,6.478857407975583
2011-04-14,6.456708977935058
2011-04-15,6.4655993286271585
2011-04-18,6.442381048934194
2011-04-19,6.390146602976415
2011-04-20,6.432107336077261
2011-04-21,6.482963144749052
2011-04-22,6.490684668493617
2011-04-25,6.4229934132220725
2011-04-26,6.31111603505633
2011-04-27,6.222485073615885
2011-04-28,6.040168204890219
2011-04-29,6.102616270938487
2011-05-03,6.168073529669418
2011-05-04,6.092359963642874
2011-05-05,6.136699670956547
2011-05-06,6.165845833885426
2011-05-09,6.201431337882603
2011-05-10,6.1997849499247595
2011-05-11,6.210028130189723
2011-05-12,6.15100373653803
2011-05-13,6.161346490538167
2011-05-16,6.162460603380029
2011-05-17,6.128434144228772
2011-05-18,6.141671632395509
2011-05-19,6.147751740774554
2011-05-20,6.117274292890173
2011-05-23,5.950861678258593
2011-05-24,6.002087589504469
2011-05-25,5.9079471674761574
2011-05-26,5.854560888265955
2011-05-27,5.769445573493971
2011-05-30,5.758132045120651
2011-05-31,5.791572749997932
2011-06-01,5.811776466190427
2011-06-02,5.780975516585668
2011-06-03,5.793760191119009
2011-06-07,5.804863890761364
2011-06-08,5.815214648370911
2011-06-09,5.778334004886601
2011-06-10,5.769049305243405
2011-06-13,5.758073046016568
2011-06-14,5.787334592783825
2011-06-15,5.76957438853288
2011-06-16,5.745160354482374
2011-06-17,5.734393476880595
2011-06-20,5.706484987700153
2011-06-21,5.727014958454255
2011-06-22,5.73692029852732
2011-06-23,5.770019977173658
2011-06-24,5.810676288163142
2011-06-27,5.840888947776395
2011-06-28,5.8375925984270385
2011-06-29,5.820226392992241
2011-06-30,5.835705342232717
2011-07-01,5.837753694356268
2011-07-04,5.883264156782448
2011-07-05,5.8816887412270225
2011-07-06,5.899142397866097
2011-07-07,5.914795611381751
2011-07-08,5.905526505884057
2011-07-11,5.9224757089664415
2011-07-12,5.8964343872760185
2011-07-13,5.933843142265162
2011-07-14,5.948609906722988
2011-07-15,5.970084194478861
2011-07-18,5.975318584923566
2011-07-19,5.9497369267838875
2011-07-20,5.955242081900217
2011-07-21,5.937113831487715
2011-07-22,5.94026034998834
2011-07-25,5.8758764955918545
2011-07-26,5.893759436522621
2011-07-27,5.930854213688965
2011-07-28,5.92449362239407
2011-07-29,5.929727920617128
2011-08-01,5.928020855262061
2011-08-02,5.927556006674957
2011-08-03,5.949666517833131
2011-08-04,5.946682917302569
2011-08-05,5.913779896500598
2011-08-08,5.839872266027765
2011-08-09,5.838639256987399
2011-08-10,5.862189132487003
2011-08-11,5.90636406281148
2011-08-12,5.923685520677959
2011-08-15,5.938422806888042
2011-08-16,5.927986589623214
2011-08-17,5.9366676820102295
2011-08-18,5.911019075385671
2011-08-19,5.906737655445256
2011-08-22,5.912344543502191
2011-08-23,5.949121970857287
2011-08-24,5.948616506150956
2011-08-25,5.961710959907139
2011-08-26,5.975467008751941
2011-08-29,5.974105861103802
2011-08-30,5.96596440318037
2011-08-31,5.954062097484156
2011-09-01,5.934889805537581
2011-09-02,5.930987358903696
2011-09-05,5.916105530184494
2011-09-06,5.8984814732365
2011-09-07,5.934095069159699
2011-09-08,5.926737611342959
2011-09-09,5.92334265247359
2011-09-13,5.904554757359857
2011-09-14,5.919363518989086
2011-09-15,5.9184563081304145
2011-09-16,5.923876192620173
2011-09-19,5.896606841060409
2011-09-20,5.8977901440745715
2011-09-21,5.931990256908311
2011-09-22,5.894260875471251
2011-09-23,5.8867746875495905
2011-09-26,5.866180370844583
2011-09-27,5.867587331611039
2011-09-28,5.84472265195924
2011-09-29,5.804960305663206
2011-09-30,5.813108348691145
2011-10-10,5.78989385785945
2011-10-11,5.775348624160365
2011-10-12,5.813751554148135
2011-10-13,5.827863132187429
2011-10-14,5.8172847789303965
2011-10-17,5.829394457225075
2011-10-18,5.79621288059405
2011-10-19,5.787955622127674
2011-10-20,5.757558783935577
2011-10-21,5.730221037077515
2011-10-24,5.741950583275318
2011-10-25,5.778625827091467
2011-10-26,5.801965301985368
2011-10-27,5.800631967278409
2011-10-28,5.830638514465519
2011-10-31,5.8507349260168
2011-11-01,5.840840665075525
2011-11-02,5.866599166974715
2011-11-03,5.866642175290125
2011-11-04,5.874620447028332
2011-11-07,5.874657978683473
2011-11-08,5.858806651566641
2011-11-09,5.877643863304865
2011-11-10,5.889466331447075
2011-11-11,5.893998089864335
2011-11-14,5.9239727636216575
2011-11-15,5.928835051934393
2011-11-16,5.898605017912393
2011-11-17,5.903956721087533
2011-11-18,5.873239704603203
2011-11-21,5.868035636288874
2011-11-22,5.870436186084407
2011-11-23,5.8735110453439985
2011-11-24,5.873065481674
2011-11-25,5.865729745390929
2011-11-28,5.870148469445225
2011-11-29,5.900360502372008
2011-11-30,5.854164978798333
2011-12-01,5.865623324032577
2011-12-02,5.847207214252794
2011-12-05,5.81751307187605
2011-12-06,5.814508244859039
2011-12-07,5.820044024909423
2011-12-08,5.833047038337422
2011-12-09,5.819837495049904
2011-12-12,5.803476026479843
2011-12-13,5.768781731439442
2011-12-14,5.749557565969928
2011-12-15,5.727172659803645
2011-12-16,5.756101287225952
2011-12-19,5.749716717473653
2011-12-20,5.745190085069449
2011-12-21,5.727088248244998
2011-12-22,5.705333818126389
2011-12-23,5.707852251948029
2011-12-26,5.699682547187876
2011-12-27,5.66496050059631
2011-12-28,5.644874542530962
2011-12-29,5.646153849733735
2011-12-30,5.667038436126432
2012-01-04,5.634357506598286
2012-01-05,5.582266728418347
2012-01-06,5.569512714408425
2012-01-09,5.603781800506026
2012-01-10,5.642249473648879
2012-01-11,5.6421691762668695
2012-01-12,5.627829146852911
2012-01-13,5.572316801271247
2012-01-16,5.51957476231626
2012-01-17,5.563138397394865
2012-01-18,5.5237101916124995
2012-01-19,5.5270853249766025
2012-01-20,5.548599952020211
2012-01-30,5.551590976123258
2012-01-31,5.551689841139131
2012-02-01,5.545982944982298
2012-02-02,5.562073974699262
2012-02-03,5.575814870723446
2012-02-06,5.587780453937347
2012-02-07,5.566940615002561
2012-02-08,5.5912152471109
2012-02-09,5.6017676420771005
2012-02-10,5.602197168383123
2012-02-13,5.613301655313139
2012-02-14,5.611330817352709
2012-02-15,5.627832776347995
2012-02-16,5.6334604124813845
2012-02-17,5.627146574695064
2012-02-20,5.628589502229026
2012-02-21,5.643663562546671
2012-02-22,5.666830074997922
2012-02-23,5.674682097684499
2012-02-24,5.6800743296192
2012-02-27,5.681878689018173
2012-02-28,5.664774216671397
2012-02-29,5.646562872041925
2012-03-01,5.654055101737761
2012-03-02,5.676806605120605
2012-03-05,5.676095665583608
2012-03-06,5.668071556467741
2012-03-07,5.667733002664544
2012-03-08,5.679177824099136
2012-03-09,5.702019114220546
2012-03-12,5.708358050205759
2012-03-13,5.7296992659566985
2012-03-14,5.691839216368368
2012-03-15,5.691518423197761
2012-03-16,5.721522101370235
2012-03-19,5.735250566553704
2012-03-20,5.701294907244208
2012-03-21,5.707047296424802
2012-03-22,5.701908356569192
2012-03-23,5.678027736055083
2012-03-26,5.673866216399336
2012-03-27,5.669464186197598
2012-03-28,5.6101108197255884
2012-03-29,5.585067324815515
2012-03-30,5.57258920461895
2012-04-05,5.598252444475584
2012-04-06,5.601513254404267
2012-04-09,5.586551759643238
2012-04-10,5.5977384790415
2012-04-11,5.600701974934399
2012-04-12,5.624194560773811
2012-04-13,5.6316474696855545
2012-04-16,5.635533963444658
2012-04-17,5.6319638081024355
2012-04-18,5.651947151231109
2012-04-19,5.655330398278251
2012-04-20,5.654880354194818
2012-04-23,5.618513584309984
2012-04-24,5.606130561295233
2012-04-25,5.6259417604223225
2012-04-26,5.625686202385066
2012-04-27,5.629547704176213
2012-05-02,5.658922161980763
2012-05-03,5.661715482469861
2012-05-04,5.687602516489659
2012-05-07,5.71709164075431
2012-05-08,5.71411074331535
2012-05-09,5.682632113580602
2012-05-10,5.689205448537528
2012-05-11,5.6732273597817455
2012-05-14,5.661448649073255
2012-05-15,5.6466887244722415
2012-05-16,5.620010321002095
2012-05-17,5.649471581792655
2012-05-18,5.622917354377512
2012-05-21,5.623086605145492
2012-05-22,5.65262729077441
2012-05-23,5.6606660047889825
2012-05-24,5.65034281166312
2012-05-25,5.625766308074588
2012-05-28,5.638774442523927
2012-05-29,5.6646071763435835
2012-05-30,5.670004454197544
2012-05-31,5.691728587324022
2012-06-01,5.684044569710762
2012-06-04,5.623718487114695
2012-06-05,5.628469037606264
2012-06-06,5.621979909004684
2012-06-07,5.610311903237973
2012-06-08,5.602817461086133
2012-06-11,5.649430428966642
2012-06-12,5.669702947210163
2012-06-13,5.705069038621428
2012-06-14,5.6980342195545814
2012-06-15,5.722668778345643
2012-06-18,5.765847477122848
2012-06-19,5.776746430090085
2012-06-20,5.815883068071587
2012-06-21,5.788698309491427
2012-06-25,5.732977631214946
2012-06-26,5.7453177857456375
2012-06-27,5.757030808883044
2012-06-28,5.719457678996656
2012-06-29,5.74871694200578
2012-07-02,5.775815458587871
2012-07-03,5.788885467042187
2012-07-04,5.779115421814706
2012-07-05,5.728714017941509
2012-07-06,5.760441077921399
2012-07-09,5.721874683480131
2012-07-10,5.713674944108055
2012-07-11,5.7193294378840465
2012-07-12,5.739339138562042
2012-07-13,5.73255814162256
2012-07-16,5.634222639540178
2012-07-17,5.643293090404248
2012-07-18,5.639618002576792
2012-07-19,5.6721980376711905
2012-07-20,5.661975867549318
2012-07-23,5.654256501639363
2012-07-24,5.665187799768331
2012-07-25,5.657356522377702
2012-07-26,5.646278615763441
2012-07-27,5.637764371690576
2012-07-30,5.620059666802764
2012-07-31,5.596622674365143
2012-08-01,5.606171732993263
2012-08-02,5.596321704657037
2012-08-03,5.62916385465068
2012-08-06,5.6599312860189475
2012-08-07,5.675056374058908
2012-08-08,5.6701859259961545
2012-08-09,5.691738477673623
2012-08-10,5.694422003501426
2012-08-13,5.672648036088696
2012-08-14,5.6849442227336136
2012-08-15,5.663534770982245
2012-08-16,5.665850416704511
2012-08-17,5.668255775321925
2012-08-20,5.684544794667489
2012-08-21,5.72009187080585
2012-08-22,5.7067946104170035
2012-08-23,5.727247438935045
2012-08-24,5.706915643798802
2012-08-27,5.688711891714591
2012-08-28,5.701364591600129
2012-08-29,5.7002384830373565
2012-08-30,5.669071600053734
2012-08-31,5.679225995110688
2012-09-03,5.694063367896704
2012-09-04,5.690970014248846
2012-09-05,5.700620435196976
2012-09-06,5.705408144078195
2012-09-07,5.748569440308589
2012-09-10,5.761441959725142
2012-09-11,5.762445972121607
2012-09-12,5.76917170604292
2012-09-13,5.7487276350681435
2012-09-14,5.7406651454112465
2012-09-17,5.7030292726256135
2012-09-18,5.692448018268841
2012-09-19,5.705895490570631
2012-09-20,5.665579838877173
2012-09-21,5.646328171783689
2012-09-24,5.650383878718625
2012-09-25,5.639691852980256
2012-09-26,5.612395059168071
2012-09-27,5.638300573614716
2012-09-28,5.661131481290191
2012-10-08,5.648239831749884
2012-10-09,5.680531590598672
2012-10-10,5.693126186272654
2012-10-11,5.672457622616455
2012-10-12,5.676182378805557
2012-10-15,5.655368794711506
2012-10-16,5.658831262242293
2012-10-17,5.662960813615752
2012-10-18,5.679924779580983
2012-10-19,5.677927722875117
2012-10-22,5.688833412418412
2012-10-23,5.681760814444631
2012-10-24,5.6800923412520365
2012-10-25,5.669782987698997
2012-10-26,5.651033406676697
2012-10-29,5.6499324010603
2012-10-30,5.657520511501972
2012-10-31,5.6596027414533
2012-11-01,5.667730759959933
2012-11-02,5.671628335302669
2012-11-05,5.668676713007107
2012-11-06,5.664025157191684
2012-11-07,5.663347448850917
2012-11-08,5.639944267469833
2012-11-09,5.645789974532441
2012-11-12,5.6493928602457615
2012-11-13,5.632741435234616
2012-11-14,5.635186991538721
2012-11-15,5.607140597667716
2012-11-16,5.598045568515017
2012-11-19,5.604821681369037
2012-11-20,5.602923479007063
2012-11-21,5.6135710477541725
2012-11-22,5.612524960852568
2012-11-23,5.621919508563283
2012-11-26,5.606525985494845
2012-11-27,5.56853475933243
2012-11-28,5.54488600799821
2012-11-29,5.538134792239934
2012-11-30,5.545032532131069
2012-12-03,5.507128422931806
2012-12-04,5.512330993363898
2012-12-05,5.546391987889193
2012-12-06,5.5431098651909485
2012-12-07,5.563437679536108
2012-12-10,5.574061325275463
2012-12-11,5.563384668323896
2012-12-12,5.562906166954741
2012-12-13,5.559006689286571
2012-12-14,5.597699334649433
2012-12-17,5.595439638992928
2012-12-18,5.590173366309983
2012-12-19,5.5963363789955896
2012-12-20,5.605875227973164
2012-12-21,5.6199137546894775
2012-12-24,5.637606132426643
2012-12-25,5.667117231203789
2012-12-26,5.699521121871401
2012-12-27,5.666907978614518
2012-12-28,5.684400765048685
2012-12-31,5.685848677651442
2013-01-04,5.673498303356858
2013-01-07,5.7390001794635594
2013-01-08,5.805867343076199
2013-01-09,5.784572933422474
2013-01-10,5.792586000345893
2013-01-11,5.768327011268258
2013-01-14,5.879422676387346
2013-01-15,5.920368887607731
2013-01-16,5.890687624625693
2013-01-17,5.852814441826606
2013-01-18,5.894953415056402
2013-01-21,5.9022102605339795
2013-01-22,5.837903792936553
2013-01-23,5.847929370178635
2013-01-24,5.777360255239953
2013-01-25,5.7863246097692995
2013-01-28,5.881171517278001
2013-01-29,5.922077062282452
2013-01-30,5.9065119908302295
2013-01-31,5.8790479806391795
2013-02-01,5.888667048127469
2013-02-04,5.864409078466307
2013-02-05,5.896558615110075
2013-02-06,5.916053837468442
2013-02-07,5.934476950986935
2013-02-08,6.000784833377072
2013-02-18,6.040000006404564
2013-02-19,5.975189238391453
2013-02-20,6.0636588743639965
2013-02-21,6.009335432775817
2013-02-22,6.027355317931445
2013-02-25,6.09120019826334
2013-02-26,6.0717883000411765
2013-02-27,6.0783708140033745
2013-02-28,6.160670337570854
2013-03-01,6.267941061891551
2013-03-04,6.129315632528892
2013-03-05,6.2287339292938
2013-03-06,6.339202311253017
2013-03-07,6.296490786638221
2013-03-08,6.278452423932818
2013-03-11,6.265942273411083
2013-03-12,6.097918233995256
2013-03-13,6.077730820620568
2013-03-14,6.075036668428378
2013-03-15,6.114723050069871
2013-03-18,6.017259219843461
2013-03-19,6.02378365297975
2013-03-20,6.157134892066684
2013-03-21,6.214478951134884
2013-03-22,6.20822050145903
2013-03-25,6.209007213262614
2013-03-26,6.149785633606341
2013-03-27,6.172936742988412
2013-03-28,6.012010911412954
2013-03-29,5.996971206510604
2013-04-01,6.005913854329451
2013-04-02,5.923156487756073
2013-04-03,5.861877866392954
2013-04-08,5.80762166689816
2013-04-09,5.845252673084458
2013-04-10,5.8317064866781925
2013-04-11,5.895880645933672
2013-04-12,5.868001603625369
2013-04-15,5.821206592228355
2013-04-16,5.9012533512181085
2013-04-17,5.921290674546365
2013-04-18,5.93331361457813
2013-04-19,6.03065943903524
2013-04-22,6.043003208237666
2013-04-23,5.916228865855957
2013-04-24,6.033404676318828
2013-04-25,6.030973261140694
2013-04-26,5.931944148106471
2013-05-02,5.942163748962597
2013-05-03,6.011487267687647
2013-05-06,6.09960528350632
2013-05-07,6.092849095855244
2013-05-08,6.162011660891803
2013-05-09,6.184485915883037
2013-05-10,6.247927376916816
2013-05-13,6.2582430356329946
2013-05-14,6.164766604262454
2013-05-15,6.270170741744646
2013-05-16,6.282929396538497
2013-05-17,6.364551754330434
2013-05-20,6.490887903201447
2013-05-21,6.607257394266027
2013-05-22,6.53580932401171
2013-05-23,6.5352675023711395
2013-05-24,6.647362530338788
2013-05-27,6.710199539552863
2013-05-28,6.627495781145377
2013-05-29,6.6780579596864165
2013-05-30,6.68717741174809
2013-05-31,6.651552424617312
2013-06-03,6.598698781485726
2013-06-04,6.470811412732283
2013-06-05,6.5240749805360245
2013-06-06,6.42908565043764
2013-06-07,6.37487040510686
2013-06-13,6.233397985429956
2013-06-14,6.343696406649812
2013-06-17,6.405950207312583
2013-06-18,6.446534734802543
2013-06-19,6.457289395702547
2013-06-20,6.351691384130974
2013-06-21,6.329830964197835
2013-06-24,6.010207873866698
2013-06-25,5.9562797812086234
2013-06-26,6.065037364663012
2013-06-27,5.934717439035391
2013-06-28,5.865806312903916
2013-07-01,5.922001833453224
2013-07-02,5.965889038215672
2013-07-03,5.987912370061534
2013-07-04,6.014808357680916
2013-07-05,5.981219828233238
2013-07-08,5.907853789073536
2013-07-09,5.955453126499719
2013-07-10,6.010807427092662
2013-07-11,6.0483991448168375
2013-07-12,6.048506169919541
2013-07-15,6.086408299094802
2013-07-16,6.113347077929808
2013-07-17,6.085459952709035
2013-07-18,6.108710441508497
2013-07-19,6.066153829688377
2013-07-22,6.112200366229414
2013-07-23,6.169335219883144
2013-07-24,6.197876236267757
2013-07-25,6.1220770730582
2013-07-26,6.148740296339238
2013-07-29,6.120922782353598
2013-07-30,6.109569619294897
2013-07-31,6.152527146810151
2013-08-01,6.270077787691779
2013-08-02,6.314551089063728
2013-08-05,6.402697475072167
2013-08-06,6.442624151753671
2013-08-07,6.413727103465871
2013-08-08,6.480362268450752
2013-08-09,6.509165701128433
2013-08-12,6.524632054432126
2013-08-13,6.557348654957752
2013-08-14,6.615857816819168
2013-08-15,6.568242818813395
2013-08-16,6.43351956011296
2013-08-19,6.505103890405094
2013-08-20,6.5159042123929005
2013-08-21,6.564462724520501
2013-08-22,6.606722854415361
2013-08-23,6.563870239941788
2013-08-26,6.638983374979192
2013-08-27,6.6636860964196325
2013-08-28,6.58043056345859
2013-08-29,6.591949000550473
2013-08-30,6.505263640745457
2013-09-02,6.529496184749094
2013-09-03,6.5772692569555105
2013-09-04,6.571152503007449
2013-09-05,6.582176035438797
2013-09-06,6.607596847076029
2013-09-09,6.63718769916575
2013-09-10,6.6441860919049835
2013-09-11,6.598902710734039
2013-09-12,6.6073535109046215
2013-09-13,6.632210052012551
2013-09-16,6.6756168330096575
2013-09-17,6.631466612423878
2013-09-18,6.661538393147244
2013-09-23,6.733973604653742
2013-09-24,6.743809418249621
2013-09-25,6.75421820165232
2013-09-26,6.690153435715906
2013-09-27,6.704644736905127
2013-09-30,6.771549541547036
2013-10-08,6.8187875011836745
2013-10-09,6.867009712977829
2013-10-10,6.829470507313128
2013-10-11,6.899099331305155
2013-10-14,6.949770143078433
2013-10-15,6.927331828188772
2013-10-16,6.797161497011227
2013-10-17,6.833877817553624
2013-10-18,6.863936737675522
2013-10-21,7.021133456337328
2013-10-22,7.031507871387837
2013-10-23,6.928288212080903
2013-10-24,6.92200680552562
2013-10-25,6.908215263186459
2013-10-28,6.961384094931308
2013-10-29,6.776829891069955
2013-10-30,6.937000780190093
2013-10-31,7.016586786105795
2013-11-01,6.96030638420118
2013-11-04,7.002739829093792
2013-11-05,7.069489857175993
2013-11-06,7.028696528857659
2013-11-07,7.012929579043952
2013-11-08,6.935874259157757
2013-11-11,7.06757158197516
2013-11-12,7.175125772095902
2013-11-13,7.122304073386254
2013-11-14,7.312019156817425
2013-11-15,7.504442744396004
2013-11-18,7.625938037245921
2013-11-19,7.598424631974327
2013-11-20,7.608748510150045
2013-11-21,7.550876595160933
2013-11-22,7.551908201627109
2013-11-25,7.6081752445388995
2013-11-26,7.683673722604899
2013-11-27,7.720749827030874
2013-11-28,7.827622952541046
2013-11-29,7.987114110150698
2013-12-02,7.50158517790958
2013-12-03,7.660186741156427
2013-12-04,7.801328358769069
2013-12-05,7.833071671481816
2013-12-06,7.834385945275243
2013-12-09,7.943882197529103
2013-12-10,7.934306965678482
2013-12-11,7.851903949775923
2013-12-12,7.984662322898117
2013-12-13,8.072488797444304
2013-12-16,8.017043768483463
2013-12-17,7.961523004983443
2013-12-18,7.938283497847151
2013-12-19,7.854043602192649
2013-12-20,7.819065578335287
2013-12-23,7.807546986212542
2013-12-24,7.875855209776171
2013-12-25,8.033177384131182
2013-12-26,7.921744627535912
2013-12-27,8.13657571968513
2013-12-30,8.221079489899179
2013-12-31,8.120879422078026
2014-01-02,8.2013273386811
2014-01-03,8.18733337070145
2014-01-06,8.08761150875508
2014-01-07,8.14077739026091
2014-01-08,8.169478621528661
2014-01-09,8.022345396497712
2014-01-10,7.911996254654733
2014-01-13,7.908811594949233
2014-01-14,8.077069863481121
2014-01-15,8.226185478245156
2014-01-16,8.236400466674123
2014-01-17,8.213078468085415
2014-01-20,8.180067578737724
2014-01-21,8.329733628375015
2014-01-22,8.418249458180401
2014-01-23,8.496609621721149
2014-01-24,8.502100638468992
2014-01-27,8.465398448833877
2014-01-28,8.444480992056866
2014-01-29,8.535196095650988
2014-01-30,8.524019043368362
2014-02-07,8.611885934753333
2014-02-10,8.76525374221066
2014-02-11,8.789155056184107
2014-02-12,8.904526781273873
2014-02-13,8.775323423633173
2014-02-14,8.964871831396618
2014-02-17,9.13375975218705
2014-02-18,9.141620946760229
2014-02-19,9.094524278475857
2014-02-20,9.044888414297203
2014-02-21,9.016994610821996
2014-02-24,9.074518339550304
2014-02-25,8.815304750930878
2014-02-26,8.859710056453034
2014-02-27,8.811663884030322
2014-02-28,8.890967425795566
2014-03-03,8.988675908013823
2014-03-04,8.964595785058748
2014-03-05,8.95145953763224
2014-03-06,8.925181236319153
2014-03-07,8.89076616394221
2014-03-10,8.670905728103437
2014-03-11,8.64687219369328
2014-03-12,8.677466204465908
2014-03-13,8.722180174192946
2014-03-14,8.721785410572727
2014-03-17,8.86627422819283
2014-03-18,8.911964392503577
2014-03-19,8.907260325044412
2014-03-20,8.779682017454338
2014-03-21,8.891282990451547
2014-03-24,8.962013414801026
2014-03-25,8.952987375017152
2014-03-26,8.953723190787235
2014-03-27,8.809357705285677
2014-03-28,8.623648662672494
2014-03-31,8.575556611075699
2014-04-01,8.665948449813188
2014-04-02,8.646905157806978
2014-04-03,8.670638926323562
2014-04-04,8.721617819357698
2014-04-08,8.753697281808922
2014-04-09,8.821986574138956
2014-04-10,8.831929911139355
2014-04-11,8.806446950008288
2014-04-14,8.884938179378404
2014-04-15,8.846465510278767
2014-04-16,8.876560019397278
2014-04-17,8.904015063254294
2014-04-18,8.905274368129003
2014-04-21,8.792085617296028
2014-04-22,8.731436327177942
2014-04-23,8.73805991688722
2014-04-24,8.711268621272989
2014-04-25,8.60769604433147
2014-04-28,8.449360779163138
2014-04-29,8.497845905544837
2014-04-30,8.57938340098192
2014-05-05,8.634475003257187
2014-05-06,8.678269677906302
2014-05-07,8.619374874834694
2014-05-08,8.64707943824005
2014-05-09,8.639697520849964
2014-05-12,8.715674892892014
2014-05-13,8.718813384057611
2014-05-14,8.713970858574315
2014-05-15,8.640124977135649
2014-05-16,8.606711477277113
2014-05-19,8.630103927675934
2014-05-20,8.665079739017546
2014-05-21,8.705024722094434
2014-05-22,8.717038646725028
2014-05-23,8.758042049444615
2014-05-26,8.816466454926479
2014-05-27,8.797475062227857
2014-05-28,8.846323267171828
2014-05-29,8.754042042404196
2014-05-30,8.7898877328101
2014-06-03,8.80040436476101
2014-06-04,8.7641675672374
2014-06-05,8.827231884764641
2014-06-06,8.808400135978346
2014-06-09,8.799372246804007
2014-06-10,8.86286239036563
2014-06-11,8.893212547084675
2014-06-12,8.927536558913701
2014-06-13,8.964817785303744
2014-06-16,9.000467709163445
2014-06-17,8.957927148648297
2014-06-18,8.925197279739802
2014-06-19,8.79533887499472
2014-06-20,8.841595825805037
2014-06-23,8.9087734232733
2014-06-24,8.949860327481566
2014-06-25,8.93482293069896
2014-06-26,9.001570978080489
2014-06-27,9.005229029833352
2014-06-30,9.05028126881149
2014-07-01,9.064168861449707
2014-07-02,9.096998070217552
2014-07-03,9.132881573526422
2014-07-04,9.144512962164393
2014-07-07,9.134531429455976
2014-07-08,9.178188905422132
2014-07-09,9.114337908491933
2014-07-10,9.124414127734944
2014-07-11,9.178050607983714
2014-07-14,9.251812582046469
2014-07-15,9.20110992219152
2014-07-16,9.159891750757616
2014-07-17,9.162228185708637
2014-07-18,9.174284033233073
2014-07-21,9.149257112647057
2014-07-22,9.190875186309228
2014-07-23,9.12640996633236
2014-07-24,9.14201551380537
2014-07-25,9.164768249259538
2014-07-28,9.222561313407178
2014-07-29,9.265153862441188
2014-07-30,9.26763476338383
2014-07-31,9.308602473353632
2014-08-01,9.260435866423652
2014-08-04,9.392555676829629
2014-08-05,9.43222930330552
2014-08-06,9.426942307474587
2014-08-07,9.376947190357884
2014-08-08,9.4237641861806
2014-08-11,9.49028599231353
2014-08-12,9.493925691794502
2014-08-13,9.523708928882547
2014-08-14,9.520085581060979
2014-08-15,9.597225161108442
2014-08-18,9.678472134937634
2014-08-19,9.685162105807606
2014-08-20,9.752616050295288
2014-08-21,9.777332500322311
2014-08-22,9.849914584809927
2014-08-25,9.849593672478766
2014-08-26,9.761464456977468
2014-08-27,9.813157844436995
2014-08-28,9.819045846035188
2014-08-29,9.860176398293605
2014-09-01,9.966362284918349
2014-09-02,10.085878375999222
2014-09-03,10.180280712210786
2014-09-04,10.23739139546931
2014-09-05,10.277914702208655
2014-09-09,10.414386487352804
2014-09-10,10.461413172731103
2014-09-11,10.417324781232455
2014-09-12,10.51882651073824
2014-09-15,10.628783662580469
2014-09-16,10.339953829045504
2014-09-17,10.430078276960476
2014-09-18,10.509625199234739
2014-09-19,10.575335675305586
2014-09-22,10.564263314677335
2014-09-23,10.718495289057367
2014-09-24,10.842442549267764
2014-09-25,10.776122472637534
2014-09-26,10.850824973995032
2014-09-29,11.024659905568898
2014-09-30,11.082655051274724
2014-10-08,11.152153813503123
2014-10-09,11.13859240501245
2014-10-10,11.114051089282036
2014-10-13,11.218146752755755
2014-10-14,11.202154370991318
2014-10-15,11.218515977264216
2014-10-16,11.095657900820457
2014-10-17,10.996930658029418
2014-10-20,11.138402413408155
2014-10-21,11.084980839295037
2014-10-22,10.985134858896355
2014-10-23,10.848838053565672
2014-10-24,10.87728422701688
2014-10-27,11.030486554796672
2014-10-28,11.31197626170304
2014-10-29,11.429507026706238
2014-10-30,11.449140429197193
2014-10-31,11.417873437520052
2014-11-03,11.573876453951936
2014-11-04,11.452679033002747
2014-11-05,11.450010971063534
2014-11-06,11.674292020191194
2014-11-07,11.676286525454021
2014-11-10,11.724030824227448
2014-11-11,11.290143824929938
2014-11-12,11.560061153157537
2014-11-13,11.393065119980847
2014-11-14,11.311864005556355
2014-11-17,11.492449011192592
2014-11-18,11.532124330297204
2014-11-19,11.67800093097109
2014-11-20,11.621720714250287
2014-11-21,11.79894778647435
2014-11-24,11.872264509636132
2014-11-25,11.990153855869917
2014-11-26,12.03638154193588
2014-11-27,12.196627806305226
2014-11-28,12.225260380766061
2014-12-01,12.01558244391631
2014-12-02,12.23180582241365
2014-12-03,12.342008961045996
2014-12-04,12.355725032499633
2014-12-05,11.92415409729841
2014-12-08,11.767871104591586
2014-12-09,11.155633939421755
2014-12-10,11.558832250905228
2014-12-11,11.730537477809545
2014-12-12,11.8328886829773
2014-12-15,12.094990317569028
2014-12-16,12.053572539661163
2014-12-17,11.805441228315344
2014-12-18,11.757873674438166
2014-12-19,11.596121260558283
2014-12-22,11.005656644438782
2014-12-23,11.042928145079735
2014-12-24,11.450667809237041
2014-12-25,11.700404277627783
2014-12-26,11.718007426876737
2014-12-29,11.518597574195072
2014-12-30,11.305176909490976
2014-12-31,11.389392736957813
2015-01-05,11.348130773690421
2015-01-06,11.627708382656644
2015-01-07,11.571868600289301
2015-01-08,11.58506007445029
2015-01-09,11.50225331459739
2015-01-12,11.370211135732156
2015-01-13,11.512978566580548
2015-01-14,11.46119254220332
2015-01-15,11.524249760816941
2015-01-16,11.645672592917863
2015-01-19,11.533759514444402
2015-01-20,11.935481622384787
2015-01-21,12.157451330501363
2015-01-22,12.304172564594896
2015-01-23,12.183330033418533
2015-01-26,12.415893525697324
2015-01-27,12.475005544440052
2015-01-28,12.431484092542977
2015-01-29,12.36594082894442
2015-01-30,12.17773607724967
2015-02-02,12.153058876282145
2015-02-03,12.27421315555176
2015-02-04,12.333430112856549
2015-02-05,12.296081016802118
2015-02-06,12.098395504095228
2015-02-09,12.058506226509742
2015-02-10,12.1812570941445
2015-02-11,12.306672080818627
2015-02-12,12.402185818920557
2015-02-13,12.666556726470356
2015-02-16,12.907484411778642
2015-02-17,12.942303129395619
2015-02-25,12.828475382185983
2015-02-26,12.859199781695613
2015-02-27,12.994383822236221
2015-03-02,13.15864001061112
2015-03-03,13.084391401179126
2015-03-04,13.280482717552793
2015-03-05,13.332849236360877
2015-03-06,13.345070946793205
2015-03-09,13.579561002546479
2015-03-10,13.661087054156418
2015-03-11,13.783460978718077
2015-03-12,13.746612853482638
2015-03-13,13.892017520545071
2015-03-16,14.163086759752844
2015-03-17,14.197592251976902
2015-03-18,14.425007402992765
2015-03-19,14.547609305553577
2015-03-20,14.76634162329207
2015-03-23,15.284709858814198
2015-03-24,15.260628167270548
2015-03-25,15.45715446532248
2015-03-26,15.217364133195247
2015-03-27,15.403261803160973
2015-03-30,15.354892420249566
2015-03-31,15.547704305162563
2015-04-01,15.986182662238987
2015-04-02,16.411862548237806
2015-04-03,16.812362155561516
2015-04-07,17.240591899793724
2015-04-08,17.260116220207394
2015-04-09,17.1463939477934
2015-04-10,17.47903062138868
2015-04-13,17.87350633866259
2015-04-14,17.556644180130732
2015-04-15,16.79115150623226
2015-04-16,16.912066102323763
2015-04-17,16.914339272266446
2015-04-20,16.77475638946176
2015-04-21,17.26100871451312
2015-04-22,17.6253730241876
2015-04-23,17.612222366243426
2015-04-24,17.573551538133973
2015-04-27,17.6569626967441
2015-04-28,17.291271459160996
2015-04-29,17.569703644149023
2015-04-30,17.511491732461796
2015-05-04,17.692559948884387
2015-05-05,17.466834674692837
2015-05-06,17.387665777816185
2015-05-07,17.14253032376241
2015-05-08,17.757156006760066
2015-05-11,18.483910638103342
2015-05-12,18.677366928135726
2015-05-13,18.599251830238615
2015-05-14,19.063712721527647
2015-05-15,19.107913950378943
2015-05-18,19.754244127639954
2015-05-19,19.99337282202686
2015-05-20,20.204303177881727
2015-05-21,20.735355859310843
2015-05-22,20.85760857762635
2015-05-25,21.041148759671334
2015-05-26,21.995117224887775
2015-05-27,22.754934009760632
2015-05-28,22.403894539272315
2015-05-29,22.770540023022257
2015-06-01,23.583578941600038
2015-06-02,24.486921285068778
2015-06-03,24.777613122759714
2015-06-04,24.314649025892525
2015-06-05,24.58728893637398
2015-06-08,24.116980972724193
2015-06-09,24.134660392946554
2015-06-10,24.362108658384596
2015-06-11,24.642261876601413
2015-06-12,25.057620063329985
2015-06-15,24.606202104591503
2015-06-16,23.810880226091495
2015-06-17,24.34192050248664
2015-06-18,23.756311500155736
2015-06-19,22.497635871144915
2015-06-23,22.42949655783467
2015-06-24,22.91050816318335
2015-06-25,22.33131411615231
2015-06-26,20.98338902086738
2015-06-29,19.981607154853766
2015-06-30,20.642750222524747
2015-07-01,20.041513083900643
2015-07-02,19.169560953229006
2015-07-03,18.352558795112415
2015-07-06,17.739138299073623
2015-07-07,16.8451401663435
2015-07-08,16.649891841534764
2015-07-09,17.570912686846185
2015-07-10,18.542662739683298
2015-07-13,19.560435086053623
2015-07-14,20.154915694813482
2015-07-15,19.320849319432796
2015-07-16,19.63228315630372
2015-07-17,20.466863252575546
2015-07-20,20.769760018598117
2015-07-21,21.020574352470877
2015-07-22,21.27534226216893
2015-07-23,21.79025437372728
2015-07-24,21.456905089199758
2015-07-27,20.32388990212187
2015-07-28,19.715102546987726
2015-07-29,20.473595438197
2015-07-30,20.143864157048654
2015-07-31,19.92775043804507
2015-08-03,19.221256506163922
2015-08-04,20.003127005122156
2015-08-05,20.111999592422265
2015-08-06,20.165251619332892
2015-08-07,20.568745287130447
2015-08-10,21.14686395359467
2015-08-11,21.310943573033185
2015-08-12,21.24117293672718
2015-08-13,21.590705321156832
2015-08-14,21.503977536014837
2015-08-17,21.581433054538326
2015-08-18,20.63624152974912
2015-08-19,21.00559430906966
2015-08-20,20.822304295164667
2015-08-21,20.13503038285531
2015-08-24,19.174390222486167
2015-08-25,18.26656295607471
2015-08-26,18.04503702887929
2015-08-27,18.52731889836702
2015-08-28,19.190731953502553
2015-08-31,18.900010369059974
2015-09-01,18.470833044160443
2015-09-02,18.330154277759075
2015-09-07,18.45259329127274
2015-09-08,18.741118542514823
2015-09-09,18.92207174723443
2015-09-10,18.821951032792356
2015-09-11,18.858442015591987
2015-09-14,18.439742245150704
2015-09-15,18.121313031496733
2015-09-16,18.541110908820638
2015-09-17,18.500537583873356
2015-09-18,18.627787369230244
2015-09-21,18.861870183040654
2015-09-22,18.898878925361945
2015-09-23,18.85486648842262
2015-09-24,18.971248388278735
2015-09-25,18.73359838335494
2015-09-28,18.919149741178153
2015-09-29,18.835044328041484
2015-09-30,18.8801527249151
2015-10-08,19.05728907466404
2015-10-09,19.15517013441711
2015-10-12,19.341070169963782
2015-10-13,19.42545849479101
2015-10-14,19.37908544809504
2015-10-15,19.565098297950357
2015-10-16,19.59361263382615
2015-10-19,19.583603794760023
2015-10-20,19.675412892928474
2015-10-21,19.35285544881376
2015-10-22,19.596379513599874
2015-10-23,19.856460464837138
2015-10-26,19.947545429296568
2015-10-27,20.01218052181543
2015-10-28,19.903896870236135
2015-10-29,19.94907953067226
2015-10-30,20.031562211018596
2015-11-02,20.130901946701663
2015-11-03,20.19328351514726
2015-11-04,20.52769042779529
2015-11-05,20.378442563635584
2015-11-06,20.67663125871341
2015-11-09,20.90869305062336
2015-11-10,20.832960545578253
2015-11-11,21.164766960843
2015-11-12,21.309516860332252
2015-11-13,20.940160822334636
2015-11-16,21.138600802557892
2015-11-17,20.951982109802973
2015-11-18,20.744584985537195
2015-11-19,21.041804571743498
2015-11-20,21.188182772085412
2015-11-23,21.16540681647917
2015-11-24,21.53029232331262
2015-11-25,21.678865758864905
2015-11-26,21.613192468166563
2015-11-27,21.204601478342006
2015-11-30,21.493785090325748
2015-12-01,21.38534431353678
2015-12-02,21.262337148808044
2015-12-03,21.491951396224493
2015-12-04,21.418800739872456
2015-12-07,21.569800292584315
2015-12-08,21.539986979783993
2015-12-09,21.46510352450483
2015-12-10,21.397161428694698
2015-12-11,21.368046686364007
2015-12-14,21.58162375185966
2015-12-15,21.62283752701054
2015-12-16,21.75335445968857
2015-12-17,22.026338539915947
2015-12-18,22.069526824278377
2015-12-21,22.09034115412938
2015-12-22,22.096991324659065
2015-12-23,22.02333522148482
2015-12-24,22.12515580328301
2015-12-25,22.23998111147003
2015-12-28,21.955546190290473
2015-12-29,22.102920398592886
2015-12-30,22.143620341239497
2015-12-31,21.924505913130147
2016-01-04,20.91154903450977
2016-01-05,20.614743408529076
2016-01-06,20.89832069704833
2016-01-07,19.938092825654845
2016-01-08,20.02966282135143
2016-01-11,19.18139950560067
2016-01-12,19.3182819570818
2016-01-13,18.939129991073703
2016-01-14,19.347451179495387
2016-01-15,19.0284429437912
2016-01-18,19.266495161845352
2016-01-19,19.664614262552014
2016-01-20,19.60906840503788
2016-01-21,19.32524855471428
2016-01-22,19.522707478690325
2016-01-25,19.62264727116546
2016-01-26,18.811747250708287
2016-01-27,18.793272144475274
2016-01-28,18.43229623923393
2016-01-29,18.843995798681988
2016-02-01,18.829090273762287
2016-02-02,19.009147191873744
2016-02-03,19.054902985804226
2016-02-04,19.14982439719083
2016-02-05,19.100701474682865
2016-02-15,19.08688048313097
2016-02-16,19.322780809002015
2016-02-17,19.362067623516104
2016-02-18,19.377967818793458
2016-02-19,19.39972552566684
2016-02-22,19.52241546261332
2016-02-23,19.453560651581487
2016-02-24,19.437694179549403
2016-02-25,18.999779702518047
2016-02-26,19.013803526879233
2016-02-29,18.705049608917445
2016-03-01,18.811677584008752
2016-03-02,19.041057024520565
2016-03-03,19.040020095912954
2016-03-04,18.80864640643978
2016-03-07,18.926107015908784
2016-03-08,19.02119461987258
2016-03-09,18.911618761879584
2016-03-10,18.827862130395115
2016-03-11,18.855296870730882
2016-03-14,19.06602469709061
2016-03-15,19.06308902966625
2016-03-16,19.018341095456893
2016-03-17,19.206596266149386
2016-03-18,19.386483847228096
2016-03-21,19.520948134284026
2016-03-22,19.505667269740087
2016-03-23,19.56012589341765
2016-03-24,19.53598911368781
2016-03-25,19.580775007849752
2016-03-28,19.504951875167407
2016-03-29,19.3761784449588
2016-03-30,19.62832501328374
2016-03-31,19.64262876616002
2016-04-01,19.636829867350446
2016-04-05,19.806105104414296
2016-04-06,19.859384243673162
2016-04-07,19.778899666459765
2016-04-08,19.753824829979827
2016-04-11,19.856501047201455
2016-04-12,19.821261522925948
2016-04-13,19.903064285650878
2016-04-14,19.95648115743972
2016-04-15,19.961270596160094
2016-04-18,19.882934466261602
2016-04-19,19.908120795573154
2016-04-20,19.669357902149095
2016-04-21,19.652092807898427
2016-04-22,19.69726835009532
2016-04-25,19.712067131919717
2016-04-26,19.77900326774707
2016-04-27,19.770943139144123
2016-04-28,19.773253450208255
2016-04-29,19.8064427514213
2016-05-03,20.02009709478753
2016-05-04,20.027166350527704
2016-05-05,20.125564271507056
2016-05-06,19.84080732218633
2016-05-09,19.498771184485953
2016-05-10,19.50535123582578
2016-05-11,19.473524641862756
2016-05-12,19.39485350354935
2016-05-13,19.403703439580575
2016-05-16,19.531363841026074
2016-05-17,19.49471016421779
2016-05-18,19.230196012800622
2016-05-19,19.280801778677212
2016-05-20,19.3443382870716
2016-05-23,19.549522516467384
2016-05-24,19.539233227976926
2016-05-25,19.545500043052776
2016-05-26,19.592583551631286
2016-05-27,19.61257049804584
2016-05-30,19.594059387730166
2016-05-31,19.875767214295326
2016-06-01,19.891095387309164
2016-06-02,19.94796865535183
2016-06-03,20.01848045931612
2016-06-06,20.0445865817764
2016-06-07,20.06506872252567
2016-06-08,20.12987942180353
2016-06-13,19.726676263495612
2016-06-14,19.731550979643306
2016-06-15,20.002947754171977
2016-06-16,20.0334477363601
2016-06-17,20.151480234546632
2016-06-20,20.27812546627887
2016-06-21,20.19130729044237
2016-06-22,20.417785460191663
2016-06-23,20.406955532283096
2016-06-24,20.35097488535992
2016-06-27,20.60353166513371
2016-06-28,20.73282308945072
2016-06-29,20.76487807801944
2016-06-30,20.772521165113695
2016-07-01,20.646828310588976
2016-07-04,20.86355169711206
2016-07-05,20.90743455462438
2016-07-06,21.05502217768076
2016-07-07,21.02737818774141
2016-07-08,21.03670393717587
2016-07-11,20.9861992824867
2016-07-12,21.15899996199865
2016-07-13,21.141466099268865
2016-07-14,21.16695008865056
2016-07-15,21.131456810257706
2016-07-18,21.10478471362142
2016-07-19,21.14815881368847
2016-07-20,21.20765213543014
2016-07-21,21.25370042245264
2016-07-22,21.06554030939966
2016-07-25,21.051538427227978
2016-07-26,21.215554238908442
2016-07-27,20.664826281414985
2016-07-28,20.71319582251647
2016-07-29,20.68768762776233
2016-08-01,20.528024038235696
2016-08-02,20.637254924092034
2016-08-03,20.672081995179557
2016-08-04,20.681084125329
2016-08-05,20.579665569363346
2016-08-08,20.740970121849042
2016-08-09,20.878579225131514
2016-08-10,20.85668182603136
2016-08-11,20.625388840820136
2016-08-12,20.771012452928982
2016-08-15,21.117285867399346
2016-08-16,21.26490452857049
2016-08-17,21.233171052568768
2016-08-18,21.27562391557321
2016-08-19,21.51103337347494
2016-08-22,21.418140427903346
2016-08-23,21.45216425603864
2016-08-24,21.61510040891589
2016-08-25,21.6820128479476
2016-08-26,21.786923066333628
2016-08-29,21.943387337143843
2016-08-30,21.920301319206363
2016-08-31,22.06007552904764
2016-09-01,21.929647790200562
2016-09-02,22.107088163230216
2016-09-05,22.093266200350705
2016-09-06,22.358894473921833
2016-09-07,22.34175345317016
2016-09-08,22.51229681283442
2016-09-09,22.284268142021272
2016-09-12,21.730606862741762
2016-09-13,21.84285139450838
2016-09-14,21.712834674348994
2016-09-19,21.936382226808327
2016-09-20,21.872463161515746
2016-09-21,21.967432812850202
2016-09-22,22.117000595307104
2016-09-23,22.202285474131564
2016-09-26,21.79175000391019
2016-09-27,21.957064275526726
2016-09-28,22.012094566282066
2016-09-29,22.142820784778763
2016-09-30,22.168518499123575
2016-10-10,22.54603537541586
2016-10-11,22.64237984207821
2016-10-12,22.78568892813991
2016-10-13,22.791339024208
2016-10-14,22.80591976452442
2016-10-17,22.75802617973495
2016-10-18,23.064349912661704
2016-10-19,22.967017615932026
2016-10-20,23.053495315237935
2016-10-21,22.947772951685653
2016-10-24,23.05556292081981
2016-10-25,23.18780420287364
2016-10-26,23.05434269074942
2016-10-27,23.10560979964464
2016-10-28,23.050762207283018
2016-10-31,23.157346984876696
2016-11-01,23.524941929367646
2016-11-02,23.375605109284745
2016-11-03,23.467527747311816
2016-11-04,23.56995667879993
2016-11-07,23.52331754085946
2016-11-08,23.6201816879461
2016-11-09,23.431537923833915
2016-11-10,23.93343151195569
2016-11-11,24.181769106440136
2016-11-14,24.30545609789558
2016-11-15,24.391031774795184
2016-11-16,24.39373368538002
2016-11-17,24.45563435747507
2016-11-18,24.59335927245943
2016-11-21,24.934234325826225
2016-11-22,25.216339546134076
2016-11-23,24.91560153403905
2016-11-24,24.687578565371865
2016-11-25,24.779453723421348
2016-11-28,24.595224145939945
2016-11-29,24.41164804014961
2016-11-30,24.401852267603783
2016-12-01,24.625003504901617
2016-12-02,24.3941422175532
2016-12-05,24.413238289018064
2016-12-06,24.45659280469655
2016-12-07,24.722650819434104
2016-12-08,24.716006302252577
2016-12-09,24.571604790817865
2016-12-12,23.369986986270117
2016-12-13,23.444116692347592
2016-12-14,23.211386655241764
2016-12-15,23.380873351176987
2016-12-16,23.684225101310894
2016-12-19,23.81138842814074
2016-12-20,23.629606414505595
2016-12-21,23.832402126897467
2016-12-22,24.010112966373654
2016-12-23,23.556875644832182
2016-12-26,23.69812561610013
2016-12-27,23.81000098839643
2016-12-28,23.75306272843313
2016-12-29,23.59909861209148
2016-12-30,23.616169158897712
2017-01-03,23.741199601262725
2017-01-04,23.852434683876275
2017-01-05,23.738709671709856
2017-01-06,23.689451093517597
2017-01-09,23.77881772623371
2017-01-10,23.72492741108114
2017-01-11,23.48874084466825
2017-01-12,23.345798222547234
2017-01-13,22.9571655733338
2017-01-16,22.342843219663926
2017-01-17,22.574533823834898
2017-01-18,22.37636210554673
2017-01-19,22.32292076986117
2017-01-20,22.590850553703994
2017-01-23,22.75309782212643
2017-01-24,22.677594920694002
2017-01-25,22.73379980103505
2017-01-26,22.813306725207863
2017-02-03,22.70276340000327
2017-02-06,22.90587384676459
2017-02-07,22.868231785088557
2017-02-08,22.930456861691173
2017-02-09,23.17897628606812
2017-02-10,23.127353616277396
2017-02-13,23.2575174114154
2017-02-14,23.216387069326387
2017-02-15,23.11462042678183
2017-02-16,23.18587554482158
2017-02-17,23.066428693442678
2017-02-20,23.237112009924793
2017-02-21,23.351096851920836
2017-02-22,23.466053810733865
2017-02-23,23.528512759370265
2017-02-24,23.560241721983118
2017-02-27,23.47110768992145
2017-02-28,23.535773991922774
2017-03-01,23.60177285817492
2017-03-02,23.603890344582446
2017-03-03,23.7075101513216
2017-03-06,23.986255930893787
2017-03-07,24.026498287355004
2017-03-08,23.92538886199458
2017-03-09,23.827771402266016
2017-03-10,23.93536624752318
2017-03-13,24.123161049755527
2017-03-14,24.212449398708728
2017-03-15,24.380803019482038
2017-03-16,24.74495742112411
2017-03-17,24.57137039252975
2017-03-20,24.7166306163203
2017-03-21,24.919178565802287
2017-03-22,24.76792474520242
2017-03-23,24.889714809660337
2017-03-24,24.924987195535643
2017-03-27,24.920512151484374
2017-03-28,24.947807861615683
2017-03-29,24.69047368143939
2017-03-30,24.25732189266503
2017-03-31,24.505546673317273
2017-04-05,24.743602069875685
2017-04-06,24.854436426501497
2017-04-07,24.746965479818048
2017-04-10,24.471650657233127
2017-04-11,24.501320114527367
2017-04-12,24.39348290408857
2017-04-13,24.40333352649739
2017-04-14,24.13549636343357
2017-04-17,23.79695472562001
2017-04-18,23.69827890096515
2017-04-19,23.313618168478285
2017-04-20,23.199389766078124
2017-04-21,23.13530244283222
2017-04-24,22.73355755001201
2017-04-25,22.79742327702667
2017-04-26,22.805975277633276
2017-04-27,22.80026286244743
2017-04-28,22.930291797309305
2017-05-02,22.884492580499455
2017-05-03,22.951139563552648
2017-05-04,22.921695020549226
2017-05-05,22.872269798315255
2017-05-08,22.73334048776395
2017-05-09,22.747436159973677
2017-05-10,22.638264712004098
2017-05-11,22.58614067817515
2017-05-12,22.5584745159704
2017-05-15,22.552653031868722
2017-05-16,22.735174479282634
2017-05-17,22.77311361178464
2017-05-18,22.699169498047244
2017-05-19,22.645297426615983
2017-05-22,22.442964244733634
2017-05-23,22.046326935779845
2017-05-24,22.12197240549765
2017-05-25,22.133452256667095
2017-05-26,22.16716250038627
2017-05-31,22.17860225098022
2017-06-01,21.917681753458062
2017-06-02,22.005126051405046
2017-06-05,22.05064142033671
2017-06-06,22.092210697513636
2017-06-07,22.32520436789588
2017-06-08,22.350005687400266
2017-06-09,22.352924995277277
2017-06-12,22.231867538649293
2017-06-13,22.36174993713546
2017-06-14,22.375172465559583
2017-06-15,22.514527658748666
2017-06-16,22.50622581958811
2017-06-19,22.520210972283294
2017-06-20,22.51781290092964
2017-06-21,22.482827298337153
2017-06-22,22.382844669595663
2017-06-23,22.39229066303024
2017-06-26,22.48019354550492
2017-06-27,22.500932477857173
2017-06-28,22.486682174470236
2017-06-29,22.523484077110375
2017-06-30,22.563412247005825
2017-07-03,22.61437050864929
2017-07-04,22.59567725782436
2017-07-05,22.68823449510012
2017-07-06,22.651561659685655
2017-07-07,22.7290213307061
2017-07-10,22.62456013782887
2017-07-11,22.54484805722388
2017-07-12,22.474492785637366
2017-07-13,22.50004702286926
2017-07-14,22.440184046623333
2017-07-17,22.030204581526828
2017-07-18,22.064011795904378
2017-07-19,22.176638964998695
2017-07-20,22.227596008366405
2017-07-21,22.183492327782663
2017-07-24,22.231429417350537
2017-07-25,22.1639932180876
2017-07-26,22.163248275346554
2017-07-27,22.350114099858946
2017-07-28,22.320189725816544
2017-07-31,22.386377220279183
2017-08-01,22.406353208834833
2017-08-02,22.251044722090068
2017-08-03,22.234238504642168
2017-08-04,22.141670051935503
2017-08-07,22.17651835636226
2017-08-08,22.191303928018964
2017-08-09,22.206472901831127
2017-08-10,22.186507707449966
2017-08-11,22.114800807393443
2017-08-14,22.294295486394613
2017-08-15,22.405977866289188
2017-08-16,22.51024616709038
2017-08-17,22.604051568986254
2017-08-18,22.53920873988351
2017-08-21,22.572180028456884
2017-08-22,22.613562886424255
2017-08-23,22.61955367327699
2017-08-24,22.57121837640097
2017-08-25,22.668548209085788
2017-08-28,22.910482252151347
2017-08-29,22.915342061308333
2017-08-30,22.926813304264467
2017-08-31,23.08006937330956
2017-09-01,23.062331431367102
2017-09-04,23.298922078882057
2017-09-05,23.377057575114524
2017-09-06,23.337108691958
2017-09-07,23.3276490314048
2017-09-08,23.271167594400342
2017-09-11,23.47172328019892
2017-09-12,23.29813518586211
2017-09-13,23.273628155581356
2017-09-14,23.243088317025048
2017-09-15,23.278948609877645
2017-09-18,23.399836589628006
2017-09-19,23.380438732850237
2017-09-20,23.518933357684254
2017-09-21,23.384136431467777
2017-09-22,23.35142067574255
2017-09-25,23.17763168868573
2017-09-26,23.039911666778277
2017-09-27,23.24244501436156
2017-09-28,23.155502226175773
2017-09-29,23.326884597455503
2017-10-09,23.57610401244064
2017-10-10,23.94106750551387
2017-10-11,23.960729791826164
2017-10-12,23.909570422342213
2017-10-13,24.23923933373733
2017-10-16,23.847471379252244
2017-10-17,23.86369145330442
2017-10-18,23.652942706666753
2017-10-19,23.448181939401255
2017-10-20,23.592226196495055
2017-10-23,23.798240412237913
2017-10-24,23.711830323528897
2017-10-25,23.978962241257893
2017-10-26,24.12902106359164
2017-10-27,24.141488739767553
2017-10-30,23.780674409496218
2017-10-31,23.965067085768307
2017-11-01,23.998014099277334
2017-11-02,23.78021239644615
2017-11-03,23.66677311210978
2017-11-06,23.895442464032033
2017-11-07,23.888928167224805
2017-11-08,23.8885086716613
2017-11-09,24.11100469737267
2017-11-10,24.153117537584247
2017-11-13,24.373108338319522
2017-11-14,24.11230548723675
2017-11-15,24.021155707539737
2017-11-16,23.984023845899333
2017-11-17,23.072899968860185
2017-11-20,23.09088851023752
2017-11-21,22.976543333965814
2017-11-22,22.889729692704282
2017-11-23,22.67696933495924
2017-11-24,22.840085175822338
2017-11-27,22.617451699453568
2017-11-28,22.81282844755402
2017-11-29,22.702952624223766
2017-11-30,22.700105979075015
2017-12-01,22.77403470991311
2017-12-04,22.541028283451094
2017-12-05,22.30987556528388
2017-12-06,22.37704866321174
2017-12-07,22.354690229001825
2017-12-08,22.47395442256615
2017-12-11,22.564011309111123
2017-12-12,22.39766328522245
2017-12-13,22.469249158046942
2017-12-14,22.469886671783698
2017-12-15,22.420999710777995
2017-12-18,22.37619762932183
2017-12-19,22.448409592319223
2017-12-20,22.313304950721612
2017-12-21,22.296812190786724
2017-12-22,22.353702689113916
2017-12-25,22.168576016728267
2017-12-26,22.306811908247578
2017-12-27,22.241429299434444
2017-12-28,22.28045062020766
2017-12-29,22.37099622894046
2018-01-02,22.363131804337506
2018-01-03,22.39184782168371
2018-01-04,22.37712630245621
2018-01-05,22.394324170811693
2018-01-08,22.365885247072743
2018-01-09,22.398497125167143
2018-01-10,22.32518845616518
2018-01-11,22.398460790322886
2018-01-12,22.3503913710072
2018-01-15,22.1759289328597
2018-01-16,22.305354858653253
2018-01-17,22.329153078749954
2018-01-18,22.283142122847597
2018-01-19,22.236212243206104
2018-01-22,22.350345220416138
2018-01-23,22.31607183270226
2018-01-24,22.386996345079872
2018-01-25,22.3560749504967
2018-01-26,22.329970993546787
2018-01-29,22.21270110252864
2018-01-30,22.186024189016564
2018-01-31,22.01293956320683
2018-02-01,21.723213113629463
2018-02-02,21.676518202333572
2018-02-05,21.543709072446784
2018-02-06,21.060992330755294
2018-02-07,21.119944086619242
2018-02-08,21.25790827259525
2018-02-09,21.068533995988876
2018-02-12,21.31605900906641
2018-02-13,21.26644885952255
2018-02-14,21.28219856371995
2018-02-22,21.467808961372125
2018-02-23,21.560329429296278
2018-02-26,21.85743792025782
2018-02-27,21.94176151460542
2018-02-28,21.964684332894194
2018-03-01,22.056843424330133
2018-03-02,22.015045428700347
2018-03-05,22.069951152535914
2018-03-06,22.191599336562586
2018-03-07,22.14096451141434
2018-03-08,22.29593147926457
2018-03-09,22.460255570218685
2018-03-12,22.520402458470848
2018-03-13,22.448897650898036
2018-03-14,22.400873531157597
2018-03-15,22.28962427597647
2018-03-16,22.336683498005737
2018-03-19,22.40721018997533
2018-03-20,22.43787989218569
2018-03-21,22.378177111722934
2018-03-22,22.39023634886626
2018-03-23,22.084494124061997
2018-03-26,22.279516371220666
2018-03-27,22.484645641433392
2018-03-28,22.46068305861318
2018-03-29,22.599102375876996
2018-03-30,22.802731421700027
2018-04-02,22.827193534569766
2018-04-03,22.815504461648445
2018-04-04,22.841468584626725
2018-04-09,22.850682950741945
2018-04-10,22.905342547457522
2018-04-11,22.995795603343556
2018-04-12,23.043931300264102
2018-04-13,23.035748592875017
2018-04-16,22.97836002504157
2018-04-17,22.84975998489219
2018-04-18,22.930344769798392
2018-04-19,22.884018151187583
2018-04-20,22.688025719398727
2018-04-23,22.662834857095245
2018-04-24,22.83954717507347
2018-04-25,22.90233573383804
2018-04-26,22.732967005810128
2018-04-27,22.79285957791797
2018-05-02,22.75312907177178
2018-05-03,22.821383651397053
2018-05-04,22.82334286583653
2018-05-07,22.927407991871
2018-05-08,22.963414764335386
2018-05-09,22.989443083894507
2018-05-10,23.062858161409675
2018-05-11,22.960583055545055
2018-05-14,22.923765652778894
2018-05-15,22.993881643996808
2018-05-16,22.924275712638902
2018-05-17,22.9244168357721
2018-05-18,22.94337974670195
2018-05-21,23.02650658167895
2018-05-22,23.035969158158874
2018-05-23,23.040552839431005
2018-05-24,22.996110236707498
2018-05-25,22.983449043122867
2018-05-28,22.8900643723933
2018-05-29,22.829997912670976
2018-05-30,22.604874364011728
2018-05-31,22.700506683011877
2018-06-01,22.624773706062005
2018-06-04,22.65899646419714
2018-06-05,22.7236207422275
2018-06-06,22.749518204662827
2018-06-07,22.67782971589319
2018-06-08,22.61272506561972
2018-06-11,22.59863875999731
2018-06-12,22.622941924198585
2018-06-13,22.529075041679356
2018-06-14,22.479794147018445
2018-06-15,22.337689001385783
2018-06-19,21.936428372809093
2018-06-20,21.991725604965453
2018-06-21,21.853322541763756
2018-06-22,21.90520782046815
2018-06-25,21.858941556904508
2018-06-26,21.930134775550833
2018-06-27,21.902810836220866
2018-06-28,21.85527845953243
2018-06-29,21.98619436483618
2018-07-02,21.888881759751023
2018-07-03,21.96787064257975
2018-07-04,21.90456151513344
2018-07-05,21.791423869079964
2018-07-06,21.792725558307314
2018-07-09,21.894082835373027
2018-07-10,21.970394293031447
2018-07-11,21.83841612670428
2018-07-12,21.955968438260644
2018-07-13,21.927747754805722
2018-07-16,21.94393860632395
2018-07-17,21.975882746588184
2018-07-18,21.96798740067594
2018-07-19,21.979028285072648
2018-07-20,22.00624016812171
2018-07-23,22.041695087923827
2018-07-24,22.08711918423514
2018-07-25,22.08232081128212
2018-07-26,22.06399688539941
2018-07-27,22.02810059363704
2018-07-30,21.992290776162193
2018-07-31,21.992546251541793
2018-08-01,21.909617163855813
2018-08-02,21.809146334907634
2018-08-03,21.789234084188823
2018-08-06,21.74266739132631
2018-08-07,21.822107034596925
2018-08-08,21.755766542091013
2018-08-09,21.85663456603351
2018-08-10,21.868984728474725
2018-08-13,21.874033538509597
2018-08-14,21.867820826482518
2018-08-15,21.820288103841445
2018-08-16,21.769027131849498
2018-08-17,21.723482899216627
2018-08-20,21.764248467669624
2018-08-21,21.77187880691183
2018-08-22,21.72286962560904
2018-08-23,21.75684939360939
2018-08-24,21.778942096515106
2018-08-27,21.841689927287174
2018-08-28,21.80691370678517
2018-08-29,21.789921739176435
2018-08-30,21.71446279085391
2018-08-31,21.65135368772212
2018-09-03,21.602421529503193
2018-09-04,21.632845336139944
2018-09-05,21.571686147775594
2018-09-06,21.544009713438037
2018-09-07,21.562786073093587
2018-09-10,21.48831423108
2018-09-11,21.48443389148785
2018-09-12,21.47306818994921
2018-09-13,21.505757987730664
2018-09-14,21.477027493942312
2018-09-17,21.380666581634323
2018-09-18,21.44500710468986
2018-09-19,21.478325223801267
2018-09-20,21.45358477762874
2018-09-21,21.49783823767373
2018-09-25,21.513972944640905
2018-09-26,21.541440725698145
2018-09-27,21.454875783911575
2018-09-28,21.498542621024495
2018-10-08,21.36044147470089
2018-10-09,21.37180165309035
2018-10-10,21.410610011943664
2018-10-11,21.144902864840702
2018-10-12,21.20577747806212
2018-10-15,21.19065225757739
2018-10-16,21.147749267005793
2018-10-17,21.17253915263256
2018-10-18,21.107261609875177
2018-10-19,21.158319773716997
2018-10-22,21.34637748911628
2018-10-23,21.287744701370553
2018-10-24,21.287953953616782
2018-10-25,21.290533082119936
2018-10-26,21.301214320526316
2018-10-29,21.26295053222097
2018-10-30,21.313536750369828
2018-10-31,21.373189670363686
2018-11-01,21.331490823717793
2018-11-02,21.42208294262945
2018-11-05,21.424423536016484
2018-11-06,21.43020163771434
2018-11-07,21.410333221833312
2018-11-08,21.394028183817852
2018-11-09,21.387143938895157
2018-11-12,21.517475842193345
2018-11-13,21.581667023503055
2018-11-14,21.598346179917808
2018-11-15,21.72476118582488
2018-11-16,21.757252806882736
2018-11-19,21.772925718016033
2018-11-20,21.680350496056473
2018-11-21,21.73119104450217
2018-11-22,21.758655319933105
2018-11-23,21.62180658125794
2018-11-26,21.574373946372255
2018-11-27,21.610749130516744
2018-11-28,21.663888842536686
2018-11-29,21.55987818143805
2018-11-30,21.628588556282132
2018-12-03,21.732047967692544
2018-12-04,21.770092804596278
2018-12-05,21.753672286775576
2018-12-06,21.716536243084253
2018-12-07,21.717494020951023
2018-12-10,21.67981279570879
2018-12-11,21.69425286882092
2018-12-12,21.7369851398162
2018-12-13,21.770519224230544
2018-12-14,21.696323710575093
2018-12-17,21.704584637565848
2018-12-18,21.664213901036714
2018-12-19,21.61641907318923
2018-12-20,21.67133619505409
2018-12-21,21.667663110182758
2018-12-24,21.737897315962073
2018-12-25,21.714021271074454
2018-12-26,21.723576024128153
2018-12-27,21.703404375197
2018-12-28,21.69932918805038
2019-01-02,21.667601056876325
2019-01-03,21.677869503720324
2019-01-04,21.76609557768952
2019-01-07,21.860330394979574
2019-01-08,21.835673235018152
2019-01-09,21.829496699863185
2019-01-10,21.827192356604503
2019-01-11,21.855318777317635
2019-01-14,21.855728919722793
2019-01-15,21.876932957283294
2019-01-16,21.889081526545585
2019-01-17,21.833283724297218
2019-01-18,21.855240006866868
2019-01-21,21.872985864406363
2019-01-22,21.874056191374255
2019-01-23,21.886494520982204
2019-01-24,21.910237431623234
2019-01-25,21.884211289717705
2019-01-28,21.853224377573188
2019-01-29,21.78189071909834
2019-01-30,21.725175691383914
2019-01-31,21.653404150901434
2019-02-01,21.699123265125383
2019-02-11,21.772256784706325
2019-02-12,21.81889401595549
2019-02-13,21.881070855531014
2019-02-14,21.89681289435774
2019-02-15,21.904330175166614
2019-02-18,22.0027386752658
2019-02-19,22.01995900177932
2019-02-20,22.02062033130029
2019-02-21,21.996016367811713
2019-02-22,22.073215771106497
2019-02-25,22.230599608238478
2019-02-26,22.2167883959217
2019-02-27,22.233075260718937
2019-02-28,22.45553328611564
2019-03-01,22.41792760904558
2019-03-04,22.540404952337532
2019-03-05,22.728393035589093
2019-03-06,22.990516544118947
2019-03-07,23.186577454426224
2019-03-08,22.682729414889796
2019-03-11,23.04296233809414
2019-03-12,23.23870792979888
2019-03-13,23.110194415600095
2019-03-14,22.880033411304517
2019-03-15,23.045352804486278
2019-03-18,23.411048061091904
2019-03-19,23.438277943508538
2019-03-20,23.54864638426428
2019-03-21,23.57721372463707
2019-03-22,23.72888188691015
2019-03-25,23.71728556471728
2019-03-26,23.466447072421794
2019-03-27,23.624624763849766
2019-03-28,23.51264179191096
2019-03-29,23.73463153756747
2019-04-01,24.08915560309217
2019-04-02,24.116239491242947
2019-04-03,24.338760339617576
2019-04-04,24.416728562697763
2019-04-08,24.280857060599264
2019-04-09,24.315926690000644
2019-04-10,24.409576523786903
2019-04-11,24.070510748607603
2019-04-12,24.20373881186616
2019-04-15,24.097635535264512
2019-04-16,24.183605459874762
2019-04-17,24.254723727759153
2019-04-18,24.301656588218826
2019-04-19,24.516180382356087
2019-04-22,24.361239563628278
2019-04-23,24.223977020218072
2019-04-24,24.443921567318267
2019-04-25,24.07809503657381
2019-04-26,23.92901043548727
2019-04-29,23.728513961061946
2019-04-30,23.958473930055355
2019-05-06,22.860684307638007
2019-05-07,23.08313704610954
2019-05-08,23.106506895508357
2019-05-09,23.08451883334727
2019-05-10,23.563473236372502
2019-05-13,23.673244555512625
2019-05-14,23.50174595333925
2019-05-15,23.761029652128073
2019-05-16,23.837530677488477
2019-05-17,23.31127450208619
2019-05-20,23.162609102151865
2019-05-21,23.483682305183205
2019-05-22,23.30632219768424
2019-05-23,23.070658263748168
2019-05-24,23.017573218140207
2019-05-27,23.348564406323412
2019-05-28,23.52193469863437
2019-05-29,23.723653290395344
2019-05-30,23.702017988563817
2019-05-31,23.739673948080107
2019-06-03,23.53789204801577
2019-06-04,23.30276193398852
2019-06-05,23.382208603337983
2019-06-06,23.126465363008975
2019-06-10,23.25009329287333
2019-06-11,23.722236144108034
2019-06-12,23.64432872045519
2019-06-13,23.794109473207076
2019-06-14,23.520173246824513
2019-06-17,23.554105817959318
2019-06-18,23.541372129086668
2019-06-19,23.70913134396757
2019-06-20,23.942651945783293
2019-06-21,24.226393172805057
2019-06-24,24.280524354000658
2019-06-25,24.11187830644861
2019-06-26,24.191785586450745
2019-06-27,24.346390589772756
2019-06-28,24.12888149757936
2019-07-01,24.434625523035837
2019-07-02,24.588723157371007
2019-07-03,24.476244865178938
2019-07-04,24.49644446453506
2019-07-05,24.56023520414682
2019-07-08,24.147664024664792
2019-07-09,24.33226244430814
2019-07-10,24.336977098464136
2019-07-11,24.44005140660419
2019-07-12,24.527728385257827
2019-07-15,24.563803691186557
2019-07-16,24.606152375832362
2019-07-17,24.540952720174797
2019-07-18,24.211120876255674
2019-07-19,24.282437264734842
2019-07-22,23.84799429685606
2019-07-23,24.008002770683277
2019-07-24,24.15684790588462
2019-07-25,24.201391216980117
2019-07-26,24.237298281667425
2019-07-29,24.31273738466914
2019-07-30,24.38091758745347
2019-07-31,24.32021405913648
2019-08-01,24.33050748782791
2019-08-02,24.005251899541044
2019-08-05,23.8030582372304
2019-08-06,23.391211468626416
2019-08-07,23.35572920120469
2019-08-08,23.41043590935112
2019-08-09,23.208220845525577
2019-08-12,23.4561392953922
2019-08-13,23.365709322269982
2019-08-14,23.39843560866784
2019-08-15,23.40128082279769
2019-08-16,23.593853055881087
2019-08-19,23.9791916047209
2019-08-20,23.93059073068461
2019-08-21,23.937955152441752
2019-08-22,24.068373649421
2019-08-23,24.020283407482527
2019-08-26,23.979437914207924
2019-08-27,24.21206989547118
2019-08-28,24.203081328508997
2019-08-29,24.131661653223137
2019-08-30,23.888441992116615
2019-09-02,24.160998545957753
2019-09-03,24.209479162791173
2019-09-04,24.330131204533224
2019-09-05,24.398150036122747
2019-09-06,24.515697237359646
2019-09-09,24.827812689367565
2019-09-10,24.88034439248148
2019-09-11,24.78573645452132
2019-09-12,24.93728233371138
2019-09-16,24.98155339806223
2019-09-17,24.63930638343759
2019-09-18,24.75846372829593
2019-09-19,24.98714606242176
2019-09-20,25.063083482599925
2019-09-23,25.00295417582474
2019-09-24,24.92110690568679
2019-09-25,24.6850197240103
2019-09-26,24.27140683134454
2019-09-27,24.448964974215
2019-09-30,24.479777889787652
2019-10-08,24.528341865087565
2019-10-09,24.62933829606
2019-10-10,24.877990874680115
2019-10-11,24.923329021579605
2019-10-14,25.23092176907397
2019-10-15,25.258095123595712
2019-10-16,25.14858459859468
2019-10-17,25.055161177522635
2019-10-18,24.962880571397253
2019-10-21,24.805144494364544
2019-10-22,24.976790317306026
2019-10-23,24.891476683723855
2019-10-24,24.99073403963622
2019-10-25,25.185608541888325
2019-10-28,25.302291059007445
2019-10-29,25.068087622208147
2019-10-30,24.949678342933474
2019-10-31,24.896877482907136
2019-11-01,24.979297996173205
2019-11-04,24.95251248119877
2019-11-05,24.988764783903868
2019-11-06,24.949536208365846
2019-11-07,24.965468418157766
2019-11-08,24.945935829328658
2019-11-11,24.658912698895744
2019-11-12,24.659799453195497
2019-11-13,24.661227371104097
2019-11-14,24.723542832840423
2019-11-15,24.558083671164756
2019-11-18,24.58928863440666
2019-11-19,24.714906665788682
2019-11-20,24.624141868738008
2019-11-21,24.617861855166023
2019-11-22,24.578785389178485
2019-11-25,24.601738909380526
2019-11-26,24.582983994836173
2019-11-27,24.522560289123856
2019-11-28,24.479053663801214
2019-11-29,24.492177706466308
2019-12-02,24.5102733489794
2019-12-03,24.564421126795203
2019-12-04,24.629358107247697
2019-12-05,24.709688898255855
2019-12-06,24.736163351733975
2019-12-09,24.739078918861377
2019-12-10,24.778326162776224
2019-12-11,24.716633675211025
2019-12-12,24.67249358662103
2019-12-13,24.7915657683746
2019-12-16,24.878359163746858
2019-12-17,24.930196058214655
2019-12-18,24.955701543575145
2019-12-19,25.017535155087064
2019-12-20,24.972512417715432
2019-12-23,24.836652324415045
2019-12-24,24.971526360017815
2019-12-25,24.99515081539306
2019-12-26,25.103903838500493
2019-12-27,25.122781567256947
2019-12-30,25.193166280705242
2019-12-31,25.194781336163604
2020-01-02,25.355327244442332
2020-01-03,25.432645129801344
2020-01-06,25.505100553197618
2020-01-07,25.73240987792328
2020-01-08,25.60904601054841
2020-01-09,25.76624474307277
2020-01-10,25.770821858250716
2020-01-13,25.99237430954515
2020-01-14,26.040211264065316
2020-01-15,26.059465709350512
2020-01-16,25.902043835054066
2020-01-17,25.901265517266804
2020-01-20,25.996550628090695
2020-01-21,25.899164630232946
2020-01-22,25.78905600172952
2020-01-23,25.307407214488386
2020-02-03,23.621762441977786
2020-02-04,23.45206351037846
2020-02-05,23.818811832781
2020-02-06,24.12826647612977
2020-02-07,24.227150676483355
2020-02-10,24.497209079988842
2020-02-11,24.435192929374818
2020-02-12,24.704347848356825
2020-02-13,24.466882495409024
2020-02-14,24.36217760391311
2020-02-17,24.91851741339348
2020-02-18,25.098976698583453
2020-02-19,25.134467807131113
2020-02-20,25.457429703528916
2020-02-21,25.62035510771048
2020-02-24,25.892603190208977
2020-02-25,25.691039036106968
2020-02-26,25.6093452184554
2020-02-27,25.88697687293881
2020-02-28,25.056730910051527
2020-03-02,25.684062288607148
2020-03-03,25.896626264375193
2020-03-04,26.207523052787888
2020-03-05,26.536906890247614
2020-03-06,26.593421910262244
2020-03-09,26.239018828282187
2020-03-10,26.606792767633515
2020-03-11,26.63929285644675
2020-03-12,26.29353187095413
2020-03-13,26.1298538159717
2020-03-16,25.67833333046205
2020-03-17,25.676061674984048
2020-03-18,25.459943717568123
2020-03-19,25.662388375438887
2020-03-20,25.998011996764188
2020-03-23,25.484432125796342
2020-03-24,25.818290854613952
2020-03-25,26.189448306910116
2020-03-26,25.96385122486394
2020-03-27,26.086107463333907
2020-03-30,25.738870431213126
2020-03-31,25.740601821506015
2020-04-01,25.65876132359258
2020-04-02,25.747653713116915
2020-04-03,25.72159752828321
2020-04-07,25.965137114498756
2020-04-08,26.04513621687433
2020-04-09,26.086737374123025
2020-04-10,25.995569113360272
2020-04-13,26.016261412902043
2020-04-14,26.055047507179893
2020-04-15,26.026965417775727
2020-04-16,26.018756424488092
2020-04-17,26.112589188191958
2020-04-20,26.203034774809332
2020-04-21,26.230460593616808
2020-04-22,26.289450192122068
2020-04-23,26.305188219292845
2020-04-24,26.266103879126003
2020-04-27,26.232750027853253
2020-04-28,26.050651447586265
2020-04-29,26.061725860865838
2020-04-30,26.14073833911115
2020-05-06,26.08303052721374
2020-05-07,26.196076313149224
2020-05-08,26.396258242474122
2020-05-11,26.41595985641927
2020-05-12,26.336097185716326
2020-05-13,26.543793762556383
2020-05-14,26.437617779790443
2020-05-15,26.371109432548845
2020-05-18,26.35306985607928
2020-05-19,26.537172796323915
2020-05-20,26.362618669190738
2020-05-21,26.326888501052842
2020-05-22,26.184782556718186
2020-05-25,26.328147320420335
2020-05-26,26.630562835805662
2020-05-27,26.713356655822885
2020-05-28,26.603965073942856
2020-05-29,26.73121771923379
2020-06-01,27.052951265278885
2020-06-02,27.258145033275504
2020-06-03,27.31175780030482
2020-06-04,27.650388720131104
2020-06-05,27.764126331062716
2020-06-08,27.767437665681943
2020-06-09,27.82574911247196
2020-06-10,27.782210642723893
2020-06-11,27.696295928989187
2020-06-12,27.584687027258127
2020-06-15,27.45560063867388
2020-06-16,27.600284160410524
2020-06-17,27.807296582108748
2020-06-18,27.827707154760308
2020-06-19,27.93408847483583
2020-06-22,27.946563265648336
2020-06-23,27.886442925693224
2020-06-24,27.8107902189058
2020-06-29,27.762398200395214
2020-06-30,27.964080193113865
2020-07-01,27.968735318914543
2020-07-02,28.172186520735572
2020-07-03,28.344298671457146
2020-07-06,28.993036505518596
2020-07-07,29.14915299499388
2020-07-08,29.73242246808856
2020-07-09,30.276213164329956
2020-07-10,30.060341945647874
2020-07-13,30.76092377023337
2020-07-14,30.849454649984605
2020-07-15,30.385532467870615
2020-07-16,29.710695865579837
2020-07-17,29.771822661737804
2020-07-20,30.69077002415039
2020-07-21,30.759089727056544
2020-07-22,30.735934670384058
2020-07-23,30.616226190269114
2020-07-24,29.832869572597268
2020-07-27,29.666564691059655
2020-07-28,29.877958853472386
2020-07-29,30.219422078106398
2020-07-30,30.409578189783197
2020-07-31,30.58067945360247
2020-08-03,31.065143237841422
2020-08-04,31.044425505964472
2020-08-05,31.176638632069125
2020-08-06,31.180434784331116
2020-08-07,31.046471914993667
2020-08-10,31.605016157997
2020-08-11,31.290933005389373
2020-08-12,31.060804158608928
2020-08-13,31.357487220784318
2020-08-14,31.76796502167444
2020-08-17,32.223994825209495
2020-08-18,32.42736220053647
2020-08-19,32.2596949630831
2020-08-20,32.322780395220306
2020-08-21,32.7010465871172
2020-08-24,32.83952251055464
2020-08-25,33.118640026221
2020-08-26,32.97756930912253
2020-08-27,33.08616966681937
2020-08-28,33.267029902757486
2020-08-31,33.09870610185985
2020-09-01,33.46991579176728
2020-09-02,33.64544235001426
2020-09-03,33.51151765812659
2020-09-04,33.64642367558544
2020-09-07,33.45020562747021
2020-09-08,33.80465985013268
2020-09-09,33.19977242283956
2020-09-10,31.90135827133237
2020-09-11,32.21584279653483
2020-09-14,32.656964480970494
2020-09-15,32.57415950701152
2020-09-16,32.49669465383833
2020-09-17,32.670569618058934
2020-09-18,32.9231850714077
2020-09-21,32.87787391453496
2020-09-22,32.40158477328165
2020-09-23,32.79701912316893
2020-09-24,32.10133421218333
2020-09-25,32.19323676821196
2020-09-28,31.376455101178976
2020-09-29,31.420669063347866
2020-09-30,31.379879479560277
2020-10-09,31.899927111776737
2020-10-12,32.497628526127514
2020-10-13,32.441721713087695
2020-10-14,32.348069261809876
2020-10-15,32.472360847973306
2020-10-16,32.54334825314011
2020-10-19,32.38397606643402
2020-10-20,32.62659126104934
2020-10-21,32.49836028445946
2020-10-22,32.29559165437936
2020-10-23,32.055423797809325
2020-10-26,32.23569556668791
2020-10-27,32.1207956109219
2020-10-28,32.11631203536736
2020-10-29,32.098914884321466
2020-10-30,31.4141613683635
2020-11-02,31.443121191741263
2020-11-03,31.81859331760338
2020-11-04,31.7800387326061
2020-11-05,32.07067227782993
2020-11-06,31.926323462047737
2020-11-09,32.213136697037115
2020-11-10,32.07191728044675
2020-11-11,31.92457247001515
2020-11-12,32.14495603983226
2020-11-13,32.28998427146431
2020-11-16,32.61895254348597
2020-11-17,32.49266362557267
2020-11-18,32.598114205168194
2020-11-19,32.57706523663946
2020-11-20,32.72625596730984
2020-11-23,32.82267707107557
2020-11-24,32.892329273915074
2020-11-25,32.47306009007562
2020-11-26,32.4600984009271
2020-11-27,32.52142736345302
2020-11-30,32.42353029042876
2020-12-01,32.60033505167813
2020-12-02,32.674672035567525
2020-12-03,32.76503907403328
2020-12-04,32.75753767527898
2020-12-07,32.60267629831686
2020-12-08,32.5165036905862
2020-12-09,32.18377283354456
2020-12-10,32.11974221130697
2020-12-11,31.818545612551535
2020-12-14,31.91658123385099
2020-12-15,31.904851095853218
2020-12-16,31.608021741848074
2020-12-17,31.731995488320525
2020-12-18,31.527967098127004
2020-12-21,31.521761909893705
2020-12-22,31.20330611522998
2020-12-23,31.14803822403314
2020-12-24,30.70975389293607
2020-12-25,30.973353955623836
2020-12-28,30.641047565087433
2020-12-29,30.614324455552484
2020-12-30,30.724606441966102
2020-12-31,30.868579953828203
2021-01-04,30.86759458125373
2021-01-05,30.774532199998568
2021-01-06,30.36803336197354
2021-01-07,29.78140203722164
2021-01-08,29.729818433058647
2021-01-11,29.306436257754154
2021-01-12,29.368893923658817
2021-01-13,28.957869654288192
2021-01-14,29.094174360443912
2021-01-15,29.37399420769629
2021-01-18,29.725280027023114
2021-01-19,29.81570727547054
2021-01-20,29.74952008540236
2021-01-21,29.775159567933432
2021-01-22,29.568948571389697
2021-01-25,29.15628954975847
2021-01-26,29.167180418501186
2021-01-27,29.283376561737864
2021-01-28,29.129417644476856
2021-01-29,28.99701827930269
2021-02-01,29.0409904686379
2021-02-02,29.06574671154047
2021-02-03,28.92789374085572
2021-02-04,28.699288754073606
2021-02-05,28.610619560065135
2021-02-08,28.597572398387236
2021-02-09,28.753474471967955
2021-02-10,28.80330776700848
2021-02-18,29.094498642641817
2021-02-19,29.367187740696007
2021-02-22,29.486613874265988
2021-02-23,29.442508555946443
2021-02-24,29.472140618456944
2021-02-25,29.38550264185809
2021-02-26,29.433167203970132
2021-03-01,29.57024523119545
2021-03-02,29.471871327554553
2021-03-03,29.566529878783143
2021-03-04,29.570076092781907
2021-03-05,29.65404746868237
2021-03-08,29.567675784944118
2021-03-09,29.44977272452202
2021-03-10,29.289620931624487
2021-03-11,29.417923874627608
2021-03-12,29.428347057834408
2021-03-15,29.45019900949842
2021-03-16,29.576473295451716
2021-03-17,29.65366436312685
2021-03-18,29.698875093838407
2021-03-19,29.689374231178327
2021-03-22,29.806243268569528
2021-03-23,29.70579909041864
2021-03-24,29.702901958545763
2021-03-25,29.66226953886215
2021-03-26,29.783155040388593
2021-03-29,29.81911749754104
2021-03-30,29.74695061267892
2021-03-31,29.768932790341072
2021-04-01,29.703544604907535
2021-04-02,29.70588481401126
2021-04-06,29.825304633486738
2021-04-07,29.87222609526252
2021-04-08,29.78742547008385
2021-04-09,29.7767307820527
2021-04-12,29.705821154681665
2021-04-13,29.615645881730405
2021-04-14,29.759820078937462
2021-04-15,29.75455666445463
2021-04-16,29.851507152638156
2021-04-19,29.97009449955897
2021-04-20,29.96105501586996
2021-04-21,29.98200169963051
2021-04-22,30.07747673094021
2021-04-23,30.04317290004383
2021-04-26,29.983504547623692
2021-04-27,29.89066325727228
2021-04-28,29.897106052783588
2021-04-29,29.958377296487555
2021-04-30,29.832956082941752
2021-05-06,29.768933567982987
2021-05-07,29.790725595958538
2021-05-10,29.779673195047625
2021-05-11,29.786539905101332
2021-05-12,29.811013525970925
2021-05-13,29.852763336535336
2021-05-14,29.97545865523216
2021-05-17,29.955673452977056
2021-05-18,30.015247031785623
2021-05-19,30.03980602346546
2021-05-20,29.98195099077657
2021-05-21,30.007532767729813
2021-05-24,29.96535571186785
2021-05-25,30.07316182719755
2021-05-26,30.15173747445408
2021-05-27,30.2287502152804
2021-05-28,30.1549373201414
2021-05-31,30.39978748629101
2021-06-01,30.411672344409315
2021-06-02,30.32028460106413
2021-06-03,30.317304971563242
2021-06-04,30.35045243750615
2021-06-07,30.5816396219073
2021-06-08,30.689467971120955
2021-06-09,30.72390486181589
2021-06-10,30.75553162425811
2021-06-11,30.783403325990808
2021-06-15,30.562940652076918
2021-06-16,30.236988706402162
2021-06-17,30.204220072917625
2021-06-18,30.31892084728095
2021-06-21,30.479683508250066
2021-06-22,30.610530651579392
2021-06-23,30.58027157818605
2021-06-24,30.473978819646323
2021-06-25,30.46965585803139
2021-06-28,30.69582948602901
2021-06-29,30.653677447173788
2021-06-30,30.816212876678318
2021-07-01,30.659091556131987
2021-07-02,30.529470369764905
2021-07-05,30.874697043451818
2021-07-06,30.796653152142778
2021-07-07,30.86428243839378
2021-07-08,30.63730112111323
2021-07-09,30.91617944520458
2021-07-12,31.180275138320262
2021-07-13,31.264106077161838
2021-07-14,31.16229377407218
2021-07-15,30.952899881962846
2021-07-16,30.883720626020825
2021-07-19,30.95898549574213
2021-07-20,31.02391095394876
2021-07-21,31.301145985850905
2021-07-22,31.44381576296353
2021-07-23,31.135773078032976
2021-07-26,30.81577798504349
2021-07-27,30.552772236064907
2021-07-28,30.223503987338447
2021-07-29,30.572700306390395
2021-07-30,30.871252980535253
2021-08-02,31.192533785105354
2021-08-03,31.254081003382176
2021-08-04,31.41112489763162
2021-08-05,31.409146868053316
2021-08-06,31.307695429625447
2021-08-09,31.626179189457545
2021-08-10,31.837695941446146
2021-08-11,32.064841794593015
2021-08-12,32.12534539153258
2021-08-13,32.09933811850184
2021-08-16,32.36511667343853
2021-08-17,31.920565690203233
2021-08-18,32.13550553118925
2021-08-19,32.025110576708556
2021-08-20,31.93801879972934
2021-08-23,32.539511626974544
2021-08-24,32.5316013325431
2021-08-25,32.857663269206505
2021-08-26,32.79335632859796
2021-08-27,32.66179722723958
2021-08-30,32.44687285574961
2021-08-31,32.5306524987775
2021-09-01,32.645114636039125
2021-09-02,32.857335519991025
2021-09-03,32.974603901122556
2021-09-06,33.14115435438829
2021-09-07,33.32421377884732
2021-09-08,33.280276450536796
2021-09-09,33.26088527137501
2021-09-10,33.112134826532476
2021-09-13,33.225968570936494
2021-09-14,32.814557682962004
2021-09-15,32.88242484564541
2021-09-16,32.70774929268374
2021-09-17,32.65623230608053
2021-09-22,32.86501886424696
2021-09-23,32.96872489683029
2021-09-24,32.55540432717563
2021-09-27,31.883650995175522
2021-09-28,31.935510858514736
2021-09-29,31.631924390566166
2021-09-30,31.940558014762264
2021-10-08,32.37201428927717
2021-10-11,32.3872386824053
2021-10-12,32.24399066048083
2021-10-13,32.29125583294642
2021-10-14,32.37265636098716
2021-10-15,32.269193359507014
2021-10-18,32.224537447337724
2021-10-19,32.1360580863366
2021-10-20,32.09790616792524
2021-10-21,31.915160201798667
2021-10-22,31.80958717239712
2021-10-25,31.77023153705809
2021-10-26,31.67500425449067
2021-10-27,31.32700081305747
2021-10-28,31.124715628731746
2021-10-29,31.299066132391097
2021-11-01,31.58467814656508
2021-11-02,31.45716956281696
2021-11-03,31.61846953320897
2021-11-04,31.852207844563292
2021-11-05,31.876713120947795
2021-11-08,31.983126301832442
2021-11-09,32.2148263954402
2021-11-10,32.3795976046081
2021-11-11,32.563150003304294
2021-11-12,32.71930426877643
2021-11-15,33.07755218995445
2021-11-16,33.000402769882825
2021-11-17,33.31327225227862
2021-11-18,33.0121415674664
2021-11-19,33.36551323701904
2021-11-22,33.442760221133945
2021-11-23,33.54102350496855
2021-11-24,33.564272562063536
2021-11-25,33.74945380228852
2021-11-26,33.58858250385575
2021-11-29,33.42988817049034
2021-11-30,33.803937738096685
2021-12-01,33.956669209419644
2021-12-02,33.82180189628533
2021-12-03,33.721530086043686
2021-12-06,33.20817623652133
2021-12-07,33.19969578477608
2021-12-08,33.274109271479
2021-12-09,33.56563994705022
2021-12-10,33.66034000913416
2021-12-13,33.6763760317626
2021-12-14,33.95405903343732
2021-12-15,34.010609830396795
2021-12-16,34.159322925015815
2021-12-17,34.179910723126774
2021-12-20,34.24791802357697
2021-12-21,34.481658675280585
2021-12-22,34.64336022119534
2021-12-23,34.45594467044691
2021-12-24,33.96632399381899
2021-12-27,34.23031657096147
2021-12-28,34.419702807534165
2021-12-29,34.37609894530303
2021-12-30,34.4697687563275
2021-12-31,34.6877282918788
2022-01-04,35.20292275428937
2022-01-05,34.91947022176465
2022-01-06,35.15370421877862
2022-01-07,34.907430347026164
2022-01-10,35.25742546804456
2022-01-11,35.24395936028937
2022-01-12,35.60241082864217
2022-01-13,35.438505529921954
2022-01-14,35.04606161953472
2022-01-17,35.589658548612014
2022-01-18,35.134567293381544
2022-01-19,35.45830162183332
2022-01-20,34.6090593905613
2022-01-21,34.37949242693428
2022-01-24,34.14680860576572
2022-01-25,33.08568369228039
2022-01-26,33.47599285525538
2022-01-27,32.76818988583899
2022-01-28,33.249268310216245
2022-02-07,33.80448218401814
2022-02-08,34.1863475735093
2022-02-09,34.225214956702025
2022-02-10,34.16180956805414
2022-02-11,33.94103155510009
2022-02-14,33.993762986529184
2022-02-15,33.94693684209693
2022-02-16,34.366679289714384
2022-02-17,34.205128732094785
2022-02-18,34.4406870369876
2022-02-21,34.83971308662169
2022-02-22,34.721167828756215
2022-02-23,34.891793417089815
2022-02-24,34.40382317224685
2022-02-25,34.73822050854665
2022-02-28,34.53577956531013
2022-03-01,34.81717074133666
2022-03-02,35.080590687572595
2022-03-03,35.32885636036218
2022-03-04,35.031240472438874
2022-03-07,34.561533421622016
2022-03-08,33.88249323932732
2022-03-09,33.541920111663764
2022-03-10,33.71434054053162
2022-03-11,33.81955003992024
2022-03-14,33.29969201778406
2022-03-15,32.46622337742143
2022-03-16,32.850548283943965
2022-03-17,33.22295350305211
2022-03-18,33.439626345413956
2022-03-21,33.6615654756657
2022-03-22,33.67132152667669
2022-03-23,33.64359967241387
2022-03-24,33.501570860356956
2022-03-25,33.51283556488959
2022-03-28,33.428597794175495
2022-03-29,33.162594235395254
2022-03-30,33.43063774931838
2022-03-31,33.54434529740776
2022-04-01,33.47299389668335
2022-04-06,33.60393616890883
2022-04-07,33.45868652362232
2022-04-08,33.421366831545456
2022-04-11,33.24831773996336
2022-04-12,33.410984035522475
2022-04-13,33.223397904699496
2022-04-14,33.31537222449399
2022-04-15,33.16157085274447
2022-04-18,33.26682207741253
2022-04-19,33.29751948212943
2022-04-20,33.39371994392643
2022-04-21,33.22667559439872
2022-04-22,33.25205497178318
2022-04-25,32.634904880302834
2022-04-26,32.32077433859152
2022-04-27,32.320968067318496
2022-04-28,32.16578308250977
2022-04-29,32.603019678836326
2022-05-05,32.69343222273151
2022-05-06,32.659796900465594
2022-05-09,32.80920305216549
2022-05-10,32.93678243878087
2022-05-11,32.905346686267265
2022-05-12,33.00715705652375
2022-05-13,33.03720973623935
2022-05-16,33.006109631164385
2022-05-17,33.01977262784687
2022-05-18,33.12381783083703
2022-05-19,33.174573166033056
2022-05-20,33.23682687847693
2022-05-23,33.327767347317476
2022-05-24,33.06544677822592
2022-05-25,33.18683325661012
2022-05-26,33.19955399373696
2022-05-27,33.15122765759627
2022-05-30,33.16712601253541
2022-05-31,33.221767604798266
2022-06-01,33.34066235317529
2022-06-02,33.46956307130706
2022-06-06,33.599536980267
2022-06-07,33.54715577314823
2022-06-08,33.46915414403716
2022-06-09,33.332152956472925
2022-06-10,33.373238032035424
2022-06-13,33.36256168805699
2022-06-14,33.33377392776429
2022-06-15,33.32645005613376
2022-06-16,33.38165600739834
2022-06-17,33.39494299665324
2022-06-20,33.52514062974821
2022-06-21,33.53459809972076
2022-06-22,33.448045482036726
2022-06-23,33.56897330516665
2022-06-24,33.66488890697379
2022-06-27,33.773197594252785
2022-06-28,33.85086590026648
2022-06-29,33.699177217952844
2022-06-30,33.76206712305877
2022-07-01,33.71326840695562
2022-07-04,33.71959642198242
2022-07-05,33.52366871937074
2022-07-06,33.47921042933644
2022-07-07,33.366275620419806
2022-07-08,33.64475612894065
2022-07-11,33.57330263015232
2022-07-12,33.34197717257623
2022-07-13,33.62700713439946
2022-07-14,33.892925451748845
2022-07-15,33.602699639689696
2022-07-18,34.247958101039
2022-07-19,34.481446067597524
2022-07-20,34.42763796126621
2022-07-21,34.412829077966045
2022-07-22,34.345156424714084
2022-07-25,34.23340113851443
2022-07-26,34.39845716186293
2022-07-27,34.54539926982098
2022-07-28,34.710085998930964
2022-07-29,34.650529520691514
2022-08-01,34.70637553307369
2022-08-02,33.977742333546196
2022-08-03,33.914666174266735
2022-08-04,34.1255673511898
2022-08-05,34.329550898814475
2022-08-08,34.66642722977867
2022-08-09,34.77104707650459
2022-08-10,34.869302401934746
2022-08-11,35.0374905883303
2022-08-12,34.873750057233615
2022-08-15,34.84245294171838
2022-08-16,35.24934006680149
2022-08-17,35.36717873598114
2022-08-18,35.61876660922016
2022-08-19,35.29291380708093
2022-08-22,35.343795735435414
2022-08-23,35.408755578531355
2022-08-24,34.89821294175892
2022-08-25,34.61693634950907
2022-08-26,34.4988813335219
2022-08-29,34.81297828191146
2022-08-30,34.73113905402099
2022-08-31,34.46351631562627
2022-09-01,34.4093277408517
2022-09-02,34.533244327773374
2022-09-05,34.605855021302695
2022-09-06,34.62178010039309
2022-09-07,34.69681407455641
2022-09-08,34.61131956267855
2022-09-09,34.630267716412
2022-09-13,34.6683950354917
2022-09-14,34.65914094379908
2022-09-15,34.41956850236425
2022-09-16,34.18995781817694
2022-09-19,33.91916217823431
2022-09-20,34.048330826996505
2022-09-21,34.15524240056828
2022-09-22,34.18679564671659
2022-09-23,34.096857610603216
2022-09-26,33.87715288058506
2022-09-27,34.1504411372709
2022-09-28,34.03270220193341
2022-09-29,33.96302451374751
2022-09-30,33.81130484881812
2022-10-10,33.66550123503071
2022-10-11,33.706164727327526
2022-10-12,33.92161216921715
2022-10-13,34.049371356207274
2022-10-14,34.17822887793801
2022-10-17,34.37144321621595
2022-10-18,34.396528073486344
2022-10-19,34.35656587768944
2022-10-20,34.33017055565145
2022-10-21,34.37442860505215
2022-10-24,34.3234459041855
2022-10-25,34.37346623925848
2022-10-26,34.557747205106146
2022-10-27,34.524753833559444
2022-10-28,34.29742784616471
2022-10-31,34.385510510379085
2022-11-01,34.47837687971702
2022-11-02,34.57647755835835
2022-11-03,34.60224159686279
2022-11-04,34.68252802145459
2022-11-07,34.71706059390088
2022-11-08,34.68883351352672
2022-11-09,34.675875627840455
2022-11-10,34.735645562325686
2022-11-11,34.73487402999725
2022-11-14,34.770305954701584
2022-11-15,34.88515323246602
2022-11-16,34.896254150046026
2022-11-17,34.9156601214063
2022-11-18,34.87010381604454
2022-11-21,34.93682147196469
2022-11-22,34.89191675203878
2022-11-23,34.78817980901981
2022-11-24,34.82855011319849
2022-11-25,34.77196489560948
2022-11-28,34.68814208214648
2022-11-29,34.808493085381635
2022-11-30,34.82667019704681
2022-12-01,34.79802438724242
2022-12-02,34.91218684120612
2022-12-05,34.99772144831435
2022-12-06,34.93615918669538
2022-12-07,34.86359181313871
2022-12-08,34.84949601201845
2022-12-09,34.78799461457776
2022-12-12,34.744760074286496
2022-12-13,34.78997906650963
2022-12-14,34.775014582653384
2022-12-15,34.80332263064646
2022-12-16,34.65432236056978
2022-12-19,34.335405027725905
2022-12-20,34.41546348486042
2022-12-21,34.374532101162316
2022-12-22,34.06937751397858
2022-12-23,33.995346850465246
2022-12-26,34.17997626666457
2022-12-27,34.22187966090287
2022-12-28,34.029807575472276
2022-12-29,33.959003873088456
2022-12-30,34.03037605364283
2023-01-03,34.26101851217538
2023-01-04,34.40002375470416
2023-01-05,34.47538938180849
2023-01-06,34.48518910518741
2023-01-09,34.49522347220115
2023-01-10,34.44620038206831
2023-01-11,34.315315286877265
2023-01-12,34.35736260322826
2023-01-13,34.40605650633356
2023-01-16,34.521569458265276
2023-01-17,34.5195692416822
2023-01-18,34.60841121150637
2023-01-19,34.68377801803078
2023-01-20,34.716676701711215
2023-01-30,34.91269497633873
2023-01-31,35.097643886294236
2023-02-01,35.35773282157795
2023-02-02,35.5183452045138
2023-02-03,35.45380172373025
2023-02-06,35.48296744867469
2023-02-07,35.66463581000559
2023-02-08,35.6598576564915
2023-02-09,35.90004102923
2023-02-10,35.93244797002183
2023-02-13,36.30714509966034
2023-02-14,36.39819364658713
2023-02-15,36.48037965305995
2023-02-16,35.91949226971217
2023-02-17,36.094672247329946
2023-02-20,36.22726445979438
2023-02-21,36.329263049836875
2023-02-22,36.48994192565011
2023-02-23,36.476545450919524
2023-02-24,36.55933122487252
2023-02-27,36.25723072257319
2023-02-28,36.531195368220864
2023-03-01,36.65888187424167
2023-03-02,36.58255747696266
2023-03-03,36.5177274025796
2023-03-06,36.589747548924606
2023-03-07,36.125599226738366
2023-03-08,36.41365047823466
2023-03-09,36.92335415385571
2023-03-10,36.74869735621316
2023-03-13,36.639645977166374
2023-03-14,36.195126207573175
2023-03-15,36.52301707238878
2023-03-16,36.18199446649962
2023-03-17,36.340367360943944
2023-03-20,36.267162409526456
2023-03-21,36.777668905154215
2023-03-22,36.94161486888244
2023-03-23,36.81748794860398
2023-03-24,36.754790098181935
2023-03-27,36.68835742997712
2023-03-28,36.46510090153662
2023-03-29,36.27657669747298
2023-03-30,35.93708644542142
2023-03-31,36.15240661054542
2023-04-03,36.22555917417582
2023-04-04,35.60628757293175
2023-04-06,35.473928784217385
2023-04-07,35.58227323098281
2023-04-10,35.44298734783199
2023-04-11,35.23721596823927
2023-04-12,35.50407639244108
2023-04-13,35.476139428562554
2023-04-14,35.51370972326578
2023-04-17,35.60452725739814
2023-04-18,35.37907182652067
2023-04-19,35.144191463986715
2023-04-20,34.84841951739035
2023-04-21,34.50353963816942
2023-04-24,34.398066853027935
2023-04-25,33.90774769993781
2023-04-26,34.302902736648356
2023-04-27,34.32957074229534
2023-04-28,34.9481966104768
2023-05-04,35.48111968752327
2023-05-05,35.292540234659796
2023-05-08,35.35314343679656
2023-05-09,34.91743873040041
2023-05-10,35.11542652372098
2023-05-11,35.529902400177924
2023-05-12,35.5636710008497
2023-05-15,35.82245971161079
2023-05-16,35.872826088367226
2023-05-17,36.42248548410922
2023-05-18,36.44940505189754
2023-05-19,36.456730986939704
2023-05-22,36.85184125578355
2023-05-23,36.86614124020917
2023-05-24,37.673630197503286
2023-05-25,38.06175853150716
2023-05-26,38.35322450364292
2023-05-29,38.329794434434056
2023-05-30,38.48399419699928
2023-05-31,37.89874096827816
2023-06-01,37.68535158445197
2023-06-02,37.82246405084704
2023-06-05,37.94836502281604
2023-06-06,37.526783454940876
2023-06-07,37.561553053091004
2023-06-08,37.40543212042237
2023-06-09,37.325063016818966
2023-06-12,37.88717348553751
2023-06-13,38.1407068059553
2023-06-14,37.96002485728878
2023-06-15,37.99296707808278
2023-06-16,37.879660927407485
2023-06-19,37.86631731448449
2023-06-20,37.765970866595936
2023-06-21,37.63395229392969
2023-06-26,37.34529387806149
2023-06-27,37.88164550295798
2023-06-28,38.03912214686557
2023-06-29,38.50657922780001
2023-06-30,38.676262696647804
2023-07-03,38.59979647652671
2023-07-04,38.819947806502206
2023-07-05,38.8650898293702
2023-07-06,38.89453899297976
2023-07-07,38.83051505649539
2023-07-10,38.91345840099665
2023-07-11,39.16084506307395
2023-07-12,38.999186966163165
2023-07-13,39.16378558444773
2023-07-14,39.131610232161734
2023-07-17,39.20677857717498
2023-07-18,39.41769578483325
2023-07-19,39.37313154925487
2023-07-20,39.18138867981314
2023-07-21,38.99662152822857
2023-07-24,39.03750661051381
2023-07-25,39.38753362235252
2023-07-26,39.570975432769266
2023-07-27,39.33883717753342
2023-07-28,39.472030711405196
2023-07-31,39.489013018946046
2023-08-01,39.205427556936144
2023-08-02,39.18595792551089
2023-08-03,38.90404989550638
2023-08-04,38.67968593669229
2023-08-07,38.41811944164988
2023-08-08,38.44507647527029
2023-08-09,38.24887958679548
2023-08-10,38.4858927341386
2023-08-11,38.25380014341562
2023-08-14,38.28020951316846
2023-08-15,38.385913999316855
2023-08-16,38.25760303030734
2023-08-17,38.574487237807226
2023-08-18,38.79272665126749
2023-08-21,38.83025985344847
2023-08-22,38.416000738524765
2023-08-23,38.170935727315864
2023-08-24,37.97958471416808
2023-08-25,37.517208572059374
2023-08-28,37.92727959999933
2023-08-29,38.8339026484951
2023-08-30,39.142848989074444
2023-08-31,39.06903235966542
2023-09-01,39.13400392378991
2023-09-04,39.26649754491936
2023-09-05,39.20484415891506
2023-09-06,39.3149375257145
2023-09-07,39.112263368958196
2023-09-08,39.159032644668656
2023-09-11,39.16898000683412
2023-09-12,39.203122276665056
2023-09-13,39.19760420878615
2023-09-14,39.14306301961289
2023-09-15,39.13288325031523
2023-09-18,39.283588097966124
2023-09-19,39.100345145401064
2023-09-20,39.052189809387926
2023-09-21,38.9610441700925
2023-09-22,39.137853545046546
2023-09-25,39.068942787747524
2023-09-26,39.00460253873446
2023-09-27,39.04252745027496
2023-09-28,39.14144403913821
2023-10-09,39.018991061650986
2023-10-10,38.897000624829836
2023-10-11,38.86475515434397
2023-10-12,38.89033584603942
2023-10-13,38.755785622616614
2023-10-16,38.704331011758505
2023-10-17,38.719792805040704
2023-10-18,38.51082812799176
2023-10-19,38.513293515906554
2023-10-20,38.462218817667704
2023-10-23,38.187025306540335
2023-10-24,38.57285168964323
2023-10-25,38.71062304812175
2023-10-26,38.709724979288325
2023-10-27,38.88070413353053
2023-10-30,38.879019349691475
2023-10-31,38.925543323543366
2023-11-01,38.92876808727117
2023-11-02,38.87975173815536
2023-11-03,38.98045244915116
2023-11-06,39.02774563303298
2023-11-07,39.04110685762619
2023-11-08,39.050483494461
2023-11-09,39.02474430722694
2023-11-10,39.06006919911628
2023-11-13,39.150885861037246
2023-11-14,39.15326851006988
2023-11-15,39.201848733853396
2023-11-16,39.150113835443925
2023-11-17,39.19368240518153
2023-11-20,39.28397158969291
2023-11-21,39.21398907757401
2023-11-22,39.162173562360884
2023-11-23,39.24481133148937
2023-11-24,39.144317709503234
2023-11-27,39.11570752858481
2023-11-28,39.31551034597456
2023-11-29,39.28979439354771
2023-11-30,39.17783408682605
2023-12-01,39.12668016111508
2023-12-04,39.10244554585399
2023-12-05,38.86740192425031
2023-12-06,38.93682275940497
2023-12-07,38.88885771800038
2023-12-08,38.56237111676499
2023-12-11,38.686295834796645
2023-12-12,38.71430399082501
2023-12-13,38.65320948263504
2023-12-14,38.74932702360999
2023-12-15,38.74781973827739
2023-12-18,38.560641094165945
2023-12-19,38.57520925382695
2023-12-20,38.598991630600054
2023-12-21,38.78368763312589
2023-12-22,38.647069957788354
2023-12-25,38.452216635288266
2023-12-26,38.2969179461252
2023-12-27,38.433023612264854
2023-12-28,38.74936670150972
2023-12-29,38.91355760461599
2024-01-02,38.98232385063519
2024-01-03,38.95294617304754
2024-01-04,38.97822050678775
2024-01-05,38.88420099356882
2024-01-08,38.74202167228084
2024-01-09,38.84122657640187
2024-01-10,38.769935326390545
2024-01-11,38.84242689004065
2024-01-12,38.82385254064674
2024-01-15,38.80976539165093
2024-01-16,38.77176220129411
2024-01-17,38.6692635464128
2024-01-18,38.5637672094588
2024-01-19,38.52267831410181
2024-01-22,38.042198046429334
2024-01-23,37.99272526343043
2024-01-24,38.0404711116929
2024-01-25,38.31419787312452
2024-01-26,38.326392733212984
2024-01-29,38.05133194085018
2024-01-30,37.72194468680031
2024-01-31,37.31790539190834
2024-02-01,37.11901782826521
2024-02-02,36.67336234704703
2024-02-05,35.82118138015238
2024-02-06,35.939764343142265
2024-02-07,35.59837317664654
2024-02-08,36.435081722726025
2024-02-19,36.67236284010437
2024-02-20,36.71892965232299
2024-02-21,36.84753007747133
2024-02-22,37.036888589198504
2024-02-23,37.29174181881502
2024-02-26,37.48862995008205
2024-02-27,37.66627362391066
2024-02-28,37.04478175105572
2024-02-29,37.35469582812365
2024-03-01,37.34644666053741
2024-03-04,37.37753289322958
2024-03-05,37.19871314790076
2024-03-06,37.28837957221899
2024-03-07,37.33996199192501
2024-03-08,37.40152293393236
2024-03-11,37.590121136767785
2024-03-12,37.71430816105961
2024-03-13,37.663365629226895
2024-03-14,37.662453733849716
2024-03-15,37.743777761836746
2024-03-18,37.888806710488005
2024-03-19,37.86175449487887
2024-03-20,37.92145472874705
2024-03-21,37.90490199040626
2024-03-22,37.75919959829909
2024-03-25,37.648128038855326
2024-03-26,37.665927206287755
2024-03-27,37.5330994912523
2024-03-28,37.6554254027077
2024-03-29,37.79596047524909
2024-04-01,38.06696920554318
2024-04-02,38.16513749734872
2024-04-03,38.260863644762736
2024-04-08,38.13988785263511
2024-04-09,38.200260692372495
2024-04-10,38.06808224276417
2024-04-11,38.15753423314649
2024-04-12,38.23600585693135
2024-04-15,37.876279812683784
2024-04-16,37.34107386210578
2024-04-17,37.83265552731155
2024-04-18,37.724057542491764
2024-04-19,37.709490863601815
2024-04-22,37.721567749764226
2024-04-23,37.78399334865419
2024-04-24,37.90270062258349
2024-04-25,38.00790301796796
2024-04-26,37.961605550407455
2024-04-29,38.234907025507596
2024-04-30,38.226464822313844
2024-05-06,38.51783993547328
2024-05-07,38.72640200873878
2024-05-08,38.59092628854657
2024-05-09,38.708237050799944
2024-05-10,38.62627428236235
2024-05-13,38.4083565452617
2024-05-14,38.46079401539887
2024-05-15,38.37653324837837
2024-05-16,38.4661676838824
2024-05-17,38.62167713396701
2024-05-20,38.633448189423156
2024-05-21,38.50978299498627
2024-05-22,38.53247059111442
2024-05-23,38.357281836385546
2024-05-24,38.27622785239181
2024-05-27,38.38332792276335
2024-05-28,38.328254628025356
2024-05-29,38.40613508654862
2024-05-30,38.38051518359388
2024-05-31,38.669800255472474
2024-06-03,38.325036394242915
2024-06-04,38.05248022674777
2024-06-05,37.618290587353435
2024-06-06,36.93431571957043
2024-06-07,37.42999304352347
2024-06-11,37.4988196768083
2024-06-12,37.751559238118524
2024-06-13,37.854681913044665
2024-06-14,37.81159790671631
2024-06-17,37.567958871689285
2024-06-18,37.73158923343054
2024-06-19,37.714741925262224
2024-06-20,37.58231703362345
2024-06-21,37.51014327795957
2024-06-24,36.88610287252044
2024-06-25,37.038433107593775
2024-06-26,37.43667632502916
2024-06-27,37.23890804808257
2024-06-28,37.26821884879736
