date,nav
2006-01-04,1.0
2006-01-05,1.0
2006-01-06,1.0
2006-01-09,1.0
2006-01-10,1.0
2006-01-11,1.0
2006-01-12,1.0
2006-01-13,1.0
2006-01-16,1.0
2006-01-17,1.0
2006-01-18,1.0
2006-01-19,1.0
2006-01-20,1.0
2006-01-23,1.0
2006-01-24,1.0
2006-01-25,1.0
2006-02-06,0.9993125418485803
2006-02-07,1.002719746289375
2006-02-08,1.0128424047458642
2006-02-09,0.9947561509191962
2006-02-10,1.0060004147260337
2006-02-13,1.0088081710679762
2006-02-14,1.0188836231956413
2006-02-15,1.0170278298679527
2006-02-16,0.988761133786481
2006-02-17,0.9865005137711672
2006-02-20,0.9799459102481141
2006-02-21,0.9893241674680264
2006-02-22,0.9922995117058389
2006-02-23,1.002074620201292
2006-02-24,1.0071980525317898
2006-02-27,1.0033760421750089
2006-02-28,1.00046339926311
2006-03-01,1.0124861716228886
2006-03-02,0.990132794907292
2006-03-03,0.9905927974589385
2006-03-06,0.9909544267078165
2006-03-07,0.9642602162385174
2006-03-08,0.9564956545813743
2006-03-09,0.9585700788121173
2006-03-10,0.9583194565980259
2006-03-13,0.9696563758676423
2006-03-14,0.9685400977406086
2006-03-15,0.980408312300956
2006-03-16,0.9863097682566059
2006-03-17,0.9845931522802771
2006-03-20,0.9973688668133137
2006-03-21,0.9962203456068519
2006-03-22,1.0022817037840357
2006-03-23,1.0120576225198137
2006-03-24,1.0018257520748164
2006-03-27,1.0112669049647633
2006-03-28,1.020976547543309
2006-03-29,1.0223066027504872
2006-03-30,1.0148461456474926
2006-03-31,1.0055288210115616
2006-04-03,1.0075410748287184
2006-04-04,1.0173468429925212
2006-04-05,1.0264521577172565
2006-04-06,1.021269308375659
2006-04-07,1.0427938765065512
2006-04-10,1.0721198206603433
2006-04-11,1.0799952191475741
2006-04-12,1.0846515854367558
2006-04-13,1.0589505590172015
2006-04-14,1.0782073827949419
2006-04-17,1.0946309658245297
2006-04-18,1.0919096439876623
2006-04-19,1.0871377641814461
2006-04-20,1.0831489143088602
2006-04-21,1.0901105408392116
2006-04-24,1.0464495593063246
2006-04-25,1.0312413089000925
2006-04-26,1.0475903684099879
2006-04-27,1.0506418053777358
2006-04-28,1.0670897994152644
2006-05-08,1.07712808452881
2006-05-09,1.0881432403370968
2006-05-10,1.095510256808247
2006-05-11,1.0947861610013372
2006-05-12,1.1079192958441808
2006-05-15,1.123939365722169
2006-05-16,1.115236632659246
2006-05-17,1.1227437920058887
2006-05-18,1.1288080563401128
2006-05-19,1.1402285104848404
2006-05-22,1.1549331865161243
2006-05-23,1.1389584251222633
2006-05-24,1.131042539772027
2006-05-25,1.1409047741112617
2006-05-26,1.1544375988265265
2006-05-29,1.1652396002950565
2006-05-30,1.1741647210915012
2006-05-31,1.1716628071831103
2006-06-01,1.1888241720840786
2006-06-02,1.1907196546191667
2006-06-05,1.2036607698109052
2006-06-06,1.1996860019870426
2006-06-07,1.1700307775901662
2006-06-08,1.1678116760155857
2006-06-09,1.158263715210453
2006-06-12,1.1570335263714226
2006-06-13,1.1589965360192267
2006-06-14,1.158015139041883
2006-06-15,1.1608502447580276
2006-06-16,1.1696372541886983
2006-06-19,1.1737550316114582
2006-06-20,1.177397565682532
2006-06-21,1.174842058689618
2006-06-22,1.1741242166557075
2006-06-23,1.178776730494465
2006-06-26,1.187940913192109
2006-06-27,1.190925410508333
2006-06-28,1.192495588120779
2006-06-29,1.1981415851328312
2006-06-30,1.1961004414041436
2006-07-03,1.2007887526329324
2006-07-04,1.1997436833306956
2006-07-05,1.2019345731451208
2006-07-06,1.208545808350212
2006-07-07,1.2070595466301852
2006-07-10,1.21671889302136
2006-07-11,1.2185784507604183
2006-07-12,1.215838384794621
2006-07-13,1.1863484811070792
2006-07-14,1.1877177841620141
2006-07-17,1.194939422527073
2006-07-18,1.2016372211084967
2006-07-19,1.1940514696611322
2006-07-20,1.200496078859696
2006-07-21,1.2014620194363155
2006-07-24,1.2048396593545572
2006-07-25,1.2079089259310332
2006-07-26,1.2101431133288867
2006-07-27,1.2049244492851527
2006-07-28,1.2024999028004375
2006-07-31,1.180513740125054
2006-08-01,1.174030384531635
2006-08-02,1.1682273997340948
2006-08-03,1.1690249844051217
2006-08-04,1.1539244974263676
2006-08-07,1.1413270770670563
2006-08-08,1.1563320749914556
2006-08-09,1.151630628477783
2006-08-10,1.1611066355537458
2006-08-11,1.1634014030014947
2006-08-14,1.1466875874223637
2006-08-15,1.1552633378152617
2006-08-16,1.1637299588083703
2006-08-17,1.1622841482715374
2006-08-18,1.1603949958977946
2006-08-21,1.1649767578474834
2006-08-22,1.1698693792271895
2006-08-23,1.1731121748648996
2006-08-24,1.180777677643341
2006-08-25,1.1815495968488798
2006-08-28,1.1912557246691269
2006-08-29,1.1934027661874107
2006-08-30,1.1959947873633618
2006-08-31,1.1971595032158402
2006-09-01,1.1900018721565229
2006-09-04,1.2080767878508436
2006-09-05,1.2178487184356959
2006-09-06,1.2281251000424454
2006-09-07,1.2193978027174042
2006-09-08,1.226453505120739
2006-09-11,1.2328081061320877
2006-09-12,1.2403614045672713
2006-09-13,1.23735486220275
2006-09-14,1.2463539279896785
2006-09-15,1.2587821070008884
2006-09-18,1.2728915063851283
2006-09-19,1.2763670713324047
2006-09-20,1.2796832112274463
2006-09-21,1.2973192985029935
2006-09-22,1.2854930238394449
2006-09-25,1.2887803214572675
2006-09-26,1.2872347822818997
2006-09-27,1.2910676237767766
2006-09-28,1.2977446052660628
2006-09-29,1.3105578194948784
2006-10-09,1.3287319913789342
2006-10-10,1.3372978309957044
2006-10-11,1.348030418756709
2006-10-12,1.3433047803746618
2006-10-13,1.3417326313111424
2006-10-16,1.3432295983244775
2006-10-17,1.3421683238911062
2006-10-18,1.3526816515368016
2006-10-19,1.3590426435445246
2006-10-20,1.3562653359947647
2006-10-23,1.323995988660144
2006-10-24,1.3473201043264782
2006-10-25,1.3514722268312183
2006-10-26,1.34859765684941
2006-10-27,1.329931112476129
2006-10-30,1.3333590051502218
2006-10-31,1.3453495379600289
2006-11-01,1.3514279120772883
2006-11-02,1.3447487609585254
2006-11-03,1.3554547527677843
2006-11-06,1.3470980878472045
2006-11-07,1.3267377547985748
2006-11-08,1.3247102812526266
2006-11-09,1.33549087698559
2006-11-10,1.3101456979216926
2006-11-13,1.2682593100215684
2006-11-14,1.2842617085106638
2006-11-15,1.297716523249991
2006-11-16,1.2780343528818718
2006-11-17,1.284733678559738
2006-11-20,1.2719322348814521
2006-11-21,1.276534129098819
2006-11-22,1.2894042277470903
2006-11-23,1.2988386245142745
2006-11-24,1.3085363447201865
2006-11-27,1.3239929975356783
2006-11-28,1.328190021186263
2006-11-29,1.3320337207446544
2006-11-30,1.3390625769653446
2006-12-01,1.3288058906713716
2006-12-04,1.3424750125802607
2006-12-05,1.3536698172372335
2006-12-06,1.336750010456429
2006-12-07,1.334591652847681
2006-12-08,1.3090496341312325
2006-12-11,1.33988865609761
2006-12-12,1.3355889845453017
2006-12-13,1.3340872830744879
2006-12-14,1.3455009289890558
2006-12-15,1.3471671335164674
2006-12-18,1.3581291695157869
2006-12-19,1.3635274006477431
2006-12-20,1.3859783793604397
2006-12-21,1.381084409933144
2006-12-22,1.3878323556435497
2006-12-25,1.3969229500367877
2006-12-26,1.3771145026997726
2006-12-27,1.3732669651641618
2006-12-28,1.3378924499747884
2006-12-29,1.3419000788188806
2007-01-04,1.3375747258042494
2007-01-05,1.3694510811483696
2007-01-08,1.411012237344652
2007-01-09,1.4246703878538636
2007-01-10,1.455442791011465
2007-01-11,1.4701282492706722
2007-01-12,1.4320936309833348
2007-01-15,1.4938101803832404
2007-01-16,1.512464061814863
2007-01-17,1.501035381667816
2007-01-18,1.5434315125788614
2007-01-19,1.5809153362079664
2007-01-22,1.629768309969278
2007-01-23,1.6280311909495888
2007-01-24,1.6359669466311242
2007-01-25,1.5849348028399999
2007-01-26,1.5845379730942377
2007-01-29,1.6420568695709974
2007-01-30,1.64861413752196
2007-01-31,1.6047541949202038
2007-02-01,1.6274660384345152
2007-02-02,1.6264296740083029
2007-02-05,1.6477230567111456
2007-02-06,1.6655739905107525
2007-02-07,1.6928867166917452
2007-02-08,1.7209239010273552
2007-02-09,1.7310725175714101
2007-02-12,1.774568137757749
2007-02-13,1.8046937857682732
2007-02-14,1.8258069910854657
2007-02-15,1.8723605307493159
2007-02-16,1.9061903996535268
2007-02-26,1.9607679694555107
2007-02-27,1.833145803338671
2007-02-28,1.8843528292051734
2007-03-01,1.8507753840847074
2007-03-02,1.8799081253118386
2007-03-05,1.899545994092095
2007-03-06,1.9135824467828366
2007-03-07,1.935976175055608
2007-03-08,1.967399327882612
2007-03-09,1.9713363017522203
2007-03-12,1.9955273754446303
2007-03-13,2.0181449316781523
2007-03-14,2.020176540950632
2007-03-15,2.0545684377617324
2007-03-16,2.04949477293048
2007-03-19,2.0645121711646275
2007-03-20,2.098744838437797
2007-03-21,2.1237828613406897
2007-03-22,2.1296631820003817
2007-03-23,2.143011438049825
2007-03-26,2.1774640241232497
2007-03-27,2.175852785911029
2007-03-28,2.1750370108700245
2007-03-29,2.123732685630355
2007-03-30,2.131839471940816
2007-04-02,2.1582805051576495
2007-04-03,2.184441351597901
2007-04-04,2.211207650444211
2007-04-05,2.2264609617092463
2007-04-06,2.2457698649863045
2007-04-09,2.275271344741883
2007-04-10,2.2896097953570997
2007-04-11,2.2958252657319465
2007-04-12,2.336320487197391
2007-04-13,2.3381837041555307
2007-04-16,2.385089684296756
2007-04-17,2.4106921745067984
2007-04-18,2.4312647845796063
2007-04-19,2.3717337958767137
2007-04-20,2.441590300944446
2007-04-23,2.4857747356158915
2007-04-24,2.4918667979810283
2007-04-25,2.51117301285416
2007-04-26,2.5328181491365473
2007-04-27,2.5038433170919996
2007-04-30,2.50163255517145
2007-05-08,2.550919531814346
2007-05-09,2.524448511377372
2007-05-10,2.536318979741195
2007-05-11,2.5458441035450328
2007-05-14,2.573934344604579
2007-05-15,2.5423426225457293
2007-05-16,2.579371124053703
2007-05-17,2.6287351211340986
2007-05-18,2.634145266984365
2007-05-21,2.6721418476772274
2007-05-22,2.7108645134135547
2007-05-23,2.7598618460852493
2007-05-24,2.749750711560668
2007-05-25,2.7883234859722537
2007-05-28,2.8432691640769105
2007-05-29,2.883478996431888
2007-05-30,2.741041876541448
2007-05-31,2.694379154713983
2007-06-01,2.5708045998592435
2007-06-04,2.4455014588333506
2007-06-05,2.4706734702465356
2007-06-06,2.485032448795981
2007-06-07,2.5562246799869976
2007-06-08,2.5807103900391803
2007-06-11,2.636770081575595
2007-06-12,2.685932173678808
2007-06-13,2.7255600446024246
2007-06-14,2.7038503650075345
2007-06-15,2.7230633614341193
2007-06-18,2.7675678227855753
2007-06-19,2.7867825234380312
2007-06-20,2.7281354194857474
2007-06-21,2.729836585318716
2007-06-22,2.6483630299948198
2007-06-25,2.5447862116209503
2007-06-26,2.573423573525742
2007-06-27,2.6036895965547884
2007-06-28,2.510090044124377
2007-06-29,2.4433794251861056
2007-07-02,2.4651546802302557
2007-07-03,2.4991051738266825
2007-07-04,2.461676525045483
2007-07-05,2.398432939567663
2007-07-06,2.473050549595984
2007-07-09,2.514998577806227
2007-07-10,2.4804974311762087
2007-07-11,2.498172165007035
2007-07-12,2.522960150821916
2007-07-13,2.534138530258413
2007-07-16,2.4944750622977847
2007-07-17,2.5344320543718757
2007-07-18,2.5533139557147573
2007-07-19,2.5777789224245513
2007-07-20,2.6231861026180447
2007-07-23,2.6808601874417346
2007-07-24,2.6709072034841994
2007-07-25,2.7168236836738724
2007-07-26,2.7372347796872063
2007-07-27,2.7834955311457574
2007-07-30,2.810447987613138
2007-07-31,2.8339035655819687
2007-08-01,2.760699169512381
2007-08-02,2.8119266800362737
2007-08-03,2.85228351426303
2007-08-06,2.8670579622526793
2007-08-07,2.866013360745995
2007-08-08,2.847553704732018
2007-08-09,2.8652642862281033
2007-08-10,2.846182876263475
2007-08-13,2.836348593046751
2007-08-14,2.8661757846652702
2007-08-15,2.860929712010104
2007-08-16,2.882142015285759
2007-08-17,2.8804917240718444
2007-08-20,2.941789761120327
2007-08-21,2.9682132339466154
2007-08-22,3.004507537536744
2007-08-23,3.013202477745408
2007-08-24,3.029941367019026
2007-08-27,3.020702249581783
2007-08-28,3.017908290696767
2007-08-29,3.022120942486543
2007-08-30,3.072458775504345
2007-08-31,3.087693800677711
2007-09-03,3.1071981474083694
2007-09-04,3.0958400397941626
2007-09-05,3.094185685566988
2007-09-06,3.1025519511996285
2007-09-07,3.068992485780631
2007-09-10,3.09047949298795
2007-09-11,2.990188210450324
2007-09-12,3.0001739003914225
2007-09-13,3.013438353397847
2007-09-14,3.044727508803371
2007-09-17,3.073834251986468
2007-09-18,3.079155504855809
2007-09-19,3.0544416814200264
2007-09-20,3.0733157716918447
2007-09-21,3.043316373487324
2007-09-24,3.043292107579216
2007-09-25,3.0263163674662246
2007-09-26,3.0175199616386625
2007-09-27,3.030657017886763
2007-09-28,3.0621876617466457
2007-10-08,3.072477544368133
2007-10-09,3.0884605158906417
2007-10-10,3.0860156218946115
2007-10-11,3.055828033932752
2007-10-12,2.9903308799998363
2007-10-15,2.9854832831836218
2007-10-16,3.026209065242155
2007-10-17,3.0145703683215204
2007-10-18,2.993080864518084
2007-10-19,2.9893577098344033
2007-10-22,2.9679323972264244
2007-10-23,2.977119199463535
2007-10-24,2.943385457787726
2007-10-25,2.8298680228874553
2007-10-26,2.829593221790466
2007-10-29,2.8355402065884108
2007-10-30,2.86372364259283
2007-10-31,2.926915278847594
2007-11-01,2.869666071081026
2007-11-02,2.8381380010509765
2007-11-05,2.8743493880346356
2007-11-06,2.903513851301384
2007-11-07,2.9029692810557073
2007-11-08,2.86119506628336
2007-11-09,2.849303195110041
2007-11-12,2.852578199700521
2007-11-13,2.8605116087015774
2007-11-14,2.9046788850275163
2007-11-15,2.872172895380359
2007-11-16,2.877421062219584
2007-11-19,2.932419460620361
2007-11-20,2.9495630047385175
2007-11-21,2.917669525464212
2007-11-22,2.8754749665209984
2007-11-23,2.91330199504652
2007-11-26,2.907862365950003
2007-11-27,2.918294773450636
2007-11-28,2.9310208547389394
2007-11-29,2.9681239959376247
2007-11-30,2.9646961193166264
2007-12-03,2.984980182686928
2007-12-04,2.988179564060616
2007-12-05,3.0177133358838817
2007-12-06,3.0219078136482773
2007-12-07,3.0408933256031405
2007-12-10,3.0861339443747946
2007-12-11,3.1043663313681638
2007-12-12,3.126889868111688
2007-12-13,3.0974507209851314
2007-12-14,3.12805905716718
2007-12-17,3.144872604515751
2007-12-18,3.1321907937669162
2007-12-19,3.1621448593383272
2007-12-20,3.1806443740200154
2007-12-21,3.2050817571933448
2007-12-24,3.2263642355607507
2007-12-25,3.2413588859917253
2007-12-26,3.2950402442382014
2007-12-27,3.3007476223092533
2007-12-28,3.307522420437315
2008-01-02,3.387944456737144
2008-01-03,3.436788666751238
2008-01-04,3.4477212410314655
2008-01-07,3.493720187143484
2008-01-08,3.425725922036598
2008-01-09,3.497767934656091
2008-01-10,3.5039678512478973
2008-01-11,3.494256468892517
2008-01-14,3.5295297129100507
2008-01-15,3.576878421402272
2008-01-16,3.5608360354085007
2008-01-17,3.527951122784857
2008-01-18,3.550008867793024
2008-01-21,3.4406707753018058
2008-01-22,3.2501340803470926
2008-01-23,3.327141932062148
2008-01-24,3.36158337503793
2008-01-25,3.3672557918184487
2008-01-28,3.2033825234201743
2008-01-29,3.2458554534837414
2008-01-30,3.2630417225257466
2008-01-31,3.233872294163262
2008-02-01,3.1606201086801926
2008-02-04,3.283003679003291
2008-02-05,3.2922107411664694
2008-02-13,3.2895636636701413
2008-02-14,3.3225054190137784
2008-02-15,3.316572759297356
2008-02-18,3.3735758398113522
2008-02-19,3.389876457811245
2008-02-20,3.367761209326139
2008-02-21,3.3738471877170433
2008-02-22,3.338320811955833
2008-02-25,3.291262579047723
2008-02-26,3.30294308430742
2008-02-27,3.336426700082308
2008-02-28,3.3481847361995847
2008-02-29,3.358983717365402
2008-03-03,3.401510460326337
2008-03-04,3.382575538592214
2008-03-05,3.38385136713091
2008-03-06,3.3848701790018936
2008-03-07,3.370074197519117
2008-03-10,3.3338371136936513
2008-03-11,3.3476623610907503
2008-03-12,3.329147841948902
2008-03-13,3.2869154804691276
2008-03-14,3.2767834897887402
2008-03-17,3.171789588363723
2008-03-18,3.054993489892935
2008-03-19,3.105480150621662
2008-03-20,3.1571017434635507
2008-03-21,3.180088201232067
2008-03-24,3.1682183455791297
2008-03-25,3.1969943182727203
2008-03-26,3.1993928319536766
2008-03-27,3.1360038495797076
2008-03-28,3.1854809717389676
2008-03-31,3.158171140462992
2008-04-01,3.0880916123859974
2008-04-02,3.0495351948667975
2008-04-03,3.059364066205371
2008-04-07,3.0992086108916936
2008-04-08,3.119153795374999
2008-04-09,3.08391201007993
2008-04-10,3.0960662769315577
2008-04-11,3.111372411496224
2008-04-14,3.0621494737236903
2008-04-15,3.0768294543417736
2008-04-16,3.06999304674959
2008-04-17,3.046855257540313
2008-04-18,3.006654257496906
2008-04-21,3.0052705007215184
2008-04-22,2.991210765931333
2008-04-23,3.0222900104118375
2008-04-24,3.088836317105194
2008-04-25,3.089746538549811
2008-04-28,3.0809514386457555
2008-04-29,3.0896707675164525
2008-04-30,3.1138570231947513
2008-05-05,3.138926730400534
2008-05-06,3.138431238900925
2008-05-07,3.1077292150821108
2008-05-08,3.129859127672675
2008-05-09,3.1346077587328645
2008-05-12,3.156581964935725
2008-05-13,3.1652422968941414
2008-05-14,3.169988939486218
2008-05-15,3.158743872937668
2008-05-16,3.150527901021167
2008-05-19,3.1536350097810053
2008-05-20,3.108893532787407
2008-05-21,3.1215111052522966
2008-05-22,3.1072495904637405
2008-05-23,3.1016334065168025
2008-05-26,3.0797009694152306
2008-05-27,3.0832499190597007
2008-05-28,3.101835117327706
2008-05-29,3.087599598980477
2008-05-30,3.1021281360627437
2008-06-02,3.107560535249062
2008-06-03,3.1023816626508154
2008-06-04,3.095287227966878
2008-06-05,3.0997227519982884
2008-06-06,3.1035820217370906
2008-06-10,3.0405970192318645
2008-06-11,3.0263532681699914
2008-06-12,3.0200389523857964
2008-06-13,2.9987658152538366
2008-06-16,3.000542427988287
2008-06-17,2.9891350502125933
2008-06-18,3.0156346070736624
2008-06-19,2.96120705412939
2008-06-20,2.9647833681520854
2008-06-23,2.951596722569221
2008-06-24,2.96366611919205
2008-06-25,2.9994423799979066
2008-06-26,3.0091274934428047
2008-06-27,2.965893618054707
2008-06-30,2.9673034377177983
2008-07-01,2.9604164434654425
2008-07-02,2.9682486273617634
2008-07-03,2.9901100973458594
2008-07-04,2.985695480984158
2008-07-07,3.0106853643241154
2008-07-08,3.0117697955945224
2008-07-09,3.0234928629780042
2008-07-10,3.0200986909116443
2008-07-11,3.0132536488976522
2008-07-14,3.023057222195742
2008-07-15,3.0080561747390453
2008-07-16,2.9867602451935498
2008-07-17,2.984986440574765
2008-07-18,2.9988800223047303
2008-07-21,3.0230181729883436
2008-07-22,3.025231148438485
2008-07-23,3.016498795979567
2008-07-24,3.0271075617703525
2008-07-25,3.0291279433678584
2008-07-28,3.036406813416396
2008-07-29,3.0255347726157007
2008-07-30,3.024512341106168
2008-07-31,3.0039046086865744
2008-08-01,3.001678541974814
2008-08-04,2.992656654557061
2008-08-05,2.9823037283571883
2008-08-06,2.9751837451589354
2008-08-07,2.9743393475706914
2008-08-08,2.9350845516886586
2008-08-11,2.893381488104108
2008-08-12,2.894349054055695
2008-08-13,2.898331995231628
2008-08-14,2.9027632645696664
2008-08-15,2.905578147691612
2008-08-18,2.8721407690963305
2008-08-19,2.8770564419510953
2008-08-20,2.922626379495152
2008-08-21,2.903366447740118
2008-08-22,2.898266415561904
2008-08-25,2.9012039189968983
2008-08-26,2.877624094541557
2008-08-27,2.872210326662981
2008-08-28,2.865091031788995
2008-08-29,2.8770569700992383
2008-09-01,2.8559486576329336
2008-09-02,2.8546734357341284
2008-09-03,2.847977423054093
2008-09-04,2.8497961028258545
2008-09-05,2.8407455899955414
2008-09-08,2.8315705307953762
2008-09-09,2.834779797496393
2008-09-10,2.834528490110765
2008-09-11,2.8298425934465166
2008-09-12,2.829514307405566
2008-09-16,2.823935429407125
2008-09-17,2.8229383391123486
2008-09-18,2.815948822499769
2008-09-19,2.8408327657224213
2008-09-22,2.8479542864602863
2008-09-23,2.8294512999913652
2008-09-24,2.8340589190034318
2008-09-25,2.8397671124793864
2008-09-26,2.841441586170924
2008-10-06,2.832067644056283
2008-10-07,2.8316762231755206
2008-10-08,2.828019034698888
2008-10-09,2.827169083356241
2008-10-10,2.8147246371356274
2008-10-13,2.8186390704059536
2008-10-14,2.8126158775520516
2008-10-15,2.8105022039748406
2008-10-16,2.797485827957476
2008-10-17,2.802656576385342
2008-10-20,2.8106129106188527
2008-10-21,2.8099266137448144
2008-10-22,2.804308736846365
2008-10-23,2.805183231163808
2008-10-24,2.8039209305577906
2008-10-27,2.788500440117211
2008-10-28,2.791965928468591
2008-10-29,2.786352688934924
2008-10-30,2.787321831579375
2008-10-31,2.7813508816678714
2008-11-03,2.7764458544903183
2008-11-04,2.7727093462556875
2008-11-05,2.778195790724983
2008-11-06,2.7753017533423314
2008-11-07,2.7764199676136574
2008-11-10,2.7917189566267537
2008-11-11,2.78684256252027
2008-11-12,2.789383685393642
2008-11-13,2.8008464656406518
2008-11-14,2.8123422992505414
2008-11-17,2.8217001655105793
2008-11-18,2.8060234932489716
2008-11-19,2.819567525036904
2008-11-20,2.8146242994086728
2008-11-21,2.811543459309564
2008-11-24,2.8080533164893535
2008-11-25,2.8076898857850727
2008-11-26,2.809687257487297
2008-11-27,2.8118030170693897
2008-11-28,2.812544448288544
2008-12-01,2.815878451479638
2008-12-02,2.819040791976726
2008-12-03,2.8249249273850343
2008-12-04,2.822678441611091
2008-12-05,2.8284588443608447
2008-12-08,2.8379996570623103
2008-12-09,2.8314836210930587
2008-12-10,2.8391184409640915
2008-12-11,2.829745580125721
2008-12-12,2.8173381682039733
2008-12-15,2.8234279544001386
2008-12-16,2.8294532202012164
2008-12-17,2.8326989949619987
2008-12-18,2.8364140164225975
2008-12-19,2.8424201808478102
2008-12-22,2.8483142633351295
2008-12-23,2.8327579467204105
2008-12-24,2.829200549338836
2008-12-25,2.8366159335930385
2008-12-26,2.8347239964534263
2008-12-29,2.831519134523291
2008-12-30,2.835138984023676
2008-12-31,2.832154112727139
2009-01-05,2.8385588410318086
2009-01-06,2.843965376614584
2009-01-07,2.8439637771685367
2009-01-08,2.8406981774732594
2009-01-09,2.8525661555740385
2009-01-12,2.8558673404169133
2009-01-13,2.8470753216805917
2009-01-14,2.8567217254400186
2009-01-15,2.856943132492323
2009-01-16,2.8550358988845
2009-01-19,2.853337979287817
2009-01-20,2.8578313140096907
2009-01-21,2.8577557268552263
2009-01-22,2.860550467816552
2009-01-23,2.860133852106399
2009-02-02,2.8661408922685343
2009-02-03,2.873521267612901
2009-02-04,2.876714921070284
2009-02-05,2.8765315205089017
2009-02-06,2.891987099674531
2009-02-09,2.9009974156587854
2009-02-10,2.907825632138194
2009-02-11,2.908595856829074
2009-02-12,2.913405972069331
2009-02-13,2.9212847963843784
2009-02-16,2.921820025841236
2009-02-17,2.9136992509090107
2009-02-18,2.9030395506082955
2009-02-19,2.910488996900111
2009-02-20,2.919045279507529
2009-02-23,2.9273290489532116
2009-02-24,2.917364382300652
2009-02-25,2.923522209246974
2009-02-26,2.9080766655546557
2009-02-27,2.891983530879138
2009-03-02,2.897314082471775
2009-03-03,2.9083969868589588
2009-03-04,2.9418353944382023
2009-03-05,2.953978140054129
2009-03-06,2.9454829942382936
2009-03-09,2.923550657539448
2009-03-10,2.938707584081463
2009-03-11,2.939697130464499
2009-03-12,2.9376090453408024
2009-03-13,2.943090296436275
2009-03-16,2.952538661950483
2009-03-17,2.969475727889418
2009-03-18,2.9730087364145326
2009-03-19,2.985010047822091
2009-03-20,2.9804597590983977
2009-03-23,2.9870159743213276
2009-03-24,2.9975538167422524
2009-03-25,2.98512985529165
2009-03-26,2.9969785933524014
2009-03-27,2.9955336462674627
2009-03-30,3.0005984128482037
2009-03-31,3.009129396453776
2009-04-01,3.019039732668717
2009-04-02,3.0286528202292127
2009-04-03,3.031454662172649
2009-04-07,3.0452047260497217
2009-04-08,3.026872282714183
2009-04-09,3.0446446189472938
2009-04-10,3.0675820418344832
2009-04-13,3.081298576401557
2009-04-14,3.1141026251264106
2009-04-15,3.12740287609792
2009-04-16,3.125811933379841
2009-04-17,3.1106324765741244
2009-04-20,3.1279210556433217
2009-04-21,3.1175152658629623
2009-04-22,3.076690598128742
2009-04-23,3.0908903438854836
2009-04-24,3.0863597165208474
2009-04-27,3.0734448839273756
2009-04-28,3.0795753052013226
2009-04-29,3.0868645926593263
2009-04-30,3.0967721688419547
2009-05-04,3.121676346902319
2009-05-05,3.1267021616266817
2009-05-06,3.1347963709525577
2009-05-07,3.121184937438189
2009-05-08,3.1173187065442467
2009-05-11,3.0932636693750504
2009-05-12,3.1051668221808892
2009-05-13,3.1143795997183634
2009-05-14,3.1189229783232912
2009-05-15,3.127141804254451
2009-05-18,3.122829264020903
2009-05-19,3.1294482275939135
2009-05-20,3.1213072044967602
2009-05-21,3.1110919157126826
2009-05-22,3.110840266928905
2009-05-25,3.1117050635126593
2009-05-26,3.1236679901903694
2009-05-27,3.120326399272823
2009-06-01,3.1317449038341993
2009-06-02,3.1280047817771353
2009-06-03,3.132620844286649
2009-06-04,3.1327758572365965
2009-06-05,3.1262067649347283
2009-06-08,3.1389686873575866
2009-06-09,3.1363091242380943
2009-06-10,3.152784306069437
2009-06-11,3.150358915517731
2009-06-12,3.1381864545770948
2009-06-15,3.1601357030883137
2009-06-16,3.160993273722891
2009-06-17,3.1606871660192426
2009-06-18,3.1650414034345182
2009-06-19,3.1771692493032266
2009-06-22,3.177118093014878
2009-06-23,3.1807837068832736
2009-06-24,3.1892364272990594
2009-06-25,3.2023552327621196
2009-06-26,3.2066770837807295
2009-06-29,3.1982409652092922
2009-06-30,3.1855620013851653
2009-07-01,3.1795569754400455
2009-07-02,3.1870001179053995
2009-07-03,3.191284782792378
2009-07-06,3.1920508528855196
2009-07-07,3.21092440497474
2009-07-08,3.2259716525267352
2009-07-09,3.2577589420927997
2009-07-10,3.258559792150614
2009-07-13,3.269468970431693
2009-07-14,3.30151361013058
2009-07-15,3.3231674505276736
2009-07-16,3.3137623274275936
2009-07-17,3.3163538891754563
2009-07-20,3.334372720905473
2009-07-21,3.3026843470882103
2009-07-22,3.316414305895524
2009-07-23,3.3249361039510066
2009-07-24,3.3238682514085998
2009-07-27,3.3391335448994206
2009-07-28,3.349446984384398
2009-07-29,3.2846010147910776
2009-07-30,3.30745382325166
2009-07-31,3.3415619242721295
2009-08-03,3.3741000873043254
2009-08-04,3.3886882409183436
2009-08-05,3.416339786083962
2009-08-06,3.4323058930559385
2009-08-07,3.3833332741209485
2009-08-10,3.439111174215198
2009-08-11,3.430287090210652
2009-08-12,3.296424299947219
2009-08-13,3.3069134971698926
2009-08-14,3.1691584343584704
2009-08-17,3.0058784525919044
2009-08-18,3.0609018701596336
2009-08-19,2.9387289837355204
2009-08-20,3.0203328607095385
2009-08-21,3.107519823572867
2009-08-24,3.1378268671468246
2009-08-25,3.100215129270224
2009-08-26,3.1901967101962763
2009-08-27,3.2376726837124816
2009-08-28,3.1930246155499935
2009-08-31,3.058746793644783
2009-09-01,3.0519258761093866
2009-09-02,3.0835585212299805
2009-09-03,3.1648135659181333
2009-09-04,3.1777941231519957
2009-09-07,3.2052178253163057
2009-09-08,3.235340481708933
2009-09-09,3.2485694052703615
2009-09-10,3.2289563158610397
2009-09-11,3.248776862904476
2009-09-14,3.310374483867738
2009-09-15,3.3459846376965485
2009-09-16,3.3657033634748434
2009-09-17,3.446804983924538
2009-09-18,3.379938125636961
2009-09-21,3.4239048998280537
2009-09-22,3.3774268254468933
2009-09-23,3.362671875484233
2009-09-24,3.321740135031536
2009-09-25,3.3290523194112023
2009-09-28,3.2721468209656375
2009-09-29,3.2133326770792263
2009-09-30,3.2247141063437614
2009-10-09,3.3048464117615692
2009-10-12,3.307192460868855
2009-10-13,3.337245769382493
2009-10-14,3.3439000217082637
2009-10-15,3.3625973232498256
2009-10-16,3.3610714651259563
2009-10-19,3.408303928522225
2009-10-20,3.4403203872917394
2009-10-21,3.420393032364419
2009-10-22,3.436762303924836
2009-10-23,3.4740226420382516
2009-10-26,3.4888742622682596
2009-10-27,3.471323736072103
2009-10-28,3.4942991663669702
2009-10-29,3.4756756479395308
2009-10-30,3.490888546187177
2009-11-02,3.5404835401599746
2009-11-03,3.590928242167192
2009-11-04,3.6128263156223754
2009-11-05,3.6466700592524113
2009-11-06,3.655842066938081
2009-11-09,3.673782553104865
2009-11-10,3.676309711679405
2009-11-11,3.682543927856781
2009-11-12,3.6980528840743796
2009-11-13,3.7236736139741367
2009-11-16,3.794296546696401
2009-11-17,3.8150947035657623
2009-11-18,3.853065128827014
2009-11-19,3.894743156575637
2009-11-20,3.92849419692148
2009-11-23,3.955639427770577
2009-11-24,3.8318597969416217
2009-11-25,3.906026912676246
2009-11-26,3.804243582405204
2009-11-27,3.770985492311474
2009-11-30,3.8721325075272714
2009-12-01,3.9519026382944213
2009-12-02,3.9952870299375935
2009-12-03,4.018598315956735
2009-12-04,3.941457813666354
2009-12-07,4.013937624529457
2009-12-08,4.036768351859229
2009-12-09,4.024856048543877
2009-12-10,4.084562222043945
2009-12-11,4.083234136889603
2009-12-14,4.096599701533643
2009-12-15,4.116228334797358
2009-12-16,4.0782035874086215
2009-12-17,3.9910229500734586
2009-12-18,3.920156115962974
2009-12-21,3.9803267359628496
2009-12-22,3.9570911551127814
2009-12-23,4.0282902266977105
2009-12-24,4.109274486743929
2009-12-25,4.120915325133779
2009-12-28,4.147235111350676
2009-12-29,4.161032675753563
2009-12-30,4.125953066126579
2009-12-31,4.165504246680485
2010-01-04,4.188884656239011
2010-01-05,4.230405547010954
2010-01-06,4.223363842074813
2010-01-07,4.174777059846148
2010-01-08,4.194985578933096
2010-01-11,4.240026066068198
2010-01-12,4.318040835727178
2010-01-13,4.326184399490694
2010-01-14,4.400850383329282
2010-01-15,4.440711092414717
2010-01-18,4.476273427129659
2010-01-19,4.474463377194558
2010-01-20,4.3475246316726315
2010-01-21,4.3793142518377275
2010-01-22,4.300100896189131
2010-01-25,4.264467937690357
2010-01-26,4.171816450355001
2010-01-27,4.180174435117237
2010-01-28,4.237383925157071
2010-01-29,4.2611606429346125
2010-02-01,4.222316584471446
2010-02-02,4.221070918827248
2010-02-03,4.24155263151595
2010-02-04,4.267067997706752
2010-02-05,4.196365099600423
2010-02-08,4.191444448285628
2010-02-09,4.199684370748641
2010-02-10,4.225590429898289
2010-02-11,4.222962792307471
2010-02-12,4.253667665574868
2010-02-22,4.2543138124057505
2010-02-23,4.25739610654019
2010-02-24,4.336452259071945
2010-02-25,4.394921011940073
2010-02-26,4.384053548973352
2010-03-01,4.432768889579733
2010-03-02,4.445951395974644
2010-03-03,4.486557035995458
2010-03-04,4.424813752746829
2010-03-05,4.446162316831072
2010-03-08,4.473149983810647
2010-03-09,4.471564339893741
2010-03-10,4.447268877883103
2010-03-11,4.452869697250873
2010-03-12,4.437375443671339
2010-03-15,4.408630394708925
2010-03-16,4.4310341128729185
2010-03-17,4.5118425719361355
2010-03-18,4.5193122285827965
2010-03-19,4.5503587165273585
2010-03-22,4.553663772536191
2010-03-23,4.537291170243664
2010-03-24,4.567372167087568
2010-03-25,4.55442428203813
2010-03-26,4.599452711645446
2010-03-29,4.595196053318133
2010-03-30,4.64582001375287
2010-03-31,4.686111250327069
2010-04-01,4.710449333062236
2010-04-02,4.733998188372054
2010-04-06,4.742934119779297
2010-04-07,4.763032567676765
2010-04-08,4.763743502471484
2010-04-09,4.814639527173054
2010-04-12,4.8810638153085755
2010-04-13,4.8443063709484795
2010-04-14,4.857860983474891
2010-04-15,4.813351639207525
2010-04-16,4.812320153071636
2010-04-19,4.7254402626509275
2010-04-20,4.791958046260697
2010-04-21,4.8754671375762495
2010-04-22,4.931489187470882
2010-04-23,4.917680802310302
2010-04-26,4.890759766796621
2010-04-27,4.817418657749909
2010-04-28,4.8208788684202055
2010-04-29,4.711744162635426
2010-04-30,4.601256532510679
2010-05-04,4.618234385998854
2010-05-05,4.680947328358545
2010-05-06,4.611119322433863
2010-05-07,4.551888783046417
2010-05-10,4.477434739943928
2010-05-11,4.42678358726354
2010-05-12,4.354859382663204
2010-05-13,4.423798118800871
2010-05-14,4.441336943706899
2010-05-17,4.303240669367869
2010-05-18,4.340026949706126
2010-05-19,4.3444689828035745
2010-05-20,4.306147884089967
2010-05-21,4.348602755977223
2010-05-24,4.45658390984976
2010-05-25,4.453599305266605
2010-05-26,4.454160790340909
2010-05-27,4.503327254031007
2010-05-28,4.537682502586082
2010-05-31,4.505900958739566
2010-06-01,4.483878817283344
2010-06-02,4.504153090436319
2010-06-03,4.517054992010374
2010-06-04,4.536635333484011
2010-06-07,4.544149186310077
2010-06-08,4.554998546262169
2010-06-09,4.570975678757862
2010-06-10,4.576178607235342
2010-06-11,4.575363229454874
2010-06-17,4.558135134045584
2010-06-18,4.50081672591202
2010-06-21,4.531067452644238
2010-06-22,4.542761608135112
2010-06-23,4.5373331109805335
2010-06-24,4.539474758814471
2010-06-25,4.525144955094706
2010-06-28,4.516880809505451
2010-06-29,4.44339810044133
2010-06-30,4.417211037047595
2010-07-01,4.4040762895899945
2010-07-02,4.391620775524404
2010-07-05,4.388131991159115
2010-07-06,4.421272978508474
2010-07-07,4.429037081051512
2010-07-08,4.4402636435829965
2010-07-09,4.4659327708638035
2010-07-12,4.480282605603901
2010-07-13,4.478714243425916
2010-07-14,4.4916168416616244
2010-07-15,4.473565433322307
2010-07-16,4.482764429249029
2010-07-19,4.503402689428168
2010-07-20,4.5303933120604665
2010-07-21,4.532099878196726
2010-07-22,4.549387378300746
2010-07-23,4.547531319458127
2010-07-26,4.568386632143475
2010-07-27,4.574023526370971
2010-07-28,4.595985254851599
2010-07-29,4.601519497816208
2010-07-30,4.60535526012102
2010-08-02,4.620508385072858
2010-08-03,4.615287316957354
2010-08-04,4.629045656892252
2010-08-05,4.634315424764175
2010-08-06,4.649018446493713
2010-08-09,4.661574210463609
2010-08-10,4.625121859166328
2010-08-11,4.636930809747612
2010-08-12,4.629524327618786
2010-08-13,4.648553328125123
2010-08-16,4.664637857118191
2010-08-17,4.67310001111913
2010-08-18,4.67946744701364
2010-08-19,4.678131479366891
2010-08-20,4.654847940670363
2010-08-23,4.662229949031616
2010-08-24,4.677715810456196
2010-08-25,4.673318237816323
2010-08-26,4.680736988426218
2010-08-27,4.69363131830764
2010-08-30,4.718667548774958
2010-08-31,4.743197552282962
2010-09-01,4.702793606528548
2010-09-02,4.735931057291344
2010-09-03,4.758662724091431
2010-09-06,4.755753499645627
2010-09-07,4.7576152887619445
2010-09-08,4.7689378390924135
2010-09-09,4.760314326529729
2010-09-10,4.769279912026908
2010-09-13,4.79441807064816
2010-09-14,4.807116927038687
2010-09-15,4.796055807084921
2010-09-16,4.733434056869917
2010-09-17,4.744956135596433
2010-09-20,4.722759108087239
2010-09-21,4.721733563691379
2010-09-27,4.760834426483832
2010-09-28,4.73499801738889
2010-09-29,4.711155864808362
2010-09-30,4.768981187238252
2010-10-08,4.831911504493345
2010-10-11,4.817612569487762
2010-10-12,4.836019452857614
2010-10-13,4.839755467841531
2010-10-14,4.765712488722392
2010-10-15,4.752257199852605
2010-10-18,4.70703584085447
2010-10-19,4.805577483938006
2010-10-20,4.802752028858086
2010-10-21,4.809045496961096
2010-10-22,4.846453993402416
2010-10-25,4.911552564384495
2010-10-26,4.906798875720499
2010-10-27,4.900427436616748
2010-10-28,4.914346040506037
2010-10-29,4.943204531725411
2010-11-01,5.0297633076764905
2010-11-02,4.965651772942719
2010-11-03,4.88132855354107
2010-11-04,4.926034103833855
2010-11-05,4.977254261472204
2010-11-08,5.076574933115935
2010-11-09,5.150034316704833
2010-11-10,5.1948360324632405
2010-11-11,5.152092260081387
2010-11-12,4.891245505101144
2010-11-15,5.022832205197126
2010-11-16,4.9935924054351295
2010-11-17,4.924578267446006
2010-11-18,4.959966776514263
2010-11-19,5.088672625031681
2010-11-22,5.178344008487603
2010-11-23,5.176840141558391
2010-11-24,5.246805366325379
2010-11-25,5.2409065380292
2010-11-26,5.278545297750712
2010-11-29,5.332267340671674
2010-11-30,5.226437613579193
2010-12-01,5.259353382845423
2010-12-02,5.285495480755651
2010-12-03,5.263932270020086
2010-12-06,5.217797189504544
2010-12-07,5.29221446445351
2010-12-08,5.313055373465889
2010-12-09,5.240684261825316
2010-12-10,5.306482997146179
2010-12-13,5.397611194018142
2010-12-14,5.447429190771899
2010-12-15,5.464927624765514
2010-12-16,5.457793839031508
2010-12-17,5.4691013871653436
2010-12-20,5.432933725953008
2010-12-21,5.504552952749916
2010-12-22,5.479159834940061
2010-12-23,5.397526812947712
2010-12-24,5.322657979604753
2010-12-27,5.210011212810237
2010-12-28,5.147997214524858
2010-12-29,5.2214514594964045
2010-12-30,5.234883455151776
2010-12-31,5.300061761812704
2011-01-04,5.373932416491725
2011-01-05,5.395194717556616
2011-01-06,5.394472941977059
2011-01-07,5.36236698289373
2011-01-10,5.274243433529427
2011-01-11,5.213534922347875
2011-01-12,5.237680174010343
2011-01-13,5.250391319858093
2011-01-14,5.17269865611586
2011-01-17,4.99152304132696
2011-01-18,5.008592638628989
2011-01-19,5.093949426012575
2011-01-20,4.962720138300876
2011-01-21,4.993474908066648
2011-01-24,4.939730427834213
2011-01-25,4.921025442968589
2011-01-26,4.958211893773317
2011-01-27,5.00460714271366
2011-01-28,5.054888331442914
2011-01-31,5.068207383326533
2011-02-01,5.065187075098735
2011-02-09,5.0302934767396765
2011-02-10,5.144702557180019
2011-02-11,5.174155330342419
2011-02-14,5.218162993142195
2011-02-15,5.242606668463912
2011-02-16,5.294214758400402
2011-02-17,5.317755538452975
2011-02-18,5.273060657806571
2011-02-21,5.334945240361368
2011-02-22,5.270188631406901
2011-02-23,5.304592518442012
2011-02-24,5.315721566711686
2011-02-25,5.301317200822711
2011-02-28,5.351128255043708
2011-03-01,5.347647099834457
2011-03-02,5.334555223613234
2011-03-03,5.266807954816953
2011-03-04,5.289448585712532
2011-03-07,5.295235506045785
2011-03-08,5.328822625817341
2011-03-09,5.348023955644676
2011-03-10,5.361721582512288
2011-03-11,5.37273508736829
2011-03-14,5.389286582024148
2011-03-15,5.359208101906169
2011-03-16,5.388233184545621
2011-03-17,5.325403135317685
2011-03-18,5.3780978232532615
2011-03-21,5.362358716304338
2011-03-22,5.338559851852478
2011-03-23,5.390393157880793
2011-03-24,5.378555503260045
2011-03-25,5.380554597005082
2011-03-28,5.376007139566448
2011-03-29,5.273244351556505
2011-03-30,5.243507631005076
2011-03-31,5.230378946363474
2011-04-01,5.272095508771053
2011-04-06,5.252240711460038
2011-04-07,5.265156851777527
2011-04-08,5.328494051030038
2011-04-11,5.289237450011951
2011-04-12,5.272258536032813
2011-04-13,5.329129209309362
2011-04-14,5.314825647776261
2011-04-15,5.320168123286479
2011-04-18,5.309325302480973
2011-04-19,5.277850170740956
2011-04-20,5.296359290615736
2011-04-21,5.340559783750753
2011-04-22,5.352052906604637
2011-04-25,5.32284223310244
2011-04-26,5.245518563974634
2011-04-27,5.19652888817786
2011-04-28,5.043590439350023
2011-04-29,5.113046581565364
2011-05-03,5.155387824770362
2011-05-04,5.084993668498047
2011-05-05,5.123164620145499
2011-05-06,5.141602005544519
2011-05-09,5.181057834188994
2011-05-10,5.174987104014464
2011-05-11,5.188037306974222
2011-05-12,5.117484136455766
2011-05-13,5.120618757633451
2011-05-16,5.120692417665784
2011-05-17,5.103839967172667
2011-05-18,5.104311288585886
2011-05-19,5.100983060037156
2011-05-20,5.078754701942317
2011-05-23,4.951997592714093
2011-05-24,5.004959750583603
2011-05-25,4.91823786360267
2011-05-26,4.881273809717096
2011-05-27,4.822682070455305
2011-05-30,4.8203246121090295
2011-05-31,4.84892547887584
2011-06-01,4.870004879353863
2011-06-02,4.8422513907825
2011-06-03,4.858162085043647
2011-06-07,4.864512852537971
2011-06-08,4.86299773912987
2011-06-09,4.828528380779063
2011-06-10,4.82304425470315
2011-06-13,4.81693045898129
2011-06-14,4.8366442160671586
2011-06-15,4.817174003239102
2011-06-16,4.785488762403949
2011-06-17,4.768927183993254
2011-06-20,4.7506909461932665
2011-06-21,4.775896716704498
2011-06-22,4.776922678061588
2011-06-23,4.812492520827006
2011-06-24,4.8492446646058935
2011-06-27,4.872462757441145
2011-06-28,4.870920294980895
2011-06-29,4.858396598722241
2011-06-30,4.8632820499749485
2011-07-01,4.866391811145529
2011-07-04,4.89918474572
2011-07-05,4.904157968537515
2011-07-06,4.921989739288976
2011-07-07,4.931574600565572
2011-07-08,4.924732680322987
2011-07-11,4.936697861517992
2011-07-12,4.915196489121955
2011-07-13,4.946846004995192
2011-07-14,4.972215064205116
2011-07-15,4.993535325990766
2011-07-18,4.9904445596703075
2011-07-19,4.967491873227082
2011-07-20,4.973254304557644
2011-07-21,4.954280221502789
2011-07-22,4.962179597355708
2011-07-25,4.907422170970819
2011-07-26,4.914316235244747
2011-07-27,4.941489818005932
2011-07-28,4.939586114342429
2011-07-29,4.940602438331523
2011-08-01,4.939615991018138
2011-08-02,4.949683628255988
2011-08-03,4.973745978859337
2011-08-04,4.971593271515199
2011-08-05,4.93267521964274
2011-08-08,4.853391692627926
2011-08-09,4.840083917851836
2011-08-10,4.867526708651877
2011-08-11,4.904795732031034
2011-08-12,4.932452496254026
2011-08-15,4.951496763398467
2011-08-16,4.94315435315256
2011-08-17,4.94668799614677
2011-08-18,4.922433602026662
2011-08-19,4.91772116241697
2011-08-22,4.926707208707494
2011-08-23,4.967879437752519
2011-08-24,4.97451899131085
2011-08-25,4.987993859493073
2011-08-26,4.996949197032977
2011-08-29,4.983197595007987
2011-08-30,4.965929840932069
2011-08-31,4.9650564607673155
2011-09-01,4.959041522832056
2011-09-02,4.95141464130472
2011-09-05,4.92410642301502
2011-09-06,4.90976152861702
2011-09-07,4.944736410224179
2011-09-08,4.936556907196408
2011-09-09,4.9315838853566145
2011-09-13,4.911618122818937
2011-09-14,4.927250494647063
2011-09-15,4.927877956617337
2011-09-16,4.936442885090813
2011-09-19,4.909009821251671
2011-09-20,4.914221215232397
2011-09-21,4.948321341872294
2011-09-22,4.917327622895055
2011-09-23,4.906891872694756
2011-09-26,4.8917539963065435
2011-09-27,4.89719265832023
2011-09-28,4.879202843912641
2011-09-29,4.834863446384468
2011-09-30,4.836500963632845
2011-10-10,4.825959009249854
2011-10-11,4.818203889581588
2011-10-12,4.850919781913468
2011-10-13,4.86145746161857
2011-10-14,4.850798013722484
2011-10-17,4.8599364009772605
2011-10-18,4.838633092229125
2011-10-19,4.8382183988360365
2011-10-20,4.801209885016091
2011-10-21,4.777162487846602
2011-10-24,4.793496509243609
2011-10-25,4.826855699907472
2011-10-26,4.849462082880543
2011-10-27,4.847926125454407
2011-10-28,4.874402143298896
2011-10-31,4.887681642400001
2011-11-01,4.878856161282337
2011-11-02,4.901953915085167
2011-11-03,4.903993148693365
2011-11-04,4.9155113343089445
2011-11-07,4.914901838136563
2011-11-08,4.904136700181953
2011-11-09,4.923405600886321
2011-11-10,4.928927490932713
2011-11-11,4.9441429633622995
2011-11-14,4.971140356394269
2011-11-15,4.971033171459983
2011-11-16,4.944109165918037
2011-11-17,4.946499905165646
2011-11-18,4.916716744261352
2011-11-21,4.915896834226122
2011-11-22,4.91767174949009
2011-11-23,4.917572197327139
2011-11-24,4.912527988404981
2011-11-25,4.90445757458263
2011-11-28,4.9047516147059245
2011-11-29,4.929679468862413
2011-11-30,4.880875004507161
2011-12-01,4.894172388928355
2011-12-02,4.886519085491173
2011-12-05,4.863459676261413
2011-12-06,4.864998912652375
2011-12-07,4.869688988417948
2011-12-08,4.87237267523256
2011-12-09,4.8627762710947176
2011-12-12,4.850172630710066
2011-12-13,4.816536866710345
2011-12-14,4.803590532540714
2011-12-15,4.7816218866475655
2011-12-16,4.802842557823564
2011-12-19,4.800936090849104
2011-12-20,4.799281858442103
2011-12-21,4.78059064000611
2011-12-22,4.762234042633097
2011-12-23,4.7689422252735705
2011-12-26,4.760568701011728
2011-12-27,4.733805444947376
2011-12-28,4.719126259390114
2011-12-29,4.717629959152098
2011-12-30,4.73449458390311
2012-01-04,4.705279952283761
2012-01-05,4.654459313336037
2012-01-06,4.654507841947468
2012-01-09,4.687154906709653
2012-01-10,4.718714518430523
2012-01-11,4.718617263532033
2012-01-12,4.711662695623669
2012-01-13,4.669167456915597
2012-01-16,4.627973927689919
2012-01-17,4.672160703758668
2012-01-18,4.643141732687508
2012-01-19,4.653075596403329
2012-01-20,4.6710334599753205
2012-01-30,4.67090160860265
2012-01-31,4.670467247413519
2012-02-01,4.667389095209046
2012-02-02,4.681400694551026
2012-02-03,4.695359622102421
2012-02-06,4.705561393881123
2012-02-07,4.685779659816052
2012-02-08,4.712473752640548
2012-02-09,4.722579407219768
2012-02-10,4.721426768753717
2012-02-13,4.73092352192699
2012-02-14,4.728825330368197
2012-02-15,4.743677511932629
2012-02-16,4.748630164510242
2012-02-17,4.7418454571143
2012-02-20,4.742081082763597
2012-02-21,4.7527485736854045
2012-02-22,4.769151747716972
2012-02-23,4.775791401640076
2012-02-24,4.780443295425676
2012-02-27,4.777646463039328
2012-02-28,4.766426415986309
2012-02-29,4.750075580724677
2012-03-01,4.752211935923019
2012-03-02,4.770286083617595
2012-03-05,4.76826556940635
2012-03-06,4.75863245869381
2012-03-07,4.7582422620854175
2012-03-08,4.769261641709734
2012-03-09,4.788355356022776
2012-03-12,4.800468446949544
2012-03-13,4.815131840242511
2012-03-14,4.773250046330229
2012-03-15,4.776346684386423
2012-03-16,4.799132599572964
2012-03-19,4.812866692853102
2012-03-20,4.783738858920922
2012-03-21,4.782749321625984
2012-03-22,4.780054810325379
2012-03-23,4.757060857814058
2012-03-26,4.752673735547827
2012-03-27,4.751064155672352
2012-03-28,4.695045328212991
2012-03-29,4.672239729213689
2012-03-30,4.667894132238173
2012-04-05,4.690605120030351
2012-04-06,4.6958661465969564
2012-04-09,4.6805498870078255
2012-04-10,4.690620656905459
2012-04-11,4.69373602927937
2012-04-12,4.716822521557359
2012-04-13,4.725395052021104
2012-04-16,4.721332412002978
2012-04-17,4.720264590450286
2012-04-18,4.7339595924210345
2012-04-19,4.737470285753088
2012-04-20,4.745456053997149
2012-04-23,4.715430657116223
2012-04-24,4.699071981448029
2012-04-25,4.717051791926908
2012-04-26,4.718577221116838
2012-04-27,4.71974309848936
2012-05-02,4.744877202060374
2012-05-03,4.7541367456599835
2012-05-04,4.775683873118578
2012-05-07,4.799484264679891
2012-05-08,4.80066648991272
2012-05-09,4.782019760069094
2012-05-10,4.787447809776092
2012-05-11,4.772282866062354
2012-05-14,4.762669287889299
2012-05-15,4.752522766493467
2012-05-16,4.73341875449841
2012-05-17,4.755967825173833
2012-05-18,4.739939911372564
2012-05-21,4.735849802044052
2012-05-22,4.759410071924357
2012-05-23,4.76219151882861
2012-05-24,4.749542723091703
2012-05-25,4.7283430765298435
2012-05-28,4.74144143426935
2012-05-29,4.767188010559014
2012-05-30,4.770739294661927
2012-05-31,4.79038455514743
2012-06-01,4.784419610564404
2012-06-04,4.726775845921273
2012-06-05,4.732068480103319
2012-06-06,4.724175479082223
2012-06-07,4.7207022114687245
2012-06-08,4.712544162997843
2012-06-11,4.75248108971422
2012-06-12,4.753732683233403
2012-06-13,4.788470211834011
2012-06-14,4.780553956474052
2012-06-15,4.794495120209297
2012-06-18,4.827759506162692
2012-06-19,4.824055458730375
2012-06-20,4.848022506962856
2012-06-21,4.815196351628287
2012-06-25,4.769576125386382
2012-06-26,4.774470299252146
2012-06-27,4.781662165964883
2012-06-28,4.77906516766051
2012-06-29,4.808027069469073
2012-07-02,4.8241086319676585
2012-07-03,4.839236839017354
2012-07-04,4.837433108741485
2012-07-05,4.7987334392664796
2012-07-06,4.818073554961171
2012-07-09,4.7863642487036975
2012-07-10,4.779478072537438
2012-07-11,4.781132800849632
2012-07-12,4.797009160596142
2012-07-13,4.786566481760752
2012-07-16,4.707206215074237
2012-07-17,4.71734454973796
2012-07-18,4.7181591712654525
2012-07-19,4.747880659142374
2012-07-20,4.739001082250319
2012-07-23,4.732633983787238
2012-07-24,4.747390210467899
2012-07-25,4.739843120741822
2012-07-26,4.73413478334606
2012-07-27,4.731399502253244
2012-07-30,4.71530789677141
2012-07-31,4.694778031325216
2012-08-01,4.703773898877358
2012-08-02,4.694044137188281
2012-08-03,4.723466574573598
2012-08-06,4.751933835325445
2012-08-07,4.759775591680303
2012-08-08,4.755919958995944
2012-08-09,4.78239623060032
2012-08-10,4.7812785326794955
2012-08-13,4.748672855776511
2012-08-14,4.762377723495641
2012-08-15,4.743687457167141
2012-08-16,4.744852465434534
2012-08-17,4.746315318896864
2012-08-20,4.7594014005878735
2012-08-21,4.794690243572016
2012-08-22,4.785298639221175
2012-08-23,4.816669103438475
2012-08-24,4.7983034710380235
2012-08-27,4.777502125652078
2012-08-28,4.795371778311143
2012-08-29,4.799476153627668
2012-08-30,4.768377463796899
2012-08-31,4.778025662283406
2012-09-03,4.79256577138947
2012-09-04,4.795397192190643
2012-09-05,4.818480434092446
2012-09-06,4.8280475204633975
2012-09-07,4.863564466488768
2012-09-10,4.864992816212947
2012-09-11,4.861312507711979
2012-09-12,4.867835207677196
2012-09-13,4.855029055030214
2012-09-14,4.855958670225923
2012-09-17,4.815797888436426
2012-09-18,4.809101026807573
2012-09-19,4.814058864296835
2012-09-20,4.7739312691562175
2012-09-21,4.760822003062577
2012-09-24,4.764694597540116
2012-09-25,4.761831059687828
2012-09-26,4.732864578498206
2012-09-27,4.757206533492996
2012-09-28,4.779274826660249
2012-10-08,4.7705140842873615
2012-10-09,4.803548975718535
2012-10-10,4.811942845696199
2012-10-11,4.791092084374672
2012-10-12,4.788765977544258
2012-10-15,4.7733027428039145
2012-10-16,4.777414416678847
2012-10-17,4.787018445088357
2012-10-18,4.802017850029061
2012-10-19,4.799299347784676
2012-10-22,4.8084953137954916
2012-10-23,4.798831603626988
2012-10-24,4.797261585850572
2012-10-25,4.78966851579761
2012-10-26,4.7702819189194985
2012-10-29,4.7688884107806055
2012-10-30,4.777395608420545
2012-10-31,4.783491868471696
2012-11-01,4.795843889415504
2012-11-02,4.801972034008395
2012-11-05,4.798169695335153
2012-11-06,4.793701934789239
2012-11-07,4.795328919209509
2012-11-08,4.773195310780973
2012-11-09,4.774636189916603
2012-11-12,4.778947850541684
2012-11-13,4.762345107249956
2012-11-14,4.764212863167675
2012-11-15,4.740637588332863
2012-11-16,4.733195429761541
2012-11-19,4.738244862541359
2012-11-20,4.739241506282002
2012-11-21,4.753648920696358
2012-11-22,4.7474327745648655
2012-11-23,4.747001406607063
2012-11-26,4.738217635699417
2012-11-27,4.6949325487307485
2012-11-28,4.6770284126097454
2012-11-29,4.662848069135102
2012-11-30,4.667489717641296
2012-12-03,4.638930163118811
2012-12-04,4.646572682156502
2012-12-05,4.678155376703375
2012-12-06,4.676019061145362
2012-12-07,4.6963155670149686
2012-12-10,4.709554455261106
2012-12-11,4.69998737462416
2012-12-12,4.698294758069539
2012-12-13,4.692980612043152
2012-12-14,4.727135664572965
2012-12-17,4.7337744268520785
2012-12-18,4.7367308012781
2012-12-19,4.741554800104034
2012-12-20,4.75659252417908
2012-12-21,4.7688427814279635
2012-12-24,4.777630402892373
2012-12-25,4.802157176819555
2012-12-26,4.825353732846161
2012-12-27,4.8008497773745535
2012-12-28,4.812083591769484
2012-12-31,4.813410291055943
2013-01-04,4.793961940421496
2013-01-07,4.838203635270523
2013-01-08,4.906131206683055
2013-01-09,4.89785271994714
2013-01-10,4.902203791775939
2013-01-11,4.881147957626908
2013-01-14,4.975892842817086
2013-01-15,5.002286349703522
2013-01-16,4.975784611491648
2013-01-17,4.947117063723065
2013-01-18,4.97875916893834
2013-01-21,4.9928011527540725
2013-01-22,4.936999374538384
2013-01-23,4.943240863965306
2013-01-24,4.88036376166659
2013-01-25,4.876608677788686
2013-01-28,4.9425209672277886
2013-01-29,4.975746561665635
2013-01-30,4.965786963060694
2013-01-31,4.936232440663316
2013-02-01,4.966141127317768
2013-02-04,4.947623101810955
2013-02-05,4.9698160552217665
2013-02-06,4.9853568268995705
2013-02-07,5.002413472445392
2013-02-08,5.052549541900536
2013-02-18,5.079683655796135
2013-02-19,5.039629041313267
2013-02-20,5.110812126768265
2013-02-21,5.067747397857985
2013-02-22,5.086407996997901
2013-02-25,5.137662321966733
2013-02-26,5.096906866119653
2013-02-27,5.076812691045543
2013-02-28,5.141092076437361
2013-03-01,5.210463856797429
2013-03-04,5.111947557117822
2013-03-05,5.199860456018649
2013-03-06,5.290712379507639
2013-03-07,5.246962609745054
2013-03-08,5.230590319917523
2013-03-11,5.223628565392125
2013-03-12,5.07984208175087
2013-03-13,5.063182543589336
2013-03-14,5.0646776136309155
2013-03-15,5.08616379285614
2013-03-18,5.015332119992243
2013-03-19,5.025703813790607
2013-03-20,5.136027932057236
2013-03-21,5.182730862855068
2013-03-22,5.181344311751786
2013-03-25,5.184646152532151
2013-03-26,5.147560990076799
2013-03-27,5.16318654730223
2013-03-28,5.017337509716247
2013-03-29,4.997041176106099
2013-04-01,5.00879320901792
2013-04-02,4.9552748480856
2013-04-03,4.900601774604762
2013-04-08,4.870225424904636
2013-04-09,4.8983373787933
2013-04-10,4.9037759031489605
2013-04-11,4.912110611999888
2013-04-12,4.905103348073611
2013-04-15,4.874951239168004
2013-04-16,4.94598266344524
2013-04-17,4.971773849442719
2013-04-18,4.984750367927497
2013-04-19,5.070515075462006
2013-04-22,5.07260483249467
2013-04-23,4.978537347426404
2013-04-24,5.084035741978067
2013-04-25,5.069357363372141
2013-04-26,4.988156011567929
2013-05-02,5.006579461357227
2013-05-03,5.066373393943891
2013-05-06,5.152766052538944
2013-05-07,5.15203161665014
2013-05-08,5.21290564931223
2013-05-09,5.253117849704082
2013-05-10,5.283607523213824
2013-05-13,5.299120519276021
2013-05-14,5.23064336895214
2013-05-15,5.317332749591631
2013-05-16,5.330111375293654
2013-05-17,5.396112639980314
2013-05-20,5.5046638409139925
2013-05-21,5.581635733449016
2013-05-22,5.505154548400883
2013-05-23,5.532452431892667
2013-05-24,5.649015551727574
2013-05-27,5.711203822625213
2013-05-28,5.6275453681436245
2013-05-29,5.680088429016877
2013-05-30,5.701119002276889
2013-05-31,5.690729588075551
2013-06-03,5.626535646392585
2013-06-04,5.5174894748907874
2013-06-05,5.5629059081643675
2013-06-06,5.481911022729519
2013-06-07,5.4356831192392985
2013-06-13,5.31505333469346
2013-06-14,5.409101876578049
2013-06-17,5.462184043252375
2013-06-18,5.496789394727873
2013-06-19,5.505959609178109
2013-06-20,5.415918982083163
2013-06-21,5.397279181105428
2013-06-24,5.1247450390403175
2013-06-25,5.07876198302722
2013-06-26,5.171496693367166
2013-06-27,5.060376345059049
2013-06-28,5.001617653315205
2013-07-01,5.049771701960276
2013-07-02,5.093297384882443
2013-07-03,5.106491814404279
2013-07-04,5.126812248064515
2013-07-05,5.09454844846428
2013-07-08,5.015299643481148
2013-07-09,5.05284402262827
2013-07-10,5.110180166885949
2013-07-11,5.1550068153666935
2013-07-12,5.152211348905068
2013-07-15,5.1905223378429195
2013-07-16,5.2207758604966825
2013-07-17,5.196913209370741
2013-07-18,5.221530907698189
2013-07-19,5.190719856336322
2013-07-22,5.241303195918561
2013-07-23,5.294037978007619
2013-07-24,5.312902535257794
2013-07-25,5.238775195939273
2013-07-26,5.267886600720845
2013-07-29,5.25109964848325
2013-07-30,5.244779096603639
2013-07-31,5.281575336853551
2013-08-01,5.390652728997714
2013-08-02,5.413504382421415
2013-08-05,5.481140387996168
2013-08-06,5.500127439523271
2013-08-07,5.466533625732962
2013-08-08,5.516371071737326
2013-08-09,5.525168715109532
2013-08-12,5.569734734251666
2013-08-13,5.5896156508534505
2013-08-14,5.602290435836422
2013-08-15,5.562042808650569
2013-08-16,5.489146275520724
2013-08-19,5.564083486798606
2013-08-20,5.595509622012775
2013-08-21,5.626966968172482
2013-08-22,5.626308145214875
2013-08-23,5.597512394622615
2013-08-26,5.662108928590371
2013-08-27,5.670525954677494
2013-08-28,5.602920158521878
2013-08-29,5.628899144365314
2013-08-30,5.565143773774569
2013-09-02,5.588606031999716
2013-09-03,5.634018764303974
2013-09-04,5.622430367076882
2013-09-05,5.639752361468756
2013-09-06,5.657055814884889
2013-09-09,5.692236418168549
2013-09-10,5.695093163436338
2013-09-11,5.675471867708593
2013-09-12,5.674364779982735
2013-09-13,5.693725920271821
2013-09-16,5.720285414008848
2013-09-17,5.6592593629544155
2013-09-18,5.688132023355282
2013-09-23,5.751414597349899
2013-09-24,5.789465030521069
2013-09-25,5.801728820862821
2013-09-26,5.771102280456526
2013-09-27,5.764771319394169
2013-09-30,5.81209726854328
2013-10-08,5.8534896635167275
2013-10-09,5.878100149423153
2013-10-10,5.8490055109576655
2013-10-11,5.912864329263403
2013-10-14,5.962634822091177
2013-10-15,5.94881801027821
2013-10-16,5.840749077744245
2013-10-17,5.876132378871524
2013-10-18,5.908848277527524
2013-10-21,6.0326099816407455
2013-10-22,6.043969937087576
2013-10-23,5.942579276023278
2013-10-24,5.927212669605738
2013-10-25,5.9149972074083115
2013-10-28,5.948094936296367
2013-10-29,5.764343872033107
2013-10-30,5.888354403544492
2013-10-31,5.938880768441642
2013-11-01,5.903879141320333
2013-11-04,5.9310265575137455
2013-11-05,5.966977516623363
2013-11-06,5.9373062450735
2013-11-07,5.907969889300236
2013-11-08,5.849898234519735
2013-11-11,5.971497855726735
2013-11-12,6.079787531837602
2013-11-13,6.032241425020223
2013-11-14,6.179799645145931
2013-11-15,6.332614231515634
2013-11-18,6.418183865975202
2013-11-19,6.418399462694443
2013-11-20,6.410379977180282
2013-11-21,6.362703793943165
2013-11-22,6.370013322037638
2013-11-25,6.438071157441167
2013-11-26,6.484197691236835
2013-11-27,6.5250417466391
2013-11-28,6.5821520404490395
2013-11-29,6.702419749990605
2013-12-02,6.268641784746927
2013-12-03,6.384245054675962
2013-12-04,6.559557016725938
2013-12-05,6.625210869279807
2013-12-06,6.620594917448903
2013-12-09,6.720773402117515
2013-12-10,6.707670992593928
2013-12-11,6.642089909293998
2013-12-12,6.72062521994524
2013-12-13,6.803730406252392
2013-12-16,6.729173505564649
2013-12-17,6.674090109698081
2013-12-18,6.664762585450388
2013-12-19,6.625830157913304
2013-12-20,6.567314217402521
2013-12-23,6.541660986892347
2013-12-24,6.593832584382514
2013-12-25,6.742330252898314
2013-12-26,6.6617160216501645
2013-12-27,6.780782054487251
2013-12-30,6.868817360807998
2013-12-31,6.815283548662452
2014-01-02,6.8934444399192145
2014-01-03,6.881682119409613
2014-01-06,6.79786311226788
2014-01-07,6.842550518967429
2014-01-08,6.8666747045938665
2014-01-09,6.74300512403301
2014-01-10,6.650253591643903
2014-01-13,6.647576796311473
2014-01-14,6.789002565309994
2014-01-15,6.9143383997489085
2014-01-16,6.9229243825150615
2014-01-17,6.903321592032492
2014-01-20,6.875575018553177
2014-01-21,7.001373508859842
2014-01-22,7.075773533345989
2014-01-23,7.141637437000149
2014-01-24,7.146252789772547
2014-01-27,7.1154035754167495
2014-01-28,7.097821869412081
2014-01-29,7.1740704448759836
2014-01-30,7.164675820599866
2014-02-07,7.23892461918134
2014-02-10,7.3698145322216995
2014-02-11,7.382887238953944
2014-02-12,7.483711588545635
2014-02-13,7.384995876193444
2014-02-14,7.546415320991077
2014-02-17,7.686024244978324
2014-02-18,7.692616853322009
2014-02-19,7.65301885866566
2014-02-20,7.596307481274986
2014-02-21,7.572888693011738
2014-02-24,7.618599390600643
2014-02-25,7.387544729978178
2014-02-26,7.4162813999372625
2014-02-27,7.383815951830276
2014-02-28,7.460060638316789
2014-03-03,7.545187986971454
2014-03-04,7.528644454529482
2014-03-05,7.505529796492657
2014-03-06,7.495806582402451
2014-03-07,7.458729019078444
2014-03-10,7.268323484924771
2014-03-11,7.249426951467405
2014-03-12,7.276618256665902
2014-03-13,7.325548293872526
2014-03-14,7.34831152390382
2014-03-17,7.452666737102358
2014-03-18,7.519985567278506
2014-03-19,7.515065638011444
2014-03-20,7.406780829353523
2014-03-21,7.494326239976927
2014-03-24,7.5534431408696765
2014-03-25,7.541876624166746
2014-03-26,7.552645551347884
2014-03-27,7.426791952244699
2014-03-28,7.2967380434061795
2014-03-31,7.254166241264839
2014-04-01,7.334116018185453
2014-04-02,7.319463619188397
2014-04-03,7.348959821049587
2014-04-04,7.380836112617377
2014-04-08,7.408841326607364
2014-04-09,7.478001054749126
2014-04-10,7.480946890183533
2014-04-11,7.44992646446941
2014-04-14,7.5082678877586435
2014-04-15,7.472962742474249
2014-04-16,7.50044888908897
2014-04-17,7.515584252661921
2014-04-18,7.518936227865657
2014-04-21,7.439498325513869
2014-04-22,7.389220616592235
2014-04-23,7.37790814441265
2014-04-24,7.375581741284773
2014-04-25,7.274839771972271
2014-04-28,7.143343989790178
2014-04-29,7.188039294473454
2014-04-30,7.237574534660621
2014-05-05,7.269346894570599
2014-05-06,7.309698927669945
2014-05-07,7.272526325689755
2014-05-08,7.298339576414617
2014-05-09,7.279931615334996
2014-05-12,7.346897051738473
2014-05-13,7.347207574208547
2014-05-14,7.340385009589902
2014-05-15,7.282332437768379
2014-05-16,7.256892865140925
2014-05-19,7.267202934577701
2014-05-20,7.294612805145098
2014-05-21,7.344272277860872
2014-05-22,7.36466260221377
2014-05-23,7.404706620646185
2014-05-26,7.453258465359469
2014-05-27,7.436011876366354
2014-05-28,7.476431047689964
2014-05-29,7.395139779539573
2014-05-30,7.421598892515446
2014-06-03,7.420863376572057
2014-06-04,7.40676139186033
2014-06-05,7.45826753788592
2014-06-06,7.452744797879624
2014-06-09,7.443612651676285
2014-06-10,7.491134548779367
2014-06-11,7.5199861355430135
2014-06-12,7.534729434105472
2014-06-13,7.55952594928569
2014-06-16,7.6025727297440255
2014-06-17,7.58633909424038
2014-06-18,7.559322328753377
2014-06-19,7.453403727150865
2014-06-20,7.513452567767234
2014-06-23,7.566904925899817
2014-06-24,7.587877523207504
2014-06-25,7.585687129849948
2014-06-26,7.644046974284111
2014-06-27,7.648089267308649
2014-06-30,7.699394764397792
2014-07-01,7.713157979313559
2014-07-02,7.730509211713669
2014-07-03,7.755954010047236
2014-07-04,7.770721465046232
2014-07-07,7.773694259092827
2014-07-08,7.802876476842417
2014-07-09,7.765473841724094
2014-07-10,7.766847203317421
2014-07-11,7.8036435418128525
2014-07-14,7.871898080171324
2014-07-15,7.8376685124745284
2014-07-16,7.800627693494307
2014-07-17,7.796782719960512
2014-07-18,7.8126492299165795
2014-07-21,7.791199326649865
2014-07-22,7.828136299170582
2014-07-23,7.778761389514813
2014-07-24,7.788328654780612
2014-07-25,7.806075633975818
2014-07-28,7.855761607344442
2014-07-29,7.897701884708518
2014-07-30,7.900874494560155
2014-07-31,7.944041371366539
2014-08-01,7.898777742810602
2014-08-04,7.991069177555381
2014-08-05,8.03284909339206
2014-08-06,8.037026472041829
2014-08-07,7.98431276255093
2014-08-08,8.02836187570513
2014-08-11,8.091210687729784
2014-08-12,8.09751059840814
2014-08-13,8.135574892260149
2014-08-14,8.146200973928012
2014-08-15,8.219947524376641
2014-08-18,8.274335144973064
2014-08-19,8.275619066119491
2014-08-20,8.319208130211592
2014-08-21,8.328116017900363
2014-08-22,8.395430494555372
2014-08-25,8.39341520532674
2014-08-26,8.298813633742137
2014-08-27,8.312385241918308
2014-08-28,8.315326981123512
2014-08-29,8.355370027201262
2014-09-01,8.434676249674059
2014-09-02,8.530878219373102
2014-09-03,8.60676416493729
2014-09-04,8.661609280556451
2014-09-05,8.706030231316792
2014-09-09,8.820586508305729
2014-09-10,8.870481724557143
2014-09-11,8.83040640049524
2014-09-12,8.929845964625052
2014-09-15,9.015761221702153
2014-09-16,8.774102713968755
2014-09-17,8.856017259742424
2014-09-18,8.935626627979362
2014-09-19,8.99335258434569
2014-09-22,8.98909552998144
2014-09-23,9.114074630294107
2014-09-24,9.234868025592935
2014-09-25,9.18149078655436
2014-09-26,9.246730363388753
2014-09-29,9.393105998105066
2014-09-30,9.441252058273866
2014-10-08,9.503652625202891
2014-10-09,9.492095851725844
2014-10-10,9.471182210866186
2014-10-13,9.559890548465189
2014-10-14,9.54626214596281
2014-10-15,9.560205194544125
2014-10-16,9.455507886719301
2014-10-17,9.37137441476216
2014-10-20,9.491933944506922
2014-10-21,9.446409098674193
2014-10-22,9.361322259880511
2014-10-23,9.245172723795443
2014-10-24,9.269414009875018
2014-10-27,9.399970109525356
2014-10-28,9.639850265120874
2014-10-29,9.740007739815342
2014-10-30,9.756738950686817
2014-10-31,9.730093817154417
2014-11-03,9.86322855779264
2014-11-04,9.75994441887921
2014-11-05,9.75767070316974
2014-11-06,9.948802452115643
2014-11-07,9.950502164510644
2014-11-10,9.991189736475615
2014-11-11,9.621432321200555
2014-11-12,9.85145519301966
2014-11-13,9.709141591347853
2014-11-14,9.639942204789449
2014-11-17,9.79383629479352
2014-11-18,9.827647502472217
2014-11-19,9.951963176603082
2014-11-20,9.904001316719064
2014-11-21,10.055033784270375
2014-11-24,10.117514112320372
2014-11-25,10.217979118237688
2014-11-26,10.257374236647717
2014-11-27,10.393935702228909
2014-11-28,10.418336310549625
2014-12-01,10.239957064280766
2014-12-02,10.424227624816725
2014-12-03,10.518145286587302
2014-12-04,10.529834439687571
2014-12-05,10.162039714190135
2014-12-08,10.028851735774202
2014-12-09,9.50708907351805
2014-12-10,9.850703993331756
2014-12-11,9.997035156171309
2014-12-12,10.084261218768537
2014-12-15,10.307630289491865
2014-12-16,10.272333101906158
2014-12-17,10.060869863536773
2014-12-18,10.020331694735662
2014-12-19,9.882482549186133
2014-12-22,9.379274956440424
2014-12-23,9.411038590710016
2014-12-24,9.758523756232647
2014-12-25,9.971354946534294
2014-12-26,9.98635675717034
2014-12-29,9.816415071930715
2014-12-30,9.634533048866013
2014-12-31,9.706303723439506
2015-01-05,9.669607991106254
2015-01-06,9.938209797104191
2015-01-07,9.877335854421734
2015-01-08,9.907117229794773
2015-01-09,9.833423717233527
2015-01-12,9.734735535013797
2015-01-13,9.886155610108254
2015-01-14,9.863189881154012
2015-01-15,9.862846075536744
2015-01-16,9.991043134354472
2015-01-19,9.915584538791506
2015-01-20,10.284005036596021
2015-01-21,10.49389812265056
2015-01-22,10.648517043751788
2015-01-23,10.562975050775743
2015-01-26,10.746152004840884
2015-01-27,10.761247333008379
2015-01-28,10.769766757567934
2015-01-29,10.662014680205926
2015-01-30,10.453514300516737
2015-02-02,10.438105065964445
2015-02-03,10.566229401836916
2015-02-04,10.600470348823785
2015-02-05,10.585476463587325
2015-02-06,10.417058252580885
2015-02-09,10.37187541175883
2015-02-10,10.46670081286829
2015-02-11,10.57485314357
2015-02-12,10.66707171362377
2015-02-13,10.889078723480687
2015-02-16,11.100020025758397
2015-02-17,11.122354208761868
2015-02-25,10.997745097414326
2015-02-26,11.041282521456955
2015-02-27,11.176967818719094
2015-03-02,11.314344842943633
2015-03-03,11.250502806795128
2015-03-04,11.419110259569072
2015-03-05,11.464137165962237
2015-03-06,11.474645899865623
2015-03-09,11.676270182534207
2015-03-10,11.746369665524444
2015-03-11,11.851591845108235
2015-03-12,11.819908297614457
2015-03-13,11.944933265513201
2015-03-16,12.17800984836963
2015-03-17,12.20767910276702
2015-03-18,12.403220088691755
2015-03-19,12.508638293221662
2015-03-20,12.696713418705292
2015-03-23,13.142427942971938
2015-03-24,13.121721505049287
2015-03-25,13.290702973124528
2015-03-26,13.08452129283662
2015-03-27,13.244363825332064
2015-03-30,13.202773822287773
2015-03-31,13.368561483775922
2015-04-01,13.745913454205473
2015-04-02,14.111939477788786
2015-04-03,14.456313932718473
2015-04-07,14.824532482894107
2015-04-08,14.841320707095525
2015-04-09,14.7435352290082
2015-04-10,15.02955691558232
2015-04-13,15.36875165543983
2015-04-14,15.09629387736252
2015-04-15,14.438075698103772
2015-04-16,14.542045583118911
2015-04-17,14.544000195921669
2015-04-20,14.423978157686497
2015-04-21,14.842088129171461
2015-04-22,15.155391209238058
2015-04-23,15.14408345617494
2015-04-24,15.110831874629422
2015-04-27,15.182553973118768
2015-04-28,14.86810991796279
2015-04-29,15.107523216220118
2015-04-30,15.057468996462791
2015-05-04,15.213520700796215
2015-05-05,15.01942351296543
2015-05-06,14.951347572854337
2015-05-07,14.740559913209792
2015-05-08,15.269065713305466
2015-05-11,15.893989221281913
2015-05-12,16.06033887795172
2015-05-13,15.993169081023755
2015-05-14,16.392550821413533
2015-05-15,16.430558679636007
2015-05-18,16.98632661597298
2015-05-19,17.19194916877032
2015-05-20,17.373324466889727
2015-05-21,17.829967314814326
2015-05-22,17.93509027419358
2015-05-25,18.09291324424633
2015-05-26,18.91321392630745
2015-05-27,19.566566997817294
2015-05-28,19.264714339609554
2015-05-29,19.579986333769728
2015-06-01,20.27947945044873
2015-06-02,21.05626199632349
2015-06-03,21.306227413509088
2015-06-04,20.908125373442868
2015-06-05,21.142567969101158
2015-06-08,20.738150950469837
2015-06-09,20.753353453872016
2015-06-10,20.94893583076286
2015-06-11,21.189839106973555
2015-06-12,21.547004905820124
2015-06-15,21.15883137030756
2015-06-16,20.474935438673405
2015-06-17,20.931576069816956
2015-06-18,20.428011883983434
2015-06-19,19.34567884977714
2015-06-23,19.28708597006772
2015-06-24,19.700707032004562
2015-06-25,19.202659055330866
2015-06-26,18.043580556759252
2015-06-29,17.182150032750883
2015-06-30,17.466407932873707
2015-07-01,17.2023375775424
2015-07-02,16.82812394306088
2015-07-03,16.469518610051978
2015-07-06,16.194277964099417
2015-07-07,15.786207007756135
2015-07-08,15.694719776337704
2015-07-09,16.128811607471064
2015-07-10,16.57480931433728
2015-07-13,17.02968957623169
2015-07-14,17.288472680537172
2015-07-15,16.930750178422358
2015-07-16,17.06720402685297
2015-07-17,17.42997255118653
2015-07-20,17.558948893395495
2015-07-21,17.664969282322936
2015-07-22,17.77201838629779
2015-07-23,17.987080202958065
2015-07-24,17.849496212116165
2015-07-27,17.378231828787268
2015-07-28,17.117955674888922
2015-07-29,17.447242516296257
2015-07-30,17.306746880227585
2015-07-31,17.21390904626039
2015-08-03,16.894536462445167
2015-08-04,17.236849643449144
2015-08-05,17.268126655859398
2015-08-06,17.292296513653454
2015-08-07,17.477867977999864
2015-08-10,17.728083251964442
2015-08-11,17.83185302747165
2015-08-12,17.80693171766473
2015-08-13,17.951710122098927
2015-08-14,17.93526537647348
2015-08-17,17.989159366305575
2015-08-18,17.595230350676903
2015-08-19,17.74360243146228
2015-08-20,17.663814609035693
2015-08-21,17.36815877514774
2015-08-24,16.95394159516044
2015-08-25,16.552588749738923
2015-08-26,16.42140103276597
2015-08-27,16.622879876621493
2015-08-28,16.920582096069037
2015-08-31,16.79730677571265
2015-09-01,16.59727438569217
2015-09-02,16.519849311700465
2015-09-07,16.598129893413926
2015-09-08,16.743916567846696
2015-09-09,16.842608581712938
2015-09-10,16.80064789929621
2015-09-11,16.836164433061654
2015-09-14,16.641230306367085
2015-09-15,16.51241502640333
2015-09-16,16.70632021482704
2015-09-17,16.696940648191873
2015-09-18,16.75615946755256
2015-09-21,16.852643032494427
2015-09-22,16.865568626908004
2015-09-23,16.853821206195693
2015-09-24,16.898473703608616
2015-09-25,16.806054995213835
2015-09-28,16.893322860520087
2015-09-29,16.886399874495485
2015-09-30,16.902697197473774
2015-10-08,16.984345248801684
2015-10-09,17.03187348915271
2015-10-12,17.1028540756016
2015-10-13,17.139301123916113
2015-10-14,17.105769951842948
2015-10-15,17.188906557977084
2015-10-16,17.203518584672228
2015-10-19,17.198164984234538
2015-10-20,17.24013846127896
2015-10-21,17.117697087526135
2015-10-22,17.232528375210197
2015-10-23,17.347520042492796
2015-10-26,17.377258150935685
2015-10-27,17.38910354824886
2015-10-28,17.331048795992437
2015-10-29,17.34993029244602
2015-10-30,17.382949107616383
2015-11-02,17.38294199211586
2015-11-03,17.436513439703536
2015-11-04,17.583333060694564
2015-11-05,17.523115726645106
2015-11-06,17.664952847218185
2015-11-09,17.760122638920635
2015-11-10,17.753147266767794
2015-11-11,17.8899804265717
2015-11-12,17.995740813162467
2015-11-13,17.818009131310593
2015-11-16,17.902366916084098
2015-11-17,17.81188622440034
2015-11-18,17.70244120218653
2015-11-19,17.841447819873938
2015-11-20,17.913941382285383
2015-11-23,17.876536047974593
2015-11-24,18.027981148803004
2015-11-25,18.07621026531393
2015-11-26,18.015962722652702
2015-11-27,17.817184400548896
2015-11-30,17.93534079046055
2015-12-01,17.8973648481084
2015-12-02,17.845357296890626
2015-12-03,17.94892137399456
2015-12-04,17.94947870247118
2015-12-07,18.021835388220147
2015-12-08,18.000390786505797
2015-12-09,17.973646408301963
2015-12-10,17.93743938116999
2015-12-11,17.92465609679119
2015-12-14,18.00537862926566
2015-12-15,18.03854818391336
2015-12-16,18.120518238647357
2015-12-17,18.23539964317277
2015-12-18,18.239411213885415
2015-12-21,18.266979810885726
2015-12-22,18.26493554873639
2015-12-23,18.23362203503591
2015-12-24,18.277263531967883
2015-12-25,18.335626604560446
2015-12-28,18.20789041322342
2015-12-29,18.278737112447466
2015-12-30,18.322544651852972
2015-12-31,18.223537051272906
2016-01-04,17.792084690266783
2016-01-05,17.665819753477994
2016-01-06,17.78732563802586
2016-01-07,17.378683094857386
2016-01-08,17.418590771838424
2016-01-11,17.049749027081877
2016-01-12,17.11058430250804
2016-01-13,16.94267310594677
2016-01-14,17.125312235117985
2016-01-15,16.984127859167778
2016-01-18,17.090366433719918
2016-01-19,17.26694243413369
2016-01-20,17.242555809729424
2016-01-21,17.1177722272555
2016-01-22,17.205224061970362
2016-01-25,17.24926217820292
2016-01-26,16.892851881980306
2016-01-27,16.884556606987008
2016-01-28,16.7223996909654
2016-01-29,16.909153541281416
2016-02-01,16.898099151315417
2016-02-02,16.980769646948904
2016-02-03,17.00064116107625
2016-02-04,17.05079327848147
2016-02-05,17.0230240791376
2016-02-15,17.01100851490956
2016-02-16,17.11279558505416
2016-02-17,17.127425030813196
2016-02-18,17.129893796920193
2016-02-19,17.14058634584659
2016-02-22,17.205721265852166
2016-02-23,17.18256963990895
2016-02-24,17.167893162318116
2016-02-25,16.971942660609766
2016-02-26,16.97607438026894
2016-02-29,16.836797592583995
2016-03-01,16.881240177887538
2016-03-02,16.98283249227166
2016-03-03,16.979525042335585
2016-03-04,16.897074847022065
2016-03-07,16.953542020877684
2016-03-08,16.989895119859106
2016-03-09,16.93452356582231
2016-03-10,16.898877714162953
2016-03-11,16.907212167582056
2016-03-14,17.006040745729077
2016-03-15,16.990098554642696
2016-03-16,16.97412863197061
2016-03-17,17.046920777348063
2016-03-18,17.125521586134017
2016-03-21,17.183706473558694
2016-03-22,17.173936375728896
2016-03-23,17.199176366574665
2016-03-24,17.20009515078908
2016-03-25,17.206182592184845
2016-03-28,17.190994419554375
2016-03-29,17.139082924043436
2016-03-30,17.23235976052584
2016-03-31,17.239663531888038
2016-04-01,17.23123990645354
2016-04-05,17.30038468917901
2016-04-06,17.312156218564187
2016-04-07,17.280138006363703
2016-04-08,17.262352441310476
2016-04-11,17.31434396702779
2016-04-12,17.30317652116404
2016-04-13,17.333910022756623
2016-04-14,17.35685323335324
2016-04-15,17.359672861489074
2016-04-18,17.329749221635506
2016-04-19,17.3366673440945
2016-04-20,17.24126212962856
2016-04-21,17.23646180432047
2016-04-22,17.25360089840501
2016-04-25,17.25263797983365
2016-04-26,17.282127572529863
2016-04-27,17.277615281642902
2016-04-28,17.271622797129837
2016-04-29,17.27202894827244
2016-05-03,17.350011278794977
2016-05-04,17.351067749588612
2016-05-05,17.378831122338
2016-05-06,17.261873545542034
2016-05-09,17.12251336759826
2016-05-10,17.1233267726975
2016-05-11,17.120473791994318
2016-05-12,17.09152129432021
2016-05-13,17.078953458563138
2016-05-16,17.127502138257015
2016-05-17,17.135320033960596
2016-05-18,17.03172309748779
2016-05-19,17.052165109419455
2016-05-20,17.089015993282317
2016-05-23,17.151481510534175
2016-05-24,17.12590829154721
2016-05-25,17.143027587183635
2016-05-26,17.18014424375756
2016-05-27,17.18064789463613
2016-05-30,17.18465550812697
2016-05-31,17.32473600786845
2016-06-01,17.328307222435242
2016-06-02,17.35721603524627
2016-06-03,17.376753308468658
2016-06-06,17.38423773396315
2016-06-07,17.416490808850252
2016-06-08,17.42234287020642
2016-06-13,17.244885151826917
2016-06-14,17.246127200245706
2016-06-15,17.358796030352675
2016-06-16,17.3651230045854
2016-06-17,17.41183809578396
2016-06-20,17.465301591765737
2016-06-21,17.42663966661354
2016-06-22,17.50263671879798
2016-06-23,17.4966793558623
2016-06-24,17.45810353317293
2016-06-27,17.550057332148437
2016-06-28,17.608751995386665
2016-06-29,17.63048723440484
2016-06-30,17.620082646643443
2016-07-01,17.590140648233888
2016-07-04,17.685336703522037
2016-07-05,17.718491735285053
2016-07-06,17.801948100287508
2016-07-07,17.78590938478768
2016-07-08,17.77855458772577
2016-07-11,17.760386833016803
2016-07-12,17.818417341205045
2016-07-13,17.830110953796712
2016-07-14,17.83848294632546
2016-07-15,17.81047639949099
2016-07-18,17.799256252517498
2016-07-19,17.83090102743794
2016-07-20,17.860674476476834
2016-07-21,17.886629537011753
2016-07-22,17.838741568001772
2016-07-25,17.839210315710506
2016-07-26,17.89530029319368
2016-07-27,17.66096490968203
2016-07-28,17.670008219570295
2016-07-29,17.6418085498452
2016-08-01,17.56213780046459
2016-08-02,17.616410818126877
2016-08-03,17.6553709371277
2016-08-04,17.66529908482771
2016-08-05,17.622582243000465
2016-08-08,17.70325363662175
2016-08-09,17.752256779067707
2016-08-10,17.72247961214124
2016-08-11,17.62069627324041
2016-08-12,17.68574731518912
2016-08-15,17.83465209904429
2016-08-16,17.891288470370483
2016-08-17,17.88674889619582
2016-08-18,17.870072738351684
2016-08-19,17.92777629655235
2016-08-22,17.887028810474632
2016-08-23,17.8953301730001
2016-08-24,17.961822546511335
2016-08-25,17.95952515929673
2016-08-26,17.999017221952005
2016-08-29,18.06445064148046
2016-08-30,18.071263096539056
2016-08-31,18.084793098255414
2016-09-01,18.030797080110926
2016-09-02,18.10374379112346
2016-09-05,18.098084310489615
2016-09-06,18.206881326891466
2016-09-07,18.199902347429592
2016-09-08,18.269365840937343
2016-09-09,18.17683998176039
2016-09-12,17.951034664452635
2016-09-13,17.997395667929542
2016-09-14,17.943832094339893
2016-09-19,18.03620372168825
2016-09-20,18.009926433314142
2016-09-21,18.049025743284414
2016-09-22,18.110470172839047
2016-09-23,18.145387865396152
2016-09-26,17.97762753846159
2016-09-27,18.0458175278241
2016-09-28,18.068431356635923
2016-09-29,18.122084081466532
2016-09-30,18.132599818024772
2016-10-10,18.280012595555515
2016-10-11,18.343169735509736
2016-10-12,18.353454151395017
2016-10-13,18.334158509128883
2016-10-14,18.360625443904667
2016-10-17,18.322070138426795
2016-10-18,18.435684844632554
2016-10-19,18.395187750522943
2016-10-20,18.427108316237437
2016-10-21,18.3761384377971
2016-10-24,18.469677958095147
2016-10-25,18.500088092905923
2016-10-26,18.47897722265258
2016-10-27,18.48174956351095
2016-10-28,18.464598412359848
2016-10-31,18.471454330280924
2016-11-01,18.611432980321638
2016-11-02,18.554121299453712
2016-11-03,18.599436230301674
2016-11-04,18.63055192208278
2016-11-07,18.61490211366731
2016-11-08,18.6552281210887
2016-11-09,18.570300181371127
2016-11-10,18.771031046525344
2016-11-11,18.873599558289765
2016-11-14,18.916885577539066
2016-11-15,18.942281787943504
2016-11-16,18.942864083490768
2016-11-17,18.957894643297394
2016-11-18,19.00479091581942
2016-11-21,19.13648178761008
2016-11-22,19.253674693202434
2016-11-23,19.131537122460905
2016-11-24,19.028941452785467
2016-11-25,19.052313726495658
2016-11-28,18.983425674860392
2016-11-29,18.90514142378178
2016-11-30,18.892041915136147
2016-12-01,19.006706698866985
2016-12-02,18.89694069658615
2016-12-05,18.913608249264186
2016-12-06,18.937678107025807
2016-12-07,19.067092167201533
2016-12-08,19.061197887944765
2016-12-09,19.006681118364572
2016-12-12,18.5337640896544
2016-12-13,18.55230661454514
2016-12-14,18.44023535239513
2016-12-15,18.50389214442974
2016-12-16,18.6340694186277
2016-12-19,18.701792759811653
2016-12-20,18.624747569023587
2016-12-21,18.68870409000043
2016-12-22,18.72284535227605
2016-12-23,18.547950549416854
2016-12-26,18.596025728995834
2016-12-27,18.629299805348246
2016-12-28,18.61196919246717
2016-12-29,18.56470153759972
2016-12-30,18.58547597942651
2017-01-03,18.62588098006143
2017-01-04,18.65832904878399
2017-01-05,18.61900986440188
2017-01-06,18.59378859113037
2017-01-09,18.61387104083207
2017-01-10,18.59239215375002
2017-01-11,18.505542469933744
2017-01-12,18.42883658201751
2017-01-13,18.276197402914622
2017-01-16,18.018636468885134
2017-01-17,18.106241121761155
2017-01-18,18.0301883590819
2017-01-19,18.007946184567817
2017-01-20,18.112792504725082
2017-01-23,18.18461271568676
2017-01-24,18.136884258267056
2017-01-25,18.172784114230026
2017-01-26,18.199788090711493
2017-02-03,18.15250201672138
2017-02-06,18.277564922199844
2017-02-07,18.29663189447886
2017-02-08,18.313411460455264
2017-02-09,18.37925456128339
2017-02-10,18.343321737323826
2017-02-13,18.39496926339204
2017-02-14,18.382430781937956
2017-02-15,18.31575023132454
2017-02-16,18.337268776426818
2017-02-17,18.292826473639813
2017-02-20,18.38103779364262
2017-02-21,18.43486563696701
2017-02-22,18.46243518050578
2017-02-23,18.514659716537313
2017-02-24,18.542152878828407
2017-02-27,18.486380985320643
2017-02-28,18.556489554531304
2017-03-01,18.570658296227254
2017-03-02,18.543773536328874
2017-03-03,18.60551123432493
2017-03-06,18.708733552787088
2017-03-07,18.74226731758688
2017-03-08,18.737229174749142
2017-03-09,18.692348076401657
2017-03-10,18.703210844231542
2017-03-13,18.768089272962108
2017-03-14,18.79861501210424
2017-03-15,18.8454311165515
2017-03-16,18.96866026496493
2017-03-17,18.947417158314042
2017-03-20,19.013862182430685
2017-03-21,19.085853648841788
2017-03-22,19.026054971807984
2017-03-23,19.060290759238722
2017-03-24,19.114646814907545
2017-03-27,19.06169088286648
2017-03-28,19.07574620336967
2017-03-29,18.991400673768794
2017-03-30,18.829011682876928
2017-03-31,18.91512314963003
2017-04-05,18.976661805510386
2017-04-06,19.021124189347756
2017-04-07,18.99580173458965
2017-04-10,18.86841638032357
2017-04-11,18.883470572086093
2017-04-12,18.791742613757574
2017-04-13,18.822366775943564
2017-04-14,18.726534081569664
2017-04-17,18.57851651145229
2017-04-18,18.517141052281726
2017-04-19,18.40602018305891
2017-04-20,18.3531212999096
2017-04-21,18.32862797615156
2017-04-24,18.191938289502296
2017-04-25,18.220204628910874
2017-04-26,18.232758889050583
2017-04-27,18.252207330756615
2017-04-28,18.28166583308352
2017-05-02,18.258872712808007
2017-05-03,18.266591800230046
2017-05-04,18.265247041868697
2017-05-05,18.233152765413625
2017-05-08,18.16918352477697
2017-05-09,18.19752760995083
2017-05-10,18.157949081815072
2017-05-11,18.135270883459047
2017-05-12,18.09653505449355
2017-05-15,18.10008885409326
2017-05-16,18.17642124675683
2017-05-17,18.189825420923594
2017-05-18,18.170712655489424
2017-05-19,18.16070989441532
2017-05-22,18.072755232961793
2017-05-23,17.894246608825902
2017-05-24,17.92046813518189
2017-05-25,17.921633834443664
2017-05-26,17.926800363406674
2017-05-31,17.931918988804647
2017-06-01,17.790484524095536
2017-06-02,17.83741868919326
2017-06-05,17.855967215864393
2017-06-06,17.870396061757997
2017-06-07,17.983116693844885
2017-06-08,17.99104652396441
2017-06-09,17.994461453031636
2017-06-12,17.944691296843377
2017-06-13,18.00166829601245
2017-06-14,18.026729504823845
2017-06-15,18.07302518774323
2017-06-16,18.06081403573975
2017-06-19,18.06629654624342
2017-06-20,18.064279795259456
2017-06-21,18.049627792886064
2017-06-22,18.000703076184514
2017-06-23,18.001376899278945
2017-06-26,18.044161334722453
2017-06-27,18.066858337388908
2017-06-28,18.06180857682955
2017-06-29,18.075685276465144
2017-06-30,18.10514189183111
2017-07-03,18.09294342739224
2017-07-04,18.08260348429037
2017-07-05,18.113965000165212
2017-07-06,18.109490804221803
2017-07-07,18.13977803145805
2017-07-10,18.08785727214432
2017-07-11,18.057512962610396
2017-07-12,18.06636509389896
2017-07-13,18.081197983791547
2017-07-14,18.051620296724163
2017-07-17,17.86185819653116
2017-07-18,17.915337363317203
2017-07-19,17.94432322110265
2017-07-20,17.958004892220963
2017-07-21,17.91363819538116
2017-07-24,17.929289275668037
2017-07-25,17.910867045243645
2017-07-26,17.909020258651392
2017-07-27,17.97950839125462
2017-07-28,17.97361274611948
2017-07-31,17.99922207250169
2017-08-01,17.996824314085085
2017-08-02,17.955007944069806
2017-08-03,17.96274171682877
2017-08-04,17.928166733598733
2017-08-07,17.956516642312494
2017-08-08,17.967517424746024
2017-08-09,17.98347695865333
2017-08-10,17.96767666503193
2017-08-11,17.951350761404566
2017-08-14,18.049286289647046
2017-08-15,18.075639953911296
2017-08-16,18.114307469657128
2017-08-17,18.143248938604426
2017-08-18,18.12024958389902
2017-08-21,18.1471363611439
2017-08-22,18.135846061318098
2017-08-23,18.153137382192828
2017-08-24,18.124757828118817
2017-08-25,18.189150288245443
2017-08-28,18.280009898979817
2017-08-29,18.28790842244475
2017-08-30,18.265985152518095
2017-08-31,18.331319713265078
2017-09-01,18.32773399964759
2017-09-04,18.380594989061432
2017-09-05,18.429423941703774
2017-09-06,18.470306895986944
2017-09-07,18.461227199229477
2017-09-08,18.45875352366607
2017-09-11,18.548324980042022
2017-09-12,18.435306933864705
2017-09-13,18.452076996183877
2017-09-14,18.4227497276359
2017-09-15,18.418734377136346
2017-09-18,18.49883254506005
2017-09-19,18.52037499803714
2017-09-20,18.611554147468528
2017-09-21,18.554437876825393
2017-09-22,18.577471913520938
2017-09-25,18.468642485656822
2017-09-26,18.418426653826756
2017-09-27,18.49349030677846
2017-09-28,18.47935405385717
2017-09-29,18.56549433736612
2017-10-09,18.653805126311752
2017-10-10,18.799515830663946
2017-10-11,18.770218669134156
2017-10-12,18.743731516962406
2017-10-13,18.87322700226878
2017-10-16,18.69175079069752
2017-10-17,18.733156216871233
2017-10-18,18.63400199770473
2017-10-19,18.559155699837294
2017-10-20,18.630318289298994
2017-10-23,18.662094775956913
2017-10-24,18.631998982304424
2017-10-25,18.76339013835989
2017-10-26,18.82864105056189
2017-10-27,18.807032496443885
2017-10-30,18.60838958942576
2017-10-31,18.710584875795792
2017-11-01,18.7516845995896
2017-11-02,18.655408117845063
2017-11-03,18.604937016207057
2017-11-06,18.709094898872298
2017-11-07,18.715915053788816
2017-11-08,18.740404045619968
2017-11-09,18.761106839614925
2017-11-10,18.798110019490757
2017-11-13,18.86527637405703
2017-11-14,18.760015514601946
2017-11-15,18.69857127024124
2017-11-16,18.664289820050882
2017-11-17,18.27751917544059
2017-11-20,18.213344663999038
2017-11-21,18.169126840850275
2017-11-22,18.147695232219238
2017-11-23,18.02581994572192
2017-11-24,18.051580743136793
2017-11-27,17.98282741042073
2017-11-28,18.0754968158852
2017-11-29,17.971550439765817
2017-11-30,17.95454655599083
2017-12-01,17.99427271480484
2017-12-04,17.90731223092843
2017-12-05,17.753560766140193
2017-12-06,17.81948237924843
2017-12-07,17.81205389460506
2017-12-08,17.890704690785675
2017-12-11,17.933364490706328
2017-12-12,17.853925727581945
2017-12-13,17.890677654304394
2017-12-14,17.91374577046916
2017-12-15,17.9287564806716
2017-12-18,17.892067772348547
2017-12-19,17.91349949932292
2017-12-20,17.83919765323824
2017-12-21,17.823295110557893
2017-12-22,17.81891534533529
2017-12-25,17.728071728215998
2017-12-26,17.816221434324106
2017-12-27,17.844843845603645
2017-12-28,17.90041896440344
2017-12-29,17.92241112165149
2018-01-02,17.900851257603048
2018-01-03,17.91294227505001
2018-01-04,17.899176957597344
2018-01-05,17.906604535806835
2018-01-08,17.894848298625128
2018-01-09,17.90565893280648
2018-01-10,17.853844696836465
2018-01-11,17.905317374887893
2018-01-12,17.873330281123575
2018-01-15,17.761364829909315
2018-01-16,17.807542273940907
2018-01-17,17.823088251371416
2018-01-18,17.81774814983953
2018-01-19,17.80446071831298
2018-01-22,17.84814895801975
2018-01-23,17.845392248192553
2018-01-24,17.87733357886978
2018-01-25,17.857094625816526
2018-01-26,17.838848627419072
2018-01-29,17.802602266325366
2018-01-30,17.804537305186702
2018-01-31,17.73308767972646
2018-02-01,17.58426819858757
2018-02-02,17.537318541069535
2018-02-05,17.479508289146292
2018-02-06,17.242109048862698
2018-02-07,17.281757901999125
2018-02-08,17.345701822736434
2018-02-09,17.292035933016205
2018-02-12,17.409051186896107
2018-02-13,17.41971812613365
2018-02-14,17.422639453197778
2018-02-22,17.47793129114522
2018-02-23,17.519125657928218
2018-02-26,17.64643913907039
2018-02-27,17.682873202686032
2018-02-28,17.68075456492453
2018-03-01,17.70817287731781
2018-03-02,17.680336478800083
2018-03-05,17.697275746235267
2018-03-06,17.759299332466583
2018-03-07,17.741349471544197
2018-03-08,17.81190851102795
2018-03-09,17.892220050597274
2018-03-12,17.921928668768338
2018-03-13,17.897440351988443
2018-03-14,17.88155418624516
2018-03-15,17.79822187738057
2018-03-16,17.816998277252182
2018-03-19,17.855732372314655
2018-03-20,17.879280164921813
2018-03-21,17.885462416868716
2018-03-22,17.91525872211332
2018-03-23,17.73291390440813
2018-03-26,17.803250728048184
2018-03-27,17.907322658079348
2018-03-28,17.92845050447932
2018-03-29,17.96896742094671
2018-03-30,18.05577969870523
2018-04-02,18.034905978807778
2018-04-03,18.033569982791224
2018-04-04,18.056850878843182
2018-04-09,18.08240034060429
2018-04-10,18.081285760136314
2018-04-11,18.113606732353265
2018-04-12,18.123953488217108
2018-04-13,18.123070529648682
2018-04-16,18.078477636983635
2018-04-17,18.006040534105576
2018-04-18,18.042921409024853
2018-04-19,18.026967169338814
2018-04-20,17.939425783326996
2018-04-23,17.94728449280861
2018-04-24,18.01470676363839
2018-04-25,18.03472601487543
2018-04-26,17.977602310947514
2018-04-27,17.97913263803502
2018-05-02,17.96383571103395
2018-05-03,17.99318526487272
2018-05-04,18.003352928823865
2018-05-07,18.053372463232492
2018-05-08,18.080088515568544
2018-05-09,18.09563913869557
2018-05-10,18.137638474646078
2018-05-11,18.111500691478362
2018-05-14,18.07890800038382
2018-05-15,18.10661505488685
2018-05-16,18.090955328292026
2018-05-17,18.095860740269735
2018-05-18,18.09587998318236
2018-05-21,18.144217008969733
2018-05-22,18.158760501985657
2018-05-23,18.146644993454505
2018-05-24,18.132865238240875
2018-05-25,18.12478306937179
2018-05-28,18.08027412073384
2018-05-29,18.053588135842528
2018-05-30,17.94695043319979
2018-05-31,17.991043869130856
2018-06-01,17.96723123035433
2018-06-04,17.98385357202578
2018-06-05,18.01810020316318
2018-06-06,18.035784994545747
2018-06-07,18.004864653600354
2018-06-08,17.98601860638685
2018-06-11,17.975300959769278
2018-06-12,17.979829875704556
2018-06-13,17.93669672811047
2018-06-14,17.91816088243154
2018-06-15,17.8589732471307
2018-06-19,17.69171092442221
2018-06-20,17.73175090526593
2018-06-21,17.685679116170906
2018-06-22,17.715292745643556
2018-06-25,17.698868015683836
2018-06-26,17.72976581274584
2018-06-27,17.714251441259
2018-06-28,17.694111205351234
2018-06-29,17.752196953175474
2018-07-02,17.69309547391655
2018-07-03,17.722666297147917
2018-07-04,17.693623413741324
2018-07-05,17.6530151077432
2018-07-06,17.65253561839709
2018-07-09,17.69772837371165
2018-07-10,17.725955190832874
2018-07-11,17.66429188285502
2018-07-12,17.71738795051348
2018-07-13,17.708710459018466
2018-07-16,17.710900209150694
2018-07-17,17.719724259447304
2018-07-18,17.71743727320394
2018-07-19,17.715813373920003
2018-07-20,17.733579797461847
2018-07-23,17.744499443084283
2018-07-24,17.773681333049346
2018-07-25,17.77159621180417
2018-07-26,17.764887351038297
2018-07-27,17.755982478381934
2018-07-30,17.742792148257926
2018-07-31,17.73898275623455
2018-08-01,17.685385450890823
2018-08-02,17.63172798803281
2018-08-03,17.618646121587265
2018-08-06,17.594284509871876
2018-08-07,17.625434599716193
2018-08-08,17.599146514090418
2018-08-09,17.63855245544924
2018-08-10,17.644554712037962
2018-08-13,17.647421471819296
2018-08-14,17.66243819309134
2018-08-15,17.629777567482247
2018-08-16,17.61203944732895
2018-08-17,17.58435728996569
2018-08-20,17.59737167182941
2018-08-21,17.602907305112858
2018-08-22,17.578570627311183
2018-08-23,17.59035388386191
2018-08-24,17.590863009790144
2018-08-27,17.62117195999758
2018-08-28,17.62344070310217
2018-08-29,17.61462102492603
2018-08-30,17.590039317957224
2018-08-31,17.579488658396322
2018-09-03,17.545479875985
2018-09-04,17.56317088135043
2018-09-05,17.54391914151839
2018-09-06,17.531912836120636
2018-09-07,17.541878077735934
2018-09-10,17.50412822566142
2018-09-11,17.513014565750826
2018-09-12,17.51495603107422
2018-09-13,17.52622637232588
2018-09-14,17.51961828241114
2018-09-17,17.475063535348465
2018-09-18,17.49661477392171
2018-09-19,17.514396261014284
2018-09-20,17.504303635468467
2018-09-21,17.523050448129293
2018-09-25,17.525194461278915
2018-09-26,17.53639276047126
2018-09-27,17.493044383860816
2018-09-28,17.509555876289006
2018-10-08,17.424564958569828
2018-10-09,17.420735027602447
2018-10-10,17.4396373322615
2018-10-11,17.33310275479227
2018-10-12,17.348571339241335
2018-10-15,17.347788803059967
2018-10-16,17.331844939367507
2018-10-17,17.345814011239067
2018-10-18,17.313965379918024
2018-10-19,17.340026651766994
2018-10-22,17.42011572536912
2018-10-23,17.39165875758394
2018-10-24,17.390864660698988
2018-10-25,17.384416963902083
2018-10-26,17.389877882890396
2018-10-29,17.373481224153444
2018-10-30,17.393344914915385
2018-10-31,17.420035447553794
2018-11-01,17.3899597057781
2018-11-02,17.433618431915985
2018-11-05,17.43969063963906
2018-11-06,17.436985581342874
2018-11-07,17.427901626723493
2018-11-08,17.4214522683237
2018-11-09,17.41633107377248
2018-11-12,17.466510262704727
2018-11-13,17.491755165880978
2018-11-14,17.49838423228867
2018-11-15,17.55124981258172
2018-11-16,17.57085735971008
2018-11-19,17.57936877587138
2018-11-20,17.54166299347331
2018-11-21,17.566364254506166
2018-11-22,17.571456089627397
2018-11-23,17.51009961335738
2018-11-26,17.494998372751397
2018-11-27,17.50938857724284
2018-11-28,17.527557998049033
2018-11-29,17.474916456861436
2018-11-30,17.505025631303486
2018-12-03,17.528898988634722
2018-12-04,17.541837380319528
2018-12-05,17.533800639332473
2018-12-06,17.51013359416197
2018-12-07,17.511653883560633
2018-12-10,17.490012026269955
2018-12-11,17.489317774034106
2018-12-12,17.50252065157943
2018-12-13,17.514190458183364
2018-12-14,17.483531459459012
2018-12-17,17.479143910779
2018-12-18,17.461376355437302
2018-12-19,17.440890605461448
2018-12-20,17.44950240562077
2018-12-21,17.451981128090885
2018-12-24,17.481455622639483
2018-12-25,17.482983599617135
2018-12-26,17.485379392164504
2018-12-27,17.476181502151224
2018-12-28,17.472728344656012
2019-01-02,17.445887581169977
2019-01-03,17.44090633221729
2019-01-04,17.478933446164536
2019-01-07,17.5055602812682
2019-01-08,17.499291925019925
2019-01-09,17.501751173094778
2019-01-10,17.497528484588134
2019-01-11,17.507882041442237
2019-01-14,17.505716740899718
2019-01-15,17.519880013506008
2019-01-16,17.52594932436309
2019-01-17,17.505293956370508
2019-01-18,17.519412325740774
2019-01-21,17.52503027103181
2019-01-22,17.518499542682306
2019-01-23,17.521154441712508
2019-01-24,17.530358240959576
2019-01-25,17.51392268873687
2019-01-28,17.50028082529516
2019-01-29,17.47014827820328
2019-01-30,17.444982010393932
2019-01-31,17.405336597891203
2019-02-01,17.42709163201419
2019-02-11,17.461758759533915
2019-02-12,17.483547458290758
2019-02-13,17.506813161265917
2019-02-14,17.51180534542758
2019-02-15,17.520379784757292
2019-02-18,17.57154761111906
2019-02-19,17.570762175044212
2019-02-20,17.58108184811677
2019-02-21,17.571187559327413
2019-02-22,17.591803193658947
2019-02-25,17.64933417805329
2019-02-26,17.641246794972204
2019-02-27,17.631033476241953
2019-02-28,17.744027970764662
2019-03-01,17.741235018896887
2019-03-04,17.78981652565797
2019-03-05,17.8793410964134
2019-03-06,17.957168343274017
2019-03-07,18.015088647162194
2019-03-08,17.822733352718103
2019-03-11,17.99151423456048
2019-03-12,18.048143383257145
2019-03-13,18.012429475613143
2019-03-14,17.915819718618266
2019-03-15,17.98462131847566
2019-03-18,18.13357955904769
2019-03-19,18.143092158908626
2019-03-20,18.18920025887371
2019-03-21,18.233261441596202
2019-03-22,18.331681092282302
2019-03-25,18.319302277301833
2019-03-26,18.208836405151985
2019-03-27,18.264857634822707
2019-03-28,18.226511653683822
2019-03-29,18.299270315781353
2019-04-01,18.452166672238615
2019-04-02,18.4679782505018
2019-04-03,18.55207082675961
2019-04-04,18.59551551282984
2019-04-08,18.53349745192272
2019-04-09,18.537162589609864
2019-04-10,18.574896333362595
2019-04-11,18.45081213109171
2019-04-12,18.499424086277255
2019-04-15,18.460168680907078
2019-04-16,18.491438602325147
2019-04-17,18.523275872032755
2019-04-18,18.545726062135454
2019-04-19,18.62173197124058
2019-04-22,18.5638217301328
2019-04-23,18.5217180774754
2019-04-24,18.612251176353684
2019-04-25,18.476420736257875
2019-04-26,18.428970882812592
2019-04-29,18.371193235276497
2019-04-30,18.447977082450567
2019-05-06,18.019546081264853
2019-05-07,18.136390654348624
2019-05-08,18.15654340300763
2019-05-09,18.155293368404283
2019-05-10,18.347269480068153
2019-05-13,18.396140494968932
2019-05-14,18.34483712598247
2019-05-15,18.437701744060558
2019-05-16,18.497927980464073
2019-05-17,18.321529526593974
2019-05-20,18.267782084719304
2019-05-21,18.437786248094852
2019-05-22,18.342113298318118
2019-05-23,18.22383849683878
2019-05-24,18.20553319808881
2019-05-27,18.371407744571716
2019-05-28,18.421390513624104
2019-05-29,18.491364152915914
2019-05-30,18.458446969268746
2019-05-31,18.465782428372556
2019-06-03,18.373071761740274
2019-06-04,18.29949589824796
2019-06-05,18.341275349247294
2019-06-06,18.240967316424914
2019-06-10,18.289113848671153
2019-06-11,18.465984817172156
2019-06-12,18.43743877105925
2019-06-13,18.49166752487524
2019-06-14,18.387228305753222
2019-06-17,18.407406751527915
2019-06-18,18.399482725186754
2019-06-19,18.46904635835392
2019-06-20,18.56430337067462
2019-06-21,18.648684642178136
2019-06-24,18.659110411772698
2019-06-25,18.592357512410178
2019-06-26,18.63536788245602
2019-06-27,18.695513130552385
2019-06-28,18.609022184424564
2019-07-01,18.71214495213239
2019-07-02,18.77114927916294
2019-07-03,18.728216045096868
2019-07-04,18.73594399648095
2019-07-05,18.760338959729403
2019-07-08,18.602767684296513
2019-07-09,18.67387273015117
2019-07-10,18.675681868365864
2019-07-11,18.71523039117207
2019-07-12,18.748800182581373
2019-07-15,18.762588020814075
2019-07-16,18.778761634095265
2019-07-17,18.753882311771367
2019-07-18,18.62785567266602
2019-07-19,18.655290821135093
2019-07-22,18.488407657336168
2019-07-23,18.550431780956824
2019-07-24,18.60793638791754
2019-07-25,18.62509216715251
2019-07-26,18.63890898419532
2019-07-29,18.66791598320894
2019-07-30,18.694091199046596
2019-07-31,18.67081895569498
2019-08-01,18.662548605777804
2019-08-02,18.545683163082156
2019-08-05,18.46050306671387
2019-08-06,18.295374542638882
2019-08-07,18.276837525049555
2019-08-08,18.278696001548138
2019-08-09,18.213933743469315
2019-08-12,18.3098992166056
2019-08-13,18.285667090302336
2019-08-14,18.292716833210697
2019-08-15,18.291348053024308
2019-08-16,18.398229799126092
2019-08-19,18.550921881446484
2019-08-20,18.535597888605672
2019-08-21,18.542951806287036
2019-08-22,18.568392623553713
2019-08-23,18.527480305555276
2019-08-26,18.490207603964436
2019-08-27,18.60416213274577
2019-08-28,18.633004673185823
2019-08-29,18.631321487315066
2019-08-30,18.516831908584816
2019-09-02,18.623891165855625
2019-09-03,18.640053013588226
2019-09-04,18.68233429986105
2019-09-05,18.712930125598913
2019-09-06,18.74955888480364
2019-09-09,18.869720542242163
2019-09-10,18.88842649800579
2019-09-11,18.86827608614747
2019-09-12,18.922806016562017
2019-09-16,18.930973112566313
2019-09-17,18.79560434319283
2019-09-18,18.840214317521603
2019-09-19,18.919704371623755
2019-09-20,18.95574472615482
2019-09-23,18.95807062731899
2019-09-24,18.925261771522976
2019-09-25,18.844441358448062
2019-09-26,18.687862179894374
2019-09-27,18.74768318695091
2019-09-30,18.730792947203778
2019-10-08,18.772873662553256
2019-10-09,18.816719450543513
2019-10-10,18.902000698439867
2019-10-11,18.91398033578124
2019-10-14,19.016263527579373
2019-10-15,18.986049458847948
2019-10-16,18.95034892058857
2019-10-17,18.935427968532988
2019-10-18,18.900596905676423
2019-10-21,18.867028760932936
2019-10-22,18.94369302347119
2019-10-23,18.914362130462163
2019-10-24,18.954020100393244
2019-10-25,19.013825833403324
2019-10-28,19.051040800241715
2019-10-29,18.94591448650027
2019-10-30,18.875978716229152
2019-10-31,18.85963402223637
2019-11-01,18.87510083668031
2019-11-04,18.857806300036266
2019-11-05,18.868342102251148
2019-11-06,18.87672968483372
2019-11-07,18.882493130777128
2019-11-08,18.88128361173018
2019-11-11,18.77254010958598
2019-11-12,18.777887512707768
2019-11-13,18.761295038200974
2019-11-14,18.78882864339684
2019-11-15,18.71587887302273
2019-11-18,18.72310942975928
2019-11-19,18.769745282705504
2019-11-20,18.723662393359234
2019-11-21,18.7235964008654
2019-11-22,18.702347801595323
2019-11-25,18.71851637222139
2019-11-26,18.707605206062965
2019-11-27,18.681406866420538
2019-11-28,18.65794894231402
2019-11-29,18.652203732320455
2019-12-02,18.651099209211043
2019-12-03,18.66948248569088
2019-12-04,18.683117311718906
2019-12-05,18.717429987593306
2019-12-06,18.725437241876634
2019-12-09,18.734515253612418
2019-12-10,18.753165656863477
2019-12-11,18.733544174941365
2019-12-12,18.71932015010655
2019-12-13,18.76323580233636
2019-12-16,18.80027822451551
2019-12-17,18.821303272207977
2019-12-18,18.832332060268456
2019-12-19,18.857538330001024
2019-12-20,18.842148024390738
2019-12-23,18.78193449174528
2019-12-24,18.837632627605135
2019-12-25,18.851391446889558
2019-12-26,18.89417891549857
2019-12-27,18.91918120832704
2019-12-30,18.947474266470714
2019-12-31,18.979231791859572
2020-01-02,19.033572234749062
2020-01-03,19.0457172855056
2020-01-06,19.053810534150816
2020-01-07,19.116199128184405
2020-01-08,19.051364297583667
2020-01-09,19.128066245357846
2020-01-10,19.12007952329015
2020-01-13,19.182191693708717
2020-01-14,19.20758230370155
2020-01-15,19.2437012685974
2020-01-16,19.162841652641287
2020-01-17,19.17661261880026
2020-01-20,19.23585175092628
2020-01-21,19.211450554357253
2020-01-22,19.184427117168408
2020-01-23,18.991363944739916
2020-02-03,18.314906353937197
2020-02-04,18.182709590533527
2020-02-05,18.3028679645338
2020-02-06,18.424583288507048
2020-02-07,18.486770401492326
2020-02-10,18.635772332076726
2020-02-11,18.583515303827472
2020-02-12,18.64460020322062
2020-02-13,18.56624848386337
2020-02-14,18.575014629516044
2020-02-17,18.837197224322157
2020-02-18,18.884375356724863
2020-02-19,18.866499161523354
2020-02-20,18.986640635920573
2020-02-21,19.034307512889807
2020-02-24,19.045795604233252
2020-02-25,18.926127931715904
2020-02-26,18.912257056242023
2020-02-27,18.978713961208463
2020-02-28,18.620669920303005
2020-03-02,18.840119502477954
2020-03-03,18.89181562720153
2020-03-04,18.9974494050069
2020-03-05,19.129151813006853
2020-03-06,19.166829996444733
2020-03-09,19.03833070819648
2020-03-10,19.150056684236578
2020-03-11,19.14305414126558
2020-03-12,19.024549535376696
2020-03-13,18.96447183140212
2020-03-16,18.889232026472996
2020-03-17,18.99295500129209
2020-03-18,18.918943932761017
2020-03-19,18.98163306337809
2020-03-20,19.061791084884717
2020-03-23,18.92617611239968
2020-03-24,19.00454354649421
2020-03-25,19.13093879496386
2020-03-26,19.086307269134572
2020-03-27,19.12506891689649
2020-03-30,19.029618510889218
2020-03-31,19.00835848589258
2020-04-01,18.955914306793172
2020-04-02,18.99997722853944
2020-04-03,18.975470249313062
2020-04-07,19.07115554833752
2020-04-08,19.135780361865056
2020-04-09,19.169042417022485
2020-04-10,19.121947227115825
2020-04-13,19.110325057483053
2020-04-14,19.164862549940462
2020-04-15,19.168792825758686
2020-04-16,19.16172711105548
2020-04-17,19.154304683882213
2020-04-20,19.18973597570681
2020-04-21,19.211242400948702
2020-04-22,19.216964760616523
2020-04-23,19.23993087263917
2020-04-24,19.217702028601725
2020-04-27,19.22683361377197
2020-04-28,19.180378498347075
2020-04-29,19.186152347993776
2020-04-30,19.208670507004104
2020-05-06,19.178828869514586
2020-05-07,19.19377040752321
2020-05-08,19.258693105705255
2020-05-11,19.270700833289105
2020-05-12,19.25104917449499
2020-05-13,19.313502159713877
2020-05-14,19.302631514619748
2020-05-15,19.303822986242636
2020-05-18,19.298843251879898
2020-05-19,19.397157391176645
2020-05-20,19.390549393467143
2020-05-21,19.363763169193167
2020-05-22,19.338123689928395
2020-05-25,19.3913924674187
2020-05-26,19.512993863874897
2020-05-27,19.514006976532905
2020-05-28,19.449737021555816
2020-05-29,19.484735346535686
2020-06-01,19.60487089796761
2020-06-02,19.67755491382501
2020-06-03,19.707076324909732
2020-06-04,19.819694285689184
2020-06-05,19.85917940085515
2020-06-08,19.858714089971212
2020-06-09,19.874487112220105
2020-06-10,19.85125137404411
2020-06-11,19.808878196855055
2020-06-12,19.768424317994366
2020-06-15,19.726748028102477
2020-06-16,19.80692547812593
2020-06-17,19.860336310457498
2020-06-18,19.859714411013865
2020-06-19,19.8944327411812
2020-06-22,19.90765417960397
2020-06-23,19.898552100474323
2020-06-24,19.862659862320587
2020-06-29,19.842514544252104
2020-06-30,19.92384240570362
2020-07-01,19.93996445201096
2020-07-02,20.04932712538823
2020-07-03,20.1082874745419
2020-07-06,20.34799515792373
2020-07-07,20.43043749845791
2020-07-08,20.623553265962645
2020-07-09,20.92863088662412
2020-07-10,20.803310364650155
2020-07-13,21.350215592693516
2020-07-14,21.37675841565873
2020-07-15,20.95198195947163
2020-07-16,20.51508461290187
2020-07-17,20.52324447008526
2020-07-20,21.146842817468126
2020-07-21,21.234113877547305
2020-07-22,21.12944016922976
2020-07-23,20.934905860363862
2020-07-24,20.449236742294865
2020-07-27,20.384652099315925
2020-07-28,20.57976781241173
2020-07-29,20.84156900065866
2020-07-30,20.925894909166256
2020-07-31,21.08216421063025
2020-08-03,21.389784031703716
2020-08-04,21.36088227732426
2020-08-05,21.419576895379254
2020-08-06,21.409127241136837
2020-08-07,21.24184780655524
2020-08-10,21.564764395769156
2020-08-11,21.329167236309537
2020-08-12,21.172069043910188
2020-08-13,21.379047125464318
2020-08-14,21.638620829137174
2020-08-17,21.932501852128258
2020-08-18,22.03724618294807
2020-08-19,21.9308260579856
2020-08-20,21.98805716972611
2020-08-21,22.208543473728387
2020-08-24,22.283968654106033
2020-08-25,22.435718440571694
2020-08-26,22.327606610240718
2020-08-27,22.406900624123292
2020-08-28,22.54549196009406
2020-08-31,22.48413218872669
2020-09-01,22.679692003450786
2020-09-02,22.848019329236102
2020-09-03,22.738450633932825
2020-09-04,22.80662210127223
2020-09-07,22.643723833058296
2020-09-08,22.92895730003896
2020-09-09,22.563124826671732
2020-09-10,21.674714227399583
2020-09-11,21.97054967012608
2020-09-14,22.253838721882925
2020-09-15,22.200344556838186
2020-09-16,22.18066189645851
2020-09-17,22.28549120335343
2020-09-18,22.424284821654517
2020-09-21,22.40432369487007
2020-09-22,22.068407774752156
2020-09-23,22.333228648859702
2020-09-24,21.84913412668404
2020-09-25,21.88961424306237
2020-09-28,21.390032731224245
2020-09-29,21.382117877858963
2020-09-30,21.362032318990693
2020-10-09,21.672300842620565
2020-10-12,22.100165651856738
2020-10-13,22.056603242174074
2020-10-14,22.006097139254926
2020-10-15,22.054040935396035
2020-10-16,22.102577656282687
2020-10-19,22.004232294113116
2020-10-20,22.164915837886827
2020-10-21,22.03623669650633
2020-10-22,21.94689027720645
2020-10-23,21.772852964241558
2020-10-26,21.895136341270785
2020-10-27,21.826639894420545
2020-10-28,21.851447065767534
2020-10-29,21.80003049713417
2020-10-30,21.44792456203509
2020-11-02,21.41703998173894
2020-11-03,21.73176507533327
2020-11-04,21.677734276139724
2020-11-05,21.852832804361878
2020-11-06,21.731796617475926
2020-11-09,21.94929122386744
2020-11-10,21.836495851073906
2020-11-11,21.713899769476132
2020-11-12,21.932761943305223
2020-11-13,22.048573397875437
2020-11-16,22.294015383719135
2020-11-17,22.18935623865679
2020-11-18,22.240600572039163
2020-11-19,22.20726400812192
2020-11-20,22.32463832485096
2020-11-23,22.37041816014754
2020-11-24,22.386278563397763
2020-11-25,22.131213368757667
2020-11-26,22.1152621403761
2020-11-27,22.128135545573016
2020-11-30,22.064228251042568
2020-12-01,22.13424224920063
2020-12-02,22.152746937956607
2020-12-03,22.278000035829056
2020-12-04,22.261712196536287
2020-12-07,22.159000996947384
2020-12-08,22.099259917441028
2020-12-09,21.891214317130466
2020-12-10,21.852091673716505
2020-12-11,21.564387741114853
2020-12-14,21.619888837095537
2020-12-15,21.578224687704594
2020-12-16,21.360080372261574
2020-12-17,21.44380150280314
2020-12-18,21.31115021535173
2020-12-21,21.33456131553124
2020-12-22,21.13016196190647
2020-12-23,21.112049413536855
2020-12-24,20.867373172704497
2020-12-25,21.012839738038984
2020-12-28,20.829022356479296
2020-12-29,20.831862931972346
2020-12-30,20.927969625883353
2020-12-31,21.007332053704815
2021-01-04,21.03355772432221
2021-01-05,20.973923278334475
2021-01-06,20.66717115299124
2021-01-07,20.24668204689689
2021-01-08,20.273159066960133
2021-01-11,19.94522693275532
2021-01-12,19.967054772153986
2021-01-13,19.630611727627073
2021-01-14,19.757888638467485
2021-01-15,20.030535688093615
2021-01-18,20.324822959217833
2021-01-19,20.451480844941106
2021-01-20,20.364938176465095
2021-01-21,20.507594284605606
2021-01-22,20.467194054653806
2021-01-25,20.321949468360653
2021-01-26,20.39987476081072
2021-01-27,20.31212331133978
2021-01-28,20.207531500054973
2021-01-29,20.062158166122266
2021-02-01,20.07722302884282
2021-02-02,20.081160232854316
2021-02-03,19.987534366004716
2021-02-04,19.843668031397065
2021-02-05,19.822364696054848
2021-02-08,19.786248920112282
2021-02-09,19.889213002342572
2021-02-10,19.9153360825401
2021-02-18,20.096760991660698
2021-02-19,20.287801708556113
2021-02-22,20.400979588592797
2021-02-23,20.350458814969016
2021-02-24,20.354012923136217
2021-02-25,20.29213819488135
2021-02-26,20.309609658554002
2021-03-01,20.40804510275592
2021-03-02,20.32758197897151
2021-03-03,20.398392423472448
2021-03-04,20.394658484470224
2021-03-05,20.467040988912892
2021-03-08,20.40576619560137
2021-03-09,20.3401436643116
2021-03-10,20.212646207944864
2021-03-11,20.305402972974836
2021-03-12,20.283184049111615
2021-03-15,20.31157116117852
2021-03-16,20.424526758652817
2021-03-17,20.4713357719141
2021-03-18,20.487961247260905
2021-03-19,20.505633647032038
2021-03-22,20.58876578732836
2021-03-23,20.538375235702055
2021-03-24,20.555247778791458
2021-03-25,20.493637924415523
2021-03-26,20.547102734804408
2021-03-29,20.59071864371951
2021-03-30,20.58965035310441
2021-03-31,20.614682580004434
2021-04-01,20.578132650427644
2021-04-02,20.566794119218397
2021-04-06,20.619462058090992
2021-04-07,20.675367049271813
2021-04-08,20.605820539220154
2021-04-09,20.628745162724005
2021-04-12,20.615031845367916
2021-04-13,20.563690251686282
2021-04-14,20.670263392167836
2021-04-15,20.632020035058744
2021-04-16,20.71747142119207
2021-04-19,20.763775577826078
2021-04-20,20.751421479424618
2021-04-21,20.779088816197607
2021-04-22,20.818362280155274
2021-04-23,20.75606408357806
2021-04-26,20.72960973549585
2021-04-27,20.6365629629526
2021-04-28,20.654523865389145
2021-04-29,20.7503730638628
2021-04-30,20.63888945348257
2021-05-06,20.65609284356629
2021-05-07,20.611137009108706
2021-05-10,20.567538252744132
2021-05-11,20.565157667506533
2021-05-12,20.6156706922211
2021-05-13,20.60817013812272
2021-05-14,20.681247690066066
2021-05-17,20.670492729110734
2021-05-18,20.65518346352806
2021-05-19,20.662602616608602
2021-05-20,20.644239942964003
2021-05-21,20.639918931010104
2021-05-24,20.667031116370246
2021-05-25,20.736717636838026
2021-05-26,20.78334881948028
2021-05-27,20.831693779335485
2021-05-28,20.776581428384073
2021-05-31,20.892144322037204
2021-06-01,21.041192704450477
2021-06-02,21.073285837894936
2021-06-03,21.119881360362193
2021-06-04,21.13520945086789
2021-06-07,21.22304866182565
2021-06-08,21.21790098611642
2021-06-09,21.25986235100725
2021-06-10,21.289250899342385
2021-06-11,21.297335627460377
2021-06-15,21.094710610000043
2021-06-16,20.96168297710586
2021-06-17,20.96989291171403
2021-06-18,21.063469742962457
2021-06-21,21.17740042431442
2021-06-22,21.27570990347947
2021-06-23,21.332895906511222
2021-06-24,21.36837317301561
2021-06-25,21.295225500783886
2021-06-28,21.46127323659662
2021-06-29,21.371611122166094
2021-06-30,21.441242335605054
2021-07-01,21.341923102516876
2021-07-02,21.21311953705917
2021-07-05,21.438509020758495
2021-07-06,21.48530938708005
2021-07-07,21.536757186593206
2021-07-08,21.46934975936681
2021-07-09,21.5598614600272
2021-07-12,21.71863944715908
2021-07-13,21.710768087939748
2021-07-14,21.565286281424957
2021-07-15,21.290366721419687
2021-07-16,21.20869701803269
2021-07-19,21.19121860728407
2021-07-20,21.170895764225104
2021-07-21,21.270752559129345
2021-07-22,21.39119783033176
2021-07-23,21.177190215900684
2021-07-26,20.98837351264667
2021-07-27,20.889609020864395
2021-07-28,20.650334308710267
2021-07-29,20.88137152613215
2021-07-30,21.099709764976676
2021-08-02,21.360657929654685
2021-08-03,21.41367561957473
2021-08-04,21.478879705214762
2021-08-05,21.44585082427318
2021-08-06,21.375859684659698
2021-08-09,21.665560103922477
2021-08-10,21.782546145533708
2021-08-11,21.916483563244956
2021-08-12,21.891735101268416
2021-08-13,21.90633840498218
2021-08-16,22.076162515095024
2021-08-17,21.77817311353679
2021-08-18,21.91287722606264
2021-08-19,21.808219516245053
2021-08-20,21.719899489056598
2021-08-23,22.12898569035052
2021-08-24,22.157588358411743
2021-08-25,22.313042185082043
2021-08-26,22.319234678195038
2021-08-27,22.30317446360715
2021-08-30,22.167522547812553
2021-08-31,22.23672854443011
2021-09-01,22.2935308323943
2021-09-02,22.3445597406971
2021-09-03,22.459296100809446
2021-09-06,22.599257329237147
2021-09-07,22.773419509155733
2021-09-08,22.878731077158555
2021-09-09,22.9031175526766
2021-09-10,22.81247924855625
2021-09-13,23.044281350400002
2021-09-14,22.86652778985817
2021-09-15,22.90696463273822
2021-09-16,22.908229440936164
2021-09-17,22.84886666857258
2021-09-22,23.040068692945866
2021-09-23,23.005457990770363
2021-09-24,22.706122246095664
2021-09-27,22.343525389087283
2021-09-28,22.36821903701025
2021-09-29,22.01793820953773
2021-09-30,22.27156939823413
2021-10-08,22.59848098122087
2021-10-11,22.649026580089057
2021-10-12,22.63442199099606
2021-10-13,22.73617374008222
2021-10-14,22.755760354939188
2021-10-15,22.740633654004668
2021-10-18,22.76397589841464
2021-10-19,22.75346136111306
2021-10-20,22.70292369978518
2021-10-21,22.585733126467968
2021-10-22,22.47747060739589
2021-10-25,22.44311141994288
2021-10-26,22.359070161074598
2021-10-27,22.103335880969325
2021-10-28,22.01700572645045
2021-10-29,22.05170969131008
2021-11-01,22.216889773434353
2021-11-02,22.029351303790914
2021-11-03,22.21100643829149
2021-11-04,22.341927817031628
2021-11-05,22.337736361161113
2021-11-08,22.42628881103096
2021-11-09,22.603537050938904
2021-11-10,22.723357946256947
2021-11-11,22.835245408626562
2021-11-12,22.928256082605436
2021-11-15,23.140480363926617
2021-11-16,23.07748750526756
2021-11-17,23.270974808696142
2021-11-18,23.05026068444736
2021-11-19,23.290411151024912
2021-11-22,23.406592996612975
2021-11-23,23.483683927980188
2021-11-24,23.566024605812395
2021-11-25,23.64063344442281
2021-11-26,23.547748930158672
2021-11-29,23.399517897874535
2021-11-30,23.646309241083493
2021-12-01,23.760022050280796
2021-12-02,23.614853439232302
2021-12-03,23.61879543996457
2021-12-06,23.291751033063576
2021-12-07,23.33574293830561
2021-12-08,23.333923332760328
2021-12-09,23.573180794076613
2021-12-10,23.663320255632147
2021-12-13,23.660165750376212
2021-12-14,23.763511388588995
2021-12-15,23.84319717866047
2021-12-16,23.886058639221304
2021-12-17,23.97326577579951
2021-12-20,24.04803304093047
2021-12-21,24.26080358010786
2021-12-22,24.321412569786844
2021-12-23,24.21630931898291
2021-12-24,23.916315864574003
2021-12-27,24.053895189693694
2021-12-28,24.146573728463867
2021-12-29,24.083548356520375
2021-12-30,24.185997796196876
2021-12-31,24.24734614302555
2022-01-04,24.61753922786312
2022-01-05,24.43056164202392
2022-01-06,24.623226400193325
2022-01-07,24.47243094844176
2022-01-10,24.7389428410994
2022-01-11,24.730819879062533
2022-01-12,25.035240047616437
2022-01-13,24.920546379107314
2022-01-14,24.702853011578803
2022-01-17,25.009064879032696
2022-01-18,24.781622143396508
2022-01-19,25.002295161212707
2022-01-20,24.4232646011745
2022-01-21,24.201425719034276
2022-01-24,24.046640114862214
2022-01-25,23.30541530608915
2022-01-26,23.528920102769074
2022-01-27,23.019375498223916
2022-01-28,23.34096204022031
2022-02-07,23.68046213619741
2022-02-08,23.8951776434222
2022-02-09,23.940195790813306
2022-02-10,23.877546619564946
2022-02-11,23.696102820036913
2022-02-14,23.736818465827117
2022-02-15,23.700412424124185
2022-02-16,23.95153970136783
2022-02-17,24.00848827974763
2022-02-18,24.032600709474593
2022-02-21,24.28178677227913
2022-02-22,24.19460882915242
2022-02-23,24.34103273148947
2022-02-24,24.071733081120847
2022-02-25,24.149209387033064
2022-02-28,24.05125385031928
2022-03-01,24.15785647934963
2022-03-02,24.206247288230077
2022-03-03,24.16176359940921
2022-03-04,24.016528645383847
2022-03-07,23.748245882474993
2022-03-08,23.4020052968598
2022-03-09,23.15176555952099
2022-03-10,23.275704360333837
2022-03-11,23.402386121313025
2022-03-14,23.09011489318369
2022-03-15,22.45158566008392
2022-03-16,22.68209509681673
2022-03-17,22.94591677855899
2022-03-18,23.12202948198546
2022-03-21,23.323599129771964
2022-03-22,23.33685036853966
2022-03-23,23.247474433680704
2022-03-24,23.099429251114532
2022-03-25,23.085967881223002
2022-03-28,23.024014787335943
2022-03-29,22.894590545081183
2022-03-30,23.089636963724566
2022-03-31,23.174371799039086
2022-04-01,23.123922146315415
2022-04-06,23.213623214710896
2022-04-07,23.130361331661103
2022-04-08,23.047451036046535
2022-04-11,22.870709249660514
2022-04-12,22.973890566211868
2022-04-13,22.92201358163302
2022-04-14,22.97488645911152
2022-04-15,22.84706419635797
2022-04-18,22.921293333828906
2022-04-19,22.96733980528472
2022-04-20,22.971810379249828
2022-04-21,22.853795460269204
2022-04-22,22.839296819384785
2022-04-25,22.357971873538883
2022-04-26,21.96348422424763
2022-04-27,22.004493925797068
2022-04-28,21.844957633844864
2022-04-29,22.113112792348073
2022-05-05,22.20800356893085
2022-05-06,22.205044455864773
2022-05-09,22.290220709045542
2022-05-10,22.352961924099585
2022-05-11,22.362258342819292
2022-05-12,22.459978947766718
2022-05-13,22.481332709571394
2022-05-16,22.466292409746064
2022-05-17,22.455314994629784
2022-05-18,22.498707929468914
2022-05-19,22.523976218814724
2022-05-20,22.581685204864932
2022-05-23,22.651901878641645
2022-05-24,22.419497206593185
2022-05-25,22.51811793775858
2022-05-26,22.548034554999646
2022-05-27,22.523304825678338
2022-05-30,22.53006813006343
2022-05-31,22.606890443053814
2022-06-01,22.674694325440104
2022-06-02,22.7835227755312
2022-06-06,22.87522383753084
2022-06-07,22.820875311118844
2022-06-08,22.77175546469073
2022-06-09,22.65940678139417
2022-06-10,22.715490762342508
2022-06-13,22.70830236090103
2022-06-14,22.707183117280845
2022-06-15,22.695749334376202
2022-06-16,22.71332257662199
2022-06-17,22.727108224078822
2022-06-20,22.840359483540126
2022-06-21,22.820883681996825
2022-06-22,22.764462268043125
2022-06-23,22.861064147480352
2022-06-24,22.905601835993505
2022-06-27,22.94576785715873
2022-06-28,23.02186770556038
2022-06-29,22.915717535960578
2022-06-30,23.002369635565312
2022-07-01,22.921409350338358
2022-07-04,22.959568619841463
2022-07-05,22.771532028086202
2022-07-06,22.780668710395055
2022-07-07,22.688661271513645
2022-07-08,22.85116210250954
2022-07-11,22.729896765379625
2022-07-12,22.496775997327774
2022-07-13,22.698642407944632
2022-07-14,22.914448679043506
2022-07-15,22.70375876278975
2022-07-18,23.118387466061545
2022-07-19,23.265605190930742
2022-07-20,23.240489124465743
2022-07-21,23.394420523818848
2022-07-22,23.290106067007404
2022-07-25,23.293299417016257
2022-07-26,23.308747057893417
2022-07-27,23.4477670559548
2022-07-28,23.61147097663857
2022-07-29,23.55812557419523
2022-08-01,23.585713197785562
2022-08-02,23.14972873251177
2022-08-03,23.237341155568842
2022-08-04,23.338218886098147
2022-08-05,23.5589611121925
2022-08-08,23.72692468536033
2022-08-09,23.746161805660474
2022-08-10,23.827057171055877
2022-08-11,23.960462630662704
2022-08-12,23.874893507317395
2022-08-15,23.829261900336732
2022-08-16,24.000508526362758
2022-08-17,24.094508161656634
2022-08-18,24.108693017108514
2022-08-19,23.955549058779592
2022-08-22,23.982001022010504
2022-08-23,24.030928941986613
2022-08-24,23.621321351207897
2022-08-25,23.525406942936872
2022-08-26,23.451212971490488
2022-08-29,23.69114587068531
2022-08-30,23.622321727816484
2022-08-31,23.441664381468044
2022-09-01,23.399430376768553
2022-09-02,23.51330126388646
2022-09-05,23.559885550278253
2022-09-06,23.57193347598218
2022-09-07,23.59097451536547
2022-09-08,23.54239270631276
2022-09-09,23.51992345593366
2022-09-13,23.552480980612287
2022-09-14,23.546514221083907
2022-09-15,23.411563823938813
2022-09-16,23.21415696554673
2022-09-19,23.142288799211823
2022-09-20,23.22399716900847
2022-09-21,23.262195701639214
2022-09-22,23.261746990804063
2022-09-23,23.18807751627023
2022-09-26,23.020166748943936
2022-09-27,23.184473465758487
2022-09-28,23.140231210405222
2022-09-29,23.100370835438106
2022-09-30,22.999731836872513
2022-10-10,22.959627652219552
2022-10-11,22.97867155450799
2022-10-12,23.13789110934385
2022-10-13,23.23262336409444
2022-10-14,23.310488058931366
2022-10-17,23.43083976143026
2022-10-18,23.43924478339849
2022-10-19,23.431183912278964
2022-10-20,23.425063932571533
2022-10-21,23.453631806415736
2022-10-24,23.394411714361915
2022-10-25,23.48223014354167
2022-10-26,23.589787100322745
2022-10-27,23.551080616596284
2022-10-28,23.32373939342355
2022-10-31,23.35323697503643
2022-11-01,23.45064858300971
2022-11-02,23.531555488246195
2022-11-03,23.54193171146815
2022-11-04,23.59263465098768
2022-11-07,23.646386866002548
2022-11-08,23.630790314058768
2022-11-09,23.620650666603016
2022-11-10,23.638315468871795
2022-11-11,23.670203978685667
2022-11-14,23.696548740765827
2022-11-15,23.80258909742229
2022-11-16,23.82890654353138
2022-11-17,23.825682546299955
2022-11-18,23.79543473639231
2022-11-21,23.85439271009366
2022-11-22,23.814767999086992
2022-11-23,23.780012850099478
2022-11-24,23.818148545143735
2022-11-25,23.781830622399564
2022-11-28,23.755973493965815
2022-11-29,23.816776771584223
2022-11-30,23.79174518817802
2022-12-01,23.77563131716969
2022-12-02,23.93392463270736
2022-12-05,24.000724240024358
2022-12-06,23.943542590620186
2022-12-07,23.909359246868345
2022-12-08,23.894940732975915
2022-12-09,23.8303302276468
2022-12-12,23.835006383260513
2022-12-13,23.80037471404754
2022-12-14,23.791535720042397
2022-12-15,23.833714535755014
2022-12-16,23.71002782533507
2022-12-19,23.485634521645572
2022-12-20,23.568838455301073
2022-12-21,23.51686859634033
2022-12-22,23.306940867551774
2022-12-23,23.334527891373867
2022-12-26,23.45118045067677
2022-12-27,23.467919530757207
2022-12-28,23.356145635588245
2022-12-29,23.30740073971013
2022-12-30,23.34714515346296
2023-01-03,23.60210889847509
2023-01-04,23.666612958129264
2023-01-05,23.720950520658167
2023-01-06,23.72542910536918
2023-01-09,23.78136848964751
2023-01-10,23.7547268090801
2023-01-11,23.676449900973076
2023-01-12,23.691275633333426
2023-01-13,23.754486109718577
2023-01-16,23.84294407929201
2023-01-17,23.840145600496413
2023-01-18,23.878345143748618
2023-01-19,23.89821719604446
2023-01-20,23.932506877279106
2023-01-30,24.058889288523208
2023-01-31,24.201452946642718
2023-02-01,24.388386887290388
2023-02-02,24.380811911417112
2023-02-03,24.369473028582604
2023-02-06,24.405011094253872
2023-02-07,24.612788947572056
2023-02-08,24.613928750743835
2023-02-09,24.80166422557038
2023-02-10,24.826345400092286
2023-02-13,25.158458627721362
2023-02-14,25.235108610017175
2023-02-15,25.287513528903347
2023-02-16,24.886516436036935
2023-02-17,24.87603235818001
2023-02-20,25.06130588241801
2023-02-21,25.154292536382275
2023-02-22,25.265709545863743
2023-02-23,25.22842361096021
2023-02-24,25.213783349393488
2023-02-27,25.068462183787968
2023-02-28,25.185168744296398
2023-03-01,25.204911789630078
2023-03-02,25.15999026358418
2023-03-03,25.10811731752363
2023-03-06,25.154984285091327
2023-03-07,24.882998860254077
2023-03-08,25.09812380422916
2023-03-09,25.484133597599264
2023-03-10,25.349820048351088
2023-03-13,25.217576583526547
2023-03-14,24.941626502924958
2023-03-15,25.155237725497336
2023-03-16,25.025697304517767
2023-03-17,25.138052505506195
2023-03-20,25.01690644190964
2023-03-21,25.321003063899866
2023-03-22,25.541606769887636
2023-03-23,25.41773576485672
2023-03-24,25.35299917879528
2023-03-27,25.36301733940629
2023-03-28,25.189581742686862
2023-03-29,25.196159666302094
2023-03-30,24.945019812104466
2023-03-31,25.064901962436036
2023-04-03,25.121830231030316
2023-04-04,24.764544008796488
2023-04-06,24.709885270457967
2023-04-07,24.77641078420863
2023-04-10,24.661563910202553
2023-04-11,24.518775635885675
2023-04-12,24.652608346974834
2023-04-13,24.56990630729919
2023-04-14,24.605148715889143
2023-04-17,24.690981319338096
2023-04-18,24.53679436825351
2023-04-19,24.356843671392614
2023-04-20,24.128414204156368
2023-04-21,23.842331402193206
2023-04-24,23.784465930755513
2023-04-25,23.51876640417915
2023-04-26,23.82069487452624
2023-04-27,23.91183659927992
2023-04-28,24.314263457092924
2023-05-04,24.645770466817382
2023-05-05,24.485005087621207
2023-05-08,24.512249869670125
2023-05-09,24.28374762130168
2023-05-10,24.3709739155414
2023-05-11,24.6163716230149
2023-05-12,24.55428797099233
2023-05-15,24.739644357357356
2023-05-16,24.81949243551475
2023-05-17,25.186492481841103
2023-05-18,25.234578670244826
2023-05-19,25.223681155314146
2023-05-22,25.485168796150532
2023-05-23,25.5309360299686
2023-05-24,25.968148846909873
2023-05-25,26.184727944349927
2023-05-26,26.274485742291102
2023-05-29,26.162944415720823
2023-05-30,26.200464091613497
2023-05-31,25.877522960146976
2023-06-01,25.826015934093398
2023-06-02,25.947870473249786
2023-06-05,26.038688324860665
2023-06-06,25.741260436865083
2023-06-07,25.788325939465206
2023-06-08,25.717892233042853
2023-06-09,25.619407480529105
2023-06-12,25.98951067685356
2023-06-13,26.116977775106502
2023-06-14,26.030311536269892
2023-06-15,26.026830992179168
2023-06-16,25.961348176701183
2023-06-19,25.927803203607013
2023-06-20,25.809515866784334
2023-06-21,25.737566848039627
2023-06-26,25.578855508416343
2023-06-27,25.954211140338316
2023-06-28,26.035273563078395
2023-06-29,26.2972059620069
2023-06-30,26.426512818448305
2023-07-03,26.413203857477914
2023-07-04,26.549774100640732
2023-07-05,26.57434005945934
2023-07-06,26.588174279502365
2023-07-07,26.542025969681852
2023-07-10,26.606045177400222
2023-07-11,26.773950563606878
2023-07-12,26.66532546916383
2023-07-13,26.786507899121062
2023-07-14,26.718945249330513
2023-07-17,26.742492366281606
2023-07-18,26.862975909533198
2023-07-19,26.861085493383545
2023-07-20,26.747032293887194
2023-07-21,26.64565159649022
2023-07-24,26.65622077599702
2023-07-25,26.87847593186615
2023-07-26,26.919222536511594
2023-07-27,26.804028977943997
2023-07-28,26.9276123520247
2023-07-31,26.883775948550063
2023-08-01,26.741189700448555
2023-08-02,26.77971510285771
2023-08-03,26.590676529643954
2023-08-04,26.439774858730843
2023-08-07,26.276562767876346
2023-08-08,26.25372898911002
2023-08-09,26.129021312363193
2023-08-10,26.29775310155522
2023-08-11,26.228471262441303
2023-08-14,26.238876142954197
2023-08-15,26.27697803790955
2023-08-16,26.191744520385527
2023-08-17,26.388748731925098
2023-08-18,26.44622287201275
2023-08-21,26.448155074095084
2023-08-22,26.153924133799002
2023-08-23,25.939039858445224
2023-08-24,25.792345633268827
2023-08-25,25.469703263502566
2023-08-28,25.64966607225383
2023-08-29,26.31752019216997
2023-08-30,26.555169628006777
2023-08-31,26.56798982036436
2023-09-01,26.629487549157275
2023-09-04,26.721901012010537
2023-09-05,26.702871025733714
2023-09-06,26.802033553246748
2023-09-07,26.667812921702083
2023-09-08,26.6944245709187
2023-09-11,26.706983293055863
2023-09-12,26.725847152661427
2023-09-13,26.71195597857202
2023-09-14,26.694436040729105
2023-09-15,26.688939269469945
2023-09-18,26.802233826401398
2023-09-19,26.660757270520598
2023-09-20,26.61983816840946
2023-09-21,26.546574106692137
2023-09-22,26.683717793112436
2023-09-25,26.635408702507497
2023-09-26,26.585180323410142
2023-09-27,26.59660855605807
2023-09-28,26.6687932394026
2023-10-09,26.5865716234087
2023-10-10,26.51617357755634
2023-10-11,26.51056436782405
2023-10-12,26.536282554687126
2023-10-13,26.439948565914158
2023-10-16,26.411275768820506
2023-10-17,26.412882494277746
2023-10-18,26.260816256963704
2023-10-19,26.238251561669923
2023-10-20,26.212333205324633
2023-10-23,26.02505629360156
2023-10-24,26.28153968063206
2023-10-25,26.334969459715595
2023-10-26,26.322701520514386
2023-10-27,26.448952841891185
2023-10-30,26.490314668811905
2023-10-31,26.52500629846325
2023-11-01,26.527687457152577
2023-11-02,26.489077023554696
2023-11-03,26.565659502968558
2023-11-06,26.627685958464745
2023-11-07,26.630512484650424
2023-11-08,26.631817629729554
2023-11-09,26.619151571892047
2023-11-10,26.637519927538733
2023-11-13,26.690647278265953
2023-11-14,26.700272946212927
2023-11-15,26.739360262545492
2023-11-16,26.693696497969306
2023-11-17,26.725227752659478
2023-11-20,26.79779230385998
2023-11-21,26.74683479839591
2023-11-22,26.7067632478556
2023-11-23,26.76498047047939
2023-11-24,26.70108767422949
2023-11-27,26.689899612644368
2023-11-28,26.82652621246056
2023-11-29,26.81555359852302
2023-11-30,26.76881603845091
2023-12-01,26.714569983553645
2023-12-04,26.67790872282865
2023-12-05,26.53937709143806
2023-12-06,26.60523682289931
2023-12-07,26.558596134427134
2023-12-08,26.339049751961888
2023-12-11,26.41720189222958
2023-12-12,26.42476938266067
2023-12-13,26.37716781109209
2023-12-14,26.439643193471216
2023-12-15,26.4379899826499
2023-12-18,26.302933727214683
2023-12-19,26.330747432260154
2023-12-20,26.359564231032294
2023-12-21,26.477065371841725
2023-12-22,26.39385381616592
2023-12-25,26.2695796369377
2023-12-26,26.158430381337183
2023-12-27,26.265688840545252
2023-12-28,26.49156054653533
2023-12-29,26.608629952526265
2024-01-02,26.675637527316283
2024-01-03,26.669168043997836
2024-01-04,26.666492410677964
2024-01-05,26.583146439118952
2024-01-08,26.49237170311818
2024-01-09,26.553570744167512
2024-01-10,26.51033119024249
2024-01-11,26.58193708699689
2024-01-12,26.577749749299606
2024-01-15,26.573420017440547
2024-01-16,26.53446752682674
2024-01-17,26.472279717477225
2024-01-18,26.41324241421491
2024-01-19,26.402586400728566
2024-01-22,26.085305468266395
2024-01-23,26.03774631629654
2024-01-24,26.05133925766824
2024-01-25,26.238197155418618
2024-01-26,26.218664412831167
2024-01-29,26.01935968398
2024-01-30,25.791952933097978
2024-01-31,25.490642444537432
2024-02-01,25.364898479651053
2024-02-02,25.04378596717025
2024-02-05,24.437546788720354
2024-02-06,24.51768569888688
2024-02-07,24.281026469113055
2024-02-08,24.866742781155637
2024-02-19,25.03540974293667
2024-02-20,25.095839463692773
2024-02-21,25.25678684316056
2024-02-22,25.390017301750785
2024-02-23,25.557299862232433
2024-02-26,25.672441181771894
2024-02-27,25.864868472116353
2024-02-28,25.46814994205941
2024-02-29,25.70138343496956
2024-03-01,25.666255791353464
2024-03-04,25.70647329694241
2024-03-05,25.56853894774971
2024-03-06,25.687289389520974
2024-03-07,25.710306267356877
2024-03-08,25.7585047663801
2024-03-11,25.870236170486102
2024-03-12,25.941554375713157
2024-03-13,25.946977162871875
2024-03-14,25.91352010652259
2024-03-15,25.991974530582993
2024-03-18,26.09414772602327
2024-03-19,26.0702560189418
2024-03-20,26.125782656781933
2024-03-21,26.14018157815541
2024-03-22,26.00701994663514
2024-03-25,25.90678358110905
2024-03-26,25.927169416080734
2024-03-27,25.854444444053275
2024-03-28,25.991471861584355
2024-03-29,26.0368494553657
2024-04-01,26.171489883411535
2024-04-02,26.26633169007448
2024-04-03,26.29263057966022
2024-04-08,26.156594854816884
2024-04-09,26.207771323034095
2024-04-10,26.14437903674563
2024-04-11,26.203633642504357
2024-04-12,26.20841090932763
2024-04-15,25.950177576848287
2024-04-16,25.485556339231405
2024-04-17,25.91008064068696
2024-04-18,25.815312836555826
2024-04-19,25.883944664611334
2024-04-22,25.818421171028564
2024-04-23,25.918897820176163
2024-04-24,26.05673717734315
2024-04-25,26.15123588569001
2024-04-26,26.136193227189622
2024-04-29,26.354829174765374
2024-04-30,26.32885912441507
2024-05-06,26.605033701224322
2024-05-07,26.712182774598098
2024-05-08,26.618345794374648
2024-05-09,26.796970356319246
2024-05-10,26.729277879891054
2024-05-13,26.57672253585393
2024-05-14,26.6607261498512
2024-05-15,26.600049635577072
2024-05-16,26.61939638857427
2024-05-17,26.72467624269067
2024-05-20,26.77626518291609
2024-05-21,26.68666516004235
2024-05-22,26.71446235208706
2024-05-23,26.529014055942106
2024-05-24,26.450604260509845
2024-05-27,26.5067893646968
2024-05-28,26.48073803732565
2024-05-29,26.58548214671399
2024-05-30,26.61858569732724
2024-05-31,26.889336632000337
2024-06-03,26.545737068389787
2024-06-04,26.351885281877653
2024-06-05,26.03636773610885
2024-06-06,25.557688984151262
2024-06-07,25.92750151074122
2024-06-11,25.949513013855306
2024-06-12,26.100399438054144
2024-06-13,26.138936163469072
2024-06-14,26.134546347509485
2024-06-17,25.986679425497574
2024-06-18,26.130246468259028
2024-06-19,26.1345493993147
2024-06-20,26.070547392783222
2024-06-21,26.006253135318858
2024-06-24,25.582786020910373
2024-06-25,25.70720837462464
2024-06-26,26.003843461050746
2024-06-27,25.874928305924026
2024-06-28,25.87620835620189
