date,nav
2006-01-04,1.0
2006-01-05,1.0
2006-01-06,1.0
2006-01-09,1.0
2006-01-10,1.0
2006-01-11,1.0
2006-01-12,1.0
2006-01-13,1.0
2006-01-16,1.0
2006-01-17,1.0
2006-01-18,1.0
2006-01-19,1.0
2006-01-20,1.0
2006-01-23,1.0
2006-01-24,1.0
2006-01-25,1.0
2006-02-06,0.9994111716048957
2006-02-07,0.9997389361039494
2006-02-08,1.0086833245271312
2006-02-09,0.9966912984918429
2006-02-10,1.008008193922971
2006-02-13,1.0089669002033708
2006-02-14,1.0162570310215726
2006-02-15,1.0154385204026535
2006-02-16,0.9839751180526242
2006-02-17,0.9804140516135967
2006-02-20,0.973179987576246
2006-02-21,0.9855710799454851
2006-02-22,0.9864853627978134
2006-02-23,0.9918834121795121
2006-02-24,0.9968757772822048
2006-02-27,0.9957767590965341
2006-02-28,0.9912809231791897
2006-03-01,1.0029345297446859
2006-03-02,0.984132319337807
2006-03-03,0.9860035843507522
2006-03-06,0.9860256306279619
2006-03-07,0.9580420628244721
2006-03-08,0.9525630390225042
2006-03-09,0.9527323122853845
2006-03-10,0.9545312130140602
2006-03-13,0.9645855008133745
2006-03-14,0.9623507508263632
2006-03-15,0.9731750710296351
2006-03-16,0.9760948280359092
2006-03-17,0.978096384208159
2006-03-20,0.988704285560031
2006-03-21,0.9900765425300103
2006-03-22,0.9964667247180574
2006-03-23,1.008523256755099
2006-03-24,0.9993065889746764
2006-03-27,1.0047061821598884
2006-03-28,1.0117522715845166
2006-03-29,1.0140684422535708
2006-03-30,1.0060813039899064
2006-03-31,1.0019922758972226
2006-04-03,1.010035353386836
2006-04-04,1.0210224340299907
2006-04-05,1.033640321337993
2006-04-06,1.0268117993515093
2006-04-07,1.045740982119832
2006-04-10,1.0742270915741357
2006-04-11,1.081929732953774
2006-04-12,1.0882290185217445
2006-04-13,1.059653292654
2006-04-14,1.0793370405249412
2006-04-17,1.0944416770457004
2006-04-18,1.0902843702041236
2006-04-19,1.0843453614341962
2006-04-20,1.07110726739479
2006-04-21,1.0725844276409509
2006-04-24,1.0311805212808138
2006-04-25,1.0164318402555705
2006-04-26,1.037690268377235
2006-04-27,1.0395788490147895
2006-04-28,1.0611392263707038
2006-05-08,1.071180948074297
2006-05-09,1.0814134494723646
2006-05-10,1.0888545226159942
2006-05-11,1.0872890488427744
2006-05-12,1.100605509958213
2006-05-15,1.1175193217782118
2006-05-16,1.1056371783520869
2006-05-17,1.1147037245837264
2006-05-18,1.1209947960196536
2006-05-19,1.132121226158214
2006-05-22,1.1450214094993996
2006-05-23,1.1274742678481537
2006-05-24,1.1209548501772015
2006-05-25,1.132077896359263
2006-05-26,1.1430548375763019
2006-05-29,1.155816143143328
2006-05-30,1.1647128055217735
2006-05-31,1.162915788647531
2006-06-01,1.1817822408436187
2006-06-02,1.184183492991853
2006-06-05,1.1961019262761685
2006-06-06,1.1920886120975087
2006-06-07,1.1630619403775297
2006-06-08,1.16147686187181
2006-06-09,1.151469041836228
2006-06-12,1.1507875022430978
2006-06-13,1.1533036731101458
2006-06-14,1.1526631729144392
2006-06-15,1.1569679800453947
2006-06-16,1.1667054627311435
2006-06-19,1.1705345500970616
2006-06-20,1.1731265374554327
2006-06-21,1.1713643806152416
2006-06-22,1.1694283441308777
2006-06-23,1.1749683173771506
2006-06-26,1.183165591513305
2006-06-27,1.1862854147956154
2006-06-28,1.187810466426915
2006-06-29,1.1939380321709656
2006-06-30,1.1922631895119005
2006-07-03,1.1966468157547614
2006-07-04,1.1961584184976357
2006-07-05,1.1973804032541722
2006-07-06,1.2048570733649133
2006-07-07,1.203963759513162
2006-07-10,1.2129677654255988
2006-07-11,1.214577286763036
2006-07-12,1.2103506738611032
2006-07-13,1.1837164676208034
2006-07-14,1.1854659633520641
2006-07-17,1.1933633566013757
2006-07-18,1.1984611841102875
2006-07-19,1.1916510828501978
2006-07-20,1.1978929234026388
2006-07-21,1.1982829973579645
2006-07-24,1.1998591111257213
2006-07-25,1.201830130859898
2006-07-26,1.2037810869421222
2006-07-27,1.1994005276782074
2006-07-28,1.197498126368575
2006-07-31,1.1779201694821635
2006-08-01,1.1696714742302554
2006-08-02,1.1655505383083158
2006-08-03,1.166230717742755
2006-08-04,1.1484914474590624
2006-08-07,1.133572999562626
2006-08-08,1.1491487966954361
2006-08-09,1.1463440692807165
2006-08-10,1.1564470763971353
2006-08-11,1.1602473661507284
2006-08-14,1.1440952660459014
2006-08-15,1.1517809904970768
2006-08-16,1.1606197203253168
2006-08-17,1.157467523322824
2006-08-18,1.1556954785817881
2006-08-21,1.160207959197351
2006-08-22,1.1654943326311957
2006-08-23,1.1683277020039116
2006-08-24,1.1762655147308985
2006-08-25,1.1754153113623225
2006-08-28,1.1848264806617244
2006-08-29,1.1847044789333656
2006-08-30,1.186657177407796
2006-08-31,1.1878965782274176
2006-09-01,1.1763811060544809
2006-09-04,1.1965276090812402
2006-09-05,1.2058133116169423
2006-09-06,1.2132523924490266
2006-09-07,1.2028857757523816
2006-09-08,1.2082432352592638
2006-09-11,1.2127523878614703
2006-09-12,1.2196436674937106
2006-09-13,1.2132274488736732
2006-09-14,1.2189366319442294
2006-09-15,1.2327614908458295
2006-09-18,1.2444961470870604
2006-09-19,1.244632558159638
2006-09-20,1.249432871093333
2006-09-21,1.2649767346235872
2006-09-22,1.2560794601830374
2006-09-25,1.2596823074548922
2006-09-26,1.2610655121942418
2006-09-27,1.2655010488458038
2006-09-28,1.2740991327642892
2006-09-29,1.282200576301158
2006-10-09,1.3002044920294051
2006-10-10,1.3064054300263566
2006-10-11,1.3163706705709788
2006-10-12,1.3109104276427703
2006-10-13,1.3064671776547832
2006-10-16,1.305588957205526
2006-10-17,1.3054726182771612
2006-10-18,1.3148993896999295
2006-10-19,1.3185585497972918
2006-10-20,1.314091105641166
2006-10-23,1.2837070707857965
2006-10-24,1.3055818312256027
2006-10-25,1.3048840910052522
2006-10-26,1.2995738082638189
2006-10-27,1.2824131364561773
2006-10-30,1.2827062452401699
2006-10-31,1.2929328314306898
2006-11-01,1.2993973284726743
2006-11-02,1.292452675611227
2006-11-03,1.3012808088484649
2006-11-06,1.2956832361198038
2006-11-07,1.2746684480445991
2006-11-08,1.2731725637930444
2006-11-09,1.2830249748138083
2006-11-10,1.257124430131773
2006-11-13,1.2150207317274075
2006-11-14,1.2295830961038456
2006-11-15,1.243117320492936
2006-11-16,1.227387888540627
2006-11-17,1.2342928326273
2006-11-20,1.2224511776352758
2006-11-21,1.225220845275258
2006-11-22,1.2369691643962129
2006-11-23,1.2437121882608877
2006-11-24,1.2546171647108395
2006-11-27,1.2719189676515792
2006-11-28,1.2738408159812658
2006-11-29,1.2758835664366404
2006-11-30,1.2847541901645443
2006-12-01,1.2738864116882547
2006-12-04,1.290005209744061
2006-12-05,1.29976017558329
2006-12-06,1.2821187590350314
2006-12-07,1.279632972757305
2006-12-08,1.2498283530753234
2006-12-11,1.2782062169849793
2006-12-12,1.2749470619957457
2006-12-13,1.2772391144164579
2006-12-14,1.2903277238088064
2006-12-15,1.2932787337249865
2006-12-18,1.3083127095448874
2006-12-19,1.3156921639040629
2006-12-20,1.3355355142831962
2006-12-21,1.330147984756734
2006-12-22,1.3289375484562587
2006-12-25,1.3376510673387993
2006-12-26,1.3214593189252029
2006-12-27,1.3176927553653308
2006-12-28,1.2875073277456281
2006-12-29,1.2943216176599113
2007-01-04,1.2916485452538642
2007-01-05,1.3235220788676791
2007-01-08,1.3604944597972233
2007-01-09,1.3733431317726017
2007-01-10,1.403825566928692
2007-01-11,1.414361447969416
2007-01-12,1.3748060029406517
2007-01-15,1.4333260224227051
2007-01-16,1.4569115451205727
2007-01-17,1.4450099445498796
2007-01-18,1.4858547431625142
2007-01-19,1.5235583420930912
2007-01-22,1.5698821736905622
2007-01-23,1.5764633534252663
2007-01-24,1.5876271646965892
2007-01-25,1.525591023715243
2007-01-26,1.526983900645706
2007-01-29,1.5785314101379309
2007-01-30,1.5851011516015125
2007-01-31,1.538154710112428
2007-02-01,1.5585998697389487
2007-02-02,1.552277685856865
2007-02-05,1.5709482703542443
2007-02-06,1.593314257859146
2007-02-07,1.6147208542124796
2007-02-08,1.6405103811139745
2007-02-09,1.6492859625924117
2007-02-12,1.6874261826764037
2007-02-13,1.7092584800883244
2007-02-14,1.7275316810872619
2007-02-15,1.7707951869179919
2007-02-16,1.796632718335704
2007-02-26,1.8546845169438362
2007-02-27,1.7313896388162437
2007-02-28,1.7888961637561718
2007-03-01,1.7668511636113737
2007-03-02,1.7937276208644255
2007-03-05,1.8086218043837003
2007-03-06,1.819630052772939
2007-03-07,1.8423789967402302
2007-03-08,1.8722140602153634
2007-03-09,1.8827732505141874
2007-03-12,1.9108265701629519
2007-03-13,1.9305716685667063
2007-03-14,1.9240229895421967
2007-03-15,1.9555323976987717
2007-03-16,1.9431372003073113
2007-03-19,1.9558692795828594
2007-03-20,1.9874224231593343
2007-03-21,2.012962568848718
2007-03-22,2.0248608268669543
2007-03-23,2.0476870089087225
2007-03-26,2.084468786955487
2007-03-27,2.0951716292343012
2007-03-28,2.084559199286644
2007-03-29,2.0335056719086855
2007-03-30,2.0427056318486785
2007-04-02,2.069067562739556
2007-04-03,2.087035853184813
2007-04-04,2.1135764110044652
2007-04-05,2.1360721304518577
2007-04-06,2.1523643067827254
2007-04-09,2.182151598575751
2007-04-10,2.2061220882352095
2007-04-11,2.2105073430580022
2007-04-12,2.2421564507704907
2007-04-13,2.2471151395235425
2007-04-16,2.2956017784665934
2007-04-17,2.3235455643095166
2007-04-18,2.3591567921317336
2007-04-19,2.3069099214318958
2007-04-20,2.3766880844604987
2007-04-23,2.423952880532102
2007-04-24,2.4366365393933602
2007-04-25,2.439665401972804
2007-04-26,2.455364898632777
2007-04-27,2.440080555399343
2007-04-30,2.446638136261133
2007-05-08,2.4969412988397854
2007-05-09,2.476259173708344
2007-05-10,2.4975401856890502
2007-05-11,2.504021452936815
2007-05-14,2.5229783603527007
2007-05-15,2.486142876413101
2007-05-16,2.5232865954911388
2007-05-17,2.5705357502069206
2007-05-18,2.573840044976861
2007-05-21,2.6108768769521324
2007-05-22,2.6640505289116714
2007-05-23,2.700604286642485
2007-05-24,2.688952910413541
2007-05-25,2.726604713608208
2007-05-28,2.774066178517494
2007-05-29,2.809396875379668
2007-05-30,2.6714605306276717
2007-05-31,2.613557026503598
2007-06-01,2.4866408312825508
2007-06-04,2.3630598201259145
2007-06-05,2.3913698143849142
2007-06-06,2.407183784657971
2007-06-07,2.4827079479901535
2007-06-08,2.5068026441798055
2007-06-11,2.550681042202122
2007-06-12,2.60292278725783
2007-06-13,2.645393224433624
2007-06-14,2.625446974418199
2007-06-15,2.639334667581774
2007-06-18,2.6901551592908466
2007-06-19,2.7073915566972673
2007-06-20,2.658172288567057
2007-06-21,2.6523319261182032
2007-06-22,2.5648604448798173
2007-06-25,2.4739844564626945
2007-06-26,2.501425304699747
2007-06-27,2.533100123501511
2007-06-28,2.442190322722623
2007-06-29,2.376307071438829
2007-07-02,2.389300284969207
2007-07-03,2.4200301507131687
2007-07-04,2.3959442598354683
2007-07-05,2.332726524784167
2007-07-06,2.41094978493397
2007-07-09,2.45434000809274
2007-07-10,2.4283562906872467
2007-07-11,2.4414967977755895
2007-07-12,2.4700731215993934
2007-07-13,2.477464875580734
2007-07-16,2.431095245420424
2007-07-17,2.46909540240458
2007-07-18,2.4864460175538676
2007-07-19,2.507890250765646
2007-07-20,2.556712190786023
2007-07-23,2.613045041448301
2007-07-24,2.613844713518414
2007-07-25,2.657211501802328
2007-07-26,2.6722726277239603
2007-07-27,2.7149807697064547
2007-07-30,2.7525020049830142
2007-07-31,2.7815707063996338
2007-08-01,2.720915208504973
2007-08-02,2.7749851961567926
2007-08-03,2.8100764232395683
2007-08-06,2.828552286171751
2007-08-07,2.8260370714832512
2007-08-08,2.8047358459371345
2007-08-09,2.8195915692968763
2007-08-10,2.7983450629061175
2007-08-13,2.7909708864391893
2007-08-14,2.821322933930214
2007-08-15,2.80707353392372
2007-08-16,2.823044163835803
2007-08-17,2.8234995639056226
2007-08-20,2.882766739446487
2007-08-21,2.9057984365393046
2007-08-22,2.9399287065304733
2007-08-23,2.9577469537192416
2007-08-24,2.9712951296919163
2007-08-27,2.9641722035818527
2007-08-28,2.960752982281042
2007-08-29,2.9558364674709634
2007-08-30,3.006310465292817
2007-08-31,3.0212287853597313
2007-09-03,3.046756919064334
2007-09-04,3.0404826957787767
2007-09-05,3.047559981397074
2007-09-06,3.065305046817655
2007-09-07,3.0396942109141465
2007-09-10,3.0677804868865897
2007-09-11,2.9695192270568334
2007-09-12,2.9774806535420786
2007-09-13,2.9917484886313828
2007-09-14,3.0356561288463646
2007-09-17,3.0631339183043327
2007-09-18,3.0747496174107702
2007-09-19,3.055373079009002
2007-09-20,3.075136283723091
2007-09-21,3.0505355680444404
2007-09-24,3.0473563935492853
2007-09-25,3.0265612275031155
2007-09-26,3.0190702886869833
2007-09-27,3.025966646624625
2007-09-28,3.0611855927914555
2007-10-08,3.0665110535378655
2007-10-09,3.0853752328655557
2007-10-10,3.082090666650735
2007-10-11,3.043933663219612
2007-10-12,2.9772323997512835
2007-10-15,2.969695472450207
2007-10-16,3.007170949860995
2007-10-17,3.0017206952153623
2007-10-18,2.9819734730002274
2007-10-19,2.9761949029872
2007-10-22,2.946589474841655
2007-10-23,2.951239169233505
2007-10-24,2.922995799817458
2007-10-25,2.810882806517004
2007-10-26,2.810007062907892
2007-10-29,2.8100438563197425
2007-10-30,2.847412367662367
2007-10-31,2.917787599962495
2007-11-01,2.8687304961956834
2007-11-02,2.8378644519426794
2007-11-05,2.8665359937801362
2007-11-06,2.8953987184660144
2007-11-07,2.900566963318465
2007-11-08,2.854529115527439
2007-11-09,2.8466576798988825
2007-11-12,2.843152987796244
2007-11-13,2.8473222828024465
2007-11-14,2.8931974687856017
2007-11-15,2.869048353168134
2007-11-16,2.877859766044947
2007-11-19,2.925746919927483
2007-11-20,2.940038370350379
2007-11-21,2.9101704839520504
2007-11-22,2.8618188390214274
2007-11-23,2.9002693524998953
2007-11-26,2.8925682442628378
2007-11-27,2.8943930737756687
2007-11-28,2.8971371808488375
2007-11-29,2.9357025844227613
2007-11-30,2.9295882111598686
2007-12-03,2.952078249934617
2007-12-04,2.9594998800295413
2007-12-05,2.982231653193717
2007-12-06,2.986075512766719
2007-12-07,3.008174011121324
2007-12-10,3.0518103003207186
2007-12-11,3.0695282093247873
2007-12-12,3.093106326242799
2007-12-13,3.064592737340772
2007-12-14,3.0967234478645587
2007-12-17,3.111406447869121
2007-12-18,3.089133209911392
2007-12-19,3.11667143529749
2007-12-20,3.135535898764974
2007-12-21,3.1627836662613795
2007-12-24,3.1906634061102417
2007-12-25,3.206228206152107
2007-12-26,3.2531059216332867
2007-12-27,3.2589066181064057
2007-12-28,3.2595590644552357
2008-01-02,3.3332264126003226
2008-01-03,3.3774867600213643
2008-01-04,3.3794823911498972
2008-01-07,3.415124259405092
2008-01-08,3.354651696060549
2008-01-09,3.4152835252232236
2008-01-10,3.425329708439163
2008-01-11,3.414474633197653
2008-01-14,3.4500324108572817
2008-01-15,3.4858752373663187
2008-01-16,3.4702209600848333
2008-01-17,3.4383965883742404
2008-01-18,3.4591543596662926
2008-01-21,3.3645122976782735
2008-01-22,3.1802526056800473
2008-01-23,3.244111796955498
2008-01-24,3.289927691567393
2008-01-25,3.2888924814537734
2008-01-28,3.136615425012362
2008-01-29,3.173803131222789
2008-01-30,3.1921178909794237
2008-01-31,3.1565593993634637
2008-02-01,3.087409977317531
2008-02-04,3.2059938840855806
2008-02-05,3.2107581683051816
2008-02-13,3.2043557155447635
2008-02-14,3.234455706845483
2008-02-15,3.2297521603803423
2008-02-18,3.2876207684723124
2008-02-19,3.313237586141833
2008-02-20,3.291166322711355
2008-02-21,3.3096607951530608
2008-02-22,3.268597471049773
2008-02-25,3.214303502339325
2008-02-26,3.2234853956496576
2008-02-27,3.2554766348741553
2008-02-28,3.2597774481227995
2008-02-29,3.2720469833266668
2008-03-03,3.316685759436517
2008-03-04,3.301614677743833
2008-03-05,3.3007023205085537
2008-03-06,3.3040372344284497
2008-03-07,3.2835354847514164
2008-03-10,3.2454198385576727
2008-03-11,3.2571573021349094
2008-03-12,3.2429399861481727
2008-03-13,3.2021196215507253
2008-03-14,3.18776345671861
2008-03-17,3.0871128734675732
2008-03-18,2.9792450696492545
2008-03-19,3.0228238795704425
2008-03-20,3.0670460133869266
2008-03-21,3.0835974311520222
2008-03-24,3.0658985694224197
2008-03-25,3.0919970734167
2008-03-26,3.0936739683354624
2008-03-27,3.032844369691765
2008-03-28,3.0741696818656266
2008-03-31,3.047150469793845
2008-04-01,2.9816610903118717
2008-04-02,2.9431681346648664
2008-04-03,2.9563406895310367
2008-04-07,2.9958615290761696
2008-04-08,3.0107797033941526
2008-04-09,2.9739513484054676
2008-04-10,2.9873987355683433
2008-04-11,3.00552983598111
2008-04-14,2.9570871270223704
2008-04-15,2.9747869978777928
2008-04-16,2.965004258646835
2008-04-17,2.942400339383012
2008-04-18,2.9030187409707935
2008-04-21,2.90113762582726
2008-04-22,2.890457833213819
2008-04-23,2.923125674703287
2008-04-24,2.987269487101139
2008-04-25,2.9861617391782196
2008-04-28,2.9793063051270177
2008-04-29,2.985963443467082
2008-04-30,3.0093556368684644
2008-05-05,3.034851303227836
2008-05-06,3.0326134473508817
2008-05-07,3.006597697647078
2008-05-08,3.0282301581111963
2008-05-09,3.03369311050846
2008-05-12,3.053234763501049
2008-05-13,3.063501621144576
2008-05-14,3.0705750734779285
2008-05-15,3.058501734531243
2008-05-16,3.048257668934835
2008-05-19,3.0524857221793846
2008-05-20,3.0089291923735875
2008-05-21,3.0187374479452016
2008-05-22,3.0081173491772955
2008-05-23,3.001456398128563
2008-05-26,2.9813594574113464
2008-05-27,2.9880613770389894
2008-05-28,3.0031176408519022
2008-05-29,2.9896885813728726
2008-05-30,3.00178517783536
2008-06-02,3.0030687432585594
2008-06-03,3.0002483905978017
2008-06-04,2.9909649089455526
2008-06-05,2.99028645211085
2008-06-06,2.9901169437758344
2008-06-10,2.930909629737728
2008-06-11,2.9136678808643337
2008-06-12,2.9060856431335216
2008-06-13,2.8855245361564754
2008-06-16,2.883528010516204
2008-06-17,2.869005394805655
2008-06-18,2.8948092997276182
2008-06-19,2.844183776620124
2008-06-20,2.8489863345018214
2008-06-23,2.8358305375204997
2008-06-24,2.847996161930484
2008-06-25,2.8817403526533307
2008-06-26,2.8911960520385835
2008-06-27,2.8495535676730617
2008-06-30,2.848288374059577
2008-07-01,2.8396511564073985
2008-07-02,2.846871800197854
2008-07-03,2.8680775327992096
2008-07-04,2.863843323092155
2008-07-07,2.8901063809033283
2008-07-08,2.8948398767092693
2008-07-09,2.9064814838951314
2008-07-10,2.8988203616997956
2008-07-11,2.8951472543496144
2008-07-14,2.9062549651043894
2008-07-15,2.889082923898288
2008-07-16,2.865443561579322
2008-07-17,2.863527582693978
2008-07-18,2.8774841766587054
2008-07-21,2.900404052641717
2008-07-22,2.9034830166741155
2008-07-23,2.8943666220116584
2008-07-24,2.905087856647174
2008-07-25,2.9076833844595575
2008-07-28,2.9129332062757407
2008-07-29,2.9032519570073103
2008-07-30,2.900422120778246
2008-07-31,2.882228334469929
2008-08-01,2.8833177362120104
2008-08-04,2.8743068235143596
2008-08-05,2.86516828295842
2008-08-06,2.8614378077439198
2008-08-07,2.864532799838842
2008-08-08,2.830685679659418
2008-08-11,2.7902870984011474
2008-08-12,2.7892784637019354
2008-08-13,2.793065696231038
2008-08-14,2.7971787156913823
2008-08-15,2.7987713842014807
2008-08-18,2.768074558583168
2008-08-19,2.7736873784238716
2008-08-20,2.816703166071508
2008-08-21,2.79824741288198
2008-08-22,2.792271453619445
2008-08-25,2.793586231556938
2008-08-26,2.768745461705141
2008-08-27,2.764020744463839
2008-08-28,2.7599187641869976
2008-08-29,2.7739055372330594
2008-09-01,2.7560259745183266
2008-09-02,2.754250371479463
2008-09-03,2.7392705334887686
2008-09-04,2.743150995492206
2008-09-05,2.7263777896941224
2008-09-08,2.707510502048173
2008-09-09,2.712442144858888
2008-09-10,2.7111098338531523
2008-09-11,2.70469796843697
2008-09-12,2.704393051136306
2008-09-16,2.697649630557531
2008-09-17,2.6959164970712006
2008-09-18,2.683803304527408
2008-09-19,2.732430960728489
2008-09-22,2.7449273507004532
2008-09-23,2.708975670552641
2008-09-24,2.7161446849895716
2008-09-25,2.7271148763812265
2008-09-26,2.73081776317083
2008-10-06,2.7165978333002356
2008-10-07,2.716018713091018
2008-10-08,2.709520816842465
2008-10-09,2.704755161580686
2008-10-10,2.678583102257581
2008-10-13,2.687401120802498
2008-10-14,2.677369299884349
2008-10-15,2.6764992395077893
2008-10-16,2.6527755450422337
2008-10-17,2.6614496038750386
2008-10-20,2.6743157631535555
2008-10-21,2.672529736671484
2008-10-22,2.661901019997027
2008-10-23,2.664170906803793
2008-10-24,2.6611735658939204
2008-10-27,2.6315696492703036
2008-10-28,2.63872355419644
2008-10-29,2.628632233024559
2008-10-30,2.63037139422647
2008-10-31,2.6201781302737484
2008-11-03,2.6130611684954164
2008-11-04,2.6060235136978886
2008-11-05,2.616242493335505
2008-11-06,2.6100593242455985
2008-11-07,2.612926408836771
2008-11-10,2.6417337454757854
2008-11-11,2.6328106469042574
2008-11-12,2.637479396419028
2008-11-13,2.660505485185187
2008-11-14,2.6802354192215665
2008-11-17,2.6986761754916895
2008-11-18,2.670287143856065
2008-11-19,2.698175966964685
2008-11-20,2.689946109619189
2008-11-21,2.687098555431014
2008-11-24,2.677972349034854
2008-11-25,2.6765626369073394
2008-11-26,2.681088540210571
2008-11-27,2.6880157104979236
2008-11-28,2.69282463193092
2008-12-01,2.702038355075791
2008-12-02,2.708840090054917
2008-12-03,2.719717842994253
2008-12-04,2.7166169069427237
2008-12-05,2.726773225541784
2008-12-08,2.743632681041346
2008-12-09,2.733566908616654
2008-12-10,2.7489107147568452
2008-12-11,2.732859503496954
2008-12-12,2.7083988260484224
2008-12-15,2.7179299233838417
2008-12-16,2.729894454849857
2008-12-17,2.736317386096793
2008-12-18,2.741963965372411
2008-12-19,2.7520484480365033
2008-12-22,2.760112138890027
2008-12-23,2.7323502469417047
2008-12-24,2.72270282220708
2008-12-25,2.7338518239488634
2008-12-26,2.731661479591455
2008-12-29,2.728746625947629
2008-12-30,2.733437828317819
2008-12-31,2.7279835745134084
2009-01-05,2.7449206285766365
2009-01-06,2.755849927329792
2009-01-07,2.7554983511740994
2009-01-08,2.7481281376268156
2009-01-09,2.771656049039576
2009-01-12,2.77578588171103
2009-01-13,2.7567558221735955
2009-01-14,2.775522027176401
2009-01-15,2.7771700000721107
2009-01-16,2.7729952163488014
2009-01-19,2.7717290409633786
2009-01-20,2.7826571765507015
2009-01-21,2.7793539513206564
2009-01-22,2.784953538039617
2009-01-23,2.783372117157391
2009-02-02,2.7949707618775306
2009-02-03,2.8106380223485417
2009-02-04,2.8191529029659668
2009-02-05,2.8153134396339334
2009-02-06,2.8418339341513605
2009-02-09,2.857953671784464
2009-02-10,2.8714423094072
2009-02-11,2.8754917230000503
2009-02-12,2.883723563087351
2009-02-13,2.9016558389765175
2009-02-16,2.9047071564869635
2009-02-17,2.8860278005895874
2009-02-18,2.864852990095809
2009-02-19,2.877212475827966
2009-02-20,2.8945327211821033
2009-02-23,2.9108345144550163
2009-02-24,2.8870700945887497
2009-02-25,2.900816221238679
2009-02-26,2.8684352745788817
2009-02-27,2.8323812760580145
2009-03-02,2.8443029703844185
2009-03-03,2.8579581122819753
2009-03-04,2.924529045993907
2009-03-05,2.946672258890231
2009-03-06,2.9332106513122773
2009-03-09,2.890545530665041
2009-03-10,2.9196781380466734
2009-03-11,2.9259134338479735
2009-03-12,2.92607794917747
2009-03-13,2.9342605961773724
2009-03-16,2.950342686949283
2009-03-17,2.9825464533958885
2009-03-18,2.9880731148976225
2009-03-19,3.0104254878171965
2009-03-20,2.9976915286012353
2009-03-23,3.0127448193603
2009-03-24,3.030962497947152
2009-03-25,3.0108071983522797
2009-03-26,3.0403130054494754
2009-03-27,3.0470430364513077
2009-03-30,3.060032969760866
2009-03-31,3.073837430482308
2009-04-01,3.0923344302537523
2009-04-02,3.1106083689657935
2009-04-03,3.1200195053749384
2009-04-07,3.149977944786867
2009-04-08,3.1053777728860252
2009-04-09,3.1431396865090955
2009-04-10,3.191997934624393
2009-04-13,3.228221877078455
2009-04-14,3.294539484326848
2009-04-15,3.3167229486712864
2009-04-16,3.307748739115781
2009-04-17,3.2793493147610095
2009-04-20,3.3198903357209
2009-04-21,3.301393037999568
2009-04-22,3.222291705151416
2009-04-23,3.241871473205801
2009-04-24,3.2365647438178704
2009-04-27,3.1954836585297253
2009-04-28,3.21148928546849
2009-04-29,3.2289325278866894
2009-04-30,3.2500336522380686
2009-05-04,3.29839300656571
2009-05-05,3.309066845351099
2009-05-06,3.3210172791157766
2009-05-07,3.3055827859793445
2009-05-08,3.2951217001368254
2009-05-11,3.238078139106903
2009-05-12,3.2619057160336427
2009-05-13,3.2875032371608435
2009-05-14,3.2920790749450806
2009-05-15,3.3076511818247942
2009-05-18,3.3084785172420594
2009-05-19,3.3280573918842418
2009-05-20,3.317267273193858
2009-05-21,3.3006200867918762
2009-05-22,3.3017373056171855
2009-05-25,3.3036822677278024
2009-05-26,3.3201137158154137
2009-05-27,3.3146538272885944
2009-06-01,3.3358960972503997
2009-06-02,3.3469939467295253
2009-06-03,3.3672999338354814
2009-06-04,3.35725200102008
2009-06-05,3.3420084274969195
2009-06-08,3.3625592311745898
2009-06-09,3.3595386361779513
2009-06-10,3.3852675306071154
2009-06-11,3.377907219967883
2009-06-12,3.3527502416496353
2009-06-15,3.3973679136684622
2009-06-16,3.3939519891029826
2009-06-17,3.3977912484948307
2009-06-18,3.4139106968152704
2009-06-19,3.442819264853227
2009-06-22,3.437412367124762
2009-06-23,3.4419304416708156
2009-06-24,3.466230968940921
2009-06-25,3.4930907890681167
2009-06-26,3.4930498423722205
2009-06-29,3.4804426601760436
2009-06-30,3.4542357229413287
2009-07-01,3.4572134781835473
2009-07-02,3.4739661700985223
2009-07-03,3.473477088921136
2009-07-06,3.470993390318023
2009-07-07,3.5112094623977756
2009-07-08,3.5443664366237244
2009-07-09,3.623311533534829
2009-07-10,3.6264423283434892
2009-07-13,3.649158379590324
2009-07-14,3.70997635174831
2009-07-15,3.749992111332194
2009-07-16,3.7291938107194103
2009-07-17,3.7556270665445313
2009-07-20,3.8091542724627026
2009-07-21,3.730699009182438
2009-07-22,3.76682867992106
2009-07-23,3.7848001608787243
2009-07-24,3.7810513871551064
2009-07-27,3.8261513165972327
2009-07-28,3.844635183630835
2009-07-29,3.7116268200632487
2009-07-30,3.7694496280467704
2009-07-31,3.836614366041822
2009-08-03,3.8968535234486645
2009-08-04,3.9245453946567617
2009-08-05,3.9822641413894577
2009-08-06,3.9776828622406155
2009-08-07,3.9163630998608507
2009-08-10,3.9888931591003662
2009-08-11,4.011384971205782
2009-08-12,3.862048784291309
2009-08-13,3.8788465270253742
2009-08-14,3.7231677139932158
2009-08-17,3.5347796063747965
2009-08-18,3.6001273790560546
2009-08-19,3.466141585473697
2009-08-20,3.5635146767507675
2009-08-21,3.660568905438516
2009-08-24,3.7101473979840813
2009-08-25,3.6622744320382945
2009-08-26,3.7636899528384893
2009-08-27,3.806892301340001
2009-08-28,3.757163302143809
2009-08-31,3.588172296369625
2009-09-01,3.563721888888766
2009-09-02,3.6010709528798466
2009-09-03,3.6933352339720393
2009-09-04,3.7119178871183025
2009-09-07,3.74257032723326
2009-09-08,3.773551410730311
2009-09-09,3.785777806478886
2009-09-10,3.76337035231881
2009-09-11,3.792140072954568
2009-09-14,3.8564601625080233
2009-09-15,3.893870883044487
2009-09-16,3.918964323039087
2009-09-17,4.002121568584931
2009-09-18,3.915039430284857
2009-09-21,3.9630523083264895
2009-09-22,3.906532058075905
2009-09-23,3.8712000987516912
2009-09-24,3.843976074104625
2009-09-25,3.840557468906734
2009-09-28,3.770346024614726
2009-09-29,3.716863149707344
2009-09-30,3.730519933761362
2009-10-09,3.820356061264236
2009-10-12,3.833252990415457
2009-10-13,3.8667095367113364
2009-10-14,3.8785450816599165
2009-10-15,3.8958257073092213
2009-10-16,3.8936720443835764
2009-10-19,3.94275774023156
2009-10-20,3.9750315068975706
2009-10-21,3.956719288804003
2009-10-22,3.972966170758638
2009-10-23,4.011838054517627
2009-10-26,4.033477510717494
2009-10-27,4.0024163601484934
2009-10-28,4.031030781595993
2009-10-29,4.011357435714971
2009-10-30,4.034182366962305
2009-11-02,4.090824328333439
2009-11-03,4.144588901516037
2009-11-04,4.1634194182733
2009-11-05,4.202125570152058
2009-11-06,4.210459159259655
2009-11-09,4.2323274960217825
2009-11-10,4.24138784646695
2009-11-11,4.245741962598006
2009-11-12,4.268918399354388
2009-11-13,4.299530166054196
2009-11-16,4.372112975718674
2009-11-17,4.3840875540529565
2009-11-18,4.419567844012747
2009-11-19,4.461445318626063
2009-11-20,4.490459786491435
2009-11-23,4.521391016188038
2009-11-24,4.372769270606736
2009-11-25,4.457172760509535
2009-11-26,4.350861863414994
2009-11-27,4.322777612106541
2009-11-30,4.44301500034391
2009-12-01,4.528674678099183
2009-12-02,4.5771498509073165
2009-12-03,4.6057022211557
2009-12-04,4.513008781318996
2009-12-07,4.590178711074174
2009-12-08,4.61086470051301
2009-12-09,4.599089586119883
2009-12-10,4.654011633303914
2009-12-11,4.661688628502501
2009-12-14,4.674834042457636
2009-12-15,4.702072710078098
2009-12-16,4.663098016373991
2009-12-17,4.565740889464889
2009-12-18,4.480957428154848
2009-12-21,4.547129320740972
2009-12-22,4.521288326917414
2009-12-23,4.605594092514573
2009-12-24,4.697042343211852
2009-12-25,4.710792027352102
2009-12-28,4.740430256021241
2009-12-29,4.751405334419854
2009-12-30,4.719351678176398
2009-12-31,4.762209112704769
2010-01-04,4.803499818895309
2010-01-05,4.839243349200829
2010-01-06,4.834681588845267
2010-01-07,4.779784936127456
2010-01-08,4.812929007342612
2010-01-11,4.8651698266619
2010-01-12,4.939563302097779
2010-01-13,4.948890975980286
2010-01-14,5.035538422374986
2010-01-15,5.069810067822358
2010-01-18,5.113290962509634
2010-01-19,5.113962147186768
2010-01-20,4.994829611290087
2010-01-21,5.021161917700004
2010-01-22,4.9456799957489865
2010-01-25,4.908482927770852
2010-01-26,4.813932827985521
2010-01-27,4.816857941935418
2010-01-28,4.862774181204129
2010-01-29,4.910148476002588
2010-02-01,4.870152942530119
2010-02-02,4.864471128356219
2010-02-03,4.896096044297999
2010-02-04,4.921895330780448
2010-02-05,4.839730178454435
2010-02-08,4.8402210161954855
2010-02-09,4.852729208002316
2010-02-10,4.881629263436936
2010-02-11,4.872904308364731
2010-02-12,4.904403968210574
2010-02-22,4.918585301474106
2010-02-23,4.929868046177875
2010-02-24,5.014825709453178
2010-02-25,5.068106250886777
2010-02-26,5.06998089994247
2010-03-01,5.121476897950978
2010-03-02,5.136273174387088
2010-03-03,5.181645238661511
2010-03-04,5.095843938793274
2010-03-05,5.11627492746405
2010-03-08,5.145973174707843
2010-03-09,5.144401212718183
2010-03-10,5.111943430357646
2010-03-11,5.116296634417385
2010-03-12,5.092087799930088
2010-03-15,5.059015612091215
2010-03-16,5.078796608346908
2010-03-17,5.162863169661157
2010-03-18,5.177766271222743
2010-03-19,5.203700845942505
2010-03-22,5.221856141606228
2010-03-23,5.215763126385964
2010-03-24,5.247459912005777
2010-03-25,5.237728982035594
2010-03-26,5.2762192894803235
2010-03-29,5.2806985888290345
2010-03-30,5.326643499465963
2010-03-31,5.3727945732422935
2010-04-01,5.410958756750714
2010-04-02,5.430834150407121
2010-04-06,5.454859907821239
2010-04-07,5.477780186377952
2010-04-08,5.478887586831049
2010-04-09,5.53594261089857
2010-04-12,5.614783871709628
2010-04-13,5.560704406922684
2010-04-14,5.56872226669984
2010-04-15,5.525726786738766
2010-04-16,5.519619360394874
2010-04-19,5.418557127952668
2010-04-20,5.5056604109418315
2010-04-21,5.605591973908996
2010-04-22,5.651252939280167
2010-04-23,5.62078629810579
2010-04-26,5.585363648927007
2010-04-27,5.497148481203058
2010-04-28,5.505672473057931
2010-04-29,5.395036410967486
2010-04-30,5.2850804710834325
2010-05-04,5.2988855612783485
2010-05-05,5.3771459454168085
2010-05-06,5.301143654395921
2010-05-07,5.242843386036113
2010-05-10,5.16679482312919
2010-05-11,5.099399419571454
2010-05-12,5.027011632678665
2010-05-13,5.096487364188228
2010-05-14,5.111069412409806
2010-05-17,4.9413409860411335
2010-05-18,4.963253739548887
2010-05-19,4.969683134205836
2010-05-20,4.938184978442529
2010-05-21,4.998775486148139
2010-05-24,5.1231259214199545
2010-05-25,5.125303007809688
2010-05-26,5.128530004907541
2010-05-27,5.185698170605087
2010-05-28,5.218671786861425
2010-05-31,5.181565162412369
2010-06-01,5.159608795488676
2010-06-02,5.1804476046500385
2010-06-03,5.194485086948172
2010-06-04,5.2157050147385515
2010-06-07,5.226737707516625
2010-06-08,5.244996210897911
2010-06-09,5.264710145080551
2010-06-10,5.268120847617773
2010-06-11,5.266316828703264
2010-06-17,5.25558488901566
2010-06-18,5.1879687297557115
2010-06-21,5.224441064950192
2010-06-22,5.236531308162476
2010-06-23,5.228691522267111
2010-06-24,5.2306523577894
2010-06-25,5.213303660791429
2010-06-28,5.205595363445509
2010-06-29,5.126177707518428
2010-06-30,5.098588319878462
2010-07-01,5.0868322323663016
2010-07-02,5.0775923881012615
2010-07-05,5.072270131061152
2010-07-06,5.108888413026152
2010-07-07,5.118649388972976
2010-07-08,5.12616666461464
2010-07-09,5.1552119275792485
2010-07-12,5.174003946906642
2010-07-13,5.166408333759052
2010-07-14,5.183123108832976
2010-07-15,5.159421645687081
2010-07-16,5.169681339658858
2010-07-19,5.195790038642424
2010-07-20,5.23163802539309
2010-07-21,5.235982324034024
2010-07-22,5.257842827634828
2010-07-23,5.260112535813153
2010-07-26,5.284586127964232
2010-07-27,5.286035611188094
2010-07-28,5.30954948332597
2010-07-29,5.318509158118344
2010-07-30,5.321263680410602
2010-08-02,5.344234176079749
2010-08-03,5.337575377369934
2010-08-04,5.35143048768094
2010-08-05,5.361490188911366
2010-08-06,5.383309477411213
2010-08-09,5.400598938763928
2010-08-10,5.364042733435656
2010-08-11,5.377135915718069
2010-08-12,5.367583117483083
2010-08-13,5.388128386411735
2010-08-16,5.411992139042684
2010-08-17,5.4243594679584675
2010-08-18,5.428240174433802
2010-08-19,5.425494406651794
2010-08-20,5.402145417401294
2010-08-23,5.4103274884075745
2010-08-24,5.4256897479464925
2010-08-25,5.414219629390015
2010-08-26,5.423166061858474
2010-08-27,5.433966445639274
2010-08-30,5.467707809134279
2010-08-31,5.481589966075503
2010-09-01,5.43341786281891
2010-09-02,5.474814275488909
2010-09-03,5.493856674468179
2010-09-06,5.494283541493202
2010-09-07,5.501044096370138
2010-09-08,5.511410422441396
2010-09-09,5.494055679023814
2010-09-10,5.502324829423019
2010-09-13,5.540790840819234
2010-09-14,5.558137558899404
2010-09-15,5.537274140209566
2010-09-16,5.469051565249378
2010-09-17,5.486559878134106
2010-09-20,5.464143893240995
2010-09-21,5.455980014303007
2010-09-27,5.500465603574905
2010-09-28,5.474874483876053
2010-09-29,5.4379478491932955
2010-09-30,5.499086402957047
2010-10-08,5.569107278950828
2010-10-11,5.5657954047849625
2010-10-12,5.570424093004148
2010-10-13,5.5920687119465455
2010-10-14,5.492166551162645
2010-10-15,5.475259124679799
2010-10-18,5.429952815250716
2010-10-19,5.54123436825677
2010-10-20,5.532939935231941
2010-10-21,5.5310624425974595
2010-10-22,5.5710170806619494
2010-10-25,5.648493494182293
2010-10-26,5.653283793632701
2010-10-27,5.639377913075884
2010-10-28,5.649660732187974
2010-10-29,5.688208854315946
2010-11-01,5.768713823699494
2010-11-02,5.69750653774831
2010-11-03,5.616416240200015
2010-11-04,5.663222876183441
2010-11-05,5.73164715083682
2010-11-08,5.845361482686443
2010-11-09,5.914163297689494
2010-11-10,5.956878616877815
2010-11-11,5.905614230340021
2010-11-12,5.6217974159331074
2010-11-15,5.773111599756743
2010-11-16,5.735923313651714
2010-11-17,5.655869975523578
2010-11-18,5.713230376196267
2010-11-19,5.846320937953611
2010-11-22,5.952832950836896
2010-11-23,5.950815071525472
2010-11-24,6.03873065396479
2010-11-25,6.026755988366649
2010-11-26,6.05164630343206
2010-11-29,6.093397035649966
2010-11-30,5.954042773280083
2010-12-01,5.991343218127566
2010-12-02,6.037496512791688
2010-12-03,6.00810348724703
2010-12-06,5.951123679627165
2010-12-07,6.016145695780595
2010-12-08,6.035204373918125
2010-12-09,5.9619887317279785
2010-12-10,6.034048081992302
2010-12-13,6.145998468785354
2010-12-14,6.206026128909794
2010-12-15,6.214438238844603
2010-12-16,6.221261881362496
2010-12-17,6.2433305056916915
2010-12-20,6.200741492237136
2010-12-21,6.289573781235124
2010-12-22,6.248827916687091
2010-12-23,6.140879242687735
2010-12-24,6.068226406184417
2010-12-27,5.916384197518974
2010-12-28,5.83740549139073
2010-12-29,5.9148816560791655
2010-12-30,5.933030245832648
2010-12-31,6.01222983076884
2011-01-04,6.084774958754256
2011-01-05,6.108381827806069
2011-01-06,6.090078220276321
2011-01-07,6.062684018325482
2011-01-10,5.962392740780067
2011-01-11,5.904192665454279
2011-01-12,5.93988477474324
2011-01-13,5.9379896990406165
2011-01-14,5.868761729801085
2011-01-17,5.680844557411978
2011-01-18,5.691636284697434
2011-01-19,5.778675881629933
2011-01-20,5.62482884208199
2011-01-21,5.662934753964238
2011-01-24,5.591662153883586
2011-01-25,5.536659600824348
2011-01-26,5.5855168074183705
2011-01-27,5.647581216993971
2011-01-28,5.698626747864536
2011-01-31,5.717376316313441
2011-02-01,5.719081088440354
2011-02-09,5.691484938444815
2011-02-10,5.808809310311364
2011-02-11,5.847987410048498
2011-02-14,5.904260674424452
2011-02-15,5.91731370284981
2011-02-16,5.966119168123407
2011-02-17,6.000593494787152
2011-02-18,5.953012730555885
2011-02-21,6.011630607848727
2011-02-22,5.944350299809917
2011-02-23,5.993819768222204
2011-02-24,6.000968631757075
2011-02-25,5.988321418687928
2011-02-28,6.0433378886883595
2011-03-01,6.0390220688510405
2011-03-02,6.025537024375826
2011-03-03,5.957710279398421
2011-03-04,5.981711013367236
2011-03-07,5.994835396531391
2011-03-08,6.024302164835878
2011-03-09,6.046200841702196
2011-03-10,6.061801274133312
2011-03-11,6.061948127573862
2011-03-14,6.098247982912094
2011-03-15,6.057095682673183
2011-03-16,6.081648737888321
2011-03-17,6.001508390849012
2011-03-18,6.055480126509122
2011-03-21,6.029759376156755
2011-03-22,6.008978252505312
2011-03-23,6.066335271425763
2011-03-24,6.053171131537792
2011-03-25,6.053938345863475
2011-03-28,6.0342694428024926
2011-03-29,5.9271674844033715
2011-03-30,5.889773906835852
2011-03-31,5.879998487051573
2011-04-01,5.935705727929915
2011-04-06,5.905850143587214
2011-04-07,5.930429272857016
2011-04-08,5.998260096543575
2011-04-11,5.961760482736129
2011-04-12,5.937157393822418
2011-04-13,5.993727525492676
2011-04-14,5.981786899208192
2011-04-15,5.977885770146998
2011-04-18,5.956984721364634
2011-04-19,5.916646261268248
2011-04-20,5.95396590406262
2011-04-21,5.993194400301928
2011-04-22,5.984838538616927
2011-04-25,5.925105815055036
2011-04-26,5.8384063046161
2011-04-27,5.795019572254199
2011-04-28,5.628329996584026
2011-04-29,5.689968302459581
2011-05-03,5.747497996030496
2011-05-04,5.673112414554693
2011-05-05,5.71907876771737
2011-05-06,5.746829992317719
2011-05-09,5.785191518786596
2011-05-10,5.790636050852037
2011-05-11,5.797767463682108
2011-05-12,5.729546115439593
2011-05-13,5.732303890354018
2011-05-16,5.74471306560679
2011-05-17,5.7199988501255525
2011-05-18,5.727729732612764
2011-05-19,5.733691905600075
2011-05-20,5.706935974265551
2011-05-23,5.563342724120836
2011-05-24,5.609239855160507
2011-05-25,5.517912434323061
2011-05-26,5.477134428116514
2011-05-27,5.402436703124584
2011-05-30,5.394373729061739
2011-05-31,5.424135035273257
2011-06-01,5.446135237766256
2011-06-02,5.41420788850028
2011-06-03,5.4356016993402365
2011-06-07,5.441995267166818
2011-06-08,5.443732328467204
2011-06-09,5.410304370778645
2011-06-10,5.405973252770958
2011-06-13,5.4014754850882305
2011-06-14,5.423323082968534
2011-06-15,5.403827847329497
2011-06-16,5.371187946906336
2011-06-17,5.356474385619862
2011-06-20,5.32639900411362
2011-06-21,5.354203502319085
2011-06-22,5.357248538046508
2011-06-23,5.396756725489685
2011-06-24,5.437264082159521
2011-06-27,5.459523143108921
2011-06-28,5.467796241012404
2011-06-29,5.459740355875721
2011-06-30,5.46743322605558
2011-07-01,5.4687498045034415
2011-07-04,5.50574366160015
2011-07-05,5.511970224124765
2011-07-06,5.5319804959605134
2011-07-07,5.548034143345862
2011-07-08,5.540352153463124
2011-07-11,5.555372424804588
2011-07-12,5.532462149343933
2011-07-13,5.568076841251818
2011-07-14,5.5900638337558775
2011-07-15,5.60979826811045
2011-07-18,5.604774585860145
2011-07-19,5.5736246128292555
2011-07-20,5.581577233885675
2011-07-21,5.560928074505918
2011-07-22,5.575073420782927
2011-07-25,5.513583319259869
2011-07-26,5.5259885495232135
2011-07-27,5.5562658199827855
2011-07-28,5.554498917260794
2011-07-29,5.5501023121467075
2011-08-01,5.549380930120853
2011-08-02,5.556533731812577
2011-08-03,5.582354116099125
2011-08-04,5.577438607194168
2011-08-05,5.534714777668089
2011-08-08,5.4522785384204955
2011-08-09,5.44577746723945
2011-08-10,5.470467568997337
2011-08-11,5.509260116590531
2011-08-12,5.537240233456162
2011-08-15,5.55785494080994
2011-08-16,5.5522718698383455
2011-08-17,5.5580844660309
2011-08-18,5.531064919597452
2011-08-19,5.5271424143481225
2011-08-22,5.536478047518669
2011-08-23,5.577004948737413
2011-08-24,5.589611405234736
2011-08-25,5.602171530745384
2011-08-26,5.611079657323712
2011-08-29,5.598150835782389
2011-08-30,5.581499766050891
2011-08-31,5.576952803748154
2011-09-01,5.5708118780072935
2011-09-02,5.5608919191269495
2011-09-05,5.531861372842301
2011-09-06,5.518494643873304
2011-09-07,5.555339632658155
2011-09-08,5.545161160283902
2011-09-09,5.539980502789485
2011-09-13,5.519395236288817
2011-09-14,5.5358632595405055
2011-09-15,5.539324120588574
2011-09-16,5.547933724686941
2011-09-19,5.520473572117183
2011-09-20,5.524982221580494
2011-09-21,5.5601864657844615
2011-09-22,5.525691467321156
2011-09-23,5.513655891931929
2011-09-26,5.494877651675851
2011-09-27,5.5013349235752464
2011-09-28,5.480980458977931
2011-09-29,5.435702090000868
2011-09-30,5.435033108322466
2011-10-10,5.416996551707868
2011-10-11,5.408841984664027
2011-10-12,5.4444074065452295
2011-10-13,5.456589322709824
2011-10-14,5.445656316602651
2011-10-17,5.457650819509176
2011-10-18,5.429937513848343
2011-10-19,5.430209840404012
2011-10-20,5.3925928601667685
2011-10-21,5.368841040494846
2011-10-24,5.3793739169452275
2011-10-25,5.415006317892897
2011-10-26,5.435398039069622
2011-10-27,5.432482176818972
2011-10-28,5.4600972389947025
2011-10-31,5.475591156017067
2011-11-01,5.471308980884158
2011-11-02,5.501960622531675
2011-11-03,5.506229895444064
2011-11-04,5.51696524594698
2011-11-07,5.517641970330798
2011-11-08,5.501796669878811
2011-11-09,5.528756855092698
2011-11-10,5.538943291593528
2011-11-11,5.5543112720689995
2011-11-14,5.5831407379226246
2011-11-15,5.582890732835652
2011-11-16,5.549229580916394
2011-11-17,5.551275463079931
2011-11-18,5.51947705747944
2011-11-21,5.520377182522696
2011-11-22,5.519659212848491
2011-11-23,5.519410997018047
2011-11-24,5.512923582932106
2011-11-25,5.50182691697795
2011-11-28,5.5062277527476144
2011-11-29,5.534593241330759
2011-11-30,5.475556122022565
2011-12-01,5.491825473129506
2011-12-02,5.477196846357938
2011-12-05,5.449775560222788
2011-12-06,5.452152091478146
2011-12-07,5.456823244502916
2011-12-08,5.4621367102611185
2011-12-09,5.453099980542085
2011-12-12,5.4392377864721215
2011-12-13,5.402696824634897
2011-12-14,5.38730672721028
2011-12-15,5.364500873759977
2011-12-16,5.389819393607957
2011-12-19,5.385786275648985
2011-12-20,5.384437890293599
2011-12-21,5.362850604212031
2011-12-22,5.339860962731071
2011-12-23,5.345801089121502
2011-12-26,5.336548626590321
2011-12-27,5.304194844233587
2011-12-28,5.28714846958119
2011-12-29,5.289169563948407
2011-12-30,5.309584263273006
2012-01-04,5.282212801045718
2012-01-05,5.222348889341656
2012-01-06,5.21765459162426
2012-01-09,5.25109960172023
2012-01-10,5.286703583805865
2012-01-11,5.28655468710484
2012-01-12,5.2772422446627765
2012-01-13,5.2243982552082935
2012-01-16,5.176091335040733
2012-01-17,5.222161238398194
2012-01-18,5.186157210109474
2012-01-19,5.194627016344352
2012-01-20,5.217716830572633
2012-01-30,5.218132233667295
2012-01-31,5.217904728960755
2012-02-01,5.212963302369976
2012-02-02,5.2279746211802705
2012-02-03,5.24538932108551
2012-02-06,5.256357584731612
2012-02-07,5.235042954583118
2012-02-08,5.2612446366764525
2012-02-09,5.269722508560838
2012-02-10,5.271925979327593
2012-02-13,5.289193250561534
2012-02-14,5.286544352810707
2012-02-15,5.300856118283229
2012-02-16,5.302954485574118
2012-02-17,5.296537031617484
2012-02-20,5.298365311605388
2012-02-21,5.313210076284598
2012-02-22,5.334427521905528
2012-02-23,5.338323457985128
2012-02-24,5.3453355827652915
2012-02-27,5.342172203748781
2012-02-28,5.327827053536599
2012-02-29,5.311663073349661
2012-03-01,5.314656394786838
2012-03-02,5.336284517407785
2012-03-05,5.334792637402156
2012-03-06,5.319996967015153
2012-03-07,5.321807022504859
2012-03-08,5.336424037707285
2012-03-09,5.360176642568889
2012-03-12,5.369111932253897
2012-03-13,5.384523178173295
2012-03-14,5.337127503427085
2012-03-15,5.336882469135806
2012-03-16,5.366175852958894
2012-03-19,5.3860667149870425
2012-03-20,5.35589472085788
2012-03-21,5.354856578522163
2012-03-22,5.354281146834248
2012-03-23,5.329608037121712
2012-03-26,5.324533218046096
2012-03-27,5.319843493257165
2012-03-28,5.253680903298881
2012-03-29,5.230378984771995
2012-03-30,5.226465744756646
2012-04-05,5.252625850583628
2012-04-06,5.257660060981319
2012-04-09,5.243890036282863
2012-04-10,5.2562819644445
2012-04-11,5.260493490854813
2012-04-12,5.2843880014143965
2012-04-13,5.292316775306403
2012-04-16,5.287008657424416
2012-04-17,5.284033555566809
2012-04-18,5.302094705777113
2012-04-19,5.307467736828248
2012-04-20,5.313913320184511
2012-04-23,5.272836437898429
2012-04-24,5.251244342089537
2012-04-25,5.269346102387093
2012-04-26,5.269867705146897
2012-04-27,5.2717618008087195
2012-05-02,5.297463491444253
2012-05-03,5.305941239748253
2012-05-04,5.327709768934502
2012-05-07,5.347805022335131
2012-05-08,5.349522792340493
2012-05-09,5.329769111464826
2012-05-10,5.340720202299181
2012-05-11,5.33035717961688
2012-05-14,5.322936474728118
2012-05-15,5.306727758242832
2012-05-16,5.284008168208365
2012-05-17,5.310199544008407
2012-05-18,5.287235525793207
2012-05-21,5.286159334662107
2012-05-22,5.312756669639614
2012-05-23,5.314328781470067
2012-05-24,5.310179295311399
2012-05-25,5.286257585358226
2012-05-28,5.299318610537664
2012-05-29,5.326167232163295
2012-05-30,5.332554144032412
2012-05-31,5.344444743437044
2012-06-01,5.338208382267852
2012-06-04,5.275241993719903
2012-06-05,5.286847509979309
2012-06-06,5.285557996651044
2012-06-07,5.2819357936476035
2012-06-08,5.278957143730024
2012-06-11,5.323441326517895
2012-06-12,5.31948534754721
2012-06-13,5.356724982588215
2012-06-14,5.344924480112073
2012-06-15,5.358007465826661
2012-06-18,5.390251056043375
2012-06-19,5.386550915161291
2012-06-20,5.4145675608469075
2012-06-21,5.381536123526821
2012-06-25,5.330951443466561
2012-06-26,5.339660842791216
2012-06-27,5.340190784883185
2012-06-28,5.333736483523202
2012-06-29,5.363278345500898
2012-07-02,5.377179584032413
2012-07-03,5.39497453275227
2012-07-04,5.3905066828348245
2012-07-05,5.342044803008873
2012-07-06,5.366762503677862
2012-07-09,5.326008172500756
2012-07-10,5.320372913567562
2012-07-11,5.32208814780029
2012-07-12,5.340007508007426
2012-07-13,5.32539577908512
2012-07-16,5.223921231543245
2012-07-17,5.233661871245558
2012-07-18,5.234802191134848
2012-07-19,5.262306994758867
2012-07-20,5.2527911893185335
2012-07-23,5.241996005803606
2012-07-24,5.254938341397613
2012-07-25,5.250246961332321
2012-07-26,5.239467533638249
2012-07-27,5.2325262425519625
2012-07-30,5.207148911072767
2012-07-31,5.183928498262575
2012-08-01,5.195869749201102
2012-08-02,5.18312874431322
2012-08-03,5.215830033535561
2012-08-06,5.247590280086481
2012-08-07,5.26406797747989
2012-08-08,5.259027464521495
2012-08-09,5.2849359323888905
2012-08-10,5.288992236560551
2012-08-13,5.257169882471371
2012-08-14,5.268074770538767
2012-08-15,5.2478609308661195
2012-08-16,5.244139521476713
2012-08-17,5.246119378246828
2012-08-20,5.2605334136913395
2012-08-21,5.300352384183133
2012-08-22,5.289211851475868
2012-08-23,5.32206597775258
2012-08-24,5.3046257620364905
2012-08-27,5.285598128518384
2012-08-28,5.301723524674981
2012-08-29,5.309100379680911
2012-08-30,5.275256633142702
2012-08-31,5.282622382733136
2012-09-03,5.301263523555989
2012-09-04,5.3084068871525005
2012-09-05,5.335587341792205
2012-09-06,5.348589946727211
2012-09-07,5.38325950600478
2012-09-10,5.388819930202935
2012-09-11,5.384264851279797
2012-09-12,5.388715513598117
2012-09-13,5.3734146847089095
2012-09-14,5.3730951741123265
2012-09-17,5.326406654059709
2012-09-18,5.319886580238456
2012-09-19,5.331382556667298
2012-09-20,5.288676738350752
2012-09-21,5.272341370097771
2012-09-24,5.275957487878863
2012-09-25,5.271447830158268
2012-09-26,5.235930227132021
2012-09-27,5.2619042328634515
2012-09-28,5.294507571889713
2012-10-08,5.2900045363959665
2012-10-09,5.325518477565636
2012-10-10,5.333852673541989
2012-10-11,5.310622357743771
2012-10-12,5.311459442424931
2012-10-15,5.294929302919529
2012-10-16,5.297239631056066
2012-10-17,5.305246134913986
2012-10-18,5.32372997411019
2012-10-19,5.325116518055083
2012-10-22,5.336703205704738
2012-10-23,5.326893559247308
2012-10-24,5.32062387121079
2012-10-25,5.311538733711505
2012-10-26,5.288344777268363
2012-10-29,5.285137155331077
2012-10-30,5.2934320313637615
2012-10-31,5.299889678741835
2012-11-01,5.313499384680384
2012-11-02,5.318959543698026
2012-11-05,5.3160068631724755
2012-11-06,5.310337326117304
2012-11-07,5.312253876705578
2012-11-08,5.286041701983333
2012-11-09,5.2865051350064824
2012-11-12,5.292979345003881
2012-11-13,5.272478733209579
2012-11-14,5.277166401791718
2012-11-15,5.253452070787728
2012-11-16,5.247105739898838
2012-11-19,5.255290815052731
2012-11-20,5.254809717395026
2012-11-21,5.269300488126496
2012-11-22,5.261888988376697
2012-11-23,5.261168154840128
2012-11-26,5.249281036695255
2012-11-27,5.202418218283405
2012-11-28,5.1800209960893815
2012-11-29,5.169149719729286
2012-11-30,5.177855946886378
2012-12-03,5.144462667856229
2012-12-04,5.156182238121033
2012-12-05,5.190755979009839
2012-12-06,5.187391669944178
2012-12-07,5.210212312842834
2012-12-10,5.226059009412942
2012-12-11,5.215333440688385
2012-12-12,5.212162425955706
2012-12-13,5.203744397454178
2012-12-14,5.242635563684698
2012-12-17,5.2497656466296405
2012-12-18,5.252109090811742
2012-12-19,5.255729934013778
2012-12-20,5.269063253703546
2012-12-21,5.283947385860828
2012-12-24,5.299354813997881
2012-12-25,5.323770338399632
2012-12-26,5.350517642459248
2012-12-27,5.323774658948797
2012-12-28,5.335627700642601
2012-12-31,5.343458757460762
2013-01-04,5.319411007383969
2013-01-07,5.3688308611244375
2013-01-08,5.433252338862175
2013-01-09,5.429670728569462
2013-01-10,5.438045837919532
2013-01-11,5.408183062263751
2013-01-14,5.511696355563111
2013-01-15,5.55957956064708
2013-01-16,5.530317319321965
2013-01-17,5.499419407036585
2013-01-18,5.529378216382425
2013-01-21,5.541493248997045
2013-01-22,5.471701230708904
2013-01-23,5.473796828478574
2013-01-24,5.398048428397465
2013-01-25,5.407730851784686
2013-01-28,5.492607783075023
2013-01-29,5.5239634063462955
2013-01-30,5.518404743252701
2013-01-31,5.490172630424195
2013-02-01,5.529703455811398
2013-02-04,5.513222035169297
2013-02-05,5.540941699465273
2013-02-06,5.561038079083288
2013-02-07,5.575788544242297
2013-02-08,5.627326318909201
2013-02-18,5.6595125247523885
2013-02-19,5.608729820100852
2013-02-20,5.688172579358131
2013-02-21,5.643607023173435
2013-02-22,5.649056961916915
2013-02-25,5.698860060878824
2013-02-26,5.674499577319444
2013-02-27,5.662052490565593
2013-02-28,5.733595283640745
2013-03-01,5.819332234233277
2013-03-04,5.699954087903415
2013-03-05,5.807113347432758
2013-03-06,5.894533564337807
2013-03-07,5.84929438069743
2013-03-08,5.829753370007622
2013-03-11,5.827526722870844
2013-03-12,5.668332183473636
2013-03-13,5.637988562108391
2013-03-14,5.638374254234336
2013-03-15,5.661737284979664
2013-03-18,5.581046197769346
2013-03-19,5.590794825886684
2013-03-20,5.709898189770213
2013-03-21,5.758866494609157
2013-03-22,5.758961098104962
2013-03-25,5.77114835664244
2013-03-26,5.725393612930507
2013-03-27,5.749840175600923
2013-03-28,5.599340217120918
2013-03-29,5.592388779287313
2013-04-01,5.603080328209831
2013-04-02,5.530922785851498
2013-04-03,5.483532862019521
2013-04-08,5.4606350504666095
2013-04-09,5.508413159666118
2013-04-10,5.484630614160251
2013-04-11,5.521785842143779
2013-04-12,5.493000357944878
2013-04-15,5.452635063606973
2013-04-16,5.522338947863041
2013-04-17,5.553588629710995
2013-04-18,5.563715528894708
2013-04-19,5.650901970560364
2013-04-22,5.662648236233597
2013-04-23,5.551783299773973
2013-04-24,5.661612073118198
2013-04-25,5.630909319054877
2013-04-26,5.553280634004801
2013-05-02,5.589287059507392
2013-05-03,5.650324184266086
2013-05-06,5.734317924346337
2013-05-07,5.733613504028227
2013-05-08,5.798170405407297
2013-05-09,5.82870507562158
2013-05-10,5.883931201282146
2013-05-13,5.902565542252163
2013-05-14,5.824370699499625
2013-05-15,5.918818060562975
2013-05-16,5.943433830383852
2013-05-17,6.004869897802648
2013-05-20,6.1183892363424555
2013-05-21,6.245425996684609
2013-05-22,6.189908538489478
2013-05-23,6.193557142819503
2013-05-24,6.30110803951261
2013-05-27,6.369780252359045
2013-05-28,6.299755900966223
2013-05-29,6.361212199305572
2013-05-30,6.373314734158917
2013-05-31,6.3477425087528365
2013-06-03,6.30728967753519
2013-06-04,6.208071757735004
2013-06-05,6.2621880352378705
2013-06-06,6.162557802004476
2013-06-07,6.102056951738844
2013-06-13,5.986147104982949
2013-06-14,6.08483665219439
2013-06-17,6.136468611083612
2013-06-18,6.17083932217959
2013-06-19,6.178600558792767
2013-06-20,6.058831629123506
2013-06-21,6.045045871717789
2013-06-24,5.724527297840034
2013-06-25,5.678475388125432
2013-06-26,5.781530820172205
2013-06-27,5.681137308057012
2013-06-28,5.633293146921509
2013-07-01,5.688117912190564
2013-07-02,5.733019803274841
2013-07-03,5.74830667421005
2013-07-04,5.775565637721337
2013-07-05,5.741135046130839
2013-07-08,5.655420735907813
2013-07-09,5.693311441760224
2013-07-10,5.751836833957909
2013-07-11,5.7979947888827805
2013-07-12,5.803235048328242
2013-07-15,5.84549695349401
2013-07-16,5.874560848997922
2013-07-17,5.855854469988556
2013-07-18,5.8865595443474215
2013-07-19,5.843422181257622
2013-07-22,5.9043565325500404
2013-07-23,5.966811007255315
2013-07-24,5.987321854649464
2013-07-25,5.903273443005311
2013-07-26,5.937829072274681
2013-07-29,5.913965575614457
2013-07-30,5.906905136981074
2013-07-31,5.944188365196942
2013-08-01,6.0594196066435595
2013-08-02,6.082525832205813
2013-08-05,6.150960048525221
2013-08-06,6.171169607025745
2013-08-07,6.146579359978709
2013-08-08,6.211097840125955
2013-08-09,6.234796788504999
2013-08-12,6.274994454841803
2013-08-13,6.291789788317128
2013-08-14,6.307749714330642
2013-08-15,6.259028440490976
2013-08-16,6.1709434335595486
2013-08-19,6.245880470869962
2013-08-20,6.275415688883314
2013-08-21,6.32863507741136
2013-08-22,6.356858672573318
2013-08-23,6.313595993408583
2013-08-26,6.385796881239185
2013-08-27,6.403691409854294
2013-08-28,6.341188643202743
2013-08-29,6.358810717414108
2013-08-30,6.285093451086627
2013-09-02,6.323659787473789
2013-09-03,6.372432972194589
2013-09-04,6.367842798173304
2013-09-05,6.380582068670291
2013-09-06,6.395698689020169
2013-09-09,6.423673781403801
2013-09-10,6.427529363146476
2013-09-11,6.4056026268240815
2013-09-12,6.41500004304314
2013-09-13,6.433742071006794
2013-09-16,6.459653047014588
2013-09-17,6.395853493068351
2013-09-18,6.416398567199892
2013-09-23,6.479680249973033
2013-09-24,6.510384654030309
2013-09-25,6.508735019310703
2013-09-26,6.471892505553968
2013-09-27,6.468533596059386
2013-09-30,6.518230825189816
2013-10-08,6.568866869199112
2013-10-09,6.623392254699406
2013-10-10,6.597675206809383
2013-10-11,6.666188380879317
2013-10-14,6.713350272421802
2013-10-15,6.691482829163058
2013-10-16,6.5709980398063825
2013-10-17,6.618762356920213
2013-10-18,6.650735706957007
2013-10-21,6.785331432564143
2013-10-22,6.801151384290483
2013-10-23,6.713733933065875
2013-10-24,6.722212736769374
2013-10-25,6.695465678054986
2013-10-28,6.718514388859201
2013-10-29,6.538835092352903
2013-10-30,6.685198757128508
2013-10-31,6.723620519713009
2013-11-01,6.679836867079444
2013-11-04,6.7187283994407725
2013-11-05,6.77351154978724
2013-11-06,6.743489380443037
2013-11-07,6.706336085589767
2013-11-08,6.651109122040514
2013-11-11,6.779764989917763
2013-11-12,6.894117358082387
2013-11-13,6.842659874724278
2013-11-14,7.021160355397403
2013-11-15,7.202853678942151
2013-11-18,7.316719755446451
2013-11-19,7.304240909787851
2013-11-20,7.308390194207804
2013-11-21,7.248629650090268
2013-11-22,7.250509815949404
2013-11-25,7.308876362011869
2013-11-26,7.374387484548862
2013-11-27,7.408611731337774
2013-11-28,7.500021738710099
2013-11-29,7.633723975366397
2013-12-02,7.156621870065976
2013-12-03,7.293803758353401
2013-12-04,7.451862684556737
2013-12-05,7.499169042221401
2013-12-06,7.483229719829596
2013-12-09,7.606158363092072
2013-12-10,7.580448540380095
2013-12-11,7.503697974590337
2013-12-12,7.586523715091295
2013-12-13,7.690357254121241
2013-12-16,7.620407673588623
2013-12-17,7.561391006749729
2013-12-18,7.552648067955138
2013-12-19,7.484314990215404
2013-12-20,7.441085317420439
2013-12-23,7.4290563896195145
2013-12-24,7.4854456022421845
2013-12-25,7.662159798062627
2013-12-26,7.5689761648475
2013-12-27,7.740046658963747
2013-12-30,7.8248624866062055
2013-12-31,7.750122531021951
2014-01-02,7.83693452558243
2014-01-03,7.81127732014041
2014-01-06,7.69468237573139
2014-01-07,7.7561569682938485
2014-01-08,7.802226701052196
2014-01-09,7.669285107581799
2014-01-10,7.55213196100044
2014-01-13,7.552766330638552
2014-01-14,7.720855731391323
2014-01-15,7.846594103438789
2014-01-16,7.856792884089184
2014-01-17,7.835839805484266
2014-01-20,7.792049607802061
2014-01-21,7.92527341826772
2014-01-22,8.014736187904822
2014-01-23,8.091494632269043
2014-01-24,8.114553891964439
2014-01-27,8.070380590848897
2014-01-28,8.05958105571939
2014-01-29,8.1259758927449
2014-01-30,8.117734095445833
2014-02-07,8.19751484392571
2014-02-10,8.34208090020305
2014-02-11,8.368127156653127
2014-02-12,8.466342469228412
2014-02-13,8.356782695064684
2014-02-14,8.51559234786144
2014-02-17,8.675642479901116
2014-02-18,8.707903105659021
2014-02-19,8.675828216616152
2014-02-20,8.600754369786141
2014-02-21,8.573389706251199
2014-02-24,8.619100378115506
2014-02-25,8.356288075158401
2014-02-26,8.404747169064382
2014-02-27,8.347559326305248
2014-02-28,8.432563821115272
2014-03-03,8.533109975426688
2014-03-04,8.516527249906702
2014-03-05,8.496694132221878
2014-03-06,8.478816917208915
2014-03-07,8.47647404546412
2014-03-10,8.280865266125218
2014-03-11,8.244084593332165
2014-03-12,8.251861893963813
2014-03-13,8.29966195513367
2014-03-14,8.302395619550976
2014-03-17,8.428777500418512
2014-03-18,8.475370805335412
2014-03-19,8.486162911473187
2014-03-20,8.363342943279534
2014-03-21,8.460396901456832
2014-03-24,8.522765392886287
2014-03-25,8.514263178292245
2014-03-26,8.517407919284798
2014-03-27,8.375834768172146
2014-03-28,8.236725751661213
2014-03-31,8.214305377727735
2014-04-01,8.299574745744554
2014-04-02,8.270612121563362
2014-04-03,8.296632647359884
2014-04-04,8.339818643502605
2014-04-08,8.373036674374402
2014-04-09,8.433135706614644
2014-04-10,8.432567229082663
2014-04-11,8.418524186754233
2014-04-14,8.47398506250221
2014-04-15,8.44159417088466
2014-04-16,8.460668643330726
2014-04-17,8.477884901783414
2014-04-18,8.483585495324261
2014-04-21,8.403039486490608
2014-04-22,8.339575258533499
2014-04-23,8.352327613195031
2014-04-24,8.315862411417475
2014-04-25,8.213289284520984
2014-04-28,8.050416207961042
2014-04-29,8.095940445498032
2014-04-30,8.164237314382827
2014-05-05,8.203612798033015
2014-05-06,8.246738444522224
2014-05-07,8.191658012711208
2014-05-08,8.21529928998838
2014-05-09,8.18838070798241
2014-05-12,8.273114307178504
2014-05-13,8.280451207012552
2014-05-14,8.279816796014385
2014-05-15,8.208181520112575
2014-05-16,8.178621925699124
2014-05-19,8.2028128002527
2014-05-20,8.235463336235737
2014-05-21,8.284668658461772
2014-05-22,8.298639416823043
2014-05-23,8.344332975229012
2014-05-26,8.403603342748365
2014-05-27,8.392023212749715
2014-05-28,8.44981134141878
2014-05-29,8.380826159217033
2014-05-30,8.424913385200975
2014-06-03,8.417990635369062
2014-06-04,8.3905192296805
2014-06-05,8.455609352635303
2014-06-06,8.441056410759272
2014-06-09,8.429890869722733
2014-06-10,8.484939291778632
2014-06-11,8.514947600581865
2014-06-12,8.53258223010967
2014-06-13,8.579277526619654
2014-06-16,8.61560794313003
2014-06-17,8.596371367292422
2014-06-18,8.569877189889487
2014-06-19,8.457744551202486
2014-06-20,8.518148957959713
2014-06-23,8.583608854100913
2014-06-24,8.616736516252892
2014-06-25,8.610718232045052
2014-06-26,8.677806194928607
2014-06-27,8.676343648473436
2014-06-30,8.73349437705804
2014-07-01,8.747989710895215
2014-07-02,8.785251098475477
2014-07-03,8.818227377957118
2014-07-04,8.83234802298132
2014-07-07,8.835182291402466
2014-07-08,8.871964244001886
2014-07-09,8.822011076245715
2014-07-10,8.825055806409717
2014-07-11,8.867690307536153
2014-07-14,8.936164593121392
2014-07-15,8.891262360494407
2014-07-16,8.848915830561895
2014-07-17,8.846176161183267
2014-07-18,8.84599489670626
2014-07-21,8.822629386734253
2014-07-22,8.863280883570111
2014-07-23,8.804476962340178
2014-07-24,8.795616758055909
2014-07-25,8.819134228542486
2014-07-28,8.878718786739555
2014-07-29,8.916947321235474
2014-07-30,8.923092986717073
2014-07-31,8.969875189962202
2014-08-01,8.936367781212034
2014-08-04,9.04119867730954
2014-08-05,9.098036023542493
2014-08-06,9.09240805008049
2014-08-07,9.035043602118202
2014-08-08,9.080403841200155
2014-08-11,9.141151876605587
2014-08-12,9.142935125675795
2014-08-13,9.173965990046048
2014-08-14,9.183002381936836
2014-08-15,9.247136435478874
2014-08-18,9.336375931742456
2014-08-19,9.329786829696522
2014-08-20,9.375367491726971
2014-08-21,9.391652553114824
2014-08-22,9.464171913601339
2014-08-25,9.43357342356492
2014-08-26,9.30890501808363
2014-08-27,9.327857260339202
2014-08-28,9.33880324824487
2014-08-29,9.388986078794554
2014-09-01,9.489228306785995
2014-09-02,9.594742403284386
2014-09-03,9.688062580521358
2014-09-04,9.77023217375498
2014-09-05,9.822190149853451
2014-09-09,9.924257255826372
2014-09-10,9.995248875564924
2014-09-11,9.933413366348045
2014-09-12,10.060701645858213
2014-09-15,10.16558170068067
2014-09-16,9.878954476200807
2014-09-17,9.986612043936312
2014-09-18,10.072266666233752
2014-09-19,10.117703338174103
2014-09-22,10.063638157395303
2014-09-23,10.24148286648892
2014-09-24,10.386954229721836
2014-09-25,10.346109156750146
2014-09-26,10.409591077943901
2014-09-29,10.60565924591915
2014-09-30,10.667898437273806
2014-10-08,10.762170480480197
2014-10-09,10.792808776449583
2014-10-10,10.78012437436739
2014-10-13,10.859173586012764
2014-10-14,10.856596887068589
2014-10-15,10.86293579568715
2014-10-16,10.738774993631633
2014-10-17,10.577914804692702
2014-10-20,10.741940349058057
2014-10-21,10.724550556795357
2014-10-22,10.61049079489174
2014-10-23,10.450364743852774
2014-10-24,10.466272527056347
2014-10-27,10.606119613160852
2014-10-28,10.894195090440423
2014-10-29,11.001433854329509
2014-10-30,11.016522973926461
2014-10-31,11.021096029415247
2014-11-03,11.156938918152445
2014-11-04,11.033140128612017
2014-11-05,11.07513984257195
2014-11-06,11.29502030112987
2014-11-07,11.278239748963339
2014-11-10,11.337816411543095
2014-11-11,10.929964508813773
2014-11-12,11.170256524737532
2014-11-13,10.993365592692701
2014-11-14,10.949954923026059
2014-11-17,11.094333085183854
2014-11-18,11.110762187326538
2014-11-19,11.250355258574913
2014-11-20,11.211834206078176
2014-11-21,11.357334397505584
2014-11-24,11.40798819986667
2014-11-25,11.551771824394873
2014-11-26,11.56748177577913
2014-11-27,11.70402866146908
2014-11-28,11.6922901622937
2014-12-01,11.477992805668606
2014-12-02,11.66855313826789
2014-12-03,11.785903214989247
2014-12-04,11.819827832910793
2014-12-05,11.4787878366663
2014-12-08,11.34521902478354
2014-12-09,10.771120177871529
2014-12-10,11.142234119359895
2014-12-11,11.309184378812542
2014-12-12,11.416109597032312
2014-12-15,11.652801842477423
2014-12-16,11.629608511761711
2014-12-17,11.416286288297982
2014-12-18,11.368325088137913
2014-12-19,11.235301838319225
2014-12-22,10.64126062749805
2014-12-23,10.643418361914884
2014-12-24,10.99390749727113
2014-12-25,11.255646329500442
2014-12-26,11.257371377087999
2014-12-29,10.99475599084923
2014-12-30,10.778743838389307
2014-12-31,10.865759864435672
2015-01-05,10.817806423305305
2015-01-06,11.09497310690649
2015-01-07,11.039985940351466
2015-01-08,11.059118603386802
2015-01-09,10.993177710465208
2015-01-12,10.878807986796957
2015-01-13,11.040427294278501
2015-01-14,11.01914533279902
2015-01-15,11.04724523958826
2015-01-16,11.175610231324159
2015-01-19,11.13682336571677
2015-01-20,11.56430822263852
2015-01-21,11.768762763558472
2015-01-22,11.899969926170527
2015-01-23,11.787247900456785
2015-01-26,11.977375717074608
2015-01-27,12.025407342079301
2015-01-28,12.01502306142397
2015-01-29,11.922609868409271
2015-01-30,11.772138217928335
2015-02-02,11.769013821268414
2015-02-03,11.89562511358393
2015-02-04,11.930929247266892
2015-02-05,11.899126015076687
2015-02-06,11.702118842367131
2015-02-09,11.63825417007043
2015-02-10,11.739936327411336
2015-02-11,11.8530935893077
2015-02-12,11.931085607431049
2015-02-13,12.164580853674689
2015-02-16,12.371395448994805
2015-02-17,12.416321428324459
2015-02-25,12.345868580891178
2015-02-26,12.368576429358546
2015-02-27,12.499573540981336
2015-03-02,12.68778812421651
2015-03-03,12.618798675297473
2015-03-04,12.809994109371015
2015-03-05,12.910751822301808
2015-03-06,12.870039298834378
2015-03-09,13.028637554079888
2015-03-10,13.115488710952796
2015-03-11,13.192199180659356
2015-03-12,13.113838362799163
2015-03-13,13.248972327861152
2015-03-16,13.51363587855085
2015-03-17,13.569845443619435
2015-03-18,13.828610498620147
2015-03-19,13.928522454437282
2015-03-20,14.196610428677312
2015-03-23,14.64575071963084
2015-03-24,14.644997196579455
2015-03-25,14.873634492867877
2015-03-26,14.693403089008484
2015-03-27,14.826740340266602
2015-03-30,14.825625636921815
2015-03-31,15.007378052065329
2015-04-01,15.40201126712088
2015-04-02,15.781242225221307
2015-04-03,16.140432943488616
2015-04-07,16.52389380101712
2015-04-08,16.470415013371007
2015-04-09,16.37529002062824
2015-04-10,16.778584923738112
2015-04-13,17.0940158314132
2015-04-14,16.8635416613923
2015-04-15,16.146082960202122
2015-04-16,16.24881544551941
2015-04-17,16.22580126636096
2015-04-20,16.075084153421212
2015-04-21,16.598755987576375
2015-04-22,16.88153666036098
2015-04-23,16.90581511464749
2015-04-24,16.85930050417917
2015-04-27,16.928068672341457
2015-04-28,16.510748869885155
2015-04-29,16.766396220962804
2015-04-30,16.749158282557257
2015-05-04,16.92182455374413
2015-05-05,16.6599594472889
2015-05-06,16.53971157869093
2015-05-07,16.274555507075227
2015-05-08,16.82983316164673
2015-05-11,17.47648249847934
2015-05-12,17.69499711468509
2015-05-13,17.688219621007555
2015-05-14,18.06630336313658
2015-05-15,17.993318497993005
2015-05-18,18.47178556791702
2015-05-19,18.81837922864021
2015-05-20,19.015710395201406
2015-05-21,19.558569113337025
2015-05-22,19.76042011787338
2015-05-25,19.973897817933178
2015-05-26,20.816471275805156
2015-05-27,21.445918757515912
2015-05-28,20.93298392201404
2015-05-29,21.128215265148057
2015-06-01,21.880810186489114
2015-06-02,22.731944615694974
2015-06-03,22.8208859577751
2015-06-04,22.421183053464144
2015-06-05,22.577341074335617
2015-06-08,22.14074760739108
2015-06-09,22.167680517523774
2015-06-10,22.422821818253794
2015-06-11,22.664739423657476
2015-06-12,23.08938068596842
2015-06-15,22.673995889330104
2015-06-16,22.01903153342498
2015-06-17,22.453673776682052
2015-06-18,21.992430733377926
2015-06-19,20.793418734930636
2015-06-23,20.771310448061676
2015-06-24,21.211266288802257
2015-06-25,20.681410463919168
2015-06-26,19.41814484457127
2015-06-29,18.40785434156931
2015-06-30,18.993749624563165
2015-07-01,18.31360978286369
2015-07-02,17.485949535813337
2015-07-03,16.689834267510086
2015-07-06,16.103741746860308
2015-07-07,15.26501917123985
2015-07-08,15.113787571544389
2015-07-09,15.949635207623768
2015-07-10,16.832271198535356
2015-07-13,17.758446625328297
2015-07-14,18.273134287479092
2015-07-15,17.56642120259761
2015-07-16,17.923386747536536
2015-07-17,18.692750745196193
2015-07-20,18.925611134388607
2015-07-21,19.223584809253033
2015-07-22,19.369485069372374
2015-07-23,19.846491084250623
2015-07-24,19.594831835786994
2015-07-27,18.548617093106618
2015-07-28,18.073697047995548
2015-07-29,18.765588044828416
2015-07-30,18.434754661310322
2015-07-31,18.29044758733101
2015-08-03,17.65697297521088
2015-08-04,18.36360269999805
2015-08-05,18.43255295953846
2015-08-06,18.47002202464579
2015-08-07,18.848743709929344
2015-08-10,19.419199593939666
2015-08-11,19.585718292613382
2015-08-12,19.530732008495395
2015-08-13,19.838181828483464
2015-08-14,19.793331508253072
2015-08-17,19.955136430398564
2015-08-18,19.10172185520054
2015-08-19,19.45563607593057
2015-08-20,19.305690124057694
2015-08-21,18.66210694057858
2015-08-24,17.771970067683753
2015-08-25,16.95078652946615
2015-08-26,16.68508756128373
2015-08-27,17.133689460848245
2015-08-28,17.75071791952967
2015-08-31,17.508831662537794
2015-09-01,17.122898843756577
2015-09-02,16.986765363953353
2015-09-07,17.1355259826641
2015-09-08,17.428411579128827
2015-09-09,17.623994604967876
2015-09-10,17.537759918208625
2015-09-11,17.598219401093324
2015-09-14,17.210092770801438
2015-09-15,16.950171984173775
2015-09-16,17.348360245749173
2015-09-17,17.309097693658305
2015-09-18,17.417632465073545
2015-09-21,17.625127307697362
2015-09-22,17.644010824356062
2015-09-23,17.62704852690558
2015-09-24,17.73107631312215
2015-09-25,17.527551107478235
2015-09-28,17.696677539330032
2015-09-29,17.661247977281874
2015-09-30,17.682529174060175
2015-10-08,17.874583098556037
2015-10-09,17.965751898809934
2015-10-12,18.137480445597276
2015-10-13,18.208367888437994
2015-10-14,18.142041197860006
2015-10-15,18.298677385319024
2015-10-16,18.33242236812568
2015-10-19,18.31456550807549
2015-10-20,18.42962625994523
2015-10-21,18.154657249433026
2015-10-22,18.37957643544449
2015-10-23,18.593181269841754
2015-10-26,18.651410976472167
2015-10-27,18.66272240703249
2015-10-28,18.573905510123417
2015-10-29,18.62105893268265
2015-10-30,18.667552545426528
2015-11-02,18.66245908519099
2015-11-03,18.75973558423351
2015-11-04,19.08791361482263
2015-11-05,18.989624345097944
2015-11-06,19.28901958585989
2015-11-09,19.486677681705775
2015-11-10,19.464990400333434
2015-11-11,19.78302134662368
2015-11-12,19.94906104806266
2015-11-13,19.55278735059351
2015-11-16,19.749858125288824
2015-11-17,19.60246084387187
2015-11-18,19.400838849377635
2015-11-19,19.68649407308345
2015-11-20,19.824521795233817
2015-11-23,19.778423792457826
2015-11-24,20.108028235875434
2015-11-25,20.235747972774274
2015-11-26,20.144940164238214
2015-11-27,19.699630518177315
2015-11-30,19.969822414876745
2015-12-01,19.911782000550566
2015-12-02,19.794468414541868
2015-12-03,20.025487647171573
2015-12-04,19.99522375918459
2015-12-07,20.106310242915242
2015-12-08,20.030652843399164
2015-12-09,19.963806107238746
2015-12-10,19.90719234961199
2015-12-11,19.875821948684493
2015-12-14,20.041483995849255
2015-12-15,20.106979207850156
2015-12-16,20.245844519808152
2015-12-17,20.51195325128576
2015-12-18,20.517372451271925
2015-12-21,20.583899166869994
2015-12-22,20.593528980226107
2015-12-23,20.519204655656765
2015-12-24,20.606217344770005
2015-12-25,20.72391226440383
2015-12-28,20.46820450384578
2015-12-29,20.60057146053722
2015-12-30,20.67991997799093
2015-12-31,20.50230237046466
2016-01-04,19.554741067150193
2016-01-05,19.33815720640409
2016-01-06,19.587817968756713
2016-01-07,18.77282484644696
2016-01-08,18.892418389042128
2016-01-11,18.185556092273643
2016-01-12,18.3096093953057
2016-01-13,17.976936283621118
2016-01-14,18.342836712515407
2016-01-15,18.00420067021126
2016-01-18,18.187962325565337
2016-01-19,18.55260460651918
2016-01-20,18.549828821803366
2016-01-21,18.208096947495708
2016-01-22,18.379451193678463
2016-01-25,18.477623844172104
2016-01-26,17.726163337345653
2016-01-27,17.676132271221487
2016-01-28,17.302196659339877
2016-01-29,17.645372308810945
2016-02-01,17.610594626556296
2016-02-02,17.78812417527136
2016-02-03,17.819136052909737
2016-02-04,17.922804463225397
2016-02-05,17.86859823884965
2016-02-15,17.84469025036459
2016-02-16,18.049358096415098
2016-02-17,18.080641296187448
2016-02-18,18.080281452890734
2016-02-19,18.107480514987994
2016-02-22,18.23230082342148
2016-02-23,18.217076794514924
2016-02-24,18.1826191714424
2016-02-25,17.7673231774451
2016-02-26,17.785211565044214
2016-02-29,17.494599560858404
2016-03-01,17.589468453877256
2016-03-02,17.797361032475745
2016-03-03,17.80042181038105
2016-03-04,17.60966425948949
2016-03-07,17.726372447165335
2016-03-08,17.80016352172945
2016-03-09,17.693513641303728
2016-03-10,17.621186923593932
2016-03-11,17.6404308538581
2016-03-14,17.8341153123501
2016-03-15,17.816885459408812
2016-03-16,17.77885461376055
2016-03-17,17.941499878413865
2016-03-18,18.107295049351226
2016-03-21,18.224260532292828
2016-03-22,18.224206049175244
2016-03-23,18.269235167214745
2016-03-24,18.267484629435604
2016-03-25,18.29660727214401
2016-03-28,18.260351951866333
2016-03-29,18.138612705373845
2016-03-30,18.347083946172734
2016-03-31,18.37652925143334
2016-04-01,18.372561917884678
2016-04-05,18.511796736513194
2016-04-06,18.544331286372934
2016-04-07,18.469100687959354
2016-04-08,18.444611204050684
2016-04-11,18.562303672916446
2016-04-12,18.53789643753473
2016-04-13,18.596370167592234
2016-04-14,18.650668730874592
2016-04-15,18.662766845420375
2016-04-18,18.592655578451556
2016-04-19,18.60481617049866
2016-04-20,18.394267658484544
2016-04-21,18.364611610080136
2016-04-22,18.401046527406805
2016-04-25,18.410027857250384
2016-04-26,18.466783077365207
2016-04-27,18.453061713177515
2016-04-28,18.445044633944192
2016-04-29,18.46580542897919
2016-05-03,18.65414669286875
2016-05-04,18.665461961404144
2016-05-05,18.735924308847892
2016-05-06,18.47305005562581
2016-05-09,18.203076671045604
2016-05-10,18.209738745039218
2016-05-11,18.15246061807163
2016-05-12,18.091937209020035
2016-05-13,18.089074478042697
2016-05-16,18.20771937022214
2016-05-17,18.211129180361382
2016-05-18,17.98716008000709
2016-05-19,18.039555692145257
2016-05-20,18.115899069279994
2016-05-23,18.26472763589123
2016-05-24,18.20805507286303
2016-05-25,18.23512089927335
2016-05-26,18.307321372349683
2016-05-27,18.308718500516896
2016-05-30,18.31044425787124
2016-05-31,18.58990757748384
2016-06-01,18.62120745372165
2016-06-02,18.674154145815287
2016-06-03,18.723908951818892
2016-06-06,18.740518472555756
2016-06-07,18.814829371414714
2016-06-08,18.851017347223067
2016-06-13,18.479179056311033
2016-06-14,18.47845248670781
2016-06-15,18.722456379980898
2016-06-16,18.762245714522752
2016-06-17,18.855423380528023
2016-06-20,18.98629040561171
2016-06-21,18.892230336202918
2016-06-22,19.04941999491619
2016-06-23,19.02588273249113
2016-06-24,18.97592295689981
2016-06-27,19.15822365543723
2016-06-28,19.27511778519601
2016-06-29,19.320292228137685
2016-06-30,19.30787055453059
2016-07-01,19.28034353717924
2016-07-04,19.455931980858434
2016-07-05,19.52336654153793
2016-07-06,19.694260030213478
2016-07-07,19.689221749804485
2016-07-08,19.671096949252046
2016-07-11,19.617436612919068
2016-07-12,19.77643055710443
2016-07-13,19.822869323017798
2016-07-14,19.831049186931942
2016-07-15,19.777482223392116
2016-07-18,19.7249089675914
2016-07-19,19.77387050304877
2016-07-20,19.822278760464712
2016-07-21,19.874261500135965
2016-07-22,19.75296962106553
2016-07-25,19.774528878462917
2016-07-26,19.882810503547066
2016-07-27,19.381466893354816
2016-07-28,19.397210191728586
2016-07-29,19.32712009470829
2016-08-01,19.161752143494148
2016-08-02,19.29138539854461
2016-08-03,19.36095022757139
2016-08-04,19.385751821233836
2016-08-05,19.325878874099676
2016-08-08,19.481312005018165
2016-08-09,19.617877823568016
2016-08-10,19.548462707159704
2016-08-11,19.336440795413264
2016-08-12,19.460671361444287
2016-08-15,19.79255441032406
2016-08-16,19.9061366295009
2016-08-17,19.90581985033948
2016-08-18,19.939280894050473
2016-08-19,20.152583548642802
2016-08-22,20.045138850418365
2016-08-23,20.03283887723124
2016-08-24,20.15305932074858
2016-08-25,20.144342051405655
2016-08-26,20.233373568607636
2016-08-29,20.34262997687739
2016-08-30,20.34303133835216
2016-08-31,20.42070648359153
2016-09-01,20.31380323381082
2016-09-02,20.368933747760448
2016-09-05,20.39543168649646
2016-09-06,20.66303063315863
2016-09-07,20.66796506193966
2016-09-08,20.79441305891557
2016-09-09,20.623252151882042
2016-09-12,20.109675066280808
2016-09-13,20.2340131316264
2016-09-14,20.13741727876187
2016-09-19,20.38026501682717
2016-09-20,20.3270058687888
2016-09-21,20.418999849958738
2016-09-22,20.550721144437603
2016-09-23,20.605185467177762
2016-09-26,20.21480485780882
2016-09-27,20.373073308539
2016-09-28,20.41041455592257
2016-09-29,20.502944794780852
2016-09-30,20.560147116443943
2016-10-10,20.916349122157158
2016-10-11,21.02620708381829
2016-10-12,21.113237912045996
2016-10-13,21.122186109936965
2016-10-14,21.125951654628704
2016-10-17,21.051161801264858
2016-10-18,21.328690681527004
2016-10-19,21.25852127620393
2016-10-20,21.391386534973837
2016-10-21,21.255198107604652
2016-10-24,21.428714365468764
2016-10-25,21.47865194433877
2016-10-26,21.374370089924756
2016-10-27,21.407882850761947
2016-10-28,21.357306951294017
2016-10-31,21.407534630796114
2016-11-01,21.68982117171413
2016-11-02,21.563392329069114
2016-11-03,21.67447879084934
2016-11-04,21.747481108154705
2016-11-07,21.76565990351973
2016-11-08,21.914152615791657
2016-11-09,21.73523731890044
2016-11-10,22.220131653510524
2016-11-11,22.4374263548244
2016-11-14,22.510337801880635
2016-11-15,22.601675426198703
2016-11-16,22.583520979048277
2016-11-17,22.591502214895545
2016-11-18,22.734807461301287
2016-11-21,23.04056278937285
2016-11-22,23.3538780518554
2016-11-23,23.032327652654484
2016-11-24,22.843964089321926
2016-11-25,22.928760437818685
2016-11-28,22.713867462443663
2016-11-29,22.532242534701965
2016-11-30,22.50389990355959
2016-12-01,22.715649465966028
2016-12-02,22.390219737162543
2016-12-05,22.41677112293983
2016-12-06,22.462991659685837
2016-12-07,22.73060810852269
2016-12-08,22.660796047030342
2016-12-09,22.524118591546543
2016-12-12,21.36814868942818
2016-12-13,21.400249594332312
2016-12-14,21.23333412942852
2016-12-15,21.338295071451217
2016-12-16,21.64109793247311
2016-12-19,21.74840038482303
2016-12-20,21.625320371606026
2016-12-21,21.780027872202982
2016-12-22,21.90279979732489
2016-12-23,21.52029923519159
2016-12-26,21.659639225051954
2016-12-27,21.730964477632558
2016-12-28,21.6293209219504
2016-12-29,21.505451066750467
2016-12-30,21.534473515089243
2017-01-03,21.6652795374041
2017-01-04,21.765121482234573
2017-01-05,21.671696435618802
2017-01-06,21.611583322944476
2017-01-09,21.674789711831412
2017-01-10,21.623576695550092
2017-01-11,21.41864055246961
2017-01-12,21.25861763737603
2017-01-13,20.93433421205676
2017-01-16,20.39198194798789
2017-01-17,20.560667149195375
2017-01-18,20.40972914032465
2017-01-19,20.34116607637514
2017-01-20,20.57416993137135
2017-01-23,20.705316058206744
2017-01-24,20.632062441614114
2017-01-25,20.700679573629564
2017-01-26,20.787171237667604
2017-02-03,20.68332398899257
2017-02-06,20.905788499465295
2017-02-07,20.92453710234556
2017-02-08,20.986575243000974
2017-02-09,21.172558564942026
2017-02-10,21.103108367314693
2017-02-13,21.239476626895854
2017-02-14,21.203294785992668
2017-02-15,21.090175372031755
2017-02-16,21.14773373843541
2017-02-17,21.042749027844494
2017-02-20,21.21754878458229
2017-02-21,21.321637845269098
2017-02-22,21.384995844471998
2017-02-23,21.484703058360125
2017-02-24,21.61466141452989
2017-02-27,21.49127220647283
2017-02-28,21.56731069062559
2017-03-01,21.609695805390857
2017-03-02,21.529705567517976
2017-03-03,21.6625075294497
2017-03-06,21.922922559972733
2017-03-07,21.98256796583826
2017-03-08,21.93092075767576
2017-03-09,21.830121226284916
2017-03-10,21.89810538308949
2017-03-13,22.02827584558681
2017-03-14,22.096044796671947
2017-03-15,22.175688289856097
2017-03-16,22.456366665978514
2017-03-17,22.340471223893502
2017-03-20,22.4534240647837
2017-03-21,22.633741454256366
2017-03-22,22.49694027104959
2017-03-23,22.606525544769227
2017-03-24,22.66502479313427
2017-03-27,22.548671677163487
2017-03-28,22.515554113974733
2017-03-29,22.31679033109087
2017-03-30,21.904200857119804
2017-03-31,22.055605224133938
2017-04-05,22.28625436212259
2017-04-06,22.40821145694869
2017-04-07,22.346940585904488
2017-04-10,22.055911440531087
2017-04-11,22.09900158839167
2017-04-12,21.96632260281219
2017-04-13,22.02454908260179
2017-04-14,21.792866887718585
2017-04-17,21.53584477300867
2017-04-18,21.400165872924493
2017-04-19,21.085091115852624
2017-04-20,20.977223635072573
2017-04-21,20.90385945136834
2017-04-24,20.521202951235733
2017-04-25,20.639442007360348
2017-04-26,20.663484951958804
2017-04-27,20.71511213853934
2017-04-28,20.818243363528495
2017-05-02,20.794748923160416
2017-05-03,20.785478774891793
2017-05-04,20.793158204362555
2017-05-05,20.730781946367642
2017-05-08,20.586206783492912
2017-05-09,20.656480895459236
2017-05-10,20.54373701930943
2017-05-11,20.475033619288357
2017-05-12,20.417653547583768
2017-05-15,20.420603835118897
2017-05-16,20.61710357282251
2017-05-17,20.635590415690338
2017-05-18,20.58522782507448
2017-05-19,20.56156584117075
2017-05-22,20.33586956606376
2017-05-23,19.981555254900726
2017-05-24,20.037592466957047
2017-05-25,20.042688636542923
2017-05-26,20.039386799218835
2017-05-31,20.04835994951966
2017-06-01,19.761449213911554
2017-06-02,19.834756876865146
2017-06-05,19.87589942155006
2017-06-06,19.91641228367297
2017-06-07,20.151559087280702
2017-06-08,20.15453276590431
2017-06-09,20.159135614236988
2017-06-12,20.053586245105176
2017-06-13,20.17998141595469
2017-06-14,20.2064946501264
2017-06-15,20.321342552096933
2017-06-16,20.298305701743317
2017-06-19,20.31516946861416
2017-06-20,20.33787593510367
2017-06-21,20.31604528807888
2017-06-22,20.178524246458704
2017-06-23,20.18005235898538
2017-06-26,20.274256857246385
2017-06-27,20.29206863674343
2017-06-28,20.260825166442068
2017-06-29,20.29883995534163
2017-06-30,20.35816821912722
2017-07-03,20.393241060957653
2017-07-04,20.355585088362655
2017-07-05,20.432964496970403
2017-07-06,20.4219563860539
2017-07-07,20.483703629408993
2017-07-10,20.34707274274213
2017-07-11,20.263825227094344
2017-07-12,20.269503176770257
2017-07-13,20.294313212398936
2017-07-14,20.216834300774153
2017-07-17,19.79834272455957
2017-07-18,19.882490593390273
2017-07-19,19.955932560311457
2017-07-20,20.004765482445944
2017-07-21,19.94436085624695
2017-07-24,19.9685787285439
2017-07-25,19.92392180923379
2017-07-26,19.913306545081223
2017-07-27,20.06992628014374
2017-07-28,20.04605800768042
2017-07-31,20.09839010428812
2017-08-01,20.08989705827226
2017-08-02,20.006068293810696
2017-08-03,20.037283851214063
2017-08-04,19.962064848849202
2017-08-07,20.01392349807022
2017-08-08,20.03494193165676
2017-08-09,20.063119136489604
2017-08-10,20.011238200204044
2017-08-11,19.931856794853648
2017-08-14,20.137405560794353
2017-08-15,20.206720527914875
2017-08-16,20.301576189278368
2017-08-17,20.356029173349377
2017-08-18,20.32210178416969
2017-08-21,20.391729037012684
2017-08-22,20.358995548096285
2017-08-23,20.388019532211484
2017-08-24,20.327017892717098
2017-08-25,20.445334254932206
2017-08-28,20.6434177540125
2017-08-29,20.66521086093181
2017-08-30,20.609712098040983
2017-08-31,20.776054010679072
2017-09-01,20.86149827849593
2017-09-04,20.94493916439489
2017-09-05,21.017284021765533
2017-09-06,21.08532340662418
2017-09-07,21.063219004787648
2017-09-08,21.03578043901891
2017-09-11,21.238446489894713
2017-09-12,21.00443906296443
2017-09-13,21.048030700247683
2017-09-14,20.985326941609376
2017-09-15,20.980740004534148
2017-09-18,21.107439565659355
2017-09-19,21.132771337363884
2017-09-20,21.285534025141327
2017-09-21,21.175150196119276
2017-09-22,21.181956225496698
2017-09-25,20.959422560642228
2017-09-26,20.837628426087473
2017-09-27,20.98905194950697
2017-09-28,20.946661599629
2017-09-29,21.109763657778043
2017-10-09,21.393213790347904
2017-10-10,21.72731003887806
2017-10-11,21.634492514180724
2017-10-12,21.57979221110915
2017-10-13,21.936972859874146
2017-10-16,21.456640762640404
2017-10-17,21.53901554355386
2017-10-18,21.378052113475583
2017-10-19,21.26738610019041
2017-10-20,21.41954507379432
2017-10-23,21.53049623954501
2017-10-24,21.36010314947865
2017-10-25,21.603515800530776
2017-10-26,21.771563364197988
2017-10-27,21.70633316270382
2017-10-30,21.2030899854313
2017-10-31,21.45577041136576
2017-11-01,21.568342406850203
2017-11-02,21.340812447863815
2017-11-03,21.21416990244
2017-11-06,21.400681613040465
2017-11-07,21.425216856279487
2017-11-08,21.470994866071848
2017-11-09,21.600161089613184
2017-11-10,21.66578244467667
2017-11-13,21.79569601743962
2017-11-14,21.612074747823705
2017-11-15,21.467923100293753
2017-11-16,21.401977805301556
2017-11-17,20.42473945385645
2017-11-20,20.388089696422533
2017-11-21,20.298892597620483
2017-11-22,20.220676155951168
2017-11-23,19.998064623537083
2017-11-24,20.17447113910573
2017-11-27,20.134946426841946
2017-11-28,20.333019401399664
2017-11-29,20.16052709446445
2017-11-30,20.122701248357647
2017-12-01,20.22623362245274
2017-12-04,20.00538453913484
2017-12-05,19.684820727529615
2017-12-06,19.7981017194769
2017-12-07,19.782985267140717
2017-12-08,19.950019785217886
2017-12-11,20.03410695548358
2017-12-12,19.876737409443926
2017-12-13,19.95078487388694
2017-12-14,19.990347329014234
2017-12-15,19.98524450054273
2017-12-18,19.896595738620444
2017-12-19,19.95360033376308
2017-12-20,19.800655013434614
2017-12-21,19.77333093820668
2017-12-22,19.75101236311131
2017-12-25,19.544178003052007
2017-12-26,19.723450424256647
2017-12-27,19.75257483973176
2017-12-28,19.849466695706344
2017-12-29,19.901622002484814
2018-01-02,19.915679213718974
2018-01-03,19.945653245286096
2018-01-04,19.92140296265316
2018-01-05,19.93594929688292
2018-01-08,19.9231350486809
2018-01-09,19.958670144311505
2018-01-10,19.843244759101815
2018-01-11,19.92697688117898
2018-01-12,19.870081174623262
2018-01-15,19.634094185749703
2018-01-16,19.741027412723593
2018-01-17,19.78816252536392
2018-01-18,19.79122056541731
2018-01-19,19.747885597350333
2018-01-22,19.828745917775215
2018-01-23,19.86637857058577
2018-01-24,19.93302770144283
2018-01-25,19.869220266447247
2018-01-26,19.83200173941174
2018-01-29,19.76728741895839
2018-01-30,19.748615644780102
2018-01-31,19.59594590886039
2018-02-01,19.27675513717675
2018-02-02,19.159264489771807
2018-02-05,19.06075901856488
2018-02-06,18.548758386718116
2018-02-07,18.60087548676643
2018-02-08,18.728167233512313
2018-02-09,18.593835521023117
2018-02-12,18.8342624750007
2018-02-13,18.830403872073628
2018-02-14,18.833827012631446
2018-02-22,18.96534161669187
2018-02-23,19.0379324432542
2018-02-26,19.319102232379876
2018-02-27,19.38037629181399
2018-02-28,19.380473380359437
2018-03-01,19.45576165794099
2018-03-02,19.40888286246845
2018-03-05,19.44843758897997
2018-03-06,19.540265547538873
2018-03-07,19.501842317725753
2018-03-08,19.646302099773095
2018-03-09,19.81572740658409
2018-03-12,19.901686991572262
2018-03-13,19.83987076710622
2018-03-14,19.798595671308213
2018-03-15,19.630491659606744
2018-03-16,19.666068357905875
2018-03-19,19.743910576231237
2018-03-20,19.798004160399408
2018-03-21,19.79363017659472
2018-03-22,19.85688171971851
2018-03-23,19.470255870000205
2018-03-26,19.60850018988484
2018-03-27,19.833717250116596
2018-03-28,19.867741330752906
2018-03-29,19.947098660582448
2018-03-30,20.11858225613901
2018-04-02,20.111281219586587
2018-04-03,20.12424846118308
2018-04-04,20.135931708992334
2018-04-09,20.162582379099767
2018-04-10,20.197392383193222
2018-04-11,20.265625303165198
2018-04-12,20.287507586706305
2018-04-13,20.2790527531197
2018-04-16,20.188279626022677
2018-04-17,20.043624789168057
2018-04-18,20.119675982865278
2018-04-19,20.073825065766147
2018-04-20,19.884761603289757
2018-04-23,19.883024676050862
2018-04-24,20.03359836015519
2018-04-25,20.065007110973447
2018-04-26,19.916307484956807
2018-04-27,19.93419774650461
2018-05-02,19.92473003822919
2018-05-03,19.99355885011639
2018-05-04,20.010961609855652
2018-05-07,20.128084562500764
2018-05-08,20.168261099027117
2018-05-09,20.205407699606113
2018-05-10,20.282139158454967
2018-05-11,20.205853643116395
2018-05-14,20.145962909975555
2018-05-15,20.229008927152332
2018-05-16,20.201217712806628
2018-05-17,20.20950820998021
2018-05-18,20.224344044817887
2018-05-21,20.316785047044792
2018-05-22,20.336453897779062
2018-05-23,20.307036121243335
2018-05-24,20.275071763867707
2018-05-25,20.270352039865497
2018-05-28,20.191848990373853
2018-05-29,20.125952418859224
2018-05-30,19.88700451667969
2018-05-31,20.00030225451512
2018-06-01,19.953140732567675
2018-06-04,19.98701359080367
2018-06-05,20.063601801871986
2018-06-06,20.090280441842918
2018-06-07,20.02971643027428
2018-06-08,19.97798604245556
2018-06-11,19.95692552855111
2018-06-12,19.976624304774333
2018-06-13,19.878008076425814
2018-06-14,19.8466079483188
2018-06-15,19.706829860210252
2018-06-19,19.339383115834085
2018-06-20,19.416345500573645
2018-06-21,19.29964735100457
2018-06-22,19.366789421656563
2018-06-25,19.333744205048973
2018-06-26,19.39613088130044
2018-06-27,19.367591559341598
2018-06-28,19.336826454338777
2018-06-29,19.457787243179368
2018-07-02,19.37487360927528
2018-07-03,19.448061233153506
2018-07-04,19.376960070661738
2018-07-05,19.28129390312064
2018-07-06,19.284322868165592
2018-07-09,19.39933279005796
2018-07-10,19.464511943137303
2018-07-11,19.330467472300587
2018-07-12,19.447976473452265
2018-07-13,19.43145869798767
2018-07-16,19.434045870620746
2018-07-17,19.448274044762545
2018-07-18,19.443486078262755
2018-07-19,19.423126403985428
2018-07-20,19.465741160150984
2018-07-23,19.49535881152031
2018-07-24,19.55693900440584
2018-07-25,19.569420388136248
2018-07-26,19.54906938004246
2018-07-27,19.52906947254523
2018-07-30,19.49308365878092
2018-07-31,19.508314201646883
2018-08-01,19.422464211704042
2018-08-02,19.292817321982156
2018-08-03,19.257905792238734
2018-08-06,19.198177906751926
2018-08-07,19.27466609562706
2018-08-08,19.21100375212656
2018-08-09,19.287915652099684
2018-08-10,19.29490631550535
2018-08-13,19.30444237001107
2018-08-14,19.32490714864459
2018-08-15,19.25114129037141
2018-08-16,19.20717569076794
2018-08-17,19.14797255450329
2018-08-20,19.177550022213246
2018-08-21,19.190318424789815
2018-08-22,19.13744361110142
2018-08-23,19.16835446864783
2018-08-24,19.176876116525477
2018-08-27,19.239452214248946
2018-08-28,19.24733415224316
2018-08-29,19.224901090301834
2018-08-30,19.174999766824495
2018-08-31,19.140253364888416
2018-09-03,19.100644776985618
2018-09-04,19.13942949700729
2018-09-05,19.097305038245793
2018-09-06,19.075069156278573
2018-09-07,19.095678375090692
2018-09-10,19.007384106126466
2018-09-11,19.02961051520013
2018-09-12,19.02998173870816
2018-09-13,19.054651201435206
2018-09-14,19.04391683665262
2018-09-17,18.952935665782224
2018-09-18,19.003407490943015
2018-09-19,19.04392982534091
2018-09-20,19.02652787453604
2018-09-21,19.062655002877506
2018-09-25,19.07000184842213
2018-09-26,19.09832876874926
2018-09-27,19.02312153566439
2018-09-28,19.06807199586543
2018-10-08,18.922558900162432
2018-10-09,18.91762340293745
2018-10-10,18.954012953651624
2018-10-11,18.709651329346475
2018-10-12,18.730029493428724
2018-10-15,18.720583208841965
2018-10-16,18.68338880781272
2018-10-17,18.709134532674323
2018-10-18,18.64820935762849
2018-10-19,18.708751847503425
2018-10-22,18.87551711025577
2018-10-23,18.83011911942995
2018-10-24,18.822503516338116
2018-10-25,18.80582763306417
2018-10-26,18.825631963658953
2018-10-29,18.792021599123824
2018-10-30,18.84768280980499
2018-10-31,18.904524528864428
2018-11-01,18.87007315464664
2018-11-02,18.96429863857385
2018-11-05,18.966626908218103
2018-11-06,18.95868666122895
2018-11-07,18.94062629829933
2018-11-08,18.928691209871978
2018-11-09,18.924639686387604
2018-11-12,19.0383709340384
2018-11-13,19.08727798172257
2018-11-14,19.09593762659041
2018-11-15,19.225173454835442
2018-11-16,19.26460592824105
2018-11-19,19.2880282697886
2018-11-20,19.21058203432972
2018-11-21,19.26725059080512
2018-11-22,19.2850067430961
2018-11-23,19.152722233413893
2018-11-26,19.10599571058413
2018-11-27,19.140916860865314
2018-11-28,19.18344920250494
2018-11-29,19.066167319421055
2018-11-30,19.124739955330732
2018-12-03,19.20534334099154
2018-12-04,19.240553715986533
2018-12-05,19.23143369310854
2018-12-06,19.178445740128804
2018-12-07,19.18128579562381
2018-12-10,19.13618084145144
2018-12-11,19.144409574910995
2018-12-12,19.16785565139447
2018-12-13,19.20415122981396
2018-12-14,19.123606428366323
2018-12-17,19.11535624062172
2018-12-18,19.090996841263323
2018-12-19,19.051299548721175
2018-12-20,19.079259152771463
2018-12-21,19.080293711440657
2018-12-24,19.136722499766293
2018-12-25,19.126716057052924
2018-12-26,19.138069532537582
2018-12-27,19.112019727918973
2018-12-28,19.106432500044974
2019-01-02,19.075016719397297
2019-01-03,19.063694978180553
2019-01-04,19.144189472632252
2019-01-07,19.214224388416163
2019-01-08,19.199489929480375
2019-01-09,19.207216559107298
2019-01-10,19.198766252500352
2019-01-11,19.22662952321634
2019-01-14,19.224956245688634
2019-01-15,19.25429937867371
2019-01-16,19.270018607971917
2019-01-17,19.224947184177474
2019-01-18,19.24770519508752
2019-01-21,19.257293964800326
2019-01-22,19.246263171099823
2019-01-23,19.248426588244953
2019-01-24,19.26122863004477
2019-01-25,19.225278026990072
2019-01-28,19.20176488935778
2019-01-29,19.135293153908805
2019-01-30,19.088795254141058
2019-01-31,19.019366087893815
2019-02-01,19.079250081903634
2019-02-11,19.156430774666248
2019-02-12,19.204433711308763
2019-02-13,19.264660666481443
2019-02-14,19.28807352507202
2019-02-15,19.315127765993143
2019-02-18,19.428602828821052
2019-02-19,19.43451943568897
2019-02-20,19.438860830245034
2019-02-21,19.417058362541944
2019-02-22,19.48326516706939
2019-02-25,19.61284324129872
2019-02-26,19.59267876358598
2019-02-27,19.577497196370086
2019-02-28,19.741125025180427
2019-03-01,19.746296920485612
2019-03-04,19.84297684690216
2019-03-05,20.009214231040527
2019-03-06,20.2018061047185
2019-03-07,20.406529916483965
2019-03-08,19.949722034429236
2019-03-11,20.293507578665515
2019-03-12,20.431243752015696
2019-03-13,20.335780217485553
2019-03-14,20.15131924620748
2019-03-15,20.31731842240264
2019-03-18,20.602893399515466
2019-03-19,20.63185337225266
2019-03-20,20.69022592268807
2019-03-21,20.781220543279534
2019-03-22,20.954899352554428
2019-03-25,20.928756365649022
2019-03-26,20.689441465156143
2019-03-27,20.811624346829962
2019-03-28,20.74013923766357
2019-03-29,20.906864754135736
2019-04-01,21.254507107223063
2019-04-02,21.371882379037828
2019-04-03,21.54866958632412
2019-04-04,21.643957416106495
2019-04-08,21.52946805167395
2019-04-09,21.606153711165334
2019-04-10,21.624570348562553
2019-04-11,21.35288784714707
2019-04-12,21.40657705947594
2019-04-15,21.302750431453944
2019-04-16,21.405500480143925
2019-04-17,21.489559236502984
2019-04-18,21.501559458189703
2019-04-19,21.659523677355892
2019-04-22,21.523831169748654
2019-04-23,21.35419671304065
2019-04-24,21.52716813310583
2019-04-25,21.165444218450002
2019-04-26,21.109863464683713
2019-04-29,20.80693610962883
2019-04-30,21.000337995257254
2019-05-06,20.01629569634988
2019-05-07,20.241154937926826
2019-05-08,20.265393847938878
2019-05-09,20.303262745285934
2019-05-10,20.802235961883273
2019-05-13,20.950189653098644
2019-05-14,20.90632180630718
2019-05-15,21.08098536062413
2019-05-16,21.157514185630333
2019-05-17,20.71984309218134
2019-05-20,20.61895116966125
2019-05-21,20.904848522815744
2019-05-22,20.710754544312195
2019-05-23,20.451929509436457
2019-05-24,20.40932663382242
2019-05-27,20.775243375257983
2019-05-28,20.826130192933263
2019-05-29,21.005419068374973
2019-05-30,20.927549466881636
2019-05-31,20.98093689663248
2019-06-03,20.860506698335794
2019-06-04,20.658895161619814
2019-06-05,20.767545444132995
2019-06-06,20.526433105485495
2019-06-10,20.64935845838034
2019-06-11,21.052253940170658
2019-06-12,20.98067308313536
2019-06-13,21.120233438694964
2019-06-14,20.869277000127983
2019-06-17,20.892166609988482
2019-06-18,20.8931658942125
2019-06-19,21.03503501943119
2019-06-20,21.266247264497323
2019-06-21,21.58452650514934
2019-06-24,21.580045071672142
2019-06-25,21.418122477936315
2019-06-26,21.561401985228883
2019-06-27,21.696770654987237
2019-06-28,21.496797792861397
2019-07-01,21.716342320857173
2019-07-02,21.821761203879923
2019-07-03,21.726243171673932
2019-07-04,21.754502640531094
2019-07-05,21.860019774089782
2019-07-08,21.466650154307768
2019-07-09,21.623421284575183
2019-07-10,21.593501135977213
2019-07-11,21.706571667922727
2019-07-12,21.800767389981637
2019-07-15,21.85529671647605
2019-07-16,21.88727001388737
2019-07-17,21.826983439605065
2019-07-18,21.558955172476168
2019-07-19,21.636255487228347
2019-07-22,21.29692391911623
2019-07-23,21.396084244345477
2019-07-24,21.519502216602824
2019-07-25,21.573772539099185
2019-07-26,21.570575496000675
2019-07-29,21.61909281355601
2019-07-30,21.702931924273038
2019-07-31,21.622378524104896
2019-08-01,21.601414604805903
2019-08-02,21.341543959984794
2019-08-05,21.183868877346775
2019-08-06,20.78862517753459
2019-08-07,20.7278311852124
2019-08-08,20.77556357902694
2019-08-09,20.59582381178499
2019-08-12,20.801453852636076
2019-08-13,20.72093046186312
2019-08-14,20.756937076771184
2019-08-15,20.74818375094433
2019-08-16,20.92257457468469
2019-08-19,21.303677504796337
2019-08-20,21.27620850333055
2019-08-21,21.304088058182597
2019-08-22,21.395389965862506
2019-08-23,21.319776832229397
2019-08-26,21.24444036480834
2019-08-27,21.478607020075454
2019-08-28,21.55648069843904
2019-08-29,21.492651072444666
2019-08-30,21.215173102010652
2019-09-02,21.482782023988356
2019-09-03,21.534731202237456
2019-09-04,21.612392805387714
2019-09-05,21.69173180875923
2019-09-06,21.77514086728753
2019-09-09,22.02969980381838
2019-09-10,22.07127701756772
2019-09-11,22.033072587205826
2019-09-12,22.168532857180384
2019-09-16,22.21116346360084
2019-09-17,21.96309190533121
2019-09-18,22.043255829226695
2019-09-19,22.252161054512758
2019-09-20,22.284640569929987
2019-09-23,22.260806150156082
2019-09-24,22.21433348346823
2019-09-25,22.00649033751222
2019-09-26,21.730962247179495
2019-09-27,21.92535629670275
2019-09-30,21.93769322744762
2019-10-08,22.041815656930535
2019-10-09,22.167275289316517
2019-10-10,22.41084893900601
2019-10-11,22.440602291943772
2019-10-14,22.658239912333045
2019-10-15,22.60597028656597
2019-10-16,22.575726017546046
2019-10-17,22.56846483248059
2019-10-18,22.450903962188555
2019-10-21,22.347686390519094
2019-10-22,22.53772022469759
2019-10-23,22.47010827129607
2019-10-24,22.52305310839764
2019-10-25,22.702453333864597
2019-10-28,22.832087542256367
2019-10-29,22.611776386693993
2019-10-30,22.46267012635977
2019-10-31,22.413753709566887
2019-11-01,22.48518313030009
2019-11-04,22.45925340900825
2019-11-05,22.481620057337725
2019-11-06,22.46501769271017
2019-11-07,22.482240538297845
2019-11-08,22.478412230885485
2019-11-11,22.25515398722815
2019-11-12,22.265628943807027
2019-11-13,22.24258145211679
2019-11-14,22.302600886218094
2019-11-15,22.14501492631297
2019-11-18,22.165249468981145
2019-11-19,22.279754732963703
2019-11-20,22.17160465196636
2019-11-21,22.17537285749753
2019-11-22,22.11223450156169
2019-11-25,22.1174979769117
2019-11-26,22.093243829087456
2019-11-27,22.043626088361318
2019-11-28,21.993825793274613
2019-11-29,21.988520391743332
2019-12-02,22.01218695012129
2019-12-03,22.075319684927994
2019-12-04,22.10478433417085
2019-12-05,22.182450141860915
2019-12-06,22.230126069771845
2019-12-09,22.261748875026946
2019-12-10,22.302104539345002
2019-12-11,22.25161180883269
2019-12-12,22.217601972058308
2019-12-13,22.308285291090193
2019-12-16,22.413878022996574
2019-12-17,22.46184180031477
2019-12-18,22.502189462959727
2019-12-19,22.55133590581614
2019-12-20,22.53145243124336
2019-12-23,22.3895119760095
2019-12-24,22.50146525225682
2019-12-25,22.525026566793684
2019-12-26,22.611833169985335
2019-12-27,22.6385116357463
2019-12-30,22.698254075939047
2019-12-31,22.738663867278316
2020-01-02,22.940124151796095
2020-01-03,23.008485578035017
2020-01-06,23.020661995489807
2020-01-07,23.16295674671231
2020-01-08,23.00049772912892
2020-01-09,23.183134543475248
2020-01-10,23.186250140714453
2020-01-13,23.35812573331504
2020-01-14,23.418361878652323
2020-01-15,23.42438805235387
2020-01-16,23.266970798342
2020-01-17,23.24325983569124
2020-01-20,23.366184281914695
2020-01-21,23.30360354350543
2020-01-22,23.200751666062896
2020-01-23,22.780930881490562
2020-02-03,21.29478029445221
2020-02-04,21.066910472525045
2020-02-05,21.38767718196977
2020-02-06,21.724008948385105
2020-02-07,21.812519162909197
2020-02-10,22.092309908697835
2020-02-11,21.952081240637757
2020-02-12,22.114717325148305
2020-02-13,21.927746976104235
2020-02-14,21.89444216285882
2020-02-17,22.478002402191933
2020-02-18,22.662644173919926
2020-02-19,22.591886556268893
2020-02-20,22.86831809343775
2020-02-21,22.989877300422066
2020-02-24,23.11578457810955
2020-02-25,22.88962441315995
2020-02-26,22.845863738675533
2020-02-27,22.964709636409285
2020-02-28,22.166421239552445
2020-03-02,22.742910168830335
2020-03-03,22.88947029212634
2020-03-04,23.141436842901232
2020-03-05,23.502219622418263
2020-03-06,23.597043416958527
2020-03-09,23.248096882611605
2020-03-10,23.58103883740111
2020-03-11,23.572963182186047
2020-03-12,23.228881176065805
2020-03-13,23.054006025328476
2020-03-16,22.78719960747575
2020-03-17,22.935942239390982
2020-03-18,22.75187010484755
2020-03-19,22.939131262770346
2020-03-20,23.134396658755634
2020-03-23,22.759256680110152
2020-03-24,23.004468404330627
2020-03-25,23.305060160735035
2020-03-26,23.196747183510112
2020-03-27,23.31102760735739
2020-03-30,23.040062841629236
2020-03-31,22.97702848294579
2020-04-01,22.854954932790093
2020-04-02,22.967968836794626
2020-04-03,22.951319891939498
2020-04-07,23.172811779057483
2020-04-08,23.315991093245053
2020-04-09,23.383540983512145
2020-04-10,23.224486474082685
2020-04-13,23.216951822407445
2020-04-14,23.32792000631677
2020-04-15,23.313181747168173
2020-04-16,23.30332986673249
2020-04-17,23.28931579813588
2020-04-20,23.372994744924355
2020-04-21,23.398121011069478
2020-04-22,23.462914249080885
2020-04-23,23.497641355356752
2020-04-24,23.43128558753234
2020-04-27,23.429514183685843
2020-04-28,23.297180369336033
2020-04-29,23.320104199809006
2020-04-30,23.39335171054932
2020-05-06,23.42651383223078
2020-05-07,23.489511004727824
2020-05-08,23.62963008117586
2020-05-11,23.68015044548119
2020-05-12,23.649434760097687
2020-05-13,23.875822842735964
2020-05-14,23.915153726620424
2020-05-15,23.89380840187999
2020-05-18,23.836169231905227
2020-05-19,24.07225833028648
2020-05-20,23.97090883929187
2020-05-21,23.912678825841542
2020-05-22,23.807913126652007
2020-05-25,23.925486546751007
2020-05-26,24.27571226868183
2020-05-27,24.367766083479367
2020-05-28,24.217794010348356
2020-05-29,24.30083473183229
2020-06-01,24.62159869085434
2020-06-02,24.793511706714007
2020-06-03,24.79493429306037
2020-06-04,25.007849257681702
2020-06-05,25.079341102594046
2020-06-08,25.075398268546156
2020-06-09,25.132372612942337
2020-06-10,25.054172188965172
2020-06-11,24.9818707390327
2020-06-12,24.893257679198634
2020-06-15,24.810766550174705
2020-06-16,25.00348090173715
2020-06-17,25.176079673424518
2020-06-18,25.18757223786084
2020-06-19,25.265094941091057
2020-06-22,25.25308272021448
2020-06-23,25.213110475062294
2020-06-24,25.22422686147827
2020-06-29,25.20537169363425
2020-06-30,25.452739562693303
2020-07-01,25.483442705936007
2020-07-02,25.770612705649558
2020-07-03,25.959974838467076
2020-07-06,26.559057642042834
2020-07-07,26.732937272065964
2020-07-08,27.171277181629023
2020-07-09,27.610826164979734
2020-07-10,27.390082057445188
2020-07-13,28.104739858805765
2020-07-14,28.16287162232199
2020-07-15,27.763923260446482
2020-07-16,27.150782488743324
2020-07-17,27.23886287900405
2020-07-20,28.044042201302375
2020-07-21,28.105160184468172
2020-07-22,28.015705142659964
2020-07-23,27.820180463261014
2020-07-24,27.112961924320928
2020-07-27,26.99735933008093
2020-07-28,27.232785478713932
2020-07-29,27.579867195169737
2020-07-30,27.648325842953316
2020-07-31,27.918054120171874
2020-08-03,28.44648950712799
2020-08-04,28.422036976116978
2020-08-05,28.587877862880042
2020-08-06,28.55413805327988
2020-08-07,28.371630240238165
2020-08-10,28.879776363147634
2020-08-11,28.574177689024317
2020-08-12,28.40541748245461
2020-08-13,28.692376421011453
2020-08-14,29.046075934180035
2020-08-17,29.492623554448063
2020-08-18,29.753137568416815
2020-08-19,29.64909050750406
2020-08-20,29.677258789620236
2020-08-21,29.96361643900291
2020-08-24,30.014103454919454
2020-08-25,30.247420705222254
2020-08-26,29.980834600911415
2020-08-27,30.04283273200523
2020-08-28,30.25332573085299
2020-08-31,30.14067600745605
2020-09-01,30.37400179686852
2020-09-02,30.533437979258732
2020-09-03,30.363441594585282
2020-09-04,30.423043170741824
2020-09-07,30.28666063483896
2020-09-08,30.570410591525004
2020-09-09,30.18482519241686
2020-09-10,29.16817124379242
2020-09-11,29.470428892269933
2020-09-14,29.81589389327019
2020-09-15,29.726065853518328
2020-09-16,29.676111968190273
2020-09-17,29.75552728347889
2020-09-18,29.96177490269967
2020-09-21,29.85827177789955
2020-09-22,29.441817916506718
2020-09-23,29.798209455723995
2020-09-24,29.143319449444693
2020-09-25,29.152059383317642
2020-09-28,28.542261410286105
2020-09-29,28.605740661799857
2020-09-30,28.58595805599418
2020-10-09,29.131614745049145
2020-10-12,29.633451120276646
2020-10-13,29.610379481400674
2020-10-14,29.471255706168495
2020-10-15,29.518868961088153
2020-10-16,29.560702261518237
2020-10-19,29.50632822741823
2020-10-20,29.675160709064443
2020-10-21,29.557602403458564
2020-10-22,29.386515075941514
2020-10-23,29.14577044586704
2020-10-26,29.308730830826054
2020-10-27,29.257918771470372
2020-10-28,29.254558669355763
2020-10-29,29.176926816989976
2020-10-30,28.67068063024781
2020-11-02,28.660875795431004
2020-11-03,29.03688185659811
2020-11-04,28.95920397148291
2020-11-05,29.203217370677216
2020-11-06,29.05742814774511
2020-11-09,29.33486821630759
2020-11-10,29.206696023281996
2020-11-11,29.129180115872405
2020-11-12,29.312364563476265
2020-11-13,29.32042913581174
2020-11-16,29.631014517078345
2020-11-17,29.485975681646725
2020-11-18,29.573367464604026
2020-11-19,29.53201005766854
2020-11-20,29.695501785719365
2020-11-23,29.83090010414222
2020-11-24,29.841064091686352
2020-11-25,29.493881957239456
2020-11-26,29.514107103797443
2020-11-27,29.586363850290073
2020-11-30,29.513227436017406
2020-12-01,29.635530525185448
2020-12-02,29.647175921966493
2020-12-03,29.745639353266405
2020-12-04,29.754448204503962
2020-12-07,29.587467577717536
2020-12-08,29.519800704206126
2020-12-09,29.205213349620713
2020-12-10,29.189445805861187
2020-12-11,28.800865979288194
2020-12-14,28.867940722590667
2020-12-15,28.8095627466625
2020-12-16,28.49494893770412
2020-12-17,28.620219494480942
2020-12-18,28.443533562503642
2020-12-21,28.49068407771578
2020-12-22,28.14522466004685
2020-12-23,28.09678981544401
2020-12-24,27.76897936090182
2020-12-25,28.02498624212704
2020-12-28,27.699963164923485
2020-12-29,27.745433116037116
2020-12-30,27.818765593951714
2020-12-31,27.972032979248578
2021-01-04,27.95139542990245
2021-01-05,27.86992809136767
2021-01-06,27.49960574867134
2021-01-07,26.91381458508112
2021-01-08,26.94620405975383
2021-01-11,26.565510380839466
2021-01-12,26.57740130044674
2021-01-13,26.21251483341477
2021-01-14,26.327641003807038
2021-01-15,26.670207590096638
2021-01-18,27.01483605477622
2021-01-19,27.144252850575057
2021-01-20,27.03978995375291
2021-01-21,27.18119365987967
2021-01-22,27.092654235425172
2021-01-25,26.822546054975962
2021-01-26,26.89570326640264
2021-01-27,26.81595187236568
2021-01-28,26.655364545029368
2021-01-29,26.50274322041564
2021-02-01,26.56892946690674
2021-02-02,26.580558408254387
2021-02-03,26.45338462037213
2021-02-04,26.25937392689635
2021-02-05,26.216276058970543
2021-02-08,26.174877399379888
2021-02-09,26.31909163778738
2021-02-10,26.351782113113295
2021-02-18,26.627321007937912
2021-02-19,26.87368252027224
2021-02-22,27.036601173609515
2021-02-23,26.955388749380397
2021-02-24,26.98067650970032
2021-02-25,26.904248674362318
2021-02-26,26.925428726579668
2021-03-01,27.0721898512011
2021-03-02,27.023577747439873
2021-03-03,27.093648377175256
2021-03-04,27.07841046939489
2021-03-05,27.151442146541054
2021-03-08,27.08589073846711
2021-03-09,26.953265015633754
2021-03-10,26.814234797088545
2021-03-11,26.913852408811223
2021-03-12,26.89703945121533
2021-03-15,26.943383195072425
2021-03-16,27.09297391120311
2021-03-17,27.13826463515668
2021-03-18,27.152655997219437
2021-03-19,27.174819326308736
2021-03-22,27.29770207939223
2021-03-23,27.20990619759702
2021-03-24,27.23217422791463
2021-03-25,27.141010362907856
2021-03-26,27.22132663653885
2021-03-29,27.263152347715465
2021-03-30,27.211473831715608
2021-03-31,27.25456022382693
2021-04-01,27.211681529652278
2021-04-02,27.208310718223004
2021-04-06,27.305497642828414
2021-04-07,27.376142562379265
2021-04-08,27.280055103576018
2021-04-09,27.287020296663094
2021-04-12,27.25634944289505
2021-04-13,27.187908944917126
2021-04-14,27.313611988106565
2021-04-15,27.30195645112641
2021-04-16,27.412602173928526
2021-04-19,27.45706210754727
2021-04-20,27.454049396427354
2021-04-21,27.45871468947372
2021-04-22,27.50770600128283
2021-04-23,27.452948513496786
2021-04-26,27.387359780703534
2021-04-27,27.304841520593254
2021-04-28,27.333854349778658
2021-04-29,27.386520296205326
2021-04-30,27.263246417276594
2021-05-06,27.2770485207781
2021-05-07,27.25779480340651
2021-05-10,27.240162762950245
2021-05-11,27.24982106507271
2021-05-12,27.284543056440654
2021-05-13,27.28773045305704
2021-05-14,27.401863595609104
2021-05-17,27.378709484129732
2021-05-18,27.373866253356837
2021-05-19,27.35763663216174
2021-05-20,27.332902886070617
2021-05-21,27.330476869317486
2021-05-24,27.34668912328573
2021-05-25,27.422439366607477
2021-05-26,27.490815787175084
2021-05-27,27.550524878167657
2021-05-28,27.479925123440395
2021-05-31,27.67960027301629
2021-06-01,27.807927681173638
2021-06-02,27.827728591322533
2021-06-03,27.837356008211735
2021-06-04,27.832134131158274
2021-06-07,27.951839058362363
2021-06-08,27.937120527798548
2021-06-09,28.015987178310123
2021-06-10,28.05731566512178
2021-06-11,28.021665036997813
2021-06-15,27.772611766881862
2021-06-16,27.62693566522783
2021-06-17,27.62405299945414
2021-06-18,27.735502567240975
2021-06-21,27.90930557500647
2021-06-22,28.041767497085836
2021-06-23,28.090074373434945
2021-06-24,28.173930348755967
2021-06-25,28.080388270375995
2021-06-28,28.2686541056609
2021-06-29,28.107605094843784
2021-06-30,28.16284663903758
2021-07-01,28.027486865970896
2021-07-02,27.91906572467093
2021-07-05,28.26017168338075
2021-07-06,28.207018010226793
2021-07-07,28.27933016633598
2021-07-08,28.13564146426279
2021-07-09,28.23444466153735
2021-07-12,28.43886275760968
2021-07-13,28.46095708498839
2021-07-14,28.289699013878806
2021-07-15,27.981826124308352
2021-07-16,27.84536463355675
2021-07-19,27.787493835474752
2021-07-20,27.766878320278792
2021-07-21,28.00680331363963
2021-07-22,28.129911467443755
2021-07-23,27.862377341149827
2021-07-26,27.526440523080062
2021-07-27,27.38239123227885
2021-07-28,27.019776596400348
2021-07-29,27.297664815858663
2021-07-30,27.534237010632804
2021-08-02,27.8992377679231
2021-08-03,27.96340985658265
2021-08-04,28.056263132760048
2021-08-05,28.009907824308414
2021-08-06,27.901502691552775
2021-08-09,28.249656201388607
2021-08-10,28.415209510327667
2021-08-11,28.567412114140037
2021-08-12,28.500482037259477
2021-08-13,28.528451399130358
2021-08-16,28.73352262064377
2021-08-17,28.31762167859704
2021-08-18,28.488840539277106
2021-08-19,28.313915912067507
2021-08-20,28.330891759777483
2021-08-23,29.005575962435852
2021-08-24,28.983018889377288
2021-08-25,29.13510317823282
2021-08-26,29.096873964968122
2021-08-27,29.07778781079385
2021-08-30,28.904645030771913
2021-08-31,28.987451155086916
2021-09-01,29.0367696608031
2021-09-02,29.09628925517966
2021-09-03,29.274003256962924
2021-09-06,29.44621228169416
2021-09-07,29.689502924416647
2021-09-08,29.78644011911911
2021-09-09,29.8573653444351
2021-09-10,29.76856523707692
2021-09-13,30.014424686978334
2021-09-14,29.769210170940752
2021-09-15,29.873204987456795
2021-09-16,29.85937194044749
2021-09-17,29.798269644565828
2021-09-22,29.977419150390936
2021-09-23,29.968441418599106
2021-09-24,29.58825677723931
2021-09-27,29.105477840389543
2021-09-28,29.138918116252288
2021-09-29,28.734399735123514
2021-09-30,29.047955338826036
2021-10-08,29.41528051248146
2021-10-11,29.45213090411628
2021-10-12,29.31840060750275
2021-10-13,29.460671026851138
2021-10-14,29.488920790146825
2021-10-15,29.424775122404263
2021-10-18,29.412979096428277
2021-10-19,29.417497370646046
2021-10-20,29.31681897455183
2021-10-21,29.130552254346743
2021-10-22,29.05142333066243
2021-10-25,29.138413807038063
2021-10-26,29.113914350451406
2021-10-27,28.71407924836325
2021-10-28,28.57453500402778
2021-10-29,28.665851001358195
2021-11-01,28.97284392147296
2021-11-02,28.718739464776814
2021-11-03,28.96912999986303
2021-11-04,29.126215204069315
2021-11-05,29.129185356753975
2021-11-08,29.260832094065137
2021-11-09,29.461945922617655
2021-11-10,29.610054274955395
2021-11-11,29.775997891248387
2021-11-12,29.92182104340917
2021-11-15,30.211762066786473
2021-11-16,30.09355764711782
2021-11-17,30.321951884943648
2021-11-18,30.069684991653528
2021-11-19,30.34629822837869
2021-11-22,30.44400927656506
2021-11-23,30.534173158818906
2021-11-24,30.670483240204273
2021-11-25,30.80044536204443
2021-11-26,30.74264578956614
2021-11-29,30.653151873071774
2021-11-30,30.983000378399296
2021-12-01,31.1431531089206
2021-12-02,30.992211536949725
2021-12-03,30.94037917762386
2021-12-06,30.501812493643175
2021-12-07,30.4897746437243
2021-12-08,30.540864065476647
2021-12-09,30.793573913648366
2021-12-10,30.899864852492854
2021-12-13,30.895263891096228
2021-12-14,31.086123500669043
2021-12-15,31.132296061775946
2021-12-16,31.243238767430988
2021-12-17,31.258358627071015
2021-12-20,31.277778811678566
2021-12-21,31.533387230918898
2021-12-22,31.611629332983412
2021-12-23,31.472406295143355
2021-12-24,31.124650433589146
2021-12-27,31.313984755533404
2021-12-28,31.46443178756607
2021-12-29,31.42036359093035
2021-12-30,31.578509886781926
2021-12-31,31.81960482975815
2022-01-04,32.32797082932967
2022-01-05,32.138357020839926
2022-01-06,32.35348467941741
2022-01-07,32.09531186649143
2022-01-10,32.49731688998303
2022-01-11,32.5066591830442
2022-01-12,32.81646590766139
2022-01-13,32.67584436946469
2022-01-14,32.34070891444067
2022-01-17,32.82978363248668
2022-01-18,32.47129216652939
2022-01-19,32.79577542119496
2022-01-20,32.0488140621617
2022-01-21,31.835637733222434
2022-01-24,31.550009126843836
2022-01-25,30.581224342649026
2022-01-26,30.869036490884003
2022-01-27,30.104510790703028
2022-01-28,30.56837515172224
2022-02-07,31.040014612385697
2022-02-08,31.365001386937223
2022-02-09,31.387145889522458
2022-02-10,31.30756144717783
2022-02-11,31.029406066977412
2022-02-14,31.087421133948826
2022-02-15,31.044292884379914
2022-02-16,31.4152170591396
2022-02-17,31.461682265363944
2022-02-18,31.53740374630618
2022-02-21,31.815605380985048
2022-02-22,31.641421904007355
2022-02-23,31.800739715437196
2022-02-24,31.377594776444482
2022-02-25,31.53728411373344
2022-02-28,31.39249769939859
2022-03-01,31.60575721475073
2022-03-02,31.70046694646753
2022-03-03,31.685855427804945
2022-03-04,31.527896779859276
2022-03-07,31.178215535844327
2022-03-08,30.708677829408284
2022-03-09,30.433606092364187
2022-03-10,30.611527869994564
2022-03-11,30.72043534424203
2022-03-14,30.291910939022653
2022-03-15,29.529542610366423
2022-03-16,29.832131082184596
2022-03-17,30.156034471874108
2022-03-18,30.38833159907297
2022-03-21,30.56561794134482
2022-03-22,30.57067351790478
2022-03-23,30.543549248490883
2022-03-24,30.337013406953005
2022-03-25,30.327381815711657
2022-03-28,30.224948076210904
2022-03-29,30.071389418202344
2022-03-30,30.328568120039012
2022-03-31,30.464863150577763
2022-04-01,30.358318754208593
2022-04-06,30.493884416037353
2022-04-07,30.377211341160002
2022-04-08,30.26863510625577
2022-04-11,30.049302814206307
2022-04-12,30.188235306412256
2022-04-13,30.085796197078448
2022-04-14,30.160067924939124
2022-04-15,29.987057938965595
2022-04-18,30.074148757904272
2022-04-19,30.0956728602351
2022-04-20,30.089308757407178
2022-04-21,29.92789459805037
2022-04-22,29.948792514183317
2022-04-25,29.3606083277387
2022-04-26,28.94399689696823
2022-04-27,29.04458523037758
2022-04-28,28.864486949629764
2022-04-29,29.20432381412045
2022-05-05,29.3235918544888
2022-05-06,29.302401452193003
2022-05-09,29.420107544759485
2022-05-10,29.528446865326867
2022-05-11,29.5076789442784
2022-05-12,29.633778640865128
2022-05-13,29.659771453194438
2022-05-16,29.638246310756568
2022-05-17,29.622284058178284
2022-05-18,29.71779201037097
2022-05-19,29.74667564525877
2022-05-20,29.80135219098214
2022-05-23,29.88191844245365
2022-05-24,29.572416081742055
2022-05-25,29.69114453855202
2022-05-26,29.73494737432873
2022-05-27,29.711953012919857
2022-05-30,29.72974754391515
2022-05-31,29.815202881661236
2022-06-01,29.892958566240303
2022-06-02,30.043501566767482
2022-06-06,30.162730840163842
2022-06-07,30.084985560405784
2022-06-08,30.021122361207127
2022-06-09,29.874824489580902
2022-06-10,29.946986004302303
2022-06-13,29.954362721811524
2022-06-14,29.93773221661051
2022-06-15,29.907084493063802
2022-06-16,29.92391427529566
2022-06-17,29.93445066107981
2022-06-20,30.072176481472617
2022-06-21,30.06074161885459
2022-06-22,29.972659727602363
2022-06-23,30.100442355825624
2022-06-24,30.168233572424583
2022-06-27,30.23254993945942
2022-06-28,30.33896429843803
2022-06-29,30.208384735573954
2022-06-30,30.276642468544058
2022-07-01,30.19902630893101
2022-07-04,30.266015681338786
2022-07-05,30.004304858597497
2022-07-06,29.967850617283936
2022-07-07,29.888016830182938
2022-07-08,30.063055058338787
2022-07-11,29.913315846281275
2022-07-12,29.73127612329285
2022-07-13,29.93153412569405
2022-07-14,30.1907354676744
2022-07-15,29.889000132492693
2022-07-18,30.443072903992313
2022-07-19,30.718062155660792
2022-07-20,30.67381902585863
2022-07-21,30.781307220406745
2022-07-22,30.658336817198837
2022-07-25,30.629360328765458
2022-07-26,30.687483161899312
2022-07-27,30.844177570186712
2022-07-28,31.0755257617117
2022-07-29,30.953332313112018
2022-08-01,31.020263111507905
2022-08-02,30.366631228895436
2022-08-03,30.464090246652496
2022-08-04,30.615832258003962
2022-08-05,30.890077845904095
2022-08-08,31.169148476509143
2022-08-09,31.255376979988124
2022-08-10,31.382162827595835
2022-08-11,31.606512535895227
2022-08-12,31.49371046429344
2022-08-15,31.460705256184287
2022-08-16,31.734400576204493
2022-08-17,31.891461033200414
2022-08-18,31.87832203910966
2022-08-19,31.664546856456823
2022-08-22,31.75468076764841
2022-08-23,31.834472786912546
2022-08-24,31.367352787467773
2022-08-25,31.124271807319506
2022-08-26,30.93581446353064
2022-08-29,31.200059020368666
2022-08-30,31.054321570257557
2022-08-31,30.783174269802796
2022-09-01,30.727220652802476
2022-09-02,30.886577038509213
2022-09-05,30.990140802645694
2022-09-06,30.99176346666974
2022-09-07,31.00516497542844
2022-09-08,30.960877121111423
2022-09-09,30.947850848222675
2022-09-13,30.97264190605632
2022-09-14,30.952334519869456
2022-09-15,30.770156985478888
2022-09-16,30.493888698057184
2022-09-19,30.34981501284228
2022-09-20,30.46085644200956
2022-09-21,30.53338827511368
2022-09-22,30.504872375380916
2022-09-23,30.39743876926884
2022-09-26,30.166976829476514
2022-09-27,30.429729347509937
2022-09-28,30.35488699751904
2022-09-29,30.29024173870271
2022-09-30,30.160793141636304
2022-10-10,30.067529918470473
2022-10-11,30.10210280370571
2022-10-12,30.29512964109325
2022-10-13,30.416620031222976
2022-10-14,30.549849514847704
2022-10-17,30.7116169822824
2022-10-18,30.719593375778683
2022-10-19,30.707769665016542
2022-10-20,30.68873722406532
2022-10-21,30.730299505985723
2022-10-24,30.656135082433543
2022-10-25,30.736837173196367
2022-10-26,30.880905921249216
2022-10-27,30.8421979844406
2022-10-28,30.581441487728526
2022-10-31,30.637144002825657
2022-11-01,30.773961076320713
2022-11-02,30.865455255786525
2022-11-03,30.87618617386881
2022-11-04,30.963893865507043
2022-11-07,31.02455343053236
2022-11-08,31.01016693096212
2022-11-09,31.003706579536953
2022-11-10,31.03624488804259
2022-11-11,31.054671969603607
2022-11-14,31.08207563569523
2022-11-15,31.202069195809667
2022-11-16,31.234413457895382
2022-11-17,31.25386278600865
2022-11-18,31.20486555555247
2022-11-21,31.249898222643253
2022-11-22,31.19465480130987
2022-11-23,31.133042798205697
2022-11-24,31.17729082825632
2022-11-25,31.119211935069274
2022-11-28,31.055658080075936
2022-11-29,31.15096419311928
2022-11-30,31.113358888266497
2022-12-01,31.11518869369786
2022-12-02,31.316837092757282
2022-12-05,31.38909157720502
2022-12-06,31.320915815692185
2022-12-07,31.280560695282634
2022-12-08,31.264709415938228
2022-12-09,31.192224686155125
2022-12-12,31.167964222909703
2022-12-13,31.191404213306054
2022-12-14,31.142419638007212
2022-12-15,31.18358476703859
2022-12-16,31.030070603454547
2022-12-19,30.73242561337216
2022-12-20,30.800192389163335
2022-12-21,30.748497755881022
2022-12-22,30.534937646055518
2022-12-23,30.526193720512023
2022-12-26,30.66037192361088
2022-12-27,30.694692201484656
2022-12-28,30.524153815198105
2022-12-29,30.42994217772284
2022-12-30,30.499330466752678
2023-01-03,30.784249995917367
2023-01-04,30.87110303645179
2023-01-05,30.94473629440277
2023-01-06,30.958502513128835
2023-01-09,31.00193629635513
2023-01-10,30.975538131055075
2023-01-11,30.872629399477177
2023-01-12,30.918862143197785
2023-01-13,30.975238483581716
2023-01-16,31.097491747161243
2023-01-17,31.093056508760032
2023-01-18,31.15492260293743
2023-01-19,31.1987116240475
2023-01-20,31.237564035239217
2023-01-30,31.403213504531855
2023-01-31,31.58437682079722
2023-02-01,31.829947282476862
2023-02-02,31.858856516892494
2023-02-03,31.833647140748102
2023-02-06,31.87096077837003
2023-02-07,32.09408916018536
2023-02-08,32.08218743306296
2023-02-09,32.31029497750626
2023-02-10,32.34297132795025
2023-02-13,32.67977302102389
2023-02-14,32.74079144865537
2023-02-15,32.8102073982998
2023-02-16,32.29069772014739
2023-02-17,32.285523694456465
2023-02-20,32.47205592707704
2023-02-21,32.547378701553605
2023-02-22,32.702183942000374
2023-02-23,32.66728768946942
2023-02-24,32.629879738985736
2023-02-27,32.473873938323756
2023-02-28,32.592731862280324
2023-03-01,32.71885517023673
2023-03-02,32.6407836153527
2023-03-03,32.5576852182394
2023-03-06,32.630521430082304
2023-03-07,32.23753673867312
2023-03-08,32.483935181908805
2023-03-09,32.931839029704406
2023-03-10,32.79545764686637
2023-03-13,32.64656998624103
2023-03-14,32.287820737849636
2023-03-15,32.593827675357296
2023-03-16,32.3523946902962
2023-03-17,32.45373797918938
2023-03-20,32.33967101585644
2023-03-21,32.73486861869327
2023-03-22,32.99425107907638
2023-03-23,32.87249643344117
2023-03-24,32.82081550625805
2023-03-27,32.77190979779433
2023-03-28,32.61092253428393
2023-03-29,32.54182771716286
2023-03-30,32.25387533997281
2023-03-31,32.38418352090158
2023-04-03,32.51395284710612
2023-04-04,32.0143124532546
2023-04-06,32.015273804037584
2023-04-07,32.12131436279533
2023-04-10,31.987604061189536
2023-04-11,31.834552082421276
2023-04-12,32.06938859978927
2023-04-13,32.00013769566155
2023-04-14,32.0469864224339
2023-04-17,32.13674496422648
2023-04-18,31.964674610137152
2023-04-19,31.81911914881227
2023-04-20,31.53288819835237
2023-04-21,31.145670850768234
2023-04-24,30.989783352457906
2023-04-25,30.501727123485374
2023-04-26,30.832458538072107
2023-04-27,30.87829369846474
2023-04-28,31.36391858630722
2023-05-04,31.762368418337555
2023-05-05,31.56540580958021
2023-05-08,31.620513797322726
2023-05-09,31.277779141107523
2023-05-10,31.434283462989796
2023-05-11,31.774691032152862
2023-05-12,31.739563384786788
2023-05-15,32.01070345181008
2023-05-16,32.045236030675596
2023-05-17,32.59075138439583
2023-05-18,32.70573689309126
2023-05-19,32.69677557286187
2023-05-22,33.036761803623854
2023-05-23,33.01676434794556
2023-05-24,33.519272698192594
2023-05-25,33.825763014926466
2023-05-26,33.97958668084679
2023-05-29,33.94402193504664
2023-05-30,34.0824919791369
2023-05-31,33.697567322330336
2023-06-01,33.577824056046005
2023-06-02,33.73959885870875
2023-06-05,33.87731656825426
2023-06-06,33.41300142214782
2023-06-07,33.45818658245011
2023-06-08,33.35290499475622
2023-06-09,33.21917945338101
2023-06-12,33.630028482112266
2023-06-13,33.73687831098777
2023-06-14,33.60344412799715
2023-06-15,33.64475931057031
2023-06-16,33.58163413570883
2023-06-19,33.535664756767545
2023-06-20,33.41863131425606
2023-06-21,33.276074865373936
2023-06-26,33.01660256756095
2023-06-27,33.53550037040621
2023-06-28,33.63524683773164
2023-06-29,34.04285700173515
2023-06-30,34.20582659513526
2023-07-03,34.20791046283863
2023-07-04,34.36957241267028
2023-07-05,34.35985779132124
2023-07-06,34.371756821867834
2023-07-07,34.44763680220742
2023-07-10,34.58597631155325
2023-07-11,34.75106826852754
2023-07-12,34.67045404232548
2023-07-13,34.83449123438321
2023-07-14,34.70858313446554
2023-07-17,34.7112723771188
2023-07-18,34.85507085230986
2023-07-19,34.79654603679109
2023-07-20,34.626073512664874
2023-07-21,34.49867569433214
2023-07-24,34.49773335115216
2023-07-25,34.77610028295413
2023-07-26,34.971737713429995
2023-07-27,34.84401041567093
2023-07-28,34.91819988683685
2023-07-31,34.99373716821491
2023-08-01,34.80170135141321
2023-08-02,34.808616849982585
2023-08-03,34.58867381214405
2023-08-04,34.427879942834515
2023-08-07,34.212266485348714
2023-08-08,34.199510762893766
2023-08-09,34.06819709689239
2023-08-10,34.322262118042985
2023-08-11,34.153588539954235
2023-08-14,34.119270370881715
2023-08-15,34.184830112631126
2023-08-16,34.0569203934967
2023-08-17,34.29821797819859
2023-08-18,34.426264552383685
2023-08-21,34.43334482505289
2023-08-22,34.094790387112134
2023-08-23,33.80284434376834
2023-08-24,33.60211267157739
2023-08-25,33.21081181501933
2023-08-28,33.5146558579401
2023-08-29,34.44113700587385
2023-08-30,34.664582714440925
2023-08-31,34.67138652032178
2023-09-01,34.73083204287605
2023-09-04,34.81495077617134
2023-09-05,34.78123409431582
2023-09-06,34.88396216972423
2023-09-07,34.71775215945003
2023-09-08,34.77735277691185
2023-09-11,34.83596634089525
2023-09-12,34.88684468204384
2023-09-13,34.89293142074469
2023-09-14,34.87744529450893
2023-09-15,34.911067067495125
2023-09-18,35.03319494429764
2023-09-19,34.83917388942996
2023-09-20,34.75599051051409
2023-09-21,34.67736989398444
2023-09-22,34.83292987649745
2023-09-25,34.78929386874578
2023-09-26,34.73338143189858
2023-09-27,34.74875764785055
2023-09-28,34.84279552088191
2023-10-09,34.744996006827634
2023-10-10,34.6503510430523
2023-10-11,34.62898195263769
2023-10-12,34.64658701379649
2023-10-13,34.53007239072661
2023-10-16,34.49298971798964
2023-10-17,34.501278474419024
2023-10-18,34.31153757085866
2023-10-19,34.30410582266319
2023-10-20,34.26036650595841
2023-10-23,34.01690710779714
2023-10-24,34.3626709697163
2023-10-25,34.449843868301635
2023-10-26,34.4478060648424
2023-10-27,34.607500610066445
2023-10-30,34.66558556953098
2023-10-31,34.70943528103308
2023-11-01,34.72492898034522
2023-11-02,34.66179077467912
2023-11-03,34.76455033637516
2023-11-06,34.84879043828721
2023-11-07,34.851358482353525
2023-11-08,34.84970983501973
2023-11-09,34.82470107020848
2023-11-10,34.8539986986631
2023-11-13,34.93224203010494
2023-11-14,34.93635260245645
2023-11-15,34.98834485138684
2023-11-16,34.9269062659004
2023-11-17,34.96783126175991
2023-11-20,35.05408508049135
2023-11-21,34.987810613639994
2023-11-22,34.93298128461915
2023-11-23,35.00661321870859
2023-11-24,34.916653307233375
2023-11-27,34.89165101784636
2023-11-28,35.04612206798757
2023-11-29,35.01741094045854
2023-11-30,34.938478985747956
2023-12-01,34.88151000951385
2023-12-04,34.809938721670164
2023-12-05,34.63629817129876
2023-12-06,34.71096086175034
2023-12-07,34.65228523493354
2023-12-08,34.368931394027804
2023-12-11,34.47104897327054
2023-12-12,34.49753271077401
2023-12-13,34.43681856830397
2023-12-14,34.49397733674773
2023-12-15,34.47705361111081
2023-12-18,34.297752861777525
2023-12-19,34.33939583867215
2023-12-20,34.344994453301325
2023-12-21,34.48315628637614
2023-12-22,34.361124494545855
2023-12-25,34.197428312509274
2023-12-26,34.04615281029685
2023-12-27,34.15560662314903
2023-12-28,34.46304396603791
2023-12-29,34.595032994823946
2024-01-02,34.68626114174931
2024-01-03,34.674900499041065
2024-01-04,34.68201957135414
2024-01-05,34.5720848742997
2024-01-08,34.464001798994346
2024-01-09,34.55046719899243
2024-01-10,34.500954706463034
2024-01-11,34.58503158837392
2024-01-12,34.57650097482963
2024-01-15,34.56849835860576
2024-01-16,34.51113708338105
2024-01-17,34.40970633333636
2024-01-18,34.311579049319604
2024-01-19,34.2749054074443
2024-01-22,33.8432462529249
2024-01-23,33.76706441081001
2024-01-24,33.82014810251557
2024-01-25,34.07353568092011
2024-01-26,34.062143007207666
2024-01-29,33.799178202913964
2024-01-30,33.51122621185586
2024-01-31,33.102174439953544
2024-02-01,32.94059209280949
2024-02-02,32.534154175942724
2024-02-05,31.79474718350619
2024-02-06,31.90847960976315
2024-02-07,31.614041561686122
2024-02-08,32.34981425770028
2024-02-19,32.55986640832822
2024-02-20,32.6384037572731
2024-02-21,32.832736595370655
2024-02-22,32.99518764679485
2024-02-23,33.21046911271574
2024-02-26,33.36627156677744
2024-02-27,33.57998336443894
2024-02-28,33.06978218748349
2024-02-29,33.34238827134914
2024-03-01,33.347428465277765
2024-03-04,33.36791892752054
2024-03-05,33.19725180256894
2024-03-06,33.33359591758601
2024-03-07,33.36577638276143
2024-03-08,33.462829907657344
2024-03-11,33.62400877744586
2024-03-12,33.73636516441271
2024-03-13,33.757858430617155
2024-03-14,33.756809495293595
2024-03-15,33.87022851948241
2024-03-18,34.01085220847971
2024-03-19,33.971282423840094
2024-03-20,34.035023116184
2024-03-21,34.03929864683618
2024-03-22,33.882148072632226
2024-03-25,33.73024117991128
2024-03-26,33.73141178126229
2024-03-27,33.58464981976616
2024-03-28,33.76223830700895
2024-03-29,33.849768241861575
2024-04-01,34.03454693567636
2024-04-02,34.1315208926851
2024-04-03,34.15420554903627
2024-04-08,33.96312210439907
2024-04-09,34.04582026248013
2024-04-10,33.932019144973076
2024-04-11,34.00365920366746
2024-04-12,34.0819629179039
2024-04-15,33.68375895172001
2024-04-16,33.083923651037345
2024-04-17,33.63825679396261
2024-04-18,33.5706578726924
2024-04-19,33.57943906441931
2024-04-22,33.57428105625412
2024-04-23,33.680386494840505
2024-04-24,33.83459832508807
2024-04-25,33.950140437647
2024-04-26,33.970572991183126
2024-04-29,34.209927602429985
2024-04-30,34.19714412036112
2024-05-06,34.548619678119124
2024-05-07,34.72746904148891
2024-05-08,34.59702955825764
2024-05-09,34.80580380352951
2024-05-10,34.70943163491236
2024-05-13,34.470677345818586
2024-05-14,34.551557790555265
2024-05-15,34.47677152702103
2024-05-16,34.56076479202298
2024-05-17,34.71736020900915
2024-05-20,34.8052311996376
2024-05-21,34.69251170443805
2024-05-22,34.75149638265034
2024-05-23,34.52935116127095
2024-05-24,34.3892872289484
2024-05-27,34.52131716545028
2024-05-28,34.43779674899719
2024-05-29,34.59252499759718
2024-05-30,34.57400286630906
2024-05-31,34.84853941062428
2024-06-03,34.50990431805448
2024-06-04,34.22276895615086
2024-06-05,33.852465370491416
2024-06-06,33.23224310574043
2024-06-07,33.70145126136067
2024-06-11,33.73328580754524
2024-06-12,33.966259491305365
2024-06-13,34.10748083722332
2024-06-14,34.06076429503964
2024-06-17,33.844167792464745
2024-06-18,34.03929106251271
2024-06-19,34.007771899147265
2024-06-20,33.898148579741424
2024-06-21,33.850050535929
2024-06-24,33.32537587219172
2024-06-25,33.46581507787349
2024-06-26,33.86550886255819
2024-06-27,33.70006790798942
2024-06-28,33.73378466155442
