date,nav,num_held
2006-01-04,1.0,0
2006-01-05,1.0,0
2006-01-06,1.0,0
2006-01-09,1.0,0
2006-01-10,1.0,0
2006-01-11,1.0,0
2006-01-12,1.0,0
2006-01-13,1.0,0
2006-01-16,1.0,0
2006-01-17,1.0,0
2006-01-18,1.0,0
2006-01-19,1.0,0
2006-01-20,1.0,0
2006-01-23,1.0,0
2006-01-24,1.0,0
2006-01-25,1.0,0
2006-02-06,0.9995000949747064,0
2006-02-07,1.007330631266275,6
2006-02-08,1.015161806800765,6
2006-02-09,1.0005018945774087,6
2006-02-10,1.0237817644161393,6
2006-02-13,1.0390737651973383,6
2006-02-14,1.0395578024216925,6
2006-02-15,1.0311056080377816,6
2006-02-16,0.9790648511648439,6
2006-02-17,0.9654856589838393,6
2006-02-20,0.9510669976024364,6
2006-02-21,0.9774183485671056,6
2006-02-22,0.9803038008563317,6
2006-02-23,0.9787929198904171,6
2006-02-24,0.9887344297087375,6
2006-02-27,0.9831271558336813,6
2006-02-28,0.9796315514320388,6
2006-03-01,0.9877576320167275,6
2006-03-02,0.9587236519829252,8
2006-03-03,0.9536139176516395,8
2006-03-06,0.942693089675267,8
2006-03-07,0.9089341359589663,8
2006-03-08,0.9058622258538567,8
2006-03-09,0.9121611990878283,8
2006-03-10,0.9191796953890145,8
2006-03-13,0.9308600838744379,8
2006-03-14,0.9281906374495161,8
2006-03-15,0.9442325466339788,8
2006-03-16,0.9437044428412155,8
2006-03-17,0.9355125770297429,8
2006-03-20,0.9500417712946998,8
2006-03-21,0.9506360316616972,8
2006-03-22,0.9664394879574932,8
2006-03-23,0.973910999362867,8
2006-03-24,0.9602215100828488,8
2006-03-27,0.973445928914286,8
2006-03-28,0.9421929869444493,8
2006-03-29,0.9395243605285994,8
2006-03-30,0.9242591525312573,8
2006-03-31,0.9355612377032256,8
2006-04-03,0.9500614982887209,8
2006-04-04,0.9706623637812196,6
2006-04-05,0.9803207142341496,6
2006-04-06,0.9792339169841153,6
2006-04-07,0.9726611634184558,6
2006-04-10,1.0168928822404988,6
2006-04-11,1.0295823595888711,6
2006-04-12,1.017592674194274,6
2006-04-13,0.9754700057465693,6
2006-04-14,1.0107028036778816,6
2006-04-17,1.0257457088727973,6
2006-04-18,1.012566425765036,6
2006-04-19,1.0170364348631147,6
2006-04-20,0.9923949380365105,6
2006-04-21,1.0024765076393447,6
2006-04-24,0.9844210174607908,6
2006-04-25,0.974256887961239,6
2006-04-26,0.9880610169039594,6
2006-04-27,0.9837072050692981,6
2006-04-28,0.9916789272184967,6
2006-05-08,1.0266774111072339,6
2006-05-09,1.0628453225329784,10
2006-05-10,1.0814002764587403,10
2006-05-11,1.0563548476521685,10
2006-05-12,1.0789165197939485,10
2006-05-15,1.152978862497436,10
2006-05-16,1.094875508562088,10
2006-05-17,1.111751013892616,10
2006-05-18,1.1097317854735766,10
2006-05-19,1.144134006849917,10
2006-05-22,1.1645515886698752,10
2006-05-23,1.0767781558339111,10
2006-05-24,1.0476878473293016,10
2006-05-25,1.0696300952573645,10
2006-05-26,1.093612022513642,10
2006-05-29,1.1195316981071655,10
2006-05-30,1.1449904623091027,10
2006-05-31,1.153473503506416,10
2006-06-01,1.2069339316155647,10
2006-06-02,1.1984441025226522,20
2006-06-05,1.2215856444040414,20
2006-06-06,1.2006408453579698,20
2006-06-07,1.1107110103826296,20
2006-06-08,1.1173856611950606,20
2006-06-09,1.0935890674251971,20
2006-06-12,1.1011631155427901,20
2006-06-13,1.1113698070357816,20
2006-06-14,1.0950418394361097,20
2006-06-15,1.1048597504078255,20
2006-06-16,1.1395251942085907,20
2006-06-19,1.154289200821111,20
2006-06-20,1.1563021569638563,20
2006-06-21,1.151407000711806,20
2006-06-22,1.1387739867683373,20
2006-06-23,1.1460370578055912,20
2006-06-26,1.169961132692626,20
2006-06-27,1.168406090884104,20
2006-06-28,1.1650837380029504,20
2006-06-29,1.1945283280312111,20
2006-06-30,1.1898628766830543,20
2006-07-03,1.211304028651555,20
2006-07-04,1.197211864812112,20
2006-07-05,1.187970304746713,20
2006-07-06,1.2193422005617747,20
2006-07-07,1.2188935563256418,20
2006-07-10,1.2312501050445692,20
2006-07-11,1.2386196695511744,20
2006-07-12,1.2466662450987185,20
2006-07-13,1.1668144886320884,20
2006-07-14,1.1831386029296442,20
2006-07-17,1.2115610927269191,20
2006-07-18,1.213605601137206,20
2006-07-19,1.1870187309480043,20
2006-07-20,1.1904783934286516,20
2006-07-21,1.1958015953476093,20
2006-07-24,1.1855056811299198,20
2006-07-25,1.194159407942813,20
2006-07-26,1.2013044584955093,20
2006-07-27,1.1934658620284218,20
2006-07-28,1.174927138690919,20
2006-07-31,1.10896479397079,20
2006-08-01,1.095861342175232,20
2006-08-02,1.0951404336090893,20
2006-08-03,1.0987662542351506,20
2006-08-04,1.066150273965324,20
2006-08-07,1.0367847611584107,20
2006-08-08,1.059158223049486,20
2006-08-09,1.0507006693077476,20
2006-08-10,1.072324300188889,20
2006-08-11,1.076960502656033,20
2006-08-14,1.051860301782739,20
2006-08-15,1.065959610273413,20
2006-08-16,1.0876023965610713,20
2006-08-17,1.078131745599789,20
2006-08-18,1.0814108896657808,20
2006-08-21,1.0952053260374792,20
2006-08-22,1.105407771124664,20
2006-08-23,1.102163684012062,20
2006-08-24,1.112536216743405,20
2006-08-25,1.1156821997676254,20
2006-08-28,1.1356701015655928,20
2006-08-29,1.141730703693645,20
2006-08-30,1.1387364165258638,20
2006-08-31,1.1398158574288033,20
2006-09-01,1.1191688060618672,20
2006-09-04,1.1463908877126554,20
2006-09-05,1.1335288229140237,20
2006-09-06,1.1407760953075614,20
2006-09-07,1.1298183326958078,20
2006-09-08,1.1297934810022667,20
2006-09-11,1.1306794605926966,20
2006-09-12,1.1425232487475043,20
2006-09-13,1.124626656056696,20
2006-09-14,1.113827370352126,20
2006-09-15,1.1271319906209762,20
2006-09-18,1.1430240506221747,20
2006-09-19,1.1537110529962884,20
2006-09-20,1.1549006935091282,20
2006-09-21,1.1668997113996258,20
2006-09-22,1.1559862773293852,20
2006-09-25,1.1516965268406296,20
2006-09-26,1.1402871984419378,20
2006-09-27,1.1476981421980132,20
2006-09-28,1.164869159274041,20
2006-09-29,1.1767899915898057,20
2006-10-09,1.197653652439764,20
2006-10-10,1.218827610263881,20
2006-10-11,1.2287438931449635,20
2006-10-12,1.2088794856013072,20
2006-10-13,1.2077223382226987,20
2006-10-16,1.2053574476692734,20
2006-10-17,1.2097889605044223,20
2006-10-18,1.2198572641793475,20
2006-10-19,1.2322757377111762,20
2006-10-20,1.2174962159092346,20
2006-10-23,1.1862086817492343,20
2006-10-24,1.215173271797897,20
2006-10-25,1.2142271355778493,20
2006-10-26,1.2165791482094874,20
2006-10-27,1.2000035456204154,20
2006-10-30,1.2138449082993361,20
2006-10-31,1.2221992539238578,20
2006-11-01,1.2342206112263658,20
2006-11-02,1.2353404133035037,20
2006-11-03,1.2298011610040511,20
2006-11-06,1.2195636735557798,20
2006-11-07,1.2102852404626867,20
2006-11-08,1.2071773743876528,20
2006-11-09,1.2182483720267865,20
2006-11-10,1.1992292623460399,20
2006-11-13,1.1561384279280036,20
2006-11-14,1.1594581432104145,20
2006-11-15,1.1821922590465679,20
2006-11-16,1.16874047488894,20
2006-11-17,1.1695514952389627,20
2006-11-20,1.157904243703994,20
2006-11-21,1.1872620413266752,20
2006-11-22,1.2001496939918537,20
2006-11-23,1.197794631874452,20
2006-11-24,1.2050704495033384,20
2006-11-27,1.237530188649176,20
2006-11-28,1.2385077314372452,20
2006-11-29,1.2664756511364876,20
2006-11-30,1.2925626428659742,20
2006-12-01,1.3008696787506004,20
2006-12-04,1.3322334675575198,20
2006-12-05,1.323087949868872,20
2006-12-06,1.3058588183358455,20
2006-12-07,1.2916158973285305,20
2006-12-08,1.2521717972066553,20
2006-12-11,1.2935172177722218,20
2006-12-12,1.3064043890606896,20
2006-12-13,1.3097564696090076,20
2006-12-14,1.349865152853525,20
2006-12-15,1.3732296421130412,20
2006-12-18,1.404675449278762,20
2006-12-19,1.408912743290375,20
2006-12-20,1.4526858178621862,20
2006-12-21,1.4490975274339248,20
2006-12-22,1.4295371267714319,20
2006-12-25,1.4431535518704313,20
2006-12-26,1.438317976855984,20
2006-12-27,1.4544222217390876,20
2006-12-28,1.4308846287487353,20
2006-12-29,1.4646284591134011,20
2007-01-04,1.4627391631316746,20
2007-01-05,1.5158618091719103,20
2007-01-08,1.5752081314700268,20
2007-01-09,1.609666658665715,20
2007-01-10,1.6521032690379496,20
2007-01-11,1.6345077584480765,20
2007-01-12,1.591134410614063,20
2007-01-15,1.691443656038174,20
2007-01-16,1.7557825554824293,20
2007-01-17,1.7558841167651313,20
2007-01-18,1.808006219578773,20
2007-01-19,1.8676707460681503,20
2007-01-22,1.9581470613125977,20
2007-01-23,1.936275533873077,20
2007-01-24,1.9465047393101844,20
2007-01-25,1.8434924436389812,20
2007-01-26,1.8554161327309278,20
2007-01-29,1.9015408561832452,20
2007-01-30,1.92579248039911,20
2007-01-31,1.823945633754374,20
2007-02-01,1.8529093269535268,20
2007-02-02,1.833011482196555,20
2007-02-05,1.8363413592514795,20
2007-02-06,1.8700256127512636,20
2007-02-07,1.8970247726903682,20
2007-02-08,1.9212983018561645,20
2007-02-09,1.9285347842203333,20
2007-02-12,1.9918783905412445,20
2007-02-13,2.0391961436436263,20
2007-02-14,2.082142085888345,20
2007-02-15,2.149549167354795,20
2007-02-16,2.1702871771829337,20
2007-02-26,2.200429962344522,20
2007-02-27,1.9886100411150747,20
2007-02-28,2.0328455606530618,20
2007-03-01,1.9448726610150735,20
2007-03-02,1.9744401850099933,20
2007-03-05,1.9730863589554783,20
2007-03-06,1.9932303262116997,20
2007-03-07,2.04873454028986,20
2007-03-08,2.0836625441792616,20
2007-03-09,2.065957096594103,20
2007-03-12,2.067305917473833,20
2007-03-13,2.0807109594304194,20
2007-03-14,2.053742551425492,20
2007-03-15,2.0797184636966306,20
2007-03-16,2.0669904932397487,20
2007-03-19,2.0861182696052176,20
2007-03-20,2.104648891826213,20
2007-03-21,2.1445776074666107,20
2007-03-22,2.1512119345131318,20
2007-03-23,2.16323138976916,20
2007-03-26,2.210809354127375,20
2007-03-27,2.2241883814592014,20
2007-03-28,2.193903611073482,20
2007-03-29,2.1583941605295824,20
2007-03-30,2.174418413069568,20
2007-04-02,2.215306545046375,20
2007-04-03,2.22950222605548,20
2007-04-04,2.2736631360934534,20
2007-04-05,2.297454119481251,20
2007-04-06,2.3420983051744155,20
2007-04-09,2.383452468961743,20
2007-04-10,2.428245076286365,20
2007-04-11,2.4625508861385383,20
2007-04-12,2.5072139621995637,20
2007-04-13,2.5133319970128882,20
2007-04-16,2.582549658376618,20
2007-04-17,2.644755792835549,20
2007-04-18,2.681292869267294,20
2007-04-19,2.5349735004063128,20
2007-04-20,2.6512811768689075,20
2007-04-23,2.698211174546913,20
2007-04-24,2.7020203242982004,20
2007-04-25,2.693496185494573,20
2007-04-26,2.7198990877223546,20
2007-04-27,2.6714040911214276,20
2007-04-30,2.6712008490294448,20
2007-05-08,2.7443845574941887,20
2007-05-09,2.6895041051851027,20
2007-05-10,2.6997659391429796,20
2007-05-11,2.677320186281521,20
2007-05-14,2.6940788649065293,20
2007-05-15,2.656806070603567,20
2007-05-16,2.6977584430268875,20
2007-05-17,2.7539303487570876,20
2007-05-18,2.7860640994716683,20
2007-05-21,2.8487091130717577,20
2007-05-22,2.9000698846375075,20
2007-05-23,2.972873270702387,20
2007-05-24,2.926180391457896,20
2007-05-25,2.9741367779670376,20
2007-05-28,3.0573288852562914,20
2007-05-29,3.1512225813544577,20
2007-05-30,2.905265766948266,20
2007-05-31,2.9508988140396113,20
2007-06-01,2.8733235611560732,20
2007-06-04,2.6357898376548627,20
2007-06-05,2.7065079050370606,20
2007-06-06,2.7593576852923256,20
2007-06-07,2.906907133024197,20
2007-06-08,2.9465770613810953,20
2007-06-11,3.043472640219051,20
2007-06-12,3.105004501493824,20
2007-06-13,3.1956926670224792,20
2007-06-14,3.1669720193430084,20
2007-06-15,3.2809507526813135,20
2007-06-18,3.393085656482201,20
2007-06-19,3.390245420625916,20
2007-06-20,3.2618292778375317,20
2007-06-21,3.256651194224285,20
2007-06-22,3.086700776326126,20
2007-06-25,2.9156212382353113,20
2007-06-26,3.0473974950835285,20
2007-06-27,3.118640200147879,20
2007-06-28,2.9181105114010633,20
2007-06-29,2.824380744327675,20
2007-07-02,2.883358894114647,20
2007-07-03,2.9587336377305786,20
2007-07-04,2.8670383140401765,20
2007-07-05,2.686519276271582,20
2007-07-06,2.8282379771264177,20
2007-07-09,2.9041860223603404,20
2007-07-10,2.798286331045102,20
2007-07-11,2.8299135527508605,20
2007-07-12,2.8406230194007867,20
2007-07-13,2.853659856032319,20
2007-07-16,2.8058306849932637,20
2007-07-17,2.855979193292709,20
2007-07-18,2.8852043677384813,20
2007-07-19,2.908761097241059,20
2007-07-20,3.0044959435609564,20
2007-07-23,3.119661477040224,20
2007-07-24,3.1159556175740306,20
2007-07-25,3.1826475419498235,20
2007-07-26,3.200967562323279,20
2007-07-27,3.3029460535956123,20
2007-07-30,3.373531798381078,20
2007-07-31,3.3859089470599075,20
2007-08-01,3.2066973285390628,20
2007-08-02,3.3173276623901895,20
2007-08-03,3.3745125593613254,20
2007-08-06,3.3746144828116575,20
2007-08-07,3.373430607421304,20
2007-08-08,3.29301746196149,20
2007-08-09,3.309592190728202,20
2007-08-10,3.214182369090786,20
2007-08-13,3.2251604643617884,20
2007-08-14,3.317072880315647,20
2007-08-15,3.2893741175156848,20
2007-08-16,3.2991008840174145,20
2007-08-17,3.2863939266531497,20
2007-08-20,3.403039571893268,20
2007-08-21,3.394577040986325,20
2007-08-22,3.4160581562930292,20
2007-08-23,3.450323091824597,20
2007-08-24,3.4722173691473435,20
2007-08-27,3.415995035365248,20
2007-08-28,3.370249479088028,20
2007-08-29,3.3644543365952764,20
2007-08-30,3.4605756399098007,20
2007-08-31,3.5005453624242775,20
2007-09-03,3.546791949207531,20
2007-09-04,3.5290417717017877,20
2007-09-05,3.52796656934312,20
2007-09-06,3.5436478807619234,20
2007-09-07,3.456703088713144,20
2007-09-10,3.5271799585559718,20
2007-09-11,3.2870153902834245,20
2007-09-12,3.3038781451431634,20
2007-09-13,3.343704394603964,20
2007-09-14,3.365554450393847,20
2007-09-17,3.39170317934613,20
2007-09-18,3.4033696471006527,20
2007-09-19,3.341837431020643,20
2007-09-20,3.3464719308839492,20
2007-09-21,3.308579870791982,20
2007-09-24,3.3063108806724535,20
2007-09-25,3.2812336894978436,20
2007-09-26,3.2628481279326484,20
2007-09-27,3.3157530009748104,20
2007-09-28,3.383555568167871,20
2007-10-08,3.393951286964893,20
2007-10-09,3.4220028924573724,20
2007-10-10,3.3938294109705165,20
2007-10-11,3.357698710842425,20
2007-10-12,3.2558218556337595,20
2007-10-15,3.2662775869105993,20
2007-10-16,3.3130188322983476,20
2007-10-17,3.327589534801829,20
2007-10-18,3.2922196929475995,20
2007-10-19,3.2870894011178104,20
2007-10-22,3.2443077353286385,20
2007-10-23,3.2826203313387188,20
2007-10-24,3.243211438943347,20
2007-10-25,3.0119034397510838,20
2007-10-26,2.9790628150081955,20
2007-10-29,3.000785440894853,20
2007-10-30,3.0520445264787504,20
2007-10-31,3.1657723239949167,20
2007-11-01,3.07074000332188,20
2007-11-02,2.989547015779836,20
2007-11-05,3.066836983272438,20
2007-11-06,3.0769612441876197,20
2007-11-07,3.0480229196846746,20
2007-11-08,2.9609954028248886,20
2007-11-09,2.9702554236406074,20
2007-11-12,2.9342439382964067,20
2007-11-13,2.9453485852737824,20
2007-11-14,3.030491211783284,20
2007-11-15,3.007727835962503,20
2007-11-16,3.016889823627386,20
2007-11-19,3.1234735057162735,20
2007-11-20,3.1583042390406897,20
2007-11-21,3.156533167800836,20
2007-11-22,3.050161762083785,20
2007-11-23,3.0710965415093305,20
2007-11-26,3.0534619459277677,20
2007-11-27,3.0197078560341497,20
2007-11-28,3.0135525143218,20
2007-11-29,3.0929070448860263,20
2007-11-30,3.042363928918049,20
2007-12-03,3.0625555805291995,20
2007-12-04,3.0902224125540068,20
2007-12-05,3.1385903038310388,20
2007-12-06,3.1409278156316636,20
2007-12-07,3.2014364921411844,20
2007-12-10,3.304714467528876,20
2007-12-11,3.3245535425614983,20
2007-12-12,3.3886865753539905,20
2007-12-13,3.331193519142692,20
2007-12-14,3.370031763316029,20
2007-12-17,3.4337188318173655,20
2007-12-18,3.3696597097475873,20
2007-12-19,3.4250183758044344,20
2007-12-20,3.463622323518491,20
2007-12-21,3.5165834804235554,20
2007-12-24,3.5744089976064686,20
2007-12-25,3.6585974830093373,20
2007-12-26,3.7718745932334365,20
2007-12-27,3.7954081197987732,20
2007-12-28,3.8091093800208387,20
2008-01-02,3.979301635093012,20
2008-01-03,4.041188822118817,19
2008-01-04,4.011965346793273,19
2008-01-07,4.065295517309298,19
2008-01-08,3.942649110692315,19
2008-01-09,4.058439814269869,19
2008-01-10,4.048223032755703,19
2008-01-11,4.063428068833388,19
2008-01-14,4.127080155820241,19
2008-01-15,4.245968300067505,19
2008-01-16,4.2329400181970644,19
2008-01-17,4.1557222630421595,19
2008-01-18,4.189881660804138,19
2008-01-21,4.024461433126821,19
2008-01-22,3.6385382679076326,19
2008-01-23,3.824231842712853,19
2008-01-24,3.9500411102527133,19
2008-01-25,3.9263653583576166,19
2008-01-28,3.635513268155944,19
2008-01-29,3.6885310699571314,19
2008-01-30,3.755046320835267,19
2008-01-31,3.6574583829373815,19
2008-02-01,3.478362849700477,19
2008-02-04,3.7556342215961687,20
2008-02-05,3.7348457077316017,20
2008-02-13,3.6996359173139126,20
2008-02-14,3.7827882941181485,20
2008-02-15,3.7852450676443823,20
2008-02-18,3.9378838702406944,20
2008-02-19,3.9999567371844913,20
2008-02-20,3.9322456199548403,20
2008-02-21,3.9353428548471436,20
2008-02-22,3.830599556240114,20
2008-02-25,3.6933577987704425,20
2008-02-26,3.696797943945415,20
2008-02-27,3.7513508770438255,20
2008-02-28,3.7828239140045277,20
2008-02-29,3.831793591519201,20
2008-03-03,3.9419090583026555,20
2008-03-04,3.8951541719713183,20
2008-03-05,3.8847314223156144,20
2008-03-06,3.895904105921443,20
2008-03-07,3.8307672441433036,20
2008-03-10,3.709252703741747,20
2008-03-11,3.7160072692191486,20
2008-03-12,3.6267987884733914,20
2008-03-13,3.4988033232974947,20
2008-03-14,3.4763282715029447,20
2008-03-17,3.23144526015732,20
2008-03-18,2.992441221733482,20
2008-03-19,3.1291937714791023,20
2008-03-20,3.25307754451666,20
2008-03-21,3.249064192519449,20
2008-03-24,3.176498108932463,20
2008-03-25,3.2361445578905226,20
2008-03-26,3.232186027798962,20
2008-03-27,3.078325449022244,20
2008-03-28,3.1575332646806618,20
2008-03-31,3.035058312630946,20
2008-04-01,2.7698064051922424,20
2008-04-02,2.608520373837446,20
2008-04-03,2.6618468780796847,20
2008-04-07,2.8226081672711576,20
2008-04-08,2.8672911415404028,20
2008-04-09,2.722982949771123,20
2008-04-10,2.7666658860617446,20
2008-04-11,2.8438326870143826,20
2008-04-14,2.6695143121421303,20
2008-04-15,2.7206704027258386,20
2008-04-16,2.675376364846735,20
2008-04-17,2.582209216061764,20
2008-04-18,2.4436891412041515,20
2008-04-21,2.401310786342717,20
2008-04-22,2.335710281876848,20
2008-04-23,2.4482681804015103,20
2008-04-24,2.685354940289742,20
2008-04-25,2.697507128163313,20
2008-04-28,2.6555995007949957,20
2008-04-29,2.6969789597954397,20
2008-04-30,2.8059008108999355,20
2008-05-05,2.9137651405521043,20
2008-05-06,2.891375790914953,18
2008-05-07,2.7529472788386595,18
2008-05-08,2.8339003862870156,18
2008-05-09,2.8238860507949637,18
2008-05-12,2.861652344873964,18
2008-05-13,2.872110196616941,18
2008-05-14,2.971376933950854,18
2008-05-15,2.9918266237739872,18
2008-05-16,2.962915368624153,18
2008-05-19,2.962328140676017,18
2008-05-20,2.7916760423791707,18
2008-05-21,2.8384081819437794,18
2008-05-22,2.7688388451943147,18
2008-05-23,2.7624319077310164,18
2008-05-26,2.669026357502049,18
2008-05-27,2.6714570509458624,18
2008-05-28,2.750420148820462,18
2008-05-29,2.690857409360175,18
2008-05-30,2.7415170431417595,18
2008-06-02,2.775736323888887,18
2008-06-03,2.7763380250003697,20
2008-06-04,2.7559241293025067,20
2008-06-05,2.805238162617718,20
2008-06-06,2.8450651793750166,20
2008-06-10,2.5898289089098867,20
2008-06-11,2.5312736946481693,20
2008-06-12,2.543144807644222,20
2008-06-13,2.4757517148387813,20
2008-06-16,2.458817387345467,20
2008-06-17,2.4775755067773635,20
2008-06-18,2.5752919313378104,20
2008-06-19,2.333525020572438,20
2008-06-20,2.3025471758791687,20
2008-06-23,2.1715333366686203,20
2008-06-24,2.197638841494706,20
2008-06-25,2.3199392233169713,20
2008-06-26,2.3703351518009415,20
2008-06-27,2.1892711093301904,20
2008-06-30,2.207524995678161,20
2008-07-01,2.168084216851855,20
2008-07-02,2.203658890074704,20
2008-07-03,2.2989150674540384,20
2008-07-04,2.2842696165326637,20
2008-07-07,2.386705535475351,20
2008-07-08,2.426971524308825,20
2008-07-09,2.498604131581817,20
2008-07-10,2.473309978517687,20
2008-07-11,2.427262171975675,20
2008-07-14,2.4832817437440324,20
2008-07-15,2.4461466727605017,20
2008-07-16,2.3099985038291337,20
2008-07-17,2.289552252625556,20
2008-07-18,2.3610201976437217,20
2008-07-21,2.4445935144016646,20
2008-07-22,2.4614501298637643,20
2008-07-23,2.444428719898762,20
2008-07-24,2.4996387754311247,20
2008-07-25,2.4845705570588006,20
2008-07-28,2.517707883236222,20
2008-07-29,2.4708032319429334,20
2008-07-30,2.459262558700341,20
2008-07-31,2.3792007634299535,20
2008-08-01,2.378586921534414,20
2008-08-04,2.326993521532298,20
2008-08-05,2.3092330851725222,20
2008-08-06,2.317229907158381,20
2008-08-07,2.3386254942552154,20
2008-08-08,2.1891067786956717,20
2008-08-11,2.0652694581328115,20
2008-08-12,2.039855105180135,20
2008-08-13,2.001492282583095,20
2008-08-14,2.0156583457804698,20
2008-08-15,2.0320186977382972,20
2008-08-18,1.9257831355834547,20
2008-08-19,1.95025492063362,20
2008-08-20,2.1089496728252195,20
2008-08-21,2.0318809997886755,20
2008-08-22,2.0102257170375553,20
2008-08-25,2.001586358893588,20
2008-08-26,1.899679162062928,20
2008-08-27,1.8980317129770146,20
2008-08-28,1.8955678440659647,20
2008-08-29,1.9447857540021385,20
2008-09-01,1.884820619090364,20
2008-09-02,1.8639981509192658,20
2008-09-03,1.8252139567063386,20
2008-09-04,1.8543934409177387,20
2008-09-05,1.7509330151148026,20
2008-09-08,1.6624342095863747,20
2008-09-09,1.6741490623429514,20
2008-09-10,1.6678034064066873,20
2008-09-11,1.6146403097227362,20
2008-09-12,1.6231526826291403,20
2008-09-16,1.5821446274754714,20
2008-09-17,1.574091366217436,20
2008-09-18,1.5182966912274674,20
2008-09-19,1.6701280820361513,20
2008-09-22,1.733167609780655,20
2008-09-23,1.6049417724030792,20
2008-09-24,1.6180416046610742,20
2008-09-25,1.6744421462431072,20
2008-09-26,1.6607413554128603,20
2008-10-06,1.5748219593595065,20
2008-10-07,1.5595098116354553,20
2008-10-08,1.5350278346368857,20
2008-10-09,1.524408227700569,20
2008-10-10,1.4265180767035808,20
2008-10-13,1.4374819164321468,20
2008-10-14,1.4042638922324568,20
2008-10-15,1.387560904176911,20
2008-10-16,1.2929961117009552,20
2008-10-17,1.3049205634126366,20
2008-10-20,1.3483044239822903,20
2008-10-21,1.3660443242825435,20
2008-10-22,1.3417955132797401,20
2008-10-23,1.3531230136575898,20
2008-10-24,1.356797397707261,20
2008-10-27,1.2716547967875829,20
2008-10-28,1.3136027392038128,20
2008-10-29,1.2843931449288957,20
2008-10-30,1.3002133045722228,20
2008-10-31,1.2832973762435185,20
2008-11-03,1.2756318955527086,20
2008-11-04,1.2587084254291143,20
2008-11-05,1.314146995969413,20
2008-11-06,1.3014111129244923,20
2008-11-07,1.3285117360470793,20
2008-11-10,1.4325439456646758,20
2008-11-11,1.4216217115967331,20
2008-11-12,1.4642865931704745,20
2008-11-13,1.535497376511185,20
2008-11-14,1.6064231117922658,20
2008-11-17,1.6916762517975736,20
2008-11-18,1.540189744209483,20
2008-11-19,1.6623231311971103,20
2008-11-20,1.6678759874346265,20
2008-11-21,1.6299078404690006,20
2008-11-24,1.5665853129573195,20
2008-11-25,1.5752966251286402,20
2008-11-26,1.6084666972543638,20
2008-11-27,1.6152997008824739,20
2008-11-28,1.6027859335929298,20
2008-12-01,1.7037801643926005,20
2008-12-02,1.74965462413552,18
2008-12-03,1.8310106044227756,18
2008-12-04,1.8164929220347519,18
2008-12-05,1.9000498526661365,18
2008-12-08,1.991343346814801,18
2008-12-09,1.9154512355079918,18
2008-12-10,2.00456760931254,18
2008-12-11,1.9116585802432444,18
2008-12-12,1.8238382249225749,18
2008-12-15,1.866377342895329,18
2008-12-16,1.9045176547761726,18
2008-12-17,1.9391622564386606,18
2008-12-18,1.9844225034802838,18
2008-12-19,2.0328172117581493,18
2008-12-22,2.1268313031267696,18
2008-12-23,1.954559528001322,18
2008-12-24,1.8968632262300185,18
2008-12-25,1.9329314682137757,18
2008-12-26,1.9612238136578415,18
2008-12-29,1.9391103475981972,18
2008-12-30,1.9793355522436054,18
2008-12-31,1.9990870730704278,18
2009-01-05,2.091793229869615,18
2009-01-06,2.122225932945316,20
2009-01-07,2.109366565369138,20
2009-01-08,2.0773657454264787,20
2009-01-09,2.1895849230433875,20
2009-01-12,2.2039770546615465,20
2009-01-13,2.0957823752184166,20
2009-01-14,2.200462710535142,20
2009-01-15,2.2088726376821626,20
2009-01-16,2.193739161936234,20
2009-01-19,2.201991414010772,20
2009-01-20,2.2318440833451816,20
2009-01-21,2.219571557934258,20
2009-01-22,2.2416767694292634,20
2009-01-23,2.2197711938899243,20
2009-02-02,2.2690068288975653,20
2009-02-03,2.321145719760984,20
2009-02-04,2.352839262577633,20
2009-02-05,2.3427649322693265,20
2009-02-06,2.448773023651666,20
2009-02-09,2.5321551112510807,20
2009-02-10,2.587050751885474,20
2009-02-11,2.547157851779222,20
2009-02-12,2.574253011345469,20
2009-02-13,2.665761225211936,20
2009-02-16,2.6894140231184047,20
2009-02-17,2.6124905086601413,20
2009-02-18,2.4687001923479546,20
2009-02-19,2.5380929421581895,20
2009-02-20,2.6168102106309727,20
2009-02-23,2.7072943021951894,20
2009-02-24,2.5747597346687416,20
2009-02-25,2.6236267601091225,20
2009-02-26,2.430626787457685,20
2009-02-27,2.2586445198227363,20
2009-03-02,2.2876323151161806,20
2009-03-03,2.3019306686893786,20
2009-03-04,2.455293749038742,20
2009-03-05,2.4827992698876247,20
2009-03-06,2.470233456354767,20
2009-03-09,2.366404681090691,20
2009-03-10,2.442938106201462,20
2009-03-11,2.4399159040057836,20
2009-03-12,2.4354943737863373,20
2009-03-13,2.4590975624979072,20
2009-03-16,2.511263262234186,20
2009-03-17,2.5866268269101074,20
2009-03-18,2.608565991453845,20
2009-03-19,2.6674633530233436,20
2009-03-20,2.6176822250211638,20
2009-03-23,2.68346843733046,20
2009-03-24,2.730907494042872,20
2009-03-25,2.6543756452939853,20
2009-03-26,2.717295535065267,20
2009-03-27,2.708453455970598,20
2009-03-30,2.7553232241971575,20
2009-03-31,2.7789050012852656,20
2009-04-01,2.822811238775666,20
2009-04-02,2.856582196410435,20
2009-04-03,2.9032331372360543,20
2009-04-07,2.970576738469362,20
2009-04-08,2.9043053940763137,20
2009-04-09,2.986388059091466,20
2009-04-10,3.0786805989153034,20
2009-04-13,3.157949706928842,20
2009-04-14,3.3305339527222158,20
2009-04-15,3.4256130015646176,20
2009-04-16,3.4219414976159364,20
2009-04-17,3.3010085558997924,20
2009-04-20,3.380463587780295,20
2009-04-21,3.3477701931717387,20
2009-04-22,3.168057959921553,20
2009-04-23,3.2519551798823136,20
2009-04-24,3.214397534775518,20
2009-04-27,3.102713164570683,20
2009-04-28,3.1180294604285526,20
2009-04-29,3.159981150164269,20
2009-04-30,3.1872286909012284,20
2009-05-04,3.3178643451865666,20
2009-05-05,3.359942781091131,20
2009-05-06,3.3979351729803877,20
2009-05-07,3.3754473227498396,20
2009-05-08,3.3341247818192903,20
2009-05-11,3.193605254698755,20
2009-05-12,3.2776353672139615,20
2009-05-13,3.3217179979377875,20
2009-05-14,3.3371050941294516,20
2009-05-15,3.324132733881335,20
2009-05-18,3.3223137074938096,20
2009-05-19,3.3457820636827775,20
2009-05-20,3.3213868931422947,20
2009-05-21,3.2588127301811363,20
2009-05-22,3.2802277845299836,20
2009-05-25,3.263860285038431,20
2009-05-26,3.318218975869883,20
2009-05-27,3.3021871716672595,20
2009-06-01,3.3567612653038084,20
2009-06-02,3.3423879103036054,20
2009-06-03,3.3397967027677007,20
2009-06-04,3.331574679031426,20
2009-06-05,3.3044301619559477,20
2009-06-08,3.2927545423984994,20
2009-06-09,3.293599084301999,20
2009-06-10,3.344140449499482,20
2009-06-11,3.3438913571792774,20
2009-06-12,3.279778641989961,20
2009-06-15,3.3138852579636557,20
2009-06-16,3.317280219956591,20
2009-06-17,3.3400213270417036,20
2009-06-18,3.3486381135409626,20
2009-06-19,3.3942956376113806,20
2009-06-22,3.3664084346968406,20
2009-06-23,3.3869706328167375,20
2009-06-24,3.4152837975171346,20
2009-06-25,3.468133147571397,20
2009-06-26,3.481189244747713,20
2009-06-29,3.4466610511708784,20
2009-06-30,3.415270359446673,20
2009-07-01,3.3892806177086197,20
2009-07-02,3.411090725268324,20
2009-07-03,3.444590090714378,20
2009-07-06,3.443290591147399,20
2009-07-07,3.558221724072706,20
2009-07-08,3.5928931044200443,20
2009-07-09,3.715601398134607,20
2009-07-10,3.682847519371313,20
2009-07-13,3.713976182668589,20
2009-07-14,3.768661198994552,20
2009-07-15,3.839908486399888,20
2009-07-16,3.790341896224729,20
2009-07-17,3.809836664478331,20
2009-07-20,3.8928644448266043,20
2009-07-21,3.819222689007651,20
2009-07-22,3.863278421094132,20
2009-07-23,3.8764102831822878,20
2009-07-24,3.868033407344553,20
2009-07-27,3.925832581108188,20
2009-07-28,3.941907969865948,20
2009-07-29,3.76998648924422,20
2009-07-30,3.8249376618088373,20
2009-07-31,3.9083433248539317,20
2009-08-03,3.975543417193505,20
2009-08-04,3.994141498885314,20
2009-08-05,4.01655450810462,20
2009-08-06,3.9937174884582034,20
2009-08-07,3.9095516261611616,20
2009-08-10,3.9491786990818407,20
2009-08-11,3.9712103680338564,20
2009-08-12,3.7486495650791833,20
2009-08-13,3.746607202952199,20
2009-08-14,3.5877257930120345,20
2009-08-17,3.384611290331152,20
2009-08-18,3.442673170857959,20
2009-08-19,3.3285350819437363,20
2009-08-20,3.445648121746648,20
2009-08-21,3.5747591184356122,20
2009-08-24,3.667900623144548,20
2009-08-25,3.624247764205686,20
2009-08-26,3.716080710487699,20
2009-08-27,3.7267603157759766,20
2009-08-28,3.7047168407614377,20
2009-08-31,3.4402189653995925,20
2009-09-01,3.392886107053164,20
2009-09-02,3.4614112912744672,20
2009-09-03,3.6159174481001526,20
2009-09-04,3.66161109072513,20
2009-09-07,3.715313688739916,20
2009-09-08,3.7346040108620184,20
2009-09-09,3.7775731211021606,20
2009-09-10,3.742542463758232,20
2009-09-11,3.788145932764998,20
2009-09-14,3.877214834566266,20
2009-09-15,3.9230899606979666,20
2009-09-16,3.959320505977232,20
2009-09-17,4.106374837977462,20
2009-09-18,3.957374386373516,20
2009-09-21,4.050314626754768,20
2009-09-22,4.0101433318033255,20
2009-09-23,3.9471423531208254,20
2009-09-24,3.8729533882591887,20
2009-09-25,3.888148845604854,20
2009-09-28,3.792915788524665,20
2009-09-29,3.701681557237514,20
2009-09-30,3.757737070468238,20
2009-10-09,3.942103426730456,20
2009-10-12,3.9746890944367794,20
2009-10-13,4.00358248400734,20
2009-10-14,4.018614973518565,20
2009-10-15,4.095778874795584,20
2009-10-16,4.102502464568603,20
2009-10-19,4.17485785705694,20
2009-10-20,4.238990157654402,20
2009-10-21,4.179755215700624,20
2009-10-22,4.242779155483605,20
2009-10-23,4.328106149031778,20
2009-10-26,4.354694326250337,20
2009-10-27,4.366208216917287,20
2009-10-28,4.42623775007207,20
2009-10-29,4.369916431455885,20
2009-10-30,4.373261223157834,20
2009-11-02,4.481794305802839,20
2009-11-03,4.52519627494127,20
2009-11-04,4.607208583953969,20
2009-11-05,4.633488883015405,20
2009-11-06,4.670820389496731,20
2009-11-09,4.71567592621877,20
2009-11-10,4.6849032829076345,20
2009-11-11,4.704374112805548,20
2009-11-12,4.736095372278224,20
2009-11-13,4.81261772184965,20
2009-11-16,4.951156764191032,20
2009-11-17,4.988587209184402,20
2009-11-18,5.032693932400134,20
2009-11-19,5.086775391825242,20
2009-11-20,5.112640593976321,20
2009-11-23,5.1777714428673445,20
2009-11-24,4.865344387879608,20
2009-11-25,5.058302598653669,20
2009-11-26,4.779602101104313,20
2009-11-27,4.750275220924136,20
2009-11-30,4.98270189563369,20
2009-12-01,5.150858941281287,20
2009-12-02,5.27020859085471,20
2009-12-03,5.304599562207235,20
2009-12-04,5.109934231995711,20
2009-12-07,5.260324790984909,20
2009-12-08,5.285088188990303,20
2009-12-09,5.243618259559288,20
2009-12-10,5.354412953728931,20
2009-12-11,5.376969329230336,20
2009-12-14,5.36073091229179,20
2009-12-15,5.362752221776949,20
2009-12-16,5.276111836694211,20
2009-12-17,5.100509716208639,20
2009-12-18,4.990021104306301,20
2009-12-21,5.078436629320022,20
2009-12-22,4.992795244621238,20
2009-12-23,5.085680681603517,20
2009-12-24,5.30117139368732,20
2009-12-25,5.320775741027731,20
2009-12-28,5.4003269747867115,20
2009-12-29,5.485294109187351,20
2009-12-30,5.420743336779305,20
2009-12-31,5.51256698258738,20
2010-01-04,5.612512464492112,20
2010-01-05,5.722979627243639,20
2010-01-06,5.665360374038029,20
2010-01-07,5.61206279500477,20
2010-01-08,5.678119303198603,20
2010-01-11,5.808921260535567,20
2010-01-12,5.968440904055198,20
2010-01-13,5.955187209659366,20
2010-01-14,6.095906030882243,20
2010-01-15,6.183725517052389,20
2010-01-18,6.295780469291489,20
2010-01-19,6.20858270818763,20
2010-01-20,5.8895693919496015,20
2010-01-21,5.9049850533024575,20
2010-01-22,5.745068362954632,20
2010-01-25,5.688252043573231,20
2010-01-26,5.49250943504056,20
2010-01-27,5.5074785168147455,20
2010-01-28,5.573838520720637,20
2010-01-29,5.654044482169489,20
2010-02-01,5.568486495269615,20
2010-02-02,5.494767970303883,20
2010-02-03,5.51916802249336,20
2010-02-04,5.500338496594324,20
2010-02-05,5.351571770261985,20
2010-02-08,5.3261746720850605,20
2010-02-09,5.371363126730489,20
2010-02-10,5.499440047285135,20
2010-02-11,5.499135561232985,20
2010-02-12,5.588389633851261,20
2010-02-22,5.576336597538057,20
2010-02-23,5.552331589398487,20
2010-02-24,5.771370432918147,20
2010-02-25,5.866013371267107,20
2010-02-26,5.885377524773147,20
2010-03-01,5.957751668328026,20
2010-03-02,5.931112471894855,20
2010-03-03,5.953811207653745,20
2010-03-04,5.79904266527833,20
2010-03-05,5.847790476362332,20
2010-03-08,5.894287403553356,20
2010-03-09,5.872177708326221,20
2010-03-10,5.7611040480362,20
2010-03-11,5.7601855341997465,20
2010-03-12,5.689848941634176,20
2010-03-15,5.648035268060005,20
2010-03-16,5.682854444845782,20
2010-03-17,5.860769699358004,20
2010-03-18,5.873899053198079,20
2010-03-19,5.894633628588697,20
2010-03-22,5.9288015948392685,20
2010-03-23,6.012595444134646,20
2010-03-24,6.107765971004183,20
2010-03-25,6.041096998549712,20
2010-03-26,6.063774867924885,20
2010-03-29,6.056167691458227,20
2010-03-30,6.102500293956425,20
2010-03-31,6.18443335890217,20
2010-04-01,6.293636197522093,20
2010-04-02,6.2825266648561895,20
2010-04-06,6.366526603793031,20
2010-04-07,6.41363582382445,20
2010-04-08,6.411692486547954,20
2010-04-09,6.550512449865339,20
2010-04-12,6.675890717206005,20
2010-04-13,6.443177147663713,20
2010-04-14,6.517305541709947,20
2010-04-15,6.392607158604642,20
2010-04-16,6.441705113854148,20
2010-04-19,6.273309755499937,20
2010-04-20,6.39496507632873,20
2010-04-21,6.582469506996595,20
2010-04-22,6.678671491476011,20
2010-04-23,6.649556901122055,20
2010-04-26,6.602318258138211,20
2010-04-27,6.408132215834452,20
2010-04-28,6.317514250881134,20
2010-04-29,6.127335095099305,20
2010-04-30,5.953145369954567,20
2010-05-04,5.99652711629517,20
2010-05-05,6.203368839664653,20
2010-05-06,5.94052286897203,20
2010-05-07,5.815435074979707,20
2010-05-10,5.60943320766962,20
2010-05-11,5.513929116135588,20
2010-05-12,5.379428733453237,20
2010-05-13,5.514667167581875,20
2010-05-14,5.5531850424837295,20
2010-05-17,5.272777248373711,20
2010-05-18,5.315097881502229,20
2010-05-19,5.402058024541719,20
2010-05-20,5.382770828192103,20
2010-05-21,5.628653938361575,20
2010-05-24,5.890551255689921,20
2010-05-25,5.828260988747206,20
2010-05-26,5.820898614230651,20
2010-05-27,5.988180238373353,20
2010-05-28,6.039640196296629,20
2010-05-31,5.870906613450697,20
2010-06-01,5.776700283196765,20
2010-06-02,5.89989279596857,20
2010-06-03,5.971680920084657,20
2010-06-04,6.227408450794957,20
2010-06-07,6.462990265102153,20
2010-06-08,6.453825107946662,20
2010-06-09,6.5070680044611775,20
2010-06-10,6.677016415282902,20
2010-06-11,6.708650102640819,20
2010-06-17,6.355638452457731,20
2010-06-18,5.889195220048031,20
2010-06-21,6.0679247961529095,20
2010-06-22,6.055638231270027,20
2010-06-23,6.103291118200128,20
2010-06-24,6.162001966778211,20
2010-06-25,5.953023119614235,20
2010-06-28,5.835104540528359,20
2010-06-29,5.425754626549279,20
2010-06-30,5.497298499760277,20
2010-07-01,5.335530561202459,20
2010-07-02,5.324921415239936,20
2010-07-05,5.277435270165233,20
2010-07-06,5.4660982984759805,20
2010-07-07,5.546898872924683,20
2010-07-08,5.55200194891351,20
2010-07-09,5.694376620327878,20
2010-07-12,5.668731690768219,20
2010-07-13,5.677517475961699,20
2010-07-14,5.6444126375875765,20
2010-07-15,5.436923792425596,20
2010-07-16,5.456410888467089,20
2010-07-19,5.569896327757885,20
2010-07-20,5.728535914822485,20
2010-07-21,5.7474864724887285,20
2010-07-22,5.800804276637654,20
2010-07-23,5.904237139654328,20
2010-07-26,5.926603265690007,20
2010-07-27,5.853474394194789,20
2010-07-28,5.963008019588289,20
2010-07-29,6.017234920348257,20
2010-07-30,6.017977803783238,20
2010-08-02,6.146752538285539,20
2010-08-03,6.0438620819476485,20
2010-08-04,6.125256118157008,20
2010-08-05,6.164793332012302,20
2010-08-06,6.336699090867815,20
2010-08-09,6.450063262182545,20
2010-08-10,6.21955723246916,20
2010-08-11,6.284493693114774,20
2010-08-12,6.219240910190762,20
2010-08-13,6.324489914238366,20
2010-08-16,6.542484919144121,20
2010-08-17,6.573584491154974,20
2010-08-18,6.513449688728912,20
2010-08-19,6.493964180584609,20
2010-08-20,6.344191636277065,20
2010-08-23,6.335701460575312,20
2010-08-24,6.344642825655799,20
2010-08-25,6.159537922874025,20
2010-08-26,6.22032366862979,20
2010-08-27,6.3420353133209755,20
2010-08-30,6.498555769811564,20
2010-08-31,6.499577405481033,20
2010-09-01,6.297992313012979,20
2010-09-02,6.409082469209764,20
2010-09-03,6.528340617735724,20
2010-09-06,6.4128000447882725,20
2010-09-07,6.473300356704145,20
2010-09-08,6.528512993975415,20
2010-09-09,6.5581111369756435,20
2010-09-10,6.725808913424211,20
2010-09-13,6.775687348234732,20
2010-09-14,6.694523148702147,20
2010-09-15,6.447408194631132,20
2010-09-16,6.322814806807151,20
2010-09-17,6.296714374802444,20
2010-09-20,6.136254472436295,20
2010-09-21,6.039925428654046,20
2010-09-27,6.1658109702689154,20
2010-09-28,6.11077208735567,20
2010-09-29,6.069540597632196,20
2010-09-30,6.167567484893772,20
2010-10-08,6.296464091963604,20
2010-10-11,6.271816777780329,20
2010-10-12,6.285137925438084,20
2010-10-13,6.325751996321564,20
2010-10-14,6.200739007984974,20
2010-10-15,6.161282556811941,20
2010-10-18,6.110574361877251,20
2010-10-19,6.531426322708464,20
2010-10-20,6.57503169042638,20
2010-10-21,6.559275961699328,20
2010-10-22,6.664666511703884,20
2010-10-25,6.84787547623998,20
2010-10-26,6.791958712049901,20
2010-10-27,6.746825811943973,20
2010-10-28,6.820881352904493,20
2010-10-29,6.977117074377483,20
2010-11-01,7.225630989925895,20
2010-11-02,7.077362194345436,20
2010-11-03,6.863744794435611,20
2010-11-04,6.945119015448472,20
2010-11-05,7.087305514709368,20
2010-11-08,7.252185206106899,20
2010-11-09,7.303593166968382,20
2010-11-10,7.46185524485053,20
2010-11-11,7.358468733235709,20
2010-11-12,6.921172107124103,20
2010-11-15,7.313812934304766,20
2010-11-16,7.24750097956488,20
2010-11-17,6.997055064412452,20
2010-11-18,7.146287076826559,20
2010-11-19,7.4680472250581085,20
2010-11-22,7.631888198074091,20
2010-11-23,7.679283214928225,20
2010-11-24,7.834041901193868,20
2010-11-25,7.723733590337316,20
2010-11-26,7.785022964449411,20
2010-11-29,7.908920371103064,20
2010-11-30,7.632060701418082,20
2010-12-01,7.595546834712777,20
2010-12-02,7.601150061351062,20
2010-12-03,7.453467477663905,20
2010-12-06,7.303168195465889,20
2010-12-07,7.424221345122648,20
2010-12-08,7.401564444947909,20
2010-12-09,7.349834150904078,20
2010-12-10,7.457481083008155,20
2010-12-13,7.677392807509304,20
2010-12-14,7.746564885963266,20
2010-12-15,7.6696304717730905,20
2010-12-16,7.738313314128097,20
2010-12-17,7.772839073798202,20
2010-12-20,7.684392512517326,20
2010-12-21,7.694344447894985,20
2010-12-22,7.6497736579212265,20
2010-12-23,7.463382995950784,20
2010-12-24,7.243353912770361,20
2010-12-27,7.025829188923379,20
2010-12-28,6.974815879942017,20
2010-12-29,7.114201828465238,20
2010-12-30,7.1353646292951005,20
2010-12-31,7.2520307794902195,20
2011-01-04,7.314193728660594,20
2011-01-05,7.342536104983215,20
2011-01-06,7.291707354507076,20
2011-01-07,7.169612223935391,20
2011-01-10,6.919416011042267,20
2011-01-11,6.810222790181754,20
2011-01-12,6.846207903181725,20
2011-01-13,6.865482817063015,20
2011-01-14,6.679985743685376,20
2011-01-17,6.364185979955116,20
2011-01-18,6.383676280061483,20
2011-01-19,6.462140924112549,20
2011-01-20,6.22824394156491,20
2011-01-21,6.224562442467788,20
2011-01-24,6.114500778797788,20
2011-01-25,6.033671454887271,20
2011-01-26,6.120162585569706,20
2011-01-27,6.221235066569339,20
2011-01-28,6.297212181521169,20
2011-01-31,6.315396066172314,20
2011-02-01,6.303204586576513,20
2011-02-09,6.239369332164707,20
2011-02-10,6.433948147961233,20
2011-02-11,6.486624906978937,20
2011-02-14,6.575792184829848,20
2011-02-15,6.5915370242949045,20
2011-02-16,6.692724858316068,20
2011-02-17,6.781824103674055,20
2011-02-18,6.691661294245842,20
2011-02-21,6.793655765537245,20
2011-02-22,6.64528785224671,20
2011-02-23,6.698507982571026,20
2011-02-24,6.710540325146833,20
2011-02-25,6.699518798812118,20
2011-02-28,6.736478930861989,20
2011-03-01,6.742747139848373,20
2011-03-02,6.695047521507929,20
2011-03-03,6.5764022320289595,20
2011-03-04,6.6069687597739755,20
2011-03-07,6.651180680513388,20
2011-03-08,6.67865066746302,20
2011-03-09,6.689506669810801,20
2011-03-10,6.695765581902212,20
2011-03-11,6.73975572312278,20
2011-03-14,6.765505946814644,20
2011-03-15,6.705530880005944,20
2011-03-16,6.767451717680782,20
2011-03-17,6.633256544374962,20
2011-03-18,6.694158310038422,20
2011-03-21,6.6220647446200145,20
2011-03-22,6.591987076809111,20
2011-03-23,6.645045539840849,20
2011-03-24,6.6548034088893155,20
2011-03-25,6.648422851583721,20
2011-03-28,6.599988236275353,20
2011-03-29,6.373989326179697,20
2011-03-30,6.328160813568385,20
2011-03-31,6.323511967476446,20
2011-04-01,6.390039206533401,20
2011-04-06,6.341127353336143,20
2011-04-07,6.410763192698349,20
2011-04-08,6.484648015995675,20
2011-04-11,6.39213648058465,20
2011-04-12,6.330872268627386,20
2011-04-13,6.436777108492899,20
2011-04-14,6.408987786307716,20
2011-04-15,6.422313723226389,20
2011-04-18,6.42012522294193,20
2011-04-19,6.393017999276486,20
2011-04-20,6.435053765876913,20
2011-04-21,6.4773095704185,20
2011-04-22,6.4643488369018565,20
2011-04-25,6.347348661819604,20
2011-04-26,6.2170620444086095,20
2011-04-27,6.117888343957276,20
2011-04-28,5.893735078655388,20
2011-04-29,5.969604637086553,20
2011-05-03,6.018502399645354,20
2011-05-04,5.882816997975564,19
2011-05-05,5.8934238788289255,19
2011-05-06,5.955856627290851,19
2011-05-09,6.032800304723639,19
2011-05-10,6.069925656682956,19
2011-05-11,6.08406334044446,19
2011-05-12,5.952105840478859,19
2011-05-13,5.933496102050577,19
2011-05-16,5.925813362665972,19
2011-05-17,5.88368949948882,19
2011-05-18,5.909758888406579,19
2011-05-19,5.867907025358478,19
2011-05-20,5.79175200825694,19
2011-05-23,5.569345076252737,19
2011-05-24,5.649254493439503,19
2011-05-25,5.522295272938562,19
2011-05-26,5.459505609576843,19
2011-05-27,5.355521464166658,19
2011-05-30,5.341998770107519,19
2011-05-31,5.426312803822726,19
2011-06-01,5.491408998564868,19
2011-06-02,5.424079633740845,19
2011-06-03,5.509573319872838,19
2011-06-07,5.566773884134676,19
2011-06-08,5.550845943893579,19
2011-06-09,5.450862039113562,19
2011-06-10,5.455636677477438,19
2011-06-13,5.490832912125556,19
2011-06-14,5.54352261981591,19
2011-06-15,5.492087022946772,19
2011-06-16,5.417668539429425,19
2011-06-17,5.3590799662648525,19
2011-06-20,5.337251672672019,19
2011-06-21,5.374998449633539,19
2011-06-22,5.410233984211421,19
2011-06-23,5.5433830581855155,19
2011-06-24,5.658851695161119,19
2011-06-27,5.693168583358194,19
2011-06-28,5.70586580434406,19
2011-06-29,5.6257875240438295,19
2011-06-30,5.692845260277875,19
2011-07-01,5.752929835726517,19
2011-07-04,5.873564449170685,20
2011-07-05,5.901919558689349,20
2011-07-06,5.985314301067426,20
2011-07-07,6.023877785602962,20
2011-07-08,5.955582318607486,20
2011-07-11,5.9956006997467295,20
2011-07-12,5.845457947833852,20
2011-07-13,5.988416776925379,20
2011-07-14,6.1685434675766615,20
2011-07-15,6.298330833976814,20
2011-07-18,6.2717782903210955,20
2011-07-19,6.148071491146679,20
2011-07-20,6.224740115204912,20
2011-07-21,6.1431333688826,20
2011-07-22,6.191419643274499,20
2011-07-25,5.95403324177483,20
2011-07-26,5.9761018792225435,20
2011-07-27,6.123549278263044,20
2011-07-28,6.202552264849057,20
2011-07-29,6.130994192601343,20
2011-08-01,6.222652927256743,20
2011-08-02,6.335641401966918,19
2011-08-03,6.455611995881463,19
2011-08-04,6.412071528903381,19
2011-08-05,6.256526443471498,19
2011-08-08,5.897762446949657,19
2011-08-09,5.8458771741165245,19
2011-08-10,5.920144057114253,19
2011-08-11,6.080365607179585,19
2011-08-12,6.219257250355186,19
2011-08-15,6.364418402771856,19
2011-08-16,6.3079633867378515,19
2011-08-17,6.303317061685539,19
2011-08-18,6.188038326824823,19
2011-08-19,6.204216391451754,19
2011-08-22,6.286295000053706,19
2011-08-23,6.3947193356487215,19
2011-08-24,6.40797277035964,19
2011-08-25,6.43853497190955,19
2011-08-26,6.496060193212819,19
2011-08-29,6.498682858988631,19
2011-08-30,6.353421127198257,19
2011-08-31,6.307841025125067,19
2011-09-01,6.301501773691392,19
2011-09-02,6.228352965354545,20
2011-09-05,6.046551387116918,20
2011-09-06,6.003175291557342,20
2011-09-07,6.159143460296009,20
2011-09-08,6.097569512377371,20
2011-09-09,6.021527704632222,20
2011-09-13,5.947349513719699,20
2011-09-14,6.0235637816395515,20
2011-09-15,6.018562526938901,20
2011-09-16,5.999366016111176,20
2011-09-19,5.876034807559849,20
2011-09-20,5.918911413620094,20
2011-09-21,6.0746195448116165,20
2011-09-22,5.890102249335443,20
2011-09-23,5.877431168342659,20
2011-09-26,5.83170449034497,20
2011-09-27,5.887882543646197,20
2011-09-28,5.8727404819452556,20
2011-09-29,5.682967910654321,20
2011-09-30,5.641299390511476,20
2011-10-10,5.6384182363719155,20
2011-10-11,5.629201873552149,20
2011-10-12,5.850513218173483,20
2011-10-13,5.936349345565478,20
2011-10-14,5.910989224288686,20
2011-10-17,5.96418593459918,20
2011-10-18,5.792195503118681,20
2011-10-19,5.728674926098592,20
2011-10-20,5.611652416633282,20
2011-10-21,5.498402025213173,20
2011-10-24,5.560774688922415,20
2011-10-25,5.727081148675043,20
2011-10-26,5.827946835882033,20
2011-10-27,5.860686018819688,20
2011-10-28,6.005693150720075,20
2011-10-31,6.112735784868581,20
2011-11-01,6.133182611319204,20
2011-11-02,6.297686093933196,20
2011-11-03,6.271363736227283,20
2011-11-04,6.326889748901473,20
2011-11-07,6.310833070543307,20
2011-11-08,6.198600721417557,20
2011-11-09,6.3419489147808354,20
2011-11-10,6.31740017526685,20
2011-11-11,6.29856150464385,20
2011-11-14,6.463077849298595,20
2011-11-15,6.477837144185975,20
2011-11-16,6.27017162550845,20
2011-11-17,6.317000854256795,20
2011-11-18,6.174508345960781,20
2011-11-21,6.13669340479891,20
2011-11-22,6.171684870784692,20
2011-11-23,6.221177642434626,20
2011-11-24,6.200005120018646,20
2011-11-25,6.142608302558766,20
2011-11-28,6.167134803622974,20
2011-11-29,6.23130342053984,20
2011-11-30,5.908245500152824,20
2011-12-01,6.009630063022286,20
2011-12-02,5.838967141163396,19
2011-12-05,5.614621963528123,19
2011-12-06,5.659350363489384,19
2011-12-07,5.6818697370560205,19
2011-12-08,5.741104979575105,19
2011-12-09,5.689810308359327,19
2011-12-12,5.620674345019715,19
2011-12-13,5.405399671863908,19
2011-12-14,5.342574218294067,19
2011-12-15,5.294972309213634,19
2011-12-16,5.469733672160965,19
2011-12-19,5.52679352481227,19
2011-12-20,5.476755433682841,19
2011-12-21,5.342401591922454,19
2011-12-22,5.232422160419657,19
2011-12-23,5.258219959323426,19
2011-12-26,5.209521566866073,19
2011-12-27,5.017917523250513,19
2011-12-28,4.937655808428044,19
2011-12-29,4.980045951898835,19
2011-12-30,5.080250351964593,19
2012-01-04,4.967811948319433,19
2012-01-05,4.717851826311467,20
2012-01-06,4.708858772771141,20
2012-01-09,4.915343740555432,20
2012-01-10,5.084832764485685,20
2012-01-11,5.091872467410852,20
2012-01-12,5.068052320583723,20
2012-01-13,4.737797352427855,20
2012-01-16,4.467743233712637,20
2012-01-17,4.692553536544623,20
2012-01-18,4.407694135206406,20
2012-01-19,4.440183948580609,20
2012-01-20,4.498953318446112,20
2012-01-30,4.567486674379994,20
2012-01-31,4.538208033080355,20
2012-02-01,4.56511402766293,20
2012-02-02,4.619631864742305,20
2012-02-03,4.715827873779607,20
2012-02-06,4.795231324818672,20
2012-02-07,4.748207974790306,20
2012-02-08,4.861261124807799,20
2012-02-09,4.8918575761138,20
2012-02-10,4.9253753917197605,20
2012-02-13,5.019672219831927,20
2012-02-14,5.005803475983822,20
2012-02-15,5.0718886926270965,20
2012-02-16,5.038289218648103,20
2012-02-17,4.997245925946482,20
2012-02-20,5.038768890770349,20
2012-02-21,5.143447242533485,20
2012-02-22,5.343506017865354,20
2012-02-23,5.451337323888745,20
2012-02-24,5.4821194886771,20
2012-02-27,5.463668077186448,20
2012-02-28,5.408688459119941,20
2012-02-29,5.323290578995727,20
2012-03-01,5.372372488611003,20
2012-03-02,5.463950679270987,20
2012-03-05,5.458318640761934,20
2012-03-06,5.396592554928842,20
2012-03-07,5.380453161220645,20
2012-03-08,5.447923058090786,20
2012-03-09,5.559837852511345,20
2012-03-12,5.5982124335118755,20
2012-03-13,5.634536259030352,20
2012-03-14,5.381128932936579,20
2012-03-15,5.3265220928401344,20
2012-03-16,5.472050397643827,20
2012-03-19,5.561424216078033,20
2012-03-20,5.369627968778147,20
2012-03-21,5.384083778319891,20
2012-03-22,5.3792566821312136,20
2012-03-23,5.293830914892478,20
2012-03-26,5.276592100841217,20
2012-03-27,5.260555092830204,20
2012-03-28,4.948040870657929,20
2012-03-29,4.855098402169013,20
2012-03-30,4.835990303988313,20
2012-04-05,4.983391763114486,20
2012-04-06,5.00131384824352,20
2012-04-09,4.945387927947636,20
2012-04-10,4.982191565304338,20
2012-04-11,5.0089497835771715,20
2012-04-12,5.119222225233017,20
2012-04-13,5.153584551899278,20
2012-04-16,5.121102079822535,20
2012-04-17,5.121503795244155,20
2012-04-18,5.203859462053148,20
2012-04-19,5.181347180080021,20
2012-04-20,5.235905642971886,20
2012-04-23,5.058169084393676,20
2012-04-24,4.952013733091128,20
2012-04-25,5.01835122346949,20
2012-04-26,5.003679315457116,20
2012-04-27,5.006193281210104,20
2012-05-02,5.092502069196647,20
2012-05-03,5.1516699637995345,20
2012-05-04,5.202855423587698,20
2012-05-07,5.260584667084665,20
2012-05-08,5.283214188706589,20
2012-05-09,5.1514722002156,20
2012-05-10,5.194491495563555,20
2012-05-11,5.137705295856611,20
2012-05-14,5.094697005182547,20
2012-05-15,5.0656690808861855,20
2012-05-16,4.986491935169516,20
2012-05-17,5.060332924480539,20
2012-05-18,4.995641280137504,20
2012-05-21,4.986621196526287,20
2012-05-22,5.077706491414999,20
2012-05-23,5.047456974312017,20
2012-05-24,5.025817530511201,20
2012-05-25,4.92695645863627,20
2012-05-28,4.97729652120233,20
2012-05-29,5.065253855491645,20
2012-05-30,5.096619426356849,20
2012-05-31,5.151127108303433,20
2012-06-01,5.159583532604934,20
2012-06-04,4.940632858227975,20
2012-06-05,4.925182113670724,20
2012-06-06,4.9285188348273214,20
2012-06-07,4.894295772895471,20
2012-06-08,4.875388926474696,20
2012-06-11,5.030295427762351,20
2012-06-12,5.051528741487549,20
2012-06-13,5.164078304947227,20
2012-06-14,5.122814447695453,20
2012-06-15,5.1563417120548065,20
2012-06-18,5.268683991168712,20
2012-06-19,5.259501690671193,20
2012-06-20,5.358595469614315,20
2012-06-21,5.221744022366015,20
2012-06-25,5.032823000255703,20
2012-06-26,5.030333100977534,20
2012-06-27,5.060151319547642,20
2012-06-28,5.062680780606818,20
2012-06-29,5.140032911559419,20
2012-07-02,5.20450668255836,20
2012-07-03,5.272441541761293,20
2012-07-04,5.20036077287764,20
2012-07-05,5.076125263324305,20
2012-07-06,5.161995917855485,20
2012-07-09,4.9942806003184685,20
2012-07-10,4.906841060502248,20
2012-07-11,4.892186570050535,20
2012-07-12,4.960308573517704,20
2012-07-13,4.802751399025217,20
2012-07-16,4.491683064180837,20
2012-07-17,4.551222442789672,20
2012-07-18,4.598635205345951,20
2012-07-19,4.692391189398047,20
2012-07-20,4.676876378948048,20
2012-07-23,4.611474504737227,20
2012-07-24,4.6910969267996725,20
2012-07-25,4.709326686271597,20
2012-07-26,4.629291087526285,20
2012-07-27,4.649088175149684,20
2012-07-30,4.511810224977233,20
2012-07-31,4.399668731820296,20
2012-08-01,4.492774278678007,20
2012-08-02,4.476428831411551,20
2012-08-03,4.619641034121473,20
2012-08-06,4.804801324820916,20
2012-08-07,4.841323975070051,20
2012-08-08,4.816050463335684,20
2012-08-09,4.92658475828139,20
2012-08-10,4.868216134899293,20
2012-08-13,4.7374382431695095,20
2012-08-14,4.786544279993008,20
2012-08-15,4.703107494013291,20
2012-08-16,4.683892192306125,20
2012-08-17,4.742370861397967,20
2012-08-20,4.753538935001725,20
2012-08-21,4.885642031287616,20
2012-08-22,4.895834929797043,20
2012-08-23,4.951020663231861,20
2012-08-24,4.834516929091174,20
2012-08-27,4.689698807345682,20
2012-08-28,4.7929951772251025,20
2012-08-29,4.81117247189424,20
2012-08-30,4.7150277934792895,20
2012-08-31,4.774259228501113,20
2012-09-03,4.85476586713044,20
2012-09-04,4.89890339459658,20
2012-09-05,4.98775913079129,20
2012-09-06,5.019449425002452,20
2012-09-07,5.150427138138688,20
2012-09-10,5.240448626441727,20
2012-09-11,5.174884898919902,20
2012-09-12,5.1799290125862205,20
2012-09-13,5.082148166573435,20
2012-09-14,5.087168337180017,20
2012-09-17,4.92636082920736,20
2012-09-18,4.9198330684066764,20
2012-09-19,4.974094229475238,20
2012-09-20,4.7732579595527165,20
2012-09-21,4.673036522343629,20
2012-09-24,4.710437848506714,20
2012-09-25,4.601039154946351,20
2012-09-26,4.465095781830209,20
2012-09-27,4.579177689391876,20
2012-09-28,4.672087521448492,20
2012-10-08,4.679804806457348,20
2012-10-09,4.840770672766385,20
2012-10-10,4.9202048765821225,20
2012-10-11,4.8016747276128156,20
2012-10-12,4.802467281383415,20
2012-10-15,4.677363205397743,20
2012-10-16,4.682840171009962,20
2012-10-17,4.711747795164324,20
2012-10-18,4.784958306742293,20
2012-10-19,4.795070212103216,20
2012-10-22,4.82236216045541,20
2012-10-23,4.759941188119398,20
2012-10-24,4.740732274455591,20
2012-10-25,4.748818120566645,20
2012-10-26,4.635049630541904,20
2012-10-29,4.64825883543162,20
2012-10-30,4.652394316828715,20
2012-10-31,4.666355466471847,20
2012-11-01,4.7692331768872345,20
2012-11-02,4.789822627717121,20
2012-11-05,4.754589545291935,20
2012-11-06,4.693931520156269,20
2012-11-07,4.751034803008002,20
2012-11-08,4.622608265884703,20
2012-11-09,4.605599010409599,20
2012-11-12,4.6886809081620555,20
2012-11-13,4.601739071194716,20
2012-11-14,4.653470803864097,20
2012-11-15,4.5054986718700665,20
2012-11-16,4.4530295214205,20
2012-11-19,4.486272762774212,20
2012-11-20,4.568937498814142,20
2012-11-21,4.626922188799943,20
2012-11-22,4.590747499014896,20
2012-11-23,4.585716669354078,20
2012-11-26,4.478375004471827,20
2012-11-27,4.305214687204706,20
2012-11-28,4.218791778334662,20
2012-11-29,4.137260911223992,20
2012-11-30,4.175167694137365,20
2012-12-03,4.021251074895613,20
2012-12-04,4.054781270416855,20
2012-12-05,4.210652579312468,20
2012-12-06,4.191676342515283,20
2012-12-07,4.29723066738995,20
2012-12-10,4.392413880415403,20
2012-12-11,4.339312786765666,20
2012-12-12,4.395476964703537,20
2012-12-13,4.289955923568935,20
2012-12-14,4.477223975855205,20
2012-12-17,4.493918524777492,20
2012-12-18,4.489135120461012,20
2012-12-19,4.533078551042436,20
2012-12-20,4.6585819085589515,20
2012-12-21,4.794379598121149,20
2012-12-24,4.851323968931875,20
2012-12-25,4.955245617801149,20
2012-12-26,5.176065202688449,20
2012-12-27,4.947629332632317,20
2012-12-28,5.083496514233291,20
2012-12-31,5.092123759647101,20
2013-01-04,5.135873935241978,20
2013-01-07,5.210237079093927,20
2013-01-08,5.2846395782007,20
2013-01-09,5.22393132658736,20
2013-01-10,5.287005796548808,20
2013-01-11,5.362785520247424,20
2013-01-14,5.616891264739074,20
2013-01-15,5.68089851964144,20
2013-01-16,5.605210877825815,20
2013-01-17,5.510491591952878,20
2013-01-18,5.539001872668297,20
2013-01-21,5.564621301210257,20
2013-01-22,5.331023205108786,20
2013-01-23,5.3747625246840816,20
2013-01-24,5.166435566383512,20
2013-01-25,5.178307389711572,20
2013-01-28,5.293669199531133,20
2013-01-29,5.3350512498744544,20
2013-01-30,5.277510657527221,20
2013-01-31,5.191801652915092,20
2013-02-01,5.230048155987479,20
2013-02-04,5.202792455263101,20
2013-02-05,5.301311648842645,20
2013-02-06,5.347598492189237,20
2013-02-07,5.394413646392784,20
2013-02-08,5.48150616061289,20
2013-02-18,5.5710896873528695,20
2013-02-19,5.461414595081297,20
2013-02-20,5.60798468595015,20
2013-02-21,5.529251472346623,20
2013-02-22,5.5186289359467,20
2013-02-25,5.5933881227623505,20
2013-02-26,5.580091747386045,20
2013-02-27,5.587317335989184,20
2013-02-28,5.709517118148476,20
2013-03-01,5.845610425855643,20
2013-03-04,5.662700469021289,20
2013-03-05,5.823460505720448,20
2013-03-06,5.981969719038996,20
2013-03-07,5.826009192228873,20
2013-03-08,5.7545781878061675,20
2013-03-11,5.78581748481886,20
2013-03-12,5.533985163553214,20
2013-03-13,5.499774932678012,20
2013-03-14,5.46846431443267,20
2013-03-15,5.491298689837801,20
2013-03-18,5.453702659882383,20
2013-03-19,5.481405711941909,20
2013-03-20,5.658693311841251,20
2013-03-21,5.709338683238228,20
2013-03-22,5.7255857491776325,20
2013-03-25,5.6878447654754005,20
2013-03-26,5.633969914712667,20
2013-03-27,5.64036518549819,20
2013-03-28,5.43202640433762,20
2013-03-29,5.426268137114395,20
2013-04-01,5.48112650091612,20
2013-04-02,5.39014662290838,20
2013-04-03,5.31991229631578,20
2013-04-08,5.329255011060391,20
2013-04-09,5.36844430901593,20
2013-04-10,5.34695425780434,20
2013-04-11,5.326906232349767,20
2013-04-12,5.300532237675377,20
2013-04-15,5.2253555049152665,20
2013-04-16,5.267358126889844,20
2013-04-17,5.346412994651445,20
2013-04-18,5.416117259144524,20
2013-04-19,5.560851146681036,20
2013-04-22,5.690102300088759,20
2013-04-23,5.569291309239139,20
2013-04-24,5.83058296469825,20
2013-04-25,5.7219318186811865,20
2013-04-26,5.619894271733094,20
2013-05-02,5.724434824695402,20
2013-05-03,5.8488700063265915,20
2013-05-06,6.015154342944163,20
2013-05-07,5.96586901369894,20
2013-05-08,6.080484115259557,20
2013-05-09,6.153289988275847,20
2013-05-10,6.1384296461685235,20
2013-05-13,6.226924775267883,20
2013-05-14,6.04034645116344,20
2013-05-15,6.143620111514297,20
2013-05-16,6.123300719555339,20
2013-05-17,6.191838984573428,20
2013-05-20,6.368633728906034,20
2013-05-21,6.506192452719966,20
2013-05-22,6.368918551967565,20
2013-05-23,6.341791060081512,20
2013-05-24,6.473092973394947,20
2013-05-27,6.524226097086393,20
2013-05-28,6.398872302626356,20
2013-05-29,6.475902124240332,20
2013-05-30,6.493083176291173,20
2013-05-31,6.49699762116968,20
2013-06-03,6.433081080148949,20
2013-06-04,6.2469119230215275,20
2013-06-05,6.306973948226974,20
2013-06-06,6.179609531919415,20
2013-06-07,6.1924079796434,20
2013-06-13,6.144314606145488,20
2013-06-14,6.296777241998697,20
2013-06-17,6.329513601845563,20
2013-06-18,6.357528967909029,20
2013-06-19,6.2969651629614285,20
2013-06-20,6.0495010321209675,20
2013-06-21,5.985796042861962,20
2013-06-24,5.740216522427716,20
2013-06-25,5.792181670154894,20
2013-06-26,6.02157754577542,20
2013-06-27,5.90587031302666,20
2013-06-28,5.848019189904647,20
2013-07-01,6.049242299672197,20
2013-07-02,6.192169324910523,20
2013-07-03,6.253317514113826,20
2013-07-04,6.303568114919618,20
2013-07-05,6.164663069407213,20
2013-07-08,5.8432120640656455,20
2013-07-09,5.901390240178179,20
2013-07-10,6.039106287941085,20
2013-07-11,6.1197703772978285,20
2013-07-12,6.148809040519346,20
2013-07-15,6.372437474898427,20
2013-07-16,6.468995544033426,20
2013-07-17,6.401996998990907,20
2013-07-18,6.470816020743379,20
2013-07-19,6.255249030183621,20
2013-07-22,6.461930723119209,20
2013-07-23,6.6342964325743985,20
2013-07-24,6.755861106233896,20
2013-07-25,6.484172713397768,20
2013-07-26,6.443445075333145,20
2013-07-29,6.318876312570646,20
2013-07-30,6.2728376930521295,20
2013-07-31,6.260951653663007,20
2013-08-01,6.531307218833613,20
2013-08-02,6.561294865651653,20
2013-08-05,6.735444765729744,20
2013-08-06,6.794782481303192,20
2013-08-07,6.728442061579098,20
2013-08-08,6.80489353748552,20
2013-08-09,6.808932984122538,20
2013-08-12,6.816338327086831,20
2013-08-13,6.863739262722408,20
2013-08-14,6.890553347822366,20
2013-08-15,6.7445020188523435,20
2013-08-16,6.549892831523611,20
2013-08-19,6.7083877628181074,20
2013-08-20,6.695572352258285,20
2013-08-21,6.749185387428967,20
2013-08-22,6.825217281505662,20
2013-08-23,6.759155926830732,20
2013-08-26,6.913813872694796,20
2013-08-27,6.96057903114243,20
2013-08-28,6.815372504150079,20
2013-08-29,6.806335443736962,20
2013-08-30,6.5818400888520525,20
2013-09-02,6.674112506183417,20
2013-09-03,6.796742838582405,19
2013-09-04,6.751274148592492,19
2013-09-05,6.808536703193998,19
2013-09-06,6.854005638488555,19
2013-09-09,6.84623159010682,19
2013-09-10,6.822819673766199,19
2013-09-11,6.718849385554927,19
2013-09-12,6.664133061765709,19
2013-09-13,6.787001318085806,19
2013-09-16,6.868554150560781,19
2013-09-17,6.70577601269587,19
2013-09-18,6.766125577863658,19
2013-09-23,6.916626104651638,19
2013-09-24,6.941945666979359,19
2013-09-25,6.93407665223582,19
2013-09-26,6.88977921296927,19
2013-09-27,6.916912378741592,19
2013-09-30,6.976978064315535,19
2013-10-08,7.117860221022456,19
2013-10-09,7.233286900535748,20
2013-10-10,7.223402948796622,20
2013-10-11,7.372862172721973,20
2013-10-14,7.597926980693398,20
2013-10-15,7.584805570996752,20
2013-10-16,7.40407117447194,20
2013-10-17,7.431110415243856,20
2013-10-18,7.577106632920969,20
2013-10-21,7.7999831574127985,20
2013-10-22,7.708359366860097,20
2013-10-23,7.422531646732356,20
2013-10-24,7.431332426854735,20
2013-10-25,7.238280497669001,20
2013-10-28,7.206423283960674,20
2013-10-29,6.971448206136526,20
2013-10-30,7.19737658075397,20
2013-10-31,7.127880151703358,20
2013-11-01,7.047297892572161,20
2013-11-04,7.108978005076884,19
2013-11-05,7.195251172989941,19
2013-11-06,7.116049129003853,19
2013-11-07,6.971112885881797,19
2013-11-08,6.859006443388407,19
2013-11-11,7.030595826862459,19
2013-11-12,7.07743487028655,19
2013-11-13,7.081886243605703,19
2013-11-14,7.374769236986489,19
2013-11-15,7.51164245780824,19
2013-11-18,7.641230844069483,19
2013-11-19,7.640382705520412,19
2013-11-20,7.687939381787068,19
2013-11-21,7.672164265415627,19
2013-11-22,7.682552865789344,19
2013-11-25,7.8965775158290885,19
2013-11-26,8.063943599315262,19
2013-11-27,8.200898200539093,19
2013-11-28,8.322730828513619,19
2013-11-29,8.536118868818068,19
2013-12-02,7.780578486616976,19
2013-12-03,7.867110995237124,20
2013-12-04,7.935864545991137,20
2013-12-05,7.960976076535145,20
2013-12-06,7.909820501393279,20
2013-12-09,8.11359182675473,20
2013-12-10,8.058884387048847,20
2013-12-11,8.08316959900578,20
2013-12-12,8.202660184203438,20
2013-12-13,8.216103930270199,20
2013-12-16,8.084967875549024,20
2013-12-17,7.95267167637914,20
2013-12-18,7.921984770395436,20
2013-12-19,7.934494488195902,20
2013-12-20,7.886698710420907,20
2013-12-23,7.91929398549288,20
2013-12-24,8.020827070492185,20
2013-12-25,8.35273765417368,20
2013-12-26,8.133400912049355,20
2013-12-27,8.331507952345818,20
2013-12-30,8.439114972450067,20
2013-12-31,8.323930731073167,20
2014-01-02,8.443743128054212,20
2014-01-03,8.450114399871875,19
2014-01-06,8.071098645507726,19
2014-01-07,8.243496447077566,19
2014-01-08,8.459749752603312,19
2014-01-09,8.31803911192339,19
2014-01-10,8.209333049174584,19
2014-01-13,8.202449089475552,19
2014-01-14,8.411381888123868,19
2014-01-15,8.453343786899374,19
2014-01-16,8.48956314937683,19
2014-01-17,8.430662751852726,19
2014-01-20,8.246156029781686,19
2014-01-21,8.388528979035145,19
2014-01-22,8.481416198220394,19
2014-01-23,8.572193904984578,19
2014-01-24,8.732662916170751,19
2014-01-27,8.764167439739442,19
2014-01-28,8.687461317887625,19
2014-01-29,8.875219128715734,19
2014-01-30,8.832547133032339,19
2014-02-07,8.966460306866821,19
2014-02-10,9.20583544437691,20
2014-02-11,9.14319373153268,20
2014-02-12,9.470082212068126,20
2014-02-13,9.249515808092625,20
2014-02-14,9.498326688077949,20
2014-02-17,9.775242451091358,20
2014-02-18,9.777992894212565,20
2014-02-19,9.746630728696143,20
2014-02-20,9.447841222310378,20
2014-02-21,9.426616242038408,20
2014-02-24,9.501360461465573,20
2014-02-25,8.949263969352714,20
2014-02-26,8.874965288516375,20
2014-02-27,8.626854806783639,20
2014-02-28,8.7454574973079,20
2014-03-03,8.880359598642475,20
2014-03-04,8.75296676703837,20
2014-03-05,8.855439807053365,20
2014-03-06,8.84838281448047,20
2014-03-07,8.816475625414942,20
2014-03-10,8.44315255055663,20
2014-03-11,8.47833050590559,20
2014-03-12,8.467893237544896,20
2014-03-13,8.63304155082241,20
2014-03-14,8.629157200162318,20
2014-03-17,8.783922371177788,20
2014-03-18,8.804056120100137,20
2014-03-19,8.740217081988686,20
2014-03-20,8.490545740657845,20
2014-03-21,8.596692339930776,20
2014-03-24,8.558373656687644,20
2014-03-25,8.494635703188786,20
2014-03-26,8.557471856743168,20
2014-03-27,8.29641289002698,20
2014-03-28,8.050123204586924,20
2014-03-31,7.879461654932946,20
2014-04-01,8.016113697364137,20
2014-04-02,7.975524234528706,20
2014-04-03,7.991483223874524,20
2014-04-04,8.098131863163452,20
2014-04-08,8.226943376732635,20
2014-04-09,8.331749480463268,20
2014-04-10,8.32339353649183,20
2014-04-11,8.234643160006513,20
2014-04-14,8.309643828604209,20
2014-04-15,8.250524137553091,20
2014-04-16,8.274075408628558,20
2014-04-17,8.34553037991746,20
2014-04-18,8.3676954610374,20
2014-04-21,8.295584453222695,20
2014-04-22,8.157182262609854,20
2014-04-23,8.173510961774149,20
2014-04-24,8.157958706583766,20
2014-04-25,8.015930248477446,20
2014-04-28,7.657284975741193,20
2014-04-29,7.772448028481007,20
2014-04-30,7.903695414140111,20
2014-05-05,8.00790539181209,20
2014-05-06,8.074872646054153,20
2014-05-07,7.970484653773954,20
2014-05-08,7.898191292316556,20
2014-05-09,7.769594436579875,20
2014-05-12,7.923767022508731,20
2014-05-13,7.908654803915102,20
2014-05-14,7.98553825864988,20
2014-05-15,7.92928507201679,20
2014-05-16,7.804007797883564,20
2014-05-19,7.77875023461321,20
2014-05-20,7.7866931817444405,20
2014-05-21,7.829420857347206,20
2014-05-22,7.844203713282784,20
2014-05-23,7.948347876461077,20
2014-05-26,8.103483077873332,20
2014-05-27,8.054415461173132,20
2014-05-28,8.188925874885967,20
2014-05-29,8.101316507750012,20
2014-05-30,8.10726483463798,20
2014-06-03,8.051352340002579,20
2014-06-04,7.999797150896914,20
2014-06-05,8.059856816228148,20
2014-06-06,8.06107422468602,20
2014-06-09,7.957767102907115,20
2014-06-10,8.089886962724892,20
2014-06-11,8.071056196161422,20
2014-06-12,8.04597216171848,20
2014-06-13,8.174893435780408,20
2014-06-16,8.361988017911765,20
2014-06-17,8.189858071170194,20
2014-06-18,8.104583410411085,20
2014-06-19,7.80652863690461,20
2014-06-20,7.927661308034154,20
2014-06-23,8.139568222028233,20
2014-06-24,8.182616825635984,20
2014-06-25,8.325001002538219,20
2014-06-26,8.589266010004918,20
2014-06-27,8.617818462574123,20
2014-06-30,8.661183171882081,20
2014-07-01,8.648536705828258,20
2014-07-02,8.57520880826384,20
2014-07-03,8.62058389633395,20
2014-07-04,8.68175653193905,20
2014-07-07,8.66494113548382,20
2014-07-08,8.692725741767806,20
2014-07-09,8.44306500284191,20
2014-07-10,8.433491033315427,20
2014-07-11,8.460313711766927,20
2014-07-14,8.594989393068428,20
2014-07-15,8.463022012367352,20
2014-07-16,8.348474208408158,20
2014-07-17,8.321182000696094,20
2014-07-18,8.316943046817824,20
2014-07-21,8.307749802644636,20
2014-07-22,8.4194036618087,20
2014-07-23,8.230197865619978,20
2014-07-24,8.209696293035151,20
2014-07-25,8.238554954875365,20
2014-07-28,8.408315081429185,20
2014-07-29,8.484433574862445,20
2014-07-30,8.525750859079313,20
2014-07-31,8.547302024629547,20
2014-08-01,8.442635500852358,20
2014-08-04,8.533339825900024,20
2014-08-05,8.66598811502631,20
2014-08-06,8.691052627741941,20
2014-08-07,8.699788165158587,20
2014-08-08,8.839524466064844,20
2014-08-11,9.048255086101369,20
2014-08-12,9.021758238296012,20
2014-08-13,8.915118248497162,20
2014-08-14,8.908840224573153,20
2014-08-15,9.048547576318766,20
2014-08-18,9.243279968122843,20
2014-08-19,9.287735638336253,20
2014-08-20,9.37354921551995,20
2014-08-21,9.4698270956361,20
2014-08-22,9.57823333289587,20
2014-08-25,9.440791859102957,20
2014-08-26,9.231260474755954,20
2014-08-27,9.301285206538886,20
2014-08-28,9.192840071641598,20
2014-08-29,9.315288515265557,20
2014-09-01,9.483313817445419,20
2014-09-02,9.675362199683288,20
2014-09-03,9.92149613973875,20
2014-09-04,10.086067494752731,20
2014-09-05,10.085654523532066,20
2014-09-09,10.143939736659863,20
2014-09-10,10.306910045184308,20
2014-09-11,10.233999870516692,20
2014-09-12,10.449277965730072,20
2014-09-15,10.657338735370528,20
2014-09-16,10.219980554221737,20
2014-09-17,10.277534926256772,20
2014-09-18,10.35245128957654,20
2014-09-19,10.44571379402105,20
2014-09-22,10.234097477098018,20
2014-09-23,10.447655905924405,20
2014-09-24,10.550691249157323,20
2014-09-25,10.509400674298798,20
2014-09-26,10.579429321199209,20
2014-09-29,10.685358840285025,20
2014-09-30,10.743293262870088,20
2014-10-08,10.957323232979086,20
2014-10-09,10.931302165600995,19
2014-10-10,10.90738635837336,19
2014-10-13,11.067690056503542,19
2014-10-14,11.008475076796397,19
2014-10-15,11.160326925807842,19
2014-10-16,11.023780081225484,19
2014-10-17,11.303996876725273,19
2014-10-20,11.373780369491461,19
2014-10-21,11.49443992754127,19
2014-10-22,11.306988857622366,19
2014-10-23,11.02010689827283,19
2014-10-24,10.907182876992348,19
2014-10-27,10.969093587270203,19
2014-10-28,11.29280495470138,19
2014-10-29,11.429895995108739,19
2014-10-30,11.425761312509874,19
2014-10-31,11.311150208488245,19
2014-11-03,11.464655949755919,19
2014-11-04,11.310278148584851,20
2014-11-05,11.26059813905507,20
2014-11-06,11.526972549249388,20
2014-11-07,11.552514394823465,20
2014-11-10,11.766516891688605,20
2014-11-11,11.560216040346589,20
2014-11-12,11.820496720204014,20
2014-11-13,11.413962833691093,20
2014-11-14,11.071496503066243,20
2014-11-17,11.26919424688249,20
2014-11-18,11.290899091519092,20
2014-11-19,11.471696622682654,20
2014-11-20,11.378371894572593,20
2014-11-21,11.503548596518696,20
2014-11-24,11.609838734068918,20
2014-11-25,11.886770115056935,20
2014-11-26,12.154774330666358,20
2014-11-27,12.256399251345963,20
2014-11-28,12.458750330640264,20
2014-12-01,12.460754205562454,20
2014-12-02,12.580214995909383,20
2014-12-03,12.60051315265286,20
2014-12-04,12.749277496940353,20
2014-12-05,12.2243211708235,20
2014-12-08,11.9729152781618,20
2014-12-09,11.392476529495168,20
2014-12-10,11.784047496694669,20
2014-12-11,12.053717691564636,20
2014-12-12,12.354052074108179,20
2014-12-15,12.681469773206215,20
2014-12-16,12.555217322573931,20
2014-12-17,12.431122877473852,20
2014-12-18,12.344201013800541,20
2014-12-19,12.020546735365972,20
2014-12-22,11.325668029372704,20
2014-12-23,11.373518162266784,20
2014-12-24,11.785619786754456,20
2014-12-25,11.987458530087247,20
2014-12-26,11.979474116727125,20
2014-12-29,11.574909588091215,20
2014-12-30,11.37140765010868,20
2014-12-31,11.641418512156099,20
2015-01-05,11.562636541940538,20
2015-01-06,12.065854158308456,20
2015-01-07,11.915076368692459,20
2015-01-08,11.962134674857925,20
2015-01-09,11.89946838316675,20
2015-01-12,11.939346937963942,20
2015-01-13,12.313861930780897,20
2015-01-14,12.213905544894212,20
2015-01-15,12.090689025998364,20
2015-01-16,12.390576263320936,20
2015-01-19,12.348111995795959,20
2015-01-20,12.900628531495217,20
2015-01-21,13.175751243992229,20
2015-01-22,13.396818024025698,20
2015-01-23,13.003487569212416,20
2015-01-26,13.2366191050924,20
2015-01-27,13.323316078496294,20
2015-01-28,13.448350913915744,20
2015-01-29,13.304177340862514,20
2015-01-30,13.108929477266384,20
2015-02-02,13.229887952107726,20
2015-02-03,13.474373487288506,20
2015-02-04,13.502919255488626,20
2015-02-05,13.640343610999377,20
2015-02-06,13.197046810203744,20
2015-02-09,13.077615389376625,20
2015-02-10,13.246384346060985,20
2015-02-11,13.309442210538625,20
2015-02-12,13.398651404150645,20
2015-02-13,13.7092739553131,20
2015-02-16,14.100872056495078,20
2015-02-17,14.21648887391477,20
2015-02-25,14.056359702766548,20
2015-02-26,14.10023527315927,20
2015-02-27,14.252856474878673,20
2015-03-02,14.534445389598803,20
2015-03-03,14.28453513980076,20
2015-03-04,14.59078211532551,20
2015-03-05,14.71698985991828,20
2015-03-06,14.404135089613282,20
2015-03-09,14.601120066856147,20
2015-03-10,14.746432123543489,20
2015-03-11,14.7025058882307,20
2015-03-12,14.62434754127206,20
2015-03-13,14.909272335408938,20
2015-03-16,15.4312512666326,20
2015-03-17,15.724725355175337,20
2015-03-18,16.07946872259172,20
2015-03-19,16.073893179505948,20
2015-03-20,16.342143192957693,20
2015-03-23,17.020649053179067,20
2015-03-24,17.074777643779132,20
2015-03-25,17.4062551519799,20
2015-03-26,16.881071198775857,20
2015-03-27,16.976673710901256,20
2015-03-30,17.05482378972514,20
2015-03-31,17.38068140486345,20
2015-04-01,18.079168371914513,20
2015-04-02,18.606112563268745,20
2015-04-03,19.088012087983266,20
2015-04-07,19.620445278981066,20
2015-04-08,19.27480278416412,20
2015-04-09,19.03477398086139,20
2015-04-10,19.80418269623109,20
2015-04-13,20.571134968799246,20
2015-04-14,20.520350014530493,20
2015-04-15,19.322156800489555,20
2015-04-16,19.47801550224962,20
2015-04-17,19.31768471327549,20
2015-04-20,18.489394744454945,20
2015-04-21,19.38033285844609,20
2015-04-22,19.987850856786807,20
2015-04-23,20.233060929564605,20
2015-04-24,20.21769220446559,20
2015-04-27,20.177053409278297,20
2015-04-28,19.398055958714384,20
2015-04-29,19.892850097621572,20
2015-04-30,19.83170813321252,20
2015-05-04,19.81661489705026,20
2015-05-05,19.35032550538086,20
2015-05-06,19.16454520482077,20
2015-05-07,18.733754886523506,20
2015-05-08,19.66980814332717,20
2015-05-11,20.601812942943454,20
2015-05-12,20.94078094361193,20
2015-05-13,21.002170473645695,20
2015-05-14,21.44806099736039,20
2015-05-15,21.073007810000682,20
2015-05-18,21.799974782442657,20
2015-05-19,22.324775722504913,20
2015-05-20,22.90251977502811,20
2015-05-21,24.008272680155887,20
2015-05-22,24.112481557307603,20
2015-05-25,24.451076475230497,20
2015-05-26,25.81897318670705,20
2015-05-27,26.701281669088832,20
2015-05-28,25.403893644865224,20
2015-05-29,25.593606420953872,20
2015-06-01,26.641968150177657,20
2015-06-02,26.943406956591488,16
2015-06-03,27.070256032566988,16
2015-06-04,26.609924783933195,16
2015-06-05,27.33995626926561,16
2015-06-08,27.220141426318673,16
2015-06-09,27.10426387863434,16
2015-06-10,27.799606227741823,16
2015-06-11,28.377424452092434,16
2015-06-12,28.730878150900075,16
2015-06-15,27.846302564413698,16
2015-06-16,26.62928266195428,16
2015-06-17,27.46909258869016,16
2015-06-18,26.42626548093364,16
2015-06-19,24.342045000656753,16
2015-06-23,25.022777381228995,16
2015-06-24,25.701666907428557,16
2015-06-25,24.389042748995394,16
2015-06-26,22.090490559923268,16
2015-06-29,20.579036119026984,16
2015-06-30,22.1061164681101,16
2015-07-01,20.998788319102,16
2015-07-02,19.992575540787076,20
2015-07-03,19.14352389753219,20
2015-07-06,18.42962309846661,20
2015-07-07,16.58691271751841,20
2015-07-08,15.617831763863977,20
2015-07-09,17.179611882828592,20
2015-07-10,18.89726865261383,20
2015-07-13,20.769919424306607,20
2015-07-14,21.41322049934165,20
2015-07-15,20.110183769703063,20
2015-07-16,20.64436387094681,20
2015-07-17,22.139053026406092,20
2015-07-20,22.506827663363534,20
2015-07-21,23.028312048958988,20
2015-07-22,23.273523018518226,20
2015-07-23,24.487751201193557,20
2015-07-24,23.68215459525079,20
2015-07-27,21.386790159408672,20
2015-07-28,20.530242314962983,20
2015-07-29,21.928263571157146,20
2015-07-30,21.464313805310567,20
2015-07-31,21.04062097927087,20
2015-08-03,19.710115702389135,20
2015-08-04,21.35809362783293,19
2015-08-05,21.52590723907435,19
2015-08-06,21.666562255030133,19
2015-08-07,22.519483086338383,19
2015-08-10,23.78445771739077,19
2015-08-11,23.900750194833712,19
2015-08-12,23.373215093062996,19
2015-08-13,24.218433707166277,19
2015-08-14,24.373080980260482,19
2015-08-17,24.163786669624674,19
2015-08-18,22.266758560336143,19
2015-08-19,23.19015744506184,19
2015-08-20,22.044397203518486,19
2015-08-21,20.795729238217664,19
2015-08-24,18.73649203316883,19
2015-08-25,17.069441917229522,19
2015-08-26,16.491619951641287,19
2015-08-27,17.213819938672486,19
2015-08-28,18.436368247932627,19
2015-08-31,17.10900178319927,19
2015-09-01,15.652965475552433,19
2015-09-02,14.88587510646804,20
2015-09-07,15.27330072925306,20
2015-09-08,16.40778728746848,20
2015-09-09,17.19565839382933,20
2015-09-10,16.705552716847322,20
2015-09-11,16.933530616030836,20
2015-09-14,15.253709428841333,20
2015-09-15,14.30030417828288,20
2015-09-16,15.676691500186086,20
2015-09-17,15.45904969669256,20
2015-09-18,15.852610745223418,20
2015-09-21,16.651540962612852,20
2015-09-22,16.978756147752453,20
2015-09-23,16.933205260275024,20
2015-09-24,17.257495065093373,20
2015-09-25,16.291856323938884,20
2015-09-28,17.129239097987536,20
2015-09-29,16.983246251654847,20
2015-09-30,16.953085628116153,20
2015-10-08,17.843963920211174,20
2015-10-09,18.06479163840426,20
2015-10-12,18.981493710824836,20
2015-10-13,19.34398467129966,20
2015-10-14,19.136017606802557,20
2015-10-15,20.078692790947546,20
2015-10-16,20.177488458522294,20
2015-10-19,19.976261719539327,20
2015-10-20,20.58339687700246,20
2015-10-21,19.101778071070083,20
2015-10-22,20.18481248431973,20
2015-10-23,20.995907841176326,20
2015-10-26,21.440313248221962,20
2015-10-27,21.719192833779587,20
2015-10-28,21.34186129422211,20
2015-10-29,21.69669131467987,20
2015-10-30,21.991102376960313,20
2015-11-02,22.431104286484622,20
2015-11-03,23.07756087686155,20
2015-11-04,24.23835520681289,20
2015-11-05,23.992893403586812,20
2015-11-06,25.173392347430827,20
2015-11-09,26.058993772032988,20
2015-11-10,26.02633961852429,20
2015-11-11,27.393911056873517,20
2015-11-12,28.51157796510372,20
2015-11-13,26.838744426452173,20
2015-11-16,27.350336136275995,20
2015-11-17,26.74897212186353,20
2015-11-18,25.805006299752353,20
2015-11-19,27.191633483148976,20
2015-11-20,27.44374036311203,20
2015-11-23,27.25712663173726,20
2015-11-24,28.801430910339935,20
2015-11-25,29.39057106093856,20
2015-11-26,28.86224320900347,20
2015-11-27,27.26941112789904,20
2015-11-30,28.62194148629687,20
2015-12-01,28.201442113326472,20
2015-12-02,27.688881075552526,20
2015-12-03,28.633832115495306,20
2015-12-04,28.4994963698531,20
2015-12-07,28.843232324940637,20
2015-12-08,28.397961255411595,20
2015-12-09,27.998642310551404,20
2015-12-10,27.68944937494132,20
2015-12-11,27.36025846739142,20
2015-12-14,27.99503601291595,20
2015-12-15,28.345399404944565,20
2015-12-16,28.483921907232407,20
2015-12-17,29.644860956419972,20
2015-12-18,29.334244383285377,20
2015-12-21,29.6033813970684,20
2015-12-22,29.95973879127008,20
2015-12-23,29.74906279154721,20
2015-12-24,30.025549254889334,20
2015-12-25,30.266732837251933,20
2015-12-28,29.486222618927588,20
2015-12-29,30.02431927591155,20
2015-12-30,30.521378400618467,20
2015-12-31,29.867106103847007,20
2016-01-04,27.119191140503723,20
2016-01-05,26.900627263964328,20
2016-01-06,27.57221267226879,20
2016-01-07,24.910371428365085,20
2016-01-08,25.36434470959863,20
2016-01-11,23.580604009473795,20
2016-01-12,23.723635947827898,20
2016-01-13,22.756402356101848,20
2016-01-14,23.990397786917224,20
2016-01-15,22.92565802028886,20
2016-01-18,23.42631270187626,20
2016-01-19,24.257132000762287,20
2016-01-20,24.02082342159667,20
2016-01-21,22.706261487932313,20
2016-01-22,23.160886116542464,20
2016-01-25,23.408445453077753,20
2016-01-26,21.36610283693454,20
2016-01-27,21.665977042682492,20
2016-01-28,20.722712027072763,20
2016-01-29,21.65740739710789,20
2016-02-01,21.5269540745642,20
2016-02-02,22.473195021265195,20
2016-02-03,22.540109229195764,20
2016-02-04,23.21319731536416,20
2016-02-05,22.89658445244261,20
2016-02-15,22.929555309844535,20
2016-02-16,24.118880356569896,20
2016-02-17,24.6050932654565,20
2016-02-18,24.896880268288978,20
2016-02-19,24.96407141323275,20
2016-02-22,25.555269206190406,20
2016-02-23,25.279286256911213,20
2016-02-24,24.938515851129715,20
2016-02-25,22.73328396728365,20
2016-02-26,22.5700875417047,20
2016-02-29,20.843682240126615,20
2016-03-01,21.58797178395276,20
2016-03-02,22.70801579814139,20
2016-03-03,22.612866590183316,20
2016-03-04,21.468116169453697,20
2016-03-07,22.09774541900976,20
2016-03-08,22.42083437530019,20
2016-03-09,21.911401959986385,20
2016-03-10,21.52810488230888,20
2016-03-11,21.80867010549551,20
2016-03-14,22.836306152212202,20
2016-03-15,22.66220365409229,20
2016-03-16,22.28215340637147,20
2016-03-17,23.414158856831573,20
2016-03-18,24.446747232927883,20
2016-03-21,25.2497288380286,20
2016-03-22,25.181960868812812,20
2016-03-23,25.626174947631014,20
2016-03-24,25.746520512354767,20
2016-03-25,25.913748217717654,20
2016-03-28,25.601602303239655,20
2016-03-29,24.7507357496137,20
2016-03-30,26.114744951769662,20
2016-03-31,26.47929090232024,20
2016-04-01,26.37221661162563,20
2016-04-05,27.22493664781757,20
2016-04-06,27.64992936087989,20
2016-04-07,27.23425004495013,20
2016-04-08,26.950084195653137,20
2016-04-11,28.15914201054413,20
2016-04-12,27.852312350543006,20
2016-04-13,28.372005802485784,20
2016-04-14,28.750104659381506,20
2016-04-15,28.69316868286569,20
2016-04-18,27.994971188795716,20
2016-04-19,28.200751977177283,20
2016-04-20,26.556925761549863,20
2016-04-21,26.079621867270394,20
2016-04-22,26.45899726599027,20
2016-04-25,26.18085835532501,20
2016-04-26,26.653553658021057,20
2016-04-27,26.546106987075593,20
2016-04-28,26.609231073640437,20
2016-04-29,26.702827713440186,20
2016-05-03,27.553990672797624,20
2016-05-04,27.553255799678453,20
2016-05-05,27.691109412736512,20
2016-05-06,26.48755362041618,20
2016-05-09,25.702910805091715,20
2016-05-10,25.733120857354972,20
2016-05-11,25.792918668667934,20
2016-05-12,25.940068633682937,20
2016-05-13,26.01865434619088,20
2016-05-16,26.535290014146728,20
2016-05-17,26.35357486707023,20
2016-05-18,25.659874897406866,20
2016-05-19,25.675319685418682,20
2016-05-20,25.991152776908965,20
2016-05-23,26.342903307353428,20
2016-05-24,25.98000050663452,20
2016-05-25,26.057765590757256,20
2016-05-26,25.990024596935143,20
2016-05-27,26.064533460886064,20
2016-05-30,26.014376108354046,20
2016-05-31,27.13052916344028,20
2016-06-01,27.213940547569358,20
2016-06-02,27.55085074839011,19
2016-06-03,27.828503425449327,19
2016-06-06,28.166456327502917,19
2016-06-07,28.38992048005397,19
2016-06-08,28.242189612713883,19
2016-06-13,26.82017498273683,19
2016-06-14,26.970864663317407,19
2016-06-15,28.248578448312006,19
2016-06-16,28.167189606097924,19
2016-06-17,28.532258565202508,19
2016-06-20,29.104732296753788,19
2016-06-21,28.683639074105418,19
2016-06-22,29.15714056945691,19
2016-06-23,28.88299372160251,19
2016-06-24,28.711294417769185,19
2016-06-27,29.46254947503142,19
2016-06-28,29.75401629472379,19
2016-06-29,29.822468403087065,19
2016-06-30,29.599497356552973,19
2016-07-01,29.523454097997465,19
2016-07-04,30.34082644702856,20
2016-07-05,30.549663877590753,20
2016-07-06,30.779510566273565,20
2016-07-07,30.81681089969807,20
2016-07-08,30.662679297229452,20
2016-07-11,30.32357498791531,20
2016-07-12,30.801058245200597,20
2016-07-13,30.944824611898646,20
2016-07-14,30.97037019565109,20
2016-07-15,30.784701240905044,20
2016-07-18,30.524007162086654,20
2016-07-19,30.725306503140445,20
2016-07-20,30.801468661036033,20
2016-07-21,30.56680787320522,20
2016-07-22,30.10094731821718,20
2016-07-25,30.06805473330747,20
2016-07-26,30.51032186884182,20
2016-07-27,29.000255006004146,20
2016-07-28,29.069543207122305,20
2016-07-29,29.23499616958974,20
2016-08-01,28.822642929698006,20
2016-08-02,29.048666831945955,20
2016-08-03,29.208585217073914,20
2016-08-04,29.46154504671073,20
2016-08-05,29.159482415132107,20
2016-08-08,29.50790436071305,20
2016-08-09,29.649721621478903,20
2016-08-10,29.523200143972904,20
2016-08-11,28.93388098196479,20
2016-08-12,29.240992918426805,20
2016-08-15,30.211418754904138,20
2016-08-16,30.395051634229716,20
2016-08-17,30.55756670539437,20
2016-08-18,30.397373252916033,20
2016-08-19,30.384828437172118,20
2016-08-22,29.91185756293952,20
2016-08-23,30.005570332099026,20
2016-08-24,30.096182990976335,20
2016-08-25,29.877613731553257,20
2016-08-26,29.931307325669337,20
2016-08-29,30.068143949845833,20
2016-08-30,30.16180671882608,20
2016-08-31,30.089970268214376,20
2016-09-01,29.89292116685579,20
2016-09-02,29.978808155475928,20
2016-09-05,30.058324524934353,20
2016-09-06,30.800137976332195,20
2016-09-07,30.710372199053253,20
2016-09-08,30.993676850959748,20
2016-09-09,30.660210712778497,20
2016-09-12,29.755465977929507,20
2016-09-13,29.954703837698226,20
2016-09-14,29.76690304117709,20
2016-09-19,30.199321072019835,20
2016-09-20,30.1267497718733,20
2016-09-21,30.200909980539947,20
2016-09-22,30.347492643185447,20
2016-09-23,30.23527050614414,20
2016-09-26,29.456825972893515,20
2016-09-27,29.83369610592284,20
2016-09-28,30.014356612738403,20
2016-09-29,30.20070048539994,20
2016-09-30,30.233006858207617,20
2016-10-10,30.877163609626756,20
2016-10-11,30.90159441933118,19
2016-10-12,31.144808036879898,19
2016-10-13,31.09660045011129,19
2016-10-14,31.128358057471537,19
2016-10-17,30.846584691892,19
2016-10-18,31.61813660989576,19
2016-10-19,31.49182008098654,19
2016-10-20,31.702152966914397,19
2016-10-21,31.325639911945213,19
2016-10-24,31.558153083124836,19
2016-10-25,31.57308416623229,19
2016-10-26,31.302353131787925,19
2016-10-27,31.50252920592812,19
2016-10-28,31.20419254895488,19
2016-10-31,31.38830029867369,19
2016-11-01,31.943589484711218,19
2016-11-02,32.08929430492094,20
2016-11-03,32.20659182909713,20
2016-11-04,32.3090646051195,20
2016-11-07,32.15348199116517,20
2016-11-08,32.30249602459822,20
2016-11-09,31.963142058150694,20
2016-11-10,32.82354776563702,20
2016-11-11,33.04654476265867,20
2016-11-14,33.09214022150843,20
2016-11-15,33.2041013720523,20
2016-11-16,33.17254640672998,20
2016-11-17,32.84626822770826,20
2016-11-18,32.88881195671136,20
2016-11-21,33.257553632576936,20
2016-11-22,33.656190884318136,20
2016-11-23,33.149731898607165,20
2016-11-24,32.7078610211219,20
2016-11-25,32.58983805006102,20
2016-11-28,32.3479455989471,20
2016-11-29,32.10452780041129,20
2016-11-30,32.224551048069166,20
2016-12-01,32.3772161314137,20
2016-12-02,31.739698640349665,20
2016-12-05,31.867676369224416,20
2016-12-06,31.938032703008908,20
2016-12-07,32.31086761594595,20
2016-12-08,32.317440827728866,20
2016-12-09,32.02983111043373,20
2016-12-12,30.089456255906153,20
2016-12-13,30.159626974155703,20
2016-12-14,29.900714118502094,20
2016-12-15,30.257242229162795,20
2016-12-16,30.709411387035882,20
2016-12-19,30.827668684029955,20
2016-12-20,30.718953812706452,20
2016-12-21,30.955756133366883,20
2016-12-22,30.85101452819935,20
2016-12-23,30.362935115942577,20
2016-12-26,30.603005096617327,20
2016-12-27,30.577272043349705,20
2016-12-28,30.55043487873941,20
2016-12-29,30.349744644420106,20
2016-12-30,30.50251646056287,20
2017-01-03,30.639794725885398,20
2017-01-04,31.193056791397176,20
2017-01-05,30.974688263952263,20
2017-01-06,30.822852056070857,20
2017-01-09,30.955661822891894,20
2017-01-10,30.870521984196568,20
2017-01-11,30.465412493852032,20
2017-01-12,30.18915335288153,20
2017-01-13,29.61013645031378,20
2017-01-16,28.401134731090718,20
2017-01-17,28.83225522002879,20
2017-01-18,28.630503998263467,20
2017-01-19,28.551268854375774,20
2017-01-20,29.03314129407226,20
2017-01-23,29.37671405912711,20
2017-01-24,29.180069217535284,20
2017-01-25,29.30526907208961,20
2017-01-26,29.51300279499515,20
2017-02-03,29.366732475628726,20
2017-02-06,29.746709515451997,20
2017-02-07,29.756754315768177,20
2017-02-08,29.991489262663148,20
2017-02-09,30.531433503527893,20
2017-02-10,30.313974647448532,20
2017-02-13,30.587532101180948,20
2017-02-14,30.537014174046654,20
2017-02-15,30.300605500743007,20
2017-02-16,30.368846002284233,20
2017-02-17,30.035059529737453,20
2017-02-20,30.391892833665036,20
2017-02-21,30.779667275488404,20
2017-02-22,30.855194656412635,20
2017-02-23,30.982109245875204,20
2017-02-24,31.038943356380145,20
2017-02-27,30.806006164184257,20
2017-02-28,30.920998929695497,20
2017-03-01,31.11647232872498,20
2017-03-02,31.06739235896661,20
2017-03-03,31.547802060851424,20
2017-03-06,32.002914158819785,20
2017-03-07,32.118827370520926,20
2017-03-08,31.89729858749967,20
2017-03-09,31.822722669063598,20
2017-03-10,32.237580815604346,20
2017-03-13,32.456372080052205,20
2017-03-14,32.302830971730835,20
2017-03-15,32.25318671463405,20
2017-03-16,32.691474809889876,20
2017-03-17,32.31718780439138,20
2017-03-20,32.526242904242736,20
2017-03-21,32.60257944004901,20
2017-03-22,32.45429199685791,20
2017-03-23,32.43822401164497,20
2017-03-24,32.42059020806686,20
2017-03-27,32.463539090201294,20
2017-03-28,32.32054179622882,20
2017-03-29,31.779399782380825,20
2017-03-30,31.045485045881453,20
2017-03-31,31.350924128919342,20
2017-04-05,32.030463651125324,20
2017-04-06,32.24844815788397,20
2017-04-07,32.150667500106955,20
2017-04-10,31.21919444489242,20
2017-04-11,31.315561989385095,20
2017-04-12,31.183521452305442,20
2017-04-13,31.463559965729093,20
2017-04-14,30.99005425457148,20
2017-04-17,30.56833349394455,20
2017-04-18,30.44355769480547,20
2017-04-19,30.31359525443819,20
2017-04-20,30.318098738740485,20
2017-04-21,30.004746322334153,20
2017-04-24,29.17657767039965,20
2017-04-25,29.1246069207443,20
2017-04-26,29.01451784826525,20
2017-04-27,29.109949229365277,20
2017-04-28,29.28425410797931,20
2017-05-02,29.12548259874198,20
2017-05-03,29.11834981992725,20
2017-05-04,29.134729201844603,20
2017-05-05,28.769764775240386,20
2017-05-08,28.142289974244495,20
2017-05-09,28.282299792809816,20
2017-05-10,27.658541268685394,20
2017-05-11,27.61511231960193,20
2017-05-12,27.564299966546958,20
2017-05-15,27.551439459019452,20
2017-05-16,28.30591412806319,20
2017-05-17,28.37053811341567,20
2017-05-18,28.216669674650348,20
2017-05-19,28.081511803070093,20
2017-05-22,27.472830699816512,20
2017-05-23,26.753921499410627,20
2017-05-24,26.872823122037286,20
2017-05-25,27.068396376996642,20
2017-05-26,27.24505222249143,20
2017-05-31,27.26648755733945,20
2017-06-01,26.563941230166492,20
2017-06-02,27.032257345670686,20
2017-06-05,27.454797636292632,20
2017-06-06,27.7819343447045,20
2017-06-07,28.677115702091896,20
2017-06-08,28.554702073243405,20
2017-06-09,28.515288012676187,20
2017-06-12,27.85750341501012,20
2017-06-13,28.543758520615295,20
2017-06-14,28.7526020420629,20
2017-06-15,29.21766344850761,20
2017-06-16,28.990382353798836,20
2017-06-19,29.185773646681366,20
2017-06-20,29.138890114321814,20
2017-06-21,29.104139278337296,20
2017-06-22,28.65227546227721,20
2017-06-23,28.680130411490367,20
2017-06-26,29.00217335401276,20
2017-06-27,28.99499792464102,20
2017-06-28,28.650838514143874,20
2017-06-29,28.91286684900934,20
2017-06-30,29.371092340405582,20
2017-07-03,29.593997272778097,20
2017-07-04,29.42319793803235,20
2017-07-05,29.89093868028292,20
2017-07-06,29.79864841420959,20
2017-07-07,30.561485647404428,20
2017-07-10,29.796581574428874,20
2017-07-11,28.84716301964393,20
2017-07-12,29.261052665493246,20
2017-07-13,28.828386248543023,20
2017-07-14,28.356493066335908,20
2017-07-17,26.319005830399014,20
2017-07-18,26.576928485185164,20
2017-07-19,26.755596477521145,20
2017-07-20,26.55833085730589,20
2017-07-21,26.46465399770945,20
2017-07-24,26.720167042242238,20
2017-07-25,26.65419048952137,20
2017-07-26,26.638090254449466,20
2017-07-27,27.371197524601254,20
2017-07-28,27.125945631294424,20
2017-07-31,27.18950219327135,20
2017-08-01,27.19484317193978,20
2017-08-02,26.612493383730975,20
2017-08-03,26.82231776019442,20
2017-08-04,26.560836190335685,20
2017-08-07,26.822261461298325,20
2017-08-08,26.86419417976781,20
2017-08-09,26.88644885060971,20
2017-08-10,26.658597457172373,20
2017-08-11,26.391840776222804,20
2017-08-14,26.958965850411488,20
2017-08-15,27.309421562055594,20
2017-08-16,27.861548804555692,20
2017-08-17,27.980789973305342,20
2017-08-18,27.569330520595862,20
2017-08-21,27.886044777351884,20
2017-08-22,27.839044206277357,20
2017-08-23,27.791095064262052,20
2017-08-24,27.614131225243312,20
2017-08-25,28.102893696707774,20
2017-08-28,28.8952247485157,20
2017-08-29,29.004209651507306,20
2017-08-30,28.761694116228078,20
2017-08-31,29.42366194321484,20
2017-09-01,29.419644865950616,20
2017-09-04,29.44497541530196,20
2017-09-05,29.336949311910498,20
2017-09-06,29.67089578743902,20
2017-09-07,29.71525638736791,20
2017-09-08,29.72097784545906,20
2017-09-11,30.1496483204879,20
2017-09-12,29.61911510834989,20
2017-09-13,29.809797452166602,20
2017-09-14,29.75068911776255,20
2017-09-15,29.52362096325309,20
2017-09-18,29.640569415783748,20
2017-09-19,29.98792557272642,20
2017-09-20,30.278887445195945,20
2017-09-21,30.05396989345185,20
2017-09-22,30.247754570688706,20
2017-09-25,30.015430414643347,20
2017-09-26,29.71364422532723,20
2017-09-27,30.098721583016683,20
2017-09-28,29.90328226847283,20
2017-09-29,30.18117116418622,20
2017-10-09,30.42269836337938,20
2017-10-10,30.963238508017927,20
2017-10-11,30.767308047810367,20
2017-10-12,30.692330348836787,20
2017-10-13,31.240311529106844,20
2017-10-16,30.157074171188583,20
2017-10-17,30.466959391761662,20
2017-10-18,29.96394312841486,20
2017-10-19,29.711964684814564,20
2017-10-20,30.00451968430838,20
2017-10-23,30.2347251554781,20
2017-10-24,29.919427941143347,20
2017-10-25,30.534473562826864,20
2017-10-26,30.603016116611556,20
2017-10-27,30.721455586981783,20
2017-10-30,29.843059462154407,20
2017-10-31,30.29698720288962,20
2017-11-01,30.50180878979758,20
2017-11-02,30.16506417441451,20
2017-11-03,29.787992907412868,20
2017-11-06,30.151975282143148,20
2017-11-07,30.07378604989658,20
2017-11-08,30.094371473729083,20
2017-11-09,30.16565796154917,20
2017-11-10,30.406663278973,20
2017-11-13,30.812837239404576,20
2017-11-14,30.37328657638811,20
2017-11-15,29.980472795031694,20
2017-11-16,29.353145235614008,20
2017-11-17,27.426390609127417,20
2017-11-20,27.773484932564998,20
2017-11-21,27.576827206091355,20
2017-11-22,27.579187861067684,20
2017-11-23,26.763060502049036,20
2017-11-24,27.124363494997787,20
2017-11-27,26.696612014987004,20
2017-11-28,27.301425866863777,20
2017-11-29,27.07756658271048,20
2017-11-30,26.91130075439481,20
2017-12-01,27.229583988031184,20
2017-12-04,25.951768078329113,20
2017-12-05,24.888074529483525,20
2017-12-06,25.366790846971845,20
2017-12-07,25.405571653284483,20
2017-12-08,25.697671466268883,20
2017-12-11,25.88609063296028,20
2017-12-12,25.362034517467002,20
2017-12-13,25.71353283622592,20
2017-12-14,25.62882015049308,20
2017-12-15,25.51644899896406,20
2017-12-18,25.14146294873929,20
2017-12-19,25.43678547693845,20
2017-12-20,25.102707161137868,20
2017-12-21,24.954639077892725,20
2017-12-22,24.835626239536577,20
2017-12-25,24.421119720133245,20
2017-12-26,24.92804947362913,20
2017-12-27,24.868171351986636,20
2017-12-28,25.115720673325836,20
2017-12-29,25.32354307851151,20
2018-01-02,25.533513379033522,20
2018-01-03,25.539819372486264,20
2018-01-04,25.368986096783008,20
2018-01-05,25.304672636354184,20
2018-01-08,25.20629004098154,20
2018-01-09,25.189272168120826,20
2018-01-10,24.85091006924297,20
2018-01-11,25.2517964711472,20
2018-01-12,25.245712534738214,20
2018-01-15,24.60654616954352,20
2018-01-16,25.03042035201417,20
2018-01-17,25.20269729371619,20
2018-01-18,25.47202877628243,20
2018-01-19,25.273925700419774,20
2018-01-22,25.599779991395298,20
2018-01-23,25.63219260288785,20
2018-01-24,26.039694105620324,20
2018-01-25,26.065648533600918,20
2018-01-26,25.692412552621317,20
2018-01-29,25.22326460208582,20
2018-01-30,25.199630477261945,20
2018-01-31,24.410612077911352,20
2018-02-01,23.498738017299033,20
2018-02-02,23.05799013148622,20
2018-02-05,22.653282344185165,20
2018-02-06,21.34808098394559,20
2018-02-07,21.62794586521071,20
2018-02-08,22.015876633574518,20
2018-02-09,21.33987256906298,20
2018-02-12,22.230459409870427,20
2018-02-13,22.061946165395902,20
2018-02-14,21.998545192453147,20
2018-02-22,22.439095856203227,20
2018-02-23,22.62899178456955,20
2018-02-26,23.630775519793822,20
2018-02-27,23.996122317069638,20
2018-02-28,23.893279400846602,20
2018-03-01,24.280865675419992,20
2018-03-02,24.099089861230997,20
2018-03-05,24.41853466554455,20
2018-03-06,24.7761573873061,20
2018-03-07,24.516998058938036,20
2018-03-08,25.084783722701594,20
2018-03-09,25.871591939773936,20
2018-03-12,26.33837001023481,20
2018-03-13,26.272068357426516,20
2018-03-14,26.413690033286255,20
2018-03-15,25.641368669641263,20
2018-03-16,25.781779269356132,20
2018-03-19,26.114924916264833,20
2018-03-20,26.32104679831604,20
2018-03-21,26.37861803052417,20
2018-03-22,26.624078915044183,20
2018-03-23,25.01797976875609,20
2018-03-26,25.777859840503414,20
2018-03-27,26.826084004694152,20
2018-03-28,26.80650356686131,20
2018-03-29,26.90975947540548,20
2018-03-30,27.599693181435267,20
2018-04-02,27.801879943904357,20
2018-04-03,27.54194875066988,20
2018-04-04,27.428936136306266,20
2018-04-09,27.636501915215906,20
2018-04-10,27.73102952152962,20
2018-04-11,28.13851864588438,20
2018-04-12,28.36634778582539,20
2018-04-13,28.2814973148065,20
2018-04-16,27.94849004720221,20
2018-04-17,26.93587753152859,20
2018-04-18,27.337716881900327,20
2018-04-19,27.361108424569604,20
2018-04-20,26.49816234362681,20
2018-04-23,26.50778343337946,20
2018-04-24,27.46942168128591,20
2018-04-25,27.70057500639968,20
2018-04-26,27.13935883238947,20
2018-04-27,27.133875404580603,20
2018-05-02,26.904032232285832,20
2018-05-03,27.221174248587317,20
2018-05-04,27.236501466321872,20
2018-05-07,27.88722967116017,20
2018-05-08,28.04388190406847,20
2018-05-09,28.501757362567385,20
2018-05-10,28.923642130945847,20
2018-05-11,28.438397018591367,20
2018-05-14,27.992112309951278,20
2018-05-15,28.553695037151755,20
2018-05-16,28.450616810351566,20
2018-05-17,28.453112043815356,20
2018-05-18,28.659272274509274,20
2018-05-21,29.044470953078086,20
2018-05-22,29.332099391926825,20
2018-05-23,29.259185888293747,20
2018-05-24,29.262278561442827,20
2018-05-25,29.187850492228097,20
2018-05-28,29.272974068846626,20
2018-05-29,29.02785490141839,20
2018-05-30,27.72535405638915,20
2018-05-31,28.59880736537009,20
2018-06-01,28.75668324059944,20
2018-06-04,28.788992098421854,20
2018-06-05,29.35064655501392,20
2018-06-06,29.611232841550116,20
2018-06-07,29.029365792648168,20
2018-06-08,29.083178328387618,20
2018-06-11,28.757162164807568,20
2018-06-12,29.02226933095003,20
2018-06-13,28.398583291360556,20
2018-06-14,28.249523591135933,20
2018-06-15,27.261750497139882,20
2018-06-19,25.069149112236712,20
2018-06-20,25.72874819740372,20
2018-06-21,24.934664339606538,20
2018-06-22,25.40112740601003,20
2018-06-25,25.575341101959673,20
2018-06-26,26.022075055053097,20
2018-06-27,25.754419162213438,20
2018-06-28,25.55270860401635,20
2018-06-29,26.425730229837136,20
2018-07-02,26.062210837626193,20
2018-07-03,26.96802133727036,20
2018-07-04,26.055441848736937,20
2018-07-05,25.162977177449964,20
2018-07-06,25.411017073592976,20
2018-07-09,26.357985167211215,20
2018-07-10,26.820350899627815,20
2018-07-11,25.990561506310026,20
2018-07-12,26.979666414139267,20
2018-07-13,27.051345935818766,20
2018-07-16,27.142735128039188,20
2018-07-17,27.173410337309985,20
2018-07-18,27.027115997197605,20
2018-07-19,26.913997740206174,20
2018-07-20,27.16774600219824,20
2018-07-23,27.23334357287458,20
2018-07-24,27.767281159703455,20
2018-07-25,27.606866400166837,20
2018-07-26,27.207622937645546,20
2018-07-27,27.075834912185687,20
2018-07-30,26.60296812523448,20
2018-07-31,26.5849479081992,20
2018-08-01,26.01735875333921,20
2018-08-02,25.039230903247443,20
2018-08-03,24.483753120859852,20
2018-08-06,23.636754556486597,20
2018-08-07,24.400990563172346,20
2018-08-08,23.818898389972745,20
2018-08-09,24.521958226438542,20
2018-08-10,24.784308330636026,20
2018-08-13,24.924872522272587,20
2018-08-14,24.86294398706383,20
2018-08-15,24.229992317185133,20
2018-08-16,24.115922969279442,20
2018-08-17,23.500345447838853,20
2018-08-20,23.741890936523017,20
2018-08-21,24.078890606647263,20
2018-08-22,23.549105039514725,20
2018-08-23,23.907018285155377,20
2018-08-24,24.078630642345576,20
2018-08-27,24.647706312092073,20
2018-08-28,24.566254129871016,20
2018-08-29,24.330089589975543,20
2018-08-30,23.881046872145117,20
2018-08-31,23.504053680578913,20
2018-09-03,23.412323668374395,20
2018-09-04,23.753125781357998,20
2018-09-05,23.143348506718016,20
2018-09-06,23.058529557059362,20
2018-09-07,23.06489764165777,20
2018-09-10,22.580234814593304,20
2018-09-11,22.673829553369686,20
2018-09-12,22.78078727706332,20
2018-09-13,22.949262630934143,20
2018-09-14,22.314393200379893,20
2018-09-17,21.69571479973181,20
2018-09-18,22.060084813418186,20
2018-09-19,22.220927356950146,20
2018-09-20,21.90875845195885,20
2018-09-21,22.236329238913516,20
2018-09-25,22.28156407063393,20
2018-09-26,22.620169492154698,20
2018-09-27,22.19293748505989,20
2018-09-28,22.69714574789509,20
2018-10-08,22.09548752411544,20
2018-10-09,22.348102524291132,20
2018-10-10,22.703873552464014,20
2018-10-11,20.872800231764796,20
2018-10-12,21.091226439257486,20
2018-10-15,21.116077256800743,20
2018-10-16,20.454938871965297,20
2018-10-17,20.742736477846,20
2018-10-18,20.568082261058183,20
2018-10-19,21.152288561791522,20
2018-10-22,22.316053794007367,20
2018-10-23,21.948376963133207,20
2018-10-24,21.818817180070816,20
2018-10-25,21.452142628462564,20
2018-10-26,21.524644132712986,20
2018-10-29,21.47283915235124,20
2018-10-30,21.79752185138591,20
2018-10-31,22.1217885122762,20
2018-11-01,22.087656735062343,20
2018-11-02,22.754995815610712,20
2018-11-05,22.6447916608983,20
2018-11-06,22.4158738160424,20
2018-11-07,22.357741366857113,20
2018-11-08,22.391675598953015,20
2018-11-09,22.703922224201293,20
2018-11-12,23.50802677677534,20
2018-11-13,23.842985019299412,20
2018-11-14,23.974919453440787,20
2018-11-15,24.98118715051763,20
2018-11-16,25.03351909711975,20
2018-11-19,24.978434693129348,20
2018-11-20,24.43697643763226,20
2018-11-21,24.864259540522294,20
2018-11-22,24.791678376478917,20
2018-11-23,23.667814971516574,20
2018-11-26,23.24509595293755,20
2018-11-27,23.51457948610575,20
2018-11-28,23.81653961981924,20
2018-11-29,23.04481184529729,20
2018-11-30,23.446947545749413,20
2018-12-03,24.111845112173818,20
2018-12-04,24.0948157702635,20
2018-12-05,23.749119180517976,20
2018-12-06,23.219236413074675,20
2018-12-07,23.33654005530232,20
2018-12-10,23.076052845906776,20
2018-12-11,23.227917102523907,20
2018-12-12,23.425152819948945,20
2018-12-13,23.678660993974884,20
2018-12-14,22.900046436521382,20
2018-12-17,23.06575625112269,20
2018-12-18,22.946923802790064,20
2018-12-19,22.731141303389293,20
2018-12-20,23.02123612502282,20
2018-12-21,23.22002134887957,20
2018-12-24,23.81960101331313,20
2018-12-25,23.693733527735336,20
2018-12-26,23.54729090442997,20
2018-12-27,23.24014572643747,20
2018-12-28,22.786246870941444,20
2019-01-02,22.787421410310976,20
2019-01-03,22.3616128890483,20
2019-01-04,22.878349613615434,20
2019-01-07,23.4046047959329,20
2019-01-08,23.173702995130355,20
2019-01-09,23.172149244654317,20
2019-01-10,23.175464488046984,20
2019-01-11,23.61882774306026,20
2019-01-14,23.544897874073673,20
2019-01-15,23.77601502567286,20
2019-01-16,23.703901742858456,20
2019-01-17,23.35290723752705,20
2019-01-18,23.549334146978822,20
2019-01-21,23.819221840894052,20
2019-01-22,23.823818148883042,20
2019-01-23,23.917832565586558,20
2019-01-24,23.97525789643659,20
2019-01-25,23.604655723180205,20
2019-01-28,23.482059741566747,20
2019-01-29,23.032498854572523,20
2019-01-30,22.662976652541087,20
2019-01-31,21.866245732516784,20
2019-02-01,22.495921459626874,20
2019-02-11,23.084682037848978,20
2019-02-12,23.328225103192292,20
2019-02-13,23.748388686420245,20
2019-02-14,23.726142963259655,20
2019-02-15,23.77422541702971,20
2019-02-18,24.471172437417398,20
2019-02-19,24.368943513191617,20
2019-02-20,24.45796197736733,20
2019-02-21,24.41235373518877,20
2019-02-22,24.9808569058333,20
2019-02-25,26.12045116785207,20
2019-02-26,26.4252965395248,20
2019-02-27,26.656119459362984,20
2019-02-28,27.224860310918878,20
2019-03-01,27.1948969950844,20
2019-03-04,27.637705525672235,20
2019-03-05,27.923938428063344,20
2019-03-06,28.650450701307552,20
2019-03-07,29.206971330518947,20
2019-03-08,28.035533837052043,20
2019-03-11,29.11860467029048,20
2019-03-12,29.74474158185342,20
2019-03-13,29.292964023198678,20
2019-03-14,28.665641811155538,20
2019-03-15,29.086653630873915,20
2019-03-18,29.65265812595176,20
2019-03-19,29.97570341623833,20
2019-03-20,29.82997371028066,20
2019-03-21,30.17023146521177,20
2019-03-22,30.333995367887276,20
2019-03-25,30.477685632677876,20
2019-03-26,29.937527819429427,20
2019-03-27,30.354431138989487,20
2019-03-28,30.195325565368993,20
2019-03-29,30.773034469381837,20
2019-04-01,31.555803275816405,20
2019-04-02,31.799503446384453,20
2019-04-03,32.37894998034774,20
2019-04-04,32.464802301064125,20
2019-04-08,32.09239947697232,20
2019-04-09,32.038961147232484,20
2019-04-10,32.37351092756676,20
2019-04-11,31.760609667407174,20
2019-04-12,31.635341376553363,20
2019-04-15,31.393361236496094,20
2019-04-16,31.871375226326652,20
2019-04-17,32.14593993134438,20
2019-04-18,31.92072570093031,20
2019-04-19,32.328084413694256,20
2019-04-22,32.092189504462155,20
2019-04-23,31.7920975371444,20
2019-04-24,32.197562334802036,20
2019-04-25,31.34826121471696,20
2019-04-26,31.135549042700475,20
2019-04-29,30.700299422101317,20
2019-04-30,30.994837240828502,20
2019-05-06,28.776521485236422,20
2019-05-07,29.32837543107141,20
2019-05-08,29.659271180307076,20
2019-05-09,29.384682401551622,20
2019-05-10,30.46926919824368,20
2019-05-13,30.309250268330118,20
2019-05-14,30.07053161139211,20
2019-05-15,30.533471186863316,20
2019-05-16,30.476305348846328,20
2019-05-17,29.46686037687541,20
2019-05-20,29.25970473840767,20
2019-05-21,29.70198593187305,20
2019-05-22,29.645761576623734,20
2019-05-23,28.73053721496839,20
2019-05-24,28.461155129216156,20
2019-05-27,29.39908991539858,20
2019-05-28,29.187998542734867,20
2019-05-29,29.333477817040585,20
2019-05-30,29.25394348755462,20
2019-05-31,29.398122214602047,20
2019-06-03,29.45377585814596,20
2019-06-04,29.185628437972515,20
2019-06-05,29.315256703327957,20
2019-06-06,28.327834258307785,20
2019-06-10,28.73193256821969,20
2019-06-11,29.665827093902813,20
2019-06-12,29.56304026865014,20
2019-06-13,29.905788034864386,20
2019-06-14,29.268948196149193,20
2019-06-17,29.26991833432653,20
2019-06-18,29.33912639636459,20
2019-06-19,29.760396919395227,20
2019-06-20,30.309776662553244,20
2019-06-21,31.0182750480668,20
2019-06-24,30.978787139008777,20
2019-06-25,30.51718772370062,20
2019-06-26,30.855444955823447,20
2019-06-27,31.298116096686947,20
2019-06-28,31.141518819206695,20
2019-07-01,32.1693952445471,20
2019-07-02,32.46310288489302,20
2019-07-03,32.28580720145958,20
2019-07-04,32.418793362491755,20
2019-07-05,32.47892624870044,20
2019-07-08,31.43048650001537,20
2019-07-09,31.59434969770927,20
2019-07-10,31.479988316603944,20
2019-07-11,31.434779347952716,20
2019-07-12,31.326211369507565,20
2019-07-15,31.854753898208564,20
2019-07-16,31.76927809117512,20
2019-07-17,31.758959204802288,20
2019-07-18,31.001131839961023,20
2019-07-19,31.176033554520203,20
2019-07-22,30.551590778173306,20
2019-07-23,30.827468771292132,20
2019-07-24,31.31638531191796,20
2019-07-25,31.45926888448771,20
2019-07-26,31.4461746493465,20
2019-07-29,31.625294823058773,20
2019-07-30,31.793663873430795,20
2019-07-31,31.719582742366974,20
2019-08-01,31.755415912227104,20
2019-08-02,31.240949191269245,20
2019-08-05,30.938535721860784,20
2019-08-06,30.056311687567863,20
2019-08-07,29.772225383714662,20
2019-08-08,29.971229691921955,20
2019-08-09,29.53672324132422,20
2019-08-12,30.055251301329367,20
2019-08-13,29.989045848887198,20
2019-08-14,30.36589128671667,20
2019-08-15,30.34829584025265,20
2019-08-16,30.76623578950777,20
2019-08-19,31.647482537398616,20
2019-08-20,31.517635883477226,20
2019-08-21,31.530291929412154,20
2019-08-22,31.709142886217464,20
2019-08-23,31.59460661689667,20
2019-08-26,31.48048730854616,20
2019-08-27,32.034869657464256,20
2019-08-28,31.974053511037702,20
2019-08-29,31.863571697538536,20
2019-08-30,31.435701864322137,20
2019-09-02,32.05730444250223,20
2019-09-03,32.04063531281579,20
2019-09-04,32.351856596238676,20
2019-09-05,32.60062029689677,20
2019-09-06,33.0236722272011,20
2019-09-09,33.69238570554675,20
2019-09-10,33.78339949555531,20
2019-09-11,33.67920730834966,20
2019-09-12,33.84530876939093,20
2019-09-16,34.0402371441291,20
2019-09-17,33.47952956114194,20
2019-09-18,33.51421304127603,20
2019-09-19,34.262743620161714,20
2019-09-20,34.25769259750352,20
2019-09-23,34.05414240323489,20
2019-09-24,34.136176712208744,20
2019-09-25,33.706956795958035,20
2019-09-26,32.8989202301546,20
2019-09-27,33.18720687799207,20
2019-09-30,32.919867956891785,20
2019-10-08,33.18268456286563,20
2019-10-09,33.68434002760733,20
2019-10-10,34.24254477022427,20
2019-10-11,34.32319381546622,20
2019-10-14,34.770769256547595,20
2019-10-15,34.59653212522809,20
2019-10-16,34.70747619048055,20
2019-10-17,34.54647174597344,20
2019-10-18,34.514742468009565,20
2019-10-21,33.89823538470441,20
2019-10-22,34.12818590373784,20
2019-10-23,34.089845516329135,20
2019-10-24,33.89512388018554,20
2019-10-25,34.06744092735138,20
2019-10-28,34.384948800439965,20
2019-10-29,33.748125275113665,20
2019-10-30,33.043198010012624,20
2019-10-31,32.93027277333859,20
2019-11-01,33.11909411606576,20
2019-11-04,33.29502835576157,20
2019-11-05,33.35534007959997,20
2019-11-06,33.19471303370458,20
2019-11-07,33.31818499672447,20
2019-11-08,33.36658298745902,20
2019-11-11,32.32621019198153,20
2019-11-12,32.424319413693325,20
2019-11-13,32.324623317940606,20
2019-11-14,32.83804166932136,20
2019-11-15,32.351340575165324,20
2019-11-18,32.727314997287536,20
2019-11-19,33.22296353631144,20
2019-11-20,32.865936843949775,20
2019-11-21,32.49878293341736,20
2019-11-22,32.21885698158521,20
2019-11-25,31.83938765133506,20
2019-11-26,31.969121769222138,20
2019-11-27,31.894295890018288,20
2019-11-28,31.67108210578753,20
2019-11-29,31.646147856289087,20
2019-12-02,31.661486565078704,20
2019-12-03,31.889383893374994,20
2019-12-04,31.791648403074944,20
2019-12-05,32.02950912905766,20
2019-12-06,32.10787446120062,20
2019-12-09,32.07430258859286,20
2019-12-10,32.11978543529109,20
2019-12-11,32.0172476887619,20
2019-12-12,31.82544493806307,20
2019-12-13,32.25175982673818,20
2019-12-16,32.93872013536432,20
2019-12-17,33.354149086508606,20
2019-12-18,33.463232158493916,20
2019-12-19,33.6672095231221,20
2019-12-20,33.72383654246473,20
2019-12-23,33.301698147406455,20
2019-12-24,33.92018389621718,20
2019-12-25,33.85812540819327,20
2019-12-26,34.271690417348154,20
2019-12-27,34.1007115864892,20
2019-12-30,34.76924064700022,20
2019-12-31,34.920621510937785,20
2020-01-02,35.484423471693766,20
2020-01-03,35.499269066749676,20
2020-01-06,35.53524920048129,20
2020-01-07,35.92760542797361,20
2020-01-08,35.54211212385754,20
2020-01-09,36.292018919086196,20
2020-01-10,36.67449017882205,20
2020-01-13,36.86690732151598,20
2020-01-14,36.74533357330675,20
2020-01-15,36.6434686746378,20
2020-01-16,36.53419331479134,20
2020-01-17,36.4691403604105,20
2020-01-20,36.77468095910232,20
2020-01-21,36.45031794834184,20
2020-01-22,36.26627585382963,20
2020-01-23,34.9650476584688,20
2020-02-03,31.602344237950884,20
2020-02-04,31.85422701196598,20
2020-02-05,33.16497137376805,20
2020-02-06,34.13309033684188,20
2020-02-07,34.27714260056182,20
2020-02-10,34.770283145547495,20
2020-02-11,34.32872886019361,20
2020-02-12,34.777331258728765,20
2020-02-13,34.4500708405049,20
2020-02-14,34.124725450846576,20
2020-02-17,35.22987918919459,20
2020-02-18,35.641380114228596,20
2020-02-19,35.61028652435772,20
2020-02-20,36.04528937384349,20
2020-02-21,36.14687260540398,20
2020-02-24,36.32916993752442,20
2020-02-25,36.04051249903935,20
2020-02-26,35.629564762192246,20
2020-02-27,35.81675803492644,20
2020-02-28,33.56938997608605,20
2020-03-02,34.93181994374276,20
2020-03-03,35.46729096911013,20
2020-03-04,36.009454049561626,20
2020-03-05,36.687975211939545,20
2020-03-06,36.51494110442211,20
2020-03-09,35.495157643346374,20
2020-03-10,35.998772497027026,20
2020-03-11,36.117343085896465,20
2020-03-12,34.96896170635392,20
2020-03-13,34.42598667982082,20
2020-03-16,33.2199309339808,20
2020-03-17,32.789911130858094,20
2020-03-18,32.397815648660334,20
2020-03-19,32.71992951419677,20
2020-03-20,33.26622847951144,20
2020-03-23,32.402368224803645,20
2020-03-24,33.09057519459564,20
2020-03-25,33.848487053284565,20
2020-03-26,33.68857582012932,20
2020-03-27,33.75287068041079,20
2020-03-30,32.883452358050434,20
2020-03-31,33.11991461478058,20
2020-04-01,32.83540005826095,20
2020-04-02,33.340623023605644,20
2020-04-03,33.224417566300644,20
2020-04-07,34.088784305465516,20
2020-04-08,34.29002146127424,20
2020-04-09,34.69168996601794,20
2020-04-10,34.152276820711826,20
2020-04-13,34.152184972863374,20
2020-04-14,34.653520714870126,20
2020-04-15,34.44366247316374,20
2020-04-16,34.48539598725063,20
2020-04-17,34.697112580473586,20
2020-04-20,35.279589215595806,20
2020-04-21,35.34439382121582,20
2020-04-22,35.88234181837706,20
2020-04-23,36.08564955370635,20
2020-04-24,35.73661049365862,20
2020-04-27,35.80464709224597,20
2020-04-28,35.18643763530766,20
2020-04-29,35.60070592097997,20
2020-04-30,36.16132436048257,20
2020-05-06,36.59411306143187,20
2020-05-07,36.46718206919144,19
2020-05-08,36.91293830361714,19
2020-05-11,36.73177370584944,19
2020-05-12,36.823065084688025,19
2020-05-13,37.21229776301504,19
2020-05-14,36.92705628607175,19
2020-05-15,37.02918354537154,19
2020-05-18,36.90275076877265,19
2020-05-19,37.39246532853467,19
2020-05-20,36.72078705876255,19
2020-05-21,36.432033713783,19
2020-05-22,35.58769641851247,19
2020-05-25,35.539919391439476,19
2020-05-26,36.26690215864493,19
2020-05-27,36.20964115568227,19
2020-05-28,36.24278484666058,19
2020-05-29,36.35404891681394,19
2020-06-01,37.61361408880103,19
2020-06-02,38.14408588721833,20
2020-06-03,38.05171355294163,20
2020-06-04,38.46134749506717,20
2020-06-05,38.55722938031568,20
2020-06-08,38.84218268440144,20
2020-06-09,38.93323403861327,20
2020-06-10,39.03063646894351,20
2020-06-11,39.07575718096963,20
2020-06-12,39.16332577991429,20
2020-06-15,38.65623880590587,20
2020-06-16,39.55224210059421,20
2020-06-17,39.417725858107424,20
2020-06-18,39.21395607809592,20
2020-06-19,39.53470197863659,20
2020-06-22,39.328444236935034,20
2020-06-23,39.50231219710088,20
2020-06-24,39.38500210528311,20
2020-06-29,38.8362441018915,20
2020-06-30,39.39181612979141,20
2020-07-01,39.53267274268808,20
2020-07-02,40.041959135534576,20
2020-07-03,40.262739567670316,20
2020-07-06,41.86320268617784,20
2020-07-07,41.938853557443295,20
2020-07-08,42.44285640543633,20
2020-07-09,43.961379727294066,20
2020-07-10,43.39534050027284,20
2020-07-13,44.87185139668762,20
2020-07-14,44.38314998886917,20
2020-07-15,43.40430591256994,20
2020-07-16,41.870164873313335,20
2020-07-17,42.18645034261751,20
2020-07-20,43.71920362863534,20
2020-07-21,44.087052855995964,20
2020-07-22,43.838568065417505,20
2020-07-23,44.00557503091357,20
2020-07-24,42.3031408194822,20
2020-07-27,42.469491670077815,20
2020-07-28,42.847780836122624,20
2020-07-29,43.89808983761091,20
2020-07-30,44.3351282938034,20
2020-07-31,44.68394448557549,20
2020-08-03,46.24896809588606,20
2020-08-04,46.21671801600372,20
2020-08-05,46.21731934724046,20
2020-08-06,46.36221002756154,20
2020-08-07,45.82996229130678,20
2020-08-10,46.45820450911878,20
2020-08-11,45.71698099232834,20
2020-08-12,45.063453839393155,20
2020-08-13,45.35300671039554,20
2020-08-14,45.69344672855857,20
2020-08-17,46.47017345159279,20
2020-08-18,46.83215352673999,20
2020-08-19,46.908704967762034,20
2020-08-20,46.22693236903143,20
2020-08-21,46.52144140935857,20
2020-08-24,46.614505021056246,20
2020-08-25,46.302935728017346,20
2020-08-26,45.288119295885124,20
2020-08-27,45.82771046915329,20
2020-08-28,46.23938590441443,20
2020-08-31,46.04410871205159,20
2020-09-01,46.44878250211552,20
2020-09-02,46.59580954110279,20
2020-09-03,46.2964818252159,20
2020-09-04,45.937888142726074,20
2020-09-07,45.29607335090684,20
2020-09-08,45.61187928491072,20
2020-09-09,44.65339607736009,20
2020-09-10,43.892527585305814,20
2020-09-11,44.42854826066506,20
2020-09-14,44.53319445961014,20
2020-09-15,44.38814016646329,20
2020-09-16,44.273682047154914,20
2020-09-17,44.1836793949524,20
2020-09-18,45.06908461403652,20
2020-09-21,44.91990556127917,20
2020-09-22,44.09529707908991,20
2020-09-23,43.918568330095454,20
2020-09-24,42.827436273847056,20
2020-09-25,42.793131045922514,20
2020-09-28,42.64562750497706,20
2020-09-29,42.81995961994815,20
2020-09-30,42.73470332661175,20
2020-10-09,43.85801641558649,20
2020-10-12,45.091214854858045,20
2020-10-13,45.09079338363657,20
2020-10-14,44.61202878295907,20
2020-10-15,44.27470193939266,20
2020-10-16,44.24426546272495,20
2020-10-19,44.21644840909399,20
2020-10-20,44.69782045544092,20
2020-10-21,44.47158216754817,20
2020-10-22,43.92196295930782,20
2020-10-23,43.0249399013173,20
2020-10-26,42.80524072914018,20
2020-10-27,42.77139274823114,20
2020-10-28,42.81721978134341,20
2020-10-29,43.355488970868514,20
2020-10-30,42.37899470771577,20
2020-11-02,42.393743893906766,20
2020-11-03,42.71928359824792,19
2020-11-04,42.77256846250396,19
2020-11-05,43.762402652923505,19
2020-11-06,43.64232756392218,19
2020-11-09,44.5824201093786,19
2020-11-10,44.526540675839286,19
2020-11-11,44.48049404129667,19
2020-11-12,44.86873593568979,19
2020-11-13,44.698223386805815,19
2020-11-16,45.75047696088626,19
2020-11-17,45.70413189103625,19
2020-11-18,45.95914991551099,19
2020-11-19,45.79462447184385,19
2020-11-20,45.79970832349958,19
2020-11-23,46.17584073490714,19
2020-11-24,46.35479111491629,19
2020-11-25,45.60347995066733,19
2020-11-26,45.50489941187807,19
2020-11-27,45.275246852976196,19
2020-11-30,44.87121699505553,19
2020-12-01,45.26560342738785,19
2020-12-02,45.35595498387528,20
2020-12-03,45.13603081133142,20
2020-12-04,45.408235092131015,20
2020-12-07,45.261816921014116,20
2020-12-08,45.024981711767516,20
2020-12-09,44.53165265775771,20
2020-12-10,44.27719504991636,20
2020-12-11,43.57166511921894,20
2020-12-14,43.62471002282556,20
2020-12-15,43.59620948117774,20
2020-12-16,43.3054251142508,20
2020-12-17,43.382267834336126,20
2020-12-18,42.98587287279263,20
2020-12-21,43.12530384649409,20
2020-12-22,41.844576352427836,20
2020-12-23,41.87428643031093,20
2020-12-24,40.85982439097738,20
2020-12-25,41.26280154762881,20
2020-12-28,40.19816884843567,20
2020-12-29,40.30112499515977,20
2020-12-30,40.26162570723113,20
2020-12-31,40.92649566434998,20
2021-01-04,41.35513069098375,20
2021-01-05,41.272775471189014,20
2021-01-06,40.387430841096275,20
2021-01-07,38.988843613760565,20
2021-01-08,39.05697616061303,20
2021-01-11,38.00568197340321,20
2021-01-12,38.30843735183506,20
2021-01-13,37.7455606116579,20
2021-01-14,38.912873400475426,20
2021-01-15,39.53724768876746,20
2021-01-18,40.14455909709287,20
2021-01-19,40.31269097752097,20
2021-01-20,40.302156287586136,20
2021-01-21,40.50671653195271,20
2021-01-22,40.214703888350826,20
2021-01-25,39.57833954670093,20
2021-01-26,39.21415182199534,20
2021-01-27,39.45526726189069,20
2021-01-28,39.02773210431094,20
2021-01-29,38.65427462680664,20
2021-02-01,39.277556556911144,20
2021-02-02,39.82741306583591,20
2021-02-03,39.278758203104026,20
2021-02-04,38.17727933810869,20
2021-02-05,38.09048721619777,20
2021-02-08,38.06277163036147,20
2021-02-09,39.166934167536034,20
2021-02-10,39.655332924203826,20
2021-02-18,40.7250936998773,20
2021-02-19,41.92800616557237,20
2021-02-22,42.57589264409436,20
2021-02-23,42.21348188332294,20
2021-02-24,42.039167105203234,20
2021-02-25,41.635788964671356,20
2021-02-26,41.48785447146997,20
2021-03-01,42.79997430511099,20
2021-03-02,42.618636601021095,20
2021-03-03,43.08964094395741,20
2021-03-04,42.73689600341249,20
2021-03-05,43.019392533574496,20
2021-03-08,42.78625425700871,20
2021-03-09,42.27938042460035,20
2021-03-10,41.78548984559005,20
2021-03-11,42.422510152977146,20
2021-03-12,42.51100403339676,20
2021-03-15,42.27483991984588,20
2021-03-16,42.78791237277596,20
2021-03-17,42.88590547909661,20
2021-03-18,42.978522854358985,20
2021-03-19,42.791813513358704,20
2021-03-22,43.5047187418028,20
2021-03-23,43.23914731969674,20
2021-03-24,42.84011358507569,20
2021-03-25,42.94604558298485,20
2021-03-26,43.183770204423844,20
2021-03-29,43.25830832418273,20
2021-03-30,42.99169725416598,20
2021-03-31,43.297720735197906,20
2021-04-01,43.06217337930839,20
2021-04-02,43.08801639694425,20
2021-04-06,43.34713019365677,20
2021-04-07,43.64504381007484,20
2021-04-08,43.430718605740786,20
2021-04-09,43.296546450446435,20
2021-04-12,42.53368094097882,20
2021-04-13,42.32975170242386,20
2021-04-14,42.70487388407517,20
2021-04-15,42.5505905152319,20
2021-04-16,42.865421723003465,20
2021-04-19,43.17238810926611,20
2021-04-20,43.04934236646306,20
2021-04-21,42.86612941204101,20
2021-04-22,43.12905675305432,20
2021-04-23,43.14679679057853,20
2021-04-26,42.77421414701314,20
2021-04-27,42.46211887327661,20
2021-04-28,42.32591072973309,20
2021-04-29,42.35879131670527,20
2021-04-30,42.05061725173072,20
2021-05-06,42.02126852830511,20
2021-05-07,41.68750519470583,20
2021-05-10,42.05267181839039,20
2021-05-11,42.02117366999622,20
2021-05-12,42.35490353066345,20
2021-05-13,42.50357394513873,20
2021-05-14,43.14815185173653,20
2021-05-17,42.612926232806885,20
2021-05-18,42.54651271378218,20
2021-05-19,42.49532920172588,20
2021-05-20,42.50554155137044,20
2021-05-21,42.54517893232742,20
2021-05-24,42.928717703860144,20
2021-05-25,43.381946485091184,20
2021-05-26,43.60798420421736,20
2021-05-27,43.71291368216666,20
2021-05-28,43.71129811709248,20
2021-05-31,44.04603210937508,20
2021-06-01,44.19433000214265,20
2021-06-02,43.926526916026326,20
2021-06-03,43.9297695978969,20
2021-06-04,43.74157413002349,20
2021-06-07,43.98015844123764,20
2021-06-08,44.08127238550152,20
2021-06-09,43.97058232492474,20
2021-06-10,44.241104825761155,20
2021-06-11,44.53208206140015,20
2021-06-15,43.843688749903635,20
2021-06-16,43.01879653990619,20
2021-06-17,43.33603967947676,20
2021-06-18,43.63514981551965,20
2021-06-21,44.21573557309598,20
2021-06-22,44.724315778390164,20
2021-06-23,44.761664415066775,20
2021-06-24,44.22674881642943,20
2021-06-25,44.1524779236818,20
2021-06-28,44.30242869386681,20
2021-06-29,43.74006237608895,20
2021-06-30,43.686627069560494,20
2021-07-01,43.16753258803835,20
2021-07-02,42.84349988124634,20
2021-07-05,43.631155542584665,20
2021-07-06,43.700660850456366,20
2021-07-07,43.94708407693034,20
2021-07-08,42.990151614743496,20
2021-07-09,43.23767724704927,20
2021-07-12,44.15079653847416,20
2021-07-13,44.30631364238797,20
2021-07-14,44.28186899784873,20
2021-07-15,43.73480708007109,20
2021-07-16,43.81344357256459,20
2021-07-19,43.44407737285836,20
2021-07-20,43.44588552516182,20
2021-07-21,43.74848261826783,20
2021-07-22,44.04791374347501,20
2021-07-23,43.24740893629865,20
2021-07-26,42.879553321636614,20
2021-07-27,42.73424601461008,20
2021-07-28,42.435312452948665,20
2021-07-29,43.716671003370244,20
2021-07-30,44.20182503227565,20
2021-08-02,44.8866045133097,20
2021-08-03,44.903610835190634,20
2021-08-04,45.2704655937083,20
2021-08-05,44.95752850265919,20
2021-08-06,44.863977319558664,20
2021-08-09,45.919407568643955,20
2021-08-10,46.52664198640192,20
2021-08-11,46.71830906143579,20
2021-08-12,47.118265020720976,20
2021-08-13,47.3604815897406,20
2021-08-16,48.12917747042389,20
2021-08-17,46.99526757428244,20
2021-08-18,47.7264551138418,20
2021-08-19,47.64533420191954,20
2021-08-20,46.8002664594828,20
2021-08-23,48.750899014779,20
2021-08-24,49.333992349203115,20
2021-08-25,49.915720506262154,20
2021-08-26,49.428433143694754,20
2021-08-27,49.6973580114368,20
2021-08-30,49.72463590500842,20
2021-08-31,49.739941160937136,20
2021-09-01,49.02834422838905,20
2021-09-02,49.36764083684416,20
2021-09-03,49.81256735045707,20
2021-09-06,50.33741197328566,20
2021-09-07,50.539595782533375,20
2021-09-08,50.60452734228266,20
2021-09-09,51.07165873350507,20
2021-09-10,50.440912801607176,20
2021-09-13,50.778443567550674,20
2021-09-14,50.333520544640734,20
2021-09-15,50.465057978666536,20
2021-09-16,50.513313095816955,20
2021-09-17,50.57596235422776,20
2021-09-22,50.93714886458751,20
2021-09-23,51.16098243738493,20
2021-09-24,50.32646227333898,20
2021-09-27,49.061287533926034,20
2021-09-28,48.966490920038765,20
2021-09-29,47.56691054790523,20
2021-09-30,48.68108791240142,20
2021-10-08,49.37184110418598,20
2021-10-11,49.270088594294776,20
2021-10-12,48.398676348928156,20
2021-10-13,48.70222442022975,20
2021-10-14,49.07802175640725,20
2021-10-15,48.5685693101773,20
2021-10-18,48.407092961091415,20
2021-10-19,49.09586162473446,20
2021-10-20,49.28668140900756,20
2021-10-21,48.948030213187344,20
2021-10-22,48.52299488964944,20
2021-10-25,49.39661490162582,20
2021-10-26,49.381133290178745,20
2021-10-27,48.06646844844006,20
2021-10-28,47.35587051925406,20
2021-10-29,47.57018397917483,20
2021-11-01,48.483562228867484,20
2021-11-02,47.9110059715342,20
2021-11-03,48.41469681271681,20
2021-11-04,49.24671929833954,20
2021-11-05,49.98588041472147,20
2021-11-08,50.27366437829523,20
2021-11-09,51.05054234033322,20
2021-11-10,51.665426398733636,20
2021-11-11,52.070547589448594,20
2021-11-12,53.42253744435579,20
2021-11-15,55.2161821436143,20
2021-11-16,55.24700408471396,20
2021-11-17,56.620370155197556,20
2021-11-18,55.67675357663685,20
2021-11-19,56.41104596292274,20
2021-11-22,56.68489738935066,20
2021-11-23,57.108761128526204,20
2021-11-24,57.18271541208767,20
2021-11-25,57.43547928503971,20
2021-11-26,57.57121556737967,20
2021-11-29,57.63286761253028,20
2021-11-30,57.88053379365088,20
2021-12-01,58.44993712796972,20
2021-12-02,57.82684391594993,20
2021-12-03,57.897529661531415,20
2021-12-06,57.121695540928954,20
2021-12-07,56.75800363245348,20
2021-12-08,57.327677320651034,20
2021-12-09,57.97460375854872,20
2021-12-10,57.88018504744924,20
2021-12-13,57.82531836163675,20
2021-12-14,57.722034156193146,20
2021-12-15,58.08147410475246,20
2021-12-16,58.684792077150036,20
2021-12-17,58.3740226255266,20
2021-12-20,58.25047653367291,20
2021-12-21,59.0587847349966,20
2021-12-22,59.250323496542265,20
2021-12-23,58.52366152797668,20
2021-12-24,57.59213126286465,20
2021-12-27,58.60040580752985,20
2021-12-28,58.785078511271436,20
2021-12-29,59.04457686593717,20
2021-12-30,59.84278085610383,20
2021-12-31,60.583894062147955,20
2022-01-04,62.854758510396806,20
2022-01-05,62.52114674102966,20
2022-01-06,63.33833020640647,20
2022-01-07,62.86216616684417,20
2022-01-10,64.32879632459664,20
2022-01-11,64.06037386426097,20
2022-01-12,64.27292209638776,20
2022-01-13,64.13670974205131,20
2022-01-14,63.44443110334812,20
2022-01-17,64.15025818870825,20
2022-01-18,63.45260690511351,20
2022-01-19,64.15535911485709,20
2022-01-20,62.447734382546,20
2022-01-21,61.42840348535619,20
2022-01-24,61.27249589303152,20
2022-01-25,58.36180223255126,20
2022-01-26,58.96457730267499,20
2022-01-27,57.38495629689952,20
2022-01-28,58.13733783412177,20
2022-02-07,59.309278727357494,20
2022-02-08,60.23479802588744,20
2022-02-09,60.889762828181624,20
2022-02-10,60.54416097440161,20
2022-02-11,59.21460924276282,20
2022-02-14,59.03348459848072,20
2022-02-15,58.91176091246659,20
2022-02-16,59.88380292991605,20
2022-02-17,59.8214326526038,20
2022-02-18,60.1359359192596,20
2022-02-21,60.83672663339987,20
2022-02-22,59.983639141709894,20
2022-02-23,61.19896263857607,20
2022-02-24,59.85964649438143,20
2022-02-25,60.69237122906984,20
2022-02-28,60.689197790411,20
2022-03-01,60.692273932876674,20
2022-03-02,60.761432355410925,20
2022-03-03,61.115552287190496,20
2022-03-04,60.13204605715766,20
2022-03-07,59.16941241352965,20
2022-03-08,56.90787209080885,20
2022-03-09,55.71804690750173,20
2022-03-10,56.95826736304178,20
2022-03-11,57.96028234459909,20
2022-03-14,56.38088907788678,20
2022-03-15,53.885983484883525,20
2022-03-16,54.693568670086286,20
2022-03-17,55.50433928840816,20
2022-03-18,56.241481659743684,20
2022-03-21,57.217112986224585,20
2022-03-22,57.05634300737353,20
2022-03-23,57.08081212113656,20
2022-03-24,56.45704180226125,20
2022-03-25,56.84622018444485,20
2022-03-28,56.65732232894263,20
2022-03-29,56.48117469430542,20
2022-03-30,57.675937629257795,20
2022-03-31,59.05387148108264,20
2022-04-01,58.43513435946294,20
2022-04-06,59.351195285827266,20
2022-04-07,58.30936846449537,20
2022-04-08,57.86618396363747,20
2022-04-11,55.96809557130598,20
2022-04-12,56.727992295002686,20
2022-04-13,55.58364854583522,20
2022-04-14,56.19170143512457,20
2022-04-15,55.24083425234521,20
2022-04-18,56.305649317804146,20
2022-04-19,56.50267794220107,20
2022-04-20,56.32363186814144,20
2022-04-21,55.30057504030206,20
2022-04-22,55.97934043582849,20
2022-04-25,51.99866745714163,20
2022-04-26,49.45540743173862,20
2022-04-27,50.81554625607375,20
2022-04-28,49.40714774522881,20
2022-04-29,51.36595036763008,20
2022-05-05,52.354177556650576,20
2022-05-06,52.06485039851599,19
2022-05-09,52.90326117482659,19
2022-05-10,53.31514537770092,19
2022-05-11,53.26352572982612,19
2022-05-12,53.803653171789286,19
2022-05-13,53.752287253982026,19
2022-05-16,53.70950043188113,19
2022-05-17,53.24255155216414,19
2022-05-18,53.48640522702742,19
2022-05-19,53.667457509199814,19
2022-05-20,54.11607181624263,19
2022-05-23,55.339184682854935,19
2022-05-24,53.6472768083913,19
2022-05-25,54.547458228190834,19
2022-05-26,54.84737002004598,19
2022-05-27,54.47676278123937,19
2022-05-30,54.73568129966054,19
2022-05-31,55.221220198339445,19
2022-06-01,55.51427340648975,19
2022-06-02,55.94599656001266,20
2022-06-06,56.60681261332694,20
2022-06-07,56.21375768383892,20
2022-06-08,55.989000715679175,20
2022-06-09,55.30358092867497,20
2022-06-10,55.80639127933278,20
2022-06-13,55.97030903139159,20
2022-06-14,56.012536840576296,20
2022-06-15,55.96645306192448,20
2022-06-16,56.53400561812991,20
2022-06-17,57.54818595505521,20
2022-06-20,58.306999054849506,20
2022-06-21,57.64157549224578,20
2022-06-22,57.214378670490056,20
2022-06-23,58.180198392219054,20
2022-06-24,58.59935264899136,20
2022-06-27,59.11428260878085,20
2022-06-28,60.11794243868771,20
2022-06-29,59.43110202633451,20
2022-06-30,59.994617792412015,20
2022-07-01,60.7211914813676,20
2022-07-04,61.35788851402512,19
2022-07-05,60.994063772047134,19
2022-07-06,60.354557997467595,19
2022-07-07,60.84373907723081,19
2022-07-08,60.78438661645472,19
2022-07-11,60.290238833317154,19
2022-07-12,59.14297777476992,19
2022-07-13,59.75360841368154,19
2022-07-14,60.331777430139,19
2022-07-15,59.28911903225219,19
2022-07-18,61.61907138558009,19
2022-07-19,61.819932823893964,19
2022-07-20,62.42143974817329,19
2022-07-21,62.64635659098774,19
2022-07-22,62.22443050269147,19
2022-07-25,61.816775766759704,19
2022-07-26,61.99710885634272,19
2022-07-27,63.037293403018104,19
2022-07-28,63.72693482153748,19
2022-07-29,63.53129072951099,19
2022-08-01,63.44965440989693,19
2022-08-02,60.92651124967614,20
2022-08-03,61.24054800482323,20
2022-08-04,61.97407360782078,20
2022-08-05,62.3698204249721,20
2022-08-08,63.079902535121995,20
2022-08-09,62.95157410725787,20
2022-08-10,64.13298484694474,20
2022-08-11,65.13697236615927,20
2022-08-12,65.30371609818243,20
2022-08-15,65.24271227129255,20
2022-08-16,65.29871480399996,20
2022-08-17,65.4373367293872,20
2022-08-18,65.69594509771693,20
2022-08-19,65.34017295299087,20
2022-08-22,65.60685392153296,20
2022-08-23,66.2410036144918,20
2022-08-24,64.35759551490602,20
2022-08-25,64.23497977436716,20
2022-08-26,64.26496277245442,20
2022-08-29,65.40370244871326,20
2022-08-30,64.90446693293909,20
2022-08-31,63.20206695270946,20
2022-09-01,62.50117113433544,20
2022-09-02,63.53792396362471,20
2022-09-05,63.59516467568149,20
2022-09-06,64.47220703592387,20
2022-09-07,64.62756868226052,20
2022-09-08,64.00972859271009,20
2022-09-09,63.4756861138636,20
2022-09-13,63.916937513077684,20
2022-09-14,63.599977184323734,20
2022-09-15,62.54421633067199,20
2022-09-16,61.09511462784099,20
2022-09-19,60.21085185082177,20
2022-09-20,61.10152796023206,20
2022-09-21,61.2812829700968,20
2022-09-22,61.27561180817257,20
2022-09-23,60.19275061068269,20
2022-09-26,59.09399130210252,20
2022-09-27,60.56203220580955,20
2022-09-28,59.654117353403606,20
2022-09-29,59.77322155519421,20
2022-09-30,58.78761313545724,20
2022-10-10,57.629292570332744,20
2022-10-11,58.063321844937356,20
2022-10-12,59.48436249437036,20
2022-10-13,60.50790442452744,20
2022-10-14,61.70428874448549,20
2022-10-17,63.48765800066468,20
2022-10-18,64.16416038834156,20
2022-10-19,64.0221380662143,20
2022-10-20,63.4570697572207,20
2022-10-21,64.23908368852297,20
2022-10-24,64.40542566238608,20
2022-10-25,63.77480639458802,20
2022-10-26,65.33633880705834,20
2022-10-27,64.6688673392384,20
2022-10-28,62.40730612152721,20
2022-10-31,63.50419695599792,20
2022-11-01,64.81724127280293,20
2022-11-02,66.16446395657654,20
2022-11-03,66.18810725042935,20
2022-11-04,67.23273281984758,20
2022-11-07,67.64050451122185,20
2022-11-08,67.4982317063374,20
2022-11-09,68.38043931216113,20
2022-11-10,67.74749665987319,20
2022-11-11,67.93188201182437,20
2022-11-14,68.12143246576193,20
2022-11-15,69.8242320147116,20
2022-11-16,69.42787168892154,20
2022-11-17,69.56188185997037,20
2022-11-18,69.08476075842198,20
2022-11-21,70.50295212201584,20
2022-11-22,70.22496096312092,20
2022-11-23,69.61971525018316,20
2022-11-24,70.34866276623487,20
2022-11-25,70.2312486467093,20
2022-11-28,70.27694940703593,20
2022-11-29,71.14704555497812,20
2022-11-30,71.63886662564329,20
2022-12-01,71.73842792065639,20
2022-12-02,72.27077845584867,20
2022-12-05,72.6529613585909,20
2022-12-06,71.9823003581352,20
2022-12-07,72.66279866394272,20
2022-12-08,72.4788978172809,20
2022-12-09,72.42454742559943,20
2022-12-12,71.94012376506602,20
2022-12-13,72.17194183582366,20
2022-12-14,71.39468124867666,20
2022-12-15,71.98763403989521,20
2022-12-16,71.24229081873784,20
2022-12-19,69.1064186617155,20
2022-12-20,69.54737705813423,20
2022-12-21,69.13826417563794,20
2022-12-22,67.98525388688672,20
2022-12-23,67.55068117580109,20
2022-12-26,68.1030738695125,20
2022-12-27,68.2139698903634,20
2022-12-28,67.8102582295229,20
2022-12-29,67.60521056072903,20
2022-12-30,68.30481700950045,20
2023-01-03,69.81189549939702,20
2023-01-04,70.76118339167378,20
2023-01-05,71.23797353469269,20
2023-01-06,70.78647613757052,20
2023-01-09,70.90684817143391,20
2023-01-10,70.66620965192683,20
2023-01-11,70.02546650888783,20
2023-01-12,70.39049676762895,20
2023-01-13,70.42371099827477,20
2023-01-16,71.19078630838543,20
2023-01-17,71.18149443318751,20
2023-01-18,71.27526958656878,20
2023-01-19,71.62213056959884,20
2023-01-20,72.06185951922039,20
2023-01-30,73.03816501777858,20
2023-01-31,73.61569401409866,20
2023-02-01,74.38829924944258,20
2023-02-02,74.52901797518174,20
2023-02-03,74.25102606047966,20
2023-02-06,74.23488678854113,20
2023-02-07,74.86165963790668,20
2023-02-08,74.74249500160624,20
2023-02-09,75.41314873836535,20
2023-02-10,75.82874565276961,20
2023-02-13,76.97051743481985,20
2023-02-14,77.80660702000094,20
2023-02-15,77.81969078839629,20
2023-02-16,75.58677930366656,20
2023-02-17,76.03023478607497,20
2023-02-20,77.218477177455,20
2023-02-21,77.74662324992978,20
2023-02-22,78.00445068496526,20
2023-02-23,77.93702750741873,20
2023-02-24,77.89387489573853,20
2023-02-27,77.01425230064781,20
2023-02-28,77.88461836300553,20
2023-03-01,78.47887521682169,20
2023-03-02,78.15253404359201,20
2023-03-03,78.4119949868974,20
2023-03-06,78.65532979765858,20
2023-03-07,77.97463258943989,20
2023-03-08,78.17503775450183,20
2023-03-09,78.18874325760903,20
2023-03-10,77.017925362424,20
2023-03-13,76.78351961042979,20
2023-03-14,75.6361529166915,20
2023-03-15,76.96578863954508,20
2023-03-16,75.7542049580804,20
2023-03-17,75.46834238298806,20
2023-03-20,75.14007112142863,20
2023-03-21,76.17512060684903,20
2023-03-22,76.74621636551596,20
2023-03-23,76.90645255713439,20
2023-03-24,76.90765831098929,20
2023-03-27,76.91328873302004,20
2023-03-28,76.70413070618146,20
2023-03-29,76.24052891691886,20
2023-03-30,76.04233045710279,20
2023-03-31,76.70186855187725,20
2023-04-03,76.80074489369134,20
2023-04-04,75.37067078366445,20
2023-04-06,75.22929175870138,20
2023-04-07,75.73655038637779,20
2023-04-10,74.82607166377664,20
2023-04-11,74.63346445962395,20
2023-04-12,75.11588730815463,20
2023-04-13,74.75400402637672,20
2023-04-14,75.38910747077325,20
2023-04-17,76.18745930086409,20
2023-04-18,75.91710889748738,20
2023-04-19,75.60502555661995,20
2023-04-20,74.8639469509321,20
2023-04-21,73.45501754389021,20
2023-04-24,73.10612524806007,20
2023-04-25,71.67751192987703,20
2023-04-26,72.62754954008952,20
2023-04-27,72.76974955566872,20
2023-04-28,74.35396762274755,20
2023-05-04,75.182772383672,20
2023-05-05,74.59904730123932,20
2023-05-08,74.46743241058554,20
2023-05-09,73.04624205455312,20
2023-05-10,72.96211443786149,20
2023-05-11,73.59232800460819,20
2023-05-12,72.81852229560707,20
2023-05-15,73.49571080761056,20
2023-05-16,73.12448170757226,20
2023-05-17,73.34020059607161,20
2023-05-18,73.51616383651876,20
2023-05-19,73.99481980326577,20
2023-05-22,75.05019865825183,20
2023-05-23,74.39901590693458,20
2023-05-24,74.01317675406305,20
2023-05-25,73.70562551515964,20
2023-05-26,73.90668163705281,20
2023-05-29,73.46416117071196,20
2023-05-30,73.37879343543443,20
2023-05-31,72.83944121717839,20
2023-06-01,73.12836529921063,20
2023-06-02,73.86139284379858,20
2023-06-05,73.48570981452225,20
2023-06-06,71.9507780760158,20
2023-06-07,71.79539556275006,20
2023-06-08,71.71079557267196,20
2023-06-09,71.3911820272539,20
2023-06-12,71.88594725938692,20
2023-06-13,72.07598445839223,20
2023-06-14,72.03592438966595,20
2023-06-15,72.51067030609478,20
2023-06-16,72.95161468231814,20
2023-06-19,72.00288944397978,20
2023-06-20,71.5332514126384,20
2023-06-21,70.93071928069023,20
2023-06-26,69.82995765241981,20
2023-06-27,72.01061226549564,20
2023-06-28,72.5294386216716,20
2023-06-29,73.32456251694619,20
2023-06-30,74.25960082665476,20
2023-07-03,74.47420304331743,20
2023-07-04,74.79953427013623,20
2023-07-05,74.66209164670083,20
2023-07-06,74.5789425492309,20
2023-07-07,74.62526470182843,20
2023-07-10,74.69915338711351,20
2023-07-11,75.22994512226394,20
2023-07-12,74.97225710505492,20
2023-07-13,75.79728115824169,20
2023-07-14,76.39696566456098,20
2023-07-17,76.67335356673304,20
2023-07-18,77.26841174851977,20
2023-07-19,77.5390655916186,20
2023-07-20,76.9763386185401,20
2023-07-21,76.7281058416609,20
2023-07-24,76.66694527257741,20
2023-07-25,77.69056688377349,20
2023-07-26,77.62491733469977,20
2023-07-27,76.89133235004456,20
2023-07-28,77.5471708820401,20
2023-07-31,77.62729379528763,20
2023-08-01,77.586368401771,20
2023-08-02,77.57015097621763,20
2023-08-03,77.64808876605315,20
2023-08-04,77.06286172268044,20
2023-08-07,75.96341591414894,20
2023-08-08,76.47362432339865,20
2023-08-09,76.12791233201,20
2023-08-10,76.76915272022366,20
2023-08-11,76.60561559650519,20
2023-08-14,77.03957770481361,20
2023-08-15,76.18425212996232,20
2023-08-16,75.80725565682994,20
2023-08-17,76.68581986370594,20
2023-08-18,75.96194775460025,20
2023-08-21,76.13346112029743,20
2023-08-22,75.61164921199443,20
2023-08-23,74.32541179313453,20
2023-08-24,74.18709608575924,20
2023-08-25,72.85007851620819,20
2023-08-28,73.72081058212304,20
2023-08-29,76.1574045906274,20
2023-08-30,76.82181240230902,20
2023-08-31,76.85973862598192,20
2023-09-01,77.10988222801211,20
2023-09-04,78.13274706260171,20
2023-09-05,78.16894725662071,20
2023-09-06,77.58787771885905,20
2023-09-07,76.1690001019958,20
2023-09-08,76.0004109007386,20
2023-09-11,76.82867479588356,20
2023-09-12,76.99998167612607,20
2023-09-13,76.38558864476336,20
2023-09-14,75.73581549898168,20
2023-09-15,76.1756644395217,20
2023-09-18,77.23412654923528,20
2023-09-19,76.94044299695699,20
2023-09-20,76.70439639830897,20
2023-09-21,76.07594601404263,20
2023-09-22,77.08689155570706,20
2023-09-25,77.31322147377456,20
2023-09-26,76.89328761000142,20
2023-09-27,77.61349243391776,20
2023-09-28,78.34836776420639,20
2023-10-09,77.5021560920823,20
2023-10-10,76.78876941868499,20
2023-10-11,76.83626101236435,20
2023-10-12,77.52250917810709,20
2023-10-13,76.79428990528055,20
2023-10-16,76.22832407655704,20
2023-10-17,75.92704942647968,20
2023-10-18,74.41927115630173,20
2023-10-19,73.80578700696525,20
2023-10-20,73.23884543226184,20
2023-10-23,71.36356419848674,20
2023-10-24,73.1324727927034,20
2023-10-25,73.83405895871425,20
2023-10-26,73.87774722458735,20
2023-10-27,75.29641379780045,20
2023-10-30,75.84033801828255,20
2023-10-31,75.68041304400523,20
2023-11-01,75.87622024746751,20
2023-11-02,75.02377468474651,20
2023-11-03,75.54573316820832,20
2023-11-06,77.0595681030401,20
2023-11-07,76.95466572575003,20
2023-11-08,76.72696583752166,20
2023-11-09,76.8430108970752,20
2023-11-10,77.103023539699,20
2023-11-13,77.58898871727516,20
2023-11-14,77.45905477444592,20
2023-11-15,78.10971802288643,20
2023-11-16,77.23218681547216,20
2023-11-17,77.9464395961198,20
2023-11-20,78.39324453251184,20
2023-11-21,78.18107375350495,20
2023-11-22,77.27007893797455,20
2023-11-23,78.32060905319301,20
2023-11-24,77.71764066120826,20
2023-11-27,77.45346245845526,20
2023-11-28,78.142556120975,20
2023-11-29,77.5101562819859,20
2023-11-30,77.2264106073597,20
2023-12-01,77.24007410499621,20
2023-12-04,76.88700126691673,20
2023-12-05,75.5955353445325,20
2023-12-06,75.88852426966025,20
2023-12-07,75.65046075795705,20
2023-12-08,74.80376587418762,20
2023-12-11,75.52197242294477,20
2023-12-12,75.92306556664043,20
2023-12-13,75.68959078873692,20
2023-12-14,75.60984878942696,20
2023-12-15,75.23565924294158,20
2023-12-18,74.84639120329807,20
2023-12-19,74.76749193275498,20
2023-12-20,74.08538262523018,20
2023-12-21,74.77344491481169,20
2023-12-22,74.32550853691701,20
2023-12-25,74.29550233297878,20
2023-12-26,73.46674203304782,20
2023-12-27,73.70550647370906,20
2023-12-28,74.46752132576603,20
2023-12-29,75.45102579850487,20
2024-01-02,76.57969270032727,20
2024-01-03,76.53259063417003,20
2024-01-04,76.94962064864806,20
2024-01-05,75.95254265961553,20
2024-01-08,74.44150507138501,20
2024-01-09,74.80242415643521,20
2024-01-10,74.1634710539422,20
2024-01-11,74.8439559722935,20
2024-01-12,74.77562567938735,20
2024-01-15,75.3527147471349,20
2024-01-16,75.30074294055166,20
2024-01-17,73.71615521856202,20
2024-01-18,73.15914496525743,20
2024-01-19,72.39147695843653,20
2024-01-22,67.92182185966202,20
2024-01-23,68.21919541164145,20
2024-01-24,69.17881984131618,20
2024-01-25,71.37548538248714,20
2024-01-26,71.32200616454041,20
2024-01-29,70.49482586245801,20
2024-01-30,68.35077954776571,20
2024-01-31,66.35423250293762,20
2024-02-01,65.49346386551025,20
2024-02-02,62.14152308088724,20
2024-02-05,57.0616497821017,20
2024-02-06,57.820396752352245,20
2024-02-07,56.052248783471,20
2024-02-08,61.23320623042216,20
2024-02-19,63.47534579947634,20
2024-02-20,64.01660399621876,20
2024-02-21,65.43041676005224,20
2024-02-22,66.91877762491826,20
2024-02-23,68.68010121045162,20
2024-02-26,70.05277740040574,20
2024-02-27,71.59262409432598,20
2024-02-28,66.53798527703792,20
2024-02-29,68.90171698537476,20
2024-03-01,69.61391615918042,20
2024-03-04,69.76509510595479,20
2024-03-05,68.1305178851529,20
2024-03-06,68.73983445414504,20
2024-03-07,68.56592122855729,20
2024-03-08,69.3457729111349,20
2024-03-11,70.71094284979635,20
2024-03-12,71.99922238874716,20
2024-03-13,72.25222109198359,20
2024-03-14,72.58595584534174,20
2024-03-15,73.93138758850354,20
2024-03-18,76.15937942445387,20
2024-03-19,76.318685505362,20
2024-03-20,77.1574231454877,20
2024-03-21,77.21633645991247,20
2024-03-22,75.72205358271435,20
2024-03-25,74.04054598647701,20
2024-03-26,74.62736775189022,20
2024-03-27,73.09266739631823,20
2024-03-28,74.49999402492085,20
2024-03-29,74.77949088593384,20
2024-04-01,76.94699215640712,20
2024-04-02,77.76896709168736,20
2024-04-03,77.24775912975976,20
2024-04-08,75.53506906789549,20
2024-04-09,76.88983301437578,20
2024-04-10,75.11218688524254,20
2024-04-11,75.52508063104364,20
2024-04-12,75.6614190290163,20
2024-04-15,72.86216743893787,20
2024-04-16,68.37660926881327,20
2024-04-17,72.90731664579248,20
2024-04-18,73.71409189921573,20
2024-04-19,74.37141994047325,20
2024-04-22,73.64375029056436,20
2024-04-23,73.98368213127641,20
2024-04-24,75.01703275790587,20
2024-04-25,76.25766638238349,20
2024-04-26,76.15332001443727,20
2024-04-29,77.52801773706982,20
2024-04-30,78.58046244912448,20
2024-05-06,80.94515859102282,20
2024-05-07,81.13440029293518,20
2024-05-08,80.19379128275901,20
2024-05-09,81.04066518921628,20
2024-05-10,80.60725478410889,20
2024-05-13,80.75108025415349,20
2024-05-14,82.13045365203244,20
2024-05-15,81.62733524355882,20
2024-05-16,81.63738413269216,20
2024-05-17,81.84479512059508,20
2024-05-20,82.95036181735213,20
2024-05-21,82.56710099440433,20
2024-05-22,81.84375263258556,20
2024-05-23,80.48535557360962,20
2024-05-24,79.8392525717534,20
2024-05-27,80.60310715041601,20
2024-05-28,79.59095516459317,20
2024-05-29,79.74889750159011,20
2024-05-30,79.26623177380917,20
2024-05-31,79.31823003169096,20
2024-06-03,78.2754280861122,20
2024-06-04,79.32170824358568,20
2024-06-05,77.83962072792822,20
2024-06-06,76.10081462406973,20
2024-06-07,77.41842521953134,20
2024-06-11,77.38284963312779,20
2024-06-12,78.18229101005555,20
2024-06-13,77.27344755384416,20
2024-06-14,77.34342956255215,20
2024-06-17,76.92182020386403,20
2024-06-18,77.1194538002594,20
2024-06-19,76.37240165585708,20
2024-06-20,75.14380985587408,20
2024-06-21,75.28662022110592,20
2024-06-24,73.01400517336917,20
2024-06-25,73.50016940486054,20
2024-06-26,74.88110241149009,20
2024-06-27,73.41750053112146,20
2024-06-28,73.64901885387766,20
