date,nav,num_held
2006-01-04,1.0,0
2006-01-05,1.0,0
2006-01-06,1.0,0
2006-01-09,1.0,0
2006-01-10,1.0,0
2006-01-11,1.0,0
2006-01-12,1.0,0
2006-01-13,1.0,0
2006-01-16,1.0,0
2006-01-17,1.0,0
2006-01-18,1.0,0
2006-01-19,1.0,0
2006-01-20,1.0,0
2006-01-23,1.0,0
2006-01-24,1.0,0
2006-01-25,1.0,0
2006-02-06,0.9995000949747064,0
2006-02-07,1.0102770253321185,6
2006-02-08,1.0182117865376927,6
2006-02-09,1.0024864075651083,6
2006-02-10,1.0219113130815505,6
2006-02-13,1.033322454854984,6
2006-02-14,1.0344267591875211,6
2006-02-15,1.0252235985984628,6
2006-02-16,0.9763107541784538,6
2006-02-17,0.966382902428759,6
2006-02-20,0.9515273331361195,6
2006-02-21,0.9764331219412549,6
2006-02-22,0.9787646176165539,6
2006-02-23,0.9778224523791667,6
2006-02-24,0.9890823068745426,6
2006-02-27,0.9828670760595754,6
2006-02-28,0.9783653852731049,6
2006-03-01,0.9874584221376517,6
2006-03-02,0.9588658629460148,8
2006-03-03,0.9532383787357328,8
2006-03-06,0.9460557679057434,8
2006-03-07,0.9124729663085868,8
2006-03-08,0.9072196175634917,8
2006-03-09,0.9146636838964445,8
2006-03-10,0.9235191912354561,8
2006-03-13,0.9379353677460761,8
2006-03-14,0.9333568527537525,8
2006-03-15,0.9479414164531572,8
2006-03-16,0.9489116112477911,8
2006-03-17,0.9417414246299174,8
2006-03-20,0.9567468643503803,8
2006-03-21,0.9545559755112181,8
2006-03-22,0.9688079263284637,8
2006-03-23,0.9762142989331108,8
2006-03-24,0.9633501608194402,8
2006-03-27,0.9753730583622374,8
2006-03-28,0.9438231418396062,8
2006-03-29,0.9422108021624596,8
2006-03-30,0.9241551738196596,8
2006-03-31,0.934558963495088,8
2006-04-03,0.9506491028219886,8
2006-04-04,0.9722606871510749,8
2006-04-05,0.9819530686017891,8
2006-04-06,0.9774767356802404,8
2006-04-07,0.9735141869328088,8
2006-04-10,1.0129964325492526,8
2006-04-11,1.0190132575124025,8
2006-04-12,1.0102278691445836,8
2006-04-13,0.9763074238513375,8
2006-04-14,1.0122719553123642,8
2006-04-17,1.03024074642582,8
2006-04-18,1.0148437012443274,8
2006-04-19,1.01591266343959,8
2006-04-20,0.9914920332001641,8
2006-04-21,1.0025264816669754,8
2006-04-24,0.9871145078067532,8
2006-04-25,0.970320696106821,8
2006-04-26,0.9817244637723562,8
2006-04-27,0.9741178795229659,8
2006-04-28,0.9845966330421674,8
2006-05-08,1.0184108232446096,8
2006-05-09,1.0555117630684263,10
2006-05-10,1.0753232335766698,10
2006-05-11,1.0495410806110428,10
2006-05-12,1.0712834006954544,10
2006-05-15,1.143007026771326,10
2006-05-16,1.088088520504869,10
2006-05-17,1.1053261880568757,10
2006-05-18,1.1035761273321483,10
2006-05-19,1.1382090806494514,10
2006-05-22,1.1591901421031099,10
2006-05-23,1.0719306096961054,10
2006-05-24,1.0449959535235478,10
2006-05-25,1.0666260154860017,10
2006-05-26,1.0890327140686278,10
2006-05-29,1.1153971614494242,10
2006-05-30,1.1404519887292979,10
2006-05-31,1.143836845301376,10
2006-06-01,1.1959742012539425,10
2006-06-02,1.1855775136108568,20
2006-06-05,1.212919804414528,20
2006-06-06,1.1926105853848918,20
2006-06-07,1.1028756101899622,20
2006-06-08,1.1090755006803128,20
2006-06-09,1.0847201562472126,20
2006-06-12,1.0923748313690063,20
2006-06-13,1.099884212172779,20
2006-06-14,1.0867888361283837,20
2006-06-15,1.095103474620596,20
2006-06-16,1.127088242943034,20
2006-06-19,1.1440442294418827,20
2006-06-20,1.14767087513364,20
2006-06-21,1.1423764220725023,20
2006-06-22,1.1297606357976149,20
2006-06-23,1.131405813424364,20
2006-06-26,1.1568135998416893,20
2006-06-27,1.154625222545397,20
2006-06-28,1.1515475211674757,20
2006-06-29,1.1788895778641701,20
2006-06-30,1.1747497767058142,20
2006-07-03,1.1981636246589285,20
2006-07-04,1.1840804424732418,20
2006-07-05,1.176098890124734,20
2006-07-06,1.2058007894350806,20
2006-07-07,1.2047019915438775,20
2006-07-10,1.2148853576582002,20
2006-07-11,1.2221870972366375,20
2006-07-12,1.2277594265641039,20
2006-07-13,1.1475763999563722,20
2006-07-14,1.1643226944039018,20
2006-07-17,1.191939278322612,20
2006-07-18,1.1932001570027666,20
2006-07-19,1.167622978001292,20
2006-07-20,1.1714348423290046,20
2006-07-21,1.1768490255099524,20
2006-07-24,1.1666511360295415,20
2006-07-25,1.174728228189195,20
2006-07-26,1.1820126816018133,20
2006-07-27,1.175145115696826,20
2006-07-28,1.1566730653750563,20
2006-07-31,1.0914665116721558,20
2006-08-01,1.0780613959753211,20
2006-08-02,1.075778319917454,20
2006-08-03,1.0786789725294885,20
2006-08-04,1.048094602773996,20
2006-08-07,1.019422584139233,20
2006-08-08,1.040768671114744,20
2006-08-09,1.033181546863551,20
2006-08-10,1.0544486011932492,20
2006-08-11,1.0591090328117487,20
2006-08-14,1.035456389763182,20
2006-08-15,1.0490700898081136,20
2006-08-16,1.0703851792834327,20
2006-08-17,1.0612375176016724,20
2006-08-18,1.0652184536805667,20
2006-08-21,1.079336942548789,20
2006-08-22,1.0888449866378553,20
2006-08-23,1.08606812008851,20
2006-08-24,1.0980441084018857,20
2006-08-25,1.100813864219751,20
2006-08-28,1.1204086707699907,20
2006-08-29,1.1249783740136192,20
2006-08-30,1.122259788313428,20
2006-08-31,1.1232881566147817,20
2006-09-01,1.1021608208653753,20
2006-09-04,1.1289976637044041,20
2006-09-05,1.1196757536693094,20
2006-09-06,1.1281740733076744,20
2006-09-07,1.1164898309094278,20
2006-09-08,1.11670496461526,20
2006-09-11,1.1182636952688072,20
2006-09-12,1.1274163919735225,20
2006-09-13,1.1103446440132387,20
2006-09-14,1.100467780489204,20
2006-09-15,1.1145045140793266,20
2006-09-18,1.128700829528576,20
2006-09-19,1.1362602957699293,20
2006-09-20,1.138788137171386,20
2006-09-21,1.1491536642150533,20
2006-09-22,1.1381601918529518,20
2006-09-25,1.1355768760859544,20
2006-09-26,1.1236302920037302,20
2006-09-27,1.1299786336168487,20
2006-09-28,1.1481724465785197,20
2006-09-29,1.1592647532318834,20
2006-10-09,1.1771801440726088,20
2006-10-10,1.1966474319447582,20
2006-10-11,1.2057816774778005,20
2006-10-12,1.1898912361081946,20
2006-10-13,1.1893314737726515,20
2006-10-16,1.1884203510127687,20
2006-10-17,1.1937781847146496,20
2006-10-18,1.203942765659336,20
2006-10-19,1.2107409480765445,20
2006-10-20,1.1958218034488028,20
2006-10-23,1.1677956898655708,20
2006-10-24,1.1935110500019286,20
2006-10-25,1.1903767785712989,20
2006-10-26,1.1947180876148118,20
2006-10-27,1.1809682929340883,20
2006-10-30,1.19690157411654,20
2006-10-31,1.2060100598919292,20
2006-11-01,1.2156309612935918,20
2006-11-02,1.2126684382412893,20
2006-11-03,1.2092720152530698,20
2006-11-06,1.1977765722131628,20
2006-11-07,1.1898823614373752,20
2006-11-08,1.1869097399685042,20
2006-11-09,1.1987203363395948,20
2006-11-10,1.1796243813732663,20
2006-11-13,1.1362999432952086,20
2006-11-14,1.1394334953542555,20
2006-11-15,1.160540817629051,20
2006-11-16,1.1450528699090698,20
2006-11-17,1.1473134448368478,20
2006-11-20,1.1350437398991804,20
2006-11-21,1.1636407449092119,20
2006-11-22,1.174764194250444,20
2006-11-23,1.1734805649370914,20
2006-11-24,1.1778954955797085,20
2006-11-27,1.2087256818976442,20
2006-11-28,1.208055002094778,20
2006-11-29,1.2319861236687655,20
2006-11-30,1.2561578540458618,20
2006-12-01,1.263597604395635,20
2006-12-04,1.293668175042537,20
2006-12-05,1.2859132707986358,20
2006-12-06,1.269795471946913,20
2006-12-07,1.257116839597604,20
2006-12-08,1.2202355932095863,20
2006-12-11,1.25799434212791,20
2006-12-12,1.2714345376403589,20
2006-12-13,1.2753610997813378,20
2006-12-14,1.3133994986109236,20
2006-12-15,1.3352893401619008,20
2006-12-18,1.364450097513533,20
2006-12-19,1.368759024089881,20
2006-12-20,1.4145529394362453,20
2006-12-21,1.409240380154546,20
2006-12-22,1.3916521468490533,20
2006-12-25,1.4029060823980017,20
2006-12-26,1.397120582796304,20
2006-12-27,1.4113479520708176,20
2006-12-28,1.383222239442848,20
2006-12-29,1.4174876538418024,20
2007-01-04,1.4170825444778676,20
2007-01-05,1.4725373770263503,20
2007-01-08,1.5317799631218951,20
2007-01-09,1.5669123683173203,20
2007-01-10,1.616302816664223,20
2007-01-11,1.5968087897102772,20
2007-01-12,1.5520068680780468,20
2007-01-15,1.6483881485079277,20
2007-01-16,1.7092273031888925,20
2007-01-17,1.7054855581359267,20
2007-01-18,1.757766958942309,20
2007-01-19,1.8178347625565592,20
2007-01-22,1.9043989539178672,20
2007-01-23,1.8828962516958563,20
2007-01-24,1.8897880830422442,20
2007-01-25,1.7871782792521427,20
2007-01-26,1.798884869754525,20
2007-01-29,1.849704585885067,20
2007-01-30,1.8717338237723284,20
2007-01-31,1.7710245100845237,20
2007-02-01,1.799621724191044,20
2007-02-02,1.7836088875643679,20
2007-02-05,1.78721198923559,20
2007-02-06,1.8199309226780542,20
2007-02-07,1.842001031839111,20
2007-02-08,1.8643244617963937,20
2007-02-09,1.872107231585164,20
2007-02-12,1.932013397138394,20
2007-02-13,1.9778886772679645,20
2007-02-14,2.0190153272740523,20
2007-02-15,2.0831698838617068,20
2007-02-16,2.1017037655887796,20
2007-02-26,2.1352604822833254,20
2007-02-27,1.9297082525039135,20
2007-02-28,1.9763245403402214,20
2007-03-01,1.8926858906330741,20
2007-03-02,1.9198317635622038,20
2007-03-05,1.9159803814799063,20
2007-03-06,1.9371509012823889,20
2007-03-07,1.9918987585823076,20
2007-03-08,2.026628939927734,20
2007-03-09,2.0114127272581355,20
2007-03-12,2.0122199684019395,20
2007-03-13,2.0266997938605713,20
2007-03-14,2.001016087512425,20
2007-03-15,2.02582088779008,20
2007-03-16,2.0106609955378785,20
2007-03-19,2.030059707303551,20
2007-03-20,2.04829883799415,20
2007-03-21,2.087874980370069,20
2007-03-22,2.096733251966989,20
2007-03-23,2.1105194542121386,20
2007-03-26,2.153218762867831,20
2007-03-27,2.165593312876248,20
2007-03-28,2.13649787181006,20
2007-03-29,2.1043485888202587,20
2007-03-30,2.1205388919992787,20
2007-04-02,2.159115184001123,20
2007-04-03,2.170916381881573,20
2007-04-04,2.2118197516122313,20
2007-04-05,2.234688095277621,20
2007-04-06,2.2801526025594168,20
2007-04-09,2.3157739595951754,20
2007-04-10,2.3571388998622993,20
2007-04-11,2.3908115869230566,20
2007-04-12,2.4350455214560807,20
2007-04-13,2.441211635996002,20
2007-04-16,2.5081133412063696,20
2007-04-17,2.5664406877131967,20
2007-04-18,2.605321795068768,20
2007-04-19,2.4577153768124504,20
2007-04-20,2.570009446172263,20
2007-04-23,2.6213052043571174,20
2007-04-24,2.6239083379113537,20
2007-04-25,2.618604888944927,20
2007-04-26,2.6455315567000124,20
2007-04-27,2.600466739174769,20
2007-04-30,2.5954026930452154,20
2007-05-08,2.667061659043499,20
2007-05-09,2.6143897661383964,20
2007-05-10,2.631988171408447,20
2007-05-11,2.6165621826449943,20
2007-05-14,2.6289764852137116,20
2007-05-15,2.5869541271541663,20
2007-05-16,2.6254361028655437,20
2007-05-17,2.6774427326250567,20
2007-05-18,2.7053456583423596,20
2007-05-21,2.7585541533562705,20
2007-05-22,2.803427223861332,20
2007-05-23,2.8702014546899757,20
2007-05-24,2.818543893292847,20
2007-05-25,2.8566887445175935,20
2007-05-28,2.9386054551554293,20
2007-05-29,3.019293133653719,20
2007-05-30,2.7857277888175678,20
2007-05-31,2.8266605254051895,20
2007-06-01,2.7529829772350403,20
2007-06-04,2.5243954697051403,20
2007-06-05,2.5934010483842025,20
2007-06-06,2.645179878788145,20
2007-06-07,2.7841963869492266,20
2007-06-08,2.817708579825277,20
2007-06-11,2.9120662697693174,20
2007-06-12,2.9718456899386942,20
2007-06-13,3.049847441776379,20
2007-06-14,3.0292840907848566,20
2007-06-15,3.1386046899942377,20
2007-06-18,3.2473777957624943,20
2007-06-19,3.2403956991175207,20
2007-06-20,3.1174342691989723,20
2007-06-21,3.1235780340176804,20
2007-06-22,2.9612480402823436,20
2007-06-25,2.789201939889745,20
2007-06-26,2.920123954273953,20
2007-06-27,2.9855498905998523,20
2007-06-28,2.8001806785493715,20
2007-06-29,2.722011053497152,20
2007-07-02,2.7843628279943093,20
2007-07-03,2.855989079855885,20
2007-07-04,2.7690436003942507,20
2007-07-05,2.599236087560174,20
2007-07-06,2.7367794349268593,20
2007-07-09,2.812744691869969,20
2007-07-10,2.714654395282972,20
2007-07-11,2.743887005143727,20
2007-07-12,2.753754450208505,20
2007-07-13,2.7657297285423357,20
2007-07-16,2.7217225988169367,20
2007-07-17,2.7706373049968294,20
2007-07-18,2.793236909319782,20
2007-07-19,2.8118185378075946,20
2007-07-20,2.9058060520825775,20
2007-07-23,3.0155485104100497,20
2007-07-24,3.0081921720021687,20
2007-07-25,3.073129628762369,20
2007-07-26,3.0904758538606347,20
2007-07-27,3.184488163229902,20
2007-07-30,3.24933365193878,20
2007-07-31,3.2613068896559714,20
2007-08-01,3.0963835406566815,20
2007-08-02,3.2055510542673518,20
2007-08-03,3.2678404355079813,20
2007-08-06,3.273954396657727,20
2007-08-07,3.2678253042394596,20
2007-08-08,3.1926607370147035,20
2007-08-09,3.2094151020078527,20
2007-08-10,3.122665995992509,20
2007-08-13,3.1341378628178727,20
2007-08-14,3.2154746552411657,20
2007-08-15,3.1836277455101545,20
2007-08-16,3.193411054122002,20
2007-08-17,3.182998607619035,20
2007-08-20,3.2952884510676865,20
2007-08-21,3.2900736405971736,20
2007-08-22,3.312633262352456,20
2007-08-23,3.345548355646305,20
2007-08-24,3.3698275795471924,20
2007-08-27,3.3142038728968046,20
2007-08-28,3.2705953251619087,20
2007-08-29,3.2659265489409988,20
2007-08-30,3.359171989656291,20
2007-08-31,3.3959184152729858,20
2007-09-03,3.443672116094194,20
2007-09-04,3.4232996416646793,20
2007-09-05,3.424184741826726,20
2007-09-06,3.4386293392639016,20
2007-09-07,3.3497348302717156,20
2007-09-10,3.3977194675460916,20
2007-09-11,3.1754713274302198,20
2007-09-12,3.1995921679202333,20
2007-09-13,3.2337595771171297,20
2007-09-14,3.2553750190042336,20
2007-09-17,3.283898232093666,20
2007-09-18,3.2889142457139413,20
2007-09-19,3.2450127717016257,20
2007-09-20,3.255853120644875,20
2007-09-21,3.2103605085155866,20
2007-09-24,3.212440367301679,20
2007-09-25,3.1937045151356718,20
2007-09-26,3.175460305107751,20
2007-09-27,3.2274582971779657,20
2007-09-28,3.290328601843362,20
2007-10-08,3.2949491518599885,20
2007-10-09,3.3215731781434337,20
2007-10-10,3.295998770735465,20
2007-10-11,3.2596208165258305,20
2007-10-12,3.162820431421731,20
2007-10-15,3.173068877926391,20
2007-10-16,3.216515213788043,20
2007-10-17,3.2303639479128172,20
2007-10-18,3.198975749370175,20
2007-10-19,3.191143777584277,20
2007-10-22,3.1482571836326034,20
2007-10-23,3.175558673848349,20
2007-10-24,3.1331586468425816,20
2007-10-25,2.911296718995012,20
2007-10-26,2.8770568319270104,20
2007-10-29,2.891333735497449,20
2007-10-30,2.9410415816973132,20
2007-10-31,3.05112461092372,20
2007-11-01,2.9571687008028706,20
2007-11-02,2.881780537939053,20
2007-11-05,2.962259635742043,20
2007-11-06,2.9730448885416347,20
2007-11-07,2.9479818575368744,20
2007-11-08,2.8642250723650995,20
2007-11-09,2.8782298505054555,20
2007-11-12,2.844146737143388,20
2007-11-13,2.855705845181914,20
2007-11-14,2.937453711348381,20
2007-11-15,2.921232408700961,20
2007-11-16,2.927899710590495,20
2007-11-19,3.0309213308498397,20
2007-11-20,3.0645934730362963,20
2007-11-21,3.0636836344428953,20
2007-11-22,2.965818279864491,20
2007-11-23,2.983190949661109,20
2007-11-26,2.9644690791990804,20
2007-11-27,2.9330216271455165,20
2007-11-28,2.9279737570259194,20
2007-11-29,3.0009579418422327,20
2007-11-30,2.954424769906696,20
2007-12-03,2.976645614894407,20
2007-12-04,2.9912989589445456,20
2007-12-05,3.037108512141347,20
2007-12-06,3.0289637569557883,20
2007-12-07,3.066181849826725,20
2007-12-10,3.1562679743170317,20
2007-12-11,3.1805464161447543,20
2007-12-12,3.232132214766021,20
2007-12-13,3.189175442724392,20
2007-12-14,3.217638580456928,20
2007-12-17,3.2654041856086757,20
2007-12-18,3.210502947434579,20
2007-12-19,3.269627995171054,20
2007-12-20,3.3005915389880935,20
2007-12-21,3.341930334085804,20
2007-12-24,3.393969170285553,20
2007-12-25,3.467437025908883,20
2007-12-26,3.5646474684615668,20
2007-12-27,3.6109667143684785,20
2007-12-28,3.6104216418324304,20
2008-01-02,3.7857648325735505,20
2008-01-03,3.845415351241084,20
2008-01-04,3.819342675922758,20
2008-01-07,3.885466535162948,20
2008-01-08,3.765051166413551,20
2008-01-09,3.8797104893156593,20
2008-01-10,3.869736111546255,20
2008-01-11,3.8832724872618347,20
2008-01-14,3.9409619292713214,20
2008-01-15,4.047249358344113,20
2008-01-16,4.0388666782175235,20
2008-01-17,3.974529752577386,20
2008-01-18,4.000047154404103,20
2008-01-21,3.8406950132524265,20
2008-01-22,3.468570307259833,20
2008-01-23,3.6288563427755687,20
2008-01-24,3.7396433834958547,20
2008-01-25,3.7312498016443745,20
2008-01-28,3.4448317041396286,20
2008-01-29,3.483984863519927,20
2008-01-30,3.548364754515519,20
2008-01-31,3.4413592324579394,20
2008-02-01,3.268609137471818,20
2008-02-04,3.527215772337836,20
2008-02-05,3.5088459590082,20
2008-02-13,3.475623067697257,20
2008-02-14,3.5508673123798613,20
2008-02-15,3.5513240044386607,20
2008-02-18,3.6938664044403415,20
2008-02-19,3.752533967659084,20
2008-02-20,3.6905895418963386,20
2008-02-21,3.6916732013541464,20
2008-02-22,3.5943431087727618,20
2008-02-25,3.46409033176198,20
2008-02-26,3.467240922472768,20
2008-02-27,3.5183175796369017,20
2008-02-28,3.54757588876816,20
2008-02-29,3.59156427208265,20
2008-03-03,3.6942035782855482,20
2008-03-04,3.654262513283825,20
2008-03-05,3.6304066166933495,20
2008-03-06,3.644264076526535,20
2008-03-07,3.5938661660311975,20
2008-03-10,3.4964837252158474,20
2008-03-11,3.5056977030329364,20
2008-03-12,3.431964144334222,20
2008-03-13,3.3123719483409495,20
2008-03-14,3.2927723614337783,20
2008-03-17,3.0708776759030116,20
2008-03-18,2.8501898351204824,20
2008-03-19,2.9764077463645218,20
2008-03-20,3.0940191245191944,20
2008-03-21,3.0900233456801134,20
2008-03-24,3.0225467645455866,20
2008-03-25,3.0792568334019474,20
2008-03-26,3.0772763393850178,20
2008-03-27,2.93910825577514,20
2008-03-28,3.009473712150819,20
2008-03-31,2.8936164026138256,20
2008-04-01,2.6399419826520427,20
2008-04-02,2.4900851492528604,20
2008-04-03,2.540784999399533,20
2008-04-07,2.6909905658225926,20
2008-04-08,2.733930218627387,20
2008-04-09,2.600448682750976,20
2008-04-10,2.6455570673685993,20
2008-04-11,2.7156264151218203,20
2008-04-14,2.5433722094658897,20
2008-04-15,2.5851462041488293,20
2008-04-16,2.546469830430189,20
2008-04-17,2.4535143775810386,20
2008-04-18,2.322774590239653,20
2008-04-21,2.295684689230439,20
2008-04-22,2.235062644159443,20
2008-04-23,2.341338886330206,20
2008-04-24,2.5664108954857934,20
2008-04-25,2.567979684970519,20
2008-04-28,2.5263365459793645,20
2008-04-29,2.566216358157908,20
2008-04-30,2.6687500895633502,20
2008-05-05,2.768587537991104,20
2008-05-06,2.748339370494332,18
2008-05-07,2.6216124159090177,18
2008-05-08,2.696052422987753,18
2008-05-09,2.686236430282636,18
2008-05-12,2.7224495940178572,18
2008-05-13,2.735524041662592,18
2008-05-14,2.8204223252112244,18
2008-05-15,2.8365061242445777,18
2008-05-16,2.8106731739892865,18
2008-05-19,2.814648316739778,18
2008-05-20,2.6502701611415045,18
2008-05-21,2.6959917449103745,18
2008-05-22,2.6346499913757007,18
2008-05-23,2.625319920075403,18
2008-05-26,2.541039740494488,18
2008-05-27,2.5456982612050862,18
2008-05-28,2.617460906381598,18
2008-05-29,2.559243317650349,18
2008-05-30,2.605171433994961,18
2008-06-02,2.6344187422209404,18
2008-06-03,2.6333173834724124,20
2008-06-04,2.612874321183113,20
2008-06-05,2.6597448701448756,20
2008-06-06,2.69901043450908,20
2008-06-10,2.454086651613348,20
2008-06-11,2.396868051244753,20
2008-06-12,2.405644819641849,20
2008-06-13,2.3452491929359054,20
2008-06-16,2.330642698859881,20
2008-06-17,2.349692492981343,20
2008-06-18,2.4434315931032375,20
2008-06-19,2.213906556555389,20
2008-06-20,2.187308915923558,20
2008-06-23,2.063381505113652,20
2008-06-24,2.090405660928534,20
2008-06-25,2.204695971144884,20
2008-06-26,2.2515064467440813,20
2008-06-27,2.0839487458749537,20
2008-06-30,2.101081866122979,20
2008-07-01,2.0648943565930225,20
2008-07-02,2.097116770395489,20
2008-07-03,2.182130420345451,20
2008-07-04,2.167875380916863,20
2008-07-07,2.2723869746148666,20
2008-07-08,2.308837432100967,20
2008-07-09,2.3909128258911734,20
2008-07-10,2.374061037495454,20
2008-07-11,2.3409984299246998,20
2008-07-14,2.388490807261982,20
2008-07-15,2.3228315860132125,20
2008-07-16,2.1980903457721443,20
2008-07-17,2.1753421945521,20
2008-07-18,2.2456038375342957,20
2008-07-21,2.3218701253254506,20
2008-07-22,2.3390504744638836,20
2008-07-23,2.3286661468676644,20
2008-07-24,2.3764010933582354,20
2008-07-25,2.3806527891233418,20
2008-07-28,2.4047353926811397,20
2008-07-29,2.3473715389170478,20
2008-07-30,2.3391440813102164,20
2008-07-31,2.2650009828489432,20
2008-08-01,2.2612801790020596,20
2008-08-04,2.21209791983973,20
2008-08-05,2.1920811262603106,20
2008-08-06,2.196308024259944,20
2008-08-07,2.2131365099479114,20
2008-08-08,2.067748034829345,20
2008-08-11,1.9471642984730342,20
2008-08-12,1.9296117458852444,20
2008-08-13,1.8968472766483613,20
2008-08-14,1.9070373939416043,20
2008-08-15,1.9194425445236072,20
2008-08-18,1.8186039775301959,20
2008-08-19,1.839276767710394,20
2008-08-20,1.9875232849313913,20
2008-08-21,1.9161540711121399,20
2008-08-22,1.8972123329766328,20
2008-08-25,1.8903616679601587,20
2008-08-26,1.790558666061242,20
2008-08-27,1.789477068737148,20
2008-08-28,1.7874747143222058,20
2008-08-29,1.8344653693866286,20
2008-09-01,1.7800065548136024,20
2008-09-02,1.7855346897371056,20
2008-09-03,1.7678091771164945,20
2008-09-04,1.790137874176187,20
2008-09-05,1.6989207081840052,20
2008-09-08,1.6021860038223934,20
2008-09-09,1.6230093298064463,20
2008-09-10,1.6367824344936708,20
2008-09-11,1.5972650155882833,20
2008-09-12,1.6065369977008328,20
2008-09-16,1.561917217948714,20
2008-09-17,1.5426110556950956,20
2008-09-18,1.4882991020081748,20
2008-09-19,1.637228680389231,20
2008-09-22,1.7061527638337206,20
2008-09-23,1.6001773560045258,20
2008-09-24,1.612795470402319,20
2008-09-25,1.66373753295184,20
2008-09-26,1.6463465410754992,20
2008-10-06,1.5557203619680136,20
2008-10-07,1.5432299501998334,20
2008-10-08,1.5188977921832056,20
2008-10-09,1.515751535762827,20
2008-10-10,1.4151543972110214,20
2008-10-13,1.4196351729229648,20
2008-10-14,1.376380501001182,20
2008-10-15,1.3662524911444105,20
2008-10-16,1.2650532262207734,20
2008-10-17,1.2735015738124493,20
2008-10-20,1.3183390386115705,20
2008-10-21,1.3315547110257098,20
2008-10-22,1.302986250298385,20
2008-10-23,1.3115069882869372,20
2008-10-24,1.303744515289332,20
2008-10-27,1.2251495021412355,20
2008-10-28,1.262801223371485,20
2008-10-29,1.2527847197576003,20
2008-10-30,1.2634494433990644,20
2008-10-31,1.2371732832775804,20
2008-11-03,1.2419499829855913,20
2008-11-04,1.2423863060067526,20
2008-11-05,1.2905244909756672,20
2008-11-06,1.2602356597625606,20
2008-11-07,1.2882195641991312,20
2008-11-10,1.3841278053315407,20
2008-11-11,1.371989367496258,20
2008-11-12,1.4093190653513354,20
2008-11-13,1.481878414117048,20
2008-11-14,1.5472607757198429,20
2008-11-17,1.6231260187731869,20
2008-11-18,1.48527904247964,20
2008-11-19,1.606564252958176,20
2008-11-20,1.5901350599191821,20
2008-11-21,1.553772001777031,20
2008-11-24,1.4961712837816479,20
2008-11-25,1.486090980724516,20
2008-11-26,1.5091594702957942,20
2008-11-27,1.5290026056985493,20
2008-11-28,1.489797565890273,20
2008-12-01,1.5879689296356174,20
2008-12-02,1.63814792776292,20
2008-12-03,1.7119463481302792,20
2008-12-04,1.706938318022069,20
2008-12-05,1.7772446189469693,20
2008-12-08,1.8667717152883156,20
2008-12-09,1.792205614123315,20
2008-12-10,1.873142563874016,20
2008-12-11,1.8124128466389966,20
2008-12-12,1.740788555060269,20
2008-12-15,1.7695899859548885,20
2008-12-16,1.8036574122701814,20
2008-12-17,1.8281527533555553,20
2008-12-18,1.8654117045452585,20
2008-12-19,1.9183463170491548,20
2008-12-22,2.0028335632511944,20
2008-12-23,1.837647189255871,20
2008-12-24,1.7939288369592479,20
2008-12-25,1.8353177677398116,20
2008-12-26,1.8904098401150884,20
2008-12-29,1.8905749360013548,20
2008-12-30,1.9390262036909016,20
2008-12-31,1.9419579693235671,20
2009-01-05,2.012369918464422,20
2009-01-06,2.040676014293793,20
2009-01-07,2.0293187223619706,20
2009-01-08,1.9986840623067532,20
2009-01-09,2.102965333447761,20
2009-01-12,2.11891330814054,20
2009-01-13,2.0178301312063813,20
2009-01-14,2.1182906307988607,20
2009-01-15,2.124522719080836,20
2009-01-16,2.107577588749331,20
2009-01-19,2.112358784480871,20
2009-01-20,2.1416268996795633,20
2009-01-21,2.1313421178106307,20
2009-01-22,2.1536673699979683,20
2009-01-23,2.1362819560678648,20
2009-02-02,2.1831455359990954,20
2009-02-03,2.233985632736657,20
2009-02-04,2.2642742364121777,20
2009-02-05,2.257867032591273,20
2009-02-06,2.36046315423432,20
2009-02-09,2.4375048754410464,20
2009-02-10,2.489123935084722,20
2009-02-11,2.448710536302485,20
2009-02-12,2.476831714743001,20
2009-02-13,2.566847852161422,20
2009-02-16,2.5940142837189013,20
2009-02-17,2.5190578004898674,20
2009-02-18,2.3801860952171485,20
2009-02-19,2.4490391370447546,20
2009-02-20,2.522293458988786,20
2009-02-23,2.608941272224256,20
2009-02-24,2.4816144379738407,20
2009-02-25,2.525911816987945,20
2009-02-26,2.340120291375183,20
2009-02-27,2.17811023519251,20
2009-03-02,2.207720728311347,20
2009-03-03,2.2297787094674035,20
2009-03-04,2.3743067096406114,20
2009-03-05,2.399035870357995,20
2009-03-06,2.3897131732502843,20
2009-03-09,2.2927258498722742,20
2009-03-10,2.367279976437435,20
2009-03-11,2.3629141063386214,20
2009-03-12,2.354376071019244,20
2009-03-13,2.3786398935532955,20
2009-03-16,2.4298278345472433,20
2009-03-17,2.505259582996579,20
2009-03-18,2.523186434514316,20
2009-03-19,2.581016076682367,20
2009-03-20,2.533474737994241,20
2009-03-23,2.6027024607298457,20
2009-03-24,2.6442795262484817,20
2009-03-25,2.57435864990977,20
2009-03-26,2.6328465104552587,20
2009-03-27,2.6198801753892447,20
2009-03-30,2.6589057586622697,20
2009-03-31,2.681828052335181,20
2009-04-01,2.7265621857970266,20
2009-04-02,2.7641568031009998,20
2009-04-03,2.814788134854381,20
2009-04-07,2.8850747519416937,20
2009-04-08,2.8277587325163855,20
2009-04-09,2.9067296380904124,20
2009-04-10,2.9965721530230516,20
2009-04-13,3.0721960888703643,20
2009-04-14,3.234434473213205,20
2009-04-15,3.324811115582206,20
2009-04-16,3.3160207478721584,20
2009-04-17,3.197847437928348,20
2009-04-20,3.271893624047778,20
2009-04-21,3.2404362931505224,20
2009-04-22,3.0627378217409453,20
2009-04-23,3.1441965122642004,20
2009-04-24,3.1080177054292135,20
2009-04-27,2.998298856380204,20
2009-04-28,3.0142578712153183,20
2009-04-29,3.0570692212633044,20
2009-04-30,3.0854334728128783,20
2009-05-04,3.217373367126988,20
2009-05-05,3.258501157540728,20
2009-05-06,3.2984271249116266,20
2009-05-07,3.2746710407195208,20
2009-05-08,3.2376325191860924,20
2009-05-11,3.1060604524280997,20
2009-05-12,3.1730099854972544,20
2009-05-13,3.2130956349408963,20
2009-05-14,3.225646969163289,20
2009-05-15,3.218914938767207,20
2009-05-18,3.2187920636852527,20
2009-05-19,3.240012644664089,20
2009-05-20,3.2149417785134267,20
2009-05-21,3.1703615728684835,20
2009-05-22,3.1876413374493597,20
2009-05-25,3.172532008665838,20
2009-05-26,3.22017174513478,20
2009-05-27,3.2105377014887178,20
2009-06-01,3.269499000044425,20
2009-06-02,3.255518272909824,20
2009-06-03,3.2499560137809755,20
2009-06-04,3.239423657738148,20
2009-06-05,3.223239197484473,20
2009-06-08,3.2125046366902614,20
2009-06-09,3.2173518543037907,20
2009-06-10,3.2686808681675315,20
2009-06-11,3.271363630823879,20
2009-06-12,3.204879422779286,20
2009-06-15,3.2368212482225465,20
2009-06-16,3.2425892213343173,20
2009-06-17,3.2765290005404775,20
2009-06-18,3.2848945591985665,20
2009-06-19,3.3229265477360577,20
2009-06-22,3.2889060391711866,20
2009-06-23,3.305102781912675,20
2009-06-24,3.3327349434929703,20
2009-06-25,3.3752466136714974,20
2009-06-26,3.3804966874045244,20
2009-06-29,3.3539723052670336,20
2009-06-30,3.3227044714302214,20
2009-07-01,3.2989535938072567,20
2009-07-02,3.316653709738617,20
2009-07-03,3.3461239391948796,20
2009-07-06,3.3420499953723324,20
2009-07-07,3.4561800921773833,20
2009-07-08,3.491776682317967,20
2009-07-09,3.6185705968226842,20
2009-07-10,3.5875378721803735,20
2009-07-13,3.6213460934221184,20
2009-07-14,3.6754727148089854,20
2009-07-15,3.747185804599772,20
2009-07-16,3.693257596261504,20
2009-07-17,3.716954746383586,20
2009-07-20,3.8089883341630615,20
2009-07-21,3.731328671805648,20
2009-07-22,3.7774310363777164,20
2009-07-23,3.7886786897442,20
2009-07-24,3.7864796532190854,20
2009-07-27,3.829273308988465,20
2009-07-28,3.8351707547522222,20
2009-07-29,3.667152333343587,20
2009-07-30,3.7243773609383224,20
2009-07-31,3.805996022880946,20
2009-08-03,3.8616301073639914,20
2009-08-04,3.8809636731826167,20
2009-08-05,3.9051420148486966,20
2009-08-06,3.882438768966151,20
2009-08-07,3.8062514243826087,20
2009-08-10,3.8472269561448824,20
2009-08-11,3.8677686550175463,20
2009-08-12,3.6540061560951664,20
2009-08-13,3.6548205618657943,20
2009-08-14,3.5005513025340154,20
2009-08-17,3.3045170517448947,20
2009-08-18,3.3650695961709642,20
2009-08-19,3.250291588057715,20
2009-08-20,3.3625274299234005,20
2009-08-21,3.4864289457105615,20
2009-08-24,3.5723166370496924,20
2009-08-25,3.5283271773571814,20
2009-08-26,3.620726087870018,20
2009-08-27,3.627040525620199,20
2009-08-28,3.6092028315942866,20
2009-08-31,3.351412418412591,20
2009-09-01,3.306341339278227,20
2009-09-02,3.369332850672077,20
2009-09-03,3.5125692316713697,20
2009-09-04,3.551786289320745,20
2009-09-07,3.6030676973957663,20
2009-09-08,3.6220506867913334,20
2009-09-09,3.6610682398784054,20
2009-09-10,3.629772405141555,20
2009-09-11,3.6746640503653825,20
2009-09-14,3.7659070378099746,20
2009-09-15,3.8113971483243536,20
2009-09-16,3.8473423084932223,20
2009-09-17,3.9861940150585506,20
2009-09-18,3.8416073943189857,20
2009-09-21,3.925131242375842,20
2009-09-22,3.887191733308451,20
2009-09-23,3.821037410884376,20
2009-09-24,3.7527669083781747,20
2009-09-25,3.7665447628243394,20
2009-09-28,3.677823989619189,20
2009-09-29,3.5996856682318255,20
2009-09-30,3.6522549261789106,20
2009-10-09,3.8298178142605934,20
2009-10-12,3.856603411609854,20
2009-10-13,3.8879002769341735,20
2009-10-14,3.897735059932841,20
2009-10-15,3.965245244943949,20
2009-10-16,3.9739958367569392,20
2009-10-19,4.0392225164473565,20
2009-10-20,4.094258547417271,20
2009-10-21,4.038080447189237,20
2009-10-22,4.09203075941432,20
2009-10-23,4.175559039040362,20
2009-10-26,4.208976768019956,20
2009-10-27,4.210876015495174,20
2009-10-28,4.2769888560581855,20
2009-10-29,4.232891205074125,20
2009-10-30,4.238239485009103,20
2009-11-02,4.340540724865007,20
2009-11-03,4.385683744247851,20
2009-11-04,4.459700044109063,20
2009-11-05,4.48874161816296,20
2009-11-06,4.52381116625726,20
2009-11-09,4.566347482311583,20
2009-11-10,4.530744358075434,20
2009-11-11,4.5519983744469,20
2009-11-12,4.588168219264829,20
2009-11-13,4.658501804776167,20
2009-11-16,4.800230461796542,20
2009-11-17,4.840177454515254,20
2009-11-18,4.885835680087642,20
2009-11-19,4.935031532944344,20
2009-11-20,4.963583255467388,20
2009-11-23,5.035337948998226,20
2009-11-24,4.7292023304332025,20
2009-11-25,4.9128591833748425,20
2009-11-26,4.643677908497652,20
2009-11-27,4.620226170752823,20
2009-11-30,4.836749497289829,20
2009-12-01,4.998495503808066,20
2009-12-02,5.11824624032273,20
2009-12-03,5.157402570450573,20
2009-12-04,4.971589733849812,20
2009-12-07,5.128001222673569,20
2009-12-08,5.172776348163486,20
2009-12-09,5.1445907170455705,20
2009-12-10,5.251471950824398,20
2009-12-11,5.260056450137448,20
2009-12-14,5.2512884264562745,20
2009-12-15,5.249091206356597,20
2009-12-16,5.154392688319346,20
2009-12-17,4.973594769199265,20
2009-12-18,4.856111800583204,20
2009-12-21,4.9523415406256,20
2009-12-22,4.830829226778324,20
2009-12-23,4.921199638242368,20
2009-12-24,5.13711169643438,20
2009-12-25,5.154439672816616,20
2009-12-28,5.229105584430598,20
2009-12-29,5.318252671299867,20
2009-12-30,5.261663183032775,20
2009-12-31,5.369443068982602,20
2010-01-04,5.438817317002651,20
2010-01-05,5.556022699612344,20
2010-01-06,5.514030493843382,20
2010-01-07,5.460692882597158,20
2010-01-08,5.518909845584574,20
2010-01-11,5.640283379347632,20
2010-01-12,5.799434808567586,20
2010-01-13,5.800575317170155,20
2010-01-14,5.941760781697013,20
2010-01-15,6.0282114521218375,20
2010-01-18,6.134986925883689,20
2010-01-19,6.05249837680077,20
2010-01-20,5.754039733675646,20
2010-01-21,5.770311333785983,20
2010-01-22,5.619795540453528,20
2010-01-25,5.550853552600048,20
2010-01-26,5.353573620767063,20
2010-01-27,5.367391657422506,20
2010-01-28,5.450258732840837,20
2010-01-29,5.5273130051555945,20
2010-02-01,5.458422510619786,20
2010-02-02,5.390042800003363,20
2010-02-03,5.426930095879215,20
2010-02-04,5.41045435464546,20
2010-02-05,5.260182525216977,20
2010-02-08,5.234647456060512,20
2010-02-09,5.270974460667295,20
2010-02-10,5.388602001820826,20
2010-02-11,5.395076752389348,20
2010-02-12,5.483139981321771,20
2010-02-22,5.468569638846667,20
2010-02-23,5.443099849454907,20
2010-02-24,5.658343489507887,20
2010-02-25,5.762012383421048,20
2010-02-26,5.779925830363392,20
2010-03-01,5.856077523466851,20
2010-03-02,5.829159710174452,20
2010-03-03,5.851745525884097,20
2010-03-04,5.702937515446114,20
2010-03-05,5.74847341798782,20
2010-03-08,5.793184870806243,20
2010-03-09,5.773167624888678,20
2010-03-10,5.6642149151390395,20
2010-03-11,5.655276462488185,20
2010-03-12,5.593106265250765,20
2010-03-15,5.556434744944291,20
2010-03-16,5.588020754182038,20
2010-03-17,5.757362853010791,20
2010-03-18,5.76655049228737,20
2010-03-19,5.783269469213573,20
2010-03-22,5.814783163229706,20
2010-03-23,5.890856815002473,20
2010-03-24,5.9910356022828,20
2010-03-25,5.929170670225433,20
2010-03-26,5.953155174222196,20
2010-03-29,5.948205184177106,20
2010-03-30,5.996796619002264,20
2010-03-31,6.076379176534554,20
2010-04-01,6.1816277642162385,20
2010-04-02,6.179320202707823,20
2010-04-06,6.243151446933589,20
2010-04-07,6.2854216335559245,20
2010-04-08,6.309477286263635,20
2010-04-09,6.435007241203011,20
2010-04-12,6.554581318719914,20
2010-04-13,6.3568141811733385,20
2010-04-14,6.431731075845108,20
2010-04-15,6.320310695779712,20
2010-04-16,6.353656867737703,20
2010-04-19,6.1755288737479335,20
2010-04-20,6.309694892414471,20
2010-04-21,6.484508313100767,20
2010-04-22,6.568033669317688,20
2010-04-23,6.554496736336202,20
2010-04-26,6.536902709200084,20
2010-04-27,6.34629311637069,20
2010-04-28,6.272930600626095,20
2010-04-29,6.097134906468367,20
2010-04-30,5.916029187072712,20
2010-05-04,5.948256670331473,20
2010-05-05,6.150549114294136,20
2010-05-06,5.899921077225715,20
2010-05-07,5.777860893413943,20
2010-05-10,5.5897321491296275,20
2010-05-11,5.496289534545644,20
2010-05-12,5.336016141331696,20
2010-05-13,5.480012660896776,20
2010-05-14,5.525691962379384,20
2010-05-17,5.24367996462465,20
2010-05-18,5.293424558410719,20
2010-05-19,5.366414981586616,20
2010-05-20,5.344641269090136,20
2010-05-21,5.574705415252876,20
2010-05-24,5.824565078563417,20
2010-05-25,5.759473452120588,20
2010-05-26,5.762282835608647,20
2010-05-27,5.906161464321829,20
2010-05-28,5.954764118925324,20
2010-05-31,5.782108150048383,20
2010-06-01,5.693002311949057,20
2010-06-02,5.804723305957038,20
2010-06-03,5.87906433407476,20
2010-06-04,6.125676636754775,20
2010-06-07,6.349511233168419,20
2010-06-08,6.343989860415821,20
2010-06-09,6.389964967646284,20
2010-06-10,6.543330907370608,20
2010-06-11,6.57863149519768,20
2010-06-17,6.232166753544389,20
2010-06-18,5.791208522104489,20
2010-06-21,5.966409139039478,20
2010-06-22,5.962611963551466,20
2010-06-23,6.003671164082803,20
2010-06-24,6.0599839062259715,20
2010-06-25,5.859582992902876,20
2010-06-28,5.747987569892463,20
2010-06-29,5.350445060928973,20
2010-06-30,5.413876066922883,20
2010-07-01,5.262526391208845,20
2010-07-02,5.246588481930134,20
2010-07-05,5.207908386223017,20
2010-07-06,5.385282035340603,20
2010-07-07,5.457167427990642,20
2010-07-08,5.46499048134778,20
2010-07-09,5.61072030299545,20
2010-07-12,5.592014736982593,20
2010-07-13,5.590369707868508,20
2010-07-14,5.5656089296740054,20
2010-07-15,5.370302619513744,20
2010-07-16,5.383890736867504,20
2010-07-19,5.493966485682448,20
2010-07-20,5.645988444194376,20
2010-07-21,5.665555451488681,20
2010-07-22,5.718333254878008,20
2010-07-23,5.81564468838354,20
2010-07-26,5.8421154466216825,20
2010-07-27,5.773093062299851,20
2010-07-28,5.8776008998303215,20
2010-07-29,5.936055277690091,20
2010-07-30,5.933917307410891,20
2010-08-02,6.055375063020282,20
2010-08-03,5.962831544628437,20
2010-08-04,6.0332843620007655,20
2010-08-05,6.07280652212672,20
2010-08-06,6.244963361357238,20
2010-08-09,6.3501205912173555,20
2010-08-10,6.12623276146337,20
2010-08-11,6.196901145650928,20
2010-08-12,6.144743726527477,20
2010-08-13,6.246644419343555,20
2010-08-16,6.462917106576591,20
2010-08-17,6.494581830740715,20
2010-08-18,6.438384663003203,20
2010-08-19,6.423549259076679,20
2010-08-20,6.265313276480244,20
2010-08-23,6.25253240255828,20
2010-08-24,6.265084142092011,20
2010-08-25,6.090953577801815,20
2010-08-26,6.16290616507077,20
2010-08-27,6.283501292287842,20
2010-08-30,6.438786305966662,20
2010-08-31,6.434529254874976,20
2010-09-01,6.235865104324443,20
2010-09-02,6.350273430378502,20
2010-09-03,6.463648957882917,20
2010-09-06,6.359847216127763,20
2010-09-07,6.4154461855613985,20
2010-09-08,6.468036004970272,20
2010-09-09,6.491958557983815,20
2010-09-10,6.649940728552289,20
2010-09-13,6.704879244966341,20
2010-09-14,6.62606369408114,20
2010-09-15,6.3853129151733805,20
2010-09-16,6.266800281786576,20
2010-09-17,6.241166902446752,20
2010-09-20,6.085386833227523,20
2010-09-21,5.9919786142253715,20
2010-09-27,6.11325284185635,20
2010-09-28,6.058948037113663,20
2010-09-29,6.010567562389346,20
2010-09-30,6.113740067840813,20
2010-10-08,6.2427894800573895,20
2010-10-11,6.214328088268137,20
2010-10-12,6.214963823566745,20
2010-10-13,6.248231399456347,20
2010-10-14,6.131950829093823,20
2010-10-15,6.094249258177331,20
2010-10-18,6.062096807271492,20
2010-10-19,6.4630051200446506,20
2010-10-20,6.491304271506827,20
2010-10-21,6.466721384254989,20
2010-10-22,6.578020341866569,20
2010-10-25,6.754043746073254,20
2010-10-26,6.703468085050189,20
2010-10-27,6.666079402227528,20
2010-10-28,6.756380290949527,20
2010-10-29,6.914611170648944,20
2010-11-01,7.145527184770337,20
2010-11-02,6.998480506849438,20
2010-11-03,6.789717022658332,20
2010-11-04,6.874416137769661,20
2010-11-05,7.0275669877531275,20
2010-11-08,7.18677260937937,20
2010-11-09,7.241365759970146,20
2010-11-10,7.395233036284953,20
2010-11-11,7.295548365752718,20
2010-11-12,6.868855024578372,20
2010-11-15,7.2567677510932445,20
2010-11-16,7.1907034447839955,20
2010-11-17,6.949408196778487,20
2010-11-18,7.102516124932001,20
2010-11-19,7.425004576319034,20
2010-11-22,7.590259541563034,20
2010-11-23,7.641895075775491,20
2010-11-24,7.796224424503937,20
2010-11-25,7.69396216879441,20
2010-11-26,7.7446781277646535,20
2010-11-29,7.866282036994452,20
2010-11-30,7.606787121184179,20
2010-12-01,7.576858489656313,20
2010-12-02,7.589060023703426,20
2010-12-03,7.446562499887842,20
2010-12-06,7.29397450103318,20
2010-12-07,7.4093234745367145,20
2010-12-08,7.381580557526168,20
2010-12-09,7.331106449703728,20
2010-12-10,7.436930913971091,20
2010-12-13,7.657474173145652,20
2010-12-14,7.719744517265695,20
2010-12-15,7.646052886432761,20
2010-12-16,7.70855757609759,20
2010-12-17,7.738731727190447,20
2010-12-20,7.6495950654455775,20
2010-12-21,7.66084040046095,20
2010-12-22,7.617475046285362,20
2010-12-23,7.4359264636605245,20
2010-12-24,7.21444181897057,20
2010-12-27,6.9980294570575605,20
2010-12-28,6.948187613477142,20
2010-12-29,7.081774388689998,20
2010-12-30,7.1066760617124,20
2010-12-31,7.2239656230064755,20
2011-01-04,7.287054074936345,20
2011-01-05,7.30516635040739,20
2011-01-06,7.254899618674463,20
2011-01-07,7.147693253553936,20
2011-01-10,6.903571602336298,20
2011-01-11,6.797036819837692,20
2011-01-12,6.829755046592874,20
2011-01-13,6.849515047899295,20
2011-01-14,6.665077069591409,20
2011-01-17,6.35404823093636,20
2011-01-18,6.373691780020996,20
2011-01-19,6.454021888250517,20
2011-01-20,6.22509844404703,20
2011-01-21,6.225227499864036,20
2011-01-24,6.115286518493214,20
2011-01-25,6.04407328977342,20
2011-01-26,6.128605001373157,20
2011-01-27,6.22988570070083,20
2011-01-28,6.314523712569625,20
2011-01-31,6.33048107943419,20
2011-02-01,6.319992394017175,20
2011-02-09,6.237990715506473,20
2011-02-10,6.430074395972162,20
2011-02-11,6.488485077309035,20
2011-02-14,6.5804868847883204,20
2011-02-15,6.594021723177903,20
2011-02-16,6.696447263384543,20
2011-02-17,6.773650172691826,20
2011-02-18,6.684400762675134,20
2011-02-21,6.786839910679413,20
2011-02-22,6.62988958272912,20
2011-02-23,6.6804908344274425,20
2011-02-24,6.696361252070475,20
2011-02-25,6.685146772455898,20
2011-02-28,6.724038621033686,20
2011-03-01,6.730095900773588,20
2011-03-02,6.686768852033189,20
2011-03-03,6.574980594864367,20
2011-03-04,6.6024109555119495,20
2011-03-07,6.654579439134869,20
2011-03-08,6.674417075032577,20
2011-03-09,6.678904109341038,20
2011-03-10,6.684761318952303,20
2011-03-11,6.725824388710464,20
2011-03-14,6.7582705025851215,20
2011-03-15,6.698392203212139,20
2011-03-16,6.76263064220597,20
2011-03-17,6.626018100038037,20
2011-03-18,6.686556692452477,20
2011-03-21,6.615006140314537,20
2011-03-22,6.583848400072422,20
2011-03-23,6.635832082661466,20
2011-03-24,6.648496064764226,20
2011-03-25,6.647008613561118,20
2011-03-28,6.603595135212381,20
2011-03-29,6.378176932140845,20
2011-03-30,6.338989147329209,20
2011-03-31,6.330875955113013,20
2011-04-01,6.395467897416071,20
2011-04-06,6.353839465007644,20
2011-04-07,6.41639501737949,20
2011-04-08,6.491558396571066,20
2011-04-11,6.399777132761047,20
2011-04-12,6.346932157125075,20
2011-04-13,6.456502051561042,20
2011-04-14,6.429692992381363,20
2011-04-15,6.447212703995528,20
2011-04-18,6.448357740431131,20
2011-04-19,6.431813642323488,20
2011-04-20,6.479254476502429,20
2011-04-21,6.525754867032211,20
2011-04-22,6.530997162292154,20
2011-04-25,6.430130819053211,20
2011-04-26,6.289395280923146,20
2011-04-27,6.198046277399927,20
2011-04-28,5.9804147444483675,20
2011-04-29,6.070471766248532,20
2011-05-03,6.127053430348658,20
2011-05-04,5.9807496783175,19
2011-05-05,5.982644787419049,19
2011-05-06,6.0408696336797325,19
2011-05-09,6.114395197608409,19
2011-05-10,6.146508136377176,19
2011-05-11,6.168296305410068,19
2011-05-12,6.047317816094322,19
2011-05-13,6.030707090557298,19
2011-05-16,6.026422070838155,19
2011-05-17,5.998932456588667,19
2011-05-18,6.022211196209387,19
2011-05-19,5.978635540159748,19
2011-05-20,5.901010257977726,19
2011-05-23,5.67459877326257,19
2011-05-24,5.749320394593994,19
2011-05-25,5.619483116038719,19
2011-05-26,5.561610180697857,19
2011-05-27,5.4532425577953525,19
2011-05-30,5.441260377305053,19
2011-05-31,5.526057414610318,19
2011-06-01,5.5930152479971635,19
2011-06-02,5.534623620994385,19
2011-06-03,5.623600063303311,19
2011-06-07,5.667548891331517,19
2011-06-08,5.651211482227369,19
2011-06-09,5.55191280115588,19
2011-06-10,5.529185811591692,19
2011-06-13,5.553612337595213,19
2011-06-14,5.604807494305989,19
2011-06-15,5.558385302070281,19
2011-06-16,5.471002308837151,19
2011-06-17,5.4157040942138766,19
2011-06-20,5.389017335835529,19
2011-06-21,5.441839712613626,19
2011-06-22,5.4448394258183885,19
2011-06-23,5.60170979520866,19
2011-06-24,5.7095046430273895,19
2011-06-27,5.784658044284017,19
2011-06-28,5.8059693029302215,19
2011-06-29,5.721992885152156,19
2011-06-30,5.78140651377159,19
2011-07-01,5.848962034327439,19
2011-07-04,5.968700045321975,20
2011-07-05,6.001376075613205,20
2011-07-06,6.071679053405507,20
2011-07-07,6.108324416118133,20
2011-07-08,6.045051969112075,20
2011-07-11,6.079925061156693,20
2011-07-12,5.931903279949939,20
2011-07-13,6.068576773646297,20
2011-07-14,6.243836256377446,20
2011-07-15,6.371698207132417,20
2011-07-18,6.334149489509341,20
2011-07-19,6.205291274022154,20
2011-07-20,6.282855120095847,20
2011-07-21,6.197636749472882,20
2011-07-22,6.250035109415533,20
2011-07-25,6.017393627366508,20
2011-07-26,6.04271347576225,20
2011-07-27,6.1964507773294075,20
2011-07-28,6.276715263250324,20
2011-07-29,6.185450957733852,20
2011-08-01,6.289641961797031,20
2011-08-02,6.398160012774724,20
2011-08-03,6.533914451672824,20
2011-08-04,6.492887462497231,20
2011-08-05,6.330731219782651,20
2011-08-08,5.973617340950133,20
2011-08-09,5.916854983280697,20
2011-08-10,6.0031068832546985,20
2011-08-11,6.174897161860837,20
2011-08-12,6.303573320833928,20
2011-08-15,6.464119235442674,20
2011-08-16,6.406256011548793,20
2011-08-17,6.401103319621423,20
2011-08-18,6.292421412712054,20
2011-08-19,6.312194279599476,20
2011-08-22,6.407869203626379,20
2011-08-23,6.508679870130107,20
2011-08-24,6.520637025761279,20
2011-08-25,6.5497325349511755,20
2011-08-26,6.610679868441845,20
2011-08-29,6.612993318615975,20
2011-08-30,6.470969981403321,20
2011-08-31,6.4238871717813515,20
2011-09-01,6.416705316345563,20
2011-09-02,6.34785526003747,20
2011-09-05,6.180528240396453,20
2011-09-06,6.134770462566231,20
2011-09-07,6.284477753904878,20
2011-09-08,6.226437775178005,20
2011-09-09,6.155872998214191,20
2011-09-13,6.085154235079624,20
2011-09-14,6.154709884616398,20
2011-09-15,6.149007659079627,20
2011-09-16,6.130282087409899,20
2011-09-19,6.016184171520505,20
2011-09-20,6.061357472002815,20
2011-09-21,6.213662591802956,20
2011-09-22,6.0352709256280415,20
2011-09-23,6.019625278935506,20
2011-09-26,5.975955600876605,20
2011-09-27,6.038677180942337,20
2011-09-28,6.0209802114864,20
2011-09-29,5.844338168896319,20
2011-09-30,5.798711100877103,20
2011-10-10,5.7954682983754555,20
2011-10-11,5.78273975057452,20
2011-10-12,5.966897820564353,20
2011-10-13,6.042040641027746,20
2011-10-14,6.023486176251689,20
2011-10-17,6.075505133027482,20
2011-10-18,5.9258408524269415,20
2011-10-19,5.859080418045023,20
2011-10-20,5.692561605865066,20
2011-10-21,5.581084390547135,20
2011-10-24,5.6427766499178125,20
2011-10-25,5.807901429358078,20
2011-10-26,5.925143815288864,20
2011-10-27,5.958320709506333,20
2011-10-28,6.095846393564631,20
2011-10-31,6.207331642185783,20
2011-11-01,6.232788638600416,20
2011-11-02,6.394344241951923,20
2011-11-03,6.390134054270519,20
2011-11-04,6.444985202661496,20
2011-11-07,6.443106127149034,20
2011-11-08,6.330784566262838,20
2011-11-09,6.4974091819312365,20
2011-11-10,6.471820535468882,20
2011-11-11,6.457425947190428,20
2011-11-14,6.618319986130085,20
2011-11-15,6.6247948939474846,20
2011-11-16,6.443403785734855,20
2011-11-17,6.4798240240321245,20
2011-11-18,6.3205174030689335,20
2011-11-21,6.283219021403067,20
2011-11-22,6.314738120191296,20
2011-11-23,6.373167510238922,20
2011-11-24,6.351715920640562,20
2011-11-25,6.286758167816899,20
2011-11-28,6.306632168191947,20
2011-11-29,6.381755909643404,20
2011-11-30,6.04940723354392,20
2011-12-01,6.140908308500586,20
2011-12-02,5.967325531372206,19
2011-12-05,5.740026852021678,19
2011-12-06,5.782238347870287,19
2011-12-07,5.800258114251703,19
2011-12-08,5.863445997674585,19
2011-12-09,5.817084002963348,19
2011-12-12,5.747505239671338,19
2011-12-13,5.534978099803454,19
2011-12-14,5.475005806272314,19
2011-12-15,5.428969341273049,19
2011-12-16,5.597703658390541,19
2011-12-19,5.660920230164098,19
2011-12-20,5.616877979263546,19
2011-12-21,5.491808370689537,19
2011-12-22,5.396993229555256,19
2011-12-23,5.424648286483412,19
2011-12-26,5.381246414328823,19
2011-12-27,5.191734275214548,19
2011-12-28,5.112699350196992,19
2011-12-29,5.174332601474558,19
2011-12-30,5.287430616516697,19
2012-01-04,5.200688416226457,19
2012-01-05,4.924322332417315,20
2012-01-06,4.938135106106934,20
2012-01-09,5.147703290609155,20
2012-01-10,5.309367721761001,20
2012-01-11,5.323348420316275,20
2012-01-12,5.311065510817072,20
2012-01-13,5.000631147719826,20
2012-01-16,4.79674797327849,20
2012-01-17,5.017465840126286,20
2012-01-18,4.770651455428713,20
2012-01-19,4.8122858886640705,20
2012-01-20,4.883005473834327,20
2012-01-30,4.908107182561969,20
2012-01-31,4.859158295071537,20
2012-02-01,4.86052739837617,20
2012-02-02,4.916126869241039,20
2012-02-03,5.0139089110841475,20
2012-02-06,5.088452538281635,20
2012-02-07,5.0427837993476325,20
2012-02-08,5.169235523855894,20
2012-02-09,5.197412386021132,20
2012-02-10,5.218593155645468,20
2012-02-13,5.29734007682305,20
2012-02-14,5.2787049899471405,20
2012-02-15,5.368931884107871,20
2012-02-16,5.344184383954635,20
2012-02-17,5.313076955284435,20
2012-02-20,5.351396786142897,20
2012-02-21,5.444023433946758,20
2012-02-22,5.602039428486614,20
2012-02-23,5.71381884297961,20
2012-02-24,5.738136098484971,20
2012-02-27,5.718343488394502,20
2012-02-28,5.640758699531318,20
2012-02-29,5.575337449819709,20
2012-03-01,5.643677505972324,20
2012-03-02,5.740582146283444,20
2012-03-05,5.7344231441204645,20
2012-03-06,5.669465761038483,20
2012-03-07,5.655953454995855,20
2012-03-08,5.729755216572952,20
2012-03-09,5.842040889553964,20
2012-03-12,5.88345256805103,20
2012-03-13,5.9232485386706415,20
2012-03-14,5.658305221398466,20
2012-03-15,5.612595366418712,20
2012-03-16,5.775245436153491,20
2012-03-19,5.874897833278074,20
2012-03-20,5.669796762097745,20
2012-03-21,5.680839479163412,20
2012-03-22,5.682264429900995,20
2012-03-23,5.586794483422013,20
2012-03-26,5.559570659742442,20
2012-03-27,5.548265937512735,20
2012-03-28,5.223370776755883,20
2012-03-29,5.125728313232692,20
2012-03-30,5.110779476507896,20
2012-04-05,5.268115178005148,20
2012-04-06,5.28662459322235,20
2012-04-09,5.223136170462156,20
2012-04-10,5.261775273164526,20
2012-04-11,5.286791830869475,20
2012-04-12,5.40300278595242,20
2012-04-13,5.442843343283858,20
2012-04-16,5.411500049637455,20
2012-04-17,5.408380387644911,20
2012-04-18,5.495373118378299,20
2012-04-19,5.481772340349943,20
2012-04-20,5.533276688517707,20
2012-04-23,5.362275725845875,20
2012-04-24,5.258595285360716,20
2012-04-25,5.330911511063239,20
2012-04-26,5.3144192657370315,20
2012-04-27,5.308385077690309,20
2012-05-02,5.402200839061455,20
2012-05-03,5.465652238983015,20
2012-05-04,5.523025351071934,20
2012-05-07,5.591490622240547,20
2012-05-08,5.610326344391653,20
2012-05-09,5.4846013434172844,20
2012-05-10,5.526501881934684,20
2012-05-11,5.47508637130071,20
2012-05-14,5.439152809179966,20
2012-05-15,5.397812507321705,20
2012-05-16,5.314129276408661,20
2012-05-17,5.39150174859357,20
2012-05-18,5.3112343220507245,20
2012-05-21,5.304624927440779,20
2012-05-22,5.395877316350231,20
2012-05-23,5.361481055428386,20
2012-05-24,5.343753829053785,20
2012-05-25,5.252261977881081,20
2012-05-28,5.310155125578493,20
2012-05-29,5.4058520048332355,20
2012-05-30,5.442607675421667,20
2012-05-31,5.508722721952896,20
2012-06-01,5.520475636189083,20
2012-06-04,5.287194805221245,20
2012-06-05,5.274751608969014,20
2012-06-06,5.279661678568243,20
2012-06-07,5.248158327579032,20
2012-06-08,5.235400237047246,20
2012-06-11,5.391681458807757,20
2012-06-12,5.418360951319604,20
2012-06-13,5.533520056940471,20
2012-06-14,5.488335002545809,20
2012-06-15,5.531225613939049,20
2012-06-18,5.6523926794579795,20
2012-06-19,5.640206181401992,20
2012-06-20,5.746781949383088,20
2012-06-21,5.60857529574267,20
2012-06-25,5.417448918600295,20
2012-06-26,5.413882120732298,20
2012-06-27,5.4490041855625675,20
2012-06-28,5.451483094024954,20
2012-06-29,5.540188203339186,20
2012-07-02,5.599021275959903,20
2012-07-03,5.666837341268368,20
2012-07-04,5.601525964039762,20
2012-07-05,5.472537491425548,20
2012-07-06,5.577872432021285,20
2012-07-09,5.406591101358782,20
2012-07-10,5.321271748250683,20
2012-07-11,5.279792428098238,20
2012-07-12,5.34952025084661,20
2012-07-13,5.190625499830649,20
2012-07-16,4.8403902674773995,20
2012-07-17,4.90223319117268,20
2012-07-18,4.947057544711389,20
2012-07-19,5.0438103659295805,20
2012-07-20,5.023450243485277,20
2012-07-23,4.960745791922044,20
2012-07-24,5.039092212222535,20
2012-07-25,5.0624608425039845,20
2012-07-26,4.983800339403001,20
2012-07-27,5.004449694833136,20
2012-07-30,4.8580847708166655,20
2012-07-31,4.740499333786691,20
2012-08-01,4.839177756797258,20
2012-08-02,4.831328634098172,20
2012-08-03,4.972828080144937,20
2012-08-06,5.167876067817844,20
2012-08-07,5.207622829287672,20
2012-08-08,5.177774934350872,20
2012-08-09,5.289584840541934,20
2012-08-10,5.238542237928677,20
2012-08-13,5.095714228778796,20
2012-08-14,5.141991025626366,20
2012-08-15,5.064828895418157,20
2012-08-16,5.0456348027507545,20
2012-08-17,5.107168104056235,20
2012-08-20,5.129008898186,20
2012-08-21,5.273024500739386,20
2012-08-22,5.283453724776573,20
2012-08-23,5.339015800038782,20
2012-08-24,5.211971597044912,20
2012-08-27,5.066342947339239,20
2012-08-28,5.18219998474558,20
2012-08-29,5.199945355440778,20
2012-08-30,5.106368371913215,20
2012-08-31,5.16765675153398,20
2012-09-03,5.244752058461581,20
2012-09-04,5.315070217555001,20
2012-09-05,5.4272050307279835,20
2012-09-06,5.463194196791553,20
2012-09-07,5.600591908347736,20
2012-09-10,5.690019647472632,20
2012-09-11,5.610779255464128,20
2012-09-12,5.626336125675738,20
2012-09-13,5.518781362383495,20
2012-09-14,5.520539545754841,20
2012-09-17,5.334404085940039,20
2012-09-18,5.333312276172442,20
2012-09-19,5.385776525724268,20
2012-09-20,5.173513894434155,20
2012-09-21,5.070875413754817,20
2012-09-24,5.1010704271689224,20
2012-09-25,4.987070729601725,20
2012-09-26,4.836136472848948,20
2012-09-27,4.969012897410633,20
2012-09-28,5.080250534751434,20
2012-10-08,5.094472930993009,20
2012-10-09,5.269799749999652,20
2012-10-10,5.347532541053423,20
2012-10-11,5.217618526670444,20
2012-10-12,5.207686339738391,20
2012-10-15,5.092998748208572,20
2012-10-16,5.095188406180059,20
2012-10-17,5.137925806541118,20
2012-10-18,5.212519089177301,20
2012-10-19,5.22106416176314,20
2012-10-22,5.25472463949676,20
2012-10-23,5.190609534511395,20
2012-10-24,5.174717249831102,20
2012-10-25,5.182196737460719,20
2012-10-26,5.05907695187035,20
2012-10-29,5.075818770773808,20
2012-10-30,5.081509486573172,20
2012-10-31,5.094064113793931,20
2012-11-01,5.207514755964113,20
2012-11-02,5.218436800287916,20
2012-11-05,5.198777647954849,20
2012-11-06,5.159146632587997,20
2012-11-07,5.193505771856972,20
2012-11-08,5.053954363349806,20
2012-11-09,5.03351008771557,20
2012-11-12,5.1141294444497385,20
2012-11-13,5.023529330427188,20
2012-11-14,5.0833712638246515,20
2012-11-15,4.956846685820962,20
2012-11-16,4.914948927082106,20
2012-11-19,4.947771382008027,20
2012-11-20,5.015649978422999,20
2012-11-21,5.072296617444492,20
2012-11-22,5.030543998352102,20
2012-11-23,5.038704084553606,20
2012-11-26,4.949072186987739,20
2012-11-27,4.753958348225514,20
2012-11-28,4.662145109265541,20
2012-11-29,4.560662643408111,20
2012-11-30,4.597179079514573,20
2012-12-03,4.433251657275476,20
2012-12-04,4.476618450648014,20
2012-12-05,4.634678548946055,20
2012-12-06,4.610113991716867,20
2012-12-07,4.710588432752482,20
2012-12-10,4.793792265494562,20
2012-12-11,4.747877711171425,20
2012-12-12,4.795999041046237,20
2012-12-13,4.70501651476431,20
2012-12-14,4.893666666639088,20
2012-12-17,4.901688362358609,20
2012-12-18,4.890223684831121,20
2012-12-19,4.948852917579527,20
2012-12-20,5.111092319510134,20
2012-12-21,5.284041193984768,20
2012-12-24,5.377340261469029,20
2012-12-25,5.485472740131295,20
2012-12-26,5.757978722321739,20
2012-12-27,5.529561664738566,20
2012-12-28,5.655010088191342,20
2012-12-31,5.702896595321103,20
2013-01-04,5.777532094800656,20
2013-01-07,5.861729503453577,20
2013-01-08,5.957739448758316,20
2013-01-09,5.904134172804872,20
2013-01-10,5.978117106642313,20
2013-01-11,6.058557159134402,20
2013-01-14,6.342267877027245,20
2013-01-15,6.400463352583936,20
2013-01-16,6.309934508905928,20
2013-01-17,6.204718327041238,20
2013-01-18,6.24462395760629,20
2013-01-21,6.2701555975211924,20
2013-01-22,6.009869054529568,20
2013-01-23,6.066394522536014,20
2013-01-24,5.825392704432595,20
2013-01-25,5.837561285226314,20
2013-01-28,5.968608611022411,20
2013-01-29,6.016334096242137,20
2013-01-30,5.958314650485192,20
2013-01-31,5.8669364053236555,20
2013-02-01,5.910822441915997,20
2013-02-04,5.874463044285866,20
2013-02-05,5.993141526499782,20
2013-02-06,6.045980449243833,20
2013-02-07,6.093557942699231,20
2013-02-08,6.196744086448659,20
2013-02-18,6.308837533456231,20
2013-02-19,6.187489409582433,20
2013-02-20,6.356137596659228,20
2013-02-21,6.268539284899425,20
2013-02-22,6.257463729387989,20
2013-02-25,6.335217095560541,20
2013-02-26,6.323385577877675,20
2013-02-27,6.342258199220023,20
2013-02-28,6.4822466795417775,20
2013-03-01,6.637949292160944,20
2013-03-04,6.424986229524146,20
2013-03-05,6.609781973829315,20
2013-03-06,6.78729630466438,20
2013-03-07,6.627022590723953,20
2013-03-08,6.554740040852167,20
2013-03-11,6.591516629374722,20
2013-03-12,6.305031993225976,20
2013-03-13,6.258963284444972,20
2013-03-14,6.223061027999809,20
2013-03-15,6.241561104449435,20
2013-03-18,6.197271423215596,20
2013-03-19,6.228071280660378,20
2013-03-20,6.432119109089017,20
2013-03-21,6.484863273283014,20
2013-03-22,6.503412909953414,20
2013-03-25,6.461848497846337,20
2013-03-26,6.40533668617841,20
2013-03-27,6.409491463261091,20
2013-03-28,6.159532984903676,20
2013-03-29,6.158813554864248,20
2013-04-01,6.222449527344936,20
2013-04-02,6.114522563311864,20
2013-04-03,6.036745936717976,20
2013-04-08,6.0404330071782955,20
2013-04-09,6.075771175044807,20
2013-04-10,6.047940468892123,20
2013-04-11,6.0301701994245285,20
2013-04-12,6.008159303196883,20
2013-04-15,5.924755700718137,20
2013-04-16,5.970974264035926,20
2013-04-17,6.0606820499635115,20
2013-04-18,6.137229369826491,20
2013-04-19,6.303621147807187,20
2013-04-22,6.441148605832715,20
2013-04-23,6.301441489602859,20
2013-04-24,6.59878771259313,20
2013-04-25,6.4859531507008,20
2013-04-26,6.374134895355201,20
2013-05-02,6.491483305555336,20
2013-05-03,6.630050450192174,20
2013-05-06,6.800461381670689,20
2013-05-07,6.760984433820701,20
2013-05-08,6.880277463001605,20
2013-05-09,6.958229216538768,20
2013-05-10,6.957529152551855,20
2013-05-13,7.07985522090933,20
2013-05-14,6.9073490625072385,20
2013-05-15,7.0184436513751365,20
2013-05-16,7.001038852551235,20
2013-05-17,7.0823774072361765,20
2013-05-20,7.275302076125064,20
2013-05-21,7.429628779316403,20
2013-05-22,7.277541669664171,20
2013-05-23,7.2464782888691985,20
2013-05-24,7.404511022185914,20
2013-05-27,7.472284382426888,20
2013-05-28,7.318513386878505,20
2013-05-29,7.402965931091808,20
2013-05-30,7.414711589838179,20
2013-05-31,7.4234378702037365,20
2013-06-03,7.3522722009731325,20
2013-06-04,7.133181643870925,20
2013-06-05,7.194598710895636,20
2013-06-06,7.049000976350891,20
2013-06-07,7.021536173212851,20
2013-06-13,6.885389461335767,20
2013-06-14,7.044848159147997,20
2013-06-17,7.087637215012718,20
2013-06-18,7.126444122282044,20
2013-06-19,7.066040171852558,20
2013-06-20,6.813534822268067,20
2013-06-21,6.7402984560340125,20
2013-06-24,6.399080357496219,20
2013-06-25,6.435328319538413,20
2013-06-26,6.647666716539186,20
2013-06-27,6.553394532049121,20
2013-06-28,6.540848502579941,20
2013-07-01,6.755902783563562,20
2013-07-02,6.936233657508232,20
2013-07-03,6.9858295554224075,20
2013-07-04,7.039856833697736,20
2013-07-05,6.886906552575774,20
2013-07-08,6.538703310820235,20
2013-07-09,6.604834844841136,20
2013-07-10,6.771541395030641,20
2013-07-11,6.882946720257137,20
2013-07-12,6.894080724566244,20
2013-07-15,7.122645734566629,20
2013-07-16,7.237525314177757,20
2013-07-17,7.1435707420681185,20
2013-07-18,7.20310464510028,20
2013-07-19,6.984182841211309,20
2013-07-22,7.19559785675837,20
2013-07-23,7.392635272968871,20
2013-07-24,7.503828296139069,20
2013-07-25,7.260397608166106,20
2013-07-26,7.222314009405602,20
2013-07-29,7.091603061680344,20
2013-07-30,7.064127503716801,20
2013-07-31,7.040795283256494,20
2013-08-01,7.3325001426695735,20
2013-08-02,7.363749329162246,20
2013-08-05,7.556216896053215,20
2013-08-06,7.637407360601212,20
2013-08-07,7.565354010271073,20
2013-08-08,7.648951639151438,20
2013-08-09,7.6795853806533625,20
2013-08-12,7.700477476796567,20
2013-08-13,7.7489947251702676,20
2013-08-14,7.767032428648651,20
2013-08-15,7.635249612574784,20
2013-08-16,7.416802866762152,20
2013-08-19,7.57702957378975,20
2013-08-20,7.5722695858180495,20
2013-08-21,7.6272526008700785,20
2013-08-22,7.677463106601163,20
2013-08-23,7.614870888286696,20
2013-08-26,7.782595880152142,20
2013-08-27,7.836765565500468,20
2013-08-28,7.6725725725125535,20
2013-08-29,7.6699501329326045,20
2013-08-30,7.432836218424156,20
2013-09-02,7.520144432751301,20
2013-09-03,7.651911352857905,19
2013-09-04,7.605040849016032,19
2013-09-05,7.642674936743966,19
2013-09-06,7.695666673255557,19
2013-09-09,7.701848170831982,19
2013-09-10,7.687845501939614,19
2013-09-11,7.591416967500809,19
2013-09-12,7.5292153515649884,19
2013-09-13,7.670415437328021,19
2013-09-16,7.764716199987458,19
2013-09-17,7.580764223778597,19
2013-09-18,7.644052760092832,19
2013-09-23,7.801470202462083,19
2013-09-24,7.826921926825361,19
2013-09-25,7.8441557007497185,19
2013-09-26,7.781139456179967,19
2013-09-27,7.79163345036764,19
2013-09-30,7.857743816297859,19
2013-10-08,8.00650287085992,19
2013-10-09,8.132172787645665,20
2013-10-10,8.132561423960137,20
2013-10-11,8.29167448878594,20
2013-10-14,8.50562227622713,20
2013-10-15,8.46429007132243,20
2013-10-16,8.260011305890663,20
2013-10-17,8.27907574893859,20
2013-10-18,8.426918787879096,20
2013-10-21,8.687383116488713,20
2013-10-22,8.604229353704937,20
2013-10-23,8.306946792430496,20
2013-10-24,8.3096251136407,20
2013-10-25,8.098216401176742,20
2013-10-28,8.044316224196882,20
2013-10-29,7.776992192029445,20
2013-10-30,8.038217376554334,20
2013-10-31,7.9549964814478695,20
2013-11-01,7.88579299789067,20
2013-11-04,7.959702589839451,19
2013-11-05,8.022293801990077,19
2013-11-06,7.948861341822981,19
2013-11-07,7.794430381343556,19
2013-11-08,7.672230499057894,19
2013-11-11,7.857464974374167,19
2013-11-12,7.925007718930753,19
2013-11-13,7.93785483985682,19
2013-11-14,8.280420585242346,19
2013-11-15,8.459574132473168,19
2013-11-18,8.594808738169183,19
2013-11-19,8.580743980841643,19
2013-11-20,8.63006540141051,19
2013-11-21,8.605898513593521,19
2013-11-22,8.656547311316494,19
2013-11-25,8.857096989124502,19
2013-11-26,9.03382736782835,19
2013-11-27,9.1692342862191,19
2013-11-28,9.303255641931901,19
2013-11-29,9.533578827224211,19
2013-12-02,8.707005463604908,19
2013-12-03,8.848351706364168,20
2013-12-04,8.957634024071089,20
2013-12-05,8.992489708955096,20
2013-12-06,8.933822883416575,20
2013-12-09,9.144388061750874,20
2013-12-10,9.099584214019258,20
2013-12-11,9.084568734043636,20
2013-12-12,9.21420845918851,20
2013-12-13,9.245846215968378,20
2013-12-16,9.098195993630357,20
2013-12-17,8.965413682068588,20
2013-12-18,8.93441970270707,20
2013-12-19,8.939428560301346,20
2013-12-20,8.880688621383133,20
2013-12-23,8.90892184134258,20
2013-12-24,9.013603465921431,20
2013-12-25,9.376819066528975,20
2013-12-26,9.14316198232084,20
2013-12-27,9.359635262381788,20
2013-12-30,9.478585009195108,20
2013-12-31,9.360354982010923,20
2014-01-02,9.492951566886914,20
2014-01-03,9.51099226052086,19
2014-01-06,9.12670784268413,19
2014-01-07,9.300562942291565,19
2014-01-08,9.514168787462323,19
2014-01-09,9.372092869774685,19
2014-01-10,9.212235150015093,19
2014-01-13,9.208848728374937,19
2014-01-14,9.445503029539006,19
2014-01-15,9.514823650400537,19
2014-01-16,9.563551264862994,19
2014-01-17,9.515652682218873,19
2014-01-20,9.320724899958266,19
2014-01-21,9.474948440340885,19
2014-01-22,9.580974307524297,19
2014-01-23,9.702562315654058,19
2014-01-24,9.890665583226074,19
2014-01-27,9.905171924521621,19
2014-01-28,9.833236353370962,19
2014-01-29,10.062443096753887,19
2014-01-30,10.028406665183274,19
2014-02-07,10.189954413608739,19
2014-02-10,10.45209304358649,20
2014-02-11,10.399812133989382,20
2014-02-12,10.76870936303191,20
2014-02-13,10.540486653751891,20
2014-02-14,10.798209123923352,20
2014-02-17,11.107846134376661,20
2014-02-18,11.071309398762772,20
2014-02-19,11.038231690902327,20
2014-02-20,10.692707824296285,20
2014-02-21,10.661327183734105,20
2014-02-24,10.739859020386245,20
2014-02-25,10.128719038168066,20
2014-02-26,10.059191543624802,20
2014-02-27,9.798952111779288,20
2014-02-28,9.929102714668506,20
2014-03-03,10.09064793454586,20
2014-03-04,9.949154846999056,20
2014-03-05,10.050790221505862,20
2014-03-06,10.037599624006507,20
2014-03-07,10.016643213835694,20
2014-03-10,9.597923880313935,20
2014-03-11,9.628117176567077,20
2014-03-12,9.605593732497992,20
2014-03-13,9.769294695763234,20
2014-03-14,9.765054410670967,20
2014-03-17,9.946335999877803,20
2014-03-18,9.970644731569061,20
2014-03-19,9.910021061009544,20
2014-03-20,9.647418645274659,20
2014-03-21,9.787138568799952,20
2014-03-24,9.772350312318025,20
2014-03-25,9.683059291207254,20
2014-03-26,9.745682101394998,20
2014-03-27,9.475778758734664,20
2014-03-28,9.196219351348311,20
2014-03-31,9.020833913779542,20
2014-04-01,9.164422692317833,20
2014-04-02,9.123532055505477,20
2014-04-03,9.143906895291193,20
2014-04-04,9.255436355260791,20
2014-04-08,9.417601631413492,20
2014-04-09,9.517479343310322,20
2014-04-10,9.521487376774973,20
2014-04-11,9.432312927036772,20
2014-04-14,9.518539869678634,20
2014-04-15,9.449430888358004,20
2014-04-16,9.47176475076586,20
2014-04-17,9.536705733909944,20
2014-04-18,9.557491508036167,20
2014-04-21,9.455068543089759,20
2014-04-22,9.316778880286755,20
2014-04-23,9.338778617849004,20
2014-04-24,9.30194977614592,20
2014-04-25,9.127192148840962,20
2014-04-28,8.724695251637227,20
2014-04-29,8.852578719457604,20
2014-04-30,8.998033488046199,20
2014-05-05,9.100189469443265,20
2014-05-06,9.179916098288802,19
2014-05-07,9.069156344446531,19
2014-05-08,9.021629531647747,19
2014-05-09,8.906559943830262,19
2014-05-12,9.089736281765214,19
2014-05-13,9.067680701146346,19
2014-05-14,9.126400775929067,19
2014-05-15,9.029205208745813,19
2014-05-16,8.931121221184927,19
2014-05-19,8.891758881454884,19
2014-05-20,8.918297970210665,19
2014-05-21,8.98131012105522,19
2014-05-22,8.985706361184226,19
2014-05-23,9.086545604553887,19
2014-05-26,9.235838665383321,19
2014-05-27,9.190838426213181,19
2014-05-28,9.298077144068127,19
2014-05-29,9.217175360068108,19
2014-05-30,9.226551690955072,19
2014-06-03,9.185796261421682,19
2014-06-04,9.103717958432533,20
2014-06-05,9.178858751100922,20
2014-06-06,9.180686212964776,20
2014-06-09,9.094950331845283,20
2014-06-10,9.235200895591433,20
2014-06-11,9.230224614766819,20
2014-06-12,9.191175805438938,20
2014-06-13,9.329074274445786,20
2014-06-16,9.503739929011655,20
2014-06-17,9.319468289017275,20
2014-06-18,9.227590305825357,20
2014-06-19,8.892316542506595,20
2014-06-20,9.030664834240207,20
2014-06-23,9.237579183688045,20
2014-06-24,9.288685783173024,20
2014-06-25,9.401156368439045,20
2014-06-26,9.64535791272881,20
2014-06-27,9.679947985935842,20
2014-06-30,9.719680084467418,20
2014-07-01,9.736375163045842,20
2014-07-02,9.686054597624759,20
2014-07-03,9.745016885754845,20
2014-07-04,9.781149156222389,20
2014-07-07,9.774219346691861,20
2014-07-08,9.79017814033906,20
2014-07-09,9.572250240474363,20
2014-07-10,9.56223825817344,20
2014-07-11,9.638037541544154,20
2014-07-14,9.78733749764863,20
2014-07-15,9.675318996215381,20
2014-07-16,9.548892808436754,20
2014-07-17,9.52169607211459,20
2014-07-18,9.526282244027104,20
2014-07-21,9.518018240232006,20
2014-07-22,9.630198511031182,20
2014-07-23,9.44686984043854,20
2014-07-24,9.406954361689678,20
2014-07-25,9.476238829052303,20
2014-07-28,9.653273740132011,20
2014-07-29,9.755357213290585,20
2014-07-30,9.792553799990886,20
2014-07-31,9.833747903004719,20
2014-08-01,9.747339260616362,20
2014-08-04,9.864752638156068,20
2014-08-05,10.002579139509427,20
2014-08-06,10.038902894192605,20
2014-08-07,10.036848204146134,20
2014-08-08,10.172637560836753,20
2014-08-11,10.392906929809628,20
2014-08-12,10.370017390942445,20
2014-08-13,10.260129872068456,20
2014-08-14,10.261647409942059,20
2014-08-15,10.403092246803826,20
2014-08-18,10.615235978152095,20
2014-08-19,10.66227619879994,20
2014-08-20,10.787956437072983,20
2014-08-21,10.896533698895158,20
2014-08-22,11.015479912590868,20
2014-08-25,10.87527646201709,20
2014-08-26,10.65014218330205,20
2014-08-27,10.731976943694672,20
2014-08-28,10.603508101987257,20
2014-08-29,10.74943038212566,20
2014-09-01,10.925209688093819,20
2014-09-02,11.140357479657428,20
2014-09-03,11.380747787120512,20
2014-09-04,11.57227475439382,20
2014-09-05,11.555935536439184,20
2014-09-09,11.634131782644284,20
2014-09-10,11.833179319284605,20
2014-09-11,11.761776712905773,20
2014-09-12,11.987454627252026,20
2014-09-15,12.215291764632479,20
2014-09-16,11.726828361431085,20
2014-09-17,11.793826492657857,20
2014-09-18,11.876889253779538,20
2014-09-19,11.998350230622892,20
2014-09-22,11.750178572233668,20
2014-09-23,12.014890026291596,20
2014-09-24,12.138057847837139,20
2014-09-25,12.080029583792749,20
2014-09-26,12.158302110750006,20
2014-09-29,12.27264705237385,20
2014-09-30,12.335758273609635,20
2014-10-08,12.564140209138516,20
2014-10-09,12.479197091378047,19
2014-10-10,12.449703992748944,19
2014-10-13,12.690208024285926,19
2014-10-14,12.650765525155702,19
2014-10-15,12.92354307830755,19
2014-10-16,12.77083476855048,19
2014-10-17,13.146308047305402,19
2014-10-20,13.218461019930109,19
2014-10-21,13.298582900951125,19
2014-10-22,13.148152414166464,19
2014-10-23,12.801742847025507,19
2014-10-24,12.710883675090738,19
2014-10-27,12.80280823081858,19
2014-10-28,13.14590359742221,19
2014-10-29,13.288298785901679,19
2014-10-30,13.264837954470874,19
2014-10-31,13.14341690066783,19
2014-11-03,13.316771325583689,19
2014-11-04,13.140961601999624,20
2014-11-05,13.101573265696109,20
2014-11-06,13.382356776200007,20
2014-11-07,13.407189044941102,20
2014-11-10,13.624945412628463,20
2014-11-11,13.316380401344368,20
2014-11-12,13.596138062044613,20
2014-11-13,13.160636854005533,20
2014-11-14,12.804037416559897,20
2014-11-17,13.041679572053395,20
2014-11-18,13.0650874044597,20
2014-11-19,13.244977946688074,20
2014-11-20,13.127507465357544,20
2014-11-21,13.288169536090686,20
2014-11-24,13.400225206624905,20
2014-11-25,13.712242823774977,20
2014-11-26,14.05765812150299,20
2014-11-27,14.13353201206215,20
2014-11-28,14.315285238447636,20
2014-12-01,14.352041866950474,20
2014-12-02,14.500718524606897,20
2014-12-03,14.537126476855715,20
2014-12-04,14.681948304081427,20
2014-12-05,14.10461868864282,20
2014-12-08,13.837450087821733,20
2014-12-09,13.233238890959521,20
2014-12-10,13.720840114515097,20
2014-12-11,14.06644379539351,20
2014-12-12,14.403258754740785,20
2014-12-15,14.790566094510647,20
2014-12-16,14.672453699183356,20
2014-12-17,14.52131531443695,20
2014-12-18,14.464749115458012,20
2014-12-19,14.118646106989708,20
2014-12-22,13.34962306446456,20
2014-12-23,13.39960816757278,20
2014-12-24,13.806966950949013,20
2014-12-25,14.06765774811712,20
2014-12-26,14.070194818881076,20
2014-12-29,13.631702392976136,20
2014-12-30,13.403894106900099,20
2014-12-31,13.701492165633589,20
2015-01-05,13.661604341649682,20
2015-01-06,14.252643914969871,20
2015-01-07,14.057223006285396,20
2015-01-08,14.090635686126868,20
2015-01-09,14.028838870624483,20
2015-01-12,14.013058797319538,20
2015-01-13,14.436267471052648,20
2015-01-14,14.2949943727068,20
2015-01-15,14.176225286805467,20
2015-01-16,14.508525324457256,20
2015-01-19,14.466590917867348,20
2015-01-20,15.113804405329674,20
2015-01-21,15.444544096206167,20
2015-01-22,15.69985051674496,20
2015-01-23,15.256408827895152,20
2015-01-26,15.51896287532867,20
2015-01-27,15.611306247290685,20
2015-01-28,15.75533268387254,20
2015-01-29,15.590062210842442,20
2015-01-30,15.35612897537612,20
2015-02-02,15.489479964545149,20
2015-02-03,15.779724637637162,20
2015-02-04,15.816770279486294,20
2015-02-05,15.95653623581338,20
2015-02-06,15.46298814540942,20
2015-02-09,15.35862715654957,20
2015-02-10,15.531905733391254,20
2015-02-11,15.602425960533965,20
2015-02-12,15.718615691632712,20
2015-02-13,16.06795899243345,20
2015-02-16,16.50052501137694,20
2015-02-17,16.62346997850911,20
2015-02-25,16.43058193999439,20
2015-02-26,16.468409641244556,20
2015-02-27,16.671117319369017,20
2015-03-02,16.990725009855062,20
2015-03-03,16.72613903916015,20
2015-03-04,17.072518878584244,20
2015-03-05,17.17243102114596,20
2015-03-06,16.841350542531824,20
2015-03-09,17.07797187562528,20
2015-03-10,17.248354159974877,20
2015-03-11,17.18127520291208,20
2015-03-12,17.13089013874192,20
2015-03-13,17.44629376205592,20
2015-03-16,18.06236593147104,20
2015-03-17,18.331673395649972,20
2015-03-18,18.762108628045223,20
2015-03-19,18.738678964209424,20
2015-03-20,19.124101140301725,20
2015-03-23,19.89595916291655,20
2015-03-24,19.951735767272854,20
2015-03-25,20.392659652649858,20
2015-03-26,19.791279141988507,20
2015-03-27,19.93379183105448,20
2015-03-30,20.03075628504642,20
2015-03-31,20.369995306385725,20
2015-04-01,21.127252569611265,20
2015-04-02,21.75893959894577,20
2015-04-03,22.282083322911966,20
2015-04-07,22.960868193828077,20
2015-04-08,22.614684575372006,20
2015-04-09,22.354787388041906,20
2015-04-10,23.191878375424647,20
2015-04-13,24.105599476561423,20
2015-04-14,24.167305728691957,20
2015-04-15,22.810168676475936,20
2015-04-16,22.998617662784667,20
2015-04-17,22.817261887610357,20
2015-04-20,21.86172993808022,20
2015-04-21,22.883921366857635,20
2015-04-22,23.585208225793643,20
2015-04-23,23.794318564638075,20
2015-04-24,23.764975906446217,20
2015-04-27,23.73400003477828,20
2015-04-28,22.78469155327141,20
2015-04-29,23.35739465124759,20
2015-04-30,23.29593702990782,20
2015-05-04,23.25691915618439,20
2015-05-05,22.69247157872133,20
2015-05-06,22.37613532395272,20
2015-05-07,21.974122094257186,20
2015-05-08,22.978293088260763,20
2015-05-11,23.957278460532386,20
2015-05-12,24.203971001832947,20
2015-05-13,24.22241102387124,20
2015-05-14,24.643930240361993,20
2015-05-15,24.362650064350586,20
2015-05-18,25.079546816665733,20
2015-05-19,25.64045820136152,20
2015-05-20,26.180108447346313,20
2015-05-21,27.35622286687502,20
2015-05-22,27.58429156635611,20
2015-05-25,28.099860311039016,20
2015-05-26,29.62280855218726,20
2015-05-27,30.539769578861673,20
2015-05-28,28.912893431810357,20
2015-05-29,29.211108614599265,20
2015-06-01,30.518540854720374,20
2015-06-02,30.885752259222144,16
2015-06-03,31.034705897715583,16
2015-06-04,30.72616767108673,16
2015-06-05,31.66664633521703,16
2015-06-08,31.649750259064582,16
2015-06-09,31.415754769703184,16
2015-06-10,32.09644284896909,16
2015-06-11,32.740683895810974,16
2015-06-12,33.21534261071855,16
2015-06-15,32.204508106696146,16
2015-06-16,30.889617253679496,16
2015-06-17,31.918189037414155,16
2015-06-18,30.827732362543006,16
2015-06-19,28.425512247764814,16
2015-06-23,29.12259657198568,16
2015-06-24,29.905796326634352,16
2015-06-25,28.39974504769093,16
2015-06-26,25.77943675797686,16
2015-06-29,24.18141661944463,16
2015-06-30,26.00428218333385,16
2015-07-01,24.740209968512275,16
2015-07-02,23.544323394225536,20
2015-07-03,22.496210529482603,20
2015-07-06,21.6468395047334,20
2015-07-07,19.482492924890813,20
2015-07-08,18.306199084727677,20
2015-07-09,20.136807241837833,20
2015-07-10,22.149953774585956,20
2015-07-13,24.34621984541195,20
2015-07-14,25.113237087672022,20
2015-07-15,23.582912273255864,20
2015-07-16,24.177959061538395,20
2015-07-17,25.919891975486497,20
2015-07-20,26.321337681697592,20
2015-07-21,26.91750444325385,20
2015-07-22,27.18862052741693,20
2015-07-23,28.605855270943895,20
2015-07-24,27.667057681057297,20
2015-07-27,24.981285205981077,20
2015-07-28,23.953593861451775,20
2015-07-29,25.59540278520172,20
2015-07-30,25.067807685652532,20
2015-07-31,24.59031612149332,20
2015-08-03,23.07783583981605,20
2015-08-04,24.983530601087825,19
2015-08-05,25.20512896297091,19
2015-08-06,25.375753077790918,19
2015-08-07,26.351817807839613,19
2015-08-10,27.808368523599714,19
2015-08-11,27.923859143938785,19
2015-08-12,27.301374829907815,19
2015-08-13,28.26843843774818,19
2015-08-14,28.416677102394935,19
2015-08-17,28.124479815922793,19
2015-08-18,26.067712226250414,19
2015-08-19,27.269634533869883,19
2015-08-20,25.918111368933317,19
2015-08-21,24.40038891272993,19
2015-08-24,21.98289508170388,19
2015-08-25,20.190913270731752,19
2015-08-26,19.391257743051195,19
2015-08-27,20.180002753386603,19
2015-08-28,21.593436109998734,19
2015-08-31,20.014501969179285,19
2015-09-01,18.330861088672147,19
2015-09-02,17.459880785969688,20
2015-09-07,17.926879440783022,20
2015-09-08,19.24287591854623,20
2015-09-09,20.158190227423905,20
2015-09-10,19.561032434293786,20
2015-09-11,19.820605380661238,20
2015-09-14,17.85497284233182,20
2015-09-15,16.75763706682538,20
2015-09-16,18.36917676290825,20
2015-09-17,18.11254843905143,20
2015-09-18,18.54956392579084,20
2015-09-21,19.483482731612792,20
2015-09-22,19.870294631071935,20
2015-09-23,19.81307434086571,20
2015-09-24,20.200581206730448,20
2015-09-25,19.094060001892974,20
2015-09-28,20.0685324857645,20
2015-09-29,19.899489988288522,20
2015-09-30,19.850134214447856,20
2015-10-08,20.891175743564805,20
2015-10-09,21.13246586502851,20
2015-10-12,22.204849872517652,20
2015-10-13,22.608255406509883,20
2015-10-14,22.3554396496046,20
2015-10-15,23.437031875486536,20
2015-10-16,23.543691069302927,20
2015-10-19,23.288440346124396,20
2015-10-20,23.955877075295007,20
2015-10-21,22.25834535503759,20
2015-10-22,23.535076621180544,20
2015-10-23,24.472603584681362,20
2015-10-26,24.974795184197358,20
2015-10-27,25.339500794701145,20
2015-10-28,24.966005149758892,20
2015-10-29,25.391747959498776,20
2015-10-30,25.73824996597744,20
2015-11-02,26.2469828998837,20
2015-11-03,27.03554614049903,20
2015-11-04,28.392933094869047,20
2015-11-05,28.06783513136781,20
2015-11-06,29.41928217865486,20
2015-11-09,30.468917445016878,20
2015-11-10,30.39383844742978,20
2015-11-11,32.01042116071181,20
2015-11-12,33.291650528281465,20
2015-11-13,31.28734458398506,20
2015-11-16,31.90265266139683,20
2015-11-17,31.247811121033163,20
2015-11-18,30.178559229481564,20
2015-11-19,31.786195277323646,20
2015-11-20,32.09106879929215,20
2015-11-23,31.879842466129354,20
2015-11-24,33.699328022796735,20
2015-11-25,34.36310059347093,20
2015-11-26,33.797831638812724,20
2015-11-27,31.95767068764308,20
2015-11-30,33.620711433501285,20
2015-12-01,33.16822090784989,20
2015-12-02,32.68747823525123,20
2015-12-03,33.80414572216422,20
2015-12-04,33.59925606929479,20
2015-12-07,34.08656538098767,20
2015-12-08,33.574383558670185,20
2015-12-09,33.13464971594281,20
2015-12-10,32.77462552817407,20
2015-12-11,32.46975990497298,20
2015-12-14,33.22236872560901,20
2015-12-15,33.64948276671112,20
2015-12-16,33.764980096645566,20
2015-12-17,35.03564350254461,20
2015-12-18,34.691688874530065,20
2015-12-21,35.021568831696655,20
2015-12-22,35.41305742098797,20
2015-12-23,35.063063703830885,20
2015-12-24,35.418799722649595,20
2015-12-25,35.722538430563056,20
2015-12-28,34.81064814857862,20
2015-12-29,35.57330889678304,20
2015-12-30,36.13131759374978,20
2015-12-31,35.37198519112429,20
2016-01-04,32.098052136940844,20
2016-01-05,31.79971210448059,20
2016-01-06,32.56403739803519,20
2016-01-07,29.44124985051042,20
2016-01-08,29.998572250548072,20
2016-01-11,27.945515449600464,20
2016-01-12,28.16900382254083,20
2016-01-13,27.08473986928681,20
2016-01-14,28.492240393183266,20
2016-01-15,27.217936849722786,20
2016-01-18,27.77643034876313,20
2016-01-19,28.747596695416515,20
2016-01-20,28.444091162078276,20
2016-01-21,26.939164661780172,20
2016-01-22,27.426787036031726,20
2016-01-25,27.727609241504226,20
2016-01-26,25.3495568762621,20
2016-01-27,25.684477807838086,20
2016-01-28,24.61939060203502,20
2016-01-29,25.717289666955107,20
2016-02-01,25.575912858858626,20
2016-02-02,26.707543259059417,20
2016-02-03,26.783375664029265,20
2016-02-04,27.579424896907,20
2016-02-05,27.22213451338795,20
2016-02-15,27.250896495181404,20
2016-02-16,28.64135481678449,20
2016-02-17,29.200864691790127,20
2016-02-18,29.522628440706846,20
2016-02-19,29.601925525742637,20
2016-02-22,30.308190951141803,20
2016-02-23,30.003813853052147,20
2016-02-24,29.597132430440922,20
2016-02-25,26.993659613834453,20
2016-02-26,26.81421323449014,20
2016-02-29,24.77791564554406,20
2016-03-01,25.66464512665813,20
2016-03-02,27.0018046095813,20
2016-03-03,26.884510000200795,20
2016-03-04,25.539996120634797,20
2016-03-07,26.288173659442872,20
2016-03-08,26.66600640399706,20
2016-03-09,26.069925785643612,20
2016-03-10,25.605784389007344,20
2016-03-11,25.89775790168689,20
2016-03-14,27.110324313360024,20
2016-03-15,26.920897492085146,20
2016-03-16,26.481696139489923,20
2016-03-17,27.81177955421018,20
2016-03-18,29.02220747425093,20
2016-03-21,29.99737276007901,20
2016-03-22,29.918839270918504,20
2016-03-23,30.425162748090457,20
2016-03-24,30.548216506258417,20
2016-03-25,30.761230523543738,20
2016-03-28,30.386158945001966,20
2016-03-29,29.398532410767654,20
2016-03-30,31.00581938240071,20
2016-03-31,31.433899429452513,20
2016-04-01,31.321569024300235,20
2016-04-05,32.311944331389235,20
2016-04-06,32.72814788731768,20
2016-04-07,32.230960521437424,20
2016-04-08,31.95140556470934,20
2016-04-11,33.42476447251724,20
2016-04-12,33.13889308651255,20
2016-04-13,33.74305184251456,20
2016-04-14,34.16096276999028,20
2016-04-15,34.0795575675315,20
2016-04-18,33.287485826046726,20
2016-04-19,33.52962315068967,20
2016-04-20,31.624511842012144,20
2016-04-21,31.092875896010067,20
2016-04-22,31.563936484100893,20
2016-04-25,31.22860941099214,20
2016-04-26,31.765718513401893,20
2016-04-27,31.672338949188887,20
2016-04-28,31.71299660559903,20
2016-04-29,31.8251405059042,20
2016-05-03,32.82249745238656,20
2016-05-04,32.81974126184764,20
2016-05-05,32.96104189696506,20
2016-05-06,31.57808410313942,20
2016-05-09,30.681853435144507,20
2016-05-10,30.696727499907354,20
2016-05-11,30.868348276460996,20
2016-05-12,31.03713578297897,20
2016-05-13,31.090846447666117,20
2016-05-16,31.6815965435845,20
2016-05-17,31.46332584559613,20
2016-05-18,30.653955618327856,20
2016-05-19,30.711713586247743,20
2016-05-20,31.070193627980583,20
2016-05-23,31.465074177923576,20
2016-05-24,31.07154689953488,20
2016-05-25,31.161476263827403,20
2016-05-26,31.060508089408053,20
2016-05-27,31.142560856421564,20
2016-05-30,31.10655414622829,20
2016-05-31,32.39330743549877,20
2016-06-01,32.4652035488173,20
2016-06-02,32.77154336267894,18
2016-06-03,33.15983216165766,18
2016-06-06,33.492934123773544,18
2016-06-07,33.78954271665574,18
2016-06-08,33.63269186784986,18
2016-06-13,32.04185107438052,18
2016-06-14,32.20941399332337,18
2016-06-15,33.623724761594374,18
2016-06-16,33.489856714039796,18
2016-06-17,33.911664441826034,18
2016-06-20,34.58629881952894,18
2016-06-21,34.07663109528102,18
2016-06-22,34.595869557464766,18
2016-06-23,34.300092645906645,18
2016-06-24,34.17607583533598,18
2016-06-27,35.07499503438435,18
2016-06-28,35.44785750640903,18
2016-06-29,35.46552992180764,18
2016-06-30,35.234424111815024,18
2016-07-01,35.1307788519433,18
2016-07-04,35.9503307780415,20
2016-07-05,36.135403115139844,20
2016-07-06,36.374641751815545,20
2016-07-07,36.45869889695034,20
2016-07-08,36.349190778276835,20
2016-07-11,36.1450467994199,20
2016-07-12,36.70094532546588,20
2016-07-13,36.96788290635954,20
2016-07-14,36.91669011728611,20
2016-07-15,36.7624235173759,20
2016-07-18,36.564188783119974,20
2016-07-19,36.8232902370794,20
2016-07-20,36.99261632405806,20
2016-07-21,36.78744753356116,20
2016-07-22,36.302082575009585,20
2016-07-25,36.36039714882007,20
2016-07-26,36.87912762539585,20
2016-07-27,35.255094181113826,20
2016-07-28,35.42996759108887,20
2016-07-29,35.69796495493345,20
2016-08-01,35.185474687338896,20
2016-08-02,35.500431564634496,20
2016-08-03,35.72358683941815,20
2016-08-04,36.03138924227517,20
2016-08-05,35.62344186176935,20
2016-08-08,36.08065153467388,20
2016-08-09,36.28866700689924,20
2016-08-10,36.14975419782458,20
2016-08-11,35.460938008528714,20
2016-08-12,35.762259881986196,20
2016-08-15,36.8278554109879,20
2016-08-16,36.966055038076995,20
2016-08-17,37.15821518973331,20
2016-08-18,36.96731526082428,20
2016-08-19,36.97546409062795,20
2016-08-22,36.38851486936618,20
2016-08-23,36.54494357704974,20
2016-08-24,36.62598142317055,20
2016-08-25,36.372364402053755,20
2016-08-26,36.527697510831636,20
2016-08-29,36.7888823753031,20
2016-08-30,36.888427494508576,20
2016-08-31,36.778838165383114,20
2016-09-01,36.540561386711836,20
2016-09-02,36.69601497758113,20
2016-09-05,36.84574718360696,20
2016-09-06,37.565727136336356,20
2016-09-07,37.446487238844156,20
2016-09-08,37.707311054912225,20
2016-09-09,37.38292132240844,20
2016-09-12,36.36520536669375,20
2016-09-13,36.61837669080421,20
2016-09-14,36.3502880159138,20
2016-09-19,36.880404800803994,20
2016-09-20,36.763123391568975,20
2016-09-21,36.88918415083021,20
2016-09-22,37.04533224332948,20
2016-09-23,36.921358507091696,20
2016-09-26,36.03332050202058,20
2016-09-27,36.44367366243984,20
2016-09-28,36.754242635560196,20
2016-09-29,37.03324019804232,20
2016-09-30,37.03104003856019,20
2016-10-10,37.752186155723656,20
2016-10-11,37.827926378379466,19
2016-10-12,38.126257256323846,19
2016-10-13,38.05905763105861,19
2016-10-14,38.0960039678083,19
2016-10-17,37.724585164171344,19
2016-10-18,38.501840642564986,19
2016-10-19,38.30861698394591,19
2016-10-20,38.4078603240968,19
2016-10-21,37.951449916795035,19
2016-10-24,38.24437967849354,19
2016-10-25,38.375725748683834,19
2016-10-26,38.12975324669773,19
2016-10-27,38.343983598059886,19
2016-10-28,38.029890289752764,19
2016-10-31,38.13252692981782,19
2016-11-01,38.76916255765919,19
2016-11-02,38.77766690478331,20
2016-11-03,38.91486228004851,20
2016-11-04,39.01524970344789,20
2016-11-07,38.71264687097053,20
2016-11-08,38.87682718882104,20
2016-11-09,38.50079988631837,20
2016-11-10,39.45467735459974,20
2016-11-11,39.808052146513624,20
2016-11-14,39.83457247918402,20
2016-11-15,39.96190503599001,20
2016-11-16,39.90469306184361,20
2016-11-17,39.57691349088079,20
2016-11-18,39.632875278265224,20
2016-11-21,39.98230896427963,20
2016-11-22,40.468791468330664,20
2016-11-23,39.995651444364356,20
2016-11-24,39.65279286956735,20
2016-11-25,39.56423411309575,20
2016-11-28,39.29850577640981,20
2016-11-29,39.12992367460897,20
2016-11-30,39.37104751199259,20
2016-12-01,39.66795858887764,20
2016-12-02,38.80865659006102,20
2016-12-05,38.8945232308718,20
2016-12-06,38.99354813885791,20
2016-12-07,39.325683808273986,20
2016-12-08,39.32461212416081,20
2016-12-09,38.96907309963981,20
2016-12-12,36.65702888141682,20
2016-12-13,36.730262468476894,20
2016-12-14,36.389709983136,20
2016-12-15,36.70642205474334,20
2016-12-16,37.14405040136669,20
2016-12-19,37.2058261516771,20
2016-12-20,37.09995572091851,20
2016-12-21,37.385997795634076,20
2016-12-22,37.25936062269735,20
2016-12-23,36.72137136183112,20
2016-12-26,37.00605135821142,20
2016-12-27,36.99596716928885,20
2016-12-28,36.87333878799373,20
2016-12-29,36.71040561175814,20
2016-12-30,36.86942828311541,20
2017-01-03,37.030063811926695,20
2017-01-04,37.655332163300635,20
2017-01-05,37.40581250660868,20
2017-01-06,37.20018067033669,20
2017-01-09,37.36561027941393,20
2017-01-10,37.29203264940779,20
2017-01-11,36.775809469921285,20
2017-01-12,36.44912014651414,20
2017-01-13,35.77810943478159,20
2017-01-16,34.44257992392406,20
2017-01-17,34.9197663947347,20
2017-01-18,34.693804851711946,20
2017-01-19,34.59093808165563,20
2017-01-20,35.18076563980133,20
2017-01-23,35.611378195161784,20
2017-01-24,35.454742578595855,20
2017-01-25,35.591476351593464,20
2017-01-26,35.80444545464331,20
2017-02-03,35.634298519436314,20
2017-02-06,36.08256860726332,20
2017-02-07,36.061349763193164,20
2017-02-08,36.30582625122717,20
2017-02-09,36.9344802946204,20
2017-02-10,36.74916456039145,20
2017-02-13,36.99621091779062,20
2017-02-14,36.89384327733891,20
2017-02-15,36.61921914803298,20
2017-02-16,36.71839617553203,20
2017-02-17,36.36183064385312,20
2017-02-20,36.92829726243805,20
2017-02-21,37.35870144672646,20
2017-02-22,37.45785777558945,20
2017-02-23,37.56983481347887,20
2017-02-24,37.66511025137425,20
2017-02-27,37.427799466477005,20
2017-02-28,37.57236790331006,20
2017-03-01,37.70419795536056,20
2017-03-02,37.59631424865704,20
2017-03-03,38.09289973385838,20
2017-03-06,38.65500113394533,20
2017-03-07,38.8231535317627,20
2017-03-08,38.526893447512236,20
2017-03-09,38.50812614243939,20
2017-03-10,38.91749869699507,20
2017-03-13,39.18977784820034,20
2017-03-14,39.03738380610995,20
2017-03-15,38.97007647403542,20
2017-03-16,39.49098122293028,20
2017-03-17,39.10306291460465,20
2017-03-20,39.378395948076204,20
2017-03-21,39.388599316568374,20
2017-03-22,39.21683855423518,20
2017-03-23,39.16185231120802,20
2017-03-24,39.14778402045594,20
2017-03-27,39.23621741155587,20
2017-03-28,39.00058420339901,20
2017-03-29,38.3798951588887,20
2017-03-30,37.539294992509,20
2017-03-31,37.84054715920473,20
2017-04-05,38.57532393837798,20
2017-04-06,38.89399307901676,20
2017-04-07,38.76674021055269,20
2017-04-10,37.633905224624264,20
2017-04-11,37.77143105861397,20
2017-04-12,37.656346147541186,20
2017-04-13,37.96622794029446,20
2017-04-14,37.408924454955596,20
2017-04-17,36.921792093661075,20
2017-04-18,36.778976621864246,20
2017-04-19,36.62709249832966,20
2017-04-20,36.624887484762645,20
2017-04-21,36.30397361921877,20
2017-04-24,35.3531565182821,20
2017-04-25,35.2657157962724,20
2017-04-26,35.180038452715635,20
2017-04-27,35.35688503710092,20
2017-04-28,35.5702869637645,20
2017-05-02,35.28022060638321,20
2017-05-03,35.27352058259684,20
2017-05-04,35.18814008448276,20
2017-05-05,34.77353739712023,20
2017-05-08,34.08210782041803,20
2017-05-09,34.167007325096996,20
2017-05-10,33.42106236398469,20
2017-05-11,33.427405973072005,20
2017-05-12,33.38999910612899,20
2017-05-15,33.41723386794341,20
2017-05-16,34.21800535525753,20
2017-05-17,34.280287591248296,20
2017-05-18,34.121311996326305,20
2017-05-19,33.94305302152806,20
2017-05-22,33.28059416408704,20
2017-05-23,32.39811901094929,20
2017-05-24,32.516111914450754,20
2017-05-25,32.740180805810176,20
2017-05-26,32.89546737765026,20
2017-05-31,32.889218586453524,20
2017-06-01,32.1843041445864,20
2017-06-02,32.64129042678519,20
2017-06-05,33.126757257479994,20
2017-06-06,33.51820703539661,20
2017-06-07,34.50488658390519,20
2017-06-08,34.371251872826186,20
2017-06-09,34.33016428050012,20
2017-06-12,33.65561962015419,20
2017-06-13,34.42092409156718,20
2017-06-14,34.630528477082116,20
2017-06-15,35.15605853716266,20
2017-06-16,34.90836423345845,20
2017-06-19,35.15729092746508,20
2017-06-20,35.118691830860364,20
2017-06-21,35.11147261384757,20
2017-06-22,34.58746826453111,20
2017-06-23,34.62860497154308,20
2017-06-26,35.01677078104998,20
2017-06-27,34.99244323438964,20
2017-06-28,34.60919945869193,20
2017-06-29,34.85913937336725,20
2017-06-30,35.39331413700772,20
2017-07-03,35.67711362871547,20
2017-07-04,35.485782646166165,20
2017-07-05,36.01465094308626,20
2017-07-06,35.8750504768007,20
2017-07-07,36.75750334837801,20
2017-07-10,35.84855384060807,20
2017-07-11,34.75361292126914,20
2017-07-12,35.18033496950086,20
2017-07-13,34.72345022022638,20
2017-07-14,34.16627406777942,20
2017-07-17,31.690371935736703,20
2017-07-18,31.942577583603807,20
2017-07-19,32.12393139546413,20
2017-07-20,31.966467416581256,20
2017-07-21,31.819071324527574,20
2017-07-24,32.085868417231474,20
2017-07-25,31.992043160958154,20
2017-07-26,31.95160638086794,20
2017-07-27,32.84322520884006,20
2017-07-28,32.579675236765375,20
2017-07-31,32.76068332299192,20
2017-08-01,32.76808987056907,20
2017-08-02,32.08523399817928,20
2017-08-03,32.33134184058921,20
2017-08-04,32.00606486704479,20
2017-08-07,32.29668905646788,20
2017-08-08,32.34398108568032,20
2017-08-09,32.373261827956505,20
2017-08-10,32.108892695431045,20
2017-08-11,31.803167344700885,20
2017-08-14,32.502488299103305,20
2017-08-15,32.93201587641107,20
2017-08-16,33.57475058956052,20
2017-08-17,33.71787034387883,20
2017-08-18,33.24534672900774,20
2017-08-21,33.62055963010219,20
2017-08-22,33.56317189471377,20
2017-08-23,33.50446934279712,20
2017-08-24,33.30534856566848,20
2017-08-25,33.90020349656281,20
2017-08-28,34.83963578487986,20
2017-08-29,34.95721757061605,20
2017-08-30,34.62422640284294,20
2017-08-31,35.40682626181598,20
2017-09-01,35.38596807885933,20
2017-09-04,35.450275748332196,20
2017-09-05,35.309168615209124,20
2017-09-06,35.61586115745892,20
2017-09-07,35.661544769618864,20
2017-09-08,35.623220736655774,20
2017-09-11,36.17604586961542,20
2017-09-12,35.594709671932094,20
2017-09-13,35.82813491706574,20
2017-09-14,35.73509725955095,20
2017-09-15,35.526504812753394,20
2017-09-18,35.63093536953722,20
2017-09-19,36.01210174636834,20
2017-09-20,36.347436636508235,20
2017-09-21,36.09982905207731,20
2017-09-22,36.34651640959303,20
2017-09-25,36.02538393547237,20
2017-09-26,35.605647355504125,20
2017-09-27,36.0490544336691,20
2017-09-28,35.85339009094763,20
2017-09-29,36.17654060465097,20
2017-10-09,36.50912533934846,20
2017-10-10,37.2009537206916,20
2017-10-11,37.04119011865396,20
2017-10-12,36.87829892794648,20
2017-10-13,37.628994247736124,20
2017-10-16,36.45015780242289,20
2017-10-17,36.94126406647361,20
2017-10-18,36.41237816726933,20
2017-10-19,36.15635435957452,20
2017-10-20,36.52887005775675,20
2017-10-23,36.79649385941986,20
2017-10-24,36.40142917785694,20
2017-10-25,37.187414234555476,20
2017-10-26,37.28923582778097,20
2017-10-27,37.530462321340565,20
2017-10-30,36.60321018526679,20
2017-10-31,37.232620002940344,20
2017-11-01,37.4154942733437,20
2017-11-02,37.049328885403234,20
2017-11-03,36.56846133276787,20
2017-11-06,37.02823280499494,20
2017-11-07,36.91059100984204,20
2017-11-08,36.94424193456696,20
2017-11-09,37.05227201015682,20
2017-11-10,37.34654617988873,20
2017-11-13,37.88287441243077,20
2017-11-14,37.35092815601667,20
2017-11-15,36.87336770556508,20
2017-11-16,36.173302909973806,20
2017-11-17,33.83988064583646,20
2017-11-20,34.268459790613356,20
2017-11-21,34.09740862898695,20
2017-11-22,34.08274271035671,20
2017-11-23,33.14777333926093,20
2017-11-24,33.61006681670116,20
2017-11-27,33.09205673348873,20
2017-11-28,33.83391857504287,20
2017-11-29,33.57217500522585,20
2017-11-30,33.32396184195129,20
2017-12-01,33.66802160992825,20
2017-12-04,32.16278593504176,20
2017-12-05,30.885144752475348,20
2017-12-06,31.483753944787196,20
2017-12-07,31.507471359809482,20
2017-12-08,31.86603246674072,20
2017-12-11,32.089911273162656,20
2017-12-12,31.440864991293388,20
2017-12-13,31.83008162212931,20
2017-12-14,31.725797423458605,20
2017-12-15,31.583411506161603,20
2017-12-18,31.2219923911944,20
2017-12-19,31.612324669625607,20
2017-12-20,31.23881270863209,20
2017-12-21,31.0194613902714,20
2017-12-22,30.87705851619056,20
2017-12-25,30.44525146320358,20
2017-12-26,31.081596588026198,20
2017-12-27,30.98661258351533,20
2017-12-28,31.264405070383287,20
2017-12-29,31.589078765264205,20
2018-01-02,31.89629740516047,20
2018-01-03,31.897229841209125,20
2018-01-04,31.677843960438018,20
2018-01-05,31.598065960201808,20
2018-01-08,31.476998929848467,20
2018-01-09,31.43729977090614,20
2018-01-10,31.022132139328125,20
2018-01-11,31.523623779565796,20
2018-01-12,31.545517995175086,20
2018-01-15,30.803653779614166,20
2018-01-16,31.376352000343967,20
2018-01-17,31.559133337259723,20
2018-01-18,31.881032945530215,20
2018-01-19,31.646027654449888,20
2018-01-22,32.098879447675316,20
2018-01-23,32.066054345979786,20
2018-01-24,32.56367420503921,20
2018-01-25,32.60805459971052,20
2018-01-26,32.153730643010476,20
2018-01-29,31.568904394931778,20
2018-01-30,31.552868258420208,20
2018-01-31,30.55206718297284,20
2018-02-01,29.454379661555325,20
2018-02-02,28.973012378785302,20
2018-02-05,28.515077288516,20
2018-02-06,26.862106210640068,20
2018-02-07,27.11138184181755,20
2018-02-08,27.46531341736901,20
2018-02-09,26.630284624382224,20
2018-02-12,27.690676455314627,20
2018-02-13,27.47534032987672,20
2018-02-14,27.405930253486982,20
2018-02-22,27.907384565939978,20
2018-02-23,28.158360059282487,20
2018-02-26,29.368484720412496,20
2018-02-27,29.766371012208015,20
2018-02-28,29.693217682756615,20
2018-03-01,30.09497930909201,20
2018-03-02,29.907990378457814,20
2018-03-05,30.265226736649986,20
2018-03-06,30.77258874872919,20
2018-03-07,30.475552026368142,20
2018-03-08,31.173011779272134,20
2018-03-09,32.11270859494569,20
2018-03-12,32.63673473650155,20
2018-03-13,32.532310784402426,20
2018-03-14,32.69961682408534,20
2018-03-15,31.776222772651987,20
2018-03-16,31.986456503235217,20
2018-03-19,32.34827074140935,20
2018-03-20,32.62207817395746,20
2018-03-21,32.60519621655741,20
2018-03-22,32.94912258262826,20
2018-03-23,30.96139424013923,20
2018-03-26,31.931845382839672,20
2018-03-27,33.18414049757961,20
2018-03-28,33.10008797802911,20
2018-03-29,33.29037355538972,20
2018-03-30,34.106172289856985,20
2018-04-02,34.26952902281446,20
2018-04-03,33.9197525410114,20
2018-04-04,33.86796361898074,20
2018-04-09,34.16941412179244,20
2018-04-10,34.32471041755596,20
2018-04-11,34.95645673193721,20
2018-04-12,35.19423438466831,20
2018-04-13,35.14758634457462,20
2018-04-16,34.52937144913703,20
2018-04-17,33.37113425097884,20
2018-04-18,33.77674705095835,20
2018-04-19,33.793874234761745,20
2018-04-20,32.759522994973004,20
2018-04-23,32.756096649220495,20
2018-04-24,33.941718883028685,20
2018-04-25,34.41679636987564,20
2018-04-26,34.00409308726197,20
2018-04-27,33.732890131428974,20
2018-05-02,33.251455564568204,20
2018-05-03,33.57074865617735,20
2018-05-04,33.61004952172549,20
2018-05-07,34.32960381114114,20
2018-05-08,34.48497877336817,20
2018-05-09,35.06487996795214,20
2018-05-10,35.54544280322939,20
2018-05-11,34.97462713688169,20
2018-05-14,34.48803396914594,20
2018-05-15,35.00624305009126,20
2018-05-16,34.80537067820457,20
2018-05-17,34.81761380691724,20
2018-05-18,35.06971820869666,20
2018-05-21,35.53659519421059,20
2018-05-22,35.80707692552344,20
2018-05-23,35.70346431267768,20
2018-05-24,35.728319462469145,20
2018-05-25,35.627293049017496,20
2018-05-28,35.66509115850381,20
2018-05-29,35.40661574989891,20
2018-05-30,33.82439477394127,20
2018-05-31,34.834759479015794,20
2018-06-01,34.88813872127175,20
2018-06-04,34.98450771596597,20
2018-06-05,35.6398490311956,20
2018-06-06,35.913410641942015,20
2018-06-07,35.26630636531794,20
2018-06-08,35.29563303324184,20
2018-06-11,34.94322224264816,20
2018-06-12,35.260146106908834,20
2018-06-13,34.53788593600019,20
2018-06-14,34.37031627326805,20
2018-06-15,33.19137671141164,20
2018-06-19,30.523132800895354,20
2018-06-20,31.24066933686685,20
2018-06-21,30.316500063852494,20
2018-06-22,30.9427938729459,20
2018-06-25,31.107688153749088,20
2018-06-26,31.6175338490968,20
2018-06-27,31.29583639864046,20
2018-06-28,31.040151257898263,20
2018-06-29,32.09317943260072,20
2018-07-02,31.673815178757724,20
2018-07-03,32.68869507327858,20
2018-07-04,31.6467761751908,20
2018-07-05,30.620344735861647,20
2018-07-06,30.897696890601544,20
2018-07-09,31.986703344950374,20
2018-07-10,32.566297186627224,20
2018-07-11,31.58558983750709,20
2018-07-12,32.686111239522056,20
2018-07-13,32.79009885720623,20
2018-07-16,32.88778943641215,20
2018-07-17,32.930886067981696,20
2018-07-18,32.735244108226105,20
2018-07-19,32.57718350778237,20
2018-07-20,32.91389003211215,20
2018-07-23,33.03560282804761,20
2018-07-24,33.680682767646836,20
2018-07-25,33.53047732017527,20
2018-07-26,33.0534212716694,20
2018-07-27,32.922575924106404,20
2018-07-30,32.33633649570698,20
2018-07-31,32.3165314477619,20
2018-08-01,31.640010111313774,20
2018-08-02,30.41039385323933,20
2018-08-03,29.828543314346483,20
2018-08-06,28.880663147621135,20
2018-08-07,29.744276109275482,20
2018-08-08,29.077733538023637,20
2018-08-09,29.861276284943255,20
2018-08-10,30.10963160846398,20
2018-08-13,30.325794682617342,20
2018-08-14,30.233423501596068,20
2018-08-15,29.508266581038512,20
2018-08-16,29.341575012249603,20
2018-08-17,28.72964474376998,20
2018-08-20,28.983105487946762,20
2018-08-21,29.297572958244885,20
2018-08-22,28.688895463978472,20
2018-08-23,29.12285926302324,20
2018-08-24,29.301894126429282,20
2018-08-27,29.956402605875827,20
2018-08-28,29.867671151297174,20
2018-08-29,29.5916808878208,20
2018-08-30,29.16385088098871,20
2018-08-31,28.758798053683687,20
2018-09-03,28.604949953738647,20
2018-09-04,28.923462567679508,20
2018-09-05,28.229627230409275,20
2018-09-06,28.08022570555397,20
2018-09-07,28.07316660403275,20
2018-09-10,27.483310293492778,20
2018-09-11,27.59092417027511,20
2018-09-12,27.703560702064625,20
2018-09-13,27.907286093931774,20
2018-09-14,27.277461328406762,20
2018-09-17,26.521317241126972,20
2018-09-18,26.950665591801304,20
2018-09-19,27.136271766645834,20
2018-09-20,26.824543361151107,20
2018-09-21,27.23101822234228,20
2018-09-25,27.303706472581723,20
2018-09-26,27.592342201625698,20
2018-09-27,27.03681593948881,20
2018-09-28,27.62555990498925,20
2018-10-08,26.76857034395701,20
2018-10-09,27.029596387176067,20
2018-10-10,27.370498156025903,20
2018-10-11,25.05026118018833,20
2018-10-12,24.999304391396326,20
2018-10-15,24.8521108672538,20
2018-10-16,24.277571296772607,20
2018-10-17,24.558087428356608,20
2018-10-18,24.409719070154956,20
2018-10-19,25.095369578971912,20
2018-10-22,26.487880898936144,20
2018-10-23,25.992671285436703,20
2018-10-24,25.988291955736592,20
2018-10-25,25.629186884752325,20
2018-10-26,25.774190815739562,20
2018-10-29,25.674125310130375,20
2018-10-30,26.10997188603958,20
2018-10-31,26.423384300505234,20
2018-11-01,26.410733970575237,20
2018-11-02,27.08403609064573,20
2018-11-05,26.977244846793287,20
2018-11-06,26.719410991328882,20
2018-11-07,26.65747199158035,20
2018-11-08,26.69968399562807,20
2018-11-09,27.035059026224626,20
2018-11-12,27.95103684585043,20
2018-11-13,28.42054513893377,20
2018-11-14,28.617928026908693,20
2018-11-15,29.680704819822957,20
2018-11-16,29.70837981202178,20
2018-11-19,29.652795385931388,20
2018-11-20,28.94080299318122,20
2018-11-21,29.480860188217733,20
2018-11-22,29.420164826657857,20
2018-11-23,28.086046602785117,20
2018-11-26,27.663199166582274,20
2018-11-27,27.95522990843319,20
2018-11-28,28.392460840399835,20
2018-11-29,27.579622620171552,20
2018-11-30,28.06769973779713,20
2018-12-03,28.878462779174455,20
2018-12-04,28.85437478792601,20
2018-12-05,28.45804558999107,20
2018-12-06,27.837733821069754,20
2018-12-07,27.97537765888046,20
2018-12-10,27.669941120703914,20
2018-12-11,27.845300010534157,20
2018-12-12,28.090483082043157,20
2018-12-13,28.432280191763525,20
2018-12-14,27.50476248526011,20
2018-12-17,27.687679860968696,20
2018-12-18,27.543523873089864,20
2018-12-19,27.272166674775477,20
2018-12-20,27.588370937561002,20
2018-12-21,27.838562877953724,20
2018-12-24,28.554111912827356,20
2018-12-25,28.410626674532267,20
2018-12-26,28.203746519457386,20
2018-12-27,27.851003091347206,20
2018-12-28,27.32485035602814,20
2019-01-02,27.315678191534133,20
2019-01-03,26.858967378228446,20
2019-01-04,27.51784297931335,20
2019-01-07,28.161252173088677,20
2019-01-08,27.893347277004597,20
2019-01-09,27.874369033912746,20
2019-01-10,27.78920394109386,20
2019-01-11,28.26131293439201,20
2019-01-14,28.15794886330393,20
2019-01-15,28.416194038376837,20
2019-01-16,28.36656557390916,20
2019-01-17,27.929883278543787,20
2019-01-18,28.186135268213572,20
2019-01-21,28.424211935080578,20
2019-01-22,28.48653944399286,20
2019-01-23,28.63652673044254,20
2019-01-24,28.699441565937033,20
2019-01-25,28.28998472527343,20
2019-01-28,28.162092562785187,20
2019-01-29,27.603552046614887,20
2019-01-30,27.221194236654195,20
2019-01-31,26.269375329686447,20
2019-02-01,26.994756275814648,20
2019-02-11,27.675474175117028,20
2019-02-12,27.951569713951166,20
2019-02-13,28.437369286180708,20
2019-02-14,28.39971715297882,20
2019-02-15,28.479344778498977,20
2019-02-18,29.310665486745453,20
2019-02-19,29.170666508624713,20
2019-02-20,29.313319443557774,20
2019-02-21,29.2294724302753,20
2019-02-22,29.956966521270417,20
2019-02-25,31.373912301452652,20
2019-02-26,31.816250281771108,20
2019-02-27,32.047282265413436,20
2019-02-28,32.725760553710735,20
2019-03-01,32.68201297227989,20
2019-03-04,33.173058115715236,20
2019-03-05,33.52932761679057,20
2019-03-06,34.32709001176089,20
2019-03-07,34.99019909902659,20
2019-03-08,33.60698933249215,20
2019-03-11,34.91882776239015,20
2019-03-12,35.578311105538766,20
2019-03-13,35.03509169924079,20
2019-03-14,34.207477635497085,20
2019-03-15,34.77737022505875,20
2019-03-18,35.50918636115167,20
2019-03-19,35.84326444935485,20
2019-03-20,35.701122473584036,20
2019-03-21,36.21157246159644,20
2019-03-22,36.388567872954994,20
2019-03-25,36.45829579622744,20
2019-03-26,35.806344735485894,20
2019-03-27,36.35723906428763,20
2019-03-28,36.16276481158851,20
2019-03-29,36.88280857547963,20
2019-04-01,37.80387302177704,20
2019-04-02,38.08920976317526,20
2019-04-03,38.73886813437476,20
2019-04-04,38.91326577629367,20
2019-04-08,38.514314471658466,20
2019-04-09,38.467206854578905,20
2019-04-10,38.84157229231024,20
2019-04-11,38.057786297758625,20
2019-04-12,37.93378999641381,20
2019-04-15,37.61255243453031,20
2019-04-16,38.13653973853407,20
2019-04-17,38.47168320019653,20
2019-04-18,38.23218246868094,20
2019-04-19,38.76698898758839,20
2019-04-22,38.46821442936957,20
2019-04-23,38.05980896485853,20
2019-04-24,38.5804926260375,20
2019-04-25,37.62417551152329,20
2019-04-26,37.36747093198553,20
2019-04-29,36.877950648125555,20
2019-04-30,37.23323021439741,20
2019-05-06,34.62364157152676,20
2019-05-07,35.363240475593564,20
2019-05-08,35.70633003353142,20
2019-05-09,35.42049773450747,20
2019-05-10,36.669236549587886,20
2019-05-13,36.55670075160216,20
2019-05-14,36.156750633331434,20
2019-05-15,36.654869257839984,20
2019-05-16,36.61294516404981,20
2019-05-17,35.465371409944446,20
2019-05-20,35.286325498045734,20
2019-05-21,35.749624533640265,20
2019-05-22,35.677346915073,20
2019-05-23,34.55852952215155,20
2019-05-24,34.148501825070745,20
2019-05-27,35.26766717352332,20
2019-05-28,34.981280236543746,20
2019-05-29,35.09816493039192,20
2019-05-30,35.07494590039965,20
2019-05-31,35.262536284675136,20
2019-06-03,35.229200238975956,20
2019-06-04,34.89205070093415,20
2019-06-05,35.024527545128464,20
2019-06-06,33.95575405576214,20
2019-06-10,34.403334333785516,20
2019-06-11,35.49988269738746,20
2019-06-12,35.39376248343224,20
2019-06-13,35.735783405441815,20
2019-06-14,35.00134720776464,20
2019-06-17,34.96925571523051,20
2019-06-18,35.071370305451836,20
2019-06-19,35.54152022693972,20
2019-06-20,36.21125448133342,20
2019-06-21,36.95704666145445,20
2019-06-24,36.99036198299777,20
2019-06-25,36.47675956314841,20
2019-06-26,36.88672770199844,20
2019-06-27,37.33567056403112,20
2019-06-28,37.191889632056466,20
2019-07-01,38.26131008670242,20
2019-07-02,38.51622740870782,20
2019-07-03,38.2942145619141,20
2019-07-04,38.395799612707705,20
2019-07-05,38.5441623609108,20
2019-07-08,37.37339685929558,20
2019-07-09,37.51891370415657,20
2019-07-10,37.41270902117885,20
2019-07-11,37.27478380920263,20
2019-07-12,37.26067064244486,20
2019-07-15,37.74678546412939,20
2019-07-16,37.655932194108566,20
2019-07-17,37.638961118737,20
2019-07-18,36.79318806083197,20
2019-07-19,36.99706253775154,20
2019-07-22,36.3018180450793,20
2019-07-23,36.55946370828511,20
2019-07-24,37.10586721430981,20
2019-07-25,37.23498339491066,20
2019-07-26,37.22938998496386,20
2019-07-29,37.399098341966095,20
2019-07-30,37.605136323452385,20
2019-07-31,37.48292256907932,20
2019-08-01,37.50848733096443,20
2019-08-02,36.80606483078834,20
2019-08-05,36.483342624104864,20
2019-08-06,35.46852704266799,20
2019-08-07,35.12587073403309,20
2019-08-08,35.30286064693972,20
2019-08-09,34.803004311650895,20
2019-08-12,35.43018646341003,20
2019-08-13,35.35042998779279,20
2019-08-14,35.76019669116805,20
2019-08-15,35.80153459553411,20
2019-08-16,36.37374846151945,20
2019-08-19,37.40256677698652,20
2019-08-20,37.292666700568034,20
2019-08-21,37.309265446882385,20
2019-08-22,37.51632001204235,20
2019-08-23,37.48920744552938,20
2019-08-26,37.302716240737524,20
2019-08-27,37.9593764666645,20
2019-08-28,37.93632909507289,20
2019-08-29,37.81640528837181,20
2019-08-30,37.33855903517707,20
2019-09-02,38.053527692833136,20
2019-09-03,38.09039370173332,20
2019-09-04,38.44059226068419,20
2019-09-05,38.76113342657328,20
2019-09-06,39.29229781798341,20
2019-09-09,40.14458313113325,20
2019-09-10,40.28044746808574,20
2019-09-11,40.19244151023164,20
2019-09-12,40.358020783291074,20
2019-09-16,40.605865538305366,20
2019-09-17,39.973080889990435,20
2019-09-18,40.00665700567729,20
2019-09-19,40.92555311821073,20
2019-09-20,40.91564200670254,20
2019-09-23,40.69858576098338,20
2019-09-24,40.685795999570935,20
2019-09-25,40.14596669467625,20
2019-09-26,39.16091791073121,20
2019-09-27,39.51940240437677,20
2019-09-30,39.17658370359511,20
2019-10-08,39.49545837137573,20
2019-10-09,39.98379649376461,20
2019-10-10,40.67147193801795,20
2019-10-11,40.83563578041074,20
2019-10-14,41.358138964696195,20
2019-10-15,41.12836311361123,20
2019-10-16,41.20618129110838,20
2019-10-17,41.043195595539636,20
2019-10-18,41.08746980916342,20
2019-10-21,40.38601109661927,20
2019-10-22,40.65424357650975,20
2019-10-23,40.650488059413334,20
2019-10-24,40.34863704786986,20
2019-10-25,40.6247202830289,20
2019-10-28,40.972723629706245,20
2019-10-29,40.258946852562175,20
2019-10-30,39.483328439717525,20
2019-10-31,39.38708583740264,20
2019-11-01,39.583436561125644,20
2019-11-04,39.82832914531523,20
2019-11-05,39.89170698189184,20
2019-11-06,39.64303633153564,20
2019-11-07,39.83762655565287,20
2019-11-08,39.94826084711583,20
2019-11-11,38.71070563293923,20
2019-11-12,38.77312011363486,20
2019-11-13,38.643100813564274,20
2019-11-14,39.220689055603515,20
2019-11-15,38.67761605798861,20
2019-11-18,38.99789585573506,20
2019-11-19,39.47439814279709,20
2019-11-20,39.093903198620296,20
2019-11-21,38.74328174118575,20
2019-11-22,38.433125172287156,20
2019-11-25,38.01223342769285,20
2019-11-26,38.19171185421866,20
2019-11-27,38.05754283963332,20
2019-11-28,37.80511804962878,20
2019-11-29,37.74738082047576,20
2019-12-02,37.90114535264992,20
2019-12-03,38.04108967200005,20
2019-12-04,37.88282771528754,20
2019-12-05,38.16404891008935,20
2019-12-06,38.30640034428488,20
2019-12-09,38.300159572292586,20
2019-12-10,38.3263279792887,20
2019-12-11,38.20211998561753,20
2019-12-12,38.02381606088992,20
2019-12-13,38.55124404826513,20
2019-12-16,39.388175524954896,20
2019-12-17,39.8592504478077,20
2019-12-18,39.94803891156518,20
2019-12-19,40.196609153708174,20
2019-12-20,40.14389179216659,20
2019-12-23,39.589934439063676,20
2019-12-24,40.33267441852134,20
2019-12-25,40.34313943894413,20
2019-12-26,40.93658362909087,20
2019-12-27,40.910831155771476,20
2019-12-30,41.76172541252428,20
2019-12-31,41.98510087957024,20
2020-01-02,42.71636329086171,20
2020-01-03,42.752363870527994,20
2020-01-06,42.76675286089456,20
2020-01-07,43.21538289358004,20
2020-01-08,42.674087196049996,20
2020-01-09,43.50160882490332,20
2020-01-10,43.94889719840906,20
2020-01-13,44.18166584072474,20
2020-01-14,44.01034530195513,20
2020-01-15,43.83753045894629,20
2020-01-16,43.67604442848053,20
2020-01-17,43.642748793117356,20
2020-01-20,44.04557804495113,20
2020-01-21,43.59800428810956,20
2020-01-22,43.39348077130517,20
2020-01-23,41.90603260068881,20
2020-02-03,37.84225991600777,20
2020-02-04,38.137061476762064,20
2020-02-05,39.68133882895973,20
2020-02-06,40.901562317591136,20
2020-02-07,41.08370243382974,20
2020-02-10,41.61266728382596,20
2020-02-11,41.0731198704922,20
2020-02-12,41.562092322228274,20
2020-02-13,41.134149072600515,20
2020-02-14,40.75414180912141,20
2020-02-17,42.09803664251793,20
2020-02-18,42.5921843332756,20
2020-02-19,42.532062012161425,20
2020-02-20,43.06697901592681,20
2020-02-21,43.20187529191917,20
2020-02-24,43.44090262318939,20
2020-02-25,43.10979618587536,20
2020-02-26,42.632836986863055,20
2020-02-27,42.85011443846189,20
2020-02-28,40.210399770906506,20
2020-03-02,41.81020041700015,20
2020-03-03,42.42628243180039,20
2020-03-04,43.113656068713524,20
2020-03-05,43.94717717910577,20
2020-03-06,43.751287420477205,20
2020-03-09,42.56563895494734,20
2020-03-10,43.17302526747399,20
2020-03-11,43.30485517747465,20
2020-03-12,41.940225444142904,20
2020-03-13,41.34363397299326,20
2020-03-16,39.87489805111402,20
2020-03-17,39.38215037500277,20
2020-03-18,38.9097582650787,20
2020-03-19,39.30094725178754,20
2020-03-20,39.957214291304474,20
2020-03-23,38.922074972930204,20
2020-03-24,39.766490766776755,20
2020-03-25,40.648790744362465,20
2020-03-26,40.469619237768285,20
2020-03-27,40.57152775525842,20
2020-03-30,39.52892763809192,20
2020-03-31,39.804648203203016,20
2020-04-01,39.4602457604025,20
2020-04-02,40.080122505586935,20
2020-04-03,39.961228912909995,20
2020-04-07,40.98410022742338,20
2020-04-08,41.2499618101629,20
2020-04-09,41.711523335149906,20
2020-04-10,41.14147283052097,20
2020-04-13,41.03382285278545,20
2020-04-14,41.56404470021011,20
2020-04-15,41.38632492217814,20
2020-04-16,41.388293612387095,20
2020-04-17,41.67091609119425,20
2020-04-20,42.382985861004116,20
2020-04-21,42.39870918878382,20
2020-04-22,42.89599379457957,20
2020-04-23,43.13108506946869,20
2020-04-24,42.71509522109726,20
2020-04-27,42.800770029671966,20
2020-04-28,42.24745651043442,20
2020-04-29,42.65947113719406,20
2020-04-30,43.37294242368758,20
2020-05-06,43.82827328014419,20
2020-05-07,43.6947748836567,19
2020-05-08,44.21667507444878,19
2020-05-11,44.0316140351634,19
2020-05-12,44.06396539907368,19
2020-05-13,44.597544994625046,19
2020-05-14,44.2639961029768,19
2020-05-15,44.409259239299665,19
2020-05-18,44.34445081849493,19
2020-05-19,44.917507787146576,19
2020-05-20,44.11802431635833,19
2020-05-21,43.89704839838718,19
2020-05-22,42.83542220436514,19
2020-05-25,42.786324706016,19
2020-05-26,43.66744155848221,19
2020-05-27,43.59174771429291,19
2020-05-28,43.620069106580964,19
2020-05-29,43.779094997203266,19
2020-06-01,45.39166811569761,19
2020-06-02,45.94607066175719,20
2020-06-03,45.765574241754656,20
2020-06-04,46.23665599917418,20
2020-06-05,46.34137382886445,20
2020-06-08,46.6996885516247,20
2020-06-09,46.80545284822595,20
2020-06-10,46.92400070882472,20
2020-06-11,46.767034514847346,20
2020-06-12,46.856934927461836,20
2020-06-15,46.37141775427017,20
2020-06-16,47.3530215503991,20
2020-06-17,47.24845237924396,20
2020-06-18,46.98504325969557,20
2020-06-19,47.30562880823038,20
2020-06-22,47.08063098610588,20
2020-06-23,47.2410522244758,20
2020-06-24,47.11778706981358,20
2020-06-29,46.56022505091145,20
2020-06-30,47.17222986638941,20
2020-07-01,47.39218178523384,20
2020-07-02,48.03192881437446,20
2020-07-03,48.382775151540535,20
2020-07-06,50.36617763040146,20
2020-07-07,50.52212623890987,20
2020-07-08,51.172456516791186,20
2020-07-09,52.87701992638887,20
2020-07-10,52.09188497446211,20
2020-07-13,53.847065885803325,20
2020-07-14,53.56696274660696,20
2020-07-15,52.397571982809836,20
2020-07-16,50.4264118193192,20
2020-07-17,50.79650751793199,20
2020-07-20,52.83820000713585,20
2020-07-21,53.308797342626306,20
2020-07-22,52.9902006016829,20
2020-07-23,53.154476363564605,20
2020-07-24,51.538324287715646,20
2020-07-27,51.88227477899305,20
2020-07-28,52.255462589877034,20
2020-07-29,53.27112232200304,20
2020-07-30,53.89303129760923,20
2020-07-31,54.271078611118725,20
2020-08-03,56.17598559832996,20
2020-08-04,56.18573351707864,20
2020-08-05,56.21215310916467,20
2020-08-06,56.46538462743916,20
2020-08-07,55.939179016872785,20
2020-08-10,56.843369012633026,20
2020-08-11,55.94420922016964,20
2020-08-12,55.097279119007744,20
2020-08-13,55.41477715525121,20
2020-08-14,55.85168561153544,20
2020-08-17,56.81058351966766,20
2020-08-18,57.222569011021605,20
2020-08-19,57.270960760380284,20
2020-08-20,56.462106299778036,20
2020-08-21,56.76990656510956,20
2020-08-24,56.92229834539981,20
2020-08-25,56.60015072539619,20
2020-08-26,55.4726526387353,20
2020-08-27,56.0941504340287,20
2020-08-28,56.54744677776491,20
2020-08-31,56.187686485753275,20
2020-09-01,56.63605559634681,20
2020-09-02,56.83484019874447,20
2020-09-03,56.4856732127728,20
2020-09-04,56.00787982154893,20
2020-09-07,55.250301012961586,20
2020-09-08,55.861861139813946,20
2020-09-09,54.69023808772691,20
2020-09-10,53.64447163737407,20
2020-09-11,54.27852662179727,20
2020-09-14,54.47350897125999,20
2020-09-15,54.202865194910615,20
2020-09-16,54.078936872614214,20
2020-09-17,53.95681844112799,20
2020-09-18,55.164667963387146,20
2020-09-21,54.94956682352084,20
2020-09-22,53.90916299695229,20
2020-09-23,53.830390828118084,20
2020-09-24,52.53661583752772,20
2020-09-25,52.517773989155295,20
2020-09-28,52.36639214200463,20
2020-09-29,52.48273673805575,20
2020-09-30,52.31759288970778,20
2020-10-09,53.731742743808404,20
2020-10-12,55.15335550439379,20
2020-10-13,55.130779023258455,20
2020-10-14,54.52716226034728,20
2020-10-15,54.01815257930984,20
2020-10-16,53.9363977041096,20
2020-10-19,53.88935129521908,20
2020-10-20,54.387401337562856,20
2020-10-21,54.06671451122656,20
2020-10-22,53.345779664885896,20
2020-10-23,52.28818774641225,20
2020-10-26,52.01850861353593,20
2020-10-27,51.89879638449798,20
2020-10-28,51.95510932087948,20
2020-10-29,52.54039158510057,20
2020-10-30,51.35021063173041,20
2020-11-02,51.34222863192255,20
2020-11-03,51.81639106091869,19
2020-11-04,51.76826562739301,19
2020-11-05,52.90647697075685,19
2020-11-06,52.73689749168669,19
2020-11-09,53.789844456851455,19
2020-11-10,53.76551169809703,19
2020-11-11,53.616535262027064,19
2020-11-12,54.08962912245787,19
2020-11-13,53.851666671114565,19
2020-11-16,55.16658530433542,19
2020-11-17,55.106543256688774,19
2020-11-18,55.449892255663826,19
2020-11-19,55.26197409274993,19
2020-11-20,55.28217781573421,19
2020-11-23,55.76944659523127,19
2020-11-24,55.92027736046493,19
2020-11-25,55.045721351099644,19
2020-11-26,54.9385228526578,19
2020-11-27,54.781339718319956,19
2020-11-30,54.362058579499006,19
2020-12-01,54.7625982107154,19
2020-12-02,54.89088892438378,20
2020-12-03,54.753466024607995,20
2020-12-04,54.96905623828164,20
2020-12-07,54.88257875940773,20
2020-12-08,54.57161785978429,20
2020-12-09,53.86424926659611,20
2020-12-10,53.709335940230744,20
2020-12-11,53.05134231444684,20
2020-12-14,52.98360855950807,20
2020-12-15,52.85985840408349,20
2020-12-16,52.70854467358079,20
2020-12-17,52.7128452014087,20
2020-12-18,52.251335202742254,20
2020-12-21,52.463026115283995,20
2020-12-22,50.923602200944806,20
2020-12-23,50.9355929680485,20
2020-12-24,49.76989669047598,20
2020-12-25,50.191586111981046,20
2020-12-28,48.90885880717135,20
2020-12-29,49.06842457934163,20
2020-12-30,48.996901438474104,20
2020-12-31,49.75638434733835,20
2021-01-04,50.26329197684297,20
2021-01-05,50.129138473273805,20
2021-01-06,49.21061515748191,20
2021-01-07,47.508231231773415,20
2021-01-08,47.54190222624773,20
2021-01-11,46.25788178572022,20
2021-01-12,46.68980020608216,20
2021-01-13,45.996012247534345,20
2021-01-14,47.314183641358994,20
2021-01-15,48.0533755864118,20
2021-01-18,48.723304146215305,20
2021-01-19,48.976739350126465,20
2021-01-20,48.98252670588523,20
2021-01-21,49.18668425111156,20
2021-01-22,48.83043058680331,20
2021-01-25,47.96725721629953,20
2021-01-26,47.60224959666858,20
2021-01-27,48.06427480830086,20
2021-01-28,47.53508373593514,20
2021-01-29,47.01845067985887,20
2021-02-01,47.79239404717834,20
2021-02-02,48.36113059829024,20
2021-02-03,47.66497326857648,20
2021-02-04,46.43479886098807,20
2021-02-05,46.4485413859581,20
2021-02-08,46.36966381193208,20
2021-02-09,47.68083845284149,20
2021-02-10,48.19129425714894,20
2021-02-18,49.52993984377139,20
2021-02-19,51.073652999312905,20
2021-02-22,51.78619276102325,20
2021-02-23,51.298735821521106,20
2021-02-24,51.12326798286949,20
2021-02-25,50.718288374992994,20
2021-02-26,50.58053015814704,20
2021-03-01,52.02426331462297,20
2021-03-02,51.797256940033236,20
2021-03-03,52.369019790270926,20
2021-03-04,51.95680615606609,20
2021-03-05,52.34986623898885,20
2021-03-08,52.10743421103069,20
2021-03-09,51.549084419435616,20
2021-03-10,51.01714641651515,20
2021-03-11,51.709240543995584,20
2021-03-12,51.77193079202169,20
2021-03-15,51.46465664586016,20
2021-03-16,52.088225281226784,20
2021-03-17,52.157668301669666,20
2021-03-18,52.43720093455855,20
2021-03-19,52.27955816735879,20
2021-03-22,53.145128343361584,20
2021-03-23,52.81443585090958,20
2021-03-24,52.375213343375336,20
2021-03-25,52.422710405279794,20
2021-03-26,52.68528519682004,20
2021-03-29,52.79011946736137,20
2021-03-30,52.454695999260544,20
2021-03-31,52.717561964464096,20
2021-04-01,52.438848880950324,20
2021-04-02,52.4033310367688,20
2021-04-06,52.71137573053028,20
2021-04-07,53.23520096462115,20
2021-04-08,52.87659246977848,20
2021-04-09,52.770816123615326,20
2021-04-12,51.93282758755697,20
2021-04-13,51.558085860443896,20
2021-04-14,52.00138368639644,20
2021-04-15,51.78172598623555,20
2021-04-16,52.22012796064067,20
2021-04-19,52.575469206172485,20
2021-04-20,52.37335288249322,20
2021-04-21,52.12189049318824,20
2021-04-22,52.358720679242026,20
2021-04-23,52.275779384288114,20
2021-04-26,51.83252954305755,20
2021-04-27,51.405418166341605,20
2021-04-28,51.12292649240795,20
2021-04-29,51.26064733426813,20
2021-04-30,50.74055072819594,20
2021-05-06,50.80375123571112,20
2021-05-07,50.51056952430513,20
2021-05-10,51.046304832685095,20
2021-05-11,50.998334707710626,20
2021-05-12,51.44067251911819,20
2021-05-13,51.34290139576608,20
2021-05-14,51.98466884547833,20
2021-05-17,51.44557139688672,20
2021-05-18,51.397866135341,20
2021-05-19,51.333742969240035,20
2021-05-20,51.36451860353171,20
2021-05-21,51.429921519756974,20
2021-05-24,51.97971991658079,20
2021-05-25,52.51314330904129,20
2021-05-26,52.896099198612326,20
2021-05-27,52.93788251749609,20
2021-05-28,52.945508856347026,20
2021-05-31,53.38081971915128,20
2021-06-01,53.27942360711606,20
2021-06-02,52.98875935459251,20
2021-06-03,52.989030228978024,20
2021-06-04,52.718839327470334,20
2021-06-07,52.95403000075184,20
2021-06-08,53.04217391136122,20
2021-06-09,53.10884128505807,20
2021-06-10,53.41093114729073,20
2021-06-11,54.480056620156795,20
2021-06-15,53.733580687005926,20
2021-06-16,52.6064873518076,20
2021-06-17,52.80663235570563,20
2021-06-18,53.154787313697135,20
2021-06-21,53.59070706156625,20
2021-06-22,54.28782032250613,20
2021-06-23,54.15019454013583,20
2021-06-24,53.5132131602741,20
2021-06-25,53.40639268769361,20
2021-06-28,53.678996676172595,20
2021-06-29,52.78672018885308,20
2021-06-30,52.83875768711781,20
2021-07-01,52.21546729951789,20
2021-07-02,51.785972696250916,20
2021-07-05,52.72627370213218,20
2021-07-06,52.87996634646224,20
2021-07-07,53.26019409745347,20
2021-07-08,52.25171416464686,20
2021-07-09,52.56282884727021,20
2021-07-12,53.60315465144577,20
2021-07-13,53.7545702646696,20
2021-07-14,53.71285051403523,20
2021-07-15,53.12635424151572,20
2021-07-16,53.1166318289074,20
2021-07-19,52.87515263905841,20
2021-07-20,52.90225298310686,20
2021-07-21,53.27418585432508,20
2021-07-22,53.60986530018172,20
2021-07-23,52.81221865141787,20
2021-07-26,52.49163647029792,20
2021-07-27,52.261333331668574,20
2021-07-28,51.76074037638456,20
2021-07-29,53.21797648536965,20
2021-07-30,53.7007724220874,20
2021-08-02,54.512179832699616,20
2021-08-03,54.520659704485595,20
2021-08-04,54.9633322662977,20
2021-08-05,54.60653284380345,20
2021-08-06,54.50449566228577,20
2021-08-09,55.697972353906685,20
2021-08-10,56.218367835865315,20
2021-08-11,56.39779723117941,20
2021-08-12,56.820129435510374,20
2021-08-13,57.1842002889677,20
2021-08-16,58.062687356725824,20
2021-08-17,56.66818844870545,20
2021-08-18,57.55023495161995,20
2021-08-19,57.49884496876213,20
2021-08-20,56.430621224234564,20
2021-08-23,58.58636819896261,20
2021-08-24,59.452574410797105,20
2021-08-25,59.85362604105796,20
2021-08-26,59.508370082559765,20
2021-08-27,59.80983198652202,20
2021-08-30,59.5732194108055,20
2021-08-31,59.58900013112274,20
2021-09-01,58.892902973487566,20
2021-09-02,59.105656793080655,20
2021-09-03,59.64091214265936,20
2021-09-06,60.243158152782655,20
2021-09-07,60.54697178999386,20
2021-09-08,60.751149924480465,20
2021-09-09,61.23836248464644,20
2021-09-10,60.47986314651643,20
2021-09-13,61.11573805561136,20
2021-09-14,60.466019025687295,20
2021-09-15,60.67586667834932,20
2021-09-16,60.94341689977224,20
2021-09-17,60.875904640227354,20
2021-09-22,61.252325513973716,20
2021-09-23,61.89610561173341,20
2021-09-24,60.6010672838249,20
2021-09-27,59.07464834844223,20
2021-09-28,58.85411934579326,20
2021-09-29,57.281057143125025,20
2021-09-30,58.441711434223485,20
2021-10-08,59.29858895700445,20
2021-10-11,59.29501785604499,20
2021-10-12,58.48431152683191,20
2021-10-13,59.11366227384864,20
2021-10-14,59.268305493393974,20
2021-10-15,58.85117829695527,20
2021-10-18,58.59691919682149,20
2021-10-19,59.40976096880682,20
2021-10-20,59.60190780000419,20
2021-10-21,59.20661375081683,20
2021-10-22,58.68142801173735,20
2021-10-25,59.71303084911175,20
2021-10-26,59.57650461030173,20
2021-10-27,57.79751312727437,20
2021-10-28,57.06585381200768,20
2021-10-29,57.2698288432571,20
2021-11-01,58.299377737732804,20
2021-11-02,57.544262051914764,20
2021-11-03,58.03747126317059,20
2021-11-04,58.931288420531025,20
2021-11-05,59.5934060998798,20
2021-11-08,59.80512673794422,20
2021-11-09,60.63564751525005,20
2021-11-10,61.274459648340304,20
2021-11-11,61.83736652671536,20
2021-11-12,63.19412426462761,20
2021-11-15,65.17649579772552,20
2021-11-16,65.340353084408,20
2021-11-17,66.80672758835112,20
2021-11-18,65.77736598535398,20
2021-11-19,66.64975688959657,20
2021-11-22,66.84379890144943,20
2021-11-23,67.33846863909459,20
2021-11-24,67.56461697627088,20
2021-11-25,67.9159922916651,20
2021-11-26,67.96103187109073,20
2021-11-29,67.88618674660883,20
2021-11-30,68.25005969562709,20
2021-12-01,69.50566506778989,20
2021-12-02,68.98527331281777,20
2021-12-03,69.15800580005322,20
2021-12-06,68.30846912450357,20
2021-12-07,68.0231396923458,20
2021-12-08,68.5623162427554,20
2021-12-09,69.27431149843474,20
2021-12-10,69.15312269100613,20
2021-12-13,69.31388987447264,20
2021-12-14,69.16070628355831,20
2021-12-15,69.6094360246035,20
2021-12-16,70.44241401309742,20
2021-12-17,70.20684500250064,20
2021-12-20,70.15685298143545,20
2021-12-21,71.06085877624167,20
2021-12-22,71.3197620035973,20
2021-12-23,70.50916493312204,20
2021-12-24,69.49320119805093,20
2021-12-27,70.75340514312323,20
2021-12-28,70.83103541537122,20
2021-12-29,71.07273789679115,20
2021-12-30,71.98741388367293,20
2021-12-31,72.7727195312233,20
2022-01-04,75.57381176034427,20
2022-01-05,75.0061332148799,20
2022-01-06,75.92620631342095,20
2022-01-07,75.77725611622773,20
2022-01-10,77.84564235799668,20
2022-01-11,77.76996523006802,20
2022-01-12,77.92103910981547,20
2022-01-13,77.76781486884234,20
2022-01-14,76.82350280106886,20
2022-01-17,77.78758762224429,20
2022-01-18,77.19335190513468,20
2022-01-19,78.18033614323274,20
2022-01-20,76.0957214801156,20
2022-01-21,74.81315429598175,20
2022-01-24,74.41606763952691,20
2022-01-25,71.11509128818426,20
2022-01-26,71.99276390034561,20
2022-01-27,70.25288926761263,20
2022-01-28,70.97983356199272,20
2022-02-07,72.55482716460763,20
2022-02-08,73.66002049092329,20
2022-02-09,74.225252817833,20
2022-02-10,73.92586135406368,20
2022-02-11,72.29076749180027,20
2022-02-14,72.192942479331,20
2022-02-15,72.12358639894047,20
2022-02-16,73.32627323718653,20
2022-02-17,73.37709726251981,20
2022-02-18,73.76555820418177,20
2022-02-21,74.5600151330992,20
2022-02-22,73.74702525063213,20
2022-02-23,74.94254811397676,20
2022-02-24,73.4199050429404,20
2022-02-25,74.29817030502083,20
2022-02-28,74.1290493735807,20
2022-03-01,74.21011781161437,20
2022-03-02,74.38086198771389,20
2022-03-03,74.93656886835947,20
2022-03-04,73.73825599521784,20
2022-03-07,72.64762215623398,20
2022-03-08,69.91615757132602,20
2022-03-09,68.33668440612493,20
2022-03-10,69.79653710172246,20
2022-03-11,70.88968039578909,20
2022-03-14,69.11180609927199,20
2022-03-15,66.05205082372186,20
2022-03-16,67.08237142153115,20
2022-03-17,67.9851516896065,20
2022-03-18,68.83581939111434,20
2022-03-21,69.94744473340069,20
2022-03-22,69.8747578508535,20
2022-03-23,69.86813956927585,20
2022-03-24,69.1710284726912,20
2022-03-25,69.64844405344019,20
2022-03-28,69.4489762625824,20
2022-03-29,69.14973665969544,20
2022-03-30,70.53568749057354,20
2022-03-31,71.97230268606664,20
2022-04-01,71.42036273699573,20
2022-04-06,72.60337289122961,20
2022-04-07,71.52907481029011,20
2022-04-08,70.75943486143952,20
2022-04-11,68.50510223264776,20
2022-04-12,69.48250565442503,20
2022-04-13,68.15034189799395,20
2022-04-14,68.74027181346159,20
2022-04-15,67.68309818117126,20
2022-04-18,68.82097718216669,20
2022-04-19,69.0973079569234,20
2022-04-20,68.90363414978735,20
2022-04-21,67.62425994219203,20
2022-04-22,68.73961141470775,20
2022-04-25,64.08721021611007,20
2022-04-26,60.493587444094466,20
2022-04-27,61.66748485550906,20
2022-04-28,59.725909404786854,20
2022-04-29,62.14151793561857,20
2022-05-05,63.32095549399607,20
2022-05-06,62.93624699690075,19
2022-05-09,63.92617249983021,19
2022-05-10,64.48955087258861,19
2022-05-11,64.4010771447688,19
2022-05-12,64.96574733579607,19
2022-05-13,64.92866004427282,19
2022-05-16,64.86800135147405,19
2022-05-17,64.33461025540053,19
2022-05-18,64.65988216559724,19
2022-05-19,64.94838740795231,19
2022-05-20,65.52675990120152,19
2022-05-23,66.8434670560038,19
2022-05-24,64.77526538532159,19
2022-05-25,65.90117856368381,19
2022-05-26,66.32064467818608,19
2022-05-27,65.93169338044217,19
2022-05-30,66.19132149856003,19
2022-05-31,66.77809441430924,19
2022-06-01,67.14601038238102,19
2022-06-02,67.51826288020827,20
2022-06-06,68.26081433855241,20
2022-06-07,67.8070404829339,20
2022-06-08,67.60309583837417,20
2022-06-09,66.95166824507045,20
2022-06-10,67.43308141926808,20
2022-06-13,67.52057818964909,20
2022-06-14,67.5405722864808,20
2022-06-15,67.51158063918187,20
2022-06-16,68.25723958656474,20
2022-06-17,69.22481880718507,20
2022-06-20,70.13381711985045,20
2022-06-21,69.4610333345413,20
2022-06-22,68.7043745620306,20
2022-06-23,69.68675795278617,20
2022-06-24,70.20237872786429,20
2022-06-27,70.86549113511019,20
2022-06-28,71.90382700506954,20
2022-06-29,71.13060946406256,20
2022-06-30,71.7979074934935,20
2022-07-01,72.32320012229258,20
2022-07-04,73.0161190165775,19
2022-07-05,72.6049375882975,19
2022-07-06,71.903754476607,19
2022-07-07,72.37958498049935,19
2022-07-08,72.3555473352156,19
2022-07-11,71.76642019766891,19
2022-07-12,70.57646781806159,19
2022-07-13,71.07991375170073,19
2022-07-14,71.77017876718507,19
2022-07-15,70.51213362625856,19
2022-07-18,73.37870045346693,19
2022-07-19,73.78747688904467,19
2022-07-20,74.3291412381723,19
2022-07-21,74.53845006444162,19
2022-07-22,74.17151804833162,19
2022-07-25,73.61646727021979,19
2022-07-26,73.69045591652018,19
2022-07-27,74.67272615892696,19
2022-07-28,75.60194402181011,19
2022-07-29,75.3752159738723,19
2022-08-01,75.01558023763026,19
2022-08-02,72.24488437071119,20
2022-08-03,72.94373565895592,20
2022-08-04,73.93456705920487,20
2022-08-05,74.32504827503433,20
2022-08-08,75.09999930512981,20
2022-08-09,74.92971063428782,20
2022-08-10,76.55596077207666,20
2022-08-11,77.96398564733013,20
2022-08-12,78.00525415321961,20
2022-08-15,78.03282007232399,20
2022-08-16,78.08464701746789,20
2022-08-17,78.09721538572522,20
2022-08-18,78.22768142297478,20
2022-08-19,77.62861278958508,20
2022-08-22,77.9515516512353,20
2022-08-23,78.59880109122687,20
2022-08-24,76.51592270167305,20
2022-08-25,76.4295202140126,20
2022-08-26,76.25145914758757,20
2022-08-29,77.48767303167463,20
2022-08-30,77.06705041985882,20
2022-08-31,75.41753368865278,20
2022-09-01,74.58143288586533,20
2022-09-02,75.60977621574749,20
2022-09-05,75.84832317813765,20
2022-09-06,76.6201966416841,20
2022-09-07,76.6722377323889,20
2022-09-08,76.01082136070825,20
2022-09-09,75.62271755744982,20
2022-09-13,75.9000573993513,20
2022-09-14,75.32897384156743,20
2022-09-15,73.99150724404433,20
2022-09-16,72.33299713710566,20
2022-09-19,71.54012403783501,20
2022-09-20,72.48529627919993,20
2022-09-21,72.77683690983095,20
2022-09-22,72.48312760707397,20
2022-09-23,71.3796907049207,20
2022-09-26,70.04193102625457,20
2022-09-27,71.82803735950658,20
2022-09-28,71.2266671855738,20
2022-09-29,71.25197218882337,20
2022-09-30,70.37312488059892,20
2022-10-10,69.03504973479235,20
2022-10-11,69.50966710297459,20
2022-10-12,71.13033888439169,20
2022-10-13,72.12823557088502,20
2022-10-14,73.37574394363394,20
2022-10-17,75.3092051897171,20
2022-10-18,76.04685021119874,20
2022-10-19,75.87663288759029,20
2022-10-20,75.24208146133186,20
2022-10-21,76.0737402440981,20
2022-10-24,76.08036493454865,20
2022-10-25,75.52260391624172,20
2022-10-26,77.24777954074078,20
2022-10-27,76.7300052137715,20
2022-10-28,74.19881333028813,20
2022-10-31,75.4825439676298,20
2022-11-01,77.11553214508172,20
2022-11-02,78.42977255609037,20
2022-11-03,78.48272972181562,20
2022-11-04,79.51650762018,20
2022-11-07,79.94057235434536,20
2022-11-08,79.70502847489551,20
2022-11-09,80.42204571543262,20
2022-11-10,79.68229298872063,20
2022-11-11,79.96439081783112,20
2022-11-14,80.34868014299657,20
2022-11-15,82.01500361463619,20
2022-11-16,81.67691959804706,20
2022-11-17,81.83112752884266,20
2022-11-18,81.30312935315489,20
2022-11-21,82.89188298306732,20
2022-11-22,82.74877213783522,20
2022-11-23,82.05817428898627,20
2022-11-24,82.82841061152891,20
2022-11-25,83.10204016285876,20
2022-11-28,83.4279713414789,20
2022-11-29,84.30265402802667,20
2022-11-30,84.76639203677762,20
2022-12-01,84.68542711006708,20
2022-12-02,85.19990180644558,20
2022-12-05,85.6809031022049,20
2022-12-06,85.00885715721674,20
2022-12-07,85.71588255570101,20
2022-12-08,85.46519166928832,20
2022-12-09,85.40344974737854,20
2022-12-12,84.75858270318587,20
2022-12-13,85.05357908191858,20
2022-12-14,84.36463961241188,20
2022-12-15,84.72546877780083,20
2022-12-16,84.0364846474859,20
2022-12-19,81.61922197037504,20
2022-12-20,82.5515888199963,20
2022-12-21,81.93459309777965,20
2022-12-22,80.80985879531514,20
2022-12-23,80.06983862119235,20
2022-12-26,80.75501789148959,20
2022-12-27,80.92747580311904,20
2022-12-28,80.43141521659237,20
2022-12-29,80.07799137195954,20
2022-12-30,80.97988770230728,20
2023-01-03,82.57744681801722,20
2023-01-04,83.48755342358105,20
2023-01-05,83.95123817913316,20
2023-01-06,83.49838590640425,20
2023-01-09,83.71280774911138,20
2023-01-10,83.44631608443376,20
2023-01-11,82.79772860470396,20
2023-01-12,83.31093819132943,20
2023-01-13,83.34865308818654,20
2023-01-16,84.28125505671343,20
2023-01-17,84.27325584529429,20
2023-01-18,84.41524554256678,20
2023-01-19,84.73768169695455,20
2023-01-20,85.31251561710805,20
2023-01-30,86.30726222331502,20
2023-01-31,86.96379393059,20
2023-02-01,87.87058114826999,20
2023-02-02,87.94766548250782,20
2023-02-03,87.56370243375473,20
2023-02-06,87.47048878417273,20
2023-02-07,88.2497151402152,20
2023-02-08,88.07507556765788,20
2023-02-09,89.00290877345158,20
2023-02-10,89.37162279473948,20
2023-02-13,90.85207322851053,20
2023-02-14,91.9468423839764,20
2023-02-15,91.99994890826551,20
2023-02-16,89.66807850561135,20
2023-02-17,90.18794482696623,20
2023-02-20,91.51987631017182,20
2023-02-21,91.90908449275027,20
2023-02-22,92.23317507839974,20
2023-02-23,92.22040811247759,20
2023-02-24,92.192716636706,20
2023-02-27,91.2921650553557,20
2023-02-28,92.24156275812153,20
2023-03-01,92.93496495865882,20
2023-03-02,92.57093653657435,20
2023-03-03,92.63362756915086,20
2023-03-06,93.07990471594529,20
2023-03-07,92.12697466451297,20
2023-03-08,92.25312983977109,20
2023-03-09,92.37996093174004,20
2023-03-10,91.06208242745305,20
2023-03-13,90.56541433703214,20
2023-03-14,89.21219673471477,20
2023-03-15,90.78846661099838,20
2023-03-16,89.35729079700101,20
2023-03-17,89.07268365083412,20
2023-03-20,88.55048542395016,20
2023-03-21,89.76198222325216,20
2023-03-22,90.68172441994321,20
2023-03-23,91.02284564040104,20
2023-03-24,91.12105261655165,20
2023-03-27,91.05723082081096,20
2023-03-28,90.96729199469986,20
2023-03-29,90.31928631636173,20
2023-03-30,90.16504405418199,20
2023-03-31,90.7534120185042,20
2023-04-03,91.0858763519113,20
2023-04-04,89.36880704987166,20
2023-04-06,89.08207660120603,20
2023-04-07,89.63049313462022,20
2023-04-10,88.535923268628,20
2023-04-11,88.3140158229683,20
2023-04-12,88.85282086616259,20
2023-04-13,88.43573995801414,20
2023-04-14,89.11512722809051,20
2023-04-17,90.11520617468044,20
2023-04-18,89.94579129677855,20
2023-04-19,89.57105609481803,20
2023-04-20,88.770288284243,20
2023-04-21,87.04523461733993,20
2023-04-24,86.781742643202,20
2023-04-25,85.01614796994038,20
2023-04-26,86.03221974963978,20
2023-04-27,86.07324421542306,20
2023-04-28,88.03030150306488,20
2023-05-04,89.07504923395827,20
2023-05-05,88.37160870265187,20
2023-05-08,88.28888204714237,20
2023-05-09,86.77459512149494,20
2023-05-10,86.8360300949102,20
2023-05-11,87.60351062828082,20
2023-05-12,86.60917035286988,20
2023-05-15,87.43083825200297,20
2023-05-16,87.04153957398593,20
2023-05-17,87.36895609458564,20
2023-05-18,87.60442528426042,20
2023-05-19,88.00482235331731,20
2023-05-22,89.19276948040317,20
2023-05-23,88.42507280780879,20
2023-05-24,88.00744379621712,20
2023-05-25,87.6172264653261,20
2023-05-26,87.86063959892977,20
2023-05-29,87.23361408043814,20
2023-05-30,87.11648472989943,20
2023-05-31,86.41155865731939,20
2023-06-01,86.81946514195107,20
2023-06-02,87.78939020287937,20
2023-06-05,87.50626798004673,20
2023-06-06,85.72924736947434,20
2023-06-07,85.53963863195189,20
2023-06-08,85.37678021122375,20
2023-06-09,84.8874760420766,20
2023-06-12,85.59294020076192,20
2023-06-13,85.75356249301082,20
2023-06-14,85.7284873017,20
2023-06-15,86.26684456477858,20
2023-06-16,86.6708590794708,20
2023-06-19,85.61810681944691,20
2023-06-20,84.993841602062,20
2023-06-21,84.25111298121872,20
2023-06-26,83.12247675295848,20
2023-06-27,85.50896935660184,20
2023-06-28,85.90504976929442,20
2023-06-29,86.72536558919651,20
2023-06-30,87.79866289259417,20
2023-07-03,88.25614851469481,20
2023-07-04,88.63998481227667,20
2023-07-05,88.4540372988441,20
2023-07-06,88.34132389987975,20
2023-07-07,88.32672046485523,20
2023-07-10,88.4708573787315,20
2023-07-11,89.02888151128732,20
2023-07-12,88.74782465807515,20
2023-07-13,89.78130092958216,20
2023-07-14,90.29089237820455,20
2023-07-17,90.68907847149731,20
2023-07-18,91.3933304362117,20
2023-07-19,91.59447329547898,20
2023-07-20,90.87345195685761,20
2023-07-21,90.61952251524015,20
2023-07-24,90.57261772580173,20
2023-07-25,91.8136431058561,20
2023-07-26,91.77860466785513,20
2023-07-27,90.96068006432587,20
2023-07-28,91.79427023719883,20
2023-07-31,91.99239181744515,20
2023-08-01,91.92431366217947,20
2023-08-02,91.6840655347971,20
2023-08-03,91.76138729664882,20
2023-08-04,90.94554939728482,20
2023-08-07,89.69095145089314,20
2023-08-08,90.20553753964712,20
2023-08-09,89.69345869321654,20
2023-08-10,90.62063048997341,20
2023-08-11,90.04482507338315,20
2023-08-14,90.60620142671911,20
2023-08-15,89.69878096580517,20
2023-08-16,89.16176677086233,20
2023-08-17,90.2199768077617,20
2023-08-18,89.78327377134579,20
2023-08-21,90.11837346881634,20
2023-08-22,89.42418028031676,20
2023-08-23,87.73312851410951,20
2023-08-24,87.28561834518166,20
2023-08-25,85.6778523111138,20
2023-08-28,86.74941789583623,20
2023-08-29,89.40883611948753,20
2023-08-30,90.04236336065327,20
2023-08-31,90.01656102179625,20
2023-09-01,90.37634407812942,20
2023-09-04,91.68269078895902,20
2023-09-05,91.72254198471964,20
2023-09-06,91.24628636185616,20
2023-09-07,89.59623489301492,20
2023-09-08,89.27526675570826,20
2023-09-11,90.22913737727399,20
2023-09-12,90.37974753826757,20
2023-09-13,89.33240280770518,20
2023-09-14,88.69263081173794,20
2023-09-15,89.33187958127063,20
2023-09-18,90.70359120236725,20
2023-09-19,90.17341914218697,20
2023-09-20,89.94861481046243,20
2023-09-21,89.14730278458393,20
2023-09-22,90.36758762579869,20
2023-09-25,90.67610800902631,20
2023-09-26,90.16258986323817,20
2023-09-27,90.82832963867769,20
2023-09-28,91.69734538688387,20
2023-10-09,90.77338283327849,20
2023-10-10,89.8739508808209,20
2023-10-11,89.90060049721743,20
2023-10-12,90.69210859174325,20
2023-10-13,89.77653914036486,20
2023-10-16,89.04673185696426,20
2023-10-17,88.82748524177904,20
2023-10-18,87.10626660618072,20
2023-10-19,86.38401609835888,20
2023-10-20,85.78117700244475,20
2023-10-23,83.44207301033572,20
2023-10-24,85.36490842787792,20
2023-10-25,86.16143802890966,20
2023-10-26,86.07199546023331,20
2023-10-27,87.50942394086904,20
2023-10-30,88.09832372539935,20
2023-10-31,87.93654288674412,20
2023-11-01,88.1350703695425,20
2023-11-02,87.21120234855252,20
2023-11-03,87.7886665225573,20
2023-11-06,89.53931166822606,20
2023-11-07,89.40936465761335,20
2023-11-08,89.20518797841372,20
2023-11-09,89.45617979009486,20
2023-11-10,89.85354402545026,20
2023-11-13,90.44682023566344,20
2023-11-14,90.35356515471003,20
2023-11-15,91.03390053578345,20
2023-11-16,90.0431316632005,20
2023-11-17,90.74123321406711,20
2023-11-20,91.23463944085564,20
2023-11-21,91.09462494465946,20
2023-11-22,90.08729317822038,20
2023-11-23,91.2703911654037,20
2023-11-24,90.59547306839627,20
2023-11-27,90.27251217239191,20
2023-11-28,91.08258671742422,20
2023-11-29,90.3277661351849,20
2023-11-30,90.07895562440872,20
2023-12-01,90.12384493968942,20
2023-12-04,89.68411362768865,20
2023-12-05,88.2327423236449,20
2023-12-06,88.82358069311515,20
2023-12-07,88.49143254240214,20
2023-12-08,87.34020694173712,20
2023-12-11,88.01238564354414,20
2023-12-12,88.54955044759984,20
2023-12-13,88.26002646228672,20
2023-12-14,88.28390333070378,20
2023-12-15,87.87233744998187,20
2023-12-18,87.03749210405803,20
2023-12-19,86.89277654755007,20
2023-12-20,86.17835698362953,20
2023-12-21,86.94890757750561,20
2023-12-22,86.13990061058179,20
2023-12-25,86.00703943320389,20
2023-12-26,85.0946668451367,20
2023-12-27,85.56741925283292,20
2023-12-28,86.69505019094592,20
2023-12-29,87.8356938991281,20
2024-01-02,89.09240792282513,20
2024-01-03,89.39571979977312,20
2024-01-04,89.61857378923318,20
2024-01-05,88.43043096501964,20
2024-01-08,86.78655120614363,20
2024-01-09,87.33439233620317,20
2024-01-10,86.68430901086636,20
2024-01-11,87.49236272022569,20
2024-01-12,87.34466884595876,20
2024-01-15,87.86106448314592,20
2024-01-16,87.78300477033088,20
2024-01-17,85.94915065653373,20
2024-01-18,85.23878970053222,20
2024-01-19,84.41473538181407,20
2024-01-22,79.26645387588766,20
2024-01-23,79.56326594526091,20
2024-01-24,80.70668987897761,20
2024-01-25,83.35722601647768,20
2024-01-26,83.2859133315388,20
2024-01-29,82.61552473254717,20
2024-01-30,80.06422852260951,20
2024-01-31,77.47661117186335,20
2024-02-01,76.60596152370306,20
2024-02-02,72.71236474263296,20
2024-02-05,67.04458731614764,20
2024-02-06,67.84911049704957,20
2024-02-07,65.58300751533179,20
2024-02-08,71.55514148183538,20
2024-02-19,74.21935755673769,20
2024-02-20,74.81653542437229,20
2024-02-21,76.41870852098381,20
2024-02-22,78.2282907278026,20
2024-02-23,80.26487840979146,20
2024-02-26,81.87484994076294,20
2024-02-27,83.6295267702931,20
2024-02-28,77.82619960413028,20
2024-02-29,80.58440922433135,20
2024-03-01,81.5299416344994,20
2024-03-04,81.67544260775993,20
2024-03-05,79.78745275408396,20
2024-03-06,80.45107825427871,20
2024-03-07,80.24546762382703,20
2024-03-08,81.13700123950039,20
2024-03-11,82.68902002338073,20
2024-03-12,84.21249355693321,20
2024-03-13,84.47046576796548,20
2024-03-14,84.80573861296928,20
2024-03-15,86.2882236388757,20
2024-03-18,88.90874801878401,20
2024-03-19,89.11023429309398,20
2024-03-20,90.01431697749894,20
2024-03-21,89.95713828121245,20
2024-03-22,88.26346871132026,20
2024-03-25,86.39598052639802,20
2024-03-26,86.97960441804615,20
2024-03-27,85.25375656997372,20
2024-03-28,86.82892911210799,20
2024-03-29,87.0279136912191,20
2024-04-01,89.44823437443243,20
2024-04-02,90.67158484164571,20
2024-04-03,90.13348698822833,20
2024-04-08,87.84269794329234,20
2024-04-09,89.64366239194139,20
2024-04-10,87.57269926022713,20
2024-04-11,87.97554797793786,20
2024-04-12,88.55730466291762,20
2024-04-15,85.53833591664318,20
2024-04-16,80.93252464421914,20
2024-04-17,86.12169102076925,20
2024-04-18,87.19476055319971,20
2024-04-19,87.9204385113278,20
2024-04-22,87.48233861803512,20
2024-04-23,87.49308788257672,20
2024-04-24,88.3590690659684,20
2024-04-25,89.76362968025049,20
2024-04-26,89.62519692126146,20
2024-04-29,91.08347602375616,20
2024-04-30,92.47589941397638,20
2024-05-06,95.289586427283,20
2024-05-07,95.51444746014117,20
2024-05-08,94.34667764775588,20
2024-05-09,95.3261886822546,20
2024-05-10,94.80019652867072,20
2024-05-13,94.98967996176793,20
2024-05-14,96.5460188066408,20
2024-05-15,95.89932981399868,20
2024-05-16,95.910740168416,20
2024-05-17,96.18436486350325,20
2024-05-20,97.49673030452142,20
2024-05-21,97.11159099827063,20
2024-05-22,96.21039265452809,20
2024-05-23,94.57042230544842,20
2024-05-24,93.92065226071577,20
2024-05-27,94.75792411288954,20
2024-05-28,93.70931577314013,20
2024-05-29,93.87274357304105,20
2024-05-30,93.28514859917702,20
2024-05-31,93.3660285571389,20
2024-06-03,92.0516891220627,20
2024-06-04,93.27106184977507,20
2024-06-05,91.59585004175528,20
2024-06-06,89.63803812047252,20
2024-06-07,91.19930350722343,20
2024-06-11,91.00959786155136,20
2024-06-12,91.89146047688189,20
2024-06-13,90.8341612356372,20
2024-06-14,90.92258199028475,20
2024-06-17,90.51346568986018,20
2024-06-18,90.98487671760226,20
2024-06-19,90.02825906942957,20
2024-06-20,88.59567770515423,20
2024-06-21,88.67940209157757,20
2024-06-24,85.97465631941535,20
2024-06-25,86.58131007387226,20
2024-06-26,88.0605785667169,20
2024-06-27,86.41273267496771,20
2024-06-28,86.77537762108105,20
