date,nav,num_held
2006-01-04,1.0,0
2006-01-05,1.0,0
2006-01-06,1.0,0
2006-01-09,1.0,0
2006-01-10,1.0,0
2006-01-11,1.0,0
2006-01-12,1.0,0
2006-01-13,1.0,0
2006-01-16,1.0,0
2006-01-17,1.0,0
2006-01-18,1.0,0
2006-01-19,1.0,0
2006-01-20,1.0,0
2006-01-23,1.0,0
2006-01-24,1.0,0
2006-01-25,1.0,0
2006-02-06,0.9995000949747064,0
2006-02-07,1.007330631266275,6
2006-02-08,1.015161806800765,6
2006-02-09,1.0005018945774087,6
2006-02-10,1.0237817644161393,6
2006-02-13,1.0390737651973383,6
2006-02-14,1.0395578024216925,6
2006-02-15,1.0311056080377816,6
2006-02-16,0.9790648511648439,6
2006-02-17,0.9654856589838393,6
2006-02-20,0.9510669976024364,6
2006-02-21,0.9774183485671056,6
2006-02-22,0.9803038008563317,6
2006-02-23,0.9787929198904171,6
2006-02-24,0.9887344297087375,6
2006-02-27,0.9831271558336813,6
2006-02-28,0.9796315514320388,6
2006-03-01,0.9877576320167275,6
2006-03-02,0.9587236519829252,8
2006-03-03,0.9536139176516395,8
2006-03-06,0.942693089675267,8
2006-03-07,0.9089341359589663,8
2006-03-08,0.9058622258538567,8
2006-03-09,0.9121611990878283,8
2006-03-10,0.9191796953890145,8
2006-03-13,0.9308600838744379,8
2006-03-14,0.9281906374495161,8
2006-03-15,0.9442325466339788,8
2006-03-16,0.9437044428412155,8
2006-03-17,0.9355125770297429,8
2006-03-20,0.9500417712946998,8
2006-03-21,0.9506360316616972,8
2006-03-22,0.9664394879574932,8
2006-03-23,0.973910999362867,8
2006-03-24,0.9602215100828488,8
2006-03-27,0.973445928914286,8
2006-03-28,0.9421929869444493,8
2006-03-29,0.9395243605285994,8
2006-03-30,0.9242591525312573,8
2006-03-31,0.9355612377032256,8
2006-04-03,0.9507339677150787,8
2006-04-04,0.9701714559297097,8
2006-04-05,0.9786197014758785,8
2006-04-06,0.9747534591698327,8
2006-04-07,0.9705270400799234,8
2006-04-10,1.010121252903695,8
2006-04-11,1.0174091120697268,8
2006-04-12,1.0100479899968338,8
2006-04-13,0.9857207271678633,8
2006-04-14,1.0133318180558326,8
2006-04-17,1.0245569580768936,8
2006-04-18,1.0142010763447233,8
2006-04-19,1.0129330684002635,8
2006-04-20,0.9947458632539733,8
2006-04-21,1.0016106255294364,8
2006-04-24,0.9909991793334142,8
2006-04-25,0.9779178566830365,8
2006-04-26,0.9871595966492991,8
2006-04-27,0.9816869294356466,8
2006-04-28,0.9886389497314589,8
2006-05-08,1.0111124319843237,8
2006-05-09,1.036054803107737,10
2006-05-10,1.048495380530026,10
2006-05-11,1.0318550658702221,10
2006-05-12,1.0468565540681982,10
2006-05-15,1.0955671091903445,10
2006-05-16,1.0599913451209466,10
2006-05-17,1.0703441426366798,10
2006-05-18,1.06910844864233,10
2006-05-19,1.090173609120098,10
2006-05-22,1.1024518302849948,10
2006-05-23,1.0461415756197001,10
2006-05-24,1.0282746909216616,10
2006-05-25,1.0418630909986752,10
2006-05-26,1.0568144355389715,10
2006-05-29,1.0727763751298083,10
2006-05-30,1.0882525661951687,10
2006-05-31,1.093355563181412,10
2006-06-01,1.1248470821443692,10
2006-06-02,1.1186122215713226,20
2006-06-05,1.1338769176107284,20
2006-06-06,1.1216617271761753,20
2006-06-07,1.0684320659660766,20
2006-06-08,1.0714496383532022,20
2006-06-09,1.0579481329220168,20
2006-06-12,1.062938194210609,20
2006-06-13,1.0676250264652263,20
2006-06-14,1.0604865656946416,20
2006-06-15,1.0661120788528948,20
2006-06-16,1.0859591570033733,20
2006-06-19,1.096134539832377,20
2006-06-20,1.0984192100385914,20
2006-06-21,1.0952446995330913,20
2006-06-22,1.087310561078096,20
2006-06-23,1.0885180847030558,20
2006-06-26,1.1030732748251,20
2006-06-27,1.1013199804396396,20
2006-06-28,1.099874849284232,20
2006-06-29,1.1171375528608904,20
2006-06-30,1.1145890500540376,20
2006-07-03,1.1285322556286712,20
2006-07-04,1.1199865384462804,20
2006-07-05,1.114364615250012,20
2006-07-06,1.1335607651364659,20
2006-07-07,1.1332879295704865,20
2006-07-10,1.1408093559404846,20
2006-07-11,1.1452829234494877,20
2006-07-12,1.1501639755005082,20
2006-07-13,1.0997703234873104,20
2006-07-14,1.1097041415263635,20
2006-07-17,1.1269252535620105,20
2006-07-18,1.1281703000467849,20
2006-07-19,1.1116840795412735,20
2006-07-20,1.1138346292064847,20
2006-07-21,1.1171530309386448,20
2006-07-24,1.1107429846403,20
2006-07-25,1.1161980768023367,20
2006-07-26,1.1206935236996656,20
2006-07-27,1.1157491605183487,20
2006-07-28,1.1039639774234322,20
2006-07-31,1.0619513016265103,20
2006-08-01,1.0536851744043985,20
2006-08-02,1.0532356037966817,20
2006-08-03,1.0555263401650057,20
2006-08-04,1.0346094648528537,20
2006-08-07,1.015724839849415,20
2006-08-08,1.030217641152178,20
2006-08-09,1.0247771331795053,20
2006-08-10,1.0396645604488028,20
2006-08-11,1.0429203119464971,20
2006-08-14,1.0252622019163196,20
2006-08-15,1.035155758497421,20
2006-08-16,1.050442627650924,20
2006-08-17,1.0438109988430428,20
2006-08-18,1.0463380514937073,20
2006-08-21,1.0570907522690378,20
2006-08-22,1.0650461045566095,20
2006-08-23,1.0625055856595351,20
2006-08-24,1.0707092600855614,20
2006-08-25,1.073209412356769,20
2006-08-28,1.0890982793815476,20
2006-08-29,1.09403627074197,20
2006-08-30,1.0915982179434964,20
2006-08-31,1.0924854368260177,20
2006-09-01,1.075268516061155,20
2006-09-04,1.1013135559381484,20
2006-09-05,1.0909871821507213,20
2006-09-06,1.0968566435415432,20
2006-09-07,1.086751368789093,20
2006-09-08,1.0869985220139626,20
2006-09-11,1.0889577175267267,20
2006-09-12,1.0988210208117766,20
2006-09-13,1.08213141666179,20
2006-09-14,1.0726714448712646,20
2006-09-15,1.0854757087389544,20
2006-09-18,1.0990374099740836,20
2006-09-19,1.107880545937741,20
2006-09-20,1.1098251198329745,20
2006-09-21,1.1204600835463627,20
2006-09-22,1.1102044295758993,20
2006-09-25,1.1052105822362523,20
2006-09-26,1.0936447535351663,20
2006-09-27,1.099541144637749,20
2006-09-28,1.1152824316315804,20
2006-09-29,1.1266145936161798,20
2006-10-09,1.1452453887306375,20
2006-10-10,1.1637119632392685,20
2006-10-11,1.1735162567674875,20
2006-10-12,1.155744890031122,20
2006-10-13,1.1548405468872047,20
2006-10-16,1.1529331780700887,20
2006-10-17,1.1589784895576574,20
2006-10-18,1.1691090262039958,20
2006-10-19,1.1803540662631116,20
2006-10-20,1.167002063276217,20
2006-10-23,1.137405720413101,20
2006-10-24,1.163648125950208,20
2006-10-25,1.1624242512251453,20
2006-10-26,1.1655557105301582,20
2006-10-27,1.1499679359499526,20
2006-10-30,1.1624298547617455,20
2006-10-31,1.1696040714653504,20
2006-11-01,1.1794477355803772,20
2006-11-02,1.1805178425062908,20
2006-11-03,1.1752244139879433,20
2006-11-06,1.1654412510111896,20
2006-11-07,1.156574580983285,20
2006-11-08,1.1536046373837825,20
2006-11-09,1.1641843206084186,20
2006-11-10,1.146009250737059,20
2006-11-13,1.10483072348161,20
2006-11-14,1.107966624321206,20
2006-11-15,1.1294427554742226,20
2006-11-16,1.116731892436957,20
2006-11-17,1.1174938606482303,20
2006-11-20,1.1064245917743476,20
2006-11-21,1.134212153055233,20
2006-11-22,1.1459940899818035,20
2006-11-23,1.1438423294813196,20
2006-11-24,1.150501798011792,20
2006-11-27,1.1801920494069507,20
2006-11-28,1.1810576742450016,20
2006-11-29,1.2058217498942299,20
2006-11-30,1.228634629588456,20
2006-12-01,1.2357636554079852,20
2006-12-04,1.2627246322588042,20
2006-12-05,1.2550319992706995,20
2006-12-06,1.240335910544937,20
2006-12-07,1.2279878304655378,20
2006-12-08,1.1937828881497896,20
2006-12-11,1.2281984007121927,20
2006-12-12,1.2385775167665491,20
2006-12-13,1.2412687036468568,20
2006-12-14,1.2734571946504678,20
2006-12-15,1.2917008457426071,20
2006-12-18,1.3163834739444702,20
2006-12-19,1.3196807753588804,20
2006-12-20,1.353836502619104,20
2006-12-21,1.3511015026418796,20
2006-12-22,1.3361905369527722,20
2006-12-25,1.3465084967623588,20
2006-12-26,1.3428476618796228,20
2006-12-27,1.3551074110563244,20
2006-12-28,1.3372055533630174,20
2006-12-29,1.362856640507961,20
2007-01-04,1.361409840352298,20
2007-01-05,1.4013829188606965,20
2007-01-08,1.4446265896664263,20
2007-01-09,1.4689896313275659,20
2007-01-10,1.4988251245675754,20
2007-01-11,1.4866408320196365,20
2007-01-12,1.4562794395450342,20
2007-01-15,1.5254527993874387,20
2007-01-16,1.5665290130586875,20
2007-01-17,1.5665921815219828,20
2007-01-18,1.599000754177479,20
2007-01-19,1.6355204080653998,20
2007-01-22,1.6903034763251934,20
2007-01-23,1.6771545702986985,20
2007-01-24,1.6833413574873284,20
2007-01-25,1.621049186216072,20
2007-01-26,1.627996627539962,20
2007-01-29,1.6550869372875705,20
2007-01-30,1.6691793497842695,20
2007-01-31,1.610256244348644,20
2007-02-01,1.6265041260206476,20
2007-02-02,1.615360263072789,20
2007-02-05,1.617229979140577,20
2007-02-06,1.63621480954653,20
2007-02-07,1.6513875677316863,20
2007-02-08,1.6649803912686958,20
2007-02-09,1.6690150042506326,20
2007-02-12,1.704717741155648,20
2007-02-13,1.7323136433079784,20
2007-02-14,1.7571306577834618,20
2007-02-15,1.795936477253577,20
2007-02-16,1.8078066538525088,20
2007-02-26,1.8250339495793009,20
2007-02-27,1.7033148868425938,20
2007-02-28,1.7261817833818491,20
2007-03-01,1.6810469060595032,20
2007-03-02,1.6961139499015667,20
2007-03-05,1.6954283974778406,20
2007-03-06,1.7057090841435647,20
2007-03-07,1.7339381797280393,20
2007-03-08,1.7515515563805633,20
2007-03-09,1.7426533685741619,20
2007-03-12,1.7433317423725918,20
2007-03-13,1.75010842335288,20
2007-03-14,1.736469127244094,20
2007-03-15,1.7497119696964283,20
2007-03-16,1.743218525777334,20
2007-03-19,1.7532522626055185,20
2007-03-20,1.7630648218268552,20
2007-03-21,1.7841429283277057,20
2007-03-22,1.7876191146786866,20
2007-03-23,1.793972520504947,20
2007-03-26,1.8191184090009331,20
2007-03-27,1.8261549853174137,20
2007-03-28,1.8102590619230408,20
2007-03-29,1.79141013879826,20
2007-03-30,1.799924581634793,20
2007-04-02,1.82165854149398,20
2007-04-03,1.8291729464208706,20
2007-04-04,1.852533388225749,20
2007-04-05,1.8650177223777047,20
2007-04-06,1.8885733149645778,20
2007-04-09,1.9103276230225212,20
2007-04-10,1.9337533784730687,20
2007-04-11,1.9518387792955894,20
2007-04-12,1.9757054326941692,20
2007-04-13,1.978964156394566,20
2007-04-16,2.0160541084115704,20
2007-04-17,2.049077504966732,20
2007-04-18,2.0686439870792537,20
2007-04-19,1.9860669555477413,20
2007-04-20,2.04961158804108,20
2007-04-23,2.0743401375019617,20
2007-04-24,2.0763484643502235,20
2007-04-25,2.0718099200770643,20
2007-04-26,2.086263766456281,20
2007-04-27,2.059690403855311,20
2007-04-30,2.059579408101661,20
2007-05-08,2.1014399843124667,20
2007-05-09,2.0702672667032815,20
2007-05-10,2.0760872871486216,20
2007-05-11,2.063359947878274,20
2007-05-14,2.0733956894190686,20
2007-05-15,2.0510756629882954,20
2007-05-16,2.0755808500743114,20
2007-05-17,2.10900941112215,20
2007-05-18,2.1279827360439008,20
2007-05-21,2.164877509211165,20
2007-05-22,2.194798984345514,20
2007-05-23,2.2369050340621968,20
2007-05-24,2.2099861646841705,20
2007-05-25,2.237608708769091,20
2007-05-28,2.285404185652302,20
2007-05-29,2.339052195605989,20
2007-05-30,2.2013792735443687,20
2007-05-31,2.2244121906473273,20
2007-06-01,2.1783331449489562,20
2007-06-04,2.0399544397901437,20
2007-06-05,2.0772389216127105,20
2007-06-06,2.1047154437223075,20
2007-06-07,2.1807773075519576,20
2007-06-08,2.200310083715836,20
2007-06-11,2.2479721507839403,20
2007-06-12,2.277687570173632,20
2007-06-13,2.321194275842988,20
2007-06-14,2.307621804984501,20
2007-06-15,2.3614946456711454,20
2007-06-18,2.4135971465548343,20
2007-06-19,2.4123024173192,20
2007-06-20,2.35367273369683,20
2007-06-21,2.3513281109341726,20
2007-06-22,2.2743948809308097,20
2007-06-25,2.197862148092551,20
2007-06-26,2.256280415381163,20
2007-06-27,2.2869491036011556,20
2007-06-28,2.201434657737485,20
2007-06-29,2.16172517567085,20
2007-07-02,2.186186098137477,20
2007-07-03,2.2181604231390324,20
2007-07-04,2.17979277341518,20
2007-07-05,2.1037183322404043,20
2007-07-06,2.1635886602468872,20
2007-07-09,2.194609641593381,20
2007-07-10,2.151973230306918,20
2007-07-11,2.1648426490459203,20
2007-07-12,2.169183044743834,20
2007-07-13,2.174466970942489,20
2007-07-16,2.1551043978759394,20
2007-07-17,2.175565951521981,20
2007-07-18,2.1873793025779396,20
2007-07-19,2.196903721339816,20
2007-07-20,2.2356157100642484,20
2007-07-23,2.2813315293092904,20
2007-07-24,2.279847253721534,20
2007-07-25,2.3070348223142516,20
2007-07-26,2.314434254537903,20
2007-07-27,2.3555183142713814,20
2007-07-30,2.3834418831221273,20
2007-07-31,2.3882860636582763,20
2007-08-01,2.3177237482013133,20
2007-08-02,2.3613575759640413,20
2007-08-03,2.383592321082397,20
2007-08-06,2.3836318291693352,20
2007-08-07,2.383172987432653,20
2007-08-08,2.351961596012735,20
2007-08-09,2.358436583449692,20
2007-08-10,2.3211262461600115,20
2007-08-13,2.3254575093005476,20
2007-08-14,2.361804083327484,20
2007-08-15,2.3510164100715403,20
2007-08-16,2.354833996856109,20
2007-08-17,2.3498386399206224,20
2007-08-20,2.396055007928173,20
2007-08-21,2.3927637292148543,20
2007-08-22,2.401146405969823,20
2007-08-23,2.414586496026171,20
2007-08-24,2.4232208517414784,20
2007-08-27,2.3992953506828805,20
2007-08-28,2.3797270456778463,20
2007-08-29,2.3772110152381773,20
2007-08-30,2.4241093507157467,20
2007-08-31,2.4434153669622276,20
2007-09-03,2.4643093494627455,20
2007-09-04,2.4571833484148153,20
2007-09-05,2.457593086110728,20
2007-09-06,2.4649796897010963,20
2007-09-07,2.4211817251536067,20
2007-09-10,2.4508646129593266,20
2007-09-11,2.3293393688895367,20
2007-09-12,2.336461028799803,20
2007-09-13,2.356884659139126,20
2007-09-14,2.367033501834285,20
2007-09-17,2.380884749408392,20
2007-09-18,2.387105956648009,20
2007-09-19,2.3662308955929903,20
2007-09-20,2.372603996868662,20
2007-09-21,2.350258542912867,20
2007-09-24,2.348809569098348,20
2007-09-25,2.3377349898160595,20
2007-09-26,2.3240141353353865,20
2007-09-27,2.353185681834003,20
2007-09-28,2.391764103218254,20
2007-10-08,2.394752280630725,20
2007-10-09,2.4126351308767444,20
2007-10-10,2.3940281328000323,20
2007-10-11,2.3700549957781316,20
2007-10-12,2.3012152136448307,20
2007-10-15,2.3079439915270967,20
2007-10-16,2.338011595201038,20
2007-10-17,2.3473046755080436,20
2007-10-18,2.324639222197279,20
2007-10-19,2.321357560475206,20
2007-10-22,2.2939696765741666,20
2007-10-23,2.3183366550068323,20
2007-10-24,2.293056015401761,20
2007-10-25,2.142323509678931,20
2007-10-26,2.1245227011098984,20
2007-10-29,2.1363790037040666,20
2007-10-30,2.1642812596760357,20
2007-10-31,2.226304370478712,20
2007-11-01,2.176112680365367,20
2007-11-02,2.1336854816765407,20
2007-11-05,2.1750356311853527,20
2007-11-06,2.1804136004529324,20
2007-11-07,2.164999067293599,20
2007-11-08,2.118583825823193,20
2007-11-09,2.123490201039691,20
2007-11-12,2.104347912587913,20
2007-11-13,2.1102619049045503,20
2007-11-14,2.1558579515914094,20
2007-11-15,2.143969409744312,20
2007-11-16,2.1488087484141936,20
2007-11-19,2.205055462587479,20
2007-11-20,2.2228207555914743,20
2007-11-21,2.221922513990776,20
2007-11-22,2.167191213865188,20
2007-11-23,2.177867404971297,20
2007-11-26,2.1688962810865733,20
2007-11-27,2.1516718760643325,20
2007-11-28,2.1485221327667037,20
2007-11-29,2.1892408832688406,20
2007-11-30,2.163801864156784,20
2007-12-03,2.173695675733273,20
2007-12-04,2.1828654623634325,20
2007-12-05,2.2069468342059118,20
2007-12-06,2.2036233802734535,20
2007-12-07,2.22383946587017,20
2007-12-10,2.272540844689686,20
2007-12-11,2.2828135529561493,20
2007-12-12,2.3113410579907394,20
2007-12-13,2.2888303779539916,20
2007-12-14,2.302872070944535,20
2007-12-17,2.3324720408795443,20
2007-12-18,2.3051674489672394,20
2007-12-19,2.3359192517361023,20
2007-12-20,2.3519433300989205,20
2007-12-21,2.373748113897814,20
2007-12-24,2.4052565496564067,20
2007-12-25,2.446254061644802,20
2007-12-26,2.4992592329633396,20
2007-12-27,2.5236324453690218,20
2007-12-28,2.5252499942536173,20
2008-01-02,2.6132196946482216,20
2008-01-03,2.6420292862843393,20
2008-01-04,2.6307572193304583,20
2008-01-07,2.6631083637518813,20
2008-01-08,2.6030689132442535,20
2008-01-09,2.6609223796910806,20
2008-01-10,2.654145476764193,20
2008-01-11,2.6624173866674585,20
2008-01-14,2.6908037798865205,20
2008-01-15,2.7445676642989087,20
2008-01-16,2.740462216256752,20
2008-01-17,2.707206829428935,20
2008-01-18,2.7204181500442934,20
2008-01-21,2.6434690251303423,20
2008-01-22,2.4669388252909714,20
2008-01-23,2.542299270278974,20
2008-01-24,2.599154433498092,20
2008-01-25,2.5934908291949883,20
2008-01-28,2.4639466952534854,20
2008-01-29,2.477634930289784,20
2008-01-30,2.5014089277613265,20
2008-01-31,2.457566758459764,20
2008-02-01,2.375883742242135,20
2008-02-04,2.49589552640514,20
2008-02-05,2.4876255094471373,20
2008-02-13,2.4735688722513984,20
2008-02-14,2.507286712766052,20
2008-02-15,2.5082715861848355,20
2008-02-18,2.569641253101489,20
2008-02-19,2.5939606390130665,20
2008-02-20,2.5674142783010585,20
2008-02-21,2.5686338808516647,20
2008-02-22,2.5274076626961426,20
2008-02-25,2.4725514734649767,20
2008-02-26,2.4739295656001654,20
2008-02-27,2.4957765804562286,20
2008-02-28,2.5085047385980306,20
2008-02-29,2.528243770387639,20
2008-03-03,2.5721465343857877,20
2008-03-04,2.5556584484521476,20
2008-03-05,2.5456060299134666,20
2008-03-06,2.5516624352618242,20
2008-03-07,2.5285263989808713,20
2008-03-10,2.4844903081701215,20
2008-03-11,2.489788647611959,20
2008-03-12,2.4563062156487527,20
2008-03-13,2.405885479516035,20
2008-03-14,2.3968143421109054,20
2008-03-17,2.2973628348756003,20
2008-03-18,2.2003365294141823,20
2008-03-19,2.2558066633631713,20
2008-03-20,2.305722706881026,20
2008-03-21,2.3041058315284983,20
2008-03-24,2.275965689279605,20
2008-03-25,2.3004726189891302,20
2008-03-26,2.300083840442984,20
2008-03-27,2.2420305527135054,20
2008-03-28,2.2728536163578252,20
2008-03-31,2.2255574353979637,20
2008-04-01,2.1180661156847993,20
2008-04-02,2.0534202782877378,20
2008-04-03,2.0757398013252413,20
2008-04-07,2.140717962616345,20
2008-04-08,2.1591845501672426,20
2008-04-09,2.1029298431064114,20
2008-04-10,2.1225749838783505,20
2008-04-11,2.152646395845238,20
2008-04-14,2.081722283911502,20
2008-04-15,2.100720469214433,20
2008-04-16,2.082972072440688,20
2008-04-17,2.0432356389545663,20
2008-04-18,1.9859884089808026,20
2008-04-21,1.9738901567836795,20
2008-04-22,1.9463918492804235,20
2008-04-23,1.99449559152703,20
2008-04-24,2.092835183639232,20
2008-04-25,2.094206440756488,20
2008-04-28,2.0762646133736324,20
2008-04-29,2.094141524357119,20
2008-04-30,2.1401707140623722,20
2008-05-05,2.1823392483986748,20
2008-05-06,2.1730254745408875,18
2008-05-07,2.1151868783589034,18
2008-05-08,2.1494589595549582,18
2008-05-09,2.145282188146119,18
2008-05-12,2.1613703983103085,18
2008-05-13,2.1660553478396585,18
2008-05-14,2.2104427776489453,18
2008-05-15,2.2193662580769717,18
2008-05-16,2.2067299361399857,18
2008-05-19,2.2064723028104365,18
2008-05-20,2.130407775890281,18
2008-05-21,2.1513384103911424,18
2008-05-22,2.1204624235725524,18
2008-05-23,2.1175970220971587,18
2008-05-26,2.0756235022779674,18
2008-05-27,2.0767332569120645,18
2008-05-28,2.1127711288591544,18
2008-05-29,2.0860657633729573,18
2008-05-30,2.1089687407618554,18
2008-06-02,2.12363332550251,18
2008-06-03,2.123903167163162,20
2008-06-04,2.1147483086103533,20
2008-06-05,2.1369310815700135,20
2008-06-06,2.1546583463456948,20
2008-06-10,2.041894775113029,20
2008-06-11,2.0161879504382627,20
2008-06-12,2.021446423136505,20
2008-06-13,1.9916109989501392,20
2008-06-16,1.9839979593937704,20
2008-06-17,1.9924565125645612,20
2008-06-18,2.0377240994797985,20
2008-06-19,1.9249624533190377,20
2008-06-20,1.9105701083569004,20
2008-06-23,1.848602922291712,20
2008-06-24,1.8610519648894777,20
2008-06-25,1.919049343961793,20
2008-06-26,1.9419527695854322,20
2008-06-27,1.8607735294475998,20
2008-06-30,1.869102935467433,20
2008-07-01,1.8509850963512664,20
2008-07-02,1.8657319466046807,20
2008-07-03,1.9084425491174408,20
2008-07-04,1.9015035638605293,20
2008-07-07,1.9534633857722146,20
2008-07-08,1.9715799185183123,20
2008-07-09,2.010917743398974,20
2008-07-10,2.00333844006583,20
2008-07-11,1.9845910711268877,20
2008-07-14,2.008636249015266,20
2008-07-15,1.9777776465008876,20
2008-07-16,1.9149490956505872,20
2008-07-17,1.9033070214711085,20
2008-07-18,1.9388148743645315,20
2008-07-21,1.9776528832717442,20
2008-07-22,1.9860515272486807,20
2008-07-23,1.9812553713448404,20
2008-07-24,2.005802739301183,20
2008-07-25,2.006192271593318,20
2008-07-28,2.0197358103744594,20
2008-07-29,1.990754052692469,20
2008-07-30,1.9866800732857486,20
2008-07-31,1.94661505465944,20
2008-08-01,1.9455242349289001,20
2008-08-04,1.9190104627611313,20
2008-08-05,1.9096941557667888,20
2008-08-06,1.913934206549031,20
2008-08-07,1.9252598777121566,20
2008-08-08,1.8463177786227987,20
2008-08-11,1.7818203512165238,20
2008-08-12,1.7684370333687134,20
2008-08-13,1.7481184728909718,20
2008-08-14,1.7556668384827427,20
2008-08-15,1.7643502314838913,20
2008-08-18,1.7068871437137272,20
2008-08-19,1.7201738098820507,20
2008-08-20,1.8059079921656958,20
2008-08-21,1.7679221095737632,20
2008-08-22,1.7570867716991452,20
2008-08-25,1.752744663061151,20
2008-08-26,1.700993860059136,20
2008-08-27,1.7001494069918068,20
2008-08-28,1.698880868082561,20
2008-08-29,1.7242881753627985,20
2008-09-01,1.6940799908795465,20
2008-09-02,1.6960784722064164,20
2008-09-03,1.6856077743608209,20
2008-09-04,1.6982114888582855,20
2008-09-05,1.6445846760834404,20
2008-09-08,1.5887366508016558,20
2008-09-09,1.600998644199973,20
2008-09-10,1.6085017870468798,20
2008-09-11,1.5846630439698408,20
2008-09-12,1.5914294188953046,20
2008-09-16,1.5656002504206001,20
2008-09-17,1.5537616767852562,20
2008-09-18,1.517903736094521,20
2008-09-19,1.6137234916916678,20
2008-09-22,1.6537101955067364,20
2008-09-23,1.5952049708622529,20
2008-09-24,1.6030095607269705,20
2008-09-25,1.6328298840867432,20
2008-09-26,1.622069928749149,20
2008-10-06,1.5705313341847054,20
2008-10-07,1.562422017278273,20
2008-10-08,1.5495377305713944,20
2008-10-09,1.5473398879149098,20
2008-10-10,1.4854945341980033,20
2008-10-13,1.4888250060952368,20
2008-10-14,1.4610520072088866,20
2008-10-15,1.4547412410455525,20
2008-10-16,1.3920519107471594,20
2008-10-17,1.3971538119732536,20
2008-10-20,1.425502966402331,20
2008-10-21,1.4347097292981872,20
2008-10-22,1.4167457029994406,20
2008-10-23,1.422157772099992,20
2008-10-24,1.41819953269583,20
2008-10-27,1.368220556597942,20
2008-10-28,1.391856836456018,20
2008-10-29,1.3844207663331287,20
2008-10-30,1.392041692847068,20
2008-10-31,1.3756679819220548,20
2008-11-03,1.3780630168038892,20
2008-11-04,1.378715501625354,20
2008-11-05,1.4088930230431664,20
2008-11-06,1.3894820571585256,20
2008-11-07,1.4070876796484129,20
2008-11-10,1.4658908369166515,20
2008-11-11,1.458868549773358,20
2008-11-12,1.4818004204378128,20
2008-11-13,1.5228861445409283,20
2008-11-14,1.5598449082352879,20
2008-11-17,1.6021015700435548,20
2008-11-18,1.528842607366697,20
2008-11-19,1.593432180642343,20
2008-11-20,1.584870019499581,20
2008-11-21,1.5651003650461566,20
2008-11-24,1.5354097422679458,20
2008-11-25,1.5306912093223557,20
2008-11-26,1.544205693425956,20
2008-11-27,1.5536419678277558,20
2008-11-28,1.5329609901048138,20
2008-12-01,1.588295049208824,20
2008-12-02,1.6140809401876244,20
2008-12-03,1.6525247686542268,20
2008-12-04,1.6493377333948271,20
2008-12-05,1.6862831152040318,20
2008-12-08,1.72974713311832,20
2008-12-09,1.6937765766798059,20
2008-12-10,1.7336353945160081,20
2008-12-11,1.7033280056522055,20
2008-12-12,1.6668347417481981,20
2008-12-15,1.6811635504111184,20
2008-12-16,1.6976119628830524,20
2008-12-17,1.7095230816794165,20
2008-12-18,1.7282531338229452,20
2008-12-19,1.7534957147794095,20
2008-12-22,1.7948331717153336,20
2008-12-23,1.7164517909531667,20
2008-12-24,1.6918735129735334,20
2008-12-25,1.7119836852489583,20
2008-12-26,1.738454727281204,20
2008-12-29,1.737881281073042,20
2008-12-30,1.7622028359984792,20
2008-12-31,1.7660467217747884,20
2009-01-05,1.804550969219498,20
2009-01-06,1.8192918908319191,20
2009-01-07,1.8130912163344453,20
2009-01-08,1.7976259857999644,20
2009-01-09,1.8542145931933915,20
2009-01-12,1.861199755152735,20
2009-01-13,1.8082663786441062,20
2009-01-14,1.8595300572944793,20
2009-01-15,1.8637093480133187,20
2009-01-16,1.8562014929424437,20
2009-01-19,1.860322576242015,20
2009-01-20,1.8752075616882427,20
2009-01-21,1.8690837333541728,20
2009-01-22,1.8801233227547984,20
2009-01-23,1.8692141218085068,20
2009-02-02,1.8946577482857279,20
2009-02-03,1.921476726891134,20
2009-02-04,1.9376523039363491,20
2009-02-05,1.9325382429838225,20
2009-02-06,1.9867474873156061,20
2009-02-09,2.0282055060605244,20
2009-02-10,2.055036373438731,20
2009-02-11,2.0356097782916933,20
2009-02-12,2.0489338225901013,20
2009-02-13,2.093794749407476,20
2009-02-16,2.105532048808011,20
2009-02-17,2.06737039665306,20
2009-02-18,1.99612850799087,20
2009-02-19,2.0303743284662126,20
2009-02-20,2.069020433144772,20
2009-02-23,2.113248355862725,20
2009-02-24,2.045407107488391,20
2009-02-25,2.0708943198983234,20
2009-02-26,1.9707998510959521,20
2009-02-27,1.884856339011499,20
2009-03-02,1.8990797595576943,20
2009-03-03,1.9061123165588014,20
2009-03-04,1.9813976990357898,20
2009-03-05,1.994198721261729,20
2009-03-06,1.9883400571486984,20
2009-03-09,1.9387817730814747,20
2009-03-10,1.9754386412453138,20
2009-03-11,1.974004334470562,20
2009-03-12,1.9719043583511964,20
2009-03-13,1.983213904525956,20
2009-03-16,2.008410938143489,20
2009-03-17,2.044886147114374,20
2009-03-18,2.055429946372415,20
2009-03-19,2.083922785531363,20
2009-03-20,2.0597454153144077,20
2009-03-23,2.091763359899404,20
2009-03-24,2.114577169963357,20
2009-03-25,2.0780544547096156,20
2009-03-26,2.1081458030367792,20
2009-03-27,2.103954907577264,20
2009-03-30,2.1264136524245427,20
2009-03-31,2.138271575376208,20
2009-04-01,2.160334454054028,20
2009-04-02,2.177334545762845,20
2009-04-03,2.200800323713938,20
2009-04-07,2.234461535260584,20
2009-04-08,2.2016173264113665,20
2009-04-09,2.2422325792190807,20
2009-04-10,2.287600021896034,20
2009-04-13,2.325899407736589,20
2009-04-14,2.408315397205831,20
2009-04-15,2.45198368158261,20
2009-04-16,2.4502910579925956,20
2009-04-17,2.394558368859974,20
2009-04-20,2.4319958738049423,20
2009-04-21,2.416533155556478,20
2009-04-22,2.3315123423223794,20
2009-04-23,2.3704359242889073,20
2009-04-24,2.3532465941046383,20
2009-04-27,2.3020491374406253,20
2009-04-28,2.309060611018927,20
2009-04-29,2.3282316390984836,20
2009-04-30,2.340639880403563,20
2009-05-04,2.3992628619454135,20
2009-05-05,2.417956161841246,20
2009-05-06,2.4347549287712393,20
2009-05-07,2.4248468990614485,20
2009-05-08,2.4063530580743167,20
2009-05-11,2.3428587700509538,20
2009-05-12,2.3807697175865874,20
2009-05-13,2.4004404793710266,20
2009-05-14,2.4072687937216837,20
2009-05-15,2.401470034269612,20
2009-05-18,2.400655947970126,20
2009-05-19,2.411269450227639,20
2009-05-20,2.399861849644306,20
2009-05-21,2.370415212671156,20
2009-05-22,2.3805738436936785,20
2009-05-25,2.372749832077699,20
2009-05-26,2.39965053249422,20
2009-05-27,2.3917533909643525,20
2009-06-01,2.4205336677969003,20
2009-06-02,2.4122069396414645,20
2009-06-03,2.4107072479037646,20
2009-06-04,2.4059519491148285,20
2009-06-05,2.389365594118982,20
2009-06-08,2.3822511724981887,20
2009-06-09,2.3827660616237094,20
2009-06-10,2.414731625601837,20
2009-06-11,2.414573295696644,20
2009-06-12,2.373811218689903,20
2009-06-15,2.395143922956321,20
2009-06-16,2.3972616185070748,20
2009-06-17,2.4115051793304048,20
2009-06-18,2.4169563404725425,20
2009-06-19,2.4458391253889338,20
2009-06-22,2.4281932847758734,20
2009-06-23,2.4412858903289987,20
2009-06-24,2.459444599869535,20
2009-06-25,2.493387502229993,20
2009-06-26,2.5018805192979046,20
2009-06-29,2.4792701904080974,20
2009-06-30,2.458822340087819,20
2009-07-01,2.4418889383736992,20
2009-07-02,2.456026047093786,20
2009-07-03,2.477785856836366,20
2009-07-06,2.4769430962194297,20
2009-07-07,2.551753247130424,20
2009-07-08,2.573562197532613,20
2009-07-09,2.6516400610019026,20
2009-07-10,2.6313948599205026,20
2009-07-13,2.6508529087557586,20
2009-07-14,2.6853092509737726,20
2009-07-15,2.7325229594721416,20
2009-07-16,2.699687180730033,20
2009-07-17,2.712484481765775,20
2009-07-20,2.768818266802421,20
2009-07-21,2.7193732955351204,20
2009-07-22,2.748451502092264,20
2009-07-23,2.757793900477115,20
2009-07-24,2.751834341141875,20
2009-07-27,2.7929543973829585,20
2009-07-28,2.8043909084396663,20
2009-07-29,2.6820808390756024,20
2009-07-30,2.7182210578594774,20
2009-07-31,2.772679431755882,20
2009-08-03,2.8169512953671485,20
2009-08-04,2.8290900635267633,20
2009-08-05,2.8437264133508666,20
2009-08-06,2.8287893931579347,20
2009-08-07,2.7735849724617925,20
2009-08-10,2.800135264179744,20
2009-08-11,2.815001996626971,20
2009-08-12,2.664649254519993,20
2009-08-13,2.663461951469739,20
2009-08-14,2.5710397556866513,20
2009-08-17,2.4580691832184,20
2009-08-18,2.4885492170667463,20
2009-08-19,2.4291325207016117,20
2009-08-20,2.4898186492724603,20
2009-08-21,2.5548666872887096,20
2009-08-24,2.60042976071872,20
2009-08-25,2.579354414078619,20
2009-08-26,2.6237715990628154,20
2009-08-27,2.628875563873688,20
2009-08-28,2.618342969928583,20
2009-08-31,2.4918161401022996,20
2009-09-01,2.469868201740481,20
2009-09-02,2.5014344461642573,20
2009-09-03,2.57185980030554,20
2009-09-04,2.591990940552181,20
2009-09-07,2.615598078531386,20
2009-09-08,2.624019550388148,20
2009-09-09,2.642899439209069,20
2009-09-10,2.627564498615479,20
2009-09-11,2.647569966536017,20
2009-09-14,2.686449947579929,20
2009-09-15,2.706220753706454,20
2009-09-16,2.721793615722915,20
2009-09-17,2.784890266591211,20
2009-09-18,2.722484788086703,20
2009-09-21,2.7614356242349096,20
2009-09-22,2.7447558778585264,20
2009-09-23,2.718530283220669,20
2009-09-24,2.6874626064058553,20
2009-09-25,2.6938626998843294,20
2009-09-28,2.653744792896926,20
2009-09-29,2.6151635434857927,20
2009-09-30,2.638993877215915,20
2009-10-09,2.7167280674438246,20
2009-10-12,2.730235326023632,20
2009-10-13,2.742183987907009,20
2009-10-14,2.748508698274494,20
2009-10-15,2.7809812102438487,20
2009-10-16,2.783784960761585,20
2009-10-19,2.8140458482923423,20
2009-10-20,2.84080726124317,20
2009-10-21,2.8161782422730544,20
2009-10-22,2.842474433615697,20
2009-10-23,2.8781628897920792,20
2009-10-26,2.8892597609899022,20
2009-10-27,2.8940646103603953,20
2009-10-28,2.9190944164168005,20
2009-10-29,2.895757115971181,20
2009-10-30,2.8971538122511733,20
2009-11-02,2.942341586564502,20
2009-11-03,2.9611799299625265,20
2009-11-04,2.9967785614543527,20
2009-11-05,3.0081925218411114,20
2009-11-06,3.0244725642291836,20
2009-11-09,3.0439779491847494,20
2009-11-10,3.0306427826892994,20
2009-11-11,3.039101152091329,20
2009-11-12,3.053038764082647,20
2009-11-13,3.0866433964555418,20
2009-11-16,3.147040368539421,20
2009-11-17,3.16473318063853,20
2009-11-18,3.185544016783169,20
2009-11-19,3.2123915815172306,20
2009-11-20,3.2265267694243898,20
2009-11-23,3.2622068168426117,20
2009-11-24,3.08467342527379,20
2009-11-25,3.1810126963908965,20
2009-11-26,3.0443687101192154,20
2009-11-27,3.030777042170267,20
2009-11-30,3.138916212318986,20
2009-12-01,3.212428533472944,20
2009-12-02,3.265802617283006,20
2009-12-03,3.283238511495769,20
2009-12-04,3.189909921008455,20
2009-12-07,3.2646153086847285,20
2009-12-08,3.2867184301147545,20
2009-12-09,3.268178277813783,20
2009-12-10,3.320429348718,20
2009-12-11,3.328285451330816,20
2009-12-14,3.3204671945083906,20
2009-12-15,3.317819779264227,20
2009-12-16,3.273838377294589,20
2009-12-17,3.1898310451276717,20
2009-12-18,3.136427120837533,20
2009-12-21,3.178771278019039,20
2009-12-22,3.126514584174261,20
2009-12-23,3.166423061048292,20
2009-12-24,3.271530468009694,20
2009-12-25,3.2800491661648605,20
2009-12-28,3.3138563493480544,20
2009-12-29,3.355751629263589,20
2009-12-30,3.329590918266853,20
2009-12-31,3.376171851138418,20
2010-01-04,3.4120569421146523,20
2010-01-05,3.460502919456618,20
2010-01-06,3.435430362873804,20
2010-01-07,3.411773424657067,20
2010-01-08,3.4410552232751725,20
2010-01-11,3.498810103497809,20
2010-01-12,3.568430954015591,20
2010-01-13,3.5627253062973843,20
2010-01-14,3.6232955923693204,20
2010-01-15,3.660703696955716,20
2010-01-18,3.7082287633590907,20
2010-01-19,3.671315456228128,20
2010-01-20,3.536541164082232,20
2010-01-21,3.5428404591661056,20
2010-01-22,3.4775533186360312,20
2010-01-25,3.454468231688483,20
2010-01-26,3.3748131141821927,20
2010-01-27,3.3808813694252895,20
2010-01-28,3.4077608285779823,20
2010-01-29,3.4402441396338497,20
2010-02-01,3.40565971752226,20
2010-02-02,3.375873412395719,20
2010-02-03,3.3857457166052876,20
2010-02-04,3.37813647588131,20
2010-02-05,3.317941936965798,20
2010-02-08,3.307665714561836,20
2010-02-09,3.325970191404119,20
2010-02-10,3.3776891057843574,20
2010-02-11,3.3775674972572824,20
2010-02-12,3.413532935543357,20
2010-02-22,3.408711816979509,20
2010-02-23,3.399097481478178,20
2010-02-24,3.487045887177442,20
2010-02-25,3.5239510721555547,20
2010-02-26,3.5314605367465752,20
2010-03-01,3.562084705012876,20
2010-03-02,3.550509526508918,20
2010-03-03,3.5611314417848328,20
2010-03-04,3.4886248156356623,20
2010-03-05,3.512158808660963,20
2010-03-08,3.534992446403059,20
2010-03-09,3.5240547658446957,20
2010-03-10,3.4690776066875535,20
2010-03-11,3.4686091099181064,20
2010-03-12,3.431901137441374,20
2010-03-15,3.4101450745083772,20
2010-03-16,3.428272128774526,20
2010-03-17,3.5217650968161345,20
2010-03-18,3.5284164623770367,20
2010-03-19,3.5389220747772363,20
2010-03-22,3.556224524988407,20
2010-03-23,3.5990051663002136,20
2010-03-24,3.64900304930053,20
2010-03-25,3.613649163362299,20
2010-03-26,3.62567783482601,20
2010-03-29,3.621571801127262,20
2010-03-30,3.646709093871159,20
2010-03-31,3.6935164587578577,20
2010-04-01,3.75545468713069,20
2010-04-02,3.749213752003097,20
2010-04-06,3.7966771893688747,20
2010-04-07,3.8232519353529177,20
2010-04-08,3.8221487353220973,20
2010-04-09,3.901273980372432,20
2010-04-12,3.9718470362795695,20
2010-04-13,3.842187929053636,20
2010-04-14,3.8811893715908994,20
2010-04-15,3.8157440637912177,20
2010-04-16,3.8414188447109416,20
2010-04-19,3.752057506206837,20
2010-04-20,3.814971815124143,20
2010-04-21,3.911724813189042,20
2010-04-22,3.9600238750916184,20
2010-04-23,3.9454295899660576,20
2010-04-26,3.9216249131421628,20
2010-04-27,3.8166578275536085,20
2010-04-28,3.769492092152379,20
2010-04-29,3.6693315426280977,20
2010-04-30,3.580345493726825,20
2010-05-04,3.602268399190689,20
2010-05-05,3.707856479208463,20
2010-05-06,3.5786859251599537,20
2010-05-07,3.5197518775485714,20
2010-05-10,3.4229143927168866,20
2010-05-11,3.3788208303227667,20
2010-05-12,3.316830941527114,20
2010-05-13,3.3788141135025995,20
2010-05-14,3.3963422707767625,20
2010-05-17,3.269008350372424,20
2010-05-18,3.287601218835134,20
2010-05-19,3.3259809473616677,20
2010-05-20,3.3175464368999905,20
2010-05-21,3.4255788281072705,20
2010-05-24,3.5354835356276966,20
2010-05-25,3.5104425482664716,20
2010-05-26,3.507421356497887,20
2010-05-27,3.576314068382071,20
2010-05-28,3.5970895136148626,20
2010-05-31,3.529077794288784,20
2010-06-01,3.4902466736368636,20
2010-06-02,3.5399535064276635,20
2010-06-03,3.568898652390328,20
2010-06-04,3.6715422508922155,20
2010-06-07,3.7628526456992772,20
2010-06-08,3.7593969791833572,20
2010-06-09,3.7796348415082655,20
2010-06-10,3.844027466728411,20
2010-06-11,3.8558811793463224,20
2010-06-17,3.723570756590696,20
2010-06-18,3.551303158238545,20
2010-06-21,3.616756094128436,20
2010-06-22,3.6123418981617283,20
2010-06-23,3.6294770836747867,20
2010-06-24,3.65052366856979,20
2010-06-25,3.5757097564621976,20
2010-06-28,3.5331417188914314,20
2010-06-29,3.3843381850281777,20
2010-06-30,3.4101336137762206,20
2010-07-01,3.3510122482792113,20
2010-07-02,3.3471832060057323,20
2010-07-05,3.3299575973676947,20
2010-07-06,3.399132561713944,20
2010-07-07,3.428021682205941,20
2010-07-08,3.429838746969495,20
2010-07-09,3.4805880023081435,20
2010-07-12,3.471593499103556,20
2010-07-13,3.4747132791521502,20
2010-07-14,3.4628663129739596,20
2010-07-15,3.3868374136805093,20
2010-07-16,3.3940441917987294,20
2010-07-19,3.436151136061298,20
2010-07-20,3.4943597587420103,20
2010-07-21,3.5012585543004735,20
2010-07-22,3.5207803143514096,20
2010-07-23,3.559104878086402,20
2010-07-26,3.5673430900155405,20
2010-07-27,3.540453021499081,20
2010-07-28,3.580909794948262,20
2010-07-29,3.601034506866319,20
2010-07-30,3.6013098973127784,20
2010-08-02,3.6496295726203147,20
2010-08-03,3.6107186712509396,20
2010-08-04,3.641620674643828,20
2010-08-05,3.6568699281928456,20
2010-08-06,3.7252814121039415,20
2010-08-09,3.7699617425076446,20
2010-08-10,3.6777102318619477,20
2010-08-11,3.703640580803423,20
2010-08-12,3.677384362964796,20
2010-08-13,3.7201438594093283,20
2010-08-16,3.8080143135881204,20
2010-08-17,3.8208501823989063,20
2010-08-18,3.7960574197083017,20
2010-08-19,3.7880005107633297,20
2010-08-20,3.7260107006255754,20
2010-08-23,3.7224012866455927,20
2010-08-24,3.726330421032536,20
2010-08-25,3.6448274092532134,20
2010-08-26,3.671308193053204,20
2010-08-27,3.7247835581886326,20
2010-08-30,3.792813259055866,20
2010-08-31,3.7932560177049632,20
2010-09-01,3.7048842591044444,20
2010-09-02,3.752947551280696,20
2010-09-03,3.804144422152,20
2010-09-06,3.7537081233232388,20
2010-09-07,3.780639104510255,20
2010-09-08,3.805117661280765,20
2010-09-09,3.81820728217818,20
2010-09-10,3.8930504696484003,20
2010-09-13,3.914880781686542,20
2010-09-14,3.8777709825472377,20
2010-09-15,3.75337854092979,20
2010-09-16,3.6926422478283634,20
2010-09-17,3.6800335154818278,20
2010-09-20,3.60244658121714,20
2010-09-21,3.5564857879606033,20
2010-09-27,3.6173891621245375,20
2010-09-28,3.5910139719043412,20
2010-09-29,3.5695366692883153,20
2010-09-30,3.620630398674715,20
2010-10-08,3.68823601936151,20
2010-10-11,3.6755196946605064,20
2010-10-12,3.6824026077115093,20
2010-10-13,3.7037783651508986,20
2010-10-14,3.6379191954788577,20
2010-10-15,3.617466416310101,20
2010-10-18,3.59096037927582,20
2010-10-19,3.810556371754275,20
2010-10-20,3.8299090211093856,20
2010-10-21,3.8229238744843177,20
2010-10-22,3.8706634558414974,20
2010-10-25,3.953021961416001,20
2010-10-26,3.9282801622708954,20
2010-10-27,3.90816084065849,20
2010-10-28,3.9411616783510337,20
2010-10-29,4.0105328662450175,20
2010-11-01,4.1195837484801086,20
2010-11-02,4.056468425775941,20
2010-11-03,3.9657428838725672,20
2010-11-04,3.999979136736002,20
2010-11-05,4.059545460817397,20
2010-11-08,4.127862990244718,20
2010-11-09,4.148967245663206,20
2010-11-10,4.214152934187628,20
2010-11-11,4.172013765349064,20
2010-11-12,3.9939616109357554,20
2010-11-15,4.148341387860457,20
2010-11-16,4.123627870109944,20
2010-11-17,4.028326550308545,20
2010-11-18,4.084844014295334,20
2010-11-19,4.205578237940044,20
2010-11-22,4.265065894844692,20
2010-11-23,4.282289088213998,20
2010-11-24,4.33840301964831,20
2010-11-25,4.298731285656953,20
2010-11-26,4.3208183683393075,20
2010-11-29,4.365757916248901,20
2010-11-30,4.266010296801678,20
2010-12-01,4.252653220695376,20
2010-12-02,4.254696360493469,20
2010-12-03,4.200834303855155,20
2010-12-06,4.145749518355108,20
2010-12-07,4.1904907916650345,20
2010-12-08,4.182182555603833,20
2010-12-09,4.162867306766436,20
2010-12-10,4.203244707752459,20
2010-12-13,4.285508954618108,20
2010-12-14,4.3110818392389545,20
2010-12-15,4.282716755490864,20
2010-12-16,4.308084351781077,20
2010-12-17,4.320793322607198,20
2010-12-20,4.288000195317402,20
2010-12-21,4.2916967063798905,20
2010-12-22,4.275090307406432,20
2010-12-23,4.203165147605513,20
2010-12-24,4.117665701258077,20
2010-12-27,4.0335419450830505,20
2010-12-28,4.0136007267335065,20
2010-12-29,4.06849059490248,20
2010-12-30,4.076795765319925,20
2010-12-31,4.122659590970218,20
2011-01-04,4.146737588016104,20
2011-01-05,4.1578336791903565,20
2011-01-06,4.1377919026453425,20
2011-01-07,4.089573186148739,20
2011-01-10,3.990813528149384,20
2011-01-11,3.9480645987541947,20
2011-01-12,3.9623181764070554,20
2011-01-13,3.9699508332159077,20
2011-01-14,3.896382977200426,20
2011-01-17,3.755738928335799,20
2011-01-18,3.764128430929948,20
2011-01-19,3.797871820469082,20
2011-01-20,3.6973542030662414,20
2011-01-21,3.6957665191567224,20
2011-01-24,3.6482482447208167,20
2011-01-25,3.6133259785847733,20
2011-01-26,3.6508582875996662,20
2011-01-27,3.6948745591668746,20
2011-01-28,3.728557394417203,20
2011-01-31,3.7366174339370906,20
2011-02-01,3.7310836245028884,20
2011-02-09,3.702239202542714,20
2011-02-10,3.791090008733864,20
2011-02-11,3.814700022400037,20
2011-02-14,3.8545649106346063,20
2011-02-15,3.8616206339170454,20
2011-02-16,3.9070546912850306,20
2011-02-17,3.9495592543518256,20
2011-02-18,3.903833467143899,20
2011-02-21,3.955425478728836,20
2011-02-22,3.8793399844035017,20
2011-02-23,3.9065156888598005,20
2011-02-24,3.9129307536145608,20
2011-02-25,3.9069828971417184,20
2011-02-28,3.926962962207471,20
2011-03-01,3.930415755406781,20
2011-03-02,3.904321356217251,20
2011-03-03,3.839325633893803,20
2011-03-04,3.8560206321116093,20
2011-03-07,3.8807281314834468,20
2011-03-08,3.896022070768278,20
2011-03-09,3.9020563292613377,20
2011-03-10,3.9055600379526045,20
2011-03-11,3.930393852153587,20
2011-03-14,3.945001318782646,20
2011-03-15,3.9110241885797223,20
2011-03-16,3.946016648211174,20
2011-03-17,3.870132186234498,20
2011-03-18,3.904824077667472,20
2011-03-21,3.863899959433218,20
2011-03-22,3.8468770934105287,20
2011-03-23,3.8770013150698053,20
2011-03-24,3.882517149878275,20
2011-03-25,3.8789048127257635,20
2011-03-28,3.851473955988654,20
2011-03-29,3.72364319493621,20
2011-03-30,3.6988013116136393,20
2011-03-31,3.6962344087689,20
2011-04-01,3.73377208410647,20
2011-04-06,3.706393540689295,20
2011-04-07,3.7458173609497143,20
2011-04-08,3.787305101809186,20
2011-04-11,3.735367905717793,20
2011-04-12,3.7011490593062577,20
2011-04-13,3.760202322798243,20
2011-04-14,3.7449806181599565,20
2011-04-15,3.7523223578740117,20
2011-04-18,3.751079597197392,20
2011-04-19,3.7355954982546797,20
2011-04-20,3.759622043656158,20
2011-04-21,3.783704474684503,20
2011-04-22,3.776194117822551,20
2011-04-25,3.7078476556997617,20
2011-04-26,3.6317398263249188,20
2011-04-27,3.573806822748567,20
2011-04-28,3.4428661412847585,20
2011-04-29,3.486291398163144,20
2011-05-03,3.5147063864881987,20
2011-05-04,3.4372166111655744,19
2011-05-05,3.4431565943487112,19
2011-05-06,3.478455133715252,19
2011-05-09,3.521879994309454,19
2011-05-10,3.5426133194440306,19
2011-05-11,3.5504862012321,19
2011-05-12,3.4768343217218973,19
2011-05-13,3.466293647585979,19
2011-05-16,3.4619271178241027,19
2011-05-17,3.4377735360857615,19
2011-05-18,3.4527100350925335,19
2011-05-19,3.428513571005431,19
2011-05-20,3.3840822588545887,19
2011-05-23,3.254548673712317,19
2011-05-24,3.298357766910718,19
2011-05-25,3.228794038545226,19
2011-05-26,3.194797035546482,19
2011-05-27,3.1385487779736625,19
2011-05-30,3.1313020558108686,19
2011-05-31,3.1766718901800823,19
2011-06-01,3.2108944214295443,19
2011-06-02,3.1718838282274824,19
2011-06-03,3.2162728492849513,19
2011-06-07,3.235591503483318,19
2011-06-08,3.224943352179808,19
2011-06-09,3.173246215913964,19
2011-06-10,3.166196209599356,19
2011-06-13,3.1799529883732944,19
2011-06-14,3.2084387921870543,19
2011-06-15,3.184005912638194,19
2011-06-16,3.140478372466052,19
2011-06-17,3.113822478212352,19
2011-06-20,3.1031372182530785,19
2011-06-21,3.129865020989818,19
2011-06-22,3.132632384784746,19
2011-06-23,3.210460195129412,19
2011-06-24,3.2678243479629,19
2011-06-27,3.304073949691766,19
2011-06-28,3.32049116226219,19
2011-06-29,3.27841672964691,19
2011-06-30,3.309605514750092,19
2011-07-01,3.342679070294914,19
2011-07-04,3.402900077069168,20
2011-07-05,3.421831965340877,20
2011-07-06,3.456646405802036,20
2011-07-07,3.4727419828922517,20
2011-07-08,3.4376786367258405,20
2011-07-11,3.4566360127123645,20
2011-07-12,3.3828754520875965,20
2011-07-13,3.456203774729928,20
2011-07-14,3.5431643394522765,20
2011-07-15,3.602798053025959,20
2011-07-18,3.5826339945806227,20
2011-07-19,3.5220363458399695,20
2011-07-20,3.55904222890315,20
2011-07-21,3.519679112290535,20
2011-07-22,3.5411705492400505,20
2011-07-25,3.4278157103003855,20
2011-07-26,3.4366854987381386,20
2011-07-27,3.5039483085223844,20
2011-07-28,3.541262531168973,20
2011-07-29,3.5081816765382667,20
2011-08-01,3.5628244659803676,20
2011-08-02,3.620318975370405,20
2011-08-03,3.6690823518790205,20
2011-08-04,3.6489425647912275,20
2011-08-05,3.5737636966047717,20
2011-08-08,3.4109539128677206,20
2011-08-09,3.3896272340175426,20
2011-08-10,3.4264264955607837,20
2011-08-11,3.500829838651449,20
2011-08-12,3.556933403074612,20
2011-08-15,3.620458927466372,20
2011-08-16,3.5944907453656914,20
2011-08-17,3.5918467015052102,20
2011-08-18,3.5422745279362977,20
2011-08-19,3.5479752199441674,20
2011-08-22,3.5897563082825186,20
2011-08-23,3.6420977605524314,20
2011-08-24,3.643945955274355,20
2011-08-25,3.658160142978566,20
2011-08-26,3.6888296380408705,20
2011-08-29,3.692374131707118,20
2011-08-30,3.6219765702286866,20
2011-08-31,3.5995228342915997,20
2011-09-01,3.5971695222400255,20
2011-09-02,3.5636473824454726,20
2011-09-05,3.480471270744725,20
2011-09-06,3.4607558102783855,20
2011-09-07,3.5316479643360323,20
2011-09-08,3.5041856962396762,20
2011-09-09,3.470241570271681,20
2011-09-13,3.4370896360439325,20
2011-09-14,3.471389516433372,20
2011-09-15,3.469141927828069,20
2011-09-16,3.460506029067674,20
2011-09-19,3.4049244683305027,20
2011-09-20,3.424105530870125,20
2011-09-21,3.4951074888476557,20
2011-09-22,3.411768161951955,20
2011-09-23,3.406118416433491,20
2011-09-26,3.385708728625623,20
2011-09-27,3.4109550984842487,20
2011-09-28,3.4041565195321795,20
2011-09-29,3.318626219475132,20
2011-09-30,3.299929620039935,20
2011-10-10,3.2992217195913853,20
2011-10-11,3.2964158317729324,20
2011-10-12,3.3850080554520607,20
2011-10-13,3.419165642899976,20
2011-10-14,3.4133941275579813,20
2011-10-17,3.440700989252533,20
2011-10-18,3.3665586778158683,20
2011-10-19,3.338618110008702,20
2011-10-20,3.273643255373425,20
2011-10-21,3.2200533386556267,20
2011-10-24,3.2512662580991685,20
2011-10-25,3.324118466979245,20
2011-10-26,3.3754830989427806,20
2011-10-27,3.39048050790306,20
2011-10-28,3.455946528829228,20
2011-10-31,3.5092734371510206,20
2011-11-01,3.517363970392779,20
2011-11-02,3.5911179649056804,20
2011-11-03,3.5846132945997153,20
2011-11-04,3.6098034785469326,20
2011-11-07,3.6034895685549535,20
2011-11-08,3.5530227523519704,20
2011-11-09,3.6281835281003105,20
2011-11-10,3.6149553588637637,20
2011-11-11,3.604710554883994,20
2011-11-14,3.684253413837694,20
2011-11-15,3.6871399864026966,20
2011-11-16,3.592014480863604,20
2011-11-17,3.609310723953518,20
2011-11-18,3.532767819561925,20
2011-11-21,3.5129889544865787,20
2011-11-22,3.5314695141159773,20
2011-11-23,3.554713775264778,20
2011-11-24,3.540542857947068,20
2011-11-25,3.506101453830101,20
2011-11-28,3.519342761786764,20
2011-11-29,3.5569654909421615,20
2011-11-30,3.3895573429894217,20
2011-12-01,3.4306411727435098,20
2011-12-02,3.354519881007425,19
2011-12-05,3.254289519436627,19
2011-12-06,3.2738617281819993,19
2011-12-07,3.283676978649138,19
2011-12-08,3.3095126475976957,19
2011-12-09,3.286845858258634,19
2011-12-12,3.2562458718658887,19
2011-12-13,3.1592627185572066,19
2011-12-14,3.1315160798313646,19
2011-12-15,3.1104217842342434,19
2011-12-16,3.1881411004757068,19
2011-12-19,3.212814431679576,19
2011-12-20,3.191294930715492,19
2011-12-21,3.1334354456121605,19
2011-12-22,3.085870768116811,19
2011-12-23,3.097035203385161,19
2011-12-26,3.0756358769095216,19
2011-12-27,2.9898175013306245,19
2011-12-28,2.954413534983417,19
2011-12-29,2.9731384026142273,19
2011-12-30,3.017333649309,19
2012-01-04,2.9703675381242123,19
2012-01-05,2.8517772513712836,20
2012-01-06,2.859456277901666,20
2012-01-09,2.9477685900954143,20
2012-01-10,3.0087805209574054,20
2012-01-11,3.0135552002416004,20
2012-01-12,3.0115810128000384,20
2012-01-13,2.8838290999645064,20
2012-01-16,2.7994660588594504,20
2012-01-17,2.884992897428723,20
2012-01-18,2.7880643587128815,20
2012-01-19,2.8033325733120193,20
2012-01-20,2.829024013272176,20
2012-01-30,2.8420855161470464,20
2012-01-31,2.823072415351474,20
2012-02-01,2.824240661473051,20
2012-02-02,2.8466526762411792,20
2012-02-03,2.8833430033029663,20
2012-02-06,2.913961050470763,20
2012-02-07,2.9017999039872073,20
2012-02-08,2.9472970380726498,20
2012-02-09,2.9581717639953085,20
2012-02-10,2.966391394565788,20
2012-02-13,2.995774143637691,20
2012-02-14,2.989361836854618,20
2012-02-15,3.021762200207054,20
2012-02-16,3.0112856792483838,20
2012-02-17,2.9976507414434312,20
2012-02-20,3.01409108533963,20
2012-02-21,3.0492133833112547,20
2012-02-22,3.1170065762140573,20
2012-02-23,3.1586007842538284,20
2012-02-24,3.1699723290084836,20
2012-02-27,3.1617571673415252,20
2012-02-28,3.136293177845995,20
2012-02-29,3.107879517334064,20
2012-03-01,3.132403256217069,20
2012-03-02,3.1680938967037715,20
2012-03-05,3.165919788108011,20
2012-03-06,3.1419812664258386,20
2012-03-07,3.135296460766792,20
2012-03-08,3.1634271663469846,20
2012-03-09,3.21045649060734,20
2012-03-12,3.2268412701998757,20
2012-03-13,3.2423283113734027,20
2012-03-14,3.1345209636099587,20
2012-03-15,3.1117900932547506,20
2012-03-16,3.1725355168479097,20
2012-03-19,3.209172949459261,20
2012-03-20,3.1289596597471956,20
2012-03-21,3.134954322668589,20
2012-03-22,3.1329512259595607,20
2012-03-23,3.096757024499985,20
2012-03-26,3.0894360979469524,20
2012-03-27,3.082611311709893,20
2012-03-28,2.948069969466423,20
2012-03-29,2.9095203918587957,20
2012-03-30,2.9015814682428567,20
2012-04-05,2.9628009549517516,20
2012-04-06,2.9702632797150574,20
2012-04-09,2.946901978014148,20
2012-04-10,2.9623151859781958,20
2012-04-11,2.973566244585276,20
2012-04-12,3.0201993559008153,20
2012-04-13,3.035350410811103,20
2012-04-16,3.0210589594380415,20
2012-04-17,3.0212417722647773,20
2012-04-18,3.0593231472309745,20
2012-04-19,3.049009722073863,20
2012-04-20,3.074015955084694,20
2012-04-23,2.98639589236961,20
2012-04-24,2.933662068708843,20
2012-04-25,2.9675803098309084,20
2012-04-26,2.9596840964733695,20
2012-04-27,2.9610378869399607,20
2012-05-02,3.007757676110851,20
2012-05-03,3.0393415578325764,20
2012-05-04,3.066596449464976,20
2012-05-07,3.0972152146360146,20
2012-05-08,3.109185331495207,20
2012-05-09,3.039071462247072,20
2012-05-10,3.061486799416435,20
2012-05-11,3.0319521528748647,20
2012-05-14,3.009425196055088,20
2012-05-15,2.994245720359503,20
2012-05-16,2.9528608326384305,20
2012-05-17,2.991345918057734,20
2012-05-18,2.9579611246591506,20
2012-05-21,2.953299338213895,20
2012-05-22,3.000404839885459,20
2012-05-23,2.98497308139618,20
2012-05-24,2.973922961281181,20
2012-05-25,2.923099834480431,20
2012-05-28,2.949367921335272,20
2012-05-29,2.9954506236766614,20
2012-05-30,3.0116473480316697,20
2012-05-31,3.0397249622086604,20
2012-06-01,3.043909898672413,20
2012-06-04,2.9311353903569004,20
2012-06-05,2.923580025057902,20
2012-06-06,2.9252235421596295,20
2012-06-07,2.908370847350703,20
2012-06-08,2.8990412298911012,20
2012-06-11,2.9755194573343737,20
2012-06-12,2.985661424998597,20
2012-06-13,3.0399019610791966,20
2012-06-14,3.0203666534004747,20
2012-06-15,3.0362663686111517,20
2012-06-18,3.0918687025480627,20
2012-06-19,3.0873982807997233,20
2012-06-20,3.1364965514992633,20
2012-06-21,3.0692582922586586,20
2012-06-25,2.9753545541608517,20
2012-06-26,2.974157949458642,20
2012-06-27,2.988489358781821,20
2012-06-28,2.9897083878853903,20
2012-06-29,3.026988038819322,20
2012-07-02,3.0575529046295733,20
2012-07-03,3.0927104676280543,20
2012-07-04,3.055313557836301,20
2012-07-05,2.99125523430893,20
2012-07-06,3.035571188966541,20
2012-07-09,2.95004836742659,20
2012-07-10,2.9067760791039885,20
2012-07-11,2.899562570216141,20
2012-07-12,2.9331289576387505,20
2012-07-13,2.855279414329751,20
2012-07-16,2.704968107609659,20
2012-07-17,2.731339321357528,20
2012-07-18,2.752176572747688,20
2012-07-19,2.793431338273199,20
2012-07-20,2.7867020283230857,20
2012-07-23,2.758221915289411,20
2012-07-24,2.793836432820112,20
2012-07-25,2.8019814019748948,20
2012-07-26,2.7660781998065236,20
2012-07-27,2.7749521944947295,20
2012-07-30,2.713516951296649,20
2012-07-31,2.6632136241639426,20
2012-08-01,2.7049513090769426,20
2012-08-02,2.698802088240735,20
2012-08-03,2.7589778546410018,20
2012-08-06,2.8386303830190056,20
2012-08-07,2.8541058834854334,20
2012-08-08,2.8436464012129608,20
2012-08-09,2.889508996939513,20
2012-08-10,2.867994531699889,20
2012-08-13,2.81331386904635,20
2012-08-14,2.831188686738784,20
2012-08-15,2.7984868228128286,20
2012-08-16,2.7914583627398764,20
2012-08-17,2.8169926709850484,20
2012-08-20,2.827314041405883,20
2012-08-21,2.8836257652367108,20
2012-08-22,2.890541562844634,20
2012-08-23,2.913263152206921,20
2012-08-24,2.8657710291062513,20
2012-08-27,2.8057717612313677,20
2012-08-28,2.85041946782816,20
2012-08-29,2.8578082062851093,20
2012-08-30,2.8207016909903246,20
2012-08-31,2.8422921758894653,20
2012-09-03,2.8746498405478165,20
2012-09-04,2.8982806288758183,20
2012-09-05,2.936864610993652,20
2012-09-06,2.9504227269161034,20
2012-09-07,3.0080292483842874,20
2012-09-10,3.046503244309428,20
2012-09-11,3.0151243662483185,20
2012-09-12,3.0198579759803557,20
2012-09-13,2.978332952199236,20
2012-09-14,2.9820120560983203,20
2012-09-17,2.9085330114045043,20
2012-09-18,2.906927986143599,20
2012-09-19,2.9295708918458825,20
2012-09-20,2.8393938917546055,20
2012-09-21,2.795857230135346,20
2012-09-24,2.8124690222417166,20
2012-09-25,2.7663775426555635,20
2012-09-26,2.7059573439345654,20
2012-09-27,2.75696871302022,20
2012-09-28,2.800565898051011,20
2012-10-08,2.8025280205598113,20
2012-10-09,2.871767136842142,20
2012-10-10,2.905408838972829,20
2012-10-11,2.85105105758141,20
2012-10-12,2.849126216080046,20
2012-10-15,2.8009680419607457,20
2012-10-16,2.801090867683522,20
2012-10-17,2.8181166312584898,20
2012-10-18,2.8544313300274546,20
2012-10-19,2.8592841333086665,20
2012-10-22,2.8746899877314687,20
2012-10-23,2.8441705795971854,20
2012-10-24,2.83678711794178,20
2012-10-25,2.8383342834190746,20
2012-10-26,2.7790895208558184,20
2012-10-29,2.7846980705399162,20
2012-10-30,2.787885378781769,20
2012-10-31,2.794405605799227,20
2012-11-01,2.84753002488492,20
2012-11-02,2.85291561692944,20
2012-11-05,2.848819519941885,20
2012-11-06,2.826903271998248,20
2012-11-07,2.8456717896328403,20
2012-11-08,2.773747975649014,20
2012-11-09,2.760295578218933,20
2012-11-12,2.803222808716951,20
2012-11-13,2.7618238678946985,20
2012-11-14,2.791597103366127,20
2012-11-15,2.7257240584066844,20
2012-11-16,2.7048540780642423,20
2012-11-19,2.7215471719320288,20
2012-11-20,2.7572145851086183,20
2012-11-21,2.7838897255966066,20
2012-11-22,2.7648344932085474,20
2012-11-23,2.7678206571216,20
2012-11-26,2.7201143579347358,20
2012-11-27,2.6281643088332514,20
2012-11-28,2.5877870492288277,20
2012-11-29,2.540031427376468,20
2012-11-30,2.5573705132719433,20
2012-12-03,2.476100899696443,20
2012-12-04,2.495341859128297,20
2012-12-05,2.5681363740016945,20
2012-12-06,2.5596546678794136,20
2012-12-07,2.6055205269700403,20
2012-12-10,2.645085508459901,20
2012-12-11,2.6234742665958435,20
2012-12-12,2.6458801466768844,20
2012-12-13,2.603535308808407,20
2012-12-14,2.6869201312020494,20
2012-12-17,2.6941098407147046,20
2012-12-18,2.687824260634217,20
2012-12-19,2.710509811661082,20
2012-12-20,2.7781866155951604,20
2012-12-21,2.844249382644612,20
2012-12-24,2.8763712606575784,20
2012-12-25,2.922132905982922,20
2012-12-26,3.033041485157112,20
2012-12-27,2.9398792708594095,20
2012-12-28,2.9831245831066346,20
2012-12-31,2.994576155221526,20
2013-01-04,3.0176763512417257,20
2013-01-07,3.049219558170244,20
2013-01-08,3.0805695634444734,20
2013-01-09,3.0546895723293788,20
2013-01-10,3.08168328244354,20
2013-01-11,3.114387222522904,20
2013-01-14,3.2233472691006955,20
2013-01-15,3.249802331622705,20
2013-01-16,3.218646296132984,20
2013-01-17,3.1796753360092787,20
2013-01-18,3.1914304313193957,20
2013-01-21,3.201976957492565,20
2013-01-22,3.10590796477289,20
2013-01-23,3.123634802175579,20
2013-01-24,3.039409674749342,20
2013-01-25,3.044151602177149,20
2013-01-28,3.0908840707810117,20
2013-01-29,3.1074411941498803,20
2013-01-30,3.0844832727652998,20
2013-01-31,3.0502552885605363,20
2013-02-01,3.0656223218486907,20
2013-02-04,3.054662008172719,20
2013-02-05,3.0943253523391383,20
2013-02-06,3.1128234473566767,20
2013-02-07,3.131485094934318,20
2013-02-08,3.1668749644425027,20
2013-02-18,3.203066750659218,20
2013-02-19,3.158844990365145,20
2013-02-20,3.218357128917014,20
2013-02-21,3.1868359963226105,20
2013-02-22,3.1824927643319523,20
2013-02-25,3.213166067926226,20
2013-02-26,3.2077378939742625,20
2013-02-27,3.210698265837941,20
2013-02-28,3.2608253733676675,20
2013-03-01,3.3160622742257293,20
2013-03-04,3.242641559962113,20
2013-03-05,3.3073226533018834,20
2013-03-06,3.3729079676697915,20
2013-03-07,3.3085519974917768,20
2013-03-08,3.278894275749292,20
2013-03-11,3.2918338913952456,20
2013-03-12,3.182749080814857,20
2013-03-13,3.1684873062659196,20
2013-03-14,3.155151976161772,20
2013-03-15,3.164887294934225,20
2013-03-18,3.1487566653857484,20
2013-03-19,3.1606970858345975,20
2013-03-20,3.2373532683388757,20
2013-03-21,3.258765037979573,20
2013-03-22,3.265708887846049,20
2013-03-25,3.2491009746821513,20
2013-03-26,3.2254187147786153,20
2013-03-27,3.2282278427221196,20
2013-03-28,3.136652400598866,20
2013-03-29,3.134140785895072,20
2013-04-01,3.1584263579601806,20
2013-04-02,3.1180414954013207,20
2013-04-03,3.0867324842921464,20
2013-04-08,3.091125781715294,20
2013-04-09,3.110356080232444,20
2013-04-10,3.0997431896316052,20
2013-04-11,3.089839826256725,20
2013-04-12,3.0767818144050008,20
2013-04-15,3.039392829988116,20
2013-04-16,3.06028257441688,20
2013-04-17,3.0995969666345773,20
2013-04-18,3.13404969584371,20
2013-04-19,3.205416060179316,20
2013-04-22,3.2710764590856853,20
2013-04-23,3.2109031838130693,20
2013-04-24,3.3398983430334517,20
2013-04-25,3.2898212823218427,20
2013-04-26,3.2430764155528715,20
2013-05-02,3.2902058792478392,20
2013-05-03,3.3484851681920467,20
2013-05-06,3.425236194908617,20
2013-05-07,3.4022610145750147,20
2013-05-08,3.455600346037555,20
2013-05-09,3.489352372880609,20
2013-05-10,3.482492735785593,20
2013-05-13,3.523486874147281,20
2013-05-14,3.4369620346027863,20
2013-05-15,3.483726810598465,20
2013-05-16,3.4745943538247626,20
2013-05-17,3.505539313426557,20
2013-05-20,3.5850790919548827,20
2013-05-21,3.6456297139059757,20
2013-05-22,3.585788927241931,20
2013-05-23,3.5740237232411944,20
2013-05-24,3.631510695309826,20
2013-05-27,3.653869680014089,20
2013-05-28,3.598878438629125,20
2013-05-29,3.632441991750282,20
2013-05-30,3.639909404578509,20
2013-05-31,3.6416106717962373,20
2013-06-03,3.613490197166714,20
2013-06-04,3.53213014455058,20
2013-06-05,3.5582181527488217,20
2013-06-06,3.5019151338360897,20
2013-06-07,3.507610031030851,20
2013-06-13,3.485911474747105,20
2013-06-14,3.5557972356734373,20
2013-06-17,3.570578024374907,20
2013-06-18,3.583213551587481,20
2013-06-19,3.55446685232284,20
2013-06-20,3.437137994127056,20
2013-06-21,3.40822046865393,20
2013-06-24,3.296927521792112,20
2013-06-25,3.3196935716977523,20
2013-06-26,3.4198751016805735,20
2013-06-27,3.370368888590516,20
2013-06-28,3.3456758804819313,20
2013-07-01,3.4310727136112593,20
2013-07-02,3.49036822271065,20
2013-07-03,3.515420156327133,20
2013-07-04,3.5359299779635114,20
2013-07-05,3.477583980530832,20
2013-07-08,3.3433799102228994,20
2013-07-09,3.3667741866423904,20
2013-07-10,3.422273773076344,20
2013-07-11,3.454474642532549,20
2013-07-12,3.4660009264558553,20
2013-07-15,3.554687540815354,20
2013-07-16,3.591974432712362,20
2013-07-17,3.5662467579421255,20
2013-07-18,3.592719792587423,20
2013-07-19,3.509569010261214,20
2013-07-22,3.588580801371079,20
2013-07-23,3.6532405539849053,20
2013-07-24,3.6982422997044337,20
2013-07-25,3.5973431069027266,20
2013-07-26,3.5822433630865316,20
2013-07-29,3.535465141081982,20
2013-07-30,3.5173761298004687,20
2013-07-31,3.512662941197552,20
2013-08-01,3.618657931389328,20
2013-08-02,3.6305128774125466,20
2013-08-05,3.6961965354509987,20
2013-08-06,3.7210967509444246,20
2013-08-07,3.6941900354490538,20
2013-08-08,3.727272606963111,20
2013-08-09,3.7291283575952447,20
2013-08-12,3.727950451340058,20
2013-08-13,3.7462970244970677,20
2013-08-14,3.759756946482622,20
2013-08-15,3.712094254093275,20
2013-08-16,3.634007476693836,20
2013-08-19,3.6979068484337825,20
2013-08-20,3.69589650486646,20
2013-08-21,3.7162182371149566,20
2013-08-22,3.7386240934338835,20
2013-08-23,3.710659784639138,20
2013-08-26,3.772569667607769,20
2013-08-27,3.7944595406383135,20
2013-08-28,3.7361955511388967,20
2013-08-29,3.7354314761141194,20
2013-08-30,3.638777261912473,20
2013-09-02,3.6711579044377602,20
2013-09-03,3.7196874840796808,19
2013-09-04,3.7015561472359675,19
2013-09-05,3.7244398013163127,19
2013-09-06,3.742726521555999,19
2013-09-09,3.7396069461607087,19
2013-09-10,3.730192985858621,19
2013-09-11,3.6878371993535795,19
2013-09-12,3.6655651609189746,19
2013-09-13,3.715623442978961,19
2013-09-16,3.7485854749136127,19
2013-09-17,3.6803149497750747,19
2013-09-18,3.7054958895245416,19
2013-09-23,3.770998453357606,19
2013-09-24,3.781873135619401,19
2013-09-25,3.77838430361182,19
2013-09-26,3.7585224876462444,19
2013-09-27,3.770720135505233,19
2013-09-30,3.7983842784364175,19
2013-10-08,3.8638040435764536,19
2013-10-09,3.9167400882223182,20
2013-10-10,3.9122443751547453,20
2013-10-11,3.981267495252784,20
2013-10-14,4.092668646387558,20
2013-10-15,4.086390321389033,20
2013-10-16,3.9991998279054597,20
2013-10-17,4.011935431986707,20
2013-10-18,4.080669108643059,20
2013-10-21,4.1870065219268,20
2013-10-22,4.144471167540001,20
2013-10-23,4.011988731677426,20
2013-10-24,4.0158846424495716,20
2013-10-25,3.9280257372712657,20
2013-10-28,3.9135583498935524,20
2013-10-29,3.8055522708091845,20
2013-10-30,3.906839685046924,20
2013-10-31,3.8756662103168877,20
2013-11-01,3.8372087896001936,20
2013-11-04,3.869961437862606,19
2013-11-05,3.89684579473446,19
2013-11-06,3.869456611213868,19
2013-11-07,3.801399042226642,19
2013-11-08,3.7478837867235817,19
2013-11-11,3.825244484470394,19
2013-11-12,3.8487428538527464,19
2013-11-13,3.8607012293903393,19
2013-11-14,3.996587534848422,19
2013-11-15,4.065345085369038,19
2013-11-18,4.117041780402576,19
2013-11-19,4.11396625232053,19
2013-11-20,4.12978324552287,19
2013-11-21,4.121922453103762,19
2013-11-22,4.128650027696769,19
2013-11-25,4.21184148397036,19
2013-11-26,4.278714829695064,19
2013-11-27,4.339090354718627,19
2013-11-28,4.388991608582426,19
2013-11-29,4.47052778160851,19
2013-12-02,4.156819239379395,19
2013-12-03,4.187582421724329,20
2013-12-04,4.212117858642481,20
2013-12-05,4.2210511224978315,20
2013-12-06,4.202443623817553,20
2013-12-09,4.27670387364557,20
2013-12-10,4.256992923846755,20
2013-12-11,4.265762610032485,20
2013-12-12,4.30888974601648,20
2013-12-13,4.3137119072991785,20
2013-12-16,4.266686417698805,20
2013-12-17,4.21921557338248,20
2013-12-18,4.208143770239384,20
2013-12-19,4.212668940686642,20
2013-12-20,4.195322418551598,20
2013-12-23,4.20717781834324,20
2013-12-24,4.244521520496108,20
2013-12-25,4.366038430942054,20
2013-12-26,4.287796728250144,20
2013-12-27,4.358218402124752,20
2013-12-30,4.395967481020054,20
2013-12-31,4.35570241054026,20
2014-01-02,4.397388710304306,20
2014-01-03,4.399605020826324,19
2014-01-06,4.2669723580615395,19
2014-01-07,4.326723775361052,19
2014-01-08,4.400842007825764,19
2014-01-09,4.352682243282345,19
2014-01-10,4.314951773089401,19
2014-01-13,4.312557703357814,19
2014-01-14,4.386285499791643,19
2014-01-15,4.400871308045474,19
2014-01-16,4.413527171467986,19
2014-01-17,4.392601167569379,19
2014-01-20,4.326724535424922,19
2014-01-21,4.379250380669434,19
2014-01-22,4.413224550198917,19
2014-01-23,4.446873832656791,19
2014-01-24,4.50618047739106,19
2014-01-27,4.518070440463115,19
2014-01-28,4.488565737021135,19
2014-01-29,4.5610204428814525,19
2014-01-30,4.544654270147118,19
2014-02-07,4.595940098518293,19
2014-02-10,4.6873047647593244,20
2014-02-11,4.663707812258843,20
2014-02-12,4.788677224406597,20
2014-02-13,4.705715902377266,20
2014-02-14,4.799344317199556,20
2014-02-17,4.901912804676765,20
2014-02-18,4.902913383303341,20
2014-02-19,4.891110401040271,20
2014-02-20,4.777910182148036,20
2014-02-21,4.769970849242948,20
2014-02-24,4.797939133062928,20
2014-02-25,4.591843023794586,20
2014-02-26,4.565459429701185,20
2014-02-27,4.477281635196406,20
2014-02-28,4.519703454394569,20
2014-03-03,4.567896783893969,20
2014-03-04,4.522421846944356,20
2014-03-05,4.559163351356238,20
2014-03-06,4.556621037878335,20
2014-03-07,4.542717377198488,20
2014-03-10,4.379843118556375,20
2014-03-11,4.394427130701812,20
2014-03-12,4.390104517468996,20
2014-03-13,4.458584256029707,20
2014-03-14,4.4569754401940145,20
2014-03-17,4.521155212369061,20
2014-03-18,4.5294146530975095,20
2014-03-19,4.503150011332229,20
2014-03-20,4.400464549925978,20
2014-03-21,4.443652966923572,20
2014-03-24,4.428066811000409,20
2014-03-25,4.402123842463717,20
2014-03-26,4.427695112167799,20
2014-03-27,4.321620334306429,20
2014-03-28,4.223190464670993,20
2014-03-31,4.1556508872202365,20
2014-04-01,4.210661457356847,20
2014-04-02,4.194145613440977,20
2014-04-03,4.2007146269484394,20
2014-04-04,4.244733064556472,20
2014-04-08,4.297656390590471,20
2014-04-09,4.340461415037138,20
2014-04-10,4.337071554566072,20
2014-04-11,4.299712593935367,20
2014-04-14,4.331499990104811,20
2014-04-15,4.306229502710014,20
2014-04-16,4.316346096358227,20
2014-04-17,4.347117495737229,20
2014-04-18,4.356628582568193,20
2014-04-21,4.325312258778999,20
2014-04-22,4.265222775351248,20
2014-04-23,4.272278227422793,20
2014-04-24,4.26555634085416,20
2014-04-25,4.203563552520919,20
2014-04-28,4.046876177946497,20
2014-04-29,4.095000091296258,20
2014-04-30,4.149471405308732,20
2014-05-05,4.1917784029751,20
2014-05-06,4.221343415528735,19
2014-05-07,4.179405706223169,19
2014-05-08,4.153426295918648,19
2014-05-09,4.105225069421754,19
2014-05-12,4.170527621213294,19
2014-05-13,4.162573736582164,19
2014-05-14,4.186228002837766,19
2014-05-15,4.16222560574709,19
2014-05-16,4.121033673423917,19
2014-05-19,4.105600839431942,19
2014-05-20,4.1149755803987205,19
2014-05-21,4.1356262516508515,19
2014-05-22,4.139355164650522,19
2014-05-23,4.183004200133861,19
2014-05-26,4.2532040277137515,19
2014-05-27,4.235374672997799,19
2014-05-28,4.2884527662614484,19
2014-05-29,4.247438572462171,19
2014-05-30,4.246589497307458,19
2014-06-03,4.226665497447468,19
2014-06-04,4.2005777562597055,20
2014-06-05,4.23107056599823,20
2014-06-06,4.231689065194113,20
2014-06-09,4.179208653254252,20
2014-06-10,4.245870175798337,20
2014-06-11,4.23598709702262,20
2014-06-12,4.222822073305884,20
2014-06-13,4.290484698888615,20
2014-06-16,4.388678815813261,20
2014-06-17,4.299810364509641,20
2014-06-18,4.256225461104265,20
2014-06-19,4.1045689348421295,20
2014-06-20,4.162375438978564,20
2014-06-23,4.264650558698558,20
2014-06-24,4.284818056281345,20
2014-06-25,4.351422304478962,20
2014-06-26,4.47346080486386,20
2014-06-27,4.486134931998337,20
2014-06-30,4.505923926502353,20
2014-07-01,4.500001098077158,20
2014-07-02,4.46508875135914,20
2014-07-03,4.486783526173578,20
2014-07-04,4.5160361044166475,20
2014-07-07,4.508011770665198,20
2014-07-08,4.521329027079722,20
2014-07-09,4.400856723148857,20
2014-07-10,4.396384806308812,20
2014-07-11,4.408914559064635,20
2014-07-14,4.472048231265858,20
2014-07-15,4.410731985122249,20
2014-07-16,4.357855191992885,20
2014-07-17,4.345329547021309,20
2014-07-18,4.343379531920473,20
2014-07-21,4.339149273798744,20
2014-07-22,4.390665519705179,20
2014-07-23,4.303199000795166,20
2014-07-24,4.2938862258327495,20
2014-07-25,4.306997938998054,20
2014-07-28,4.38489630206055,20
2014-07-29,4.421920360858594,20
2014-07-30,4.4420731247329535,20
2014-07-31,4.452661369360021,20
2014-08-01,4.401093857963432,20
2014-08-04,4.445588489230301,20
2014-08-05,4.510738539436755,20
2014-08-06,4.522952272807617,20
2014-08-07,4.527249465387227,20
2014-08-08,4.5968092867935,20
2014-08-11,4.69957236208836,20
2014-08-12,4.686836339975584,20
2014-08-13,4.635462282785747,20
2014-08-14,4.632439577885163,20
2014-08-15,4.6998041901152146,20
2014-08-18,4.792812480506079,20
2014-08-19,4.813677657979389,20
2014-08-20,4.853933757450309,20
2014-08-21,4.899131275614668,20
2014-08-22,4.950402455483841,20
2014-08-25,4.885528873531987,20
2014-08-26,4.78721765393658,20
2014-08-27,4.819542097122977,20
2014-08-28,4.769566045432886,20
2014-08-29,4.825760702142441,20
2014-09-01,4.902649459722741,20
2014-09-02,4.989682036514645,20
2014-09-03,5.099753557124786,20
2014-09-04,5.172673832610082,20
2014-09-05,5.172490921046478,20
2014-09-09,5.198331738263727,20
2014-09-10,5.270664567927036,20
2014-09-11,5.238297151327854,20
2014-09-12,5.335374564032958,20
2014-09-15,5.43048012371509,20
2014-09-16,5.2310009692922055,20
2014-09-17,5.257250922357902,20
2014-09-18,5.291576326126791,20
2014-09-19,5.335240468920562,20
2014-09-22,5.236347163716313,20
2014-09-23,5.334608684930198,20
2014-09-24,5.382871262739678,20
2014-09-25,5.363584204482927,20
2014-09-26,5.3962350271553365,20
2014-09-29,5.44561828230027,20
2014-09-30,5.47272352999123,20
2014-10-08,5.57023181535762,20
2014-10-09,5.544776482071291,19
2014-10-10,5.539026186219433,19
2014-10-13,5.611162620365944,19
2014-10-14,5.5905222606677905,19
2014-10-15,5.694107591418448,19
2014-10-16,5.637374226968266,19
2014-10-17,5.778759833862185,19
2014-10-20,5.807260620144457,19
2014-10-21,5.870452760712258,19
2014-10-22,5.800734635954589,19
2014-10-23,5.652576898913695,19
2014-10-24,5.60751841520925,19
2014-10-27,5.638460677044864,19
2014-10-28,5.776933205027804,19
2014-10-29,5.84299215969239,19
2014-10-30,5.835990360115759,19
2014-10-31,5.78729759161589,19
2014-11-03,5.852872230250378,19
2014-11-04,5.782952390526704,20
2014-11-05,5.760709486333951,20
2014-11-06,5.881142605927556,20
2014-11-07,5.892525864297552,20
2014-11-10,5.98832436008843,20
2014-11-11,5.896782697304126,20
2014-11-12,6.010473778980626,20
2014-11-13,5.83429298409793,20
2014-11-14,5.690168498399503,20
2014-11-17,5.771227016578866,20
2014-11-18,5.7801274321556075,20
2014-11-19,5.854280668658741,20
2014-11-20,5.8160701870810465,20
2014-11-21,5.867763188341835,20
2014-11-24,5.9115095881597925,20
2014-11-25,6.025325815996458,20
2014-11-26,6.134002444290546,20
2014-11-27,6.174760209435124,20
2014-11-28,6.256688242704079,20
2014-12-01,6.257310756161204,20
2014-12-02,6.30653174619875,20
2014-12-03,6.31495654362198,20
2014-12-04,6.376799429300101,20
2014-12-05,6.158002967675588,20
2014-12-08,6.057946503937274,20
2014-12-09,5.8261227504152435,20
2014-12-10,5.975441703864102,20
2014-12-11,6.0755032875632216,20
2014-12-12,6.1855414983187105,20
2014-12-15,6.304259204774139,20
2014-12-16,6.25908341368335,20
2014-12-17,6.214343386331901,20
2014-12-18,6.182768996952412,20
2014-12-19,6.058604518775317,20
2014-12-22,5.795310993008471,20
2014-12-23,5.8124946729605025,20
2014-12-24,5.960500045435469,20
2014-12-25,6.031921213583237,20
2014-12-26,6.029094344171932,20
2014-12-29,5.885636243150369,20
2014-12-30,5.8141322103049085,20
2014-12-31,5.909055160436237,20
2015-01-05,5.87899347740141,20
2015-01-06,6.05390922988574,20
2015-01-07,6.0029958492831845,20
2015-01-08,6.018923822800455,20
2015-01-09,5.997737451035136,20
2015-01-12,6.011286966687303,20
2015-01-13,6.138483564698407,20
2015-01-14,6.10496595479828,20
2015-01-15,6.0634397081672,20
2015-01-16,6.166370217341433,20
2015-01-19,6.152008871830406,20
2015-01-20,6.339553626761538,20
2015-01-21,6.429856944788948,20
2015-01-22,6.503177306162577,20
2015-01-23,6.373314995875551,20
2015-01-26,6.449938285627032,20
2015-01-27,6.478604913973912,20
2015-01-28,6.519964922328269,20
2015-01-29,6.472431287647532,20
2015-01-30,6.407796250994129,20
2015-02-02,6.447334033111682,20
2015-02-03,6.528698837847281,20
2015-02-04,6.538122443757762,20
2015-02-05,6.583945634817063,20
2015-02-06,6.4367119005115185,20
2015-02-09,6.397058246290686,20
2015-02-10,6.453626634903704,20
2015-02-11,6.474846769040849,20
2015-02-12,6.5057280344127175,20
2015-02-13,6.6155889892426885,20
2015-02-16,6.75291202652373,20
2015-02-17,6.792704166406338,20
2015-02-25,6.737547054653105,20
2015-02-26,6.752692499604376,20
2015-02-27,6.80540241673242,20
2015-03-02,6.898730890659094,20
2015-03-03,6.811393627071589,20
2015-03-04,6.904616994492648,20
2015-03-05,6.951554105452258,20
2015-03-06,6.847329167931366,20
2015-03-09,6.912822920067456,20
2015-03-10,6.964663575713715,20
2015-03-11,6.951226999801382,20
2015-03-12,6.93202899650503,20
2015-03-13,7.035543891144134,20
2015-03-16,7.223139042464859,20
2015-03-17,7.32877262647693,20
2015-03-18,7.456109778238181,20
2015-03-19,7.443748598252344,20
2015-03-20,7.575192288868453,20
2015-03-23,7.829718595444606,20
2015-03-24,7.8683088994788655,20
2015-03-25,8.019423464717235,20
2015-03-26,7.822599374125251,20
2015-03-27,7.854055476487949,20
2015-03-30,7.872307880537949,20
2015-03-31,7.999601016728185,20
2015-04-01,8.293052665527428,20
2015-04-02,8.493666528570968,20
2015-04-03,8.673759833275474,20
2015-04-07,8.87762894846637,20
2015-04-08,8.745431595826206,20
2015-04-09,8.65489742987021,20
2015-04-10,8.9438353526914,20
2015-04-13,9.227653527309899,20
2015-04-14,9.209295046315864,20
2015-04-15,8.777056369575854,20
2015-04-16,8.828413385485824,20
2015-04-17,8.775670195672642,20
2015-04-20,8.501835610508163,20
2015-04-21,8.788251703160368,20
2015-04-22,8.977248224809165,20
2015-04-23,9.052537261723527,20
2015-04-24,9.047826714801197,20
2015-04-27,9.03515815677645,20
2015-04-28,8.792012227132853,20
2015-04-29,8.943692678461895,20
2015-04-30,8.92482499346667,20
2015-05-04,8.914072204325429,20
2015-05-05,8.7671589171508,20
2015-05-06,8.700976345339186,20
2015-05-07,8.586838264611913,20
2015-05-08,8.87754316858311,20
2015-05-11,9.146744543602203,20
2015-05-12,9.227645750937219,20
2015-05-13,9.21472503078938,20
2015-05-14,9.345719929787041,20
2015-05-15,9.275943195366551,20
2015-05-18,9.508155078820664,20
2015-05-19,9.643028944516585,20
2015-05-20,9.800134323180577,20
2015-05-21,10.125580109872152,20
2015-05-22,10.146178939816046,20
2015-05-25,10.23289878729024,20
2015-05-26,10.610790515550672,20
2015-05-27,10.849075292254708,20
2015-05-28,10.509919975637262,20
2015-05-29,10.56980261432941,20
2015-06-01,10.830451251692935,20
2015-06-02,10.90510967001115,16
2015-06-03,10.93641633484386,16
2015-06-04,10.823070214988697,16
2015-06-05,11.004845943299479,16
2015-06-08,10.975377695111751,16
2015-06-09,10.946900726078091,16
2015-06-10,11.11801398769084,16
2015-06-11,11.258968486320565,16
2015-06-12,11.344561126821334,16
2015-06-15,11.12951983816894,16
2015-06-16,10.834501404623987,16
2015-06-17,11.037144455182698,16
2015-06-18,10.789127335400757,16
2015-06-19,10.293073208590599,16
2015-06-23,10.45461740755852,16
2015-06-24,10.613417025386015,16
2015-06-25,10.309342226781682,16
2015-06-26,9.76708100915804,16
2015-06-29,9.415936653919612,16
2015-06-30,9.773447519174741,16
2015-07-01,9.525231649010216,16
2015-07-02,9.294396218194056,20
2015-07-03,9.09543384417885,20
2015-07-06,8.924806428030253,20
2015-07-07,8.474865427475288,20
2015-07-08,8.23411018485579,20
2015-07-09,8.630405895671789,20
2015-07-10,9.038451531605238,20
2015-07-13,9.454745555429112,20
2015-07-14,9.587105850703454,20
2015-07-15,9.31568472031581,20
2015-07-16,9.429457967106336,20
2015-07-17,9.743079312765175,20
2015-07-20,9.817553658552754,20
2015-07-21,9.923601846055233,20
2015-07-22,9.973072989055327,20
2015-07-23,10.216781401266719,20
2015-07-24,10.060429288186565,20
2015-07-27,9.608649759462082,20
2015-07-28,9.433580348339742,20
2015-07-29,9.725290621809133,20
2015-07-30,9.632887598680947,20
2015-07-31,9.54762450190478,20
2015-08-03,9.272185431984184,20
2015-08-04,9.617075306882105,19
2015-08-05,9.65026050257301,19
2015-08-06,9.678306733536527,19
2015-08-07,9.849569951860708,19
2015-08-10,10.097599902649309,19
2015-08-11,10.119579099738758,19
2015-08-12,10.019947385520428,19
2015-08-13,10.181473634140119,19
2015-08-14,10.210581741001972,19
2015-08-17,10.171243879174517,19
2015-08-18,9.812029004604105,19
2015-08-19,9.994619898310857,19
2015-08-20,9.774005259432208,19
2015-08-21,9.52792319575783,19
2015-08-24,9.104030181302488,19
2015-08-25,8.74564777112701,19
2015-08-26,8.615522539922896,19
2015-08-27,8.78120484413282,19
2015-08-28,9.055990866169255,19
2015-08-31,8.77244605311038,19
2015-09-01,8.448123146104303,19
2015-09-02,8.271962545237322,20
2015-09-07,8.363720609216399,20
2015-09-08,8.62780053109915,20
2015-09-09,8.801431651899167,20
2015-09-10,8.696521607986437,20
2015-09-11,8.746263198760635,20
2015-09-14,8.382455313110668,20
2015-09-15,8.165638343768963,20
2015-09-16,8.490979872234151,20
2015-09-17,8.442915423921079,20
2015-09-18,8.530880335169247,20
2015-09-21,8.710022945125667,20
2015-09-22,8.781165391740902,20
2015-09-23,8.771351598009103,20
2015-09-24,8.841863962251562,20
2015-09-25,8.628125549696325,20
2015-09-28,8.821285762917347,20
2015-09-29,8.788144344297638,20
2015-09-30,8.781214695925593,20
2015-10-08,8.986213375219263,20
2015-10-09,9.035867775970575,20
2015-10-12,9.241481157625147,20
2015-10-13,9.322935904703527,20
2015-10-14,9.276113950614832,20
2015-10-15,9.496078116867485,20
2015-10-16,9.519126135948646,20
2015-10-19,9.470731252688731,20
2015-10-20,9.617864498660017,20
2015-10-21,9.260424198197079,20
2015-10-22,9.525853327216671,20
2015-10-23,9.72026806064226,20
2015-10-26,9.824153747583912,20
2015-10-27,9.888679154666976,20
2015-10-28,9.80195483833265,20
2015-10-29,9.884939886049999,20
2015-10-30,9.953413659465511,20
2015-11-02,10.056954108581305,20
2015-11-03,10.210887746609325,20
2015-11-04,10.487095873663192,20
2015-11-05,10.430548530074143,20
2015-11-06,10.704101694305615,20
2015-11-09,10.906203789360951,20
2015-11-10,10.898739253985555,20
2015-11-11,11.21149480773209,20
2015-11-12,11.458083576575833,20
2015-11-13,11.096667748457204,20
2015-11-16,11.209123693229483,20
2015-11-17,11.078255326322497,20
2015-11-18,10.870836335158613,20
2015-11-19,11.179648951879285,20
2015-11-20,11.23375339647486,20
2015-11-23,11.193864901704925,20
2015-11-24,11.533204197667,20
2015-11-25,11.658261152151503,20
2015-11-26,11.546049489421437,20
2015-11-27,11.200804328736705,20
2015-11-30,11.508719473573924,20
2015-12-01,11.410575067456584,20
2015-12-02,11.291973889983579,20
2015-12-03,11.512336884817023,20
2015-12-04,11.481125144394138,20
2015-12-07,11.56330919638159,20
2015-12-08,11.452947463130299,20
2015-12-09,11.352236681749188,20
2015-12-10,11.274157433772736,20
2015-12-11,11.1894520466161,20
2015-12-14,11.353986800814722,20
2015-12-15,11.444400352136212,20
2015-12-16,11.479976566586096,20
2015-12-17,11.795678635291553,20
2015-12-18,11.711008286003926,20
2015-12-21,11.78692139243268,20
2015-12-22,11.887558461904046,20
2015-12-23,11.828239842522963,20
2015-12-24,11.906605208454122,20
2015-12-25,11.97479975533032,20
2015-12-28,11.754341667670902,20
2015-12-29,11.904881362003483,20
2015-12-30,12.046772106339072,20
2015-12-31,11.859304003876112,20
2016-01-04,11.07578250205952,20
2016-01-05,11.020126119931255,20
2016-01-06,11.193001435813969,20
2016-01-07,10.516450735799232,20
2016-01-08,10.626855532560926,20
2016-01-11,10.196572954592138,20
2016-01-12,10.230929746795306,20
2016-01-13,9.996966907955384,20
2016-01-14,10.297563002131671,20
2016-01-15,10.04796689128205,20
2016-01-18,10.166802430041159,20
2016-01-19,10.367279170069496,20
2016-01-20,10.31067325302552,20
2016-01-21,9.992396078088642,20
2016-01-22,10.10322650185763,20
2016-01-25,10.162961436571512,20
2016-01-26,9.67189045894487,20
2016-01-27,9.74389859484631,20
2016-01-28,9.518896972286909,20
2016-01-29,9.745007192844117,20
2016-02-01,9.711993283937893,20
2016-02-02,9.93853108034649,20
2016-02-03,9.95407885792352,20
2016-02-04,10.112276577994765,20
2016-02-05,10.038725718957926,20
2016-02-15,10.046429061671084,20
2016-02-16,10.328739146787486,20
2016-02-17,10.440865464439568,20
2016-02-18,10.508527989568488,20
2016-02-19,10.524045802883284,20
2016-02-22,10.66071751360465,20
2016-02-23,10.597389447905067,20
2016-02-24,10.517573095429658,20
2016-02-25,9.998092899729468,20
2016-02-26,9.959730167819094,20
2016-02-29,9.544659890515241,20
2016-03-01,9.724391613600593,20
2016-03-02,9.990513552994766,20
2016-03-03,9.968469072104956,20
2016-03-04,9.698582555811667,20
2016-03-07,9.84912990287214,20
2016-03-08,9.925013358525517,20
2016-03-09,9.805392589965258,20
2016-03-10,9.714563822458537,20
2016-03-11,9.781660280618125,20
2016-03-14,10.025768971768633,20
2016-03-15,9.985773015357674,20
2016-03-16,9.898113012435811,20
2016-03-17,10.161261907936797,20
2016-03-18,10.393629047730018,20
2016-03-21,10.569147924194612,20
2016-03-22,10.5546390538221,20
2016-03-23,10.651215879011271,20
2016-03-24,10.677127081498146,20
2016-03-25,10.713080003165675,20
2016-03-28,10.646091833327969,20
2016-03-29,10.462453976194906,20
2016-03-30,10.76081383348825,20
2016-03-31,10.837432342111061,20
2016-04-01,10.812764117569994,20
2016-04-05,10.992341128090565,20
2016-04-06,11.080263125833426,20
2016-04-07,10.99472734658994,20
2016-04-08,10.931084778199654,20
2016-04-11,11.203095207966884,20
2016-04-12,11.135871984115127,20
2016-04-13,11.2594498178461,20
2016-04-14,11.348667145277375,20
2016-04-15,11.334752956588593,20
2016-04-18,11.164026472568624,20
2016-04-19,11.215231831855352,20
2016-04-20,10.799024199615708,20
2016-04-21,10.678013262784111,20
2016-04-22,10.774767387650781,20
2016-04-25,10.703707348117199,20
2016-04-26,10.8249045490215,20
2016-04-27,10.796885277532974,20
2016-04-28,10.813404899175637,20
2016-04-29,10.837892834020842,20
2016-05-03,11.074349321507817,20
2016-05-04,11.074147482541376,20
2016-05-05,11.112757316942487,20
2016-05-06,10.771339385309298,20
2016-05-09,10.552933241981806,20
2016-05-10,10.561424760566602,20
2016-05-11,10.578226724767898,20
2016-05-12,10.61981960716807,20
2016-05-13,10.642032763757227,20
2016-05-16,10.787924813811312,20
2016-05-17,10.736005435109458,20
2016-05-18,10.536940709364396,20
2016-05-19,10.541363542920257,20
2016-05-20,10.631794987290242,20
2016-05-23,10.732433911762003,20
2016-05-24,10.629174820492327,20
2016-05-25,10.651369405606259,20
2016-05-26,10.630347742458467,20
2016-05-27,10.653496999961051,20
2016-05-30,10.636731699118414,20
2016-05-31,11.014520464975153,20
2016-06-01,11.041549338081719,20
2016-06-02,11.149835935348639,18
2016-06-03,11.259667257877338,18
2016-06-06,11.349813628654482,18
2016-06-07,11.427131319662674,18
2016-06-08,11.361414699048392,18
2016-06-13,10.891457806488525,18
2016-06-14,10.927626939788626,18
2016-06-15,11.318870282357336,18
2016-06-16,11.296221984960013,18
2016-06-17,11.41396863029998,18
2016-06-20,11.596787954718659,18
2016-06-21,11.46574682652271,18
2016-06-22,11.608276040134498,18
2016-06-23,11.534969475410064,18
2016-06-24,11.480755245007902,18
2016-06-27,11.728931234670338,18
2016-06-28,11.845461348308902,18
2016-06-29,11.859873210518138,18
2016-06-30,11.798040775167872,18
2016-07-01,11.772833986453813,18
2016-07-04,12.038718773808457,20
2016-07-05,12.10513141937085,20
2016-07-06,12.178751958101252,20
2016-07-07,12.190692565515096,20
2016-07-08,12.141180925699283,20
2016-07-11,12.0320413877451,20
2016-07-12,12.18894503787069,20
2016-07-13,12.235896019953858,20
2016-07-14,12.244263429231015,20
2016-07-15,12.183343438546778,20
2016-07-18,12.097842608415911,20
2016-07-19,12.164543507031722,20
2016-07-20,12.189745257120194,20
2016-07-21,12.106326217712366,20
2016-07-22,11.939757731336549,20
2016-07-25,11.92809675161134,20
2016-07-26,12.08540818752157,20
2016-07-27,11.550157197346858,20
2016-07-28,11.57258284519883,20
2016-07-29,11.62610801177979,20
2016-08-01,11.486417361913679,20
2016-08-02,11.580493644758338,20
2016-08-03,11.632121292380155,20
2016-08-04,11.731477303944066,20
2016-08-05,11.600946935177648,20
2016-08-08,11.71692225042604,20
2016-08-09,11.78235262712843,20
2016-08-10,11.76834547563449,20
2016-08-11,11.548164884028822,20
2016-08-12,11.622455880388673,20
2016-08-15,11.945087060763411,20
2016-08-16,12.008354400556533,20
2016-08-17,12.04066748935293,20
2016-08-18,11.99200997723907,20
2016-08-19,11.994190665507562,20
2016-08-22,11.816931218435656,20
2016-08-23,11.863265270645686,20
2016-08-24,11.890248901892923,20
2016-08-25,11.807257600677122,20
2016-08-26,11.82772788792685,20
2016-08-29,11.879953984620503,20
2016-08-30,11.917877176590448,20
2016-08-31,11.884237405159173,20
2016-09-01,11.815907325041321,20
2016-09-02,11.84609715787335,20
2016-09-05,11.874107652572981,20
2016-09-06,12.13579926924703,20
2016-09-07,12.10483934436455,20
2016-09-08,12.212624217218483,20
2016-09-09,12.086155160776592,20
2016-09-12,11.729507734288973,20
2016-09-13,11.80564628080388,20
2016-09-14,11.733627314292486,20
2016-09-19,11.90152274250706,20
2016-09-20,11.873444100876537,20
2016-09-21,11.902375711272853,20
2016-09-22,11.959712683712665,20
2016-09-23,11.915786773429275,20
2016-09-26,11.609000066451701,20
2016-09-27,11.755247919672877,20
2016-09-28,11.824653799823244,20
2016-09-29,11.896200379175298,20
2016-09-30,11.908580516244097,20
2016-10-10,12.162971361296082,20
2016-10-11,12.172379787958658,19
2016-10-12,12.266243130935417,19
2016-10-13,12.247705874328807,19
2016-10-14,12.25992934136284,19
2016-10-17,12.150908159704963,19
2016-10-18,12.451006317894622,19
2016-10-19,12.40359106178119,19
2016-10-20,12.48248120691434,19
2016-10-21,12.341365700841612,19
2016-10-24,12.428149879169615,19
2016-10-25,12.433714986155817,19
2016-10-26,12.332794763777681,19
2016-10-27,12.407363523441083,19
2016-10-28,12.29515022845511,19
2016-10-31,12.364065071926623,19
2016-11-01,12.574710998388063,19
2016-11-02,12.632068234527297,20
2016-11-03,12.678242834537352,20
2016-11-04,12.718581618139009,20
2016-11-07,12.657335952313447,20
2016-11-08,12.715995872358485,20
2016-11-09,12.582407940536461,20
2016-11-10,12.921109798641119,20
2016-11-11,13.008893383275456,20
2016-11-14,13.026842202651219,20
2016-11-15,13.07091611963572,20
2016-11-16,13.058494391962245,20
2016-11-17,12.930053791752234,20
2016-11-18,12.946801286496486,20
2016-11-21,13.0919577977674,20
2016-11-22,13.248882811978355,20
2016-11-23,13.049513377278465,20
2016-11-24,12.875569287944337,20
2016-11-25,12.829109113111073,20
2016-11-28,12.733887263766151,20
2016-11-29,12.63806495582181,20
2016-11-30,12.685312546863763,20
2016-12-01,12.745774020795324,20
2016-12-02,12.49480575217007,20
2016-12-05,12.545186093868118,20
2016-12-06,12.57288291399339,20
2016-12-07,12.719654938125132,20
2016-12-08,12.72224258097978,20
2016-12-09,12.609020726205433,20
2016-12-12,11.845163224959471,20
2016-12-13,11.869101719637298,20
2016-12-14,11.780802056451959,20
2016-12-15,11.902742209306645,20
2016-12-16,12.057053211082362,20
2016-12-19,12.098795782483043,20
2016-12-20,12.060382637797963,20
2016-12-21,12.144213803960124,20
2016-12-22,12.106871018974163,20
2016-12-23,11.93284646790393,20
2016-12-26,12.017640276100629,20
2016-12-27,12.008570903514526,20
2016-12-28,11.999104784431179,20
2016-12-29,11.925686361871508,20
2016-12-30,11.98192516149697,20
2017-01-03,12.032975327805504,20
2017-01-04,12.236866398531042,20
2017-01-05,12.157687672915936,20
2017-01-06,12.101368192939516,20
2017-01-09,12.150584614212383,20
2017-01-10,12.11896337097271,20
2017-01-11,11.968518783587578,20
2017-01-12,11.866704913344778,20
2017-01-13,11.653112853528881,20
2017-01-16,11.197767426533993,20
2017-01-17,11.348410372747308,20
2017-01-18,11.278597788872567,20
2017-01-19,11.251053904888154,20
2017-01-20,11.419210680093755,20
2017-01-23,11.537329611324953,20
2017-01-24,11.470095259815029,20
2017-01-25,11.512998242929378,20
2017-01-26,11.584283694958586,20
2017-02-03,11.534490171926905,20
2017-02-06,11.666878642914536,20
2017-02-07,11.67035104684386,20
2017-02-08,11.751580267916896,20
2017-02-09,11.937814978078785,20
2017-02-10,11.86394891008875,20
2017-02-13,11.956974327151316,20
2017-02-14,11.939801869138634,20
2017-02-15,11.856229983928323,20
2017-02-16,11.880413306330718,20
2017-02-17,11.762175355181153,20
2017-02-20,11.88839875147961,20
2017-02-21,12.024355048107314,20
2017-02-22,12.050682867817986,20
2017-02-23,12.094900569184754,20
2017-02-24,12.11482432201153,20
2017-02-27,12.032469212985294,20
2017-02-28,12.073496228155749,20
2017-03-01,12.144126868044559,20
2017-03-02,12.126544271431406,20
2017-03-03,12.29907787830195,20
2017-03-06,12.460857162251234,20
2017-03-07,12.501655314218812,20
2017-03-08,12.42365906653301,20
2017-03-09,12.396898210619762,20
2017-03-10,12.545893834290938,20
2017-03-13,12.62380335879596,20
2017-03-14,12.568872845008052,20
2017-03-15,12.551122820341174,20
2017-03-16,12.708497779397845,20
2017-03-17,12.562997290175618,20
2017-03-20,12.644265458335136,20
2017-03-21,12.673940555632598,20
2017-03-22,12.616295232089819,20
2017-03-23,12.61004895670501,20
2017-03-24,12.60319398442499,20
2017-03-27,12.619889951077065,20
2017-03-28,12.564301122384656,20
2017-03-29,12.353937346466978,20
2017-03-30,12.068635020606537,20
2017-03-31,12.187371539258613,20
2017-04-05,12.451834634678281,20
2017-04-06,12.536576056489864,20
2017-04-07,12.498563850535838,20
2017-04-10,12.136453936158047,20
2017-04-11,12.173916794680565,20
2017-04-12,12.122586069321796,20
2017-04-13,12.231450970513132,20
2017-04-14,12.047375745186095,20
2017-04-17,11.883431906266585,20
2017-04-18,11.834925345942876,20
2017-04-19,11.784402480154895,20
2017-04-20,11.786153208537188,20
2017-04-21,11.664337535995982,20
2017-04-24,11.342387182237971,20
2017-04-25,11.322183566467771,20
2017-04-26,11.279386467414662,20
2017-04-27,11.316485392655315,20
2017-04-28,11.384246370084792,20
2017-05-02,11.324933541068486,20
2017-05-03,11.32216008501446,20
2017-05-04,11.328528920656202,20
2017-05-05,11.18661889866311,20
2017-05-08,10.942636317571711,20
2017-05-09,10.997076682120994,20
2017-05-10,10.754539110170542,20
2017-05-11,10.737652524327329,20
2017-05-12,10.717895031229594,20
2017-05-15,10.71289444823291,20
2017-05-16,11.006258702588958,20
2017-05-17,11.03138660688358,20
2017-05-18,10.9715575607149,20
2017-05-19,10.919003790729823,20
2017-05-22,10.682328809682513,20
2017-05-23,10.40279356459061,20
2017-05-24,10.449026377029236,20
2017-05-25,10.525071610179152,20
2017-05-26,10.59376114014959,20
2017-05-31,10.602091439299796,20
2017-06-01,10.331339187737587,20
2017-06-02,10.50786894675947,20
2017-06-05,10.664177904488893,20
2017-06-06,10.783137759382544,20
2017-06-07,11.110072548898547,20
2017-06-08,11.067361659375395,20
2017-06-09,11.05358832981507,20
2017-06-12,10.823466782637935,20
2017-06-13,11.059775155934728,20
2017-06-14,11.130192890740545,20
2017-06-15,11.286834636825223,20
2017-06-16,11.211329068482584,20
2017-06-19,11.27623551055636,20
2017-06-20,11.260566776532514,20
2017-06-21,11.248898048332327,20
2017-06-22,11.096655282560162,20
2017-06-23,11.106006626913226,20
2017-06-26,11.214098553151619,20
2017-06-27,11.21170890790363,20
2017-06-28,11.097094091771147,20
2017-06-29,11.184259368651267,20
2017-06-30,11.335865702381307,20
2017-07-03,11.410168351489085,20
2017-07-04,11.352677798607402,20
2017-07-05,11.511000648001335,20
2017-07-06,11.479362423810768,20
2017-07-07,11.741796523245936,20
2017-07-10,11.486669418652777,20
2017-07-11,11.163368754475398,20
2017-07-12,11.300061151165233,20
2017-07-13,11.15858203800507,20
2017-07-14,11.004088713430166,20
2017-07-17,10.334361494460849,20
2017-07-18,10.409403883099216,20
2017-07-19,10.461107608262983,20
2017-07-20,10.404202921403945,20
2017-07-21,10.377135961682608,20
2017-07-24,10.451216978945798,20
2017-07-25,10.43171867429378,20
2017-07-26,10.426957649103313,20
2017-07-27,10.643827102561142,20
2017-07-28,10.572921681085772,20
2017-07-31,10.591349777535864,20
2017-08-01,10.591171297881441,20
2017-08-02,10.422400406381342,20
2017-08-03,10.483085851007848,20
2017-08-04,10.407394912439159,20
2017-08-07,10.484346398462385,20
2017-08-08,10.496644843462112,20
2017-08-09,10.503280637845922,20
2017-08-10,10.435352009108101,20
2017-08-11,10.355769443664865,20
2017-08-14,10.525039957513226,20
2017-08-15,10.631065449103938,20
2017-08-16,10.796956775792207,20
2017-08-17,10.83231759436425,20
2017-08-18,10.710372440737904,20
2017-08-21,10.805802338698303,20
2017-08-22,10.791319100421408,20
2017-08-23,10.776532352653078,20
2017-08-24,10.721848532698504,20
2017-08-25,10.873126234575203,20
2017-08-28,11.11565913521341,20
2017-08-29,11.149151120412423,20
2017-08-30,11.073911122271157,20
2017-08-31,11.280805894433437,20
2017-09-01,11.279704511244752,20
2017-09-04,11.287820235777854,20
2017-09-05,11.253187099669356,20
2017-09-06,11.36027034844827,20
2017-09-07,11.374715932922822,20
2017-09-08,11.376618199512077,20
2017-09-11,11.519375460889124,20
2017-09-12,11.342686615536287,20
2017-09-13,11.40574025537292,20
2017-09-14,11.386209439172083,20
2017-09-15,11.311164511468624,20
2017-09-18,11.349773809152376,20
2017-09-19,11.465388163213182,20
2017-09-20,11.56165401952825,20
2017-09-21,11.48725494953272,20
2017-09-22,11.551273274721222,20
2017-09-25,11.474249559306754,20
2017-09-26,11.374097652631292,20
2017-09-27,11.502640005473966,20
2017-09-28,11.437768126686576,20
2017-09-29,11.530057003278706,20
2017-10-09,11.610933353293737,20
2017-10-10,11.79083325535921,20
2017-10-11,11.724870367952136,20
2017-10-12,11.69902337228725,20
2017-10-13,11.896607686427986,20
2017-10-16,11.509200048467495,20
2017-10-17,11.614861841411594,20
2017-10-18,11.44227648959056,20
2017-10-19,11.346053939416342,20
2017-10-20,11.457771385223593,20
2017-10-23,11.545679529997853,20
2017-10-24,11.425277555953432,20
2017-10-25,11.660143909385441,20
2017-10-26,11.686318129792479,20
2017-10-27,11.731546395026092,20
2017-10-30,11.396114863715766,20
2017-10-31,11.569455424853798,20
2017-11-01,11.648994494305121,20
2017-11-02,11.52038782059545,20
2017-11-03,11.376379930980326,20
2017-11-06,11.51538902085028,20
2017-11-07,11.485527646325538,20
2017-11-08,11.493389458408236,20
2017-11-09,11.520614594788093,20
2017-11-10,11.612657320356142,20
2017-11-13,11.76777986608465,20
2017-11-14,11.59991037058248,20
2017-11-15,11.44989023217552,20
2017-11-16,11.2103065623629,20
2017-11-17,10.484191247227844,20
2017-11-20,10.591232354045488,20
2017-11-21,10.530975537713026,20
2017-11-22,10.531702623018266,20
2017-11-23,10.279461088432646,20
2017-11-24,10.389287519156333,20
2017-11-27,10.26027301463659,20
2017-11-28,10.442447382403966,20
2017-11-29,10.37565647707216,20
2017-11-30,10.324963504926435,20
2017-12-01,10.422146632407062,20
2017-12-04,10.034139083876552,20
2017-12-05,9.718908810165951,20
2017-12-06,9.857791912602396,20
2017-12-07,9.868886178578174,20
2017-12-08,9.952389720857246,20
2017-12-11,10.006135092654322,20
2017-12-12,9.857164057895993,20
2017-12-13,9.957081691088513,20
2017-12-14,9.93303584666355,20
2017-12-15,9.900918346077626,20
2017-12-18,9.79340384595418,20
2017-12-19,9.87818887167331,20
2017-12-20,9.782893624767537,20
2017-12-21,9.740544312084824,20
2017-12-22,9.70626917290685,20
2017-12-25,9.586241630967912,20
2017-12-26,9.733271916686917,20
2017-12-27,9.71614966618197,20
2017-12-28,9.78702086257121,20
2017-12-29,9.846250693944027,20
2018-01-02,9.906111960395561,20
2018-01-03,9.907904764980554,20
2018-01-04,9.859171442468003,20
2018-01-05,9.840739491425309,20
2018-01-08,9.812197410763904,20
2018-01-09,9.80725401599643,20
2018-01-10,9.708965318201546,20
2018-01-11,9.827268437480932,20
2018-01-12,9.825435366839944,20
2018-01-15,9.631872272291716,20
2018-01-16,9.760275583799848,20
2018-01-17,9.811841030975227,20
2018-01-18,9.892603563443426,20
2018-01-19,9.833369987404273,20
2018-01-22,9.931170030800763,20
2018-01-23,9.941010672040974,20
2018-01-24,10.064746069360202,20
2018-01-25,10.072545037456086,20
2018-01-26,9.957301999578336,20
2018-01-29,9.810748053307085,20
2018-01-30,9.803357384391123,20
2018-01-31,9.555880559126031,20
2018-02-01,9.272986958323981,20
2018-02-02,9.137647408279944,20
2018-02-05,9.013435118661754,20
2018-02-06,8.612439695306993,20
2018-02-07,8.694808545828165,20
2018-02-08,8.808421747047998,20
2018-02-09,8.61131874735955,20
2018-02-12,8.871267928132184,20
2018-02-13,8.824343149746218,20
2018-02-14,8.80648633941678,20
2018-02-22,8.948887308476193,20
2018-02-23,9.009561384106366,20
2018-02-26,9.328116459325782,20
2018-02-27,9.43725307403204,20
2018-02-28,9.406274926744592,20
2018-03-01,9.523776531967584,20
2018-03-02,9.469013128179933,20
2018-03-05,9.566686578478315,20
2018-03-06,9.675255164034173,20
2018-03-07,9.597250214218336,20
2018-03-08,9.768963115084835,20
2018-03-09,10.015044787895457,20
2018-03-12,10.16239650931594,20
2018-03-13,10.141545364685921,20
2018-03-14,10.186092342334197,20
2018-03-15,9.942903673326294,20
2018-03-16,9.98634837766847,20
2018-03-19,10.090196541942543,20
2018-03-20,10.154275005332883,20
2018-03-21,10.172124708856986,20
2018-03-22,10.248234694206317,20
2018-03-23,9.749340172124647,20
2018-03-26,9.968024900441117,20
2018-03-27,10.263292465289714,20
2018-03-28,10.257979393197889,20
2018-03-29,10.286019678891718,20
2018-03-30,10.474260388548489,20
2018-04-02,10.521966428243502,20
2018-04-03,10.449143923884083,20
2018-04-04,10.42402373615744,20
2018-04-09,10.4854886305462,20
2018-04-10,10.511798869440339,20
2018-04-11,10.639998657641074,20
2018-04-12,10.689895964702849,20
2018-04-13,10.679649266226626,20
2018-04-16,10.559201393371609,20
2018-04-17,10.295089617008545,20
2018-04-18,10.389201767555392,20
2018-04-19,10.396497968180377,20
2018-04-20,10.162633324245968,20
2018-04-23,10.152157026874697,20
2018-04-24,10.408463138817401,20
2018-04-25,10.496259112618489,20
2018-04-26,10.394200519611406,20
2018-04-27,10.352680841969404,20
2018-05-02,10.249947634493209,20
2018-05-03,10.332249271951701,20
2018-05-04,10.336222092820456,20
2018-05-07,10.504861090474256,20
2018-05-08,10.545047848572604,20
2018-05-09,10.663157111226754,20
2018-05-10,10.771137604126068,20
2018-05-11,10.64500146557199,20
2018-05-14,10.525313192749701,20
2018-05-15,10.677114113398936,20
2018-05-16,10.6492910433388,20
2018-05-17,10.650021810321551,20
2018-05-18,10.710458730518466,20
2018-05-21,10.823602029629098,20
2018-05-22,10.909987257699825,20
2018-05-23,10.887480651204891,20
2018-05-24,10.888437625108777,20
2018-05-25,10.865388369379527,20
2018-05-28,10.891918153369879,20
2018-05-29,10.815517895479827,20
2018-05-30,10.390267221350301,20
2018-05-31,10.656749997796167,20
2018-06-01,10.703386589207689,20
2018-06-04,10.713001693772569,20
2018-06-05,10.880518046636846,20
2018-06-06,10.9575807319253,20
2018-06-07,10.785390543375872,20
2018-06-08,10.801241826362201,20
2018-06-11,10.70424116820459,20
2018-06-12,10.78481184856754,20
2018-06-13,10.594413047774154,20
2018-06-14,10.54937699182954,20
2018-06-15,10.250780194180091,20
2018-06-19,9.58990054895312,20
2018-06-20,9.764668054977445,20
2018-06-21,9.557385402482236,20
2018-06-22,9.678986169463393,20
2018-06-25,9.723903103783773,20
2018-06-26,9.838958115807134,20
2018-06-27,9.765508392315521,20
2018-06-28,9.709147515363203,20
2018-06-29,9.961388736803633,20
2018-07-02,9.859288779602284,20
2018-07-03,10.112578927702637,20
2018-07-04,9.862511831448751,20
2018-07-05,9.620152949373303,20
2018-07-06,9.687057270223024,20
2018-07-09,9.941237458530777,20
2018-07-10,10.061431145135588,20
2018-07-11,9.847862645156601,20
2018-07-12,10.103111517062182,20
2018-07-13,10.121031090991755,20
2018-07-16,10.143853792830596,20
2018-07-17,10.151528798362774,20
2018-07-18,10.114284587405292,20
2018-07-19,10.085372536642527,20
2018-07-20,10.150304447163697,20
2018-07-23,10.167273016405021,20
2018-07-24,10.305283722725067,20
2018-07-25,10.263484520966884,20
2018-07-26,10.159083347726094,20
2018-07-27,10.124480618771587,20
2018-07-30,10.000127687216503,20
2018-07-31,9.99537147041813,20
2018-08-01,9.844816731810223,20
2018-08-02,9.586079905382151,20
2018-08-03,9.43896424264294,20
2018-08-06,9.214190735932402,20
2018-08-07,9.417394435576728,20
2018-08-08,9.266099008212231,20
2018-08-09,9.449747865356251,20
2018-08-10,9.516900630482416,20
2018-08-13,9.552937048582958,20
2018-08-14,9.537103130276588,20
2018-08-15,9.375122434680522,20
2018-08-16,9.345820995521358,20
2018-08-17,9.186728667649657,20
2018-08-20,9.249512870241961,20
2018-08-21,9.336594158843491,20
2018-08-22,9.200849150396792,20
2018-08-23,9.29288114972473,20
2018-08-24,9.336624352965428,20
2018-08-27,9.481215413459896,20
2018-08-28,9.46003019608504,20
2018-08-29,9.397168857270696,20
2018-08-30,9.277226589719506,20
2018-08-31,9.176269281589999,20
2018-09-03,9.150407066497015,20
2018-09-04,9.243212937230242,20
2018-09-05,9.077824164086408,20
2018-09-06,9.054792176705831,20
2018-09-07,9.056525489748863,20
2018-09-10,8.924231663218343,20
2018-09-11,8.950011788298923,20
2018-09-12,8.979411215834864,20
2018-09-13,9.02660828329592,20
2018-09-14,8.821272398510729,20
2018-09-17,8.620902619945841,20
2018-09-18,8.739211528893394,20
2018-09-19,8.791213046313276,20
2018-09-20,8.69049754395086,20
2018-09-21,8.796861028558247,20
2018-09-25,8.811408812309374,20
2018-09-26,8.920301106029564,20
2018-09-27,8.779905121176398,20
2018-09-28,8.94522607787402,20
2018-10-08,8.747200193518768,20
2018-10-09,8.828106637688219,20
2018-10-10,8.911506214259958,20
2018-10-11,8.27905285506046,20
2018-10-12,8.291693929669025,20
2018-10-15,8.258926494703118,20
2018-10-16,8.091635322034655,20
2018-10-17,8.154395348330006,20
2018-10-18,8.123904984698735,20
2018-10-19,8.297286217613163,20
2018-10-22,8.640181264888614,20
2018-10-23,8.525747982507003,20
2018-10-24,8.517485182867748,20
2018-10-25,8.424033705532276,20
2018-10-26,8.449407534453186,20
2018-10-29,8.42598405644676,20
2018-10-30,8.52045426913471,20
2018-10-31,8.6035190641578,20
2018-11-01,8.605598172480503,20
2018-11-02,8.7615774893813,20
2018-11-05,8.734440154718675,20
2018-11-06,8.676341503838188,20
2018-11-07,8.659402914122168,20
2018-11-08,8.66964963375634,20
2018-11-09,8.760025214833291,20
2018-11-12,8.98087804269523,20
2018-11-13,9.084777531351987,20
2018-11-14,9.127860770510898,20
2018-11-15,9.376310696570075,20
2018-11-16,9.378534987904173,20
2018-11-19,9.36535322460688,20
2018-11-20,9.20804624269368,20
2018-11-21,9.325137095441738,20
2018-11-22,9.314657727886196,20
2018-11-23,9.01075622443617,20
2018-11-26,8.911946440828185,20
2018-11-27,8.977844270045011,20
2018-11-28,9.072946843033233,20
2018-11-29,8.885709230941366,20
2018-11-30,8.988480486808514,20
2018-12-03,9.168561287195567,20
2018-12-04,9.164157994747361,20
2018-12-05,9.074329297630415,20
2018-12-06,8.935913600439207,20
2018-12-07,8.966575407356881,20
2018-12-10,8.898405976948336,20
2018-12-11,8.938598328401973,20
2018-12-12,8.990666953628866,20
2018-12-13,9.057345744973649,20
2018-12-14,8.852212789621095,20
2018-12-17,8.895663299877947,20
2018-12-18,8.864588636820836,20
2018-12-19,8.808039517097832,20
2018-12-20,8.885383418584087,20
2018-12-21,8.938926022591954,20
2018-12-24,9.100726708534735,20
2018-12-25,9.06730576807258,20
2018-12-26,9.028202378593148,20
2018-12-27,8.945755381858369,20
2018-12-28,8.823777405731796,20
2019-01-02,8.82400000998489,20
2019-01-03,8.708132641976443,20
2019-01-04,8.850370046599839,20
2019-01-07,8.995304745027411,20
2019-01-08,8.93248342133084,20
2019-01-09,8.932059046806454,20
2019-01-10,8.933164597014393,20
2019-01-11,9.081002868114485,20
2019-01-14,9.056643454457904,20
2019-01-15,9.134543908495814,20
2019-01-16,9.110279196283143,20
2019-01-17,8.992067651596647,20
2019-01-18,9.058915564378385,20
2019-01-21,9.158862711335047,20
2019-01-22,9.16057464611696,20
2019-01-23,9.19559878653142,20
2019-01-24,9.217178846404266,20
2019-01-25,9.077902932201495,20
2019-01-28,9.032512186387972,20
2019-01-29,8.865400920182028,20
2019-01-30,8.730275990357349,20
2019-01-31,8.442728550745015,20
2019-02-01,8.661809846210767,20
2019-02-11,8.859045182267426,20
2019-02-12,8.938602616633979,20
2019-02-13,9.075229246812539,20
2019-02-14,9.068084115774726,20
2019-02-15,9.083594151072479,20
2019-02-18,9.314848965050102,20
2019-02-19,9.281845290052047,20
2019-02-20,9.310606219783423,20
2019-02-21,9.295364363912583,20
2019-02-22,9.485373376154627,20
2019-02-25,9.857756073868952,20
2019-02-26,9.951686436214386,20
2019-02-27,10.022850210342348,20
2019-02-28,10.197697515346174,20
2019-03-01,10.18848774075543,20
2019-03-04,10.330915100656444,20
2019-03-05,10.42229887666089,20
2019-03-06,10.654179312397313,20
2019-03-07,10.832485927162839,20
2019-03-08,10.460168148254592,20
2019-03-11,10.790320876185673,20
2019-03-12,10.973475891517122,20
2019-03-13,10.842085788018613,20
2019-03-14,10.658241502967968,20
2019-03-15,10.780248542265134,20
2019-03-18,10.944022510841588,20
2019-03-19,11.036601816379685,20
2019-03-20,10.9949703203597,20
2019-03-21,11.092154715664444,20
2019-03-22,11.140025315072593,20
2019-03-25,11.18198337620736,20
2019-03-26,11.024069430472382,20
2019-03-27,11.145334369806442,20
2019-03-28,11.09923874897544,20
2019-03-29,11.266428370858732,20
2019-04-01,11.492663923139181,20
2019-04-02,11.562178208878176,20
2019-04-03,11.72761060104145,20
2019-04-04,11.752104208487209,20
2019-04-08,11.64451955328797,20
2019-04-09,11.629150708820863,20
2019-04-10,11.726503166418011,20
2019-04-11,11.54762289142459,20
2019-04-12,11.51128783798194,20
2019-04-15,11.440840574907348,20
2019-04-16,11.579721468591952,20
2019-04-17,11.65910077346072,20
2019-04-18,11.593718534344154,20
2019-04-19,11.711912840280947,20
2019-04-22,11.64368870099911,20
2019-04-23,11.556955060339398,20
2019-04-24,11.675128165342226,20
2019-04-25,11.428478918382808,20
2019-04-26,11.367788901588924,20
2019-04-29,11.243750742719685,20
2019-04-30,11.327281560127329,20
2019-05-06,10.69957732302578,20
2019-05-07,10.842397571912176,20
2019-05-08,10.927424443112256,20
2019-05-09,10.85610103877496,20
2019-05-10,11.140878624660916,20
2019-05-13,11.098057548712495,20
2019-05-14,11.033196828404066,20
2019-05-15,11.160410851926187,20
2019-05-16,11.14478042320076,20
2019-05-17,10.867528381256111,20
2019-05-20,10.811680235736851,20
2019-05-21,10.930882887589345,20
2019-05-22,10.915557245522853,20
2019-05-23,10.665768357326606,20
2019-05-24,10.593261577343908,20
2019-05-27,10.845806308070097,20
2019-05-28,10.789722502870694,20
2019-05-29,10.830296208255307,20
2019-05-30,10.808093701043797,20
2019-05-31,10.848399818846904,20
2019-06-03,10.864000934937737,20
2019-06-04,10.7884386175569,20
2019-06-05,10.825191758360747,20
2019-06-06,10.544905156283225,20
2019-06-10,10.65964331491782,20
2019-06-11,10.925536654798975,20
2019-06-12,10.895810990991588,20
2019-06-13,10.998943586125781,20
2019-06-14,10.806112277727456,20
2019-06-17,10.80640507941905,20
2019-06-18,10.827559229323324,20
2019-06-19,10.956968093410165,20
2019-06-20,11.125981263026476,20
2019-06-21,11.341726982683065,20
2019-06-24,11.32992545990877,20
2019-06-25,11.191543334698574,20
2019-06-26,11.292618560652368,20
2019-06-27,11.424262897457986,20
2019-06-28,11.377644587115977,20
2019-07-01,11.685476093911328,20
2019-07-02,11.770407964731143,20
2019-07-03,11.718898526573103,20
2019-07-04,11.758150429962896,20
2019-07-05,11.775902937358712,20
2019-07-08,11.46389832783535,20
2019-07-09,11.511554609674434,20
2019-07-10,11.478246890174786,20
2019-07-11,11.465073585323386,20
2019-07-12,11.433335544996382,20
2019-07-15,11.589370880615393,20
2019-07-16,11.564397404949728,20
2019-07-17,11.561376623073292,20
2019-07-18,11.338193794945939,20
2019-07-19,11.389269397509027,20
2019-07-22,11.207080516227604,20
2019-07-23,11.287475114585241,20
2019-07-24,11.429514917288447,20
2019-07-25,11.470706110945073,20
2019-07-26,11.466920769042881,20
2019-07-29,11.519656276681248,20
2019-07-30,11.569196411761666,20
2019-07-31,11.547317503080608,20
2019-08-01,11.55859120304346,20
2019-08-02,11.380756574583753,20
2019-08-05,11.276854934125836,20
2019-08-06,10.974367324750883,20
2019-08-07,10.880401591449978,20
2019-08-08,10.94851907769668,20
2019-08-09,10.800094528552664,20
2019-08-12,10.975959856246286,20
2019-08-13,10.953697052394688,20
2019-08-14,11.080427402148402,20
2019-08-15,11.074352417778718,20
2019-08-16,11.218901888125984,20
2019-08-19,11.52266074395694,20
2019-08-20,11.479631391389516,20
2019-08-21,11.483954916029703,20
2019-08-22,11.545275799252906,20
2019-08-23,11.504873938245597,20
2019-08-26,11.464570845380365,20
2019-08-27,11.660225373020946,20
2019-08-28,11.639079432760315,20
2019-08-29,11.600668557151538,20
2019-08-30,11.452060873402608,20
2019-09-02,11.66726259077195,20
2019-09-03,11.661615561837923,20
2019-09-04,11.771683571519812,20
2019-09-05,11.859768386842804,20
2019-09-06,12.013670302307084,20
2019-09-09,12.25632996812308,20
2019-09-10,12.288780968751087,20
2019-09-11,12.250880846609922,20
2019-09-12,12.311300594290858,20
2019-09-16,12.382206191049027,20
2019-09-17,12.178247655859174,20
2019-09-18,12.190836225268638,20
2019-09-19,12.463115144232432,20
2019-09-20,12.461294190672334,20
2019-09-23,12.387252459866016,20
2019-09-24,12.417092579860736,20
2019-09-25,12.26096310226464,20
2019-09-26,11.967353313856002,20
2019-09-27,12.07222083370779,20
2019-09-30,11.974973285734476,20
2019-10-08,12.07120320291546,20
2019-10-09,12.252925886280776,20
2019-10-10,12.452511113170727,20
2019-10-11,12.481839632382163,20
2019-10-14,12.64460318256359,20
2019-10-15,12.581240782699844,20
2019-10-16,12.621586271470234,20
2019-10-17,12.563036019205164,20
2019-10-18,12.551497472957818,20
2019-10-21,12.327300896514071,20
2019-10-22,12.41028678009831,20
2019-10-23,12.396344779068894,20
2019-10-24,12.325536698216073,20
2019-10-25,12.38819763127767,20
2019-10-28,12.503655387253408,20
2019-10-29,12.272082499086887,20
2019-10-30,12.015744540084613,20
2019-10-31,11.975329009226165,20
2019-11-01,12.044924342212118,20
2019-11-04,12.107839228076305,20
2019-11-05,12.129388197099852,20
2019-11-06,12.072002131247277,20
2019-11-07,12.116767474672717,20
2019-11-08,12.13436828936384,20
2019-11-11,11.756017690403684,20
2019-11-12,11.791433174921812,20
2019-11-13,11.755396382881171,20
2019-11-14,11.942109656269153,20
2019-11-15,11.765112565676276,20
2019-11-18,11.900719397576793,20
2019-11-19,12.07948361386432,20
2019-11-20,11.952188338422687,20
2019-11-21,11.82126252249291,20
2019-11-22,11.719440919811786,20
2019-11-25,11.58141093323315,20
2019-11-26,11.628601040899927,20
2019-11-27,11.60138351822047,20
2019-11-28,11.52019067024715,20
2019-11-29,11.511120967245462,20
2019-12-02,11.518429463987722,20
2019-12-03,11.601338372753471,20
2019-12-04,11.565782261108636,20
2019-12-05,11.652315847864056,20
2019-12-06,11.680825107808479,20
2019-12-09,11.668611681069603,20
2019-12-10,11.685158312903777,20
2019-12-11,11.647855143377447,20
2019-12-12,11.578077419884199,20
2019-12-13,11.733170515862456,20
2019-12-16,11.98308625633804,20
2019-12-17,12.134219054894999,20
2019-12-18,12.173903409822406,20
2019-12-19,12.248110250423228,20
2019-12-20,12.26871112545521,20
2019-12-23,12.115137435302497,20
2019-12-24,12.340142172762153,20
2019-12-25,12.3175653327431,20
2019-12-26,12.468020030343373,20
2019-12-27,12.405818036162337,20
2019-12-30,12.64902849983701,20
2019-12-31,12.704100765628397,20
2020-01-02,12.910263950365847,20
2020-01-03,12.91566520905686,20
2020-01-06,12.928755826798335,20
2020-01-07,13.071506418858435,20
2020-01-08,12.931252757665176,20
2020-01-09,13.204090631790363,20
2020-01-10,13.343244785458877,20
2020-01-13,13.41325173097782,20
2020-01-14,13.369019670111213,20
2020-01-15,13.3319582611766,20
2020-01-16,13.292200711219099,20
2020-01-17,13.268532556867438,20
2020-01-20,13.379697101496742,20
2020-01-21,13.26168441663535,20
2020-01-22,13.194724556909119,20
2020-01-23,12.721299943566663,20
2020-02-03,11.503209003280109,20
2020-02-04,11.56607917631468,20
2020-02-05,11.896110445905824,20
2020-02-06,12.131105138069563,20
2020-02-07,12.165399862762666,20
2020-02-10,12.282700495252133,20
2020-02-11,12.178416117663652,20
2020-02-12,12.284659126109407,20
2020-02-13,12.207615174197091,20
2020-02-14,12.13087053292081,20
2020-02-17,12.399746014132564,20
2020-02-18,12.497559833462546,20
2020-02-19,12.490203010609914,20
2020-02-20,12.593815829132478,20
2020-02-21,12.618060752368441,20
2020-02-24,12.661669834978488,20
2020-02-25,12.592329194551365,20
2020-02-26,12.493094002966773,20
2020-02-27,12.538547010692735,20
2020-02-28,11.992251773045561,20
2020-03-02,12.312097619802472,20
2020-03-03,12.434187014259013,20
2020-03-04,12.55693381669538,20
2020-03-05,12.709729725360788,20
2020-03-06,12.671126747248456,20
2020-03-09,12.4433642091686,20
2020-03-10,12.555969368029682,20
2020-03-11,12.582320155963906,20
2020-03-12,12.327173114023365,20
2020-03-13,12.206532169935253,20
2020-03-16,11.93776004635859,20
2020-03-17,11.841874266684929,20
2020-03-18,11.754136537354848,20
2020-03-19,11.8265107766871,20
2020-03-20,11.949205896142026,20
2020-03-23,11.75475352957037,20
2020-03-24,11.910821351712363,20
2020-03-25,12.080635055817348,20
2020-03-26,12.04525561821923,20
2020-03-27,12.059504431033812,20
2020-03-30,11.86623194516982,20
2020-03-31,11.91945542573017,20
2020-04-01,11.854795031316515,20
2020-04-02,11.968895982893823,20
2020-04-03,11.942854725701373,20
2020-04-07,12.138793114335167,20
2020-04-08,12.183681198795679,20
2020-04-09,12.273683045785889,20
2020-04-10,12.153529493522075,20
2020-04-13,12.15350895566958,20
2020-04-14,12.266014940920046,20
2020-04-15,12.219177118915784,20
2020-04-16,12.228626930397585,20
2020-04-17,12.276712127288183,20
2020-04-20,12.408767449348698,20
2020-04-21,12.423320190497332,20
2020-04-22,12.544038347326746,20
2020-04-23,12.589287773627486,20
2020-04-24,12.511797939999292,20
2020-04-27,12.526978149038788,20
2020-04-28,12.38892659503363,20
2020-04-29,12.481816239623685,20
2020-04-30,12.611019475870224,20
2020-05-06,12.755090046444774,20
2020-05-07,12.713840986430236,19
2020-05-08,12.864840360119032,19
2020-05-11,12.80261634261649,19
2020-05-12,12.83391608208564,19
2020-05-13,12.967983119804817,19
2020-05-14,12.869758791102926,19
2020-05-15,12.904903473433434,19
2020-05-18,12.86126608843669,19
2020-05-19,13.030651674791162,19
2020-05-20,12.79658297955999,19
2020-05-21,12.696674964160497,19
2020-05-22,12.405727733156466,19
2020-05-25,12.389713876174763,19
2020-05-26,12.633443612256437,19
2020-05-27,12.614674790622006,19
2020-05-28,12.625556948328114,19
2020-05-29,12.662220495141993,19
2020-06-01,13.078489468836253,19
2020-06-02,13.262937839384643,20
2020-06-03,13.230819399550663,20
2020-06-04,13.37325168977193,20
2020-06-05,13.406590422484886,20
2020-06-08,13.505670473069692,20
2020-06-09,13.537329599852121,20
2020-06-10,13.57119703562433,20
2020-06-11,13.586885790118028,20
2020-06-12,13.617333941056,20
2020-06-15,13.441016620585387,20
2020-06-16,13.752562584394088,20
2020-06-17,13.705790443418815,20
2020-06-18,13.634938413202953,20
2020-06-19,13.74646377400689,20
2020-06-22,13.67474666391103,20
2020-06-23,13.73520164387197,20
2020-06-24,13.694412189372736,20
2020-06-29,13.503605590694054,20
2020-06-30,13.696781468420525,20
2020-07-01,13.747297161149424,20
2020-07-02,13.924399059322642,20
2020-07-03,14.001174394693772,20
2020-07-06,14.55772776078644,20
2020-07-07,14.58403498809068,20
2020-07-08,14.759299558905903,20
2020-07-09,15.287358754083268,20
2020-07-10,15.090990491100747,20
2020-07-13,15.594605365230313,20
2020-07-14,15.436214389736529,20
2020-07-15,15.118909532538957,20
2020-07-16,14.636041296400963,20
2020-07-17,14.730215601873525,20
2020-07-20,15.186830522469213,20
2020-07-21,15.292207515704455,20
2020-07-22,15.22116240534512,20
2020-07-23,15.26893005696877,20
2020-07-24,14.782218486982732,20
2020-07-27,14.82784285124985,20
2020-07-28,14.93150977786286,20
2020-07-29,15.219516053460806,20
2020-07-30,15.337547891717062,20
2020-07-31,15.432242995746309,20
2020-08-03,15.856204038720524,20
2020-08-04,15.847697129692763,20
2020-08-05,15.847856022938124,20
2020-08-06,15.886190694374118,20
2020-08-07,15.745110106497984,20
2020-08-10,15.91154331901412,20
2020-08-11,15.716147075856272,20
2020-08-12,15.544491701412584,20
2020-08-13,15.62057049836501,20
2020-08-14,15.709874494809116,20
2020-08-17,15.913550976433408,20
2020-08-18,16.008108409231554,20
2020-08-19,16.02841528550862,20
2020-08-20,15.846730032205203,20
2020-08-21,15.927003304275033,20
2020-08-24,15.952365278195188,20
2020-08-25,15.86665727884689,20
2020-08-26,15.587776164136704,20
2020-08-27,15.73408514365721,20
2020-08-28,15.84528371651255,20
2020-08-31,15.790765258030055,20
2020-09-01,15.904605098199378,20
2020-09-02,15.945780334915014,20
2020-09-03,15.861785555548265,20
2020-09-04,15.761327278801058,20
2020-09-07,15.581725674367721,20
2020-09-08,15.669615418500603,20
2020-09-09,15.403336418285434,20
2020-09-10,15.194288478376047,20
2020-09-11,15.340651683825719,20
2020-09-14,15.36934437425897,20
2020-09-15,15.328859266305983,20
2020-09-16,15.296883626944295,20
2020-09-17,15.271691545338138,20
2020-09-18,15.51990007814023,20
2020-09-21,15.478499318084243,20
2020-09-22,15.249665252846958,20
2020-09-23,15.200955042687578,20
2020-09-24,14.89718703956101,20
2020-09-25,14.887710705456431,20
2020-09-28,14.846956724921169,20
2020-09-29,14.895390012121304,20
2020-09-30,14.871709252772257,20
2020-10-09,15.205441170202212,20
2020-10-12,15.562223210198304,20
2020-10-13,15.562103855398563,20
2020-10-14,15.418724966438461,20
2020-10-15,15.31715441049339,20
2020-10-16,15.307469859054077,20
2020-10-19,15.298570100036635,20
2020-10-20,15.456295494659313,20
2020-10-21,15.378063361766793,20
2020-10-22,15.188007631855482,20
2020-10-23,14.877821289242961,20
2020-10-26,14.801850351722937,20
2020-10-27,14.790145879569778,20
2020-10-28,14.805992651475197,20
2020-10-29,14.992123598447535,20
2020-10-30,14.654456487918633,20
2020-11-02,14.66332064226927,20
2020-11-03,14.775919639859335,19
2020-11-04,14.794350025529484,19
2020-11-05,15.136717903042868,19
2020-11-06,15.095185842661937,19
2020-11-09,15.42034887761191,19
2020-11-10,15.40102107176051,19
2020-11-11,15.385094274436703,19
2020-11-12,15.519380960663218,19
2020-11-13,15.460403386423174,19
2020-11-16,15.824361134347699,19
2020-11-17,15.808331113005405,19
2020-11-18,15.896537785003739,19
2020-11-19,15.839631055078204,19
2020-11-20,15.84138947837557,19
2020-11-23,15.971487687352383,19
2020-11-24,16.033383772956356,19
2020-11-25,15.77351721030812,19
2020-11-26,15.739419772417943,19
2020-11-27,15.659986610866484,19
2020-11-30,15.52023911957231,19
2020-12-01,15.657640900396583,19
2020-12-02,15.688894040068991,20
2020-12-03,15.6128209634219,20
2020-12-04,15.706978039824243,20
2020-12-07,15.656331125367025,20
2020-12-08,15.57440842074867,20
2020-12-09,15.403762972802552,20
2020-12-10,15.315744575912184,20
2020-12-11,15.071697585197423,20
2020-12-14,15.090046132204003,20
2020-12-15,15.080187625682507,20
2020-12-16,14.979603587206254,20
2020-12-17,15.006183940185217,20
2020-12-18,14.869068570177376,20
2020-12-21,14.917298571575946,20
2020-12-22,14.47428732959566,20
2020-12-23,14.484564221880165,20
2020-12-24,14.13365578111567,20
2020-12-25,14.273047971480095,20
2020-12-28,13.904785201681245,20
2020-12-29,13.93991580391894,20
2020-12-30,13.926253238714965,20
2020-12-31,14.156227742501276,20
2021-01-04,14.3047987804233,20
2021-01-05,14.276815038965298,20
2021-01-06,13.975986428072174,20
2021-01-07,13.49638125342369,20
2021-01-08,13.519156699122997,20
2021-01-11,13.16796562440818,20
2021-01-12,13.266258175991624,20
2021-01-13,13.08440331854687,20
2021-01-14,13.459302965750524,20
2021-01-15,13.64972974361346,20
2021-01-18,13.833617091743076,20
2021-01-19,13.883887786660472,20
2021-01-20,13.880725735397561,20
2021-01-21,13.943253874169793,20
2021-01-22,13.854101495686345,20
2021-01-25,13.659948492488805,20
2021-01-26,13.549523561839623,20
2021-01-27,13.623259937533314,20
2021-01-28,13.489889738235862,20
2021-01-29,13.373693849785415,20
2021-02-01,13.569444942866916,20
2021-02-02,13.738524801758187,20
2021-02-03,13.566468443439259,20
2021-02-04,13.222753112128238,20
2021-02-05,13.1955779113681,20
2021-02-08,13.186897531160113,20
2021-02-09,13.532718569671658,20
2021-02-10,13.680059152013829,20
2021-02-18,13.999758460818779,20
2021-02-19,14.358136909444207,20
2021-02-22,14.543920611703816,20
2021-02-23,14.440974825480202,20
2021-02-24,14.391448104553342,20
2021-02-25,14.276767147248563,20
2021-02-26,14.234537361457901,20
2021-03-01,14.610417731194175,20
2021-03-02,14.560050790353795,20
2021-03-03,14.690953485883313,20
2021-03-04,14.59346550886667,20
2021-03-05,14.671764109010736,20
2021-03-08,14.6070734322393,20
2021-03-09,14.466299778893752,20
2021-03-10,14.32916555220193,20
2021-03-11,14.506327920287438,20
2021-03-12,14.530684354260377,20
2021-03-15,14.46568459868192,20
2021-03-16,14.607565870347427,20
2021-03-17,14.634503194775073,20
2021-03-18,14.660198983405962,20
2021-03-19,14.608423539188642,20
2021-03-22,14.806195602916612,20
2021-03-23,14.733204342868456,20
2021-03-24,14.623489488873666,20
2021-03-25,14.652701267034217,20
2021-03-26,14.71824411735727,20
2021-03-29,14.739557569016862,20
2021-03-30,14.663347478332742,20
2021-03-31,14.753283416445736,20
2021-04-01,14.684127628237482,20
2021-04-02,14.691998378050044,20
2021-04-06,14.770918418355738,20
2021-04-07,14.861526829109572,20
2021-04-08,14.795664451276442,20
2021-04-09,14.754266144402859,20
2021-04-12,14.518880104550085,20
2021-04-13,14.455193812871574,20
2021-04-14,14.580811911755843,20
2021-04-15,14.529330161489698,20
2021-04-16,14.636832466568546,20
2021-04-19,14.741649248673903,20
2021-04-20,14.69963403336188,20
2021-04-21,14.637074114159184,20
2021-04-22,14.726853318156303,20
2021-04-23,14.732910833672431,20
2021-04-26,14.605688715829805,20
2021-04-27,14.499120623141753,20
2021-04-28,14.45261097276407,20
2021-04-29,14.463838382260336,20
2021-04-30,14.358609226025223,20
2021-05-06,14.35321665040435,20
2021-05-07,14.239213013558292,20
2021-05-10,14.36394308113611,20
2021-05-11,14.353184249624789,20
2021-05-12,14.467176453111922,20
2021-05-13,14.517957848895627,20
2021-05-14,14.73812650789816,20
2021-05-17,14.55530934091594,20
2021-05-18,14.532624456321482,20
2021-05-19,14.515141689541661,20
2021-05-20,14.518629924716175,20
2021-05-21,14.53216887621039,20
2021-05-24,14.663174323557394,20
2021-05-25,14.817983807350725,20
2021-05-26,14.895191575402654,20
2021-05-27,14.931032367048571,20
2021-05-28,14.930480538026398,20
2021-05-31,15.04481572303517,20
2021-06-01,15.09915689224065,20
2021-06-02,15.007660973798158,20
2021-06-03,15.008768848095903,20
2021-06-04,14.944471167925357,20
2021-06-07,15.025984383463982,20
2021-06-08,15.060530337851333,20
2021-06-09,15.022712667779643,20
2021-06-10,15.115137684355577,20
2021-06-11,15.214551137003705,20
2021-06-15,14.979359006851464,20
2021-06-16,14.697531521349712,20
2021-06-17,14.805918817573703,20
2021-06-18,14.908110905833713,20
2021-06-21,15.1064701850132,20
2021-06-22,15.280228499974701,20
2021-06-23,15.292988800331424,20
2021-06-24,15.110232900478648,20
2021-06-25,15.084857974281807,20
2021-06-28,15.13608921152482,20
2021-06-29,14.943954671582075,20
2021-06-30,14.925698300757604,20
2021-07-01,14.751954087568503,20
2021-07-02,14.641220039850639,20
2021-07-05,14.910391323365143,20
2021-07-06,14.9341438764784,20
2021-07-07,15.018355873437933,20
2021-07-08,14.69133640068271,20
2021-07-09,14.775925130784993,20
2021-07-12,15.087972010835431,20
2021-07-13,15.14111799901739,20
2021-07-14,15.132764353295471,20
2021-07-15,14.945812915252214,20
2021-07-16,14.972685934332135,20
2021-07-19,14.846459743190607,20
2021-07-20,14.847077656195237,20
2021-07-21,14.950486356134887,20
2021-07-22,15.05281312689568,20
2021-07-23,14.77925081155464,20
2021-07-26,14.65354084359941,20
2021-07-27,14.603883923378827,20
2021-07-28,14.501727188618304,20
2021-07-29,14.939615142185756,20
2021-07-30,15.10541034822898,20
2021-08-02,15.34135078762917,20
2021-08-03,15.347163211010523,20
2021-08-04,15.472546888380498,20
2021-08-05,15.365591199922905,20
2021-08-06,15.33361726177133,20
2021-08-09,15.694342379178932,20
2021-08-10,15.901883054490748,20
2021-08-11,15.967391057700516,20
2021-08-12,16.10408806870248,20
2021-08-13,16.186872885959136,20
2021-08-16,16.44959788559842,20
2021-08-17,16.06204998201146,20
2021-08-18,16.31195537489092,20
2021-08-19,16.284229856788013,20
2021-08-20,15.995402470163397,20
2021-08-23,16.66208997332918,20
2021-08-24,16.847779030199927,20
2021-08-25,17.03202641609827,20
2021-08-26,16.878436959098995,20
2021-08-27,16.9628444657044,20
2021-08-30,16.971399413541555,20
2021-08-31,16.97621557354599,20
2021-09-01,16.753867779892214,20
2021-09-02,16.85969389319358,20
2021-09-03,16.998332350376145,20
2021-09-06,17.16140934961578,20
2021-09-07,17.22405902755623,20
2021-09-08,17.244186014414115,20
2021-09-09,17.389110235688168,20
2021-09-10,17.190652838179666,20
2021-09-13,17.298499681425024,20
2021-09-14,17.156323970955647,20
2021-09-15,17.19815906005232,20
2021-09-16,17.213608870849683,20
2021-09-17,17.233765450078337,20
2021-09-22,17.34996885115119,20
2021-09-23,17.42269194177378,20
2021-09-24,17.15141083669324,20
2021-09-27,16.747178201487717,20
2021-09-28,16.717559216719835,20
2021-09-29,16.280278838264156,20
2021-09-30,16.618578236160886,20
2021-10-08,16.825763073086108,20
2021-10-11,16.79516839981209,20
2021-10-12,16.53327846486576,20
2021-10-13,16.623422090094024,20
2021-10-14,16.73798121220028,20
2021-10-15,16.582881235859592,20
2021-10-18,16.533033578783385,20
2021-10-19,16.74553745244785,20
2021-10-20,16.803961446652043,20
2021-10-21,16.69924159228353,20
2021-10-22,16.568178964643245,20
2021-10-25,16.837956057308578,20
2021-10-26,16.833232572501604,20
2021-10-27,16.431727685513092,20
2021-10-28,16.220776628356735,20
2021-10-29,16.285089180043403,20
2021-11-01,16.56249140520961,20
2021-11-02,16.391971386665166,20
2021-11-03,16.541698384760515,20
2021-11-04,16.798098240092372,20
2021-11-05,17.024315018311537,20
2021-11-08,17.112505252904576,20
2021-11-09,17.35032399318361,20
2021-11-10,17.537256879023115,20
2021-11-11,17.660295549223516,20
2021-11-12,18.07050098146943,20
2021-11-15,18.613603220674364,20
2021-11-16,18.62261217908072,20
2021-11-17,19.02396281001386,20
2021-11-18,18.753233666404526,20
2021-11-19,18.961753860166624,20
2021-11-22,19.03976950848095,20
2021-11-23,19.164389081649738,20
2021-11-24,19.18627259239493,20
2021-11-25,19.2611184628957,20
2021-11-26,19.302166183703967,20
2021-11-29,19.32246780689206,20
2021-11-30,19.404402293368104,20
2021-12-01,19.601726125425117,20
2021-12-02,19.393732759321303,20
2021-12-03,19.417092926092927,20
2021-12-06,19.16066982660579,20
2021-12-07,19.042130601957204,20
2021-12-08,19.229677374029926,20
2021-12-09,19.442072741078118,20
2021-12-10,19.411160031573118,20
2021-12-13,19.393150463098397,20
2021-12-14,19.359259972637616,20
2021-12-15,19.47711280410618,20
2021-12-16,19.675199032730106,20
2021-12-17,19.572454391950195,20
2021-12-20,19.531699698860578,20
2021-12-21,19.799827280106673,20
2021-12-22,19.862838411697187,20
2021-12-23,19.623779187051305,20
2021-12-24,19.321009592070226,20
2021-12-27,19.643509480694657,20
2021-12-28,19.701813813484332,20
2021-12-29,19.78521964655184,20
2021-12-30,20.052579127627247,20
2021-12-31,20.299380496872924,20
2022-01-04,21.06026162221851,20
2022-01-05,20.949590789677554,20
2022-01-06,21.220608018575202,20
2022-01-07,21.0632410810249,20
2022-01-10,21.554665199427863,20
2022-01-11,21.466572601426172,20
2022-01-12,21.536075656935665,20
2022-01-13,21.491042777971188,20
2022-01-14,21.26198539161703,20
2022-01-17,21.49352491408291,20
2022-01-18,21.265380843717516,20
2022-01-19,21.49374723920659,20
2022-01-20,20.935682172147523,20
2022-01-21,20.616382176187184,20
2022-01-24,20.568382338262577,20
2022-01-25,19.635563360644575,20
2022-01-26,19.80902597361246,20
2022-01-27,19.355781077625547,20
2022-01-28,19.567969361008153,20
2022-02-07,19.90041051496946,20
2022-02-08,20.15944357613096,20
2022-02-09,20.342739959838156,20
2022-02-10,20.245878131952058,20
2022-02-11,19.873789547647668,20
2022-02-14,19.8236020523788,20
2022-02-15,19.789779651558508,20
2022-02-16,20.06010425836384,20
2022-02-17,20.042562528211814,20
2022-02-18,20.134430942089317,20
2022-02-21,20.33889981907234,20
2022-02-22,20.08625994913516,20
2022-02-23,20.447709694032287,20
2022-02-24,20.053877226823154,20
2022-02-25,20.294622070387604,20
2022-02-28,20.293710257510167,20
2022-03-01,20.29557590721269,20
2022-03-02,20.315454295425052,20
2022-03-03,20.417230657271546,20
2022-03-04,20.13501413193458,20
2022-03-07,19.86075657228549,20
2022-03-08,19.21799587659072,20
2022-03-09,18.891513151530532,20
2022-03-10,19.229229898135287,20
2022-03-11,19.499241618585486,20
2022-03-14,19.07762103883486,20
2022-03-15,18.41786886820791,20
2022-03-16,18.625362105414034,20
2022-03-17,18.83186186808691,20
2022-03-18,19.018036490146603,20
2022-03-21,19.262748751932563,20
2022-03-22,19.222783217982887,20
2022-03-23,19.22889236092967,20
2022-03-24,19.073039129001483,20
2022-03-25,19.17035526140854,20
2022-03-28,19.122924855788067,20
2022-03-29,19.07864396782029,20
2022-03-30,19.38063463452736,20
2022-03-31,19.726884971701917,20
2022-04-01,19.572990438319636,20
2022-04-06,19.80167728188794,20
2022-04-07,19.543688322117966,20
2022-04-08,19.433369138722362,20
2022-04-11,18.95768569845953,20
2022-04-12,19.156518810382117,20
2022-04-13,18.8594520894556,20
2022-04-14,19.01814619880969,20
2022-04-15,18.77123916253301,20
2022-04-18,19.0542986430015,20
2022-04-19,19.105886301504256,20
2022-04-20,19.05903488833334,20
2022-04-21,18.7911400129586,20
2022-04-22,18.969139025360132,20
2022-04-25,17.926783233930234,20
2022-04-26,17.309819313255083,20
2022-04-27,17.63665407935867,20
2022-04-28,17.30056062470096,20
2022-04-29,17.770602671000518,20
2022-05-05,17.99659863557557,20
2022-05-06,17.926715461525173,19
2022-05-09,18.130185844093287,19
2022-05-10,18.230675461352284,19
2022-05-11,18.218068769698057,19
2022-05-12,18.351452020385118,19
2022-05-13,18.338747224308104,19
2022-05-16,18.328121984510254,19
2022-05-17,18.212101742000584,19
2022-05-18,18.273385112848242,19
2022-05-19,18.318800128284725,19
2022-05-20,18.4311791377803,19
2022-05-23,18.73866235502923,19
2022-05-24,18.320360602601017,19
2022-05-25,18.54172157077137,19
2022-05-26,18.61501463919445,19
2022-05-27,18.52428995894382,19
2022-05-30,18.58856321848609,19
2022-05-31,18.710185685577247,19
2022-06-01,18.784002715459383,19
2022-06-02,18.892083522900485,20
2022-06-06,19.05692430074714,20
2022-06-07,18.959481267800168,20
2022-06-08,18.903621745882898,20
2022-06-09,18.732134660170484,20
2022-06-10,18.85876144594247,20
2022-06-13,18.90141780658382,20
2022-06-14,18.91251830265535,20
2022-06-15,18.900253600636873,20
2022-06-16,19.052570196901517,20
2022-06-17,19.328591322041042,20
2022-06-20,19.54385926071318,20
2022-06-21,19.3554439107579,20
2022-06-22,19.23426045423866,20
2022-06-23,19.509123559252917,20
2022-06-24,19.627901846136456,20
2022-06-27,19.773480942189924,20
2022-06-28,20.05623017358033,20
2022-06-29,19.86416677123086,20
2022-06-30,20.02141580603924,20
2022-07-01,20.22655964634602,20
2022-07-04,20.402713125850525,19
2022-07-05,20.3015134589677,19
2022-07-06,20.12134859784206,19
2022-07-07,20.2592674450813,19
2022-07-08,20.242489533731078,19
2022-07-11,20.101594621565027,19
2022-07-12,19.774373220052627,19
2022-07-13,19.951911731738832,19
2022-07-14,20.120008050809343,19
2022-07-15,19.81405793093085,19
2022-07-18,20.492368682139592,19
2022-07-19,20.548187841060994,19
2022-07-20,20.716651128353277,19
2022-07-21,20.779419953769207,19
2022-07-22,20.661670831763683,19
2022-07-25,20.546784813990378,19
2022-07-26,20.59768943639654,19
2022-07-27,20.943276491086536,19
2022-07-28,21.172400397397286,19
2022-07-29,21.107400330104387,19
2022-08-01,21.08485959857759,19
2022-08-02,20.24639767510227,20
2022-08-03,20.350754758724722,20
2022-08-04,20.59451155291071,20
2022-08-05,20.726021584822217,20
2022-08-08,20.96198790702234,20
2022-08-09,20.919343279416626,20
2022-08-10,21.31193611236772,20
2022-08-11,21.64556970073382,20
2022-08-12,21.700980060511963,20
2022-08-15,21.680707970192294,20
2022-08-16,21.699318087934973,20
2022-08-17,21.745383332281186,20
2022-08-18,21.831321091721513,20
2022-08-19,21.71309498331479,20
2022-08-22,21.801715336437557,20
2022-08-23,22.012448670840598,20
2022-08-24,21.386576146932953,20
2022-08-25,21.345829893893722,20
2022-08-26,21.355793499068472,20
2022-08-29,21.73420637486031,20
2022-08-30,21.568306168553118,20
2022-08-31,21.002584181607762,20
2022-09-01,20.78471577751776,20
2022-09-02,21.113676436082116,20
2022-09-05,21.13164082628861,20
2022-09-06,21.408775038529505,20
2022-09-07,21.457554109015046,20
2022-09-08,21.26359562393467,20
2022-09-09,21.09699737030839,20
2022-09-13,21.2340402696546,20
2022-09-14,21.13555063920798,20
2022-09-15,20.805082788276287,20
2022-09-16,20.355849608904645,20
2022-09-19,20.087120181712475,20
2022-09-20,20.35606411144954,20
2022-09-21,20.41033374121531,20
2022-09-22,20.408619799945146,20
2022-09-23,20.080573293127962,20
2022-09-26,19.74847434835621,20
2022-09-27,20.188781231575756,20
2022-09-28,19.922975060745518,20
2022-09-29,19.957790237061143,20
2022-09-30,19.66868764500358,20
2022-10-10,19.33431868492687,20
2022-10-11,19.459909565391897,20
2022-10-12,19.870780909261967,20
2022-10-13,20.15948919887546,20
2022-10-14,20.493577784930622,20
2022-10-17,20.990390781755266,20
2022-10-18,21.174061417197077,20
2022-10-19,21.135583256302464,20
2022-10-20,20.98071920557241,20
2022-10-21,21.206029312315643,20
2022-10-24,21.253651250060265,20
2022-10-25,21.07268973784164,20
2022-10-26,21.519799624304646,20
2022-10-27,21.33275129813497,20
2022-10-28,20.699443149469236,20
2022-10-31,20.996220665541145,20
2022-11-01,21.353434640892374,20
2022-11-02,21.714068365999204,20
2022-11-03,21.72030530589074,20
2022-11-04,21.995880539321774,20
2022-11-07,22.110573427564606,20
2022-11-08,22.070591413668726,20
2022-11-09,22.319810023251623,20
2022-11-10,22.14195099351277,20
2022-11-11,22.19388665423267,20
2022-11-14,22.247275938428093,20
2022-11-15,22.734067983507735,20
2022-11-16,22.622315016995486,20
2022-11-17,22.660074047244684,20
2022-11-18,22.525660635047767,20
2022-11-21,22.92471660708677,20
2022-11-22,22.847740894815363,20
2022-11-23,22.680116071604967,20
2022-11-24,22.882004389702136,20
2022-11-25,22.84961737723167,20
2022-11-28,22.86226957615536,20
2022-11-29,23.11332389160985,20
2022-11-30,23.254439476054838,20
2022-12-01,23.286579439000576,20
2022-12-02,23.441115354580155,20
2022-12-05,23.55226522582189,20
2022-12-06,23.349152577319142,20
2022-12-07,23.555831424018752,20
2022-12-08,23.499550682268517,20
2022-12-09,23.482930793127935,20
2022-12-12,23.333728587896545,20
2022-12-13,23.404903366601264,20
2022-12-14,23.164800903079364,20
2022-12-15,23.347519081394037,20
2022-12-16,23.1181425311786,20
2022-12-19,22.463899906652532,20
2022-12-20,22.59486986446572,20
2022-12-21,22.469942496339247,20
2022-12-22,22.114277886722544,20
2022-12-23,21.981382553480675,20
2022-12-26,22.14987790782131,20
2022-12-27,22.183615179256527,20
2022-12-28,22.05862821980552,20
2022-12-29,21.994074446402756,20
2022-12-30,22.21988093507418,20
2023-01-03,22.714502637945817,20
2023-01-04,23.015936549853436,20
2023-01-05,23.168833314735263,20
2023-01-06,23.021992136962762,20
2023-01-09,23.061140914643506,20
2023-01-10,22.982877686888312,20
2023-01-11,22.77448783043906,20
2023-01-12,22.8932071707006,20
2023-01-13,22.904009484906457,20
2023-01-16,23.15348654212718,20
2023-01-17,23.150464531576347,20
2023-01-18,23.180963165801202,20
2023-01-19,23.293773285186404,20
2023-01-20,23.4367869930719,20
2023-01-30,23.754312299281498,20
2023-01-31,23.94214292368366,20
2023-02-01,24.198243758994334,20
2023-02-02,24.24401904974904,20
2023-02-03,24.153589288847616,20
2023-02-06,24.148339242262313,20
2023-02-07,24.352226175335066,20
2023-02-08,24.3134623516458,20
2023-02-09,24.531623578125227,20
2023-02-10,24.666815746002566,20
2023-02-13,25.03822996272698,20
2023-02-14,25.310206870260863,20
2023-02-15,25.314462972633294,20
2023-02-16,24.588104970838373,20
2023-02-17,24.73235942977684,20
2023-02-20,25.118890367054583,20
2023-02-21,25.290694367563386,20
2023-02-22,25.374564696414758,20
2023-02-23,25.352632181466323,20
2023-02-24,25.338594793505976,20
2023-02-27,25.052456755848343,20
2023-02-28,25.335583677003836,20
2023-03-01,25.53409768860314,20
2023-03-02,25.427918447705025,20
2023-03-03,25.512337357308827,20
2023-03-06,25.5915094251022,20
2023-03-07,25.370035952616828,20
2023-03-08,25.435240315547034,20
2023-03-09,25.43969957486037,20
2023-03-10,25.058759118863474,20
2023-03-13,24.9824922336201,20
2023-03-14,24.60918192353192,20
2023-03-15,25.04179577463261,20
2023-03-16,24.64759165288692,20
2023-03-17,24.554582637432034,20
2023-03-20,24.44777541780941,20
2023-03-21,24.78454189923826,20
2023-03-22,24.97035514963284,20
2023-03-23,25.022490027442068,20
2023-03-24,25.02288233475578,20
2023-03-27,25.02471426399488,20
2023-03-28,24.956662046440837,20
2023-03-29,24.805823322734142,20
2023-03-30,24.741336939351452,20
2023-03-31,24.95592602583872,20
2023-04-03,24.993912574177624,20
2023-04-04,24.52851152461641,20
2023-04-06,24.48250135902959,20
2023-04-07,24.647582802057144,20
2023-04-10,24.351278051044094,20
2023-04-11,24.28859626809508,20
2023-04-12,24.445595194559296,20
2023-04-13,24.327824473463643,20
2023-04-14,24.534511530819383,20
2023-04-17,24.794325883822676,20
2023-04-18,24.70634347745742,20
2023-04-19,24.604779570124293,20
2023-04-20,24.363604124407008,20
2023-04-21,23.905084373439255,20
2023-04-24,23.7915414182003,20
2023-04-25,23.32661576641921,20
2023-04-26,23.6357944990565,20
2023-04-27,23.682071846526934,20
2023-04-28,24.197637260922455,20
2023-05-04,24.481340727318543,20
2023-05-05,24.291265631907187,20
2023-05-08,24.248408619845424,20
2023-05-09,23.78563444643698,20
2023-05-10,23.75824044667471,20
2023-05-11,23.963453324164387,20
2023-05-12,23.711483349951052,20
2023-05-15,23.931992413043066,20
2023-05-16,23.811111181907364,20
2023-05-17,23.881354502860212,20
2023-05-18,23.938652417106923,20
2023-05-19,24.09451445094225,20
2023-05-22,24.438171495317647,20
2023-05-23,24.226130540916603,20
2023-05-24,24.100491920952127,20
2023-05-25,24.00034575139775,20
2023-05-26,24.06581451863423,20
2023-05-29,23.921719083312734,20
2023-05-30,23.89392127075292,20
2023-05-31,23.71829506000641,20
2023-06-01,23.817153400461827,20
2023-06-02,24.0558929019505,20
2023-06-05,23.93353681889553,20
2023-06-06,23.433625402502354,20
2023-06-07,23.383018922526254,20
2023-06-08,23.355465579399777,20
2023-06-09,23.25137074822256,20
2023-06-12,23.41251067501721,20
2023-06-13,23.474403828268816,20
2023-06-14,23.461356677574514,20
2023-06-15,23.615976519978545,20
2023-06-16,23.75958754979731,20
2023-06-19,23.450597536907765,20
2023-06-20,23.297641279928925,20
2023-06-21,23.101402786745048,20
2023-06-26,22.742896091694643,20
2023-06-27,23.453112780123917,20
2023-06-28,23.622089166546424,20
2023-06-29,23.881052808200973,20
2023-06-30,24.185585129777127,20
2023-07-03,24.26157755981628,20
2023-07-04,24.367561222206113,20
2023-07-05,24.322786323889133,20
2023-07-06,24.295698712409465,20
2023-07-07,24.3107891524821,20
2023-07-10,24.334859985006407,20
2023-07-11,24.507776838416323,20
2023-07-12,24.42382941017576,20
2023-07-13,24.69259878584081,20
2023-07-14,24.88795894502268,20
2023-07-17,24.977998264023412,20
2023-07-18,25.171851298229427,20
2023-07-19,25.260022623841135,20
2023-07-20,25.07670217804323,20
2023-07-21,24.995834998227423,20
2023-07-24,24.975910624017487,20
2023-07-25,25.309377436646457,20
2023-07-26,25.287990680406953,20
2023-07-27,25.04900955305502,20
2023-07-28,25.262663096973725,20
2023-07-31,25.28876486368807,20
2023-08-01,25.27844367284923,20
2023-08-02,25.273159867371362,20
2023-08-03,25.29855280779282,20
2023-08-04,25.10787976616883,20
2023-08-07,24.749668916572222,20
2023-08-08,24.91590010898796,20
2023-08-09,24.803263555926314,20
2023-08-10,25.01218632635779,20
2023-08-11,24.958904234986658,20
2023-08-14,25.10029359160945,20
2023-08-15,24.821619646543965,20
2023-08-16,24.69879028479848,20
2023-08-17,24.985035617245178,20
2023-08-18,24.74919057496121,20
2023-08-21,24.8050714087111,20
2023-08-22,24.63505967593411,20
2023-08-23,24.215990181996837,20
2023-08-24,24.17092548970642,20
2023-08-25,23.73531129590257,20
2023-08-28,24.01900483557686,20
2023-08-29,24.812872439723847,20
2023-08-30,25.029343397050052,20
2023-08-31,25.041700154152984,20
2023-09-01,25.129825929278574,20
2023-09-04,25.46317380246569,20
2023-09-05,25.47497131204577,20
2023-09-06,25.285602894991538,20
2023-09-07,24.823195918136243,20
2023-09-08,24.76825331987598,20
2023-09-11,25.0381814653626,20
2023-09-12,25.09400974517053,20
2023-09-13,24.89378132458169,20
2023-09-14,24.68202265532669,20
2023-09-15,24.825367801131268,20
2023-09-18,25.17031669485655,20
2023-09-19,25.07460630944547,20
2023-09-20,24.997679594427506,20
2023-09-21,24.79286993442696,20
2023-09-22,25.12233335405566,20
2023-09-25,25.19609343874631,20
2023-09-26,25.059238542933816,20
2023-09-27,25.293950636059922,20
2023-09-28,25.53344379304941,20
2023-10-09,25.260429861934103,20
2023-10-10,25.02791434318672,20
2023-10-11,25.04339337153457,20
2023-10-12,25.26706358321267,20
2023-10-13,25.029713646218823,20
2023-10-16,24.845247292744276,20
2023-10-17,24.74705225468087,20
2023-10-18,24.255619123505447,20
2023-10-19,24.055665030521112,20
2023-10-20,23.870880650244075,20
2023-10-23,23.259666556782012,20
2023-10-24,23.836210407036873,20
2023-10-25,24.0648797632489,20
2023-10-26,24.07911916549941,20
2023-10-27,24.541507946368192,20
2023-10-30,24.718790235203752,20
2023-10-31,24.66666557442523,20
2023-11-01,24.736621349003677,20
2023-11-02,24.458713158046162,20
2023-11-03,24.628878320770195,20
2023-11-06,25.1224079331533,20
2023-11-07,25.08820841218123,20
2023-11-08,25.013975327059892,20
2023-11-09,25.051807505418754,20
2023-11-10,25.13657496306967,20
2023-11-13,25.295005846254103,20
2023-11-14,25.252645713742663,20
2023-11-15,25.464770281227597,20
2023-11-16,25.1786838482326,20
2023-11-17,25.411539419118043,20
2023-11-20,25.55720356122144,20
2023-11-21,25.48803316495632,20
2023-11-22,25.191037166352487,20
2023-11-23,25.53352346299629,20
2023-11-24,25.33694803067641,20
2023-11-27,25.250822546976142,20
2023-11-28,25.475475922541694,20
2023-11-29,25.269305460871042,20
2023-11-30,25.176800730274895,20
2023-12-01,25.183336271956897,20
2023-12-04,25.068220483774677,20
2023-12-05,24.64715122686324,20
2023-12-06,24.7426772696713,20
2023-12-07,24.665059096219586,20
2023-12-08,24.389002888029957,20
2023-12-11,24.623166788565406,20
2023-12-12,24.753939106317635,20
2023-12-13,24.67781704259496,20
2023-12-14,24.65181797919568,20
2023-12-15,24.529817304186192,20
2023-12-18,24.402900440681602,20
2023-12-19,24.37717614037866,20
2023-12-20,24.154781376201218,20
2023-12-21,24.37911704930051,20
2023-12-22,24.23307197407661,20
2023-12-25,24.223288758138803,20
2023-12-26,23.953079937602997,20
2023-12-27,24.03092664177348,20
2023-12-28,24.279373791597415,20
2023-12-29,24.600035367197247,20
2024-01-02,24.97059233189448,20
2024-01-03,24.95523360622546,20
2024-01-04,25.091215954998326,20
2024-01-05,24.76609545491136,20
2024-01-08,24.27338645748139,20
2024-01-09,24.391072530901088,20
2024-01-10,24.18272699073305,20
2024-01-11,24.404614946730035,20
2024-01-12,24.382334263328033,20
2024-01-15,24.570507594165328,20
2024-01-16,24.553560976215053,20
2024-01-17,24.03686924470384,20
2024-01-18,23.855243078947563,20
2024-01-19,23.604927046476973,20
2024-01-22,22.147491904076684,20
2024-01-23,22.240134058504466,20
2024-01-24,22.538580185933522,20
2024-01-25,23.229508111631237,20
2024-01-26,23.213571310341003,20
2024-01-29,22.96703793984707,20
2024-01-30,22.330028091737343,20
2024-01-31,21.753316645556442,20
2024-02-01,21.51440795000979,20
2024-02-02,20.54543985444918,20
2024-02-05,19.182676588854644,20
2024-02-06,19.36213992222794,20
2024-02-07,18.94750165659724,20
2024-02-08,20.16491508209479,20
2024-02-19,20.61856491307674,20
2024-02-20,20.72490437283726,20
2024-02-21,21.002159351328583,20
2024-02-22,21.29021819952435,20
2024-02-23,21.627107597034172,20
2024-02-26,21.885374037962777,20
2024-02-27,22.171474100929373,20
2024-02-28,21.243397569886614,20
2024-02-29,21.67824139161755,20
2024-03-01,21.804199016419755,20
2024-03-04,21.83116214279278,20
2024-03-05,21.539228120043287,20
2024-03-06,21.648970308355,20
2024-03-07,21.61780090416304,20
2024-03-08,21.75773800573533,20
2024-03-11,22.001171402104664,20
2024-03-12,22.229228237663897,20
2024-03-13,22.273566519358134,20
2024-03-14,22.331954063253015,20
2024-03-15,22.56726626666095,20
2024-03-18,22.9537075081699,20
2024-03-19,22.980827716651106,20
2024-03-20,23.12348353160717,20
2024-03-21,23.133446146388255,20
2024-03-22,22.880756219098213,20
2024-03-25,22.59444666022978,20
2024-03-26,22.6950821029922,20
2024-03-27,22.432595051832628,20
2024-03-28,22.675473931567993,20
2024-03-29,22.72320058405619,20
2024-04-01,23.091200577960965,20
2024-04-02,23.22909233165346,20
2024-04-03,23.14211068432083,20
2024-04-08,22.85483289832109,20
2024-04-09,23.08461776933122,20
2024-04-10,22.78462242190472,20
2024-04-11,22.854827169069555,20
2024-04-12,22.87796540902691,20
2024-04-15,22.40199785043974,20
2024-04-16,21.627024380090162,20
2024-04-17,22.41560866091784,20
2024-04-18,22.54861047786896,20
2024-04-19,22.656535064869566,20
2024-04-22,22.537623757363043,20
2024-04-23,22.593488952473805,20
2024-04-24,22.762910699146044,20
2024-04-25,22.966278602798152,20
2024-04-26,22.94931446164121,20
2024-04-29,23.173378211443048,20
2024-04-30,23.35689617748066,20
2024-05-06,23.761473093854764,20
2024-05-07,23.793775665748786,20
2024-05-08,23.63020380969069,20
2024-05-09,23.778002031548777,20
2024-05-10,23.702525650166134,20
2024-05-13,23.728093599991297,20
2024-05-14,23.977462935625645,20
2024-05-15,23.886908428824366,20
2024-05-16,23.888826492606118,20
2024-05-17,23.93488112870759,20
2024-05-20,24.180491354492016,20
2024-05-21,24.093703887855966,20
2024-05-22,23.900448587693557,20
2024-05-23,23.531765751218032,20
2024-05-24,23.35908127337808,20
2024-05-27,23.56385884145056,20
2024-05-28,23.291358520186154,20
2024-05-29,23.334004495976487,20
2024-05-30,23.20287756585882,20
2024-05-31,23.21709131168574,20
2024-06-03,22.913148756622803,20
2024-06-04,23.219420769123566,20
2024-06-05,22.78557719206598,20
2024-06-06,22.276585751319043,20
2024-06-07,22.662282876397697,20
2024-06-11,22.652023719398773,20
2024-06-12,22.882614769725294,20
2024-06-13,22.62140169977873,20
2024-06-14,22.64147452120762,20
2024-06-17,22.519812665996014,20
2024-06-18,22.576743924529545,20
2024-06-19,22.361547653790446,20
2024-06-20,22.007211595425403,20
2024-06-21,22.048576312905674,20
2024-06-24,21.390454499789296,20
2024-06-25,21.52484446958287,20
2024-06-26,21.905297999450514,20
2024-06-27,21.507904507635057,20
2024-06-28,21.570293178608868,20
