date,nav,num_held
2006-01-04,1.0,0
2006-01-05,1.0,0
2006-01-06,1.0,0
2006-01-09,1.0,0
2006-01-10,1.0,0
2006-01-11,1.0,0
2006-01-12,1.0,0
2006-01-13,1.0,0
2006-01-16,1.0,0
2006-01-17,1.0,0
2006-01-18,1.0,0
2006-01-19,1.0,0
2006-01-20,1.0,0
2006-01-23,1.0,0
2006-01-24,1.0,0
2006-01-25,1.0,0
2006-02-06,0.9995000949747064,0
2006-02-07,1.007330631266275,6
2006-02-08,1.015161806800765,6
2006-02-09,1.0005018945774087,6
2006-02-10,1.0237817644161393,6
2006-02-13,1.0390737651973383,6
2006-02-14,1.0395578024216925,6
2006-02-15,1.0311056080377816,6
2006-02-16,0.9790648511648439,6
2006-02-17,0.9654856589838393,6
2006-02-20,0.9510669976024364,6
2006-02-21,0.9774183485671056,6
2006-02-22,0.9803038008563317,6
2006-02-23,0.9787929198904171,6
2006-02-24,0.9887344297087375,6
2006-02-27,0.9831271558336813,6
2006-02-28,0.9796315514320388,6
2006-03-01,0.9877576320167275,6
2006-03-02,0.9587236519829252,8
2006-03-03,0.9536139176516395,8
2006-03-06,0.942693089675267,8
2006-03-07,0.9089341359589663,8
2006-03-08,0.9058622258538567,8
2006-03-09,0.9121611990878283,8
2006-03-10,0.9191796953890145,8
2006-03-13,0.9308600838744379,8
2006-03-14,0.9281906374495161,8
2006-03-15,0.9442325466339788,8
2006-03-16,0.9437044428412155,8
2006-03-17,0.9355125770297429,8
2006-03-20,0.9500417712946998,8
2006-03-21,0.9506360316616972,8
2006-03-22,0.9664394879574932,8
2006-03-23,0.973910999362867,8
2006-03-24,0.9602215100828488,8
2006-03-27,0.973445928914286,8
2006-03-28,0.9421929869444493,8
2006-03-29,0.9395243605285994,8
2006-03-30,0.9242591525312573,8
2006-03-31,0.9355612377032256,8
2006-04-03,0.9507339677150787,8
2006-04-04,0.9701714559297097,8
2006-04-05,0.9786197014758785,8
2006-04-06,0.9747534591698327,8
2006-04-07,0.9705270400799234,8
2006-04-10,1.010121252903695,8
2006-04-11,1.0174091120697268,8
2006-04-12,1.0079302936161085,8
2006-04-13,0.9766015767923897,8
2006-04-14,1.0126843595593795,8
2006-04-17,1.027897515829429,8
2006-04-18,1.0137523988706119,8
2006-04-19,1.0120202528633266,8
2006-04-20,0.987185219684051,8
2006-04-21,0.9966002811983216,8
2006-04-24,0.9819859576242493,8
2006-04-25,0.963976498020415,8
2006-04-26,0.9767048240291852,8
2006-04-27,0.969116705876831,8
2006-04-28,0.9787435965044672,8
2006-05-08,0.9877026479155306,8
2006-05-09,0.9981411190940062,10
2006-05-10,1.003368727124136,10
2006-05-11,0.9963972659818603,10
2006-05-12,1.0027815946441503,10
2006-05-15,1.023432410371803,10
2006-05-16,1.0079599179863137,10
2006-05-17,1.0126206760823486,10
2006-05-18,1.0120689214840703,10
2006-05-19,1.0214813091098291,10
2006-05-22,1.026949946021618,10
2006-05-23,1.0037292687265968,10
2006-05-24,0.9955942242169644,10
2006-05-25,1.0018495917940162,10
2006-05-26,1.0085882627061378,10
2006-05-29,1.0157596214801639,10
2006-05-30,1.022689300577103,10
2006-05-31,1.0249623803330734,10
2006-06-01,1.038556127818044,10
2006-06-02,1.0357838770444476,20
2006-06-05,1.0425949697427945,20
2006-06-06,1.0373035799708406,20
2006-06-07,1.0140418230500627,20
2006-06-08,1.0154729287443751,20
2006-06-09,1.0092982811386892,20
2006-06-12,1.0116066402401365,20
2006-06-13,1.0137687340657011,20
2006-06-14,1.0104849377118075,20
2006-06-15,1.013080298945956,20
2006-06-16,1.0222078500639664,20
2006-06-19,1.0268480157492326,20
2006-06-20,1.0278858389270071,20
2006-06-21,1.0264498704551275,20
2006-06-22,1.0228676306283413,20
2006-06-23,1.0234160994271162,20
2006-06-26,1.029989728622706,20
2006-06-27,1.0292014536371636,20
2006-06-28,1.0285552558871882,20
2006-06-29,1.0362563939298426,20
2006-06-30,1.035158191522132,20
2006-07-03,1.040940428182268,20
2006-07-04,1.037307375856658,20
2006-07-05,1.0349052099488472,20
2006-07-06,1.043104136713747,20
2006-07-07,1.0429889969297534,20
2006-07-10,1.046160991142124,20
2006-07-11,1.0480395089697192,20
2006-07-12,1.0500820558369408,20
2006-07-13,1.0299040257693914,20
2006-07-14,1.0342266334836345,20
2006-07-17,1.041680188595133,20
2006-07-18,1.042207538949778,20
2006-07-19,1.0353579405656819,20
2006-07-20,1.036263231003219,20
2006-07-21,1.037653320512681,20
2006-07-24,1.034973045720291,20
2006-07-25,1.0372395149930074,20
2006-07-26,1.0391013590786258,20
2006-07-27,1.0370672961436342,20
2006-07-28,1.0322345051194564,20
2006-07-31,1.0052852860685473,20
2006-08-01,0.9995933956087851,20
2006-08-02,0.9992876004400346,20
2006-08-03,1.000826143524611,20
2006-08-04,0.987010649255071,20
2006-08-07,0.9743684198278112,20
2006-08-08,0.9841464291179133,20
2006-08-09,0.9804919430765783,20
2006-08-10,0.9898756903413932,20
2006-08-11,0.9918659033813843,20
2006-08-14,0.981115789997477,20
2006-08-15,0.9872314407492684,20
2006-08-16,0.9965526887358395,20
2006-08-17,0.9925172328603489,20
2006-08-18,0.9939210462551478,20
2006-08-21,0.9998169145196231,20
2006-08-22,1.004148150648677,20
2006-08-23,1.0027777408676923,20
2006-08-24,1.0071663415334564,20
2006-08-25,1.0084907626102522,20
2006-08-28,1.0168927357748452,20
2006-08-29,1.019416340832495,20
2006-08-30,1.018173074932117,20
2006-08-31,1.0187824662104628,20
2006-09-01,1.0068578739919642,20
2006-09-04,1.0229489259572582,20
2006-09-05,1.0164154130874794,20
2006-09-06,1.020125030939833,20
2006-09-07,1.0137471964006286,20
2006-09-08,1.0139043249160409,20
2006-09-11,1.01514635964005,20
2006-09-12,1.0213881174266706,20
2006-09-13,1.0110079062263104,20
2006-09-14,1.005045367595437,20
2006-09-15,1.0131692915304078,20
2006-09-18,1.0218071601581746,20
2006-09-19,1.0274481200237775,20
2006-09-20,1.0286893931825236,20
2006-09-21,1.0354122780409374,20
2006-09-22,1.0289193458515387,20
2006-09-25,1.0257336723911488,20
2006-09-26,1.0184343434833942,20
2006-09-27,1.0221890112571643,20
2006-09-28,1.0321238563350534,20
2006-09-29,1.0393041481925591,20
2006-10-09,1.0532035393562995,20
2006-10-10,1.0669329823940867,20
2006-10-11,1.0742965050302504,20
2006-10-12,1.0609519310330604,20
2006-10-13,1.0602628807570644,20
2006-10-16,1.0588105633332396,20
2006-10-17,1.0629381901212462,20
2006-10-18,1.0698458778792979,20
2006-10-19,1.0774964660043045,20
2006-10-20,1.068434601050167,20
2006-10-23,1.048288918737955,20
2006-10-24,1.066742772253566,20
2006-10-25,1.0658611721479676,20
2006-10-26,1.0681123535500736,20
2006-10-27,1.0569215183089462,20
2006-10-30,1.0659890506131113,20
2006-10-31,1.0718107937930916,20
2006-11-01,1.0796678512834532,20
2006-11-02,1.0804782951252612,20
2006-11-03,1.0764699525903616,20
2006-11-06,1.0690560875104222,20
2006-11-07,1.0623270192435852,20
2006-11-08,1.0600700945460966,20
2006-11-09,1.0681133995362042,20
2006-11-10,1.0543173104709176,20
2006-11-13,1.0229744732859047,20
2006-11-14,1.0254046624535675,20
2006-11-15,1.0420388871648614,20
2006-11-16,1.0322290908926512,20
2006-11-17,1.0328217078091646,20
2006-11-20,1.0243120176748368,20
2006-11-21,1.0457986017773964,20
2006-11-22,1.055190634124292,20
2006-11-23,1.0534775363198792,20
2006-11-24,1.0587718419007903,20
2006-11-27,1.0823668023683155,20
2006-11-28,1.0830741594734417,20
2006-11-29,1.1033091925744964,20
2006-11-30,1.1233605670262559,20
2006-12-01,1.1297151511514367,20
2006-12-04,1.153746792717625,20
2006-12-05,1.1467587071199463,20
2006-12-06,1.1335832262854293,20
2006-12-07,1.1226744507572703,20
2006-12-08,1.092424667663379,20
2006-12-11,1.1242501320203144,20
2006-12-12,1.1341326608294506,20
2006-12-13,1.1367002198016132,20
2006-12-14,1.1674126053366987,20
2006-12-15,1.1852409096715053,20
2006-12-18,1.2091876257684866,20
2006-12-19,1.2124059222933696,20
2006-12-20,1.2456405454486306,20
2006-12-21,1.2429258045814264,20
2006-12-22,1.2281229630377861,20
2006-12-25,1.2384441410611102,20
2006-12-26,1.234782871036424,20
2006-12-27,1.246981072685421,20
2006-12-28,1.229175696087918,20
2006-12-29,1.2547511576494537,20
2007-01-04,1.2533991293179991,20
2007-01-05,1.2907053148445913,20
2007-01-08,1.3321186250007546,20
2007-01-09,1.3560011539981944,20
2007-01-10,1.38529952304022,20
2007-01-11,1.3732078327437016,20
2007-01-12,1.3433436332628772,20
2007-01-15,1.4127500884026536,20
2007-01-16,1.4567913836030688,20
2007-01-17,1.456860444697867,20
2007-01-18,1.4923028083496097,20
2007-01-19,1.5326628756391145,20
2007-01-22,1.5935127763498285,20
2007-01-23,1.5789257084097013,20
2007-01-24,1.585761913544001,20
2007-01-25,1.5169838046716615,20
2007-01-26,1.525025152964295,20
2007-01-29,1.5560956428491617,20
2007-01-30,1.5723604943661018,20
2007-01-31,1.5117122968175678,20
2007-02-01,1.5291739103318345,20
2007-02-02,1.517197230917288,20
2007-02-05,1.5192074006477645,20
2007-02-06,1.539531824949453,20
2007-02-07,1.5557431697115796,20
2007-02-08,1.5702617950632007,20
2007-02-09,1.5745753213365752,20
2007-02-12,1.6122948644305442,20
2007-02-13,1.640228884357849,20
2007-02-14,1.6654227764142568,20
2007-02-15,1.7047458390715928,20
2007-02-16,1.7167410256048357,20
2007-02-26,1.7341309876328033,20
2007-02-27,1.612381028167083,20
2007-02-28,1.6361127993052544,20
2007-03-01,1.5891981098790262,20
2007-03-02,1.6051842197655866,20
2007-03-05,1.6044559626516577,20
2007-03-06,1.615294425217524,20
2007-03-07,1.64505635812178,20
2007-03-08,1.6636134460710879,20
2007-03-09,1.6542599726911147,20
2007-03-12,1.6549745968778429,20
2007-03-13,1.662075208017669,20
2007-03-14,1.6478212592179786,20
2007-03-15,1.6616116278898934,20
2007-03-16,1.654883021844102,20
2007-03-19,1.6650159339231463,20
2007-03-20,1.674802051681942,20
2007-03-21,1.6958257994589379,20
2007-03-22,1.6992969809030187,20
2007-03-23,1.7055791820815993,20
2007-03-26,1.7303999797641982,20
2007-03-27,1.7373288226956893,20
2007-03-28,1.7216766111150534,20
2007-03-29,1.7032383926410766,20
2007-03-30,1.7116052704978943,20
2007-04-02,1.7314593951519839,20
2007-04-03,1.7383309074893911,20
2007-04-04,1.7596554721724809,20
2007-04-05,1.7710587980599022,20
2007-04-06,1.7923729794070498,20
2007-04-09,1.8119731625771545,20
2007-04-10,1.833062805495162,20
2007-04-11,1.849101540898976,20
2007-04-12,1.8698717943406917,20
2007-04-13,1.8726976501311239,20
2007-04-16,1.904638932295054,20
2007-04-17,1.9330517829941318,20
2007-04-18,1.9495907858795611,20
2007-04-19,1.8837009163247316,20
2007-04-20,1.9372268834656792,20
2007-04-23,1.9584638679443855,20
2007-04-24,1.9601761893738114,20
2007-04-25,1.9563464022985546,20
2007-04-26,1.9682231813401116,20
2007-04-27,1.946489359505594,20
2007-04-30,1.9463985439202043,20
2007-05-08,1.9785205484708699,20
2007-05-09,1.9542573772351342,20
2007-05-10,1.9588300362261595,20
2007-05-11,1.9488429430737082,20
2007-05-14,1.9563237868270111,20
2007-05-15,1.9397257522019526,20
2007-05-16,1.9580612973041398,20
2007-05-17,1.9830634074563662,20
2007-05-18,1.997253308012799,20
2007-05-21,2.0247932382567253,20
2007-05-22,2.0471803671245428,20
2007-05-23,2.0786965423291064,20
2007-05-24,2.0586749029289853,20
2007-05-25,2.0793652325308516,20
2007-05-28,2.1150338477636685,20
2007-05-29,2.1548671104882535,20
2007-05-30,2.051725346384326,20
2007-05-31,2.071167303917128,20
2007-06-01,2.0379274736937436,20
2007-06-04,1.9362893519299849,20
2007-06-05,1.967630653307967,20
2007-06-06,1.9908101835255898,20
2007-06-07,2.055032594575662,20
2007-06-08,2.071951650939015,20
2007-06-11,2.113056488743744,20
2007-06-12,2.1388297230325892,20
2007-06-13,2.1765167395234943,20
2007-06-14,2.164715750698769,20
2007-06-15,2.211716809468537,20
2007-06-18,2.257320268574362,20
2007-06-19,2.2561803339954944,20
2007-06-20,2.2046231182036435,20
2007-06-21,2.2025117238604603,20
2007-06-22,2.1331697205993807,20
2007-06-25,2.061842366782159,20
2007-06-26,2.1180620876990064,20
2007-06-27,2.1479349712294433,20
2007-06-28,2.0646125848074353,20
2007-06-29,2.024605073456005,20
2007-07-02,2.0476638973187886,20
2007-07-03,2.0777168745520633,20
2007-07-04,2.0415651208393504,20
2007-07-05,1.9693954981908275,20
2007-07-06,2.0277227918812812,20
2007-07-09,2.058293881448401,20
2007-07-10,2.016155356383669,20
2007-07-11,2.0289490094598954,20
2007-07-12,2.033259904910918,20
2007-07-13,2.038498962854843,20
2007-07-16,2.0193165679796015,20
2007-07-17,2.0395795169758606,20
2007-07-18,2.0512972715824915,20
2007-07-19,2.0607003206073573,20
2007-07-20,2.0987787050217985,20
2007-07-23,2.143945495886966,20
2007-07-24,2.1425156247483312,20
2007-07-25,2.168261500418179,20
2007-07-26,2.1752688010276744,20
2007-07-27,2.2141770713245603,20
2007-07-30,2.2407432784390378,20
2007-07-31,2.245010538118568,20
2007-08-01,2.1831130741172613,20
2007-08-02,2.222207393226281,20
2007-08-03,2.2420911632301803,20
2007-08-06,2.2421263142156627,20
2007-08-07,2.2417180295466705,20
2007-08-08,2.2139811612579097,20
2007-08-09,2.2197654170186976,20
2007-08-10,2.1865494537255006,20
2007-08-13,2.190425928438209,20
2007-08-14,2.222827986522605,20
2007-08-15,2.2131934154728614,20
2007-08-16,2.2165904171331117,20
2007-08-17,2.212158898313394,20
2007-08-20,2.2529144146344664,20
2007-08-21,2.2500063829613812,20
2007-08-22,2.2573969213463854,20
2007-08-23,2.269150057354112,20
2007-08-24,2.2766240942339118,20
2007-08-27,2.257489711272815,20
2007-08-28,2.2417976992581052,20
2007-08-29,2.239796825640286,20
2007-08-30,2.2730118677500837,20
2007-08-31,2.286386236271549,20
2007-09-03,2.3003857821503972,20
2007-09-04,2.2956517139726746,20
2007-09-05,2.295923928194835,20
2007-09-06,2.3007672876054706,20
2007-09-07,2.2722057350941967,20
2007-09-10,2.2916890321909023,20
2007-09-11,2.2119928241892017,20
2007-09-12,2.2170430692826817,20
2007-09-13,2.2313046733910844,20
2007-09-14,2.238392970375522,20
2007-09-17,2.2478868806633665,20
2007-09-18,2.252148138101346,20
2007-09-19,2.238366153754203,20
2007-09-20,2.2424234917388897,20
2007-09-21,2.228549653669843,20
2007-09-24,2.227649241795644,20
2007-09-25,2.2211645269536993,20
2007-09-26,2.2132341081306066,20
2007-09-27,2.2300945627798483,20
2007-09-28,2.2522314676709327,20
2007-10-08,2.2539463352114018,20
2007-10-09,2.264178045320884,20
2007-10-10,2.2539398536076156,20
2007-10-11,2.240760890916598,20
2007-10-12,2.203420242088333,20
2007-10-15,2.2073066076679413,20
2007-10-16,2.2246551260164535,20
2007-10-17,2.2300288062372426,20
2007-10-18,2.2170101434250666,20
2007-10-19,2.2151126797116447,20
2007-10-22,2.1992785377163724,20
2007-10-23,2.213542898399872,20
2007-10-24,2.198947563840902,20
2007-10-25,2.1128119407563406,20
2007-10-26,2.1001592251660957,20
2007-10-29,2.108570027410879,20
2007-10-30,2.1283523134331004,20
2007-10-31,2.1742519620489658,20
2007-11-01,2.1362383231124102,20
2007-11-02,2.1035482979651903,20
2007-11-05,2.1350229039779562,20
2007-11-06,2.1391020124402957,20
2007-11-07,2.127458797088201,20
2007-11-08,2.0923035949704425,20
2007-11-09,2.0960905400675154,20
2007-11-12,2.0813827523502146,20
2007-11-13,2.085941552666098,20
2007-11-14,2.120839714727818,20
2007-11-15,2.1116199133581524,20
2007-11-16,2.1153426043999035,20
2007-11-19,2.1585941930157566,20
2007-11-20,2.1725253079036317,20
2007-11-21,2.1718202301869245,20
2007-11-22,2.129462908294599,20
2007-11-23,2.137921648266101,20
2007-11-26,2.1308168148770528,20
2007-11-27,2.11718448509272,20
2007-11-28,2.1146868095608866,20
2007-11-29,2.1469144935889317,20
2007-11-30,2.129545869683092,20
2007-12-03,2.135989770233251,20
2007-12-04,2.142200645678254,20
2007-12-05,2.1584589910816723,20
2007-12-06,2.156218632372915,20
2007-12-07,2.169852102076059,20
2007-12-10,2.202723542314576,20
2007-12-11,2.209727574121978,20
2007-12-12,2.2289975800644446,20
2007-12-13,2.2138455409657833,20
2007-12-14,2.2225899749957714,20
2007-12-17,2.2410035009706357,20
2007-12-18,2.2240376444198944,20
2007-12-19,2.2433058664178653,20
2007-12-20,2.2533542537773825,20
2007-12-21,2.2670160611087296,20
2007-12-24,2.2867012995724187,20
2007-12-25,2.312350827688354,20
2007-12-26,2.3455277574937012,20
2007-12-27,2.360902953708559,20
2007-12-28,2.3619214147293843,20
2008-01-02,2.4253532700456053,20
2008-01-03,2.4466827208532873,20
2008-01-04,2.4383904143836252,20
2008-01-07,2.4622379573762383,20
2008-01-08,2.417976223143295,20
2008-01-09,2.4615101733805327,20
2008-01-10,2.456386978507982,20
2008-01-11,2.4624560556679445,20
2008-01-14,2.4832698186470767,20
2008-01-15,2.5225472859930416,20
2008-01-16,2.519530663392308,20
2008-01-17,2.4951947480413224,20
2008-01-18,2.504950746940122,20
2008-01-21,2.4485606526324672,20
2008-01-22,2.3147210544343406,20
2008-01-23,2.38019332758339,20
2008-01-24,2.424750454375419,20
2008-01-25,2.4202968799550804,20
2008-01-28,2.3183199117105073,20
2008-01-29,2.329995311254493,20
2008-01-30,2.3499063724537077,20
2008-01-31,2.3188850561678405,20
2008-02-01,2.260808224611723,20
2008-02-04,2.3487756319534623,20
2008-02-05,2.3424294925359375,20
2008-02-13,2.331650324980437,20
2008-02-14,2.357230706721948,20
2008-02-15,2.357977986271912,20
2008-02-18,2.4043908766464206,20
2008-02-19,2.4228908836132925,20
2008-02-20,2.402870773492642,20
2008-02-21,2.4037946030252018,20
2008-02-22,2.3725648213530635,20
2008-02-25,2.3310727110193388,20
2008-02-26,2.332132548144972,20
2008-02-27,2.348931165690625,20
2008-02-28,2.3585505920733243,20
2008-02-29,2.3724628113196817,20
2008-03-03,2.403244793704621,20
2008-03-04,2.391675473072931,20
2008-03-05,2.3845991871226553,20
2008-03-06,2.3888450883282366,20
2008-03-07,2.3727139664301955,20
2008-03-10,2.341839575727789,20
2008-03-11,2.345605411418239,20
2008-03-12,2.3218632678344306,20
2008-03-13,2.285800054255942,20
2008-03-14,2.279213241107016,20
2008-03-17,2.207595007796444,20
2008-03-18,2.1341731802272332,20
2008-03-19,2.1779748734845037,20
2008-03-20,2.2176487141748833,20
2008-03-21,2.216357350595772,20
2008-03-24,2.1939494921077762,20
2008-03-25,2.213510366279037,20
2008-03-26,2.2132009922135403,20
2008-03-27,2.1670464420008653,20
2008-03-28,2.1919098718358354,20
2008-03-31,2.1714062289495732,20
2008-04-01,2.123929357631552,20
2008-04-02,2.093880109747988,20
2008-04-03,2.1045451575904677,20
2008-04-07,2.135513131935767,20
2008-04-08,2.1441342012947002,20
2008-04-09,2.1180195582114334,20
2008-04-10,2.1273534946127963,20
2008-04-11,2.1415507616934795,20
2008-04-14,2.108358718980992,20
2008-04-15,2.1174463324357204,20
2008-04-16,2.108973638479796,20
2008-04-17,2.0899264503149637,20
2008-04-18,2.0621974630070348,20
2008-04-21,2.0562539590395805,20
2008-04-22,2.0427038346023116,20
2008-04-23,2.06659574808768,20
2008-04-24,2.1154598089801255,20
2008-04-25,2.116149245380747,20
2008-04-28,2.1077186979554106,20
2008-04-29,2.1159952743897468,20
2008-04-30,2.135325625361826,20
2008-05-05,2.1513191661988764,20
2008-05-06,2.1475872336906345,18
2008-05-07,2.1243751662651826,18
2008-05-08,2.1384780798579865,18
2008-05-09,2.1367720589136114,18
2008-05-12,2.143223509836835,18
2008-05-13,2.1449917248488535,18
2008-05-14,2.161728441722742,18
2008-05-15,2.165087148675732,18
2008-05-16,2.160363822847557,18
2008-05-19,2.1602671607164803,18
2008-05-20,2.132172232190639,18
2008-05-21,2.1402300033259385,18
2008-05-22,2.1283874469647643,18
2008-05-23,2.1272755987734513,18
2008-05-26,2.111037063268378,18
2008-05-27,2.1114710887069315,18
2008-05-28,2.125560833290875,18
2008-05-29,2.115169024158473,18
2008-05-30,2.1241589982124895,18
2008-06-02,2.1284479449707687,18
2008-06-03,2.128545772409667,20
2008-06-04,2.1252273505953476,20
2008-06-05,2.1332904814723146,20
2008-06-06,2.1397122268187974,20
2008-06-10,2.099011648167747,20
2008-06-11,2.088949182897029,20
2008-06-12,2.091026368261092,20
2008-06-13,2.079277423746175,20
2008-06-16,2.076261861137422,20
2008-06-17,2.079620321239502,20
2008-06-18,2.0970111295086906,20
2008-06-19,2.055269809853085,20
2008-06-20,2.0494848196892397,20
2008-06-23,2.024759131512609,20
2008-06-24,2.029920133271589,20
2008-06-25,2.0538723375749175,20
2008-06-26,2.0633322547665154,20
2008-06-27,2.0299137766475335,20
2008-06-30,2.033339765423962,20
2008-07-01,2.025562306542536,20
2008-07-02,2.031590959555975,20
2008-07-03,2.0482983047750647,20
2008-07-04,2.045636800772486,20
2008-07-07,2.065557178551795,20
2008-07-08,2.0723495684800604,20
2008-07-09,2.0870149724229066,20
2008-07-10,2.0842365252336554,20
2008-07-11,2.077360177669966,20
2008-07-14,2.086204356491136,20
2008-07-15,2.075151627875821,20
2008-07-16,2.0523563018767312,20
2008-07-17,2.047958380024505,20
2008-07-18,2.061339926180558,20
2008-07-21,2.075683820224369,20
2008-07-22,2.0787699121021586,20
2008-07-23,2.077019511625453,20
2008-07-24,2.085878158956034,20
2008-07-25,2.0860103663957568,20
2008-07-28,2.090606350096998,20
2008-07-29,2.080819574019884,20
2008-07-30,2.079426586684651,20
2008-07-31,2.066333606938608,20
2008-08-01,2.0657459657366912,20
2008-08-04,2.0569774067506175,20
2008-08-05,2.0539051028547455,20
2008-08-06,2.0552969970496986,20
2008-08-07,2.059010688886974,20
2008-08-08,2.033249276411245,20
2008-08-11,2.0107405242277467,20
2008-08-12,2.005898415272124,20
2008-08-13,1.9985160358655976,20
2008-08-14,2.0012841187165225,20
2008-08-15,2.004462900112866,20
2008-08-18,1.9839552246826853,20
2008-08-19,1.9888888518735297,20
2008-08-20,2.020559568393638,20
2008-08-21,2.0061098455794437,20
2008-08-22,2.001925799188807,20
2008-08-25,2.0002421142686937,20
2008-08-26,1.9803129410337967,20
2008-08-27,1.9799768617363338,20
2008-08-28,1.9794738820558961,20
2008-08-29,1.9895318397055055,20
2008-09-01,1.9771567467004054,20
2008-09-02,1.9779386381996307,20
2008-09-03,1.9738599300963369,20
2008-09-04,1.978775833028661,20
2008-09-05,1.9589877382818974,20
2008-09-08,1.93756874764093,20
2008-09-09,1.9424796367656916,20
2008-09-10,1.945469127429126,20
2008-09-11,1.9359879576681343,20
2008-09-12,1.9387105731518544,20
2008-09-16,1.9284886911174655,20
2008-09-17,1.9240229186324973,20
2008-09-18,1.9104247585231513,20
2008-09-19,1.9469322563808522,20
2008-09-22,1.9630273407385193,20
2008-09-23,1.9400447722960332,20
2008-09-24,1.9432429923124952,20
2008-09-25,1.9550482032895227,20
2008-09-26,1.950805747366669,20
2008-10-06,1.9304683477650777,20
2008-10-07,1.9271926183252743,20
2008-10-08,1.9220415394155255,20
2008-10-09,1.9211574140398076,20
2008-10-10,1.8967581811936765,20
2008-10-13,1.8981427126339017,20
2008-10-14,1.8867502547415724,20
2008-10-15,1.884117324901915,20
2008-10-16,1.8578970642446497,20
2008-10-17,1.8601489056353318,20
2008-10-20,1.8726279314621586,20
2008-10-21,1.8766201669120701,20
2008-10-22,1.8688455056532856,20
2008-10-23,1.871184379323403,20
2008-10-24,1.8694978577251307,20
2008-10-27,1.8482006575746552,20
2008-10-28,1.8587139935462484,20
2008-10-29,1.8554305556993185,20
2008-10-30,1.8588052948848277,20
2008-10-31,1.8516743300068628,20
2008-11-03,1.852003348575765,20
2008-11-04,1.8522893725404757,20
2008-11-05,1.8654650801145096,20
2008-11-06,1.8569903509990728,20
2008-11-07,1.864749255975334,20
2008-11-10,1.8906053456216794,20
2008-11-11,1.8874779210593153,20
2008-11-12,1.8977039147058266,20
2008-11-13,1.9155003203519536,20
2008-11-14,1.931193942116237,20
2008-11-17,1.9490795163845167,20
2008-11-18,1.9182031174341996,20
2008-11-19,1.9472421659521824,20
2008-11-20,1.9433739843421483,20
2008-11-21,1.9345522934058834,20
2008-11-24,1.9211861817095142,20
2008-11-25,1.9191220150584516,20
2008-11-26,1.9250083713046802,20
2008-11-27,1.9291023337612547,20
2008-11-28,1.9201553373728564,20
2008-12-01,1.9437184994390444,20
2008-12-02,1.9547630290599811,20
2008-12-03,1.971140409315971,20
2008-12-04,1.969794995670888,20
2008-12-05,1.9853321788170402,20
2008-12-08,2.0035075417306447,20
2008-12-09,1.9885585103312813,20
2008-12-10,2.0054612084825525,20
2008-12-11,1.9929056964775278,20
2008-12-12,1.9778445204268684,20
2008-12-15,1.9838900233348127,20
2008-12-16,1.9907969543324833,20
2008-12-17,1.9957521217480823,20
2008-12-18,2.003512131114344,20
2008-12-19,2.0138561418660945,20
2008-12-22,2.0306573250857456,20
2008-12-23,1.9993908151433362,20
2008-12-24,1.9895864502939895,20
2008-12-25,1.9976346167294134,20
2008-12-26,2.0079088246992804,20
2008-12-29,2.007687723739603,20
2008-12-30,2.0170138629646335,20
2008-12-31,2.0184679439001436,20
2009-01-05,2.032372927801685,20
2009-01-06,2.0377731932319687,20
2009-01-07,2.03551805188441,20
2009-01-08,2.029878118997065,20
2009-01-09,2.049905031820257,20
2009-01-12,2.052365892341847,20
2009-01-13,2.0339648021532293,20
2009-01-14,2.0525194315396966,20
2009-01-15,2.053952132088477,20
2009-01-16,2.0513820425298293,20
2009-01-19,2.0527914091338566,20
2009-01-20,2.057874200696779,20
2009-01-21,2.0558074940292137,20
2009-01-22,2.059546859365614,20
2009-01-23,2.055871132063587,20
2009-02-02,2.0644548765681408,20
2009-02-03,2.073511313135437,20
2009-02-04,2.0789163761507643,20
2009-02-05,2.0772170101815446,20
2009-02-06,2.0951609639021127,20
2009-02-09,2.1087806655861803,20
2009-02-10,2.117508468539156,20
2009-02-11,2.1112748275555027,20
2009-02-12,2.115562351834432,20
2009-02-13,2.129919250938498,20
2009-02-16,2.1335271168037724,20
2009-02-17,2.121877125816196,20
2009-02-18,2.0995814254979837,20
2009-02-19,2.1108483254556702,20
2009-02-20,2.1233464685230294,20
2009-02-23,2.1373632027431633,20
2009-02-24,2.1173876873391175,20
2009-02-25,2.125059633528959,20
2009-02-26,2.0952159595654276,20
2009-02-27,2.0669137622748774,20
2009-03-02,2.0770258903430445,20
2009-03-03,2.082058275976487,20
2009-03-04,2.135829962634902,20
2009-03-05,2.145104991804851,20
2009-03-06,2.140896468371956,20
2009-03-09,2.1060139692578956,20
2009-03-10,2.1324171090996353,20
2009-03-11,2.131394486454657,20
2009-03-12,2.129897238349836,20
2009-03-13,2.1378987933127154,20
2009-03-16,2.155479187735382,20
2009-03-17,2.1805544345902814,20
2009-03-18,2.187723877897728,20
2009-03-19,2.2068716704365454,20
2009-03-20,2.1909064269790095,20
2009-03-23,2.212250337027839,20
2009-03-24,2.2274105749666897,20
2009-03-25,2.2032132316250954,20
2009-03-26,2.223458069101233,20
2009-03-27,2.2206534191904086,20
2009-03-30,2.2355499248622315,20
2009-03-31,2.2441562621879716,20
2009-04-01,2.2598441239132088,20
2009-04-02,2.272005144857008,20
2009-04-03,2.2886950168707676,20
2009-04-07,2.312574909119532,20
2009-04-08,2.2893683458887915,20
2009-04-09,2.3184724915257324,20
2009-04-10,2.3507018988202706,20
2009-04-13,2.3779268374053113,20
2009-04-14,2.43638221125507,20
2009-04-15,2.4676679487661493,20
2009-04-16,2.4664782899266418,20
2009-04-17,2.4272698693394354,20
2009-04-20,2.4535497165143867,20
2009-04-21,2.4428761728555717,20
2009-04-22,2.3838895583896234,20
2009-04-23,2.4122864365030487,20
2009-04-24,2.3997546585330767,20
2009-04-27,2.362249615262782,20
2009-04-28,2.3674948861228726,20
2009-04-29,2.3818229763477374,20
2009-04-30,2.3918771782362396,20
2009-05-04,2.4387202991364783,20
2009-05-05,2.4538614281083757,20
2009-05-06,2.4674448782031684,20
2009-05-07,2.4594506670841674,20
2009-05-08,2.4447109515482364,20
2009-05-11,2.3942706527283164,20
2009-05-12,2.4251112127633228,20
2009-05-13,2.4410785989460013,20
2009-05-14,2.446614278921315,20
2009-05-15,2.4419583115786043,20
2009-05-18,2.44130413620615,20
2009-05-19,2.449746405914548,20
2009-05-20,2.441002154384006,20
2009-05-21,2.4184888601809833,20
2009-05-22,2.4262692108353208,20
2009-05-25,2.420342515223427,20
2009-05-26,2.440076262460201,20
2009-05-27,2.434304930431651,20
2009-06-01,2.456718180771804,20
2009-06-02,2.4506364409571275,20
2009-06-03,2.449538044728442,20
2009-06-04,2.4460516409524677,20
2009-06-05,2.434529505188538,20
2009-06-08,2.429556336396602,20
2009-06-09,2.429916602679572,20
2009-06-10,2.451474301664067,20
2009-06-11,2.451368732283428,20
2009-06-12,2.4241958659239016,20
2009-06-15,2.4387704645604718,20
2009-06-16,2.440214916764686,20
2009-06-17,2.449886383030149,20
2009-06-18,2.453540452804565,20
2009-06-19,2.4728811516781355,20
2009-06-22,2.4611350613907104,20
2009-06-23,2.4698261260324927,20
2009-06-24,2.4817626579644783,20
2009-06-25,2.5039654656981947,20
2009-06-26,2.50941526797385,20
2009-06-29,2.4950255076497663,20
2009-06-30,2.479202936688367,20
2009-07-01,2.465877873205675,20
2009-07-02,2.476926838149848,20
2009-07-03,2.493864608554105,20
2009-07-06,2.493209503098856,20
2009-07-07,2.551155379824752,20
2009-07-08,2.5684644918421613,20
2009-07-09,2.62954504194252,20
2009-07-10,2.613404653347429,20
2009-07-13,2.6287856028572625,20
2009-07-14,2.6557371780079646,20
2009-07-15,2.6906967481411197,20
2009-07-16,2.666512495231869,20
2009-07-17,2.676062048744168,20
2009-07-20,2.716670179839482,20
2009-07-21,2.6808859625887536,20
2009-07-22,2.7024190118592424,20
2009-07-23,2.7088152223161353,20
2009-07-24,2.704739247655938,20
2009-07-27,2.7328813520408217,20
2009-07-28,2.740673375284608,20
2009-07-29,2.6574432218126436,20
2009-07-30,2.6844144620351478,20
2009-07-31,2.7305062742530226,20
2009-08-03,2.7674116349073263,20
2009-08-04,2.7776057245671018,20
2009-08-05,2.789878713941883,20
2009-08-06,2.777388377980769,20
2009-08-07,2.7312992716423063,20
2009-08-10,2.753098311569464,20
2009-08-11,2.765192183568539,20
2009-08-12,2.643165686996591,20
2009-08-13,2.6420317593885825,20
2009-08-14,2.5538099437234685,20
2009-08-17,2.4399651168871705,20
2009-08-18,2.4729237318418984,20
2009-08-19,2.408365955904115,20
2009-08-20,2.475089273318729,20
2009-08-21,2.5481167364068162,20
2009-08-24,2.600394719473976,20
2009-08-25,2.576025734326402,20
2009-08-26,2.6274222729697527,20
2009-08-27,2.633367972761796,20
2009-08-28,2.6211030961708475,20
2009-08-31,2.501115113925771,20
2009-09-01,2.4788203285336627,20
2009-09-02,2.5109208773777723,20
2009-09-03,2.5827849937893044,20
2009-09-04,2.603712236282463,20
2009-09-07,2.628197373607412,20
2009-09-08,2.6369469786129613,20
2009-09-09,2.656400564982923,20
2009-09-10,2.6406057170267414,20
2009-09-11,2.6612367598851443,20
2009-09-14,2.7013575418183673,20
2009-09-15,2.721851505097052,20
2009-09-16,2.737968998814364,20
2009-09-17,2.8031726879765233,20
2009-09-18,2.737955010885912,20
2009-09-21,2.779184641039148,20
2009-09-22,2.7615107997429176,20
2009-09-23,2.733693137808028,20
2009-09-24,2.700747891171378,20
2009-09-25,2.707542149097754,20
2009-09-28,2.6650208476707906,20
2009-09-29,2.623918019463315,20
2009-09-30,2.645328355400732,20
2009-10-09,2.7151827871556518,20
2009-10-12,2.727276276419269,20
2009-10-13,2.7379589118242094,20
2009-10-14,2.743498315272187,20
2009-10-15,2.771883806740264,20
2009-10-16,2.7743356554525485,20
2009-10-19,2.8007010939092254,20
2009-10-20,2.8238833569129356,20
2009-10-21,2.802620762530913,20
2009-10-22,2.8253912840113142,20
2009-10-23,2.8560087017653824,20
2009-10-26,2.865462452109062,20
2009-10-27,2.86954482892785,20
2009-10-28,2.890803077388549,20
2009-10-29,2.8709827635804666,20
2009-10-30,2.872166842016664,20
2009-11-02,2.911829458524584,20
2009-11-03,2.9275840760112213,20
2009-11-04,2.957227980762397,20
2009-11-05,2.966652553044239,20
2009-11-06,2.980006771942722,20
2009-11-09,2.995995891713788,20
2009-11-10,2.985072777384636,20
2009-11-11,2.992004212648355,20
2009-11-12,3.0032760622662455,20
2009-11-13,3.03038718643058,20
2009-11-16,3.079125820171742,20
2009-11-17,3.0921314132938904,20
2009-11-18,3.107406004032892,20
2009-11-19,3.126062509452824,20
2009-11-20,3.134943376897821,20
2009-11-23,3.1572562548641985,20
2009-11-24,3.0508174459608544,20
2009-11-25,3.1184180088820734,20
2009-11-26,3.0224223304782756,20
2009-11-27,3.0120610439153643,20
2009-11-30,3.100005880395611,20
2009-12-01,3.160877573095876,20
2009-12-02,3.2056762811852666,20
2009-12-03,3.2203275879823234,20
2009-12-04,3.1489521895675012,20
2009-12-07,3.208361396425146,20
2009-12-08,3.2260389800220484,20
2009-12-09,3.211519215110921,20
2009-12-10,3.2525997039564665,20
2009-12-11,3.258782725965234,20
2009-12-14,3.252631911894296,20
2009-12-15,3.2505461239476072,20
2009-12-16,3.215976686610184,20
2009-12-17,3.1491372662488724,20
2009-12-18,3.105408161528954,20
2009-12-21,3.1405884450026895,20
2009-12-22,3.0971132593377697,20
2009-12-23,3.130313508565156,20
2009-12-24,3.216162456178147,20
2009-12-25,3.2232619521608803,20
2009-12-28,3.251354094583084,20
2009-12-29,3.2859897020528286,20
2009-12-30,3.264501658376454,20
2009-12-31,3.3067139762940916,20
2010-01-04,3.3389089036046173,20
2010-01-05,3.381941081904402,20
2010-01-06,3.359645216093367,20
2010-01-07,3.3389492245326013,20
2010-01-08,3.36468372751589,20
2010-01-11,3.415437327999599,20
2010-01-12,3.4768528122700477,20
2010-01-13,3.4717971827688205,20
2010-01-14,3.5255156973986352,20
2010-01-15,3.5587730871512653,20
2010-01-18,3.601000456593234,20
2010-01-19,3.5683422889641925,20
2010-01-20,3.4482830110661418,20
2010-01-21,3.4541931052242294,20
2010-01-22,3.3929391012165633,20
2010-01-25,3.3709672403944957,20
2010-01-26,3.295009165138512,20
2010-01-27,3.300889388938104,20
2010-01-28,3.3269327745912247,20
2010-01-29,3.3582807264591503,20
2010-02-01,3.327122344331003,20
2010-02-02,3.3002477407786093,20
2010-02-03,3.309189475246083,20
2010-02-04,3.302301029642138,20
2010-02-05,3.2478047470528817,20
2010-02-08,3.238400446827149,20
2010-02-09,3.2551644009869745,20
2010-02-10,3.3025223755753546,20
2010-02-11,3.302410810431564,20
2010-02-12,3.3351146348672307,20
2010-02-22,3.3307257480413646,20
2010-02-23,3.3219774095071566,20
2010-02-24,3.401938046887672,20
2010-02-25,3.4359764748787254,20
2010-02-26,3.4428970068476343,20
2010-03-01,3.468084533472374,20
2010-03-02,3.458797912241675,20
2010-03-03,3.466725116197948,20
2010-03-04,3.412757109902481,20
2010-03-05,3.4299375201481292,20
2010-03-08,3.4462698443696156,20
2010-03-09,3.438528256236509,20
2010-03-10,3.3995776855035658,20
2010-03-11,3.39925309613697,20
2010-03-12,3.374395582329365,20
2010-03-15,3.3595450194066605,20
2010-03-16,3.37194813807356,20
2010-03-17,3.435168484965949,20
2010-03-18,3.4397770537532133,20
2010-03-19,3.4470486255590886,20
2010-03-22,3.459014351627777,20
2010-03-23,3.488291375219672,20
2010-03-24,3.5213574450679475,20
2010-03-25,3.498338743650869,20
2010-03-26,3.50620336168363,20
2010-03-29,3.503569173128986,20
2010-03-30,3.5196211614140034,20
2010-03-31,3.548645430288122,20
2010-04-01,3.586816588607513,20
2010-04-02,3.5829277734472367,20
2010-04-06,3.6123514311453104,20
2010-04-07,3.6287689425373557,20
2010-04-08,3.6280936107735324,20
2010-04-09,3.6763407648200537,20
2010-04-12,3.7195599648035325,20
2010-04-13,3.6399223893132793,20
2010-04-14,3.6656435533671776,20
2010-04-15,3.622565412854317,20
2010-04-16,3.6396543716026932,20
2010-04-19,3.581215288021604,20
2010-04-20,3.6238711558729286,20
2010-04-21,3.689133111222738,20
2010-04-22,3.722248775937249,20
2010-04-23,3.7122823378356284,20
2010-04-26,3.6960844017183345,20
2010-04-27,3.629315011278498,20
2010-04-28,3.597792451115995,20
2010-04-29,3.5312702260362823,20
2010-04-30,3.4790740693970306,20
2010-05-04,3.490937655767982,20
2010-05-05,3.5535467051363243,20
2010-05-06,3.475259206228116,20
2010-05-07,3.4372110045450848,20
2010-05-10,3.373903993376253,20
2010-05-11,3.34403693931669,20
2010-05-12,3.3016248098452796,20
2010-05-13,3.344781523459008,20
2010-05-14,3.356928478913039,20
2010-05-17,3.2687938266493877,20
2010-05-18,3.2824351634534352,20
2010-05-19,3.310358146085039,20
2010-05-20,3.3042128684201084,20
2010-05-21,3.382690790819186,20
2010-05-24,3.4645269943796886,20
2010-05-25,3.4454783149367936,20
2010-05-26,3.44321531205687,20
2010-05-27,3.4946645626810824,20
2010-05-28,3.510279373620919,20
2010-05-31,3.4835676553312536,20
2010-06-01,3.4660534337443365,20
2010-06-02,3.4861864764273176,20
2010-06-03,3.497740381119481,20
2010-06-04,3.5385383125738517,20
2010-06-07,3.5749992638114785,20
2010-06-08,3.5736183961677095,20
2010-06-09,3.5816485217823586,20
2010-06-10,3.6071276409224167,20
2010-06-11,3.611782414568717,20
2010-06-17,3.560016348967133,20
2010-06-18,3.488852195581914,20
2010-06-21,3.5176920276854724,20
2010-06-22,3.515751955963554,20
2010-06-23,3.523287544964541,20
2010-06-24,3.5325190400463824,20
2010-06-25,3.4998877164504028,20
2010-06-28,3.481004826508703,20
2010-06-29,3.4144897078794036,20
2010-06-30,3.4255052890710793,20
2010-07-01,3.3985982588351864,20
2010-07-02,3.3969448816045613,20
2010-07-05,3.3895332893053163,20
2010-07-06,3.419179766767298,20
2010-07-07,3.431545738657542,20
2010-07-08,3.4323181362087984,20
2010-07-09,3.4538528928948473,20
2010-07-12,3.4500472461911693,20
2010-07-13,3.4513554910322743,20
2010-07-14,3.446431786362685,20
2010-07-15,3.415435119606334,20
2010-07-16,3.4184302051356092,20
2010-07-19,3.435825392167372,20
2010-07-20,3.459767636204799,20
2010-07-21,3.462567871952139,20
2010-07-22,3.470426774464131,20
2010-07-23,3.4855666577874223,20
2010-07-26,3.4887971572811236,20
2010-07-27,3.478264740301555,20
2010-07-28,3.4941892358195363,20
2010-07-29,3.50196360430198,20
2010-07-30,3.5020693845654924,20
2010-08-02,3.5184021635103844,20
2010-08-03,3.505135320285317,20
2010-08-04,3.5157688043023865,20
2010-08-05,3.5208808516921417,20
2010-08-06,3.5429973306411706,20
2010-08-09,3.5572756243834682,20
2010-08-10,3.5286385540278076,20
2010-08-11,3.5369376172679394,20
2010-08-12,3.528664886369638,20
2010-08-13,3.542116791149403,20
2010-08-16,3.5696195758212914,20
2010-08-17,3.57344188990463,20
2010-08-18,3.5660780707025643,20
2010-08-19,3.563674901921483,20
2010-08-20,3.5451603523415636,20
2010-08-23,3.5440916198268004,20
2010-08-24,3.5452183159942465,20
2010-08-25,3.5219188224080034,20
2010-08-26,3.529748172466665,20
2010-08-27,3.5453062389718686,20
2010-08-30,3.5650163449187726,20
2010-08-31,3.565258991498747,20
2010-09-01,3.5162125000957727,20
2010-09-02,3.5430648326215897,20
2010-09-03,3.5716081702079348,20
2010-09-06,3.5442410581316115,20
2010-09-07,3.5587176596243206,20
2010-09-08,3.5718590016584373,20
2010-09-09,3.5788699690966004,20
2010-09-10,3.6184911945200775,20
2010-09-13,3.6301091381364827,20
2010-09-14,3.6112828680060756,20
2010-09-15,3.5535697764234944,20
2010-09-16,3.523838871543111,20
2010-09-17,3.5175411025269856,20
2010-09-20,3.478732753928704,20
2010-09-21,3.455089436888443,20
2010-09-27,3.486266630634223,20
2010-09-28,3.4727933469038725,20
2010-09-29,3.4626485038414048,20
2010-09-30,3.4963741102711285,20
2010-10-08,3.5402726652462073,20
2010-10-11,3.5319152582993336,20
2010-10-12,3.5364392366957826,20
2010-10-13,3.550220526896185,20
2010-10-14,3.507908846459635,20
2010-10-15,3.494447613622287,20
2010-10-18,3.477103683021112,20
2010-10-19,3.621523546512159,20
2010-10-20,3.636104475738837,20
2010-10-21,3.6308498841612686,20
2010-10-22,3.6660315200330844,20
2010-10-25,3.7268067288328326,20
2010-10-26,3.708454660575956,20
2010-10-27,3.693593485684686,20
2010-10-28,3.718042937390695,20
2010-10-29,3.7694018961863534,20
2010-11-01,3.866303242004105,20
2010-11-02,3.8090113263672714,20
2010-11-03,3.7259878496905863,20
2010-11-04,3.7578878435979806,20
2010-11-05,3.8134457577533727,20
2010-11-08,3.8775116728479575,20
2010-11-09,3.8973606464366726,20
2010-11-10,3.958347234106931,20
2010-11-11,3.9187418344693508,20
2010-11-12,3.7505678631173387,20
2010-11-15,3.9042191790602083,20
2010-11-16,3.878656543906024,20
2010-11-17,3.781866554290698,20
2010-11-18,3.840113928647192,20
2010-11-19,3.96497278510757,20
2010-11-22,4.027790064407621,20
2010-11-23,4.045853109148958,20
2010-11-24,4.104733123815623,20
2010-11-25,4.062995211803651,20
2010-11-26,4.086277607193747,20
2010-11-29,4.1332403696063755,20
2010-11-30,4.024057302158342,20
2010-12-01,4.009389657765049,20
2010-12-02,4.011621582495725,20
2010-12-03,3.952806045048598,20
2010-12-06,3.892657353235368,20
2010-12-07,3.9413466053412236,20
2010-12-08,3.9322701485604354,20
2010-12-09,3.911531191899364,20
2010-12-10,3.9547619698719405,20
2010-12-13,4.042765219341459,20
2010-12-14,4.070251610339217,20
2010-12-15,4.039747744609962,20
2010-12-16,4.067046962344948,20
2010-12-17,4.080739951245649,20
2010-12-20,4.0457000937183505,20
2010-12-21,4.049653885807756,20
2010-12-22,4.031952032007108,20
2010-12-23,3.957818779017519,20
2010-12-24,3.8697701900131283,20
2010-12-27,3.782074907651601,20
2010-12-28,3.7613525974949593,20
2010-12-29,3.818074714279049,20
2010-12-30,3.826645359558467,20
2010-12-31,3.875011592438509,20
2011-01-04,3.900577870775002,20
2011-01-05,3.912261939564283,20
2011-01-06,3.8913262813744804,20
2011-01-07,3.8409574224664396,20
2011-01-10,3.737343071898359,20
2011-01-11,3.6917515014660864,20
2011-01-12,3.706831085538725,20
2011-01-13,3.7148986140858224,20
2011-01-14,3.637308159772613,20
2011-01-17,3.5043816157358174,20
2011-01-18,3.5126778767797058,20
2011-01-19,3.546054072270727,20
2011-01-20,3.4468364306591015,20
2011-01-21,3.4452614504162953,20
2011-01-24,3.398169705631833,20
2011-01-25,3.3634442176771073,20
2011-01-26,3.4007150848312193,20
2011-01-27,3.444129661063966,20
2011-01-28,3.4766444569150505,20
2011-01-31,3.482980387296368,20
2011-02-01,3.478656104608576,20
2011-02-09,3.4564218556815898,20
2011-02-10,3.5244507450858698,20
2011-02-11,3.5426622029027564,20
2011-02-14,3.573396850886629,20
2011-02-15,3.5787967193880137,20
2011-02-16,3.6134696388508525,20
2011-02-17,3.6438300214959796,20
2011-02-18,3.613256124354089,20
2011-02-21,3.648013998339202,20
2011-02-22,3.597732903711653,20
2011-02-23,3.6159174650985486,20
2011-02-24,3.6200166961177698,20
2011-02-25,3.616264317935283,20
2011-02-28,3.630719487557882,20
2011-03-01,3.633064242307675,20
2011-03-02,3.6144423320223256,20
2011-03-03,3.568032365164173,20
2011-03-04,3.580048357597207,20
2011-03-07,3.5974063360268937,20
2011-03-08,3.608171541526759,20
2011-03-09,3.6124210773965983,20
2011-03-10,3.614870006712974,20
2011-03-11,3.632077631269885,20
2011-03-14,3.6421322381346743,20
2011-03-15,3.6187385178766927,20
2011-03-16,3.642950702737051,20
2011-03-17,3.5906101691436896,20
2011-03-18,3.6144962263558162,20
2011-03-21,3.5862915303547203,20
2011-03-22,3.5744891542961446,20
2011-03-23,3.5953352834317056,20
2011-03-24,3.5991606190360814,20
2011-03-25,3.596660286724036,20
2011-03-28,3.5776753233913605,20
2011-03-29,3.4889112485976748,20
2011-03-30,3.470735702256651,20
2011-03-31,3.4686776079136177,20
2011-04-01,3.4980810757493317,20
2011-04-06,3.476468001745719,20
2011-04-07,3.5072843128638906,20
2011-04-08,3.5399124704669402,20
2011-04-11,3.4991483497276685,20
2011-04-12,3.472077664936967,20
2011-04-13,3.518960920577269,20
2011-04-14,3.506697828152078,20
2011-04-15,3.512583319531929,20
2011-04-18,3.511617140073524,20
2011-04-19,3.4996490520472254,20
2011-04-20,3.5182234016000646,20
2011-04-21,3.5368714626610456,20
2011-04-22,3.531158909182381,20
2011-04-25,3.479570152191963,20
2011-04-26,3.4219188494977577,20
2011-04-27,3.3778575707342826,20
2011-04-28,3.2779586190247647,20
2011-04-29,3.3120195478673384,20
2011-05-03,3.3284935104030473,20
2011-05-04,3.279339852667712,19
2011-05-05,3.2832128947756236,19
2011-05-06,3.305995703315785,19
2011-05-09,3.333972270828558,19
2011-05-10,3.3474115833489826,19
2011-05-11,3.3525186020191575,19
2011-05-12,3.3048892154285308,19
2011-05-13,3.29812075382619,19
2011-05-16,3.2953234770986692,19
2011-05-17,3.2799793666168524,19
2011-05-18,3.289498899912842,19
2011-05-19,3.2742394731759377,19
2011-05-20,3.2464046045524495,19
2011-05-23,3.164745531274235,19
2011-05-24,3.194489305156219,19
2011-05-25,3.1474633109504846,19
2011-05-26,3.1240214197122906,19
2011-05-27,3.0850459593807953,19
2011-05-30,3.0799434179869905,19
2011-05-31,3.0959421370038926,19
2011-06-01,3.1052313640740232,19
2011-06-02,3.0913565109947148,19
2011-06-03,3.1071837992001328,19
2011-06-07,3.1140934227196895,19
2011-06-08,3.1103006506407445,19
2011-06-09,3.091891838674082,19
2011-06-10,3.0893369968733144,19
2011-06-13,3.094325207144631,19
2011-06-14,3.1046080940721943,19
2011-06-15,3.0957932075300016,19
2011-06-16,3.0800214068348524,19
2011-06-17,3.0703019535387273,19
2011-06-20,3.066428635824654,19
2011-06-21,3.0760606990191692,19
2011-06-22,3.07705755045998,19
2011-06-23,3.105099757962014,19
2011-06-24,3.1261305590334465,19
2011-06-27,3.1395320169642074,19
2011-06-28,3.1456118061040597,19
2011-06-29,3.1300545187767055,19
2011-06-30,3.1397009311114754,19
2011-07-01,3.1491737080851387,19
2011-07-04,3.1677680883716928,20
2011-07-05,3.173611537959687,20
2011-07-06,3.1843229420188184,20
2011-07-07,3.1892392827963603,20
2011-07-08,3.1786213100828897,20
2011-07-11,3.1843801799333713,20
2011-07-12,3.162077256138414,20
2011-07-13,3.1846843290814917,20
2011-07-14,3.211763927359748,20
2011-07-15,3.2305817112557107,20
2011-07-18,3.2242058271699956,20
2011-07-19,3.2049649448489106,20
2011-07-20,3.216948258171861,20
2011-07-21,3.2042474092490756,20
2011-07-22,3.21126014790512,20
2011-07-25,3.174787197533304,20
2011-07-26,3.1777712096942494,20
2011-07-27,3.2001654764725687,20
2011-07-28,3.2119630161552317,20
2011-07-29,3.201595783778551,20
2011-08-01,3.216789694398673,20
2011-08-02,3.232582335879018,20
2011-08-03,3.2459651663009175,20
2011-08-04,3.2404721735075124,20
2011-08-05,3.21997494062236,20
2011-08-08,3.1741383288551503,20
2011-08-09,3.16742496996652,20
2011-08-10,3.1788986706908084,20
2011-08-11,3.2020269675681963,20
2011-08-12,3.2195085766611022,20
2011-08-15,3.239224747650273,20
2011-08-16,3.2311811821184473,20
2011-08-17,3.230358255634106,20
2011-08-18,3.21502303762347,20
2011-08-19,3.216718635414382,20
2011-08-22,3.229063397551807,20
2011-08-23,3.244164512688214,20
2011-08-24,3.244692543899803,20
2011-08-25,3.248687948604172,20
2011-08-26,3.2572780599225544,20
2011-08-29,3.258260773117522,20
2011-08-30,3.2388103750305652,20
2011-08-31,3.2330093289227424,20
2011-09-01,3.232051846107624,20
2011-09-02,3.2233796697465618,20
2011-09-05,3.2016315114705187,20
2011-09-06,3.1963226591490694,20
2011-09-07,3.215517837497028,20
2011-09-08,3.2080874032894657,20
2011-09-09,3.1988398156736224,20
2011-09-13,3.18973127857745,20
2011-09-14,3.199179574945599,20
2011-09-15,3.1985655999742026,20
2011-09-16,3.196207450263579,20
2011-09-19,3.1810198493020043,20
2011-09-20,3.186385087529266,20
2011-09-21,3.205760649292099,20
2011-09-22,3.1832527128154258,20
2011-09-23,3.181669830814734,20
2011-09-26,3.175948147726515,20
2011-09-27,3.183019967272481,20
2011-09-28,3.1811278335471322,20
2011-09-29,3.157367072663135,20
2011-09-30,3.1523711699581853,20
2011-10-10,3.15176119177046,20
2011-10-11,3.1510118555902404,20
2011-10-12,3.174659979244409,20
2011-10-13,3.183825306988724,20
2011-10-14,3.182283682200877,20
2011-10-17,3.1894651708093584,20
2011-10-18,3.170370393547696,20
2011-10-19,3.163116762196801,20
2011-10-20,3.14632022320326,20
2011-10-21,3.1320924467870914,20
2011-10-24,3.140473657889338,20
2011-10-25,3.1598856812800564,20
2011-10-26,3.17359060068486,20
2011-10-27,3.177580334268126,20
2011-10-28,3.19429941309537,20
2011-10-31,3.207246657983959,20
2011-11-01,3.208545611909238,20
2011-11-02,3.2260451525007574,20
2011-11-03,3.2245050252640985,20
2011-11-04,3.230424686803587,20
2011-11-07,3.2289607258491326,20
2011-11-08,3.217328891792467,20
2011-11-09,3.2349493241841927,20
2011-11-10,3.231893045682005,20
2011-11-11,3.229729765218147,20
2011-11-14,3.246531446171396,20
2011-11-15,3.247140948221563,20
2011-11-16,3.2274697721887926,20
2011-11-17,3.2311992585772256,20
2011-11-18,3.214980042662532,20
2011-11-21,3.2106396491402034,20
2011-11-22,3.2147178206566998,20
2011-11-23,3.219789514717378,20
2011-11-24,3.216707185008738,20
2011-11-25,3.209236140371035,20
2011-11-28,3.21211161514867,20
2011-11-29,3.2202650049913046,20
2011-11-30,3.185425000864004,20
2011-12-01,3.194782886487739,20
2011-12-02,3.1768605475158327,19
2011-12-05,3.1527481298097073,19
2011-12-06,3.157709641499652,19
2011-12-07,3.160191767459697,19
2011-12-08,3.166700017580558,19
2011-12-09,3.1611108698826977,19
2011-12-12,3.1535232099408312,19
2011-12-13,3.1296636490633363,19
2011-12-14,3.1224779771015525,19
2011-12-15,3.1169821243268303,19
2011-12-16,3.1373046621805707,19
2011-12-19,3.1437698784905646,19
2011-12-20,3.1381472402519717,19
2011-12-21,3.1229395955388592,19
2011-12-22,3.110239691976527,19
2011-12-23,3.113268945598668,19
2011-12-26,3.1075731497422434,19
2011-12-27,3.0849949094916203,19
2011-12-28,3.0752472294141784,19
2011-12-29,3.080462610035695,19
2011-12-30,3.092706834528431,19
2012-01-04,3.079509378862946,19
2012-01-05,3.0475903320095954,20
2012-01-06,3.049824717503451,20
2012-01-09,3.0754872535304667,20
2012-01-10,3.093412415663627,20
2012-01-11,3.09478176234652,20
2012-01-12,3.09421846492648,20
2012-01-13,3.057747932353498,20
2012-01-16,3.031777105842767,20
2012-01-17,3.058930368045776,20
2012-01-18,3.0279390277670832,20
2012-01-19,3.033027305391623,20
2012-01-20,3.0415270022102994,20
2012-01-30,3.045819679760734,20
2012-01-31,3.039797179857681,20
2012-02-01,3.0393047343063104,20
2012-02-02,3.0463686485358434,20
2012-02-03,3.057753794119965,20
2012-02-06,3.067146680528434,20
2012-02-07,3.0634281276941575,20
2012-02-08,3.0771631722054096,20
2012-02-09,3.080441521418164,20
2012-02-10,3.082909206577067,20
2012-02-13,3.0917207404010774,20
2012-02-14,3.0898093430608276,20
2012-02-15,3.099330297824099,20
2012-02-16,3.0962593816753348,20
2012-02-17,3.092252670668772,20
2012-02-20,3.0970147402606507,20
2012-02-21,3.10716544933603,20
2012-02-22,3.126417154428795,20
2012-02-23,3.138229976392096,20
2012-02-24,3.1414165501970284,20
2012-02-27,3.139119690400844,20
2012-02-28,3.1319962819786786,20
2012-02-29,3.12249318721654,20
2012-03-01,3.130428997423806,20
2012-03-02,3.1424015044079074,20
2012-03-05,3.141674769840492,20
2012-03-06,3.133703520818255,20
2012-03-07,3.1316008039891905,20
2012-03-08,3.140411554141658,20
2012-03-09,3.1548858818594807,20
2012-03-12,3.1597715107389543,20
2012-03-13,3.1643714615156413,20
2012-03-14,3.132441106564622,20
2012-03-15,3.1253090979075293,20
2012-03-16,3.1444671792509293,20
2012-03-19,3.15599010039063,20
2012-03-20,3.131570136745273,20
2012-03-21,3.1334616773241075,20
2012-03-22,3.132831367856583,20
2012-03-23,3.1216689329966734,20
2012-03-26,3.119388173664644,20
2012-03-27,3.1172610411633803,20
2012-03-28,3.0757114567817143,20
2012-03-29,3.062749164382213,20
2012-03-30,3.060044669546185,20
2012-04-05,3.0791714147209635,20
2012-04-06,3.081508605623203,20
2012-04-09,3.0742360135128437,20
2012-04-10,3.0790646487478694,20
2012-04-11,3.0825548654491124,20
2012-04-12,3.0968776659638935,20
2012-04-13,3.101264987302599,20
2012-04-16,3.09713949900905,20
2012-04-17,3.0971907748336696,20
2012-04-18,3.1077021796240882,20
2012-04-19,3.1048647168809462,20
2012-04-20,3.1117648732029797,20
2012-04-23,3.0894708450952053,20
2012-04-24,3.0757863283565183,20
2012-04-25,3.084482541471996,20
2012-04-26,3.0825792527532987,20
2012-04-27,3.082906127187902,20
2012-05-02,3.0971659854725906,20
2012-05-03,3.1089596120256635,20
2012-05-04,3.119083367466029,20
2012-05-07,3.130425875099765,20
2012-05-08,3.1348392698294147,20
2012-05-09,3.1092198515796174,20
2012-05-10,3.117729494814242,20
2012-05-11,3.106559160109794,20
2012-05-14,3.0980361969602948,20
2012-05-15,3.092251080609874,20
2012-05-16,3.076410694444383,20
2012-05-17,3.09134120596856,20
2012-05-18,3.0783889913647258,20
2012-05-21,3.0765673167608663,20
2012-05-22,3.094985055199102,20
2012-05-23,3.0889422666480897,20
2012-05-24,3.0846020515987673,20
2012-05-25,3.064716129670107,20
2012-05-28,3.0749786320232055,20
2012-05-29,3.0927880052513017,20
2012-05-30,3.099064687186927,20
2012-05-31,3.112634450210062,20
2012-06-01,3.1124996386070243,20
2012-06-04,3.0584233268742596,20
2012-06-05,3.0545074363514653,20
2012-06-06,3.055354673368071,20
2012-06-07,3.0466684660993533,20
2012-06-08,3.0418498736373096,20
2012-06-11,3.0814197113254838,20
2012-06-12,3.086744976703794,20
2012-06-13,3.114902071999713,20
2012-06-14,3.1047117592033766,20
2012-06-15,3.1130308697202653,20
2012-06-18,3.1407992840771226,20
2012-06-19,3.1385582129124105,20
2012-06-20,3.1627683971162353,20
2012-06-21,3.1296985698333413,20
2012-06-25,3.0833396472780965,20
2012-06-26,3.0827151110962947,20
2012-06-27,3.090196538306683,20
2012-06-28,3.0908289744904525,20
2012-06-29,3.1101634692099425,20
2012-07-02,3.122070030602167,20
2012-07-03,3.1359500562571303,20
2012-07-04,3.121348091560853,20
2012-07-05,3.0959507070049717,20
2012-07-06,3.1137884950516903,20
2012-07-09,3.079331396823331,20
2012-07-10,3.0609691477769227,20
2012-07-11,3.0578555521901682,20
2012-07-12,3.0723578188525043,20
2012-07-13,3.03911974848105,20
2012-07-16,2.972077583699607,20
2012-07-17,2.9854956475634014,20
2012-07-18,2.9960886277511105,20
2012-07-19,3.016893220176801,20
2012-07-20,3.013495819870007,20
2012-07-23,2.9991429279003277,20
2012-07-24,3.0167800310500446,20
2012-07-25,3.020772896686982,20
2012-07-26,3.003287440190685,20
2012-07-27,3.007661837588996,20
2012-07-30,2.9774138471434273,20
2012-07-31,2.955774032715716,20
2012-08-01,2.9734265644845674,20
2012-08-02,2.9707463769705535,20
2012-08-03,2.9968794040847935,20
2012-08-06,3.031670225677837,20
2012-08-07,3.0384202790050314,20
2012-08-08,3.03387696716025,20
2012-08-09,3.0537971805885826,20
2012-08-10,3.044467974779396,20
2012-08-13,3.020631104038092,20
2012-08-14,3.0285547000362385,20
2012-08-15,3.0141765862264274,20
2012-08-16,3.0110642666496665,20
2012-08-17,3.0223889168015585,20
2012-08-20,3.0269152678722118,20
2012-08-21,3.051558156360809,20
2012-08-22,3.0545893703270317,20
2012-08-23,3.0644460917960767,20
2012-08-24,3.043951211080943,20
2012-08-27,3.0178054596667274,20
2012-08-28,3.0377396129500887,20
2012-08-29,3.0410267404982356,20
2012-08-30,3.0245399184799777,20
2012-08-31,3.032772494807149,20
2012-09-03,3.0447482066919114,20
2012-09-04,3.0537071250590215,20
2012-09-05,3.068275809899636,20
2012-09-06,3.0733789475218676,20
2012-09-07,3.094517865169917,20
2012-09-10,3.108635257721841,20
2012-09-11,3.097277949111261,20
2012-09-12,3.0990065845653727,20
2012-09-13,3.083870336757125,20
2012-09-14,3.085216084517702,20
2012-09-17,3.058358503742166,20
2012-09-18,3.057756338753322,20
2012-09-19,3.066133773049044,20
2012-09-20,3.0339142982365455,20
2012-09-21,3.017505238768541,20
2012-09-24,3.0238682731366784,20
2012-09-25,3.0062536083516345,20
2012-09-26,2.982875826143935,20
2012-09-27,3.0030804799289643,20
2012-09-28,3.020283878860199,20
2012-10-08,3.020198906067197,20
2012-10-09,3.044599722114972,20
2012-10-10,3.056418759864198,20
2012-10-11,3.037850926751366,20
2012-10-12,3.037181996795964,20
2012-10-15,3.0204410352698345,20
2012-10-16,3.0204844121067795,20
2012-10-17,3.0263605855287716,20
2012-10-18,3.0375918081129782,20
2012-10-19,3.039083233254871,20
2012-10-22,3.0438029810538723,20
2012-10-23,3.034561463359709,20
2012-10-24,3.0322974340053848,20
2012-10-25,3.0327705935082463,20
2012-10-26,3.0147807262042976,20
2012-10-29,3.016542244933598,20
2012-10-30,3.0175350192677493,20
2012-10-31,3.019420963721896,20
2012-11-01,3.0338763978701246,20
2012-11-02,3.03537338728795,20
2012-11-05,3.0342472965059017,20
2012-11-06,3.0282169955936906,20
2012-11-07,3.033316454250089,20
2012-11-08,3.0145988115049147,20
2012-11-09,3.010921305573375,20
2012-11-12,3.0227044063613104,20
2012-11-13,3.0114811515653495,20
2012-11-14,3.0197043131760877,20
2012-11-15,3.001854032103093,20
2012-11-16,2.9959583410336865,20
2012-11-19,3.000685529742528,20
2012-11-20,3.0107578539589204,20
2012-11-21,3.0182495460922483,20
2012-11-22,3.0129158001061933,20
2012-11-23,3.0137416057343347,20
2012-11-26,3.0005631880623653,20
2012-11-27,2.9745948784321365,20
2012-11-28,2.9624486998870903,20
2012-11-29,2.9480368459513455,20
2012-11-30,2.9530578681842865,20
2012-12-03,2.9294055417489435,20
2012-12-04,2.9352873674256594,20
2012-12-05,2.957414933793804,20
2012-12-06,2.9548108944087654,20
2012-12-07,2.968873377236966,20
2012-12-10,2.980921595864962,20
2012-12-11,2.9743517787009344,20
2012-12-12,2.981095665683406,20
2012-12-13,2.968483195453132,20
2012-12-14,2.993738926902359,20
2012-12-17,2.995959319606487,20
2012-12-18,2.9940307417794223,20
2012-12-19,3.001001283129914,20
2012-12-20,3.0213333063346948,20
2012-12-21,3.0413033261228986,20
2012-12-24,3.051024602816414,20
2012-12-25,3.0643740130097537,20
2012-12-26,3.0963399800769613,20
2012-12-27,3.0689672309449505,20
2012-12-28,3.0822609613827865,20
2012-12-31,3.0912708449339075,20
2013-01-04,3.109134982493069,20
2013-01-07,3.133511560007851,20
2013-01-08,3.157741431191891,20
2013-01-09,3.138098844265629,20
2013-01-10,3.1586157817654463,20
2013-01-11,3.1831306632395835,20
2013-01-14,3.2648017410885752,20
2013-01-15,3.28494732058689,20
2013-01-16,3.2612485335562336,20
2013-01-17,3.2314070698152575,20
2013-01-18,3.240460071186751,20
2013-01-21,3.2485759278228508,20
2013-01-22,3.1747317137318514,20
2013-01-23,3.1888362316247676,20
2013-01-24,3.1219081812116416,20
2013-01-25,3.1257926917086496,20
2013-01-28,3.1634998818659907,20
2013-01-29,3.176890875218265,20
2013-01-30,3.158337292026253,20
2013-01-31,3.12350735087579,20
2013-02-01,3.1390730967335907,20
2013-02-04,3.127964735528625,20
2013-02-05,3.1681848307723524,20
2013-02-06,3.1869685521763707,20
2013-02-07,3.2059138895765464,20
2013-02-08,3.24106065281707,20
2013-02-18,3.2770283230442545,20
2013-02-19,3.233221177736581,20
2013-02-20,3.2921425055497195,20
2013-02-21,3.260757176577646,20
2013-02-22,3.256503374838684,20
2013-02-25,3.286459235895732,20
2013-02-26,3.2811542594336505,20
2013-02-27,3.28403932335586,20
2013-02-28,3.3397273535175733,20
2013-03-01,3.4013761547110075,20
2013-03-04,3.3188581810472813,20
2013-03-05,3.391909761318145,20
2013-03-06,3.4634918027043016,20
2013-03-07,3.3934800321271976,20
2013-03-08,3.3612212993334345,20
2013-03-11,3.375368524884616,20
2013-03-12,3.2614604927779425,20
2013-03-13,3.2458284206434613,20
2013-03-14,3.2315013072503325,20
2013-03-15,3.241963302149648,20
2013-03-18,3.224754072581148,20
2013-03-19,3.2374545245248108,20
2013-03-20,3.31863965687252,20
2013-03-21,3.3416683936487366,20
2013-03-22,3.349041303116789,20
2013-03-25,3.3319253846222354,20
2013-03-26,3.307456170234611,20
2013-03-27,3.3103670544140877,20
2013-03-28,3.215563316589067,20
2013-03-29,3.2129204610663717,20
2013-04-01,3.2402559233172945,20
2013-04-02,3.194930309403547,20
2013-04-03,3.159847118205835,20
2013-04-08,3.164523646264272,20
2013-04-09,3.1841345760008077,20
2013-04-10,3.1733929687236646,20
2013-04-11,3.163365810947176,20
2013-04-12,3.1501668684817536,20
2013-04-15,3.1125150129612362,20
2013-04-16,3.133599394713449,20
2013-04-17,3.1732334126334436,20
2013-04-18,3.2080982562067577,20
2013-04-19,3.2803450681280286,20
2013-04-22,3.3445992717457402,20
2013-04-23,3.2847554501105027,20
2013-04-24,3.414628041034293,20
2013-04-25,3.3610046108235614,20
2013-04-26,3.310494851836103,20
2013-05-02,3.3582310635978403,20
2013-05-03,3.4155293803103177,20
2013-05-06,3.4917474800351687,20
2013-05-07,3.469291374880038,20
2013-05-08,3.5216067838028295,20
2013-05-09,3.5547038756806657,20
2013-05-10,3.547965649717053,20
2013-05-13,3.5881134919732767,20
2013-05-14,3.503726703718378,20
2013-05-15,3.5507462747412277,20
2013-05-16,3.5415284868017545,20
2013-05-17,3.5726427109176373,20
2013-05-20,3.6527108989123973,20
2013-05-21,3.714637591281893,20
2013-05-22,3.6531201537840925,20
2013-05-23,3.6409069776018725,20
2013-05-24,3.700075323245112,20
2013-05-27,3.7230168207369165,20
2013-05-28,3.6668701256310636,20
2013-05-29,3.7015176090132003,20
2013-05-30,3.7092257564890367,20
2013-05-31,3.711125234237479,20
2013-06-03,3.6799387971096436,20
2013-06-04,3.589477870708918,20
2013-06-05,3.618793390378335,20
2013-06-06,3.5567175527021413,20
2013-06-07,3.562974714289967,20
2013-06-13,3.53946917887411,20
2013-06-14,3.614072788665827,20
2013-06-17,3.630033075024941,20
2013-06-18,3.6436810517770466,20
2013-06-19,3.614196340024745,20
2013-06-20,3.493547142627503,20
2013-06-21,3.4622969838988022,20
2013-06-24,3.3416361625159876,20
2013-06-25,3.367332710304617,20
2013-06-26,3.480614783192671,20
2013-06-27,3.4238030666051076,20
2013-06-28,3.3953146446579514,20
2013-07-01,3.4419702844004716,20
2013-07-02,3.4753753908422036,20
2013-07-03,3.489472655966049,20
2013-07-04,3.5009908117024193,20
2013-07-05,3.469301346438162,20
2013-07-08,3.394992616806901,20
2013-07-09,3.4088774177139674,20
2013-07-10,3.441553800113504,20
2013-07-11,3.4604360827480183,20
2013-07-12,3.4671808146834397,20
2013-07-15,3.5189778469519353,20
2013-07-16,3.540880256292975,20
2013-07-17,3.5258165399646284,20
2013-07-18,3.5413849803613267,20
2013-07-19,3.492924388207473,20
2013-07-22,3.5403310046355476,20
2013-07-23,3.5791214540159992,20
2013-07-24,3.6060604447398568,20
2013-07-25,3.546492071046224,20
2013-07-26,3.537341967422444,20
2013-07-29,3.5092514049371326,20
2013-07-30,3.4987489871737627,20
2013-07-31,3.4949752677498735,20
2013-08-01,3.5786977271202107,20
2013-08-02,3.5882595563340733,20
2013-08-05,3.6407796588125754,20
2013-08-06,3.660506149515129,20
2013-08-07,3.639244492086406,20
2013-08-08,3.6653146414418987,20
2013-08-09,3.6667738117572632,20
2013-08-12,3.66584800710707,20
2013-08-13,3.6802169737397015,20
2013-08-14,3.6905215731661256,20
2013-08-15,3.6542394839595356,20
2013-08-16,3.5942603984563677,20
2013-08-19,3.644271163205228,20
2013-08-20,3.642713763810295,20
2013-08-21,3.6583168951900453,20
2013-08-22,3.675345611423303,20
2013-08-23,3.6541131454990925,20
2013-08-26,3.700918856242779,20
2013-08-27,3.717536909293663,20
2013-08-28,3.673708661999799,20
2013-08-29,3.673128052307841,20
2013-08-30,3.5996827612735385,20
2013-09-02,3.6244049230903372,20
2013-09-03,3.662616099484659,19
2013-09-04,3.6485571678776436,19
2013-09-05,3.6663135893575043,19
2013-09-06,3.680362411843613,19
2013-09-09,3.6779672068805556,19
2013-09-10,3.670750442193084,19
2013-09-11,3.6386545443416036,19
2013-09-12,3.6216520693343703,19
2013-09-13,3.659965591199995,19
2013-09-16,3.6851996687238504,19
2013-09-17,3.63508774355541,19
2013-09-18,3.65385882591426,19
2013-09-23,3.7004924367611136,19
2013-09-24,3.7082651157239703,19
2013-09-25,3.7058532160485735,19
2013-09-26,3.692269221104749,19
2013-09-27,3.7006125206840053,19
2013-09-30,3.7231605229119524,19
2013-10-08,3.775837339904017,19
2013-10-09,3.8187999160889583,20
2013-10-10,3.815138558721933,20
2013-10-11,3.870526023525628,20
2013-10-14,3.9534274034808345,20
2013-10-15,3.9486369189761965,20
2013-10-16,3.8826186924454356,20
2013-10-17,3.89256745212299,20
2013-10-18,3.9462266687764673,20
2013-10-21,4.027671447164259,20
2013-10-22,3.9944752055195663,20
2013-10-23,3.8905496361430547,20
2013-10-24,3.893786320615312,20
2013-10-25,3.822812225711149,20
2013-10-28,3.811006963513029,20
2013-10-29,3.7238178890063094,20
2013-10-30,3.808493140985348,20
2013-10-31,3.783260453856193,20
2013-11-01,3.751110277390949,20
2013-11-04,3.7776675796267685,19
2013-11-05,3.799439945926501,19
2013-11-06,3.7772671738510826,19
2013-11-07,3.7239416940590675,19
2013-11-08,3.681200476176336,19
2013-11-11,3.7428905602380125,19
2013-11-12,3.761868630323358,19
2013-11-13,3.771502794877786,19
2013-11-14,3.880617324808842,19
2013-11-15,3.9382842657769546,19
2013-11-18,3.981972251959436,19
2013-11-19,3.979365790966889,19
2013-11-20,3.9927724468926815,19
2013-11-21,3.986165440985322,19
2013-11-22,3.991704600497967,19
2013-11-25,4.059492356577263,19
2013-11-26,4.114546731763397,19
2013-11-27,4.164492714482291,19
2013-11-28,4.205899083094179,19
2013-11-29,4.273384041944501,19
2013-12-02,3.9781721850170673,19
2013-12-03,4.01269587558988,20
2013-12-04,4.040060048924334,20
2013-12-05,4.0500355102723065,20
2013-12-06,4.029728232154693,20
2013-12-09,4.110734464392496,20
2013-12-10,4.089106338368419,20
2013-12-11,4.0987216111645655,20
2013-12-12,4.1460004336124765,20
2013-12-13,4.151302695278803,20
2013-12-16,4.099600757169858,20
2013-12-17,4.047255556877381,20
2013-12-18,4.035069395912223,20
2013-12-19,4.040041391682575,20
2013-12-20,4.021051507424967,20
2013-12-23,4.034019276530012,20
2013-12-24,4.074376875311836,20
2013-12-25,4.205938545713929,20
2013-12-26,4.119757511249971,20
2013-12-27,4.198058206180938,20
2013-12-30,4.240367100924417,20
2013-12-31,4.197468384504468,20
2014-01-02,4.242100738434771,20
2014-01-03,4.24447329610248,19
2014-01-06,4.10336155247175,19
2014-01-07,4.168327164124754,19
2014-01-08,4.249378052018477,19
2014-01-09,4.196616811960105,19
2014-01-10,4.155965290646381,19
2014-01-13,4.1533821560588615,19
2014-01-14,4.231799052446621,19
2014-01-15,4.247447004132857,19
2014-01-16,4.26093616449717,19
2014-01-17,4.239024135734898,19
2014-01-20,4.170260149517462,19
2014-01-21,4.223628497600912,19
2014-01-22,4.25829424295015,19
2014-01-23,4.29207669570925,19
2014-01-24,4.351630751404958,19
2014-01-27,4.3632672664567975,19
2014-01-28,4.334961439030838,19
2014-01-29,4.40440548988966,19
2014-01-30,4.388709242179999,19
2014-02-07,4.43606883733471,19
2014-02-10,4.520609160494875,20
2014-02-11,4.498650542988652,20
2014-02-12,4.613463676264416,20
2014-02-13,4.536759265979996,20
2014-02-14,4.623876428072628,20
2014-02-17,4.720107297759213,20
2014-02-18,4.721055355127474,20
2014-02-19,4.710245919136571,20
2014-02-20,4.607168858204959,20
2014-02-21,4.5997803551794965,20
2014-02-24,4.625815889436241,20
2014-02-25,4.43393790269582,20
2014-02-26,4.407659981401788,20
2014-02-27,4.319698172948858,20
2014-02-28,4.3609544559596,20
2014-03-03,4.4076183252198335,20
2014-03-04,4.363693194657933,20
2014-03-05,4.399182965211926,20
2014-03-06,4.396747532178449,20
2014-03-07,4.385733386583702,20
2014-03-10,4.256722401198995,20
2014-03-11,4.269043116676234,20
2014-03-12,4.265392201934024,20
2014-03-13,4.32318216030832,20
2014-03-14,4.321830857200947,20
2014-03-17,4.3756785697981915,20
2014-03-18,4.382646057547769,20
2014-03-19,4.360569336336164,20
2014-03-20,4.274035827548934,20
2014-03-21,4.311155426862836,20
2014-03-24,4.297805849536329,20
2014-03-25,4.275570277518195,20
2014-03-26,4.297541464769196,20
2014-03-27,4.206464645879117,20
2014-03-28,4.119714991727887,20
2014-03-31,4.069383573086868,20
2014-04-01,4.108949814006217,20
2014-04-02,4.096959815904278,20
2014-04-03,4.101684216244141,20
2014-04-04,4.133229104271158,20
2014-04-08,4.171116797124786,20
2014-04-09,4.201739199630793,20
2014-04-10,4.199310760341579,20
2014-04-11,4.173506784183665,20
2014-04-14,4.195412644627212,20
2014-04-15,4.178211265367089,20
2014-04-16,4.185084513926607,20
2014-04-17,4.205912920616159,20
2014-04-18,4.212350379992786,20
2014-04-21,4.191430507666048,20
2014-04-22,4.151131246198352,20
2014-04-23,4.15591993625053,20
2014-04-24,4.151362813376119,20
2014-04-25,4.109712008114946,20
2014-04-28,4.003747259367316,20
2014-04-29,4.038448408345421,20
2014-04-30,4.072095484163119,20
2014-05-05,4.09619123340852,20
2014-05-06,4.114368214578802,19
2014-05-07,4.088616901680565,19
2014-05-08,4.072743070799168,19
2014-05-09,4.043200141959523,19
2014-05-12,4.083300321003185,19
2014-05-13,4.078475239163108,19
2014-05-14,4.0928288819037935,19
2014-05-15,4.078753016078406,19
2014-05-16,4.05477320261424,19
2014-05-19,4.0459225821138,19
2014-05-20,4.051164835920389,19
2014-05-21,4.062710328520541,19
2014-05-22,4.064796524798522,19
2014-05-23,4.0887135626767215,19
2014-05-26,4.127306442896447,19
2014-05-27,4.117438058429829,19
2014-05-28,4.144364884777667,19
2014-05-29,4.123489250069122,19
2014-05-30,4.123061589249257,19
2014-06-03,4.113048276808597,19
2014-06-04,4.101581628970994,20
2014-06-05,4.114988406666809,20
2014-06-06,4.115259018460535,20
2014-06-09,4.09229733989337,20
2014-06-10,4.121878362056644,20
2014-06-11,4.117701118155281,20
2014-06-12,4.112129376728315,20
2014-06-13,4.140816166394701,20
2014-06-16,4.182076637033127,20
2014-06-17,4.144595910869985,20
2014-06-18,4.125807288620574,20
2014-06-19,4.059746547735686,20
2014-06-20,4.087173109929086,20
2014-06-23,4.134738623213235,20
2014-06-24,4.144259454685912,20
2014-06-25,4.175656267756214,20
2014-06-26,4.233366021701659,20
2014-06-27,4.239492942993788,20
2014-06-30,4.250154487216549,20
2014-07-01,4.246397823671858,20
2014-07-02,4.228404376356214,20
2014-07-03,4.239586296551271,20
2014-07-04,4.254621561551578,20
2014-07-07,4.250503170865251,20
2014-07-08,4.257314722806037,20
2014-07-09,4.196206855303317,20
2014-07-10,4.193828833158278,20
2014-07-11,4.200494944370284,20
2014-07-14,4.233912161322151,20
2014-07-15,4.201423621454907,20
2014-07-16,4.173003569489251,20
2014-07-17,4.166185719960115,20
2014-07-18,4.165125052137128,20
2014-07-21,4.162824139070266,20
2014-07-22,4.190784675017484,20
2014-07-23,4.143717779946931,20
2014-07-24,4.138559152489844,20
2014-07-25,4.1458296706358375,20
2014-07-28,4.188523312280654,20
2014-07-29,4.207473313456037,20
2014-07-30,4.217713252740306,20
2014-07-31,4.224641434724911,20
2014-08-01,4.1906211441867605,20
2014-08-04,4.2198783244368485,20
2014-08-05,4.2625055092269095,20
2014-08-06,4.270516942892597,20
2014-08-07,4.273306285166118,20
2014-08-08,4.317909760348691,20
2014-08-11,4.384167243354022,20
2014-08-12,4.375824274937124,20
2014-08-13,4.342212387980542,20
2014-08-14,4.3402253277495815,20
2014-08-15,4.38445507710051,20
2014-08-18,4.445771817491755,20
2014-08-19,4.4596666185815135,20
2014-08-20,4.486443048117016,20
2014-08-21,4.5163883520529104,20
2014-08-22,4.549985902187124,20
2014-08-25,4.507558489051262,20
2014-08-26,4.442547594609578,20
2014-08-27,4.464446713876993,20
2014-08-28,4.430621631207846,20
2014-08-29,4.468972246773729,20
2014-09-01,4.529592170978759,20
2014-09-02,4.5988375426109895,20
2014-09-03,4.687152336183735,20
2014-09-04,4.745842762485299,20
2014-09-05,4.7456960752305895,20
2014-09-09,4.766399173377619,20
2014-09-10,4.824205231598828,20
2014-09-11,4.7984440044849785,20
2014-09-12,4.874640673151306,20
2014-09-15,4.947910918279258,20
2014-09-16,4.794628806437717,20
2014-09-17,4.815011630640907,20
2014-09-18,4.841506768557506,20
2014-09-19,4.874431750047057,20
2014-09-22,4.799887158186781,20
2014-09-23,4.87549717133196,20
2014-09-24,4.911793891938111,20
2014-09-25,4.897283094891793,20
2014-09-26,4.921917048145001,20
2014-09-29,4.959119380415519,20
2014-09-30,4.981393608032335,20
2014-10-08,5.061137780285262,20
2014-10-09,5.0400446213841645,19
2014-10-10,5.035268544170116,19
2014-10-13,5.095249838225664,19
2014-10-14,5.07886920575788,19
2014-10-15,5.161273445195864,19
2014-10-16,5.115713621796076,19
2014-10-17,5.229946563267624,19
2014-10-20,5.253064629812998,19
2014-10-21,5.303524871454101,19
2014-10-22,5.247994316606184,19
2014-10-23,5.128157167876468,19
2014-10-24,5.0898998368783515,19
2014-10-27,5.116301895318076,19
2014-10-28,5.230962412918089,19
2014-10-29,5.286539891442485,19
2014-10-30,5.280642284987847,19
2014-10-31,5.237381844301914,19
2014-11-03,5.296109167563449,19
2014-11-04,5.233359551596003,20
2014-11-05,5.213133119655031,20
2014-11-06,5.3216407240114325,20
2014-11-07,5.332016316019064,20
2014-11-10,5.418925187553264,20
2014-11-11,5.335327055813024,20
2014-11-12,5.441025196540185,20
2014-11-13,5.276371274055489,20
2014-11-14,5.13707256464169,20
2014-11-17,5.217785177251791,20
2014-11-18,5.226627784386979,20
2014-11-19,5.3002681373693825,20
2014-11-20,5.262328144932542,20
2014-11-21,5.313267286947893,20
2014-11-24,5.3564642406044145,20
2014-11-25,5.4688870705098145,20
2014-11-26,5.5773813990139205,20
2014-11-27,5.618412576721461,20
2014-11-28,5.700030693932962,20
2014-12-01,5.7009840403506065,20
2014-12-02,5.7510440751229135,20
2014-12-03,5.759543225277686,20
2014-12-04,5.821824706081423,20
2014-12-05,5.602262800203767,20
2014-12-08,5.496733162728909,20
2014-12-09,5.2526592237692284,20
2014-12-10,5.418019745848133,20
2014-12-11,5.531583388805264,20
2014-12-12,5.657822453735828,20
2014-12-15,5.795164118378115,20
2014-12-16,5.742320051563186,20
2014-12-17,5.690335324408965,20
2014-12-18,5.653892099853375,20
2014-12-19,5.518115117974073,20
2014-12-22,5.225944993320421,20
2014-12-23,5.246167939320276,20
2014-12-24,5.420273225565476,20
2014-12-25,5.505295663495944,20
2014-12-26,5.501937074890671,20
2014-12-29,5.33175025030022,20
2014-12-30,5.245892202891741,20
2014-12-31,5.349910177492889,20
2015-01-05,5.318627613151217,20
2015-01-06,5.511922590926691,20
2015-01-07,5.454404503743923,20
2015-01-08,5.4723935785388935,20
2015-01-09,5.448453550361901,20
2015-01-12,5.463701348320916,20
2015-01-13,5.606820453656484,20
2015-01-14,5.568814210851364,20
2015-01-15,5.521900570816282,20
2015-01-16,5.63627199755077,20
2015-01-19,5.620141561795611,20
2015-01-20,5.83013900131503,20
2015-01-21,5.933967484175682,20
2015-01-22,6.0171084921130555,20
2015-01-23,5.869583438002011,20
2015-01-26,5.957459479031684,20
2015-01-27,5.990043898360787,20
2015-01-28,6.036986885869927,20
2015-01-29,5.982941467182811,20
2015-01-30,5.909619342090698,20
2015-02-02,5.952647776803888,20
2015-02-03,6.039919598442792,20
2015-02-04,6.0500711205142075,20
2015-02-05,6.0989209857714695,20
2015-02-06,5.941671532092222,20
2015-02-09,5.899011877648435,20
2015-02-10,5.959408148981228,20
2015-02-11,5.9819148524602666,20
2015-02-12,6.013724352095151,20
2015-02-13,6.124331263138248,20
2015-02-16,6.263119176928356,20
2015-02-17,6.30386025960414,20
2015-02-25,6.247528731102506,20
2015-02-26,6.262999967681311,20
2015-02-27,6.316782069552895,20
2015-03-02,6.408557381551282,20
2015-03-03,6.323322335401377,20
2015-03-04,6.414125102440943,20
2015-03-05,6.460053013671271,20
2015-03-06,6.358391894028511,20
2015-03-09,6.422814970803604,20
2015-03-10,6.473877463584551,20
2015-03-11,6.460621830303205,20
2015-03-12,6.441718467805885,20
2015-03-13,6.539232235003315,20
2015-03-16,6.714820559711433,20
2015-03-17,6.809476289056058,20
2015-03-18,6.921846413870954,20
2015-03-19,6.910939830890854,20
2015-03-20,7.025987124523134,20
2015-03-23,7.248105724606586,20
2015-03-24,7.282823945751755,20
2015-03-25,7.418122418913431,20
2015-03-26,7.241012551421954,20
2015-03-27,7.269598601919979,20
2015-03-30,7.284642653458916,20
2015-03-31,7.382874257272033,20
2015-04-01,7.605272120974782,20
2015-04-02,7.76333100468687,20
2015-04-03,7.906703861107814,20
2015-04-07,8.063963716781087,20
2015-04-08,7.962669461185993,20
2015-04-09,7.891964467937016,20
2015-04-10,8.119428366624827,20
2015-04-13,8.343638299913376,20
2015-04-14,8.328950719364464,20
2015-04-15,7.98217365628577,20
2015-04-16,8.028084429223002,20
2015-04-17,7.980964770743559,20
2015-04-20,7.7369586602547615,20
2015-04-21,8.002794235913736,20
2015-04-22,8.181672490271698,20
2015-04-23,8.25324269790554,20
2015-04-24,8.248772581324872,20
2015-04-27,8.236949884469249,20
2015-04-28,8.010191843308078,20
2015-04-29,8.155881002379116,20
2015-04-30,8.138856755892489,20
2015-05-04,8.129109497288427,20
2015-05-05,7.996317836409642,20
2015-05-06,7.9356617483943115,20
2015-05-07,7.831039031359449,20
2015-05-08,8.098288794293513,20
2015-05-11,8.351682594144723,20
2015-05-12,8.429088786447302,20
2015-05-13,8.41672361170027,20
2015-05-14,8.542238737292433,20
2015-05-15,8.476649957689638,20
2015-05-18,8.695083565915802,20
2015-05-19,8.8232551023454,20
2015-05-20,8.972832825135951,20
2015-05-21,9.283631458424335,20
2015-05-22,9.303643143755492,20
2015-05-25,9.387528321329441,20
2015-05-26,9.7532612405391,20
2015-05-27,9.988288698259604,20
2015-05-28,9.651618507604269,20
2015-05-29,9.713126452727638,20
2015-06-01,9.960636492031478,20
2015-06-02,10.031271384730518,16
2015-06-03,10.060871276229788,16
2015-06-04,9.953642085539048,16
2015-06-05,10.124793032510807,16
2015-06-08,10.096983204464083,16
2015-06-09,10.070043061615706,16
2015-06-10,10.231959794937945,16
2015-06-11,10.365253843180847,16
2015-06-12,10.446170669182226,16
2015-06-15,10.244592958857458,16
2015-06-16,9.963969358394003,16
2015-06-17,10.160918123249589,16
2015-06-18,9.919149302300452,16
2015-06-19,9.428827014451857,16
2015-06-23,9.594090290799487,16
2015-06-24,9.757232650503319,16
2015-06-25,9.444908832819152,16
2015-06-26,8.88700836410785,16
2015-06-29,8.505903377297306,16
2015-06-30,8.854933074553593,16
2015-07-01,8.608164017860492,16
2015-07-02,8.380071414339016,20
2015-07-03,8.183274557739916,20
2015-07-06,8.01452284781524,20
2015-07-07,7.571400782271113,20
2015-07-08,7.326789879395238,20
2015-07-09,7.731941856924898,20
2015-07-10,8.159422735379188,20
2015-07-13,8.606540852041114,20
2015-07-14,8.753946178296065,20
2015-07-15,8.459379500252306,20
2015-07-16,8.58363489450336,20
2015-07-17,8.92729228761466,20
2015-07-20,9.00929865331074,20
2015-07-21,9.124729819640915,20
2015-07-22,9.178458092384183,20
2015-07-23,9.443255046419646,20
2015-07-24,9.271465980022636,20
2015-07-27,8.774548902855347,20
2015-07-28,8.580220673605654,20
2015-07-29,8.903310463059286,20
2015-07-30,8.799145104937585,20
2015-07-31,8.716280755319723,20
2015-08-03,8.44993505458795,20
2015-08-04,8.786996231008589,19
2015-08-05,8.819934311173625,19
2015-08-06,8.847429218193016,19
2015-08-07,9.013590163461087,19
2015-08-10,9.255144228565445,19
2015-08-11,9.276733336843362,19
2015-08-12,9.179048299366809,19
2015-08-13,9.337406805830959,19
2015-08-14,9.365852441234159,19
2015-08-17,9.327482825711275,19
2015-08-18,8.978128298037523,19
2015-08-19,9.155756245591645,19
2015-08-20,8.93994333722091,19
2015-08-21,8.698354616932294,19
2015-08-24,8.287429700102853,19
2015-08-25,7.935647892954122,19
2015-08-26,7.807488553666063,19
2015-08-27,7.970605341066264,19
2015-08-28,8.240673400784802,19
2015-08-31,8.089751686595301,19
2015-09-01,7.911329356487502,19
2015-09-02,7.812707555809626,20
2015-09-07,7.864431197805304,20
2015-09-08,8.013027269627914,20
2015-09-09,8.11090307246492,20
2015-09-10,8.052098148111456,20
2015-09-11,8.08005025304701,20
2015-09-14,7.876156857188086,20
2015-09-15,7.750932160949584,20
2015-09-16,7.9407001188132575,20
2015-09-17,7.912657390836895,20
2015-09-18,7.96389929233626,20
2015-09-21,8.065994973537778,20
2015-09-22,8.106314045459735,20
2015-09-23,8.100781971769033,20
2015-09-24,8.140245383265151,20
2015-09-25,8.024381526710725,20
2015-09-28,8.129296767254969,20
2015-09-29,8.111672135874754,20
2015-09-30,8.108329151863941,20
2015-10-08,8.205418653018953,20
2015-10-09,8.228983644898848,20
2015-10-12,8.32588854925814,20
2015-10-13,8.362786452724352,20
2015-10-14,8.341922147326967,20
2015-10-15,8.437285376049278,20
2015-10-16,8.44691943956976,20
2015-10-19,8.427370588612323,20
2015-10-20,8.486809049732235,20
2015-10-21,8.345044329122194,20
2015-10-22,8.454844094248495,20
2015-10-23,8.533685997822145,20
2015-10-26,8.575602558111166,20
2015-10-27,8.601487938116748,20
2015-10-28,8.566809676977488,20
2015-10-29,8.599862722633274,20
2015-10-30,8.626943207407438,20
2015-11-02,8.687098083412438,20
2015-11-03,8.777412428729779,20
2015-11-04,8.936679200878253,20
2015-11-05,8.90403167736411,20
2015-11-06,9.062070205034924,20
2015-11-09,9.177075353900637,20
2015-11-10,9.172926975293151,20
2015-11-11,9.346802384794607,20
2015-11-12,9.48436952598118,20
2015-11-13,9.283629840247267,20
2015-11-16,9.347466832943697,20
2015-11-17,9.273325224866419,20
2015-11-18,9.155271970547624,20
2015-11-19,9.33274006693612,20
2015-11-20,9.363954242616597,20
2015-11-23,9.340984671938056,20
2015-11-24,9.53189910518877,20
2015-11-25,9.602235044801244,20
2015-11-26,9.539967589984132,20
2015-11-27,9.350043474800332,20
2015-11-30,9.508886282204603,20
2015-12-01,9.458451953912293,20
2015-12-02,9.399570707172062,20
2015-12-03,9.509444617806087,20
2015-12-04,9.494163682707828,20
2015-12-07,9.533385449514476,20
2015-12-08,9.482976184540826,20
2015-12-09,9.437303128246137,20
2015-12-10,9.401606832020354,20
2015-12-11,9.363322748168493,20
2015-12-14,9.43772978595366,20
2015-12-15,9.478186247222755,20
2015-12-16,9.494051450732396,20
2015-12-17,9.626590507507304,20
2015-12-18,9.592041914419331,20
2015-12-21,9.622185315568109,20
2015-12-22,9.661858844526634,20
2015-12-23,9.638587558131878,20
2015-12-24,9.669270475012938,20
2015-12-25,9.695873630416154,20
2015-12-28,9.610232447337317,20
2015-12-29,9.670302457835264,20
2015-12-30,9.725137426608972,20
2015-12-31,9.626038532400754,20
2016-01-04,9.203912546511978,20
2016-01-05,9.168651693922676,20
2016-01-06,9.2774602362379,20
2016-01-07,8.851706659892901,20
2016-01-08,8.928389073846054,20
2016-01-11,8.629919644485906,20
2016-01-12,8.654802689414872,20
2016-01-13,8.487066812188395,20
2016-01-14,8.705836043883203,20
2016-01-15,8.522167331099174,20
2016-01-18,8.610635125886091,20
2016-01-19,8.755798314531582,20
2016-01-20,8.715251712959862,20
2016-01-21,8.488530702194252,20
2016-01-22,8.569320872009252,20
2016-01-25,8.612860951420394,20
2016-01-26,8.255652163259562,20
2016-01-27,8.310730885379819,20
2016-01-28,8.138736867903127,20
2016-01-29,8.313238374151947,20
2016-02-01,8.29714883865118,20
2016-02-02,8.389657380787904,20
2016-02-03,8.395993619774305,20
2016-02-04,8.459588446759318,20
2016-02-05,8.43032155305055,20
2016-02-15,8.43340075009929,20
2016-02-16,8.544354369566944,20
2016-02-17,8.588044405009976,20
2016-02-18,8.613877058103757,20
2016-02-19,8.61977362979154,20
2016-02-22,8.671551842050254,20
2016-02-23,8.64779807905359,20
2016-02-24,8.618229094717332,20
2016-02-25,8.424927473450643,20
2016-02-26,8.409586658210824,20
2016-02-29,8.26063768446364,20
2016-03-01,8.326702083024712,20
2016-03-02,8.426736540656742,20
2016-03-03,8.418560580742959,20
2016-03-04,8.319876663502106,20
2016-03-07,8.376378321783175,20
2016-03-08,8.404736855987357,20
2016-03-09,8.360517514218712,20
2016-03-10,8.326652454108494,20
2016-03-11,8.351780101154736,20
2016-03-14,8.442906151117628,20
2016-03-15,8.428001409371717,20
2016-03-16,8.395273608119876,20
2016-03-17,8.494033262261278,20
2016-03-18,8.580772574899303,20
2016-03-21,8.646035157143594,20
2016-03-22,8.640661894147742,20
2016-03-23,8.675956077171191,20
2016-03-24,8.68539053602668,20
2016-03-25,8.698453218925096,20
2016-03-28,8.674191431120033,20
2016-03-29,8.607437529311511,20
2016-03-30,8.717276489729226,20
2016-03-31,8.743571803271058,20
2016-04-01,8.732669844447106,20
2016-04-05,8.79368502736476,20
2016-04-06,8.823348128664755,20
2016-04-07,8.794684653285714,20
2016-04-08,8.774855335262044,20
2016-04-11,8.859921715015016,20
2016-04-12,8.839060536071697,20
2016-04-13,8.874699341551402,20
2016-04-14,8.900255761520985,20
2016-04-15,8.89644702549677,20
2016-04-18,8.8496684045636,20
2016-04-19,8.863725087306582,20
2016-04-20,8.75207925027496,20
2016-04-21,8.718088600808546,20
2016-04-22,8.74549299438169,20
2016-04-25,8.725627301950789,20
2016-04-26,8.759670088960407,20
2016-04-27,8.75203952501195,20
2016-04-28,8.756536646082514,20
2016-04-29,8.763192309406802,20
2016-05-03,8.853339801249916,20
2016-05-04,8.853259023502707,20
2016-05-05,8.868412251194998,20
2016-05-06,8.736547568468305,20
2016-05-09,8.64801017165874,20
2016-05-10,8.651487471241476,20
2016-05-11,8.658365125836124,20
2016-05-12,8.675263787852069,20
2016-05-13,8.684254868903583,20
2016-05-16,8.743246290827589,20
2016-05-17,8.722763140473335,20
2016-05-18,8.644213722976,20
2016-05-19,8.645993680596893,20
2016-05-20,8.682377931225737,20
2016-05-23,8.722575950519916,20
2016-05-24,8.681467776055708,20
2016-05-25,8.690357645800695,20
2016-05-26,8.682628904155845,20
2016-05-27,8.69114438624927,20
2016-05-30,8.685422774779777,20
2016-05-31,8.808200574918555,20
2016-06-01,8.814362232067275,20
2016-06-02,8.849469108504135,18
2016-06-03,8.883681518441934,18
2016-06-06,8.911447440555724,18
2016-06-07,8.935150338977158,18
2016-06-08,8.915260503940747,18
2016-06-13,8.772987049766758,18
2016-06-14,8.785169068532886,18
2016-06-15,8.91384793675558,18
2016-06-16,8.906220107433544,18
2016-06-17,8.945767537667935,18
2016-06-20,9.00556089588822,18
2016-06-21,8.963502987111045,18
2016-06-22,9.009433332623235,18
2016-06-23,8.985875267226527,18
2016-06-24,8.968385860124696,18
2016-06-27,9.048782203935609,18
2016-06-28,9.086665990096604,18
2016-06-29,9.091325448747375,18
2016-06-30,9.060579012476083,18
2016-07-01,9.04645610286749,18
2016-07-04,9.175326681526563,20
2016-07-05,9.207822313982392,20
2016-07-06,9.243468352182052,20
2016-07-07,9.249232146650794,20
2016-07-08,9.225429118882241,20
2016-07-11,9.172932382195432,20
2016-07-12,9.24725285469549,20
2016-07-13,9.269461747881149,20
2016-07-14,9.273399105347268,20
2016-07-15,9.244793287416728,20
2016-07-18,9.204510830456245,20
2016-07-19,9.235744574182252,20
2016-07-20,9.247524361596613,20
2016-07-21,9.211273602372843,20
2016-07-22,9.139038539040085,20
2016-07-25,9.133899985657811,20
2016-07-26,9.203028641326014,20
2016-07-27,8.968658282548954,20
2016-07-28,8.979684015504684,20
2016-07-29,9.005981845769035,20
2016-08-01,8.916827495593228,20
2016-08-02,8.975514070558766,20
2016-08-03,9.007744678968765,20
2016-08-04,9.069734298655368,20
2016-08-05,8.991845319179582,20
2016-08-08,9.060198179409678,20
2016-08-09,9.098795731883378,20
2016-08-10,9.09053811198965,20
2016-08-11,8.9606726020937,20
2016-08-12,9.005542253368166,20
2016-08-15,9.19899026653079,20
2016-08-16,9.237807489510459,20
2016-08-17,9.257251740028293,20
2016-08-18,9.227993421743271,20
2016-08-19,9.229305651753275,20
2016-08-22,9.122902157291334,20
2016-08-23,9.150990767457566,20
2016-08-24,9.167338264834294,20
2016-08-25,9.117117080286121,20
2016-08-26,9.129566383509621,20
2016-08-29,9.161300802512136,20
2016-08-30,9.183108378684205,20
2016-08-31,9.160792359726381,20
2016-09-01,9.115506857625602,20
2016-09-02,9.135467151889989,20
2016-09-05,9.153934308783544,20
2016-09-06,9.32610722092453,20
2016-09-07,9.30539218759152,20
2016-09-08,9.370815180221179,20
2016-09-09,9.29397593143306,20
2016-09-12,9.084959912697334,20
2016-09-13,9.131321172192171,20
2016-09-14,9.087690378164664,20
2016-09-19,9.188302605269854,20
2016-09-20,9.171474697908655,20
2016-09-21,9.188680896599239,20
2016-09-22,9.222670245527198,20
2016-09-23,9.196678257442453,20
2016-09-26,9.016222016550676,20
2016-09-27,9.104135900624442,20
2016-09-28,9.146152605785746,20
2016-09-29,9.18942905504301,20
2016-09-30,9.197622364804753,20
2016-10-10,9.361044380559068,20
2016-10-11,9.367217780694652,19
2016-10-12,9.428667128474109,19
2016-10-13,9.41650303642888,19
2016-10-14,9.424518417472699,19
2016-10-17,9.35341302228673,19
2016-10-18,9.5484099828272,19
2016-10-19,9.516615290212506,19
2016-10-20,9.569592806470297,19
2016-10-21,9.474863490424342,19
2016-10-24,9.533480037322363,19
2016-10-25,9.537239543967129,19
2016-10-26,9.469077377255736,19
2016-10-27,9.519548446731518,19
2016-10-28,9.444407406081167,19
2016-10-31,9.493635371165196,19
2016-11-01,9.642704562313321,19
2016-11-02,9.681561369676158,20
2016-11-03,9.712825916059916,20
2016-11-04,9.740127471288787,20
2016-11-07,9.698691323841686,20
2016-11-08,9.738400451537814,20
2016-11-09,9.648018330850533,20
2016-11-10,9.877458781839845,20
2016-11-11,9.9367426824395,20
2016-11-14,9.948854731646191,20
2016-11-15,9.978591490875,20
2016-11-16,9.97021382047926,20
2016-11-17,9.883579147211927,20
2016-11-18,9.894888605757673,20
2016-11-21,9.9928969379525,20
2016-11-22,10.09871432624285,20
2016-11-23,9.964461494210722,20
2016-11-24,9.847121181220901,20
2016-11-25,9.815730428338153,20
2016-11-28,9.751366760367251,20
2016-11-29,9.686540768940194,20
2016-11-30,9.719799381151416,20
2016-12-01,9.762287540446096,20
2016-12-02,9.585748597875291,20
2016-12-05,9.621245786630045,20
2016-12-06,9.640754132074527,20
2016-12-07,9.744114904213019,20
2016-12-08,9.745935475659657,20
2016-12-09,9.666278016424982,20
2016-12-12,9.12847083576844,20
2016-12-13,9.148022149282674,20
2016-12-14,9.075896259842112,20
2016-12-15,9.175285201372372,20
2016-12-16,9.301214705123792,20
2016-12-19,9.334109899023147,20
2016-12-20,9.30387855130052,20
2016-12-21,9.36974737248412,20
2016-12-22,9.340630681626143,20
2016-12-23,9.20491389604042,20
2016-12-26,9.271756007726221,20
2016-12-27,9.264595800953227,20
2016-12-28,9.257127863108076,20
2016-12-29,9.201278087691808,20
2016-12-30,9.243815658197224,20
2017-01-03,9.274104606292253,20
2017-01-04,9.396835474502026,20
2017-01-05,9.348623989751822,20
2017-01-06,9.315038408352487,20
2017-01-09,9.344454069651093,20
2017-01-10,9.325618297118833,20
2017-01-11,9.235928538776877,20
2017-01-12,9.174548531979497,20
2017-01-13,9.045586524623713,20
2017-01-16,8.774904126300962,20
2017-01-17,8.872524872958866,20
2017-01-18,8.827023808244103,20
2017-01-19,8.80912022624921,20
2017-01-20,8.918082456898519,20
2017-01-23,8.995427584425068,20
2017-01-24,8.951297177912167,20
2017-01-25,8.979444705677777,20
2017-01-26,9.026094264994853,20
2017-02-03,8.994106871477996,20
2017-02-06,9.07650278490931,20
2017-02-07,9.078672820322362,20
2017-02-08,9.129378949440857,20
2017-02-09,9.245748140898211,20
2017-02-10,9.199123246294835,20
2017-02-13,9.25789897304154,20
2017-02-14,9.247073187437513,20
2017-02-15,9.196387302796762,20
2017-02-16,9.211051356985248,20
2017-02-17,9.139371761276024,20
2017-02-20,9.216249239378575,20
2017-02-21,9.29950639008607,20
2017-02-22,9.31566285351651,20
2017-02-23,9.34279242423856,20
2017-02-24,9.354926890738872,20
2017-02-27,9.305219815913185,20
2017-02-28,9.332855130179746,20
2017-03-01,9.379815394216969,20
2017-03-02,9.368044461629431,20
2017-03-03,9.483299139325418,20
2017-03-06,9.592144863514038,20
2017-03-07,9.61978637529122,20
2017-03-08,9.56699796803914,20
2017-03-09,9.54920194174718,20
2017-03-10,9.648246818654092,20
2017-03-13,9.700344523316627,20
2017-03-14,9.663834298506428,20
2017-03-15,9.652018024424141,20
2017-03-16,9.75637171627512,20
2017-03-17,9.667500479330455,20
2017-03-20,9.717256318682914,20
2017-03-21,9.735400812427924,20
2017-03-22,9.700171115926125,20
2017-03-23,9.696350166144661,20
2017-03-24,9.6921564418905,20
2017-03-27,9.702371809822996,20
2017-03-28,9.66836917909283,20
2017-03-29,9.53957729497025,20
2017-03-30,9.364297563532064,20
2017-03-31,9.433572930202338,20
2017-04-05,9.58721480715665,20
2017-04-06,9.636275347819199,20
2017-04-07,9.614305309984283,20
2017-04-10,9.404857568425294,20
2017-04-11,9.426686817336149,20
2017-04-12,9.3967997280609,20
2017-04-13,9.460252419387515,20
2017-04-14,9.353199736372979,20
2017-04-17,9.257493481227337,20
2017-04-18,9.229079670573359,20
2017-04-19,9.199454673297796,20
2017-04-20,9.200482336390044,20
2017-04-21,9.128980178152784,20
2017-04-24,8.939515366668127,20
2017-04-25,8.927542005649496,20
2017-04-26,8.902167738248185,20
2017-04-27,8.924184279538633,20
2017-04-28,8.96436466458731,20
2017-05-02,8.93731965881789,20
2017-05-03,8.936372351594818,20
2017-05-04,8.938548006133205,20
2017-05-05,8.890085657545898,20
2017-05-08,8.806165970720667,20
2017-05-09,8.825127958227899,20
2017-05-10,8.740887501315596,20
2017-05-11,8.734947267905335,20
2017-05-12,8.72799092933826,20
2017-05-15,8.726228452748026,20
2017-05-16,8.829653297667653,20
2017-05-17,8.838378150981972,20
2017-05-18,8.817631285865557,20
2017-05-19,8.79935089593804,20
2017-05-22,8.716800739350614,20
2017-05-23,8.61807607162296,20
2017-05-24,8.634653172746741,20
2017-05-25,8.661851299836396,20
2017-05-26,8.68631792900503,20
2017-05-31,8.689188008850643,20
2017-06-01,8.59137786126148,20
2017-06-02,8.654987809612873,20
2017-06-05,8.711803449786052,20
2017-06-06,8.755398254015107,20
2017-06-07,8.87387690062892,20
2017-06-08,8.857968616677374,20
2017-06-09,8.852833819259628,20
2017-06-12,8.767070045977308,20
2017-06-13,8.857771344165561,20
2017-06-14,8.884988951521471,20
2017-06-15,8.945342897509537,20
2017-06-16,8.916119516952914,20
2017-06-19,8.941356810265438,20
2017-06-20,8.93532471527427,20
2017-06-21,8.930849455794718,20
2017-06-22,8.872617523042209,20
2017-06-23,8.876240041810481,20
2017-06-26,8.918097931904336,20
2017-06-27,8.917171304334538,20
2017-06-28,8.87272053238888,20
2017-06-29,8.906799258590077,20
2017-06-30,8.964812548926034,20
2017-07-03,8.989403117013033,20
2017-07-04,8.968080959572312,20
2017-07-05,9.026672186384562,20
2017-07-06,9.015218065570828,20
2017-07-07,9.110066309957288,20
2017-07-10,9.016359361888764,20
2017-07-11,8.898289180649577,20
2017-07-12,8.95075853413161,20
2017-07-13,8.89636580788969,20
2017-07-14,8.836517242137171,20
2017-07-17,8.575576885929655,20
2017-07-18,8.610115197212673,20
2017-07-19,8.633903785822847,20
2017-07-20,8.607742341683215,20
2017-07-21,8.595264526489725,20
2017-07-24,8.629369981481773,20
2017-07-25,8.620613144095577,20
2017-07-26,8.618473100501088,20
2017-07-27,8.715952425915415,20
2017-07-28,8.68385640714325,20
2017-07-31,8.693372106275964,20
2017-08-01,8.69009325195079,20
2017-08-02,8.603062174722005,20
2017-08-03,8.63478530212018,20
2017-08-04,8.59541680073711,20
2017-08-07,8.634983090149897,20
2017-08-08,8.641296611844224,20
2017-08-09,8.644644560806583,20
2017-08-10,8.610382147905632,20
2017-08-11,8.570086977737924,20
2017-08-14,8.656215491939166,20
2017-08-15,8.708842724418357,20
2017-08-16,8.791188188462199,20
2017-08-17,8.808784478230677,20
2017-08-18,8.74820359289879,20
2017-08-21,8.795205213656768,20
2017-08-22,8.788272316617784,20
2017-08-23,8.781193142658829,20
2017-08-24,8.755042343816752,20
2017-08-25,8.827515517129013,20
2017-08-28,8.943913829734614,20
2017-08-29,8.959690684606047,20
2017-08-30,8.92465391120618,20
2017-08-31,9.098351943798367,20
2017-09-01,9.097818153961365,20
2017-09-04,9.104442233387907,20
2017-09-05,9.07619655848512,20
2017-09-06,9.163563453844574,20
2017-09-07,9.175148886066685,20
2017-09-08,9.176642785822713,20
2017-09-11,9.288567347267001,20
2017-09-12,9.150350762770522,20
2017-09-13,9.200165430852715,20
2017-09-14,9.184738965441442,20
2017-09-15,9.12545911284406,20
2017-09-18,9.156026666184962,20
2017-09-19,9.24676203403139,20
2017-09-20,9.3226303486402,20
2017-09-21,9.264070088820693,20
2017-09-22,9.314582780990584,20
2017-09-25,9.254084124392621,20
2017-09-26,9.175403223202258,20
2017-09-27,9.275956984319487,20
2017-09-28,9.225023462847924,20
2017-09-29,9.297517270086415,20
2017-10-09,9.364244908121401,20
2017-10-10,9.512646851281824,20
2017-10-11,9.458956832394882,20
2017-10-12,9.438396863476115,20
2017-10-13,9.58870089030759,20
2017-10-16,9.292146302753963,20
2017-10-17,9.377311920477927,20
2017-10-18,9.23922012467135,20
2017-10-19,9.169919628929659,20
2017-10-20,9.25045344626428,20
2017-10-23,9.313757072141366,20
2017-10-24,9.227125615473666,20
2017-10-25,9.39630875533272,20
2017-10-26,9.415122000956924,20
2017-10-27,9.447622855476885,20
2017-10-30,9.206683484294613,20
2017-10-31,9.336129130112372,20
2017-11-01,9.395327733836307,20
2017-11-02,9.299447771812611,20
2017-11-03,9.191995104664366,20
2017-11-06,9.295817190619122,20
2017-11-07,9.273534911594982,20
2017-11-08,9.27940247609267,20
2017-11-09,9.299720562649235,20
2017-11-10,9.368399659427888,20
2017-11-13,9.484077341035162,20
2017-11-14,9.359018848300606,20
2017-11-15,9.247135332854441,20
2017-11-16,9.068279150378478,20
2017-11-17,8.518057720411251,20
2017-11-20,8.617703815943102,20
2017-11-21,8.561299406810182,20
2017-11-22,8.561976843568587,20
2017-11-23,8.327774430045247,20
2017-11-24,8.431695973907692,20
2017-11-27,8.308785821488113,20
2017-11-28,8.48278371755458,20
2017-11-29,8.418489927335697,20
2017-11-30,8.392373275261022,20
2017-12-01,8.442051782948093,20
2017-12-04,8.241897339665744,20
2017-12-05,8.071223596439241,20
2017-12-06,8.149659743137136,20
2017-12-07,8.15595452554231,20
2017-12-08,8.20333146937954,20
2017-12-11,8.233720126255603,20
2017-12-12,8.149503591874137,20
2017-12-13,8.206567335166625,20
2017-12-14,8.192907729008388,20
2017-12-15,8.174758665489652,20
2017-12-18,8.114062709571657,20
2017-12-19,8.162216927221047,20
2017-12-20,8.108056244271122,20
2017-12-21,8.083893426071972,20
2017-12-22,8.064415036919069,20
2017-12-25,7.996413448092675,20
2017-12-26,8.080275867865826,20
2017-12-27,8.070469775097077,20
2017-12-28,8.111058615427938,20
2017-12-29,8.144967554440793,20
2018-01-02,8.17650521462577,20
2018-01-03,8.177455643182956,20
2018-01-04,8.151711308971452,20
2018-01-05,8.141984813727928,20
2018-01-08,8.12708582949241,20
2018-01-09,8.124503331381643,20
2018-01-10,8.073137806180295,20
2018-01-11,8.134433535096269,20
2018-01-12,8.133511115498582,20
2018-01-15,8.03659116904934,20
2018-01-16,8.101749057554686,20
2018-01-17,8.127994060046577,20
2018-01-18,8.168876075374445,20
2018-01-19,8.138974173610737,20
2018-01-22,8.18836305966464,20
2018-01-23,8.193242653812229,20
2018-01-24,8.254549375706985,20
2018-01-25,8.25842175397244,20
2018-01-26,8.202764618793244,20
2018-01-29,8.132267071657894,20
2018-01-30,8.12868067201509,20
2018-01-31,8.017881385876526,20
2018-02-01,7.886548043779807,20
2018-02-02,7.822152384686421,20
2018-02-05,7.762384164230374,20
2018-02-06,7.567684387675615,20
2018-02-07,7.6108737224966925,20
2018-02-08,7.6703025839431485,20
2018-02-09,7.5677728661995936,20
2018-02-12,7.705264566263191,20
2018-02-13,7.679837450595715,20
2018-02-14,7.6702295595173835,20
2018-02-22,7.737100002751016,20
2018-02-23,7.765604438618643,20
2018-02-26,7.915265209303766,20
2018-02-27,7.968539385385905,20
2018-02-28,7.956287991934624,20
2018-03-01,8.00099310287165,20
2018-03-02,7.979505435325664,20
2018-03-05,8.017449566277575,20
2018-03-06,8.059572168208861,20
2018-03-07,8.02932962353086,20
2018-03-08,8.096036386267551,20
2018-03-09,8.187133459691397,20
2018-03-12,8.240123299851772,20
2018-03-13,8.232682106001139,20
2018-03-14,8.24860236972519,20
2018-03-15,8.16208111923273,20
2018-03-16,8.17811479311019,20
2018-03-19,8.216024280078628,20
2018-03-20,8.239287534990776,20
2018-03-21,8.245752489517532,20
2018-03-22,8.273277912281976,20
2018-03-23,8.094238427095096,20
2018-03-26,8.182433080716969,20
2018-03-27,8.301794292453247,20
2018-03-28,8.299620537752086,20
2018-03-29,8.311089032638067,20
2018-03-30,8.3875304848534,20
2018-04-02,8.397238203793314,20
2018-04-03,8.372320944239151,20
2018-04-04,8.363682701645411,20
2018-04-09,8.384839923578793,20
2018-04-10,8.393865498598418,20
2018-04-11,8.437782707144935,20
2018-04-12,8.454803636852732,20
2018-04-13,8.451317587814497,20
2018-04-16,8.410334788663741,20
2018-04-17,8.319430025071865,20
2018-04-18,8.352875407977342,20
2018-04-19,8.355450523143174,20
2018-04-20,8.27294653830331,20
2018-04-23,8.2691887128011,20
2018-04-24,8.360751788073276,20
2018-04-25,8.392224061148648,20
2018-04-26,8.355805303996961,20
2018-04-27,8.340879262591887,20
2018-05-02,8.302028821321402,20
2018-05-03,8.328215133380949,20
2018-05-04,8.329469897526911,20
2018-05-07,8.382719867383361,20
2018-05-08,8.395319847603405,20
2018-05-09,8.431997385758324,20
2018-05-10,8.46539430178174,20
2018-05-11,8.42739207234729,20
2018-05-14,8.392004254200657,20
2018-05-15,8.437054530495207,20
2018-05-16,8.428904688815154,20
2018-05-17,8.429102497035966,20
2018-05-18,8.445444682925192,20
2018-05-21,8.475818253301606,20
2018-05-22,8.498277939461818,20
2018-05-23,8.492625323973845,20
2018-05-24,8.492865520899233,20
2018-05-25,8.48708540490503,20
2018-05-28,8.493708485140344,20
2018-05-29,8.4746774912395,20
2018-05-30,8.372926196546398,20
2018-05-31,8.436577604105254,20
2018-06-01,8.44439977703373,20
2018-06-04,8.446689166880033,20
2018-06-05,8.48645383998888,20
2018-06-06,8.50463528065266,20
2018-06-07,8.46430872559991,20
2018-06-08,8.468094943112385,20
2018-06-11,8.44518884376075,20
2018-06-12,8.46397565022351,20
2018-06-13,8.42008447441516,20
2018-06-14,8.40941978598241,20
2018-06-15,8.338465235726765,20
2018-06-19,8.176634792734509,20
2018-06-20,8.228548639013066,20
2018-06-21,8.167265767474172,20
2018-06-22,8.204134531589263,20
2018-06-25,8.217712357315055,20
2018-06-26,8.252349863598647,20
2018-06-27,8.231867471703495,20
2018-06-28,8.216309843209588,20
2018-06-29,8.284047945115564,20
2018-07-02,8.254917681394739,20
2018-07-03,8.318872990792316,20
2018-07-04,8.25612152503605,20
2018-07-05,8.193082944026914,20
2018-07-06,8.211085933579607,20
2018-07-09,8.279296500101935,20
2018-07-10,8.311671116181671,20
2018-07-11,8.254348033866554,20
2018-07-12,8.324372084868598,20
2018-07-13,8.329302094502806,20
2018-07-16,8.335574762982016,20
2018-07-17,8.337674704680852,20
2018-07-18,8.327668575965363,20
2018-07-19,8.319899055900061,20
2018-07-20,8.33738466167073,20
2018-07-23,8.341872133628193,20
2018-07-24,8.378329963887523,20
2018-07-25,8.36754034293592,20
2018-07-26,8.340565664534369,20
2018-07-27,8.331559940852353,20
2018-07-30,8.29912440793524,20
2018-07-31,8.29794364121766,20
2018-08-01,8.258760767162551,20
2018-08-02,8.193545510142373,20
2018-08-03,8.15536695547424,20
2018-08-06,8.096108531801358,20
2018-08-07,8.151090195408676,20
2018-08-08,8.110248674487567,20
2018-08-09,8.160529997070862,20
2018-08-10,8.178867760397816,20
2018-08-13,8.188610766789113,20
2018-08-14,8.184337401726497,20
2018-08-15,8.140574770263084,20
2018-08-16,8.132525200715325,20
2018-08-17,8.088923223121016,20
2018-08-20,8.106386160739056,20
2018-08-21,8.130554308268826,20
2018-08-22,8.092980457248716,20
2018-08-23,8.118815772234674,20
2018-08-24,8.131056795818358,20
2018-08-27,8.171420139235256,20
2018-08-28,8.165748277188028,20
2018-08-29,8.149260062196175,20
2018-08-30,8.117669014295032,20
2018-08-31,8.09190770326977,20
2018-09-03,8.080294076606434,20
2018-09-04,8.103939190028175,20
2018-09-05,8.062117352033145,20
2018-09-06,8.056177545690929,20
2018-09-07,8.056624808430538,20
2018-09-10,8.022591999587956,20
2018-09-11,8.029276888030306,20
2018-09-12,8.0368910162187,20
2018-09-13,8.04883948362206,20
2018-09-14,8.004077902192046,20
2018-09-17,7.959466317040272,20
2018-09-18,7.986338880080163,20
2018-09-19,7.998044595572599,20
2018-09-20,7.975457116761796,20
2018-09-21,7.999428851123058,20
2018-09-25,8.002700188522645,20
2018-09-26,8.02714807141419,20
2018-09-27,7.996670126744297,20
2018-09-28,8.033192654289326,20
2018-10-08,7.990320095615722,20
2018-10-09,8.00734424102677,20
2018-10-10,8.024439063898633,20
2018-10-11,7.895453478957525,20
2018-10-12,7.89865210236282,20
2018-10-15,7.890428720034871,20
2018-10-16,7.848818228682136,20
2018-10-17,7.864355057468582,20
2018-10-18,7.856822941045139,20
2018-10-19,7.899722601644092,20
2018-10-22,7.9850482316888955,20
2018-10-23,7.955567728561542,20
2018-10-24,7.953410735161766,20
2018-10-25,7.929058334192354,20
2018-10-26,7.935733044686382,20
2018-10-29,7.929630203620055,20
2018-10-30,7.954292560263242,20
2018-10-31,7.975411500755368,20
2018-11-01,7.973601185250369,20
2018-11-02,8.013035719123028,20
2018-11-05,8.0061785874906,20
2018-11-06,7.991541818454396,20
2018-11-07,7.987330764232712,20
2018-11-08,7.989865994549843,20
2018-11-09,8.01183666368004,20
2018-11-12,8.064407442257531,20
2018-11-13,8.089047844830452,20
2018-11-14,8.099089590720826,20
2018-11-15,8.156736582622097,20
2018-11-16,8.157255125321209,20
2018-11-19,8.154182838372023,20
2018-11-20,8.117820362701822,20
2018-11-21,8.145469626261557,20
2018-11-22,8.143028554952574,20
2018-11-23,8.072272619705654,20
2018-11-26,8.04796692507803,20
2018-11-27,8.064262963382713,20
2018-11-28,8.08762154343173,20
2018-11-29,8.041850529870414,20
2018-11-30,8.067051860887844,20
2018-12-03,8.109619656563716,20
2018-12-04,8.108547389510218,20
2018-12-05,8.086767804501235,20
2018-12-06,8.052989152194575,20
2018-12-07,8.060605657229033,20
2018-12-10,8.043761368876899,20
2018-12-11,8.053671702563713,20
2018-12-12,8.066474482328811,20
2018-12-13,8.082817353396916,20
2018-12-14,8.033059320766446,20
2018-12-17,8.043941801284518,20
2018-12-18,8.036183416367724,20
2018-12-19,8.022036016069285,20
2018-12-20,8.041202321209802,20
2018-12-21,8.054201367941904,20
2018-12-24,8.093136515000646,20
2018-12-25,8.085130230917972,20
2018-12-26,8.075774966310483,20
2018-12-27,8.05605428036387,20
2018-12-28,8.026598015221785,20
2019-01-02,8.026153897136695,20
2019-01-03,7.998400704258069,20
2019-01-04,8.032603032246813,20
2019-01-07,8.06679422920809,20
2019-01-08,8.052067262892406,20
2019-01-09,8.051967359660287,20
2019-01-10,8.05218053522081,20
2019-01-11,8.080686192538154,20
2019-01-14,8.07600565054445,20
2019-01-15,8.090675251024983,20
2019-01-16,8.086134295210178,20
2019-01-17,8.063977459568736,20
2019-01-18,8.076528959880614,20
2019-01-21,8.093657309211153,20
2019-01-22,8.093946319079217,20
2019-01-23,8.099856893866887,20
2019-01-24,8.10345559132668,20
2019-01-25,8.080276242171486,20
2019-01-28,8.072510354941043,20
2019-01-29,8.043911591971668,20
2019-01-30,8.020030560855826,20
2019-01-31,7.968283263103105,20
2019-02-01,8.009274937564657,20
2019-02-11,8.047746964695548,20
2019-02-12,8.063329679274764,20
2019-02-13,8.089984027043414,20
2019-02-14,8.088593187671398,20
2019-02-15,8.091601683441636,20
2019-02-18,8.13513731186691,20
2019-02-19,8.128899951545295,20
2019-02-20,8.13434989638217,20
2019-02-21,8.131565937284622,20
2019-02-22,8.16632070234212,20
2019-02-25,8.234693962067201,20
2019-02-26,8.252332530212707,20
2019-02-27,8.265562312965743,20
2019-02-28,8.356230953239345,20
2019-03-01,8.350388213895096,20
2019-03-04,8.42029227834832,20
2019-03-05,8.465126737627848,20
2019-03-06,8.57835815638072,20
2019-03-07,8.664026660652098,20
2019-03-08,8.485369850168032,20
2019-03-11,8.653903259987521,20
2019-03-12,8.749573746639248,20
2019-03-13,8.681250491299105,20
2019-03-14,8.5856683324869,20
2019-03-15,8.650498019792757,20
2019-03-18,8.737041515337188,20
2019-03-19,8.785977843881566,20
2019-03-20,8.764017658103105,20
2019-03-21,8.815413218531654,20
2019-03-22,8.84001402885366,20
2019-03-25,8.861542732713348,20
2019-03-26,8.780797811704351,20
2019-03-27,8.84366450195147,20
2019-03-28,8.819832377696192,20
2019-03-29,8.906587849641971,20
2019-04-01,9.05013847807284,20
2019-04-02,9.094610292576892,20
2019-04-03,9.20005630401246,20
2019-04-04,9.215577772070038,20
2019-04-08,9.14831483862745,20
2019-04-09,9.138622137531337,20
2019-04-10,9.199339944294366,20
2019-04-11,9.08852191764478,20
2019-04-12,9.065713318518567,20
2019-04-15,9.021590605171303,20
2019-04-16,9.108996140431993,20
2019-04-17,9.158926817473336,20
2019-04-18,9.11809795123485,20
2019-04-19,9.192137120720016,20
2019-04-22,9.149458721338402,20
2019-04-23,9.095020558974142,20
2019-04-24,9.168826392557506,20
2019-04-25,9.014938133792368,20
2019-04-26,8.976016176857511,20
2019-04-29,8.896176543991537,20
2019-04-30,8.955304403028405,20
2019-05-06,8.510435500891047,20
2019-05-07,8.623500438565985,20
2019-05-08,8.690903104914032,20
2019-05-09,8.6351617495244,20
2019-05-10,8.855964304832707,20
2019-05-13,8.823743566542818,20
2019-05-14,8.775598216023534,20
2019-05-15,8.8691926969976,20
2019-05-16,8.857689069999584,20
2019-05-17,8.65443882853853,20
2019-05-20,8.612289359129502,20
2019-05-21,8.702475011784243,20
2019-05-22,8.691062740501915,20
2019-05-23,8.50518467184558,20
2019-05-24,8.44993890345502,20
2019-05-27,8.64285301434076,20
2019-05-28,8.59986137253558,20
2019-05-29,8.629556046871908,20
2019-05-30,8.613346539089648,20
2019-05-31,8.643615039174682,20
2019-06-03,8.655156743443282,20
2019-06-04,8.598973113595159,20
2019-06-05,8.626205108852956,20
2019-06-06,8.419033000804687,20
2019-06-10,8.504665394597705,20
2019-06-11,8.701768031336297,20
2019-06-12,8.680270395367073,20
2019-06-13,8.752026855061988,20
2019-06-14,8.619138836495754,20
2019-06-17,8.619342537217264,20
2019-06-18,8.633874073452086,20
2019-06-19,8.722267875680119,20
2019-06-20,8.837074131814104,20
2019-06-21,8.984361953178164,20
2019-06-24,8.976206728196445,20
2019-06-25,8.880840216568254,20
2019-06-26,8.951027567199063,20
2019-06-27,9.042591513572907,20
2019-06-28,9.010331753412077,20
2019-07-01,9.20828486909764,20
2019-07-02,9.26436006441314,20
2019-07-03,9.230612435816665,20
2019-07-04,9.2559721887497,20
2019-07-05,9.26742354551418,20
2019-07-08,9.067887882854723,20
2019-07-09,9.099420220277443,20
2019-07-10,9.077451569073986,20
2019-07-11,9.068756487138547,20
2019-07-12,9.047865508900754,20
2019-07-15,9.149686636405225,20
2019-07-16,9.133311124793703,20
2019-07-17,9.13133245448372,20
2019-07-18,8.98600158291158,20
2019-07-19,9.01981606256499,20
2019-07-22,8.899315473988525,20
2019-07-23,8.952914825269815,20
2019-07-24,9.047621593650696,20
2019-07-25,9.075155307982259,20
2019-07-26,9.072635860688523,20
2019-07-29,9.107104954118046,20
2019-07-30,9.139444038707625,20
2019-07-31,9.125348721331616,20
2019-08-01,9.13176506771306,20
2019-08-02,9.033842618636093,20
2019-08-05,8.975961424086588,20
2019-08-06,8.806547866576919,20
2019-08-07,8.751453351401715,20
2019-08-08,8.790171931087263,20
2019-08-09,8.705823484046066,20
2019-08-12,8.806983260703849,20
2019-08-13,8.79414256304958,20
2019-08-14,8.867287146441535,20
2019-08-15,8.863886252522684,20
2019-08-16,8.944682614465007,20
2019-08-19,9.114263208925163,20
2019-08-20,9.089511726492578,20
2019-08-21,9.09192759347238,20
2019-08-22,9.126063174512572,20
2019-08-23,9.10424441497062,20
2019-08-26,9.082478439170067,20
2019-08-27,9.18834538358334,20
2019-08-28,9.17679965607702,20
2019-08-29,9.155811590983514,20
2019-08-30,9.074434508732413,20
2019-09-02,9.192335197013277,20
2019-09-03,9.189188518476143,20
2019-09-04,9.247949079476781,20
2019-09-05,9.294762872585641,20
2019-09-06,9.374167668467694,20
2019-09-09,9.49913256400842,20
2019-09-10,9.516025299661804,20
2019-09-11,9.496704371057723,20
2019-09-12,9.527538033378137,20
2019-09-16,9.563662203101394,20
2019-09-17,9.459955057209477,20
2019-09-18,9.466406739846432,20
2019-09-19,9.605596178436192,20
2019-09-20,9.604663950514329,20
2019-09-23,9.567094383562951,20
2019-09-24,9.582266502428084,20
2019-09-25,9.502948122645273,20
2019-09-26,9.352976037443764,20
2019-09-27,9.406931237519817,20
2019-09-30,9.357234342025746,20
2019-10-08,9.405922194848037,20
2019-10-09,9.499180004880813,20
2019-10-10,9.602418436588819,20
2019-10-11,9.617250570127046,20
2019-10-14,9.699497422990808,20
2019-10-15,9.667621303438331,20
2019-10-16,9.687953342667006,20
2019-10-17,9.658479506112359,20
2019-10-18,9.65266175611527,20
2019-10-21,9.53958578572236,20
2019-10-22,9.582025907633444,20
2019-10-23,9.574966139531591,20
2019-10-24,9.539097390898165,20
2019-10-25,9.57090185652611,20
2019-10-28,9.629402097077197,20
2019-10-29,9.512441428967245,20
2019-10-30,9.382131816431032,20
2019-10-31,9.369548584127823,20
2019-11-01,9.388035687429003,20
2019-11-04,9.407607380591717,20
2019-11-05,9.414295180702574,20
2019-11-06,9.39650325902749,20
2019-11-07,9.410219889864376,20
2019-11-08,9.415584368449961,20
2019-11-11,9.300370096351465,20
2019-11-12,9.311447475393733,20
2019-11-13,9.300211617773805,20
2019-11-14,9.358182844846167,20
2019-11-15,9.303750336635737,20
2019-11-18,9.34618353952892,20
2019-11-19,9.401732956699407,20
2019-11-20,9.362082154721676,20
2019-11-21,9.321037525473072,20
2019-11-22,9.289529435984562,20
2019-11-25,9.24659141594326,20
2019-11-26,9.26137749117835,20
2019-11-27,9.252870451541193,20
2019-11-28,9.227456849761683,20
2019-11-29,9.224605850078618,20
2019-12-02,9.223790157792502,20
2019-12-03,9.24561417559427,20
2019-12-04,9.23629968100901,20
2019-12-05,9.259015325860233,20
2019-12-06,9.26646188871867,20
2019-12-09,9.263276992279625,20
2019-12-10,9.267594890771216,20
2019-12-11,9.257869758074454,20
2019-12-12,9.239639229390557,20
2019-12-13,9.280323673974381,20
2019-12-16,9.3453005328395,20
2019-12-17,9.384044195291109,20
2019-12-18,9.394132423546411,20
2019-12-19,9.41295539263475,20
2019-12-20,9.418159664102975,20
2019-12-23,9.379407024554181,20
2019-12-24,9.436667646508342,20
2019-12-25,9.430992474708024,20
2019-12-26,9.468859015861101,20
2019-12-27,9.453330790390257,20
2019-12-30,9.51425067401296,20
2019-12-31,9.542563824614714,20
2020-01-02,9.647735641100695,20
2020-01-03,9.650494459331345,20
2020-01-06,9.657179911157558,20
2020-01-07,9.73006007542145,20
2020-01-08,9.658702197888072,20
2020-01-09,9.797992431899571,20
2020-01-10,9.868569337506273,20
2020-01-13,9.903958616012044,20
2020-01-14,9.881635760301672,20
2020-01-15,9.862912173833168,20
2020-01-16,9.842808812914932,20
2020-01-17,9.830829707474276,20
2020-01-20,9.887124912851002,20
2020-01-21,9.82751887337966,20
2020-01-22,9.793603424569048,20
2020-01-23,9.553426735117263,20
2020-02-03,8.838465006821993,20
2020-02-04,8.893303601659554,20
2020-02-05,9.178172049483234,20
2020-02-06,9.386734248771624,20
2020-02-07,9.417572468813654,20
2020-02-10,9.523044029755708,20
2020-02-11,9.42890234370391,20
2020-02-12,9.524819282482682,20
2020-02-13,9.455046783740604,20
2020-02-14,9.385536586187955,20
2020-02-17,9.622151950320161,20
2020-02-18,9.709642707665173,20
2020-02-19,9.70304869304684,20
2020-02-20,9.79531755152261,20
2020-02-21,9.816806854596965,20
2020-02-24,9.855346714701106,20
2020-02-25,9.79438888602275,20
2020-02-26,9.707452159824653,20
2020-02-27,9.747154424664652,20
2020-02-28,9.271056727465039,20
2020-03-02,9.538427663495352,20
2020-03-03,9.64237595840115,20
2020-03-04,9.747164018251649,20
2020-03-05,9.877736287225341,20
2020-03-06,9.844616219434714,20
2020-03-09,9.649154386727243,20
2020-03-10,9.746483886880496,20
2020-03-11,9.769306379223949,20
2020-03-12,9.548475453171818,20
2020-03-13,9.443071482839306,20
2020-03-16,9.207880818242266,20
2020-03-17,9.123143398298923,20
2020-03-18,9.045586234970445,20
2020-03-19,9.109523819387489,20
2020-03-20,9.217652153162083,20
2020-03-23,9.047480954284106,20
2020-03-24,9.184095143021962,20
2020-03-25,9.333641754366203,20
2020-03-26,9.30229326231418,20
2020-03-27,9.314914718050199,20
2020-03-30,9.14433681453128,20
2020-03-31,9.167521782459872,20
2020-04-01,9.138171031839054,20
2020-04-02,9.187746852930443,20
2020-04-03,9.176455871428034,20
2020-04-07,9.26063133428705,20
2020-04-08,9.279906899187651,20
2020-04-09,9.318234664974815,20
2020-04-10,9.267148938379377,20
2020-04-13,9.26714015087953,20
2020-04-14,9.315105296505747,20
2020-04-15,9.29521522722021,20
2020-04-16,9.299186273446992,20
2020-04-17,9.31931584304929,20
2020-04-20,9.374477724028626,20
2020-04-21,9.380549270114567,20
2020-04-22,9.43088981225104,20
2020-04-23,9.449730452480024,20
2020-04-24,9.417502791519286,20
2020-04-27,9.4238245056717,20
2020-04-28,9.36645338955002,20
2020-04-29,9.405335642887788,20
2020-04-30,9.489821466586175,20
2020-05-06,9.55249310750002,20
2020-05-07,9.53359257857558,19
2020-05-08,9.600066696680418,19
2020-05-11,9.573190380411074,19
2020-05-12,9.586762426871834,19
2020-05-13,9.644566986856843,19
2020-05-14,9.602396394797559,19
2020-05-15,9.617545165583296,19
2020-05-18,9.59881332085654,19
2020-05-19,9.671474526071064,19
2020-05-20,9.572375207946584,19
2020-05-21,9.529437828851211,19
2020-05-22,9.403458115964856,19
2020-05-25,9.396256870494508,19
2020-05-26,9.50589543331855,19
2020-05-27,9.497334082408548,19
2020-05-28,9.502292911505261,19
2020-05-29,9.518933265884645,19
2020-06-01,9.712680911375312,19
2020-06-02,9.793406068594248,20
2020-06-03,9.779429485477491,20
2020-06-04,9.841471769582895,20
2020-06-05,9.855930316958757,20
2020-06-08,9.898856082056374,20
2020-06-09,9.912530861658926,20
2020-06-10,9.927145443973124,20
2020-06-11,9.933908566231016,20
2020-06-12,9.947027957961026,20
2020-06-15,9.871126735570291,20
2020-06-16,10.005963797670779,20
2020-06-17,9.985909147545048,20
2020-06-18,9.955487105323378,20
2020-06-19,10.00347542164201,20
2020-06-22,9.97271904002531,20
2020-06-23,9.99870141932332,20
2020-06-24,9.981202589816581,20
2020-06-29,9.899245711645928,20
2020-06-30,10.000149051072185,20
2020-07-01,10.025480513274614,20
2020-07-02,10.117506689839962,20
2020-07-03,10.157255034520217,20
2020-07-06,10.44494120935542,20
2020-07-07,10.458390140483587,20
2020-07-08,10.547943433642615,20
2020-07-09,10.816839804068838,20
2020-07-10,10.717602284904624,20
2020-07-13,10.977433592478716,20
2020-07-14,10.892247106043776,20
2020-07-15,10.721082814737187,20
2020-07-16,10.451078062084102,20
2020-07-17,10.507329800265397,20
2020-07-20,10.779344216454476,20
2020-07-21,10.843967680227982,20
2020-07-22,10.800418774794267,20
2020-07-23,10.829735746380475,20
2020-07-24,10.531210693915883,20
2020-07-27,10.56071809775354,20
2020-07-28,10.62774367711472,20
2020-07-29,10.813365960615734,20
2020-07-30,10.890072999430481,20
2020-07-31,10.95731619323984,20
2020-08-03,11.2585971537402,20
2020-08-04,11.252435718301092,20
2020-08-05,11.252550620959866,20
2020-08-06,11.280236323568351,20
2020-08-07,11.17860285064139,20
2020-08-10,11.298866400677758,20
2020-08-11,11.157387877845425,20
2020-08-12,11.032212906853076,20
2020-08-13,11.087846218185257,20
2020-08-14,11.153166882006682,20
2020-08-17,11.301959506354168,20
2020-08-18,11.371052338377181,20
2020-08-19,11.385639768038997,20
2020-08-20,11.255768699740306,20
2020-08-21,11.312047857696959,20
2020-08-24,11.329807607753539,20
2020-08-25,11.270374973247474,20
2020-08-26,11.07651586798288,20
2020-08-27,11.180090309403042,20
2020-08-28,11.25891113495915,20
2020-08-31,11.221203699368342,20
2020-09-01,11.299930402942948,20
2020-09-02,11.32829586005365,20
2020-09-03,11.270585232739625,20
2020-09-04,11.201355563847986,20
2020-09-07,11.077247379744668,20
2020-09-08,11.13849408449827,20
2020-09-09,10.95287434332972,20
2020-09-10,10.804870036611662,20
2020-09-11,10.909510978526598,20
2020-09-14,10.929888800377821,20
2020-09-15,10.901656021714187,20
2020-09-16,10.87936329081962,20
2020-09-17,10.861824312680087,20
2020-09-18,11.034437556701306,20
2020-09-21,11.005472762230166,20
2020-09-22,10.845255683654832,20
2020-09-23,10.810785319809971,20
2020-09-24,10.597786338781548,20
2020-09-25,10.59105433218238,20
2020-09-28,10.562103655428976,20
2020-09-29,10.596344499115478,20
2020-09-30,10.578892952296734,20
2020-10-09,10.809301291031089,20
2020-10-12,11.060709391503513,20
2020-10-13,11.060623873680788,20
2020-10-14,10.963480889054546,20
2020-10-15,10.894909166928816,20
2020-10-16,10.888713900208675,20
2020-10-19,10.883051137163966,20
2020-10-20,10.981055485365511,20
2020-10-21,10.93508050963677,20
2020-10-22,10.823291535628718,20
2020-10-23,10.640448305086894,20
2020-10-26,10.595504924326141,20
2020-10-27,10.588574574693741,20
2020-10-28,10.597958909910409,20
2020-10-29,10.708163822032446,20
2020-10-30,10.508665945159509,20
2020-11-02,10.512004566423892,20
2020-11-03,10.573372458467114,19
2020-11-04,10.583398901849025,19
2020-11-05,10.769597221935845,19
2020-11-06,10.747132311436365,19
2020-11-09,10.923130732620786,19
2020-11-10,10.912722213162368,19
2020-11-11,10.904142643385486,19
2020-11-12,10.97649918338652,19
2020-11-13,10.9447867306239,19
2020-11-16,11.14066710404033,19
2020-11-17,11.13208739452332,19
2020-11-18,11.179309515772843,19
2020-11-19,11.148884589403824,19
2020-11-20,11.149825532281561,19
2020-11-23,11.219440013313445,19
2020-11-24,11.252495417079661,19
2020-11-25,11.113842972597677,19
2020-11-26,11.095578340388325,19
2020-11-27,11.053007076276524,19
2020-11-30,10.984805078541617,19
2020-12-01,11.051517400218495,19
2020-12-02,11.066770329268333,20
2020-12-03,11.029666087418352,20
2020-12-04,11.075659746770318,20
2020-12-07,11.050965602846585,20
2020-12-08,11.010982313021575,20
2020-12-09,10.927561728730202,20
2020-12-10,10.884386573315059,20
2020-12-11,10.764463344251508,20
2020-12-14,10.773524756825426,20
2020-12-15,10.768657969273475,20
2020-12-16,10.718993257326884,20
2020-12-17,10.732144852590169,20
2020-12-18,10.6643391197551,20
2020-12-21,10.688257483772302,20
2020-12-22,10.468777213448574,20
2020-12-23,10.473916757427451,20
2020-12-24,10.29846346868353,20
2020-12-25,10.368693098497646,20
2020-12-28,10.183711246214058,20
2020-12-29,10.201746244304916,20
2020-12-30,10.194832542759489,20
2020-12-31,10.29956787287762,20
2021-01-04,10.366328112722714,20
2021-01-05,10.353485470290488,20
2021-01-06,10.21531890290674,20
2021-01-07,9.995247827090987,20
2021-01-08,10.006113973262917,20
2021-01-11,9.838558430495498,20
2021-01-12,9.88731605220288,20
2021-01-13,9.796937581243036,20
2021-01-14,9.985423717361751,20
2021-01-15,10.085098641728486,20
2021-01-18,10.181471083653584,20
2021-01-19,10.207998907013522,20
2021-01-20,10.20633936485256,20
2021-01-21,10.238567165073231,20
2021-01-22,10.19264931920302,20
2021-01-25,10.092308937098329,20
2021-01-26,10.034535796506324,20
2021-01-27,10.07291952769826,20
2021-01-28,10.005016378571657,20
2021-01-29,9.945456561491675,20
2021-02-01,9.997969875758242,20
2021-02-02,10.045801119962254,20
2021-02-03,9.99850814252737,20
2021-02-04,9.902689818488959,20
2021-02-05,9.894996327439088,20
2021-02-08,9.892535857185374,20
2021-02-09,9.99060563204284,20
2021-02-10,10.033179365233812,20
2021-02-18,10.125674436686259,20
2021-02-19,10.22788383682278,20
2021-02-22,10.281893993736324,20
2021-02-23,10.2519847528418,20
2021-02-24,10.23751750471549,20
2021-02-25,10.203947773775877,20
2021-02-26,10.19155793020463,20
2021-03-01,10.294516350304098,20
2021-03-02,10.280327286147235,20
2021-03-03,10.317287587253517,20
2021-03-04,10.289811388160855,20
2021-03-05,10.311938297489625,20
2021-03-08,10.293758342066216,20
2021-03-09,10.254087376402843,20
2021-03-10,10.215119894571485,20
2021-03-11,10.265780975052689,20
2021-03-12,10.272747433823003,20
2021-03-15,10.25418211750071,20
2021-03-16,10.294667752240018,20
2021-03-17,10.302337656838072,20
2021-03-18,10.309575628273883,20
2021-03-19,10.29500566187895,20
2021-03-22,10.350801383337195,20
2021-03-23,10.330246162396179,20
2021-03-24,10.299232977918589,20
2021-03-25,10.30751782758261,20
2021-03-26,10.326079122811056,20
2021-03-29,10.331877367325566,20
2021-03-30,10.311162073914936,20
2021-03-31,10.331839453752734,20
2021-04-01,10.315488482676658,20
2021-04-02,10.31723251612353,20
2021-04-06,10.334711451918361,20
2021-04-07,10.354721405955935,20
2021-04-08,10.340396411464623,20
2021-04-09,10.331396871674755,20
2021-04-12,10.280114098626454,20
2021-04-13,10.266228577106874,20
2021-04-14,10.291858994949358,20
2021-04-15,10.281384014299253,20
2021-04-16,10.302814967931873,20
2021-04-19,10.3236003184748,20
2021-04-20,10.315311179245413,20
2021-04-21,10.302943457019069,20
2021-04-22,10.3207467577249,20
2021-04-23,10.3219427088401,20
2021-04-26,10.296832331617795,20
2021-04-27,10.275666929412564,20
2021-04-28,10.266380919070794,20
2021-04-29,10.26862773946112,20
2021-04-30,10.245154302664835,20
2021-05-06,10.237969094578043,20
2021-05-07,10.212418852305145,20
2021-05-10,10.24052656669341,20
2021-05-11,10.238116519972117,20
2021-05-12,10.26366462538115,20
2021-05-13,10.27498432885611,20
2021-05-14,10.323944494313093,20
2021-05-17,10.283706891623728,20
2021-05-18,10.278670997779258,20
2021-05-19,10.274785784888387,20
2021-05-20,10.27556161922453,20
2021-05-21,10.278572383175382,20
2021-05-24,10.307686489217724,20
2021-05-25,10.341879906655093,20
2021-05-26,10.358810926348943,20
2021-05-27,10.366642574162766,20
2021-05-28,10.366522191327382,20
2021-05-31,10.419373929084772,20
2021-06-01,10.4422646320023,20
2021-06-02,10.400137315570591,20
2021-06-03,10.400648451755053,20
2021-06-04,10.370984382332368,20
2021-06-07,10.408645008008726,20
2021-06-08,10.424576943368312,20
2021-06-09,10.407149526523108,20
2021-06-10,10.449777339072886,20
2021-06-11,10.495534615138784,20
2021-06-15,10.38751856723757,20
2021-06-16,10.25740517311471,20
2021-06-17,10.307765851281385,20
2021-06-18,10.35513183173105,20
2021-06-21,10.44686061130608,20
2021-06-22,10.526860332814389,20
2021-06-23,10.532712948216146,20
2021-06-24,10.448913847021437,20
2021-06-25,10.437231641177208,20
2021-06-28,10.460830935543191,20
2021-06-29,10.37242569180577,20
2021-06-30,10.364098439268897,20
2021-07-01,10.2829513897767,20
2021-07-02,10.232226407705282,20
2021-07-05,10.355847932278778,20
2021-07-06,10.366689183717744,20
2021-07-07,10.405104658846922,20
2021-07-08,10.256213067363802,20
2021-07-09,10.295020126517908,20
2021-07-12,10.437897960958733,20
2021-07-13,10.462059531466437,20
2021-07-14,10.4582663135598,20
2021-07-15,10.373359462639701,20
2021-07-16,10.385616594061275,20
2021-07-19,10.32807862284209,20
2021-07-20,10.328361108538369,20
2021-07-21,10.37563485352164,20
2021-07-22,10.422303061376333,20
2021-07-23,10.297830165244259,20
2021-07-26,10.240268212632879,20
2021-07-27,10.217463687691739,20
2021-07-28,10.170494372316785,20
2021-07-29,10.372311409961478,20
2021-07-30,10.447956475325027,20
2021-08-02,10.553617784719147,20
2021-08-03,10.556236843372995,20
2021-08-04,10.612726929826684,20
2021-08-05,10.564674064160437,20
2021-08-06,10.55027437287937,20
2021-08-09,10.712846370120658,20
2021-08-10,10.805639367205371,20
2021-08-11,10.834796612991944,20
2021-08-12,10.89555357393657,20
2021-08-13,10.932240732804233,20
2021-08-16,11.048465277278131,20
2021-08-17,10.87796610166606,20
2021-08-18,10.9888255156748,20
2021-08-19,10.976591327791914,20
2021-08-20,10.8490682270052,20
2021-08-23,11.145257826934712,20
2021-08-24,11.232574220536382,20
2021-08-25,11.319330984092266,20
2021-08-26,11.24695094961779,20
2021-08-27,11.287032004528879,20
2021-08-30,11.291089962156121,20
2021-08-31,11.293361169082155,20
2021-09-01,11.187462721937665,20
2021-09-02,11.238058670810613,20
2021-09-03,11.304248164617999,20
2021-09-06,11.38208503418174,20
2021-09-07,11.41196149636292,20
2021-09-08,11.421543056305353,20
2021-09-09,11.490444181343502,20
2021-09-10,11.397705020019174,20
2021-09-13,11.447547505687202,20
2021-09-14,11.381997942696378,20
2021-09-15,11.401436427633438,20
2021-09-16,11.408561085595617,20
2021-09-17,11.417807914127645,20
2021-09-22,11.471094997607885,20
2021-09-23,11.504036797365554,20
2021-09-24,11.381405852837545,20
2021-09-27,11.194422961151322,20
2021-09-28,11.180287582482112,20
2021-09-29,10.971452389678369,20
2021-09-30,11.139126161318387,20
2021-10-08,11.242095642705687,20
2021-10-11,11.226978674199648,20
2021-10-12,11.097423477650256,20
2021-10-13,11.142835179414174,20
2021-10-14,11.198933806253505,20
2021-10-15,11.123085671470344,20
2021-10-18,11.098957160698086,20
2021-10-19,11.201995340345208,20
2021-10-20,11.230402350499665,20
2021-10-21,11.180055770232073,20
2021-10-22,11.11671469962285,20
2021-10-25,11.24730263639317,20
2021-10-26,11.245002683289115,20
2021-10-27,11.049674377158087,20
2021-10-28,10.943092631926708,20
2021-10-29,10.975404891075101,20
2021-11-01,11.1128134665262,20
2021-11-02,11.027285437989905,20
2021-11-03,11.102839561770065,20
2021-11-04,11.227191541505048,20
2021-11-05,11.337014650322857,20
2021-11-08,11.379552814633803,20
2021-11-09,11.494156411652094,20
2021-11-10,11.584382217326421,20
2021-11-11,11.643581795678339,20
2021-11-12,11.840610126919403,20
2021-11-15,12.099697817835025,20
2021-11-16,12.104099603873248,20
2021-11-17,12.300196564800055,20
2021-11-18,12.166599873384579,20
2021-11-19,12.27117421501325,20
2021-11-22,12.309997990747535,20
2021-11-23,12.369987826788886,20
2021-11-24,12.380427590282503,20
2021-11-25,12.416092954520304,20
2021-11-26,12.435216193340773,20
2021-11-29,12.443894924218142,20
2021-11-30,12.478718205746029,20
2021-12-01,12.558444769468906,20
2021-12-02,12.471263796456734,20
2021-12-03,12.481191063374574,20
2021-12-06,12.372277553660227,20
2021-12-07,12.320979713139428,20
2021-12-08,12.401510357128217,20
2021-12-09,12.492644688975028,20
2021-12-10,12.47939543128858,20
2021-12-13,12.47169191077815,20
2021-12-14,12.457185561353814,20
2021-12-15,12.507700697729966,20
2021-12-16,12.59230705424362,20
2021-12-17,12.548882543256642,20
2021-12-20,12.531587114837999,20
2021-12-21,12.64482727119256,20
2021-12-22,12.67153284723745,20
2021-12-23,12.570331163294378,20
2021-12-24,12.440035764634676,20
2021-12-27,12.581861211820382,20
2021-12-28,12.607681664648672,20
2021-12-29,12.643924287588826,20
2021-12-30,12.755233893855246,20
2021-12-31,12.874630665563476,20
2022-01-04,13.239384762267651,20
2022-01-05,13.186271573330723,20
2022-01-06,13.316542056421351,20
2022-01-07,13.240873957782926,20
2022-01-10,13.474369875671028,20
2022-01-11,13.431873365762044,20
2022-01-12,13.465558322121058,20
2022-01-13,13.443988617795434,20
2022-01-14,13.334307021428163,20
2022-01-17,13.446433100389376,20
2022-01-18,13.335903536442915,20
2022-01-19,13.447540127932314,20
2022-01-20,13.176998737903494,20
2022-01-21,13.014426502172634,20
2022-01-24,12.989460187275318,20
2022-01-25,12.523065704820604,20
2022-01-26,12.620827376474384,20
2022-01-27,12.365274420002601,20
2022-01-28,12.487813666591448,20
2022-02-07,12.643006214610448,20
2022-02-08,12.76514872907886,20
2022-02-09,12.851079765713493,20
2022-02-10,12.805922767095495,20
2022-02-11,12.631823267980208,20
2022-02-14,12.60790287076482,20
2022-02-15,12.59180852976485,20
2022-02-16,12.720433359695814,20
2022-02-17,12.712231282014566,20
2022-02-18,12.753606834430752,20
2022-02-21,12.845618090013264,20
2022-02-22,12.734102288500786,20
2022-02-23,12.893830300624819,20
2022-02-24,12.71913763901616,20
2022-02-25,12.82867913119246,20
2022-02-28,12.828328071585995,20
2022-03-01,12.828238316798059,20
2022-03-02,12.835888672097779,20
2022-03-03,12.87504042642917,20
2022-03-04,12.76660357663868,20
2022-03-07,12.659640633545415,20
2022-03-08,12.40640117686888,20
2022-03-09,12.270645016244254,20
2022-03-10,12.413591446461638,20
2022-03-11,12.52788396670218,20
2022-03-14,12.349218578014428,20
2022-03-15,12.063219527980053,20
2022-03-16,12.157838598480506,20
2022-03-17,12.252162342394078,20
2022-03-18,12.337323213892933,20
2022-03-21,12.449332193819187,20
2022-03-22,12.431024738369613,20
2022-03-23,12.433814866545951,20
2022-03-24,12.36270303321203,20
2022-03-25,12.407304274265744,20
2022-03-28,12.385726542801706,20
2022-03-29,12.365573289019336,20
2022-03-30,12.502470686730922,20
2022-03-31,12.584257385371334,20
2022-04-01,12.544031604206532,20
2022-04-06,12.597876008769683,20
2022-04-07,12.537325677879172,20
2022-04-08,12.511233864683401,20
2022-04-11,12.39886529340391,20
2022-04-12,12.444959793705767,20
2022-04-13,12.376220397490616,20
2022-04-14,12.413291497020545,20
2022-04-15,12.35577561855077,20
2022-04-18,12.42098905681554,20
2022-04-19,12.432890144642995,20
2022-04-20,12.422102640034408,20
2022-04-21,12.360321296680436,20
2022-04-22,12.401861912734446,20
2022-04-25,12.16038882140048,20
2022-04-26,11.997534555494086,20
2022-04-27,12.087881733057955,20
2022-04-28,11.996147319720636,20
2022-04-29,12.12637275305996,20
2022-05-05,12.173175331015644,20
2022-05-06,12.15664842562216,19
2022-05-09,12.204740763313271,19
2022-05-10,12.228084536469762,19
2022-05-11,12.225176012304539,19
2022-05-12,12.255631899603104,19
2022-05-13,12.2527574890382,19
2022-05-16,12.250361434360512,19
2022-05-17,12.224196663768074,19
2022-05-18,12.237951029780865,19
2022-05-19,12.248128014168167,19
2022-05-20,12.273280540922883,19
2022-05-23,12.341428167626942,19
2022-05-24,12.248732554964947,19
2022-05-25,12.299224641660002,19
2022-05-26,12.315837584129051,19
2022-05-27,12.295393302859779,19
2022-05-30,12.309749653285184,19
2022-05-31,12.334424236076911,19
2022-06-01,12.345831740930391,19
2022-06-02,12.367527164389323,20
2022-06-06,12.400536861566373,20
2022-06-07,12.381080029511724,20
2022-06-08,12.369893994471635,20
2022-06-09,12.335675019508466,20
2022-06-10,12.361018191597605,20
2022-06-13,12.3692225267291,20
2022-06-14,12.371331302218637,20
2022-06-15,12.36903130996372,20
2022-06-16,12.39737530647029,20
2022-06-17,12.447630653235683,20
2022-06-20,12.484718957031259,20
2022-06-21,12.452522850731697,20
2022-06-22,12.431668502827659,20
2022-06-23,12.479089141731892,20
2022-06-24,12.499404695594707,20
2022-06-27,12.524224123617367,20
2022-06-28,12.572273974756026,20
2022-06-29,12.539816654151624,20
2022-06-30,12.603542163328866,20
2022-07-01,12.68353692417966,20
2022-07-04,12.754816114588456,19
2022-07-05,12.714281517030829,19
2022-07-06,12.642835410981798,19
2022-07-07,12.697755837513087,19
2022-07-08,12.69111718944749,19
2022-07-11,12.635821088801867,19
2022-07-12,12.506952059836228,19
2022-07-13,12.57616012844703,19
2022-07-14,12.64137829357224,19
2022-07-15,12.524288189286487,19
2022-07-18,12.78807612831249,19
2022-07-19,12.810417841478783,19
2022-07-20,12.877222267591131,19
2022-07-21,12.902090231524292,19
2022-07-22,12.855517632413482,19
2022-07-25,12.810378732596854,19
2022-07-26,12.830407807158364,19
2022-07-27,12.945782155295051,19
2022-07-28,13.021689519800779,19
2022-07-29,13.000263530504416,19
2022-08-01,12.990336234396903,19
2022-08-02,12.695801010903583,20
2022-08-03,12.733112148732951,20
2022-08-04,12.820071239200674,20
2022-08-05,12.866748143084745,20
2022-08-08,12.95027133698432,20
2022-08-09,12.935249780200788,20
2022-08-10,13.073661656342827,20
2022-08-11,13.190355600245251,20
2022-08-12,13.20960790239196,20
2022-08-15,13.202572104962641,20
2022-08-16,13.209033680487336,20
2022-08-17,13.225021990339119,20
2022-08-18,13.254822080445065,20
2022-08-19,13.213894931181336,20
2022-08-22,13.244645050760392,20
2022-08-23,13.317639042458191,20
2022-08-24,13.1017408604284,20
2022-08-25,13.087508411422155,20
2022-08-26,13.090991501088892,20
2022-08-29,13.223251023157829,20
2022-08-30,13.16570098741797,20
2022-08-31,13.064357307639602,20
2022-09-01,13.015636522400357,20
2022-09-02,13.078996957336724,20
2022-09-05,13.082454854788436,20
2022-09-06,13.135403076920804,20
2022-09-07,13.144692320380848,20
2022-09-08,13.10781372633713,20
2022-09-09,13.075719586377302,20
2022-09-13,13.102394925781311,20
2022-09-14,13.083326918906616,20
2022-09-15,13.019589796480595,20
2022-09-16,12.931063014683858,20
2022-09-19,12.87613742202625,20
2022-09-20,12.932035425811979,20
2022-09-21,12.943200496627204,20
2022-09-22,12.94284897541193,20
2022-09-23,12.875724534251283,20
2022-09-26,12.806748897504765,20
2022-09-27,12.900117184436521,20
2022-09-28,12.843362201147366,20
2022-09-29,12.850887626513286,20
2022-09-30,12.79591443707462,20
2022-10-10,12.725868068881669,20
2022-10-11,12.750732768567444,20
2022-10-12,12.831690780309128,20
2022-10-13,12.888971277576369,20
2022-10-14,12.955085808838561,20
2022-10-17,13.052223166568725,20
2022-10-18,13.08830466665024,20
2022-10-19,13.080788999180477,20
2022-10-20,13.050837071047104,20
2022-10-21,13.092561741096041,20
2022-10-24,13.101356971296306,20
2022-10-25,13.06807713907271,20
2022-10-26,13.151087750147331,20
2022-10-27,13.116233186196466,20
2022-10-28,12.997234466216074,20
2022-10-31,13.051055985794108,20
2022-11-01,13.109919405736807,20
2022-11-02,13.174118055801234,20
2022-11-03,13.175227184040507,20
2022-11-04,13.22421813086706,20
2022-11-07,13.243114716623834,20
2022-11-08,13.23655202153425,20
2022-11-09,13.277311658141226,20
2022-11-10,13.24835691904696,20
2022-11-11,13.256852091794114,20
2022-11-14,13.265567116516335,20
2022-11-15,13.343690781023817,20
2022-11-16,13.325844940455188,20
2022-11-17,13.331904983308387,20
2022-11-18,13.310360973300496,20
2022-11-21,13.374736299445937,20
2022-11-22,13.362311598618124,20
2022-11-23,13.335178534517665,20
2022-11-24,13.368074291349306,20
2022-11-25,13.362817625633367,20
2022-11-28,13.364866277233803,20
2022-11-29,13.403851138478819,20
2022-11-30,13.437658817752148,20
2022-12-01,13.440463315100065,20
2022-12-02,13.476854448566222,20
2022-12-05,13.502857993848602,20
2022-12-06,13.457378990902887,20
2022-12-07,13.503798154764025,20
2022-12-08,13.49132825252946,20
2022-12-09,13.487636935808336,20
2022-12-12,13.454720642227318,20
2022-12-13,13.470539906987451,20
2022-12-14,13.417607851164659,20
2022-12-15,13.458267615465116,20
2022-12-16,13.407425563662976,20
2022-12-19,13.26076333639081,20
2022-12-20,13.291636650896853,20
2022-12-21,13.263108319985434,20
2022-12-22,13.182404232632408,20
2022-12-23,13.151658994883505,20
2022-12-26,13.190899468066672,20
2022-12-27,13.198736636169883,20
2022-12-28,13.170235259687498,20
2022-12-29,13.155704494865919,20
2022-12-30,13.205377821654093,20
2023-01-03,13.303287075334119,20
2023-01-04,13.365769685263821,20
2023-01-05,13.396876664658613,20
2023-01-06,13.36754890149389,20
2023-01-09,13.375400512486781,20
2023-01-10,13.359721617608852,20
2023-01-11,13.317880693721678,20
2023-01-12,13.341860168290937,20
2023-01-13,13.344034662417137,20
2023-01-16,13.394238619119728,20
2023-01-17,13.393634768804812,20
2023-01-18,13.39972944758026,20
2023-01-19,13.42225338431662,20
2023-01-20,13.450717319566003,20
2023-01-30,13.513661763824489,20
2023-01-31,13.571554506969932,20
2023-02-01,13.64819552655415,20
2023-02-02,13.662183333935115,20
2023-02-03,13.634574121515225,20
2023-02-06,13.632968474041444,20
2023-02-07,13.695330425738954,20
2023-02-08,13.683519400458447,20
2023-02-09,13.750039932364587,20
2023-02-10,13.791094014122647,20
2023-02-13,13.903598877324745,20
2023-02-14,13.98542326812673,20
2023-02-15,13.986697413932065,20
2023-02-16,13.769264978956132,20
2023-02-17,13.813031506274301,20
2023-02-20,13.929990832068352,20
2023-02-21,13.981609975758293,20
2023-02-22,14.006730686282234,20
2023-02-23,14.000171442760013,20
2023-02-24,13.995971689803069,20
2023-02-27,13.91034221771189,20
2023-02-28,14.017124224869635,20
2023-03-01,14.090355122568454,20
2023-03-02,14.050556278381016,20
2023-03-03,14.082241143853734,20
2023-03-06,14.111925178922906,20
2023-03-07,14.02897038313679,20
2023-03-08,14.053461624147138,20
2023-03-09,14.055135177704049,20
2023-03-10,13.912176814786843,20
2023-03-13,13.8834160150822,20
2023-03-14,13.742500120793688,20
2023-03-15,13.906596278874286,20
2023-03-16,13.757897994200196,20
2023-03-17,13.72263395444887,20
2023-03-20,13.682089174070795,20
2023-03-21,13.810107265727481,20
2023-03-22,13.880434292404932,20
2023-03-23,13.900119323973774,20
2023-03-24,13.900267351959165,20
2023-03-27,13.900958584116953,20
2023-03-28,13.875281404202008,20
2023-03-29,13.818317785444018,20
2023-03-30,13.793917271653477,20
2023-03-31,13.886694148046713,20
2023-04-03,13.902433166595154,20
2023-04-04,13.701684998730991,20
2023-04-06,13.681754221130783,20
2023-04-07,13.753294712074457,20
2023-04-10,13.62507975461451,20
2023-04-11,13.59788242296756,20
2023-04-12,13.666042992535303,20
2023-04-13,13.614986948261492,20
2023-04-14,13.704687455777101,20
2023-04-17,13.817231501084263,20
2023-04-18,13.77920974010134,20
2023-04-19,13.735283614514294,20
2023-04-20,13.630879189714237,20
2023-04-21,13.431945634215857,20
2023-04-24,13.382471693935935,20
2023-04-25,13.179673107171947,20
2023-04-26,13.315139066829335,20
2023-04-27,13.335355829917312,20
2023-04-28,13.560487375325685,20
2023-05-04,13.694083473665605,20
2023-05-05,13.60447188558047,20
2023-05-08,13.584241944499015,20
2023-05-09,13.365736398639958,20
2023-05-10,13.35276237205433,20
2023-05-11,13.449970513849909,20
2023-05-12,13.33077445263427,20
2023-05-15,13.43526193989361,20
2023-05-16,13.378065718260912,20
2023-05-17,13.411328600812121,20
2023-05-18,13.438448798164286,20
2023-05-19,13.512193523993888,20
2023-05-22,13.674626466862188,20
2023-05-23,13.574624694189739,20
2023-05-24,13.515290080403089,20
2023-05-25,13.46795588585815,20
2023-05-26,13.498920062375072,20
2023-05-29,13.430797673666664,20
2023-05-30,13.417643571000372,20
2023-05-31,13.350581652781377,20
2023-06-01,13.387313987612039,20
2023-06-02,13.478562479666204,20
2023-06-05,13.431945355518332,20
2023-06-06,13.241169720874911,20
2023-06-07,13.221725487852867,20
2023-06-08,13.211131495055707,20
2023-06-09,13.171092933249472,20
2023-06-12,13.233161859548506,20
2023-06-13,13.25694975730109,20
2023-06-14,13.251939471093111,20
2023-06-15,13.311326194689496,20
2023-06-16,13.366369059811458,20
2023-06-19,13.248169240871624,20
2023-06-20,13.189411238917215,20
2023-06-21,13.113868022167198,20
2023-06-26,12.975483491697496,20
2023-06-27,13.251011956980214,20
2023-06-28,13.315931041998004,20
2023-06-29,13.415194601475502,20
2023-06-30,13.512018820309578,20
2023-07-03,13.53376012225738,20
2023-07-04,13.567221626581215,20
2023-07-05,13.553111836182065,20
2023-07-06,13.544568971845289,20
2023-07-07,13.549330482947436,20
2023-07-10,13.556923545731259,20
2023-07-11,13.611446166058892,20
2023-07-12,13.585057657257531,20
2023-07-13,13.66967017361167,20
2023-07-14,13.730881858941046,20
2023-07-17,13.758997529826772,20
2023-07-18,13.819435360161393,20
2023-07-19,13.846832776668656,20
2023-07-20,13.789956033860083,20
2023-07-21,13.764786692111645,20
2023-07-24,13.758576663131173,20
2023-07-25,13.862547585178078,20
2023-07-26,13.855917583970427,20
2023-07-27,13.781805047897825,20
2023-07-28,13.848337379800613,20
2023-07-31,13.856796332204464,20
2023-08-01,13.8522761920848,20
2023-08-02,13.850564420538204,20
2023-08-03,13.858791564429353,20
2023-08-04,13.797040115591528,20
2023-08-07,13.680669643850711,20
2023-08-08,13.734992007030714,20
2023-08-09,13.698284122753442,20
2023-08-10,13.766497773043465,20
2023-08-11,13.74916048163704,20
2023-08-14,13.795206868406543,20
2023-08-15,13.704659891690394,20
2023-08-16,13.664566895456408,20
2023-08-17,13.758190805470017,20
2023-08-18,13.681412896683664,20
2023-08-21,13.699675429089325,20
2023-08-22,13.64416470881335,20
2023-08-23,13.506947824212853,20
2023-08-24,13.492087798096215,20
2023-08-25,13.348335077222444,20
2023-08-28,13.44265637908597,20
2023-08-29,13.705323878659003,20
2023-08-30,13.77601096329514,20
2023-08-31,13.778066935743185,20
2023-09-01,13.787709978192062,20
2023-09-04,13.842999025350505,20
2023-09-05,13.844937886686637,20
2023-09-06,13.813826195842779,20
2023-09-07,13.737459533465255,20
2023-09-08,13.728267815666259,20
2023-09-11,13.773495806000776,20
2023-09-12,13.782779790411764,20
2023-09-13,13.74953441554095,20
2023-09-14,13.714177279553311,20
2023-09-15,13.738254744591103,20
2023-09-18,13.79596186289784,20
2023-09-19,13.78010339863182,20
2023-09-20,13.767323297273567,20
2023-09-21,13.733224504150009,20
2023-09-22,13.78839306782287,20
2023-09-25,13.80063116354195,20
2023-09-26,13.777970906348193,20
2023-09-27,13.816982313629039,20
2023-09-28,13.856530666593535,20
2023-10-09,13.815220591806908,20
2023-10-10,13.78144414667425,20
2023-10-11,13.783708054147752,20
2023-10-12,13.816406412387991,20
2023-10-13,13.781933787367025,20
2023-10-16,13.754955377464368,20
2023-10-17,13.740515938708356,20
2023-10-18,13.668040825032808,20
2023-10-19,13.638113416685382,20
2023-10-20,13.61028765277336,20
2023-10-23,13.517724714845214,20
2023-10-24,13.606722124354757,20
2023-10-25,13.641393349054418,20
2023-10-26,13.64353728449083,20
2023-10-27,13.71312596187348,20
2023-10-30,13.739437454094748,20
2023-10-31,13.732486178910207,20
2023-11-01,13.735876471817871,20
2023-11-02,13.698851320419323,20
2023-11-03,13.721717873422303,20
2023-11-06,13.787689405386503,20
2023-11-07,13.783186117081945,20
2023-11-08,13.773401203767744,20
2023-11-09,13.778399239194274,20
2023-11-10,13.789585072863494,20
2023-11-13,13.810437875875209,20
2023-11-14,13.804888942950903,20
2023-11-15,13.832711465420989,20
2023-11-16,13.79542559217468,20
2023-11-17,13.826035936265164,20
2023-11-20,13.845051047142386,20
2023-11-21,13.836060606179558,20
2023-11-22,13.79737884574855,20
2023-11-23,13.842385138480513,20
2023-11-24,13.81681642245581,20
2023-11-27,13.805547954829116,20
2023-11-28,13.835017305598551,20
2023-11-29,13.808153759259094,20
2023-11-30,13.789455194034868,20
2023-12-01,13.789348966981528,20
2023-12-04,13.766032248943102,20
2023-12-05,13.68049784319607,20
2023-12-06,13.700111518944075,20
2023-12-07,13.68421350541882,20
2023-12-08,13.627558637505896,20
2023-12-11,13.67595870750033,20
2023-12-12,13.702826483990718,20
2023-12-13,13.687238913671795,20
2023-12-14,13.68190471922751,20
2023-12-15,13.656857364027267,20
2023-12-18,13.6307190348803,20
2023-12-19,13.625403794373785,20
2023-12-20,13.579421294695994,20
2023-12-21,13.626074181474895,20
2023-12-22,13.595878716269215,20
2023-12-25,13.59384831217348,20
2023-12-26,13.537755028163478,20
2023-12-27,13.554030273703834,20
2023-12-28,13.605866572467672,20
2023-12-29,13.672338409362757,20
2024-01-02,13.71281757082227,20
2024-01-03,13.711051713001792,20
2024-01-04,13.726693787981805,20
2024-01-05,13.689455364419304,20
2024-01-08,13.63243607293814,20
2024-01-09,13.646273994616658,20
2024-01-10,13.62186948454079,20
2024-01-11,13.648037324032599,20
2024-01-12,13.64542859215497,20
2024-01-15,13.667476768229445,20
2024-01-16,13.66550316453078,20
2024-01-17,13.605296391796866,20
2024-01-18,13.583772974941159,20
2024-01-19,13.553930974615062,20
2024-01-22,13.378722729339868,20
2024-01-23,13.39098611434224,20
2024-01-24,13.430423667147668,20
2024-01-25,13.519709632218502,20
2024-01-26,13.517588801363438,20
2024-01-29,13.484765779625985,20
2024-01-30,13.398899425381144,20
2024-01-31,13.320405008582412,20
2024-02-01,13.276080594089343,20
2024-02-02,13.139810102816156,20
2024-02-05,12.92438632407561,20
2024-02-06,12.95885274130433,20
2024-02-07,12.87937643812342,20
2024-02-08,13.118127540362465,20
2024-02-19,13.214461864759462,20
2024-02-20,13.237060512716683,20
2024-02-21,13.295691118941948,20
2024-02-22,13.356347016931771,20
2024-02-23,13.426850798153113,20
2024-02-26,13.480670947808376,20
2024-02-27,13.540099780297139,20
2024-02-28,13.348375429440106,20
2024-02-29,13.460504236303692,20
2024-03-01,13.49052948474601,20
2024-03-04,13.497457111784062,20
2024-03-05,13.422678144783664,20
2024-03-06,13.451063917948236,20
2024-03-07,13.443016787932935,20
2024-03-08,13.479171149142989,20
2024-03-11,13.541917744325287,20
2024-03-12,13.600257405990016,20
2024-03-13,13.611557911488129,20
2024-03-14,13.626424739618054,20
2024-03-15,13.686149063943382,20
2024-03-18,13.783676376524095,20
2024-03-19,13.790494019876983,20
2024-03-20,13.826331323784167,20
2024-03-21,13.828827659296595,20
2024-03-22,13.765547254998081,20
2024-03-25,13.69326525091429,20
2024-03-26,13.718928041228615,20
2024-03-27,13.65221574305392,20
2024-03-28,13.71437194806578,20
2024-03-29,13.726538201926925,20
2024-04-01,13.827436503074336,20
2024-04-02,13.865643763888883,20
2024-04-03,13.841606664888511,20
2024-04-08,13.762225641220162,20
2024-04-09,13.82607271204613,20
2024-04-10,13.743390414940945,20
2024-04-11,13.762931968413042,20
2024-04-12,13.769358479418567,20
2024-04-15,13.637587898171603,20
2024-04-16,13.42042317768584,20
2024-04-17,13.650441253790563,20
2024-04-18,13.689513236306375,20
2024-04-19,13.721089224373143,20
2024-04-22,13.686363278811418,20
2024-04-23,13.70270437988021,20
2024-04-24,13.75221009712215,20
2024-04-25,13.811039368250588,20
2024-04-26,13.806151072285632,20
2024-04-29,13.87061671193675,20
2024-04-30,13.932791955364404,20
2024-05-06,14.06459933341058,20
2024-05-07,14.07545694857114,20
2024-05-08,14.02157445077983,20
2024-05-09,14.070468488251903,20
2024-05-10,14.045620799000643,20
2024-05-13,14.05389609855047,20
2024-05-14,14.133166554560244,20
2024-05-15,14.104578370072142,20
2024-05-16,14.105151725141747,20
2024-05-17,14.116984907424964,20
2024-05-20,14.179952479107044,20
2024-05-21,14.158318717915549,20
2024-05-22,14.117361234582049,20
2024-05-23,14.03999065699589,20
2024-05-24,14.002774388745427,20
2024-05-27,14.047011771848167,20
2024-05-28,13.988766723902925,20
2024-05-29,13.997933051698196,20
2024-05-30,13.969958263992584,20
2024-05-31,13.973726062713649,20
2024-06-03,13.8973562774055,20
2024-06-04,13.973730487935464,20
2024-06-05,13.8663844157039,20
2024-06-06,13.739032440314306,20
2024-06-07,13.836834032892853,20
2024-06-11,13.834219846972907,20
2024-06-12,13.892980766300257,20
2024-06-13,13.826580758335206,20
2024-06-14,13.83172904729695,20
2024-06-17,13.800729504057465,20
2024-06-18,13.815307749909516,20
2024-06-19,13.76028534856009,20
2024-06-20,13.669275035248843,20
2024-06-21,13.679955840744869,20
2024-06-24,13.510176525643722,20
2024-06-25,13.547161886447684,20
2024-06-26,13.65180835948878,20
2024-06-27,13.542101718647416,20
2024-06-28,13.559659266028302,20
2024-07-01,13.636065287837448,20
2024-07-02,13.60123924237528,20
2024-07-03,13.558502510949594,20
2024-07-04,13.466646259572185,20
2024-07-05,13.48725956850638,20
2024-07-08,13.35422397918947,20
2024-07-09,13.397886971470102,20
2024-07-10,13.358303279899864,20
2024-07-11,13.451846100457276,20
2024-07-12,13.438535404141223,20
2024-07-15,13.372110465286962,20
2024-07-16,13.334929758827561,20
2024-07-17,13.333710113464921,20
2024-07-18,13.365486010208182,20
2024-07-19,13.386427467127442,20
2024-07-22,13.376674528611344,20
2024-07-23,13.276749451025603,20
2024-07-24,13.20528813355004,20
2024-07-25,13.220208027392417,20
2024-07-26,13.299654801325369,20
2024-07-29,13.307306504125831,20
2024-07-30,13.345329786490474,20
2024-07-31,13.490930284693839,20
2024-08-01,13.465386673034208,20
2024-08-02,13.42836059259916,20
2024-08-05,13.351626100854572,20
2024-08-06,13.45993422308984,20
2024-08-07,13.460457427755989,20
2024-08-08,13.46833154064453,20
2024-08-09,13.445801176454303,20
2024-08-12,13.440720639765981,20
2024-08-13,13.4754551360464,20
2024-08-14,13.484982677517756,20
2024-08-15,13.543189196385104,20
2024-08-16,13.544807467337446,20
2024-08-19,13.490363925080356,20
2024-08-20,13.38506478950033,20
2024-08-21,13.378448949174524,20
2024-08-22,13.306753505575093,20
2024-08-23,13.256496566881049,20
2024-08-26,13.276488098229008,20
2024-08-27,13.213012781923355,20
2024-08-28,13.230471785734265,20
2024-08-29,13.295762785348321,20
2024-08-30,13.369455625494634,20
2024-09-02,13.301502441025736,20
2024-09-03,13.35578571236877,20
2024-09-04,13.340166051186843,20
2024-09-05,13.346199192997167,20
2024-09-06,13.262806062316782,20
2024-09-09,13.247507001012817,20
2024-09-10,13.252176283358429,20
2024-09-11,13.240809931877783,20
2024-09-12,13.229175392021626,20
2024-09-13,13.169969380309842,20
2024-09-18,13.155186785276236,20
2024-09-19,13.225686852066854,20
2024-09-20,13.194378306107046,20
2024-09-23,13.19322810218696,20
2024-09-24,13.331589325839925,20
2024-09-25,13.381307905611356,20
2024-09-26,13.51292662396945,20
2024-09-27,13.664159309678457,20
2024-09-30,14.35171596330816,20
2024-10-08,14.825318475839318,20
2024-10-09,14.202944029663714,19
2024-10-10,14.284410109687435,19
2024-10-11,14.05006824485299,19
2024-10-14,14.22613853778079,19
2024-10-15,14.06220513379789,19
2024-10-16,14.084952344816172,19
2024-10-17,14.002336851832588,19
2024-10-18,14.13328068322412,19
2024-10-21,14.162575269126565,19
2024-10-22,14.288305360414213,19
2024-10-23,14.271029700662334,19
2024-10-24,14.299493172122244,19
2024-10-25,14.42027453863766,19
2024-10-28,14.532571878675974,19
2024-10-29,14.455878422374838,19
2024-10-30,14.399727895472559,19
2024-10-31,14.435567784934966,19
2024-11-01,14.290497530186132,19
2024-11-04,14.369367862271186,18
2024-11-05,14.491651432772544,18
2024-11-06,14.534430828279486,18
2024-11-07,14.736970991603808,18
2024-11-08,14.675525016272694,18
2024-11-11,14.751256952585269,18
2024-11-12,14.730552567227992,18
2024-11-13,14.756771164473596,18
2024-11-14,14.558014088678348,18
2024-11-15,14.530886823894555,18
2024-11-18,14.469887814792454,18
2024-11-19,14.633132889110195,18
2024-11-20,14.726796051475617,18
2024-11-21,14.71244250298913,18
2024-11-22,14.430043788694327,18
2024-11-25,14.551403375230517,18
2024-11-26,14.473255183194931,18
2024-11-27,14.574381912041703,18
2024-11-28,14.511500704875521,18
2024-11-29,14.65061019026209,18
2024-12-02,14.770450646087653,18
2024-12-03,14.835562228682681,14
2024-12-04,14.800109167972181,14
2024-12-05,14.86366543641271,14
2024-12-06,14.885341391295407,14
2024-12-09,14.897588715003979,14
2024-12-10,15.033561728724747,14
2024-12-11,15.189282227987126,14
2024-12-12,15.249950076394907,14
2024-12-13,15.050119234084601,14
2024-12-16,15.06451264326608,14
2024-12-17,14.889874097209729,14
2024-12-18,14.867668256271815,14
2024-12-19,14.818692923150346,14
2024-12-20,14.857805515683754,14
2024-12-23,14.778829976312569,14
2024-12-24,14.864659212717637,14
2024-12-25,14.745531231381209,14
2024-12-26,14.731523448506506,14
2024-12-27,14.744511570620693,14
2024-12-30,14.680323096342638,14
2024-12-31,14.576148692373819,14
2025-01-02,14.441407050935759,14
2025-01-03,14.296084446218497,16
2025-01-06,14.323490484191973,16
2025-01-07,14.390051989411884,16
2025-01-08,14.349485425348314,16
2025-01-09,14.295104528121934,16
2025-01-10,14.104161685947604,16
2025-01-13,14.119703932605868,16
2025-01-14,14.394105970167402,16
2025-01-15,14.324867083876901,16
2025-01-16,14.422622790998565,16
2025-01-17,14.487660537047287,16
2025-01-20,14.555256956434466,16
2025-01-21,14.565884587277553,16
2025-01-22,14.49592781053238,16
2025-01-23,14.466226407053675,16
2025-01-24,14.523930254744554,16
2025-01-27,14.589085333622938,16
2025-02-05,14.544127736944628,16
2025-02-06,14.604164770387767,18
2025-02-07,14.660044688751102,18
2025-02-10,14.745060727384663,18
2025-02-11,14.87111035313872,18
2025-02-12,14.868715306566797,18
2025-02-13,14.8419091237333,18
2025-02-14,14.881136599734019,18
2025-02-17,14.919526038398011,18
2025-02-18,14.695944674022352,18
2025-02-19,14.749483625603965,18
2025-02-20,14.801276930039906,18
2025-02-21,14.754833880748858,18
2025-02-24,14.747880208760288,18
2025-02-25,14.639063846480965,18
2025-02-26,14.837788497875025,18
2025-02-27,14.915230864963446,18
2025-02-28,14.652079014011084,18
2025-03-03,14.756601565911996,18
2025-03-04,14.829509060957626,17
2025-03-05,14.83063718298361,17
2025-03-06,15.039237282008504,17
2025-03-07,15.052514519010588,17
2025-03-10,15.181542300741057,17
2025-03-11,15.339011781445194,17
2025-03-12,15.311639848382196,17
2025-03-13,15.295133303459247,17
2025-03-14,15.544296937525628,17
2025-03-17,15.557330425681025,17
2025-03-18,15.679549625026013,17
2025-03-19,15.69505696020826,17
2025-03-20,15.648827507700963,17
2025-03-21,15.557220068785542,17
2025-03-24,15.501778710572946,17
2025-03-25,15.580320922379366,17
2025-03-26,15.635833896768865,17
2025-03-27,15.629505173229171,17
2025-03-28,15.53024703033082,17
2025-03-31,15.344819250205184,17
2025-04-01,15.495820504006865,17
2025-04-02,15.52342146247121,14
2025-04-03,15.48176384873311,14
2025-04-07,14.402803701173324,14
2025-04-08,14.64931208973875,14
2025-04-09,14.753344745350816,14
2025-04-10,15.014219072955905,14
2025-04-11,14.963927369376472,14
2025-04-14,15.134825799199762,14
2025-04-15,15.173809434785191,14
2025-04-16,15.144782186766436,14
2025-04-17,15.216423828342483,14
2025-04-18,15.176829929030788,14
2025-04-21,15.311708573728113,14
2025-04-22,15.525563643314587,14
2025-04-23,15.511512041962295,14
2025-04-24,15.56584761378306,14
2025-04-25,15.483964340422826,14
2025-04-28,15.201917881293486,14
2025-04-29,15.277802336348913,14
2025-04-30,15.249239489747447,14
2025-05-06,15.382025265508684,14
2025-05-07,15.395685932496626,15
2025-05-08,15.430284366651746,15
2025-05-09,15.422380188102679,15
2025-05-12,15.440892242350557,15
2025-05-13,15.475869590096236,15
2025-05-14,15.52252445369415,15
2025-05-15,15.513377090488635,15
2025-05-16,15.57743508270288,15
2025-05-19,15.587966825220544,15
2025-05-20,15.671587321957885,15
2025-05-21,15.74582165088019,15
2025-05-22,15.644559681284402,15
2025-05-23,15.63188329665882,15
2025-05-26,15.62237720698444,15
2025-05-27,15.620324444610338,15
2025-05-28,15.683321647800836,15
2025-05-29,15.80447067222295,15
2025-05-30,15.776893661054913,15
2025-06-03,15.89687727040919,15
2025-06-04,15.97885673415005,12
2025-06-05,15.92964307594654,12
2025-06-06,15.956074413630859,12
2025-06-09,16.01079660032289,12
2025-06-10,15.998428036844563,12
2025-06-11,16.051859908956814,12
2025-06-12,16.08450394935722,12
2025-06-13,15.95675781026797,12
2025-06-16,15.948280019080471,12
2025-06-17,15.937701607837528,12
2025-06-18,15.888442189550625,12
2025-06-19,15.724771983102805,12
2025-06-20,15.718008188758619,12
2025-06-23,15.76805242849234,12
2025-06-24,15.930770072548578,12
2025-06-25,15.972976669862662,12
2025-06-26,15.942662788370535,12
2025-06-27,16.105775820613726,12
2025-06-30,16.231192948958473,12
2025-07-01,16.270182692170177,12
2025-07-02,16.37863505219494,11
2025-07-03,16.49331593014583,11
2025-07-04,16.319632475224154,11
2025-07-07,16.297506046882635,11
2025-07-08,16.35042090913906,11
2025-07-09,16.27059937888589,11
2025-07-10,16.308300046203847,11
2025-07-11,16.309534994975905,11
2025-07-14,16.447517432830878,11
2025-07-15,16.449261834806066,11
2025-07-16,16.542234747866758,11
2025-07-17,16.532429288674802,11
2025-07-18,16.50555513210718,11
2025-07-21,16.703523065010717,11
2025-07-22,16.830620869641653,11
2025-07-23,16.741244237494055,11
2025-07-24,16.85617015968391,11
2025-07-25,16.886973761950326,11
2025-07-28,16.82676078184758,11
2025-07-29,16.794882580849702,11
2025-07-30,16.848736514754354,11
2025-07-31,16.694607365062055,11
2025-08-01,16.67484873931685,11
2025-08-04,16.88141708709742,10
2025-08-05,17.056759948851305,10
2025-08-06,17.15123314376789,10
2025-08-07,17.08797178164988,10
2025-08-08,17.284248622375678,10
2025-08-11,17.36992957726937,10
2025-08-12,17.545811520302607,10
2025-08-13,17.5868953539278,10
2025-08-14,17.420521105120777,10
2025-08-15,17.62544175823059,10
2025-08-18,17.77177184334881,10
2025-08-19,18.045683233237114,10
2025-08-20,18.088785141804415,10
2025-08-21,17.97818416992256,10
2025-08-22,17.962733118139088,10
2025-08-25,18.178799654942814,10
2025-08-26,18.164453905600674,10
2025-08-27,17.789831475902222,10
2025-08-28,17.743691518746342,10
2025-08-29,17.803267883612023,10
2025-09-01,17.969600197644723,10
2025-09-02,17.98656086417855,7
2025-09-03,17.640787886330994,7
2025-09-04,17.617071500314367,7
2025-09-05,17.841661341519195,7
2025-09-08,17.96039928127596,7
2025-09-09,17.87234443838638,7
2025-09-10,17.796906820607244,7
2025-09-11,18.00322118221382,7
2025-09-12,17.980340295754264,7
2025-09-15,18.03216718292449,7
2025-09-16,18.163202108444445,7
2025-09-17,18.23694186136874,7
2025-09-18,17.917014851807934,7
2025-09-19,17.88420315893399,7
2025-09-22,17.936758743791625,7
2025-09-23,17.727826898278124,7
2025-09-24,17.963366975227363,7
2025-09-25,17.88941882087065,7
2025-09-26,17.771654873043175,7
2025-09-29,17.996025743081887,7
2025-09-30,18.00961600527661,7
2025-10-09,18.134413882033662,7
2025-10-10,18.156638043793354,8
2025-10-13,18.060676608779392,8
2025-10-14,18.14881892969554,8
2025-10-15,18.425679375925295,8
2025-10-16,18.251243620707545,8
2025-10-17,18.100584642270817,8
2025-10-20,18.094381566744573,8
2025-10-21,18.250787770797654,8
2025-10-22,18.265107268199337,8
2025-10-23,18.434911185617278,8
2025-10-24,18.490073101781846,8
2025-10-27,18.61690656957658,8
2025-10-28,18.44426597038457,8
2025-10-29,18.47214547679066,8
2025-10-30,18.725420906271967,8
2025-10-31,18.90161230574141,8
2025-11-03,19.022240166280437,8
2025-11-04,18.873073300974035,6
2025-11-05,18.88122982464158,6
2025-11-06,18.817651598064657,6
2025-11-07,18.892693304857378,6
2025-11-10,18.98847988626552,6
2025-11-11,19.031894894675233,6
2025-11-12,19.144096284624847,6
2025-11-13,19.275035789754824,6
2025-11-14,19.1078059181229,6
2025-11-17,18.94117201488756,6
2025-11-18,18.746426831337168,6
2025-11-19,18.64964031792657,6
2025-11-20,18.563467202191095,6
2025-11-21,18.119127227463046,6
2025-11-24,18.17542556638182,6
2025-11-25,18.24335273048178,6
2025-11-26,18.171137387329527,6
2025-11-27,18.173226465804103,6
2025-11-28,18.236533122364854,6
2025-12-01,18.376057010973266,6
2025-12-02,18.282488323325488,7
2025-12-03,18.254930737270588,7
2025-12-04,18.164195009693277,7
2025-12-05,18.222272478336045,7
2025-12-08,18.182821128665946,7
2025-12-09,18.032588496285754,7
2025-12-10,18.055507049856036,7
2025-12-11,17.840969771833155,7
2025-12-12,17.90174102917845,7
2025-12-15,17.922895214828614,7
2025-12-16,17.787180355717908,7
2025-12-17,17.91859636002117,7
2025-12-18,18.035828417097616,7
2025-12-19,18.16686684118817,7
2025-12-22,18.128060709223266,7
2025-12-23,18.054351355723686,7
2025-12-24,18.11798937647887,7
2025-12-25,18.11588278768654,7
2025-12-26,18.087327924985296,7
2025-12-29,18.003279798412535,7
2025-12-30,18.018826616620945,7
2025-12-31,17.992162118584265,7
2026-01-05,18.184427843675696,7
2026-01-06,18.35519049503484,7
2026-01-07,18.274177857141225,7
2026-01-08,18.40517594389632,7
2026-01-09,18.53576912049165,7
2026-01-12,18.68954355620191,7
2026-01-13,18.736421802118432,7
2026-01-14,18.80041979253678,7
2026-01-15,18.821248503964448,7
2026-01-16,18.600866613335892,7
2026-01-19,18.75309138105801,7
2026-01-20,18.855244198192345,7
2026-01-21,18.875137018671108,7
2026-01-22,19.02122286317408,7
2026-01-23,19.147159867247264,7
2026-01-26,19.329322537364597,7
2026-01-27,19.068620984842966,7
2026-01-28,19.075020847204772,7
2026-01-29,19.319516967673458,7
2026-01-30,19.15848796680027,7
2026-02-02,18.710704132400302,7
2026-02-03,18.852007175033602,6
2026-02-04,18.947556133513526,6
2026-02-05,19.1212161364998,6
2026-02-06,19.06050235973287,6
2026-02-09,19.11255895515238,6
2026-02-10,19.14423337848792,6
2026-02-11,19.235777752217412,6
2026-02-12,19.056204811221114,6
2026-02-13,18.898423797508777,6
2026-02-24,18.989819214282083,6
2026-02-25,18.970931738775633,6
2026-02-26,18.855048644660695,6
2026-02-27,18.87541179827411,6
2026-03-02,18.753463973442948,6
2026-03-03,18.565460349058498,6
2026-03-04,18.384548544857232,6
2026-03-05,18.453883198429825,6
2026-03-06,18.661923449407308,6
2026-03-09,18.57528975832453,6
2026-03-10,18.664212081905713,6
2026-03-11,18.74051108463119,6
2026-03-12,18.69506669638258,6
2026-03-13,18.844914548483448,6
2026-03-16,18.752691219803463,6
2026-03-17,18.730107983318142,6
2026-03-18,18.820100260207845,6
2026-03-19,18.558526105021368,6
2026-03-20,18.297943797922052,6
2026-03-23,17.552087461888462,6
2026-03-24,17.985103813062263,6
2026-03-25,18.085399094428386,6
2026-03-26,18.127809744707292,6
2026-03-27,18.311776737808852,6
2026-03-30,18.4074114588313,6
2026-03-31,18.376974198916038,6
2026-04-01,18.514800646925394,6
2026-04-02,18.43747022755436,6
2026-04-03,18.137327289334525,6
2026-04-07,18.186579907964784,6
2026-04-08,18.46684034876419,6
2026-04-09,18.23943647610045,6
2026-04-10,18.39617068356119,6
2026-04-13,18.31932891031327,6
2026-04-14,18.35162224310371,6
2026-04-15,18.44923856990436,6
2026-04-16,18.395398673810345,6
2026-04-17,18.32088239691483,6
2026-04-20,18.330091075210138,6
2026-04-21,18.54237162800308,6
2026-04-22,18.476276085131996,6
2026-04-23,18.51808057185748,6
2026-04-24,18.51419739610177,6
2026-04-27,18.472282845053467,6
2026-04-28,18.57792281653133,6
2026-04-29,18.831633898288622,6
2026-04-30,18.63789264922783,6
2026-05-06,18.635706300163132,6
2026-05-07,18.697511611960945,5
2026-05-08,18.601088068777276,5
2026-05-11,18.56497975366385,5
2026-05-12,18.466224780360182,5
2026-05-13,18.5674751607598,5
2026-05-14,18.339226205943593,5
2026-05-15,18.164538265273496,5
2026-05-18,17.98768226362788,5
2026-05-19,18.089392261311165,5
2026-05-20,17.90585763488196,5
2026-05-21,17.56647682666616,5
2026-05-22,17.627674566922597,5
2026-05-25,17.564979760938645,5
2026-05-26,17.492485733466033,5
2026-05-27,17.367607672593643,5
2026-05-28,17.31297025522531,5
2026-05-29,17.440682384749042,5
2026-06-01,17.601233927848874,5
2026-06-02,17.421714841865963,9
2026-06-03,17.286156618067977,9
2026-06-04,17.0226242052485,9
2026-06-05,17.08252609687757,9
2026-06-08,16.870625778529288,9
2026-06-09,16.7796237093222,9
2026-06-10,16.75137040613915,9
2026-06-11,16.771354749741985,9
2026-06-12,16.975063097565695,9
2026-06-15,16.984129578829187,9
2026-06-16,16.840069350295167,9
2026-06-17,16.779850071498718,9
2026-06-18,16.65431946692819,9
2026-06-22,16.611979003643732,9
2026-06-23,16.885733322298492,9
2026-06-24,16.686392354905028,9
2026-06-25,16.507512407682967,9
2026-06-26,16.310181898734392,9
2026-06-29,16.62806414392233,9
2026-06-30,16.578288846841385,9
2026-07-01,16.768921060316313,9
2026-07-02,16.86156182684481,13
2026-07-03,16.99765187591998,13
2026-07-06,17.05870846306311,13
2026-07-07,16.817526279118677,13
2026-07-08,16.785049931670372,13
2026-07-09,16.714191505988094,13
2026-07-10,16.812084532450296,13
2026-07-13,16.779985707935417,13
2026-07-14,16.97482495639218,13
2026-07-15,17.21881781933439,13
2026-07-16,17.207899444530096,13
2026-07-17,17.10969124726078,13
2026-07-20,17.22592977822683,13
2026-07-21,17.25293930767777,13
2026-07-22,17.289388843692322,13
2026-07-23,17.28406443849241,13
2026-07-24,16.97719751624996,13
2026-07-27,17.234410783455022,13
2026-07-28,17.36894483996578,13
2026-07-29,17.616440765638906,13
2026-07-30,17.653455693176923,13
2026-07-31,17.754504443255758,13
2026-08-03,17.713534959019928,13
2026-08-04,17.67429378074962,11
2026-08-05,17.638241136614308,11
2026-08-06,17.567765963273295,11
2026-08-07,17.66538557031822,11
2026-08-10,17.75321918206493,11
2026-08-11,17.704365519786805,11
2026-08-12,17.714100765939477,11
2026-08-13,17.769840714287568,11
2026-08-14,17.769840714287568,0
