date,nav
2006-01-04,1.0
2006-01-05,1.0
2006-01-06,1.0
2006-01-09,1.0
2006-01-10,1.0
2006-01-11,1.0
2006-01-12,1.0
2006-01-13,1.0
2006-01-16,1.0
2006-01-17,1.0
2006-01-18,1.0
2006-01-19,1.0
2006-01-20,1.0
2006-01-23,1.0
2006-01-24,1.0
2006-01-25,1.0
2006-02-06,1.0
2006-02-07,1.0
2006-02-08,1.0
2006-02-09,1.0
2006-02-10,1.0
2006-02-13,1.0
2006-02-14,1.0
2006-02-15,1.0
2006-02-16,1.0
2006-02-17,1.0
2006-02-20,1.0
2006-02-21,1.0
2006-02-22,1.0
2006-02-23,1.0
2006-02-24,1.0
2006-02-27,1.0
2006-02-28,1.0
2006-03-01,1.0
2006-03-02,1.0
2006-03-03,1.0
2006-03-06,1.0
2006-03-07,1.0
2006-03-08,1.0
2006-03-09,1.0
2006-03-10,1.0
2006-03-13,1.0
2006-03-14,1.0
2006-03-15,1.0
2006-03-16,1.0
2006-03-17,1.0
2006-03-20,1.0
2006-03-21,1.0
2006-03-22,1.0
2006-03-23,1.0
2006-03-24,1.0
2006-03-27,1.0
2006-03-28,1.0
2006-03-29,1.0
2006-03-30,1.0
2006-03-31,1.0
2006-04-03,1.0
2006-04-04,1.0
2006-04-05,1.0
2006-04-06,1.0
2006-04-07,1.0
2006-04-10,1.0
2006-04-11,1.0
2006-04-12,1.0
2006-04-13,1.0
2006-04-14,1.0
2006-04-17,1.0
2006-04-18,1.0
2006-04-19,1.0
2006-04-20,1.0
2006-04-21,1.0
2006-04-24,1.0
2006-04-25,1.0
2006-04-26,1.0
2006-04-27,1.0
2006-04-28,1.0
2006-05-08,0.9996108053563724
2006-05-09,1.0098960179693812
2006-05-10,1.0153040294697757
2006-05-11,1.008813980382276
2006-05-12,1.0146490681955505
2006-05-15,1.036330734583612
2006-05-16,1.0210587056285336
2006-05-17,1.0252544464372226
2006-05-18,1.0248662210384891
2006-05-19,1.0352226826123845
2006-05-22,1.0399787716591504
2006-05-23,1.015804338870519
2006-05-24,1.0085377793797816
2006-05-25,1.0150841676398714
2006-05-26,1.0214964633596528
2006-05-29,1.0288980376373915
2006-05-30,1.0356594112864312
2006-05-31,1.0354516408895256
2006-06-01,1.0498698779442968
2006-06-02,1.0467444630766674
2006-06-05,1.0514506994969277
2006-06-06,1.0467186792741816
2006-06-07,1.0232443101601951
2006-06-08,1.0257397055789659
2006-06-09,1.0165449095896495
2006-06-12,1.0179046855808147
2006-06-13,1.0211984139885144
2006-06-14,1.016893613566796
2006-06-15,1.018607789719539
2006-06-16,1.027671617889763
2006-06-19,1.0312451142651706
2006-06-20,1.0320619600515184
2006-06-21,1.031449739752044
2006-06-22,1.029320679624553
2006-06-23,1.0291583772212969
2006-06-26,1.0345772743391037
2006-06-27,1.0350344268971534
2006-06-28,1.0328383431577641
2006-06-29,1.0400639442104125
2006-06-30,1.0382214943617272
2006-07-03,1.0429192370038032
2006-07-04,1.040759299692135
2006-07-05,1.0391915734377029
2006-07-06,1.0472722511774355
2006-07-07,1.0470304460384579
2006-07-10,1.0476995655663686
2006-07-11,1.048521665443232
2006-07-12,1.0494363066767118
2006-07-13,1.0303590646222724
2006-07-14,1.0349419000374032
2006-07-17,1.0432137200259068
2006-07-18,1.0408743668908715
2006-07-19,1.0338999696600593
2006-07-20,1.033962444662107
2006-07-21,1.0350766755046035
2006-07-24,1.0316991909724693
2006-07-25,1.03480987374801
2006-07-26,1.0356181359012857
2006-07-27,1.0334049636022287
2006-07-28,1.029412416168355
2006-07-31,1.0037066028446266
2006-08-01,0.9978307959053819
2006-08-02,0.9973026988648163
2006-08-03,0.9990553960854864
2006-08-04,0.9855083154819256
2006-08-07,0.972421155561412
2006-08-08,0.9821395116323164
2006-08-09,0.9785522552801345
2006-08-10,0.9879253509984768
2006-08-11,0.9899483960845439
2006-08-14,0.9799336585085581
2006-08-15,0.9861891091975556
2006-08-16,0.9955091860900426
2006-08-17,0.9914186162394484
2006-08-18,0.9923763423028922
2006-08-21,0.9981568078637958
2006-08-22,1.0022388259313055
2006-08-23,1.0007523973504517
2006-08-24,1.0048518903520225
2006-08-25,1.0061298952821944
2006-08-28,1.014876934394884
2006-08-29,1.0175976777456928
2006-08-30,1.0160925677864152
2006-08-31,1.0169097882515963
2006-09-01,1.004642475396735
2006-09-04,1.0166748072416492
2006-09-05,1.01123250157636
2006-09-06,1.0171711254635085
2006-09-07,1.0086683714700824
2006-09-08,1.0096292599028058
2006-09-11,1.0101442156034528
2006-09-12,1.015128201305703
2006-09-13,1.0079540511322895
2006-09-14,1.0030747347663982
2006-09-15,1.0123141195120817
2006-09-18,1.0218636063299158
2006-09-19,1.0278511399224906
2006-09-20,1.0288930412642645
2006-09-21,1.0349373226011453
2006-09-22,1.0288755278462678
2006-09-25,1.0268469172956285
2006-09-26,1.0193660957621538
2006-09-27,1.0242619462666203
2006-09-28,1.0325354882846733
2006-09-29,1.0356066400544202
2006-10-09,1.0447725959357934
2006-10-10,1.055591619959476
2006-10-11,1.0609075717029448
2006-10-12,1.0495687353720944
2006-10-13,1.052739940455244
2006-10-16,1.0502411771643667
2006-10-17,1.0542202857081622
2006-10-18,1.0614596105297391
2006-10-19,1.0689392903511719
2006-10-20,1.0612526945191116
2006-10-23,1.044290294874363
2006-10-24,1.060449557793202
2006-10-25,1.0584986589844714
2006-10-26,1.0585522431206127
2006-10-27,1.0460548678865305
2006-10-30,1.0533574224587257
2006-10-31,1.0623033181897963
2006-11-01,1.0734286524433152
2006-11-02,1.0741871518243802
2006-11-03,1.069577813259964
2006-11-06,1.065672175344739
2006-11-07,1.063060980175677
2006-11-08,1.0589201777167103
2006-11-09,1.0669042120938526
2006-11-10,1.0504776779863083
2006-11-13,1.0197128074629627
2006-11-14,1.0251378389398813
2006-11-15,1.0427439785681785
2006-11-16,1.0283647998194576
2006-11-17,1.035701628327528
2006-11-20,1.029861871690938
2006-11-21,1.0460333733609835
2006-11-22,1.0596397377697964
2006-11-23,1.0575251751638148
2006-11-24,1.066257629299031
2006-11-27,1.0910278192982301
2006-11-28,1.0955136208836964
2006-11-29,1.1116991109719632
2006-11-30,1.127917392225755
2006-12-01,1.138422952863208
2006-12-04,1.1619778337955593
2006-12-05,1.1531556576967545
2006-12-06,1.1352625125385438
2006-12-07,1.1279855367626312
2006-12-08,1.0978559455155448
2006-12-11,1.127365245504326
2006-12-12,1.1342222711007035
2006-12-13,1.1403211750339204
2006-12-14,1.1746511915281452
2006-12-15,1.1897115736515775
2006-12-18,1.2149768037344448
2006-12-19,1.2235761336088322
2006-12-20,1.260335455782408
2006-12-21,1.2640577130231039
2006-12-22,1.24993021792239
2006-12-25,1.2578503009055548
2006-12-26,1.2474913200836883
2006-12-27,1.2638031915270453
2006-12-28,1.2402090569171726
2006-12-29,1.2657005507954924
2007-01-04,1.2627992823632792
2007-01-05,1.3035769395371088
2007-01-08,1.347293899747839
2007-01-09,1.3672634913767103
2007-01-10,1.3959672088421435
2007-01-11,1.3844433801096283
2007-01-12,1.350040510427652
2007-01-15,1.4181685898626333
2007-01-16,1.4633825875673367
2007-01-17,1.467729208632645
2007-01-18,1.5098303799808461
2007-01-19,1.5555080981395948
2007-01-22,1.61436227845312
2007-01-23,1.597719205336752
2007-01-24,1.6121255007233803
2007-01-25,1.5455109635156847
2007-01-26,1.5600975768907162
2007-01-29,1.6003682660033172
2007-01-30,1.6152852726817184
2007-01-31,1.5556352634128423
2007-02-01,1.5774760904041951
2007-02-02,1.5653705813915892
2007-02-05,1.561908072359873
2007-02-06,1.5790054199017503
2007-02-07,1.5993988820602827
2007-02-08,1.6126368853939834
2007-02-09,1.61769408609136
2007-02-12,1.6566199560904993
2007-02-13,1.6795846456010588
2007-02-14,1.7040497543293263
2007-02-15,1.739993711437329
2007-02-16,1.749008002137602
2007-02-26,1.774158194792408
2007-02-27,1.651225061781409
2007-02-28,1.680227096242925
2007-03-01,1.638969165152293
2007-03-02,1.654965705983299
2007-03-05,1.6529162628916112
2007-03-06,1.6620783601453768
2007-03-07,1.6925592977385917
2007-03-08,1.7146774916430403
2007-03-09,1.708791116472649
2007-03-12,1.7078729255210612
2007-03-13,1.7136202975837662
2007-03-14,1.6995357026720752
2007-03-15,1.7126414419677856
2007-03-16,1.701192867359604
2007-03-19,1.710398206241821
2007-03-20,1.7217850156371863
2007-03-21,1.7409322589513325
2007-03-22,1.7484892414966122
2007-03-23,1.7579483549618895
2007-03-26,1.78026631440533
2007-03-27,1.7897088449601588
2007-03-28,1.774325046743202
2007-03-29,1.757075904532108
2007-03-30,1.7654039482540624
2007-04-02,1.783648500316042
2007-04-03,1.7934043970401987
2007-04-04,1.8124714026020001
2007-04-05,1.8229464978043752
2007-04-06,1.8511554057223785
2007-04-09,1.8771663045068727
2007-04-10,1.9054995512118555
2007-04-11,1.9222383328215547
2007-04-12,1.9460934275300368
2007-04-13,1.9427764469764355
2007-04-16,1.9774267363019427
2007-04-17,1.999735614900573
2007-04-18,2.020696700621254
2007-04-19,1.9471609086614254
2007-04-20,2.007443208602906
2007-04-23,2.0314722747231784
2007-04-24,2.0425552378497054
2007-04-25,2.039037488218459
2007-04-26,2.0538907891583036
2007-04-27,2.0325269377439557
2007-04-30,2.0170854508710954
2007-05-08,2.05469025680326
2007-05-09,2.0292684718794445
2007-05-10,2.031621816157277
2007-05-11,2.019889277700787
2007-05-14,2.02087555713009
2007-05-15,2.012723012837203
2007-05-16,2.0473401842442387
2007-05-17,2.072451976169412
2007-05-18,2.0877938314739684
2007-05-21,2.1253465551563084
2007-05-22,2.141755908964028
2007-05-23,2.174002044534832
2007-05-24,2.1520104113169496
2007-05-25,2.1689679328977665
2007-05-28,2.215022415629324
2007-05-29,2.258594701478259
2007-05-30,2.156040814731591
2007-05-31,2.2036359617848094
2007-06-01,2.173479423314129
2007-06-04,2.0783363659414404
2007-06-05,2.1029376285772767
2007-06-06,2.172119645083473
2007-06-07,2.2283358286943598
2007-06-08,2.257212178121545
2007-06-11,2.3085420457061034
2007-06-12,2.365628489695379
2007-06-13,2.37769154189429
2007-06-14,2.372206424583449
2007-06-15,2.383189231920648
2007-06-18,2.422303831669167
2007-06-19,2.4283506516262214
2007-06-20,2.3830461785205066
2007-06-21,2.372004340452168
2007-06-22,2.312096863235837
2007-06-25,2.272573087402986
2007-06-26,2.306909136761633
2007-06-27,2.3333224083327573
2007-06-28,2.2651214893021376
2007-06-29,2.2269995294042557
2007-07-02,2.234061637834202
2007-07-03,2.275618810236922
2007-07-04,2.2532844354239843
2007-07-05,2.196772739951728
2007-07-06,2.2542307015960765
2007-07-09,2.290275233006493
2007-07-10,2.261752392757879
2007-07-11,2.26438100008657
2007-07-12,2.268751801801726
2007-07-13,2.2634974485566035
2007-07-16,2.2374021606855523
2007-07-17,2.2524416218801053
2007-07-18,2.2526950768879552
2007-07-19,2.257769569015086
2007-07-20,2.292658056902815
2007-07-23,2.3436487639138774
2007-07-24,2.33583512611987
2007-07-25,2.354744881687277
2007-07-26,2.3646850133352766
2007-07-27,2.3805943765636575
2007-07-30,2.4051785776921815
2007-07-31,2.4225581740019044
2007-08-01,2.363631081854755
2007-08-02,2.408927510079184
2007-08-03,2.432727594355798
2007-08-06,2.4581530570035746
2007-08-07,2.4730518661378404
2007-08-08,2.4573611134418423
2007-08-09,2.468126129482875
2007-08-10,2.431899464751886
2007-08-13,2.416929621251904
2007-08-14,2.4467038677059443
2007-08-15,2.443779739147141
2007-08-16,2.4360015380943856
2007-08-17,2.4084986025440047
2007-08-20,2.472405001282942
2007-08-21,2.4915159455858613
2007-08-22,2.525939351873737
2007-08-23,2.546797595175926
2007-08-24,2.554550858170205
2007-08-27,2.546149028643963
2007-08-28,2.551997684155034
2007-08-29,2.545804193373772
2007-08-30,2.560780247699577
2007-08-31,2.567723626074572
2007-09-03,2.596406658005827
2007-09-04,2.5895324700310995
2007-09-05,2.5932831551606275
2007-09-06,2.6053663487590226
2007-09-07,2.562200825185622
2007-09-10,2.592156202728534
2007-09-11,2.5268455747406926
2007-09-12,2.529365453860036
2007-09-13,2.539812046223755
2007-09-14,2.553832187064511
2007-09-17,2.5724973857885165
2007-09-18,2.573876079463193
2007-09-19,2.543512837721741
2007-09-20,2.548033355719277
2007-09-21,2.5359082115292684
2007-09-24,2.540844840432587
2007-09-25,2.530668440262864
2007-09-26,2.5222512815544706
2007-09-27,2.5278370948257614
2007-09-28,2.5595043546440803
2007-10-08,2.5658157660467564
2007-10-09,2.5657127749200135
2007-10-10,2.567145911330703
2007-10-11,2.5388997259629718
2007-10-12,2.5062006127763277
2007-10-15,2.493559033663684
2007-10-16,2.5379672196807035
2007-10-17,2.5384418395879558
2007-10-18,2.5189315677107182
2007-10-19,2.525445024414684
2007-10-22,2.5005637526815394
2007-10-23,2.505941519965187
2007-10-24,2.4880015503704067
2007-10-25,2.4111680391586257
2007-10-26,2.4114267875706203
2007-10-29,2.422180615388511
2007-10-30,2.444459125777549
2007-10-31,2.495482597248342
2007-11-01,2.4622268001522527
2007-11-02,2.4302471267178016
2007-11-05,2.452740942343353
2007-11-06,2.4825532514949376
2007-11-07,2.4621624627444674
2007-11-08,2.4102531267000056
2007-11-09,2.402836391343046
2007-11-12,2.388281019795112
2007-11-13,2.3856909230040055
2007-11-14,2.429145115190508
2007-11-15,2.400293961822916
2007-11-16,2.406542978076076
2007-11-19,2.451770739929035
2007-11-20,2.4794675320376833
2007-11-21,2.47999256123438
2007-11-22,2.4423735085712726
2007-11-23,2.4613286536266163
2007-11-26,2.464137521173921
2007-11-27,2.44671084597861
2007-11-28,2.4360172042634503
2007-11-29,2.464925844706434
2007-11-30,2.4503962974477624
2007-12-03,2.4607071893076014
2007-12-04,2.4709694031769
2007-12-05,2.4902018857656447
2007-12-06,2.4907813144746647
2007-12-07,2.5058349389541434
2007-12-10,2.548304708901682
2007-12-11,2.560022476534437
2007-12-12,2.5791268040601367
2007-12-13,2.549883130111084
2007-12-14,2.568712077795777
2007-12-17,2.5795288364896765
2007-12-18,2.5714688800855754
2007-12-19,2.5955671063221977
2007-12-20,2.6112501008530633
2007-12-21,2.6297777795109867
2007-12-24,2.6503864452720602
2007-12-25,2.6725358153487386
2007-12-26,2.719460531698802
2007-12-27,2.7274611840870864
2007-12-28,2.74026489976205
2008-01-02,2.806432615509014
2008-01-03,2.831374071930936
2008-01-04,2.813511444653539
2008-01-07,2.8315232085422037
2008-01-08,2.789690937782178
2008-01-09,2.8245086870637444
2008-01-10,2.820650720749961
2008-01-11,2.8316705403910607
2008-01-14,2.863768624148993
2008-01-15,2.9143116074687545
2008-01-16,2.909633108036585
2008-01-17,2.884266680563955
2008-01-18,2.8703516671941127
2008-01-21,2.79678324587963
2008-01-22,2.6603802680866604
2008-01-23,2.753011887124118
2008-01-24,2.8034310997546648
2008-01-25,2.797922820759058
2008-01-28,2.6837619939369364
2008-01-29,2.6988290390337286
2008-01-30,2.7157100103151657
2008-01-31,2.6821084040575145
2008-02-01,2.6166531598604115
2008-02-04,2.7207037012996365
2008-02-05,2.7127840480120873
2008-02-13,2.691416121794242
2008-02-14,2.7201188683019124
2008-02-15,2.7168368312181594
2008-02-18,2.7663900382282702
2008-02-19,2.7943577379427285
2008-02-20,2.7758423658208744
2008-02-21,2.7821375959251595
2008-02-22,2.742580598330715
2008-02-25,2.691964422775122
2008-02-26,2.689702704292986
2008-02-27,2.710257659666328
2008-02-28,2.71430218054404
2008-02-29,2.732625265420671
2008-03-03,2.7750789171427024
2008-03-04,2.7612835602987746
2008-03-05,2.760943484242125
2008-03-06,2.7624418153777697
2008-03-07,2.7384903307038093
2008-03-10,2.688926993590873
2008-03-11,2.696127864635977
2008-03-12,2.668676206614008
2008-03-13,2.627568224538343
2008-03-14,2.6193715868168046
2008-03-17,2.5373215658534103
2008-03-18,2.4576319659486243
2008-03-19,2.508184467819378
2008-03-20,2.5592904195178594
2008-03-21,2.5583400753976964
2008-03-24,2.530923394456395
2008-03-25,2.545097244536996
2008-03-26,2.5447863593801627
2008-03-27,2.487474723290299
2008-03-28,2.5211891448830595
2008-03-31,2.4977727305476254
2008-04-01,2.443168423597252
2008-04-02,2.4053013756608013
2008-04-03,2.4189444741756083
2008-04-07,2.4541292201948073
2008-04-08,2.4652582036760755
2008-04-09,2.4366090603134865
2008-04-10,2.444755667286146
2008-04-11,2.4574832195645095
2008-04-14,2.415141582205312
2008-04-15,2.428528381510805
2008-04-16,2.4206587128827577
2008-04-17,2.402970546872962
2008-04-18,2.36841591093299
2008-04-21,2.360604543070535
2008-04-22,2.347050953785751
2008-04-23,2.376825274132129
2008-04-24,2.433556688633405
2008-04-25,2.4377139968516066
2008-04-28,2.433537015554536
2008-04-29,2.4360503893285093
2008-04-30,2.460283962392602
2008-05-05,2.4790239310527826
2008-05-06,2.4763261722561287
2008-05-07,2.4513942066821586
2008-05-08,2.471666640540192
2008-05-09,2.4717970323323386
2008-05-12,2.4820074839835273
2008-05-13,2.488825328317286
2008-05-14,2.502654479462397
2008-05-15,2.4985721924472224
2008-05-16,2.4930166801691045
2008-05-19,2.494728020263713
2008-05-20,2.459539233923429
2008-05-21,2.4723065729710814
2008-05-22,2.4593902180780867
2008-05-23,2.4526316432793274
2008-05-26,2.436141190618198
2008-05-27,2.4403850106662848
2008-05-28,2.452143407053095
2008-05-29,2.4413551812075323
2008-05-30,2.4512714395431785
2008-06-02,2.4508983870607635
2008-06-03,2.445385441907769
2008-06-04,2.4346100673127555
2008-06-05,2.4311313693475447
2008-06-06,2.4290094915969633
2008-06-10,2.3832171233899015
2008-06-11,2.3675593032282705
2008-06-12,2.3577849694639084
2008-06-13,2.3402003763889985
2008-06-16,2.3363336268440116
2008-06-17,2.3151979615916396
2008-06-18,2.3384107404500414
2008-06-19,2.299366442050644
2008-06-20,2.3088114533867747
2008-06-23,2.2966374650489945
2008-06-24,2.3101965183108564
2008-06-25,2.3365182441979213
2008-06-26,2.34202750297046
2008-06-27,2.3072789641133222
2008-06-30,2.30768466869524
2008-07-01,2.294198258787618
2008-07-02,2.2990834304690053
2008-07-03,2.309763921300673
2008-07-04,2.292408352042911
2008-07-07,2.309673802098612
2008-07-08,2.316430122386456
2008-07-09,2.3325379545265497
2008-07-10,2.3249776967691043
2008-07-11,2.326788148678065
2008-07-14,2.331761234188216
2008-07-15,2.321659806801265
2008-07-16,2.3006173882489063
2008-07-17,2.293142151750376
2008-07-18,2.3012820818127175
2008-07-21,2.3173207946062675
2008-07-22,2.3187468208880233
2008-07-23,2.3068719391372867
2008-07-24,2.312751147664175
2008-07-25,2.3047988943334223
2008-07-28,2.311007990890601
2008-07-29,2.3111619930506815
2008-07-30,2.3038934869634753
2008-07-31,2.2900199934977166
2008-08-01,2.288301178569943
2008-08-04,2.2767860027755313
2008-08-05,2.2584871083587603
2008-08-06,2.257383217546507
2008-08-07,2.2589997899621475
2008-08-08,2.2417122864023504
2008-08-11,2.2162371903230182
2008-08-12,2.222044613888646
2008-08-13,2.2279900191035513
2008-08-14,2.2313835475967316
2008-08-15,2.2279870862733153
2008-08-18,2.199973193744247
2008-08-19,2.2022255238131576
2008-08-20,2.2341240094262838
2008-08-21,2.2172170046639943
2008-08-22,2.2098320527007838
2008-08-25,2.2026552364842273
2008-08-26,2.18498855658265
2008-08-27,2.1754154789214364
2008-08-28,2.1740355523322754
2008-08-29,2.18466231849296
2008-09-01,2.1645630463514056
2008-09-02,2.1576798444457705
2008-09-03,2.147202565473707
2008-09-04,2.15311324225299
2008-09-05,2.141902270131845
2008-09-08,2.1301864481531676
2008-09-09,2.131946400736149
2008-09-10,2.131661750850374
2008-09-11,2.1258063993501435
2008-09-12,2.1260130823813483
2008-09-16,2.1218998974782073
2008-09-17,2.119597097389381
2008-09-18,2.1124575810218005
2008-09-19,2.1528162301179887
2008-09-22,2.155701637192723
2008-09-23,2.1245969434718925
2008-09-24,2.1305196539939093
2008-09-25,2.1415171461664415
2008-09-26,2.1453936624689174
2008-10-06,2.131411010878872
2008-10-07,2.1313862219589743
2008-10-08,2.1237973885113535
2008-10-09,2.123777872414684
2008-10-10,2.110789427086512
2008-10-13,2.1152924177679537
2008-10-14,2.10678570416377
2008-10-15,2.10580994523188
2008-10-16,2.089077615674893
2008-10-17,2.093857058973444
2008-10-20,2.100210720977302
2008-10-21,2.0994498096697427
2008-10-22,2.0943217785931982
2008-10-23,2.09659510433428
2008-10-24,2.0921952002943254
2008-10-27,2.0697618462614695
2008-10-28,2.0753866059777217
2008-10-29,2.065910311078853
2008-10-30,2.0675378469889174
2008-10-31,2.063311726148066
2008-11-03,2.0447872069372903
2008-11-04,2.0416593923425643
2008-11-05,2.0470777288461606
2008-11-06,2.0453128651798815
2008-11-07,2.0406564599334795
2008-11-10,2.0605852667229425
2008-11-11,2.0631441588129062
2008-11-12,2.0669859980835192
2008-11-13,2.0887091092200167
2008-11-14,2.1074873949415567
2008-11-17,2.1322265868714436
2008-11-18,2.113923052942939
2008-11-19,2.1389033592121596
2008-11-20,2.138159522313127
2008-11-21,2.1346197863214815
2008-11-24,2.125614088310036
2008-11-25,2.1270391489387714
2008-11-26,2.1268996079544413
2008-11-27,2.1359282505403834
2008-11-28,2.14550714284879
2008-12-01,2.1502579976434224
2008-12-02,2.1571593626004524
2008-12-03,2.1648376979817257
2008-12-04,2.164177288282727
2008-12-05,2.1676725830611887
2008-12-08,2.1822319780912616
2008-12-09,2.174114561301591
2008-12-10,2.182606370784797
2008-12-11,2.174300728376167
2008-12-12,2.1562228762735063
2008-12-15,2.1658008699229363
2008-12-16,2.174408485180169
2008-12-17,2.1816495354396714
2008-12-18,2.187475368265873
2008-12-19,2.1969441804907377
2008-12-22,2.1984992540225066
2008-12-23,2.1803277305208595
2008-12-24,2.174726696096422
2008-12-25,2.176530242377949
2008-12-26,2.1747439757444753
2008-12-29,2.176266573674713
2008-12-30,2.1786863325583887
2008-12-31,2.1770671480096797
2009-01-05,2.188820537003368
2009-01-06,2.1963808686741357
2009-01-07,2.195944331767919
2009-01-08,2.190130942187844
2009-01-09,2.2064905312128698
2009-01-12,2.2102717942199033
2009-01-13,2.1911041947312078
2009-01-14,2.2070463914160645
2009-01-15,2.2049160796213485
2009-01-16,2.2041110775853543
2009-01-19,2.203633417727963
2009-01-20,2.209148776789754
2009-01-21,2.2077680824751402
2009-01-22,2.214809176214482
2009-01-23,2.211472148247615
2009-02-02,2.2198094938061277
2009-02-03,2.229882154346058
2009-02-04,2.2354507284066374
2009-02-05,2.2312666582178
2009-02-06,2.2494946495812487
2009-02-09,2.2624224424968187
2009-02-10,2.272681976968562
2009-02-11,2.2661227613983477
2009-02-12,2.272735425445427
2009-02-13,2.2880826395951237
2009-02-16,2.291900697261338
2009-02-17,2.277245588771016
2009-02-18,2.2550695117286566
2009-02-19,2.26973143098458
2009-02-20,2.283176187554624
2009-02-23,2.2951734563281345
2009-02-24,2.2710980730904575
2009-02-25,2.282382086216609
2009-02-26,2.2479488763883744
2009-02-27,2.2193030361884616
2009-03-02,2.2319314644303367
2009-03-03,2.2366531024609184
2009-03-04,2.292958039682634
2009-03-05,2.3025592849152607
2009-03-06,2.2977557080021658
2009-03-09,2.264498120135703
2009-03-10,2.2926437104851756
2009-03-11,2.2976801110975242
2009-03-12,2.299341867256903
2009-03-13,2.3110501482102856
2009-03-16,2.3277397757463296
2009-03-17,2.350573214805318
2009-03-18,2.363284696090142
2009-03-19,2.3820153644618185
2009-03-20,2.3642218650484828
2009-03-23,2.385303162078002
2009-03-24,2.4034744823964242
2009-03-25,2.3808755606688625
2009-03-26,2.4053152463088376
2009-03-27,2.4024624491471367
2009-03-30,2.4174098994722697
2009-03-31,2.4268964944767553
2009-04-01,2.4443258749216676
2009-04-02,2.4668768375617125
2009-04-03,2.4744541203126578
2009-04-07,2.505288291575026
2009-04-08,2.477067085119117
2009-04-09,2.510336885636741
2009-04-10,2.5422782570302385
2009-04-13,2.5739831094682355
2009-04-14,2.6396037347557044
2009-04-15,2.672126489515594
2009-04-16,2.6683384550285174
2009-04-17,2.6325336322843036
2009-04-20,2.6468414250266687
2009-04-21,2.6280993693339574
2009-04-22,2.5720081624106874
2009-04-23,2.601359362446754
2009-04-24,2.5853455109059307
2009-04-27,2.5368061190513838
2009-04-28,2.543481651105604
2009-04-29,2.567670144110552
2009-04-30,2.5713099702512405
2009-05-04,2.6202225780606847
2009-05-05,2.636381160648577
2009-05-06,2.6527778279495102
2009-05-07,2.646608826722363
2009-05-08,2.634250693986558
2009-05-11,2.5865332793543567
2009-05-12,2.6096220747398076
2009-05-13,2.6174239904553773
2009-05-14,2.622369642544755
2009-05-15,2.6197973586274244
2009-05-18,2.6199560107644606
2009-05-19,2.6267120131986625
2009-05-20,2.622413842901138
2009-05-21,2.601663352965721
2009-05-22,2.605080250766421
2009-05-25,2.608741873714129
2009-05-26,2.626811499894528
2009-05-27,2.6206454152722043
2009-06-01,2.637602725995506
2009-06-02,2.6423964241389153
2009-06-03,2.659130388530225
2009-06-04,2.6527783978359305
2009-06-05,2.644506119716229
2009-06-08,2.6318945649335035
2009-06-09,2.6387271786572195
2009-06-10,2.6592466792233544
2009-06-11,2.6577810509287865
2009-06-12,2.6340670465686173
2009-06-15,2.6566336991574104
2009-06-16,2.6516377871105323
2009-06-17,2.663219396506385
2009-06-18,2.6657452099437315
2009-06-19,2.6673261432551576
2009-06-22,2.6521829887343684
2009-06-23,2.6486514456068115
2009-06-24,2.656674324355782
2009-06-25,2.6701418725974033
2009-06-26,2.6714831255363647
2009-06-29,2.67934752154293
2009-06-30,2.6640085316095807
2009-07-01,2.6611585586191104
2009-07-02,2.6676442032349232
2009-07-03,2.6802799997943163
2009-07-06,2.6738618156355582
2009-07-07,2.7240632673738827
2009-07-08,2.764092025790557
2009-07-09,2.8158194799077845
2009-07-10,2.819219533489666
2009-07-13,2.836780092293227
2009-07-14,2.8826954363354855
2009-07-15,2.9287976183535975
2009-07-16,2.9299654051077013
2009-07-17,2.967808408221607
2009-07-20,2.998883010147825
2009-07-21,2.952228035164755
2009-07-22,2.9787910872505226
2009-07-23,2.986499241923118
2009-07-24,2.9778783413924805
2009-07-27,3.0034339948134385
2009-07-28,3.024277427492753
2009-07-29,2.925954834239646
2009-07-30,2.965018513896952
2009-07-31,3.011452625958316
2009-08-03,3.044734759801971
2009-08-04,3.0513816190989425
2009-08-05,3.075075770993524
2009-08-06,3.053791922043607
2009-08-07,3.0044865084730694
2009-08-10,3.0338572579055527
2009-08-11,3.0306682793693587
2009-08-12,2.908240717588014
2009-08-13,2.8971855616900934
2009-08-14,2.805421740786718
2009-08-17,2.679718695799743
2009-08-18,2.71353825617845
2009-08-19,2.6537868538506832
2009-08-20,2.725654061931699
2009-08-21,2.8001146162262986
2009-08-24,2.852409655504614
2009-08-25,2.814673128185201
2009-08-26,2.871854271718083
2009-08-27,2.8870901510865115
2009-08-28,2.8324853891054578
2009-08-31,2.706290037718845
2009-09-01,2.6898477063416277
2009-09-02,2.7213088897528825
2009-09-03,2.793082390576388
2009-09-04,2.815118933236963
2009-09-07,2.8430152115800738
2009-09-08,2.852601972832533
2009-09-09,2.865019320074515
2009-09-10,2.8516354687718937
2009-09-11,2.874933347093376
2009-09-14,2.9166088947827524
2009-09-15,2.946675041182664
2009-09-16,2.9703395887248436
2009-09-17,3.0291022785135855
2009-09-18,2.9592581153125175
2009-09-21,3.0098637053599284
2009-09-22,2.993174834563666
2009-09-23,2.9643696645164295
2009-09-24,2.9152966418553286
2009-09-25,2.9243438502589543
2009-09-28,2.884914769206805
2009-09-29,2.840963075899713
2009-09-30,2.866509652079478
2009-10-09,2.940283206497265
2009-10-12,2.9596850805224726
2009-10-13,2.973542553864511
2009-10-14,2.9765820074430653
2009-10-15,2.999666378757943
2009-10-16,3.0037500029138373
2009-10-19,3.0345029875189793
2009-10-20,3.0540025764853933
2009-10-21,3.0313847427019494
2009-10-22,3.045318077860782
2009-10-23,3.073329591302831
2009-10-26,3.0745139974014135
2009-10-27,3.0752748605435194
2009-10-28,3.095492250395824
2009-10-29,3.079958474437211
2009-10-30,3.082261143241005
2009-11-02,3.118395197860335
2009-11-03,3.1368881833509974
2009-11-04,3.173537427610601
2009-11-05,3.1887378214689184
2009-11-06,3.200824098439743
2009-11-09,3.218544539093809
2009-11-10,3.2071140492754973
2009-11-11,3.2146336655554886
2009-11-12,3.223309927924412
2009-11-13,3.252407338173854
2009-11-16,3.3060830921745317
2009-11-17,3.3198842981682364
2009-11-18,3.3364636185722207
2009-11-19,3.3548586222622463
2009-11-20,3.3672735458118317
2009-11-23,3.390082498827536
2009-11-24,3.2789755484194094
2009-11-25,3.350589187009499
2009-11-26,3.248586201650192
2009-11-27,3.2354327055590275
2009-11-30,3.329289387890813
2009-12-01,3.3997098073080854
2009-12-02,3.4442755907976865
2009-12-03,3.4588919991137876
2009-12-04,3.3821840581626286
2009-12-07,3.4393987646381188
2009-12-08,3.446755941648869
2009-12-09,3.431522017098365
2009-12-10,3.477912890051265
2009-12-11,3.4845701183787927
2009-12-14,3.473905600903066
2009-12-15,3.474911278793991
2009-12-16,3.441501298367257
2009-12-17,3.3683343237722774
2009-12-18,3.334322874805246
2009-12-21,3.3732868058257055
2009-12-22,3.347177434157015
2009-12-23,3.3896120181730907
2009-12-24,3.47285653432368
2009-12-25,3.48714002827382
2009-12-28,3.5166821971871833
2009-12-29,3.5405951854218785
2009-12-30,3.516456430083818
2009-12-31,3.5548900814178848
2010-01-04,3.5988115116428054
2010-01-05,3.6462462198283965
2010-01-06,3.626493495737295
2010-01-07,3.6063928533775162
2010-01-08,3.6370595722651347
2010-01-11,3.693970722953494
2010-01-12,3.7546904654030544
2010-01-13,3.7549345354193164
2010-01-14,3.8052222995905898
2010-01-15,3.8325033853519295
2010-01-18,3.874528893575673
2010-01-19,3.8539277513357524
2010-01-20,3.7180219224645294
2010-01-21,3.725295202082626
2010-01-22,3.6583917102539583
2010-01-25,3.6272995775162946
2010-01-26,3.556609422173226
2010-01-27,3.559879230474694
2010-01-28,3.593772551997795
2010-01-29,3.628615512088961
2010-02-01,3.6035754972095932
2010-02-02,3.5732929186533275
2010-02-03,3.5787057610426083
2010-02-04,3.574654625138773
2010-02-05,3.511294954816095
2010-02-08,3.503102985918376
2010-02-09,3.519381194399185
2010-02-10,3.569188318783581
2010-02-11,3.5690241113113856
2010-02-12,3.6034490499535403
2010-02-22,3.598674019132669
2010-02-23,3.5906838713922484
2010-02-24,3.6712132771035138
2010-02-25,3.7159225793770494
2010-02-26,3.7165470401103486
2010-03-01,3.74259451186902
2010-03-02,3.7309007711092046
2010-03-03,3.734245603025332
2010-03-04,3.676029700773679
2010-03-05,3.678098260767927
2010-03-08,3.6941112693152975
2010-03-09,3.6866914993513107
2010-03-10,3.6431938142544955
2010-03-11,3.6333787228575196
2010-03-12,3.6077158556795315
2010-03-15,3.5940300050041216
2010-03-16,3.609929362245171
2010-03-17,3.6783074891345384
2010-03-18,3.682634292631533
2010-03-19,3.6888200345971938
2010-03-22,3.7048488594299425
2010-03-23,3.732520026159196
2010-03-24,3.760240116602601
2010-03-25,3.7369052394787046
2010-03-26,3.750859488943273
2010-03-29,3.748895339975034
2010-03-30,3.761654576937717
2010-03-31,3.7902594829473273
2010-04-01,3.8336279738313843
2010-04-02,3.8390790294434782
2010-04-06,3.867372604023323
2010-04-07,3.877669120748104
2010-04-08,3.8751438982344104
2010-04-09,3.930050990744466
2010-04-12,3.9810666852256738
2010-04-13,3.907147134376418
2010-04-14,3.934257047945949
2010-04-15,3.902861738704245
2010-04-16,3.918252592290455
2010-04-19,3.8542931443859056
2010-04-20,3.9052129117751426
2010-04-21,3.976906140608137
2010-04-22,4.0156714755978244
2010-04-23,4.001816249584458
2010-04-26,3.996058748775078
2010-04-27,3.92134379559899
2010-04-28,3.8957317329187955
2010-04-29,3.811777910810407
2010-04-30,3.7539962532434688
2010-05-04,3.7758868953048332
2010-05-05,3.8414995919120116
2010-05-06,3.777589821851006
2010-05-07,3.731169770873629
2010-05-10,3.6868770020081767
2010-05-11,3.625714384794098
2010-05-12,3.5785942365240424
2010-05-13,3.650476985537347
2010-05-14,3.6566849391966216
2010-05-17,3.5372456556727037
2010-05-18,3.5587459718169527
2010-05-19,3.5552748488625885
2010-05-20,3.5367659185748996
2010-05-21,3.5870208090729427
2010-05-24,3.6745991673489753
2010-05-25,3.645541918817002
2010-05-26,3.644303812447136
2010-05-27,3.678607515530279
2010-05-28,3.693948897971537
2010-05-31,3.674259711710895
2010-06-01,3.6562116202066903
2010-06-02,3.66713079625723
2010-06-03,3.6688755483950617
2010-06-04,3.6757211411758015
2010-06-07,3.6781312031493822
2010-06-08,3.7006892826325952
2010-06-09,3.7202335344935364
2010-06-10,3.7254856256400486
2010-06-11,3.7272958996389534
2010-06-17,3.709149029074851
2010-06-18,3.6654126686334787
2010-06-21,3.6977616326934197
2010-06-22,3.7070555189124312
2010-06-23,3.705044717047329
2010-06-24,3.7085277429618224
2010-06-25,3.695796417990717
2010-06-28,3.6899965420130947
2010-06-29,3.6400536024596475
2010-06-30,3.6332532932613044
2010-07-01,3.620674741233911
2010-07-02,3.603343693877237
2010-07-05,3.5998412088090364
2010-07-06,3.6301134040949496
2010-07-07,3.6444614667437865
2010-07-08,3.6411250303354463
2010-07-09,3.6621309497315067
2010-07-12,3.668176483699462
2010-07-13,3.6552616212509204
2010-07-14,3.6586839937073146
2010-07-15,3.640004530994973
2010-07-16,3.6435728406392616
2010-07-19,3.661571581842954
2010-07-20,3.686809226282979
2010-07-21,3.6940284542427886
2010-07-22,3.697653160664923
2010-07-23,3.6980083625485496
2010-07-26,3.714599277087185
2010-07-27,3.7131166463904433
2010-07-28,3.7301872148971964
2010-07-29,3.725483654239072
2010-07-30,3.7280610684586812
2010-08-02,3.7415229916698443
2010-08-03,3.728709015835707
2010-08-04,3.7360536339309043
2010-08-05,3.7398126247747374
2010-08-06,3.7562972900362888
2010-08-09,3.7731096390800194
2010-08-10,3.751432380392966
2010-08-11,3.764710979127854
2010-08-12,3.7569176822652115
2010-08-13,3.773628554226402
2010-08-16,3.788752813415675
2010-08-17,3.7988501865369875
2010-08-18,3.7943725196347344
2010-08-19,3.794009198543917
2010-08-20,3.7742151493313827
2010-08-23,3.7852644796970973
2010-08-24,3.801610742556365
2010-08-25,3.7972322047314555
2010-08-26,3.8049593807584485
2010-08-27,3.8143930469735126
2010-08-30,3.846264846635057
2010-08-31,3.861757817284699
2010-09-01,3.8324583960773824
2010-09-02,3.8723052601300503
2010-09-03,3.886078659626502
2010-09-06,3.868452841046083
2010-09-07,3.878071615591525
2010-09-08,3.911754752881655
2010-09-09,3.891299276674777
2010-09-10,3.902245308391018
2010-09-13,3.937948601680248
2010-09-14,3.965905393220536
2010-09-15,3.9485456393999367
2010-09-16,3.891021731287913
2010-09-17,3.880936443744991
2010-09-20,3.8577544873079144
2010-09-21,3.861952011142314
2010-09-27,3.9005049304277786
2010-09-28,3.893579414647606
2010-09-29,3.8794705605165976
2010-09-30,3.9102520173234576
2010-10-08,3.955271459994991
2010-10-11,3.94286350834006
2010-10-12,3.959367095138565
2010-10-13,3.984421457290624
2010-10-14,3.9053691986989207
2010-10-15,3.8834044942877517
2010-10-18,3.847532619398247
2010-10-19,3.931246772079866
2010-10-20,3.950216436433564
2010-10-21,3.958038291989816
2010-10-22,3.989614125594873
2010-10-25,4.063562684375182
2010-10-26,4.093476109923516
2010-10-27,4.083843622543697
2010-10-28,4.1232779040031655
2010-10-29,4.145327247602056
2010-11-01,4.248974526980317
2010-11-02,4.148376493886927
2010-11-03,4.028143881575346
2010-11-04,4.059005401216782
2010-11-05,4.101333174549336
2010-11-08,4.18669340140277
2010-11-09,4.224698953544033
2010-11-10,4.2908260510186675
2010-11-11,4.23997386599187
2010-11-12,4.0710337594924315
2010-11-15,4.240301864632678
2010-11-16,4.219845024525308
2010-11-17,4.111987132012818
2010-11-18,4.171613736411834
2010-11-19,4.301238378937326
2010-11-22,4.343710432052695
2010-11-23,4.337462010948171
2010-11-24,4.4238249157960405
2010-11-25,4.389257511483665
2010-11-26,4.412321310006746
2010-11-29,4.447644072567515
2010-11-30,4.319157835838713
2010-12-01,4.29512301965339
2010-12-02,4.292169370639738
2010-12-03,4.257495902789545
2010-12-06,4.230787514919217
2010-12-07,4.2909876573873875
2010-12-08,4.286412200553226
2010-12-09,4.254698964289801
2010-12-10,4.312641400178788
2010-12-13,4.414526925381962
2010-12-14,4.428213021268696
2010-12-15,4.398857557077023
2010-12-16,4.429127758070509
2010-12-17,4.474191445115479
2010-12-20,4.456368587424276
2010-12-21,4.487559180376604
2010-12-22,4.472231262020941
2010-12-23,4.409415319784283
2010-12-24,4.325806075079231
2010-12-27,4.211433467225072
2010-12-28,4.166426424252617
2010-12-29,4.2440111674467715
2010-12-30,4.245911221360779
2010-12-31,4.302855382432331
2011-01-04,4.3662543520760675
2011-01-05,4.372134637257414
2011-01-06,4.334801806152939
2011-01-07,4.332019691816382
2011-01-10,4.221426471691379
2011-01-11,4.166472011734951
2011-01-12,4.183327517498198
2011-01-13,4.180701056055842
2011-01-14,4.106720857794713
2011-01-17,3.9525538096584363
2011-01-18,3.945922817175908
2011-01-19,4.014558037696312
2011-01-20,3.8967879390604097
2011-01-21,3.898093109191044
2011-01-24,3.855789649214613
2011-01-25,3.818278768661625
2011-01-26,3.876608257493215
2011-01-27,3.923118158917642
2011-01-28,3.965503683981672
2011-01-31,3.9881096034791415
2011-02-01,3.99666057670396
2011-02-09,3.9618687377284885
2011-02-10,4.062142934308534
2011-02-11,4.089964860197456
2011-02-14,4.122361730348192
2011-02-15,4.142225730118476
2011-02-16,4.183294152787865
2011-02-17,4.196474872990083
2011-02-18,4.154235946711429
2011-02-21,4.194740115210602
2011-02-22,4.131292705841449
2011-02-23,4.159656113021138
2011-02-24,4.163674616102605
2011-02-25,4.154516984038412
2011-02-28,4.18889309222529
2011-03-01,4.205910377978231
2011-03-02,4.198599417785521
2011-03-03,4.139053717409513
2011-03-04,4.155724548427522
2011-03-07,4.169081605005695
2011-03-08,4.204686050266572
2011-03-09,4.2122517356068885
2011-03-10,4.216297443619353
2011-03-11,4.226327811133695
2011-03-14,4.255302464904984
2011-03-15,4.210361377600637
2011-03-16,4.235164128382172
2011-03-17,4.168831332396594
2011-03-18,4.1959365795464985
2011-03-21,4.180448468625365
2011-03-22,4.164481632292567
2011-03-23,4.198802795956048
2011-03-24,4.18358230711477
2011-03-25,4.198898916484789
2011-03-28,4.181635499869004
2011-03-29,4.078007827191702
2011-03-30,4.055874101066023
2011-03-31,4.055207859742533
2011-04-01,4.090481386092792
2011-04-06,4.059933467130499
2011-04-07,4.092844142795558
2011-04-08,4.135175898423293
2011-04-11,4.097193343357495
2011-04-12,4.066003844886452
2011-04-13,4.125549899299593
2011-04-14,4.1071667480163825
2011-04-15,4.105881707488299
2011-04-18,4.088352745628873
2011-04-19,4.065928150708782
2011-04-20,4.106400168625013
2011-04-21,4.1290130833101255
2011-04-22,4.110614555682344
2011-04-25,4.020917575556121
2011-04-26,3.9814727672485146
2011-04-27,3.9303167296962322
2011-04-28,3.827745159300398
2011-04-29,3.8709087128530575
2011-05-03,3.8987469842585036
2011-05-04,3.8403343362010776
2011-05-05,3.8503326283855577
2011-05-06,3.88713163407257
2011-05-09,3.9084893244969052
2011-05-10,3.9324300387279307
2011-05-11,3.9382311079238903
2011-05-12,3.903559273244703
2011-05-13,3.914113332752897
2011-05-16,3.9193205200066874
2011-05-17,3.911363270586927
2011-05-18,3.91433883605141
2011-05-19,3.925516225091534
2011-05-20,3.9183687249974017
2011-05-23,3.838772586329005
2011-05-24,3.8181816886903595
2011-05-25,3.790067869580654
2011-05-26,3.7613211685603605
2011-05-27,3.70632099554294
2011-05-30,3.6787510970245267
2011-05-31,3.6995734874575485
2011-06-01,3.717442412658962
2011-06-02,3.700367061800387
2011-06-03,3.7228019742778797
2011-06-07,3.7306123049221904
2011-06-08,3.734932615218433
2011-06-09,3.7158254904700674
2011-06-10,3.7067422148696734
2011-06-13,3.7014967356921082
2011-06-14,3.7177449824264466
2011-06-15,3.704417926288175
2011-06-16,3.677281080451366
2011-06-17,3.660578309521424
2011-06-20,3.6448508001247824
2011-06-21,3.656762013786397
2011-06-22,3.6579301705351224
2011-06-23,3.6816232267510025
2011-06-24,3.7145584138477137
2011-06-27,3.731571197228502
2011-06-28,3.742299160870622
2011-06-29,3.7350920617140795
2011-06-30,3.746896477533966
2011-07-01,3.748543851088973
2011-07-04,3.775612419791627
2011-07-05,3.777871132001771
2011-07-06,3.7864179053021254
2011-07-07,3.7872726009562467
2011-07-08,3.786055726331706
2011-07-11,3.804209909239852
2011-07-12,3.7934759045226136
2011-07-13,3.816491247170268
2011-07-14,3.8216629270336204
2011-07-15,3.8279087115711072
2011-07-18,3.8353235515995827
2011-07-19,3.8150598475253505
2011-07-20,3.8166740385297686
2011-07-21,3.8004754903166256
2011-07-22,3.8048050526245616
2011-07-25,3.771067630369228
2011-07-26,3.7780470259500882
2011-07-27,3.8074097030367597
2011-07-28,3.813150149755893
2011-07-29,3.8041006078424138
2011-08-01,3.79945005362506
2011-08-02,3.7883911348505244
2011-08-03,3.7981746064100985
2011-08-04,3.802454976250372
2011-08-05,3.7905872863385337
2011-08-08,3.748306564717804
2011-08-09,3.746724679604296
2011-08-10,3.7640705945508643
2011-08-11,3.783947768381589
2011-08-12,3.797885872595674
2011-08-15,3.8037353917730212
2011-08-16,3.790938579003688
2011-08-17,3.792280168862696
2011-08-18,3.7709735758848018
2011-08-19,3.766923295128315
2011-08-22,3.7592346421361005
2011-08-23,3.774145344171826
2011-08-24,3.7731890353138815
2011-08-25,3.789537095021785
2011-08-26,3.791843510284521
2011-08-29,3.7876932088561643
2011-08-30,3.775570971093645
2011-08-31,3.7701059822634218
2011-09-01,3.7615402005251024
2011-09-02,3.7509876248208194
2011-09-05,3.738971040875649
2011-09-06,3.7214781239297787
2011-09-07,3.7420743542497514
2011-09-08,3.7348696019498893
2011-09-09,3.728877443674959
2011-09-13,3.7122958506099466
2011-09-14,3.7235690057247117
2011-09-15,3.72090044814035
2011-09-16,3.72080592679616
2011-09-19,3.698758763588433
2011-09-20,3.704576779800962
2011-09-21,3.730556145998743
2011-09-22,3.709073967586392
2011-09-23,3.7002330598025246
2011-09-26,3.682956424215727
2011-09-27,3.680372223235123
2011-09-28,3.670012030334277
2011-09-29,3.6424031853967973
2011-09-30,3.643624699959366
2011-10-10,3.6386790721748876
2011-10-11,3.6367761473737352
2011-10-12,3.6598940595901546
2011-10-13,3.669202638431754
2011-10-14,3.6614993625159244
2011-10-17,3.6674489063841484
2011-10-18,3.649602583652619
2011-10-19,3.6442279737596994
2011-10-20,3.6188054898692243
2011-10-21,3.6033995135378607
2011-10-24,3.613212456953105
2011-10-25,3.635038976082482
2011-10-26,3.6441624002156643
2011-10-27,3.6419411774140453
2011-10-28,3.6541587363955936
2011-10-31,3.6608234206793595
2011-11-01,3.6548047005696014
2011-11-02,3.6798071061392297
2011-11-03,3.6842349759481645
2011-11-04,3.6816606839813684
2011-11-07,3.6802853631220085
2011-11-08,3.6734700445569386
2011-11-09,3.6926180958030477
2011-11-10,3.6926231898537507
2011-11-11,3.69360704063207
2011-11-14,3.712466196294847
2011-11-15,3.7190711317498053
2011-11-16,3.6994679980282554
2011-11-17,3.700448429699743
2011-11-18,3.679300969926621
2011-11-21,3.6757360945384088
2011-11-22,3.6771258002392093
2011-11-23,3.676207981013442
2011-11-24,3.6758959935531155
2011-11-25,3.6735144330001073
2011-11-28,3.6758193248053495
2011-11-29,3.6915987501191023
2011-11-30,3.6634507740137496
2011-12-01,3.6766140487524144
2011-12-02,3.657134492060509
2011-12-05,3.6302791295497094
2011-12-06,3.6336812260319267
2011-12-07,3.6349120425450447
2011-12-08,3.640673377911278
2011-12-09,3.630056925530627
2011-12-12,3.620352666424261
2011-12-13,3.597105533033188
2011-12-14,3.5870074121342457
2011-12-15,3.5800849210454433
2011-12-16,3.6030800404090404
2011-12-19,3.604901956061902
2011-12-20,3.5990717602285596
2011-12-21,3.587352537814789
2011-12-22,3.5750575753579565
2011-12-23,3.5755562881853065
2011-12-26,3.56878669843797
2011-12-27,3.546763923700266
2011-12-28,3.5387833938637345
2011-12-29,3.5364096322251837
2011-12-30,3.5488667823894167
2012-01-04,3.5254539950984367
2012-01-05,3.4898852724147957
2012-01-06,3.4885130579891745
2012-01-09,3.512312583073061
2012-01-10,3.5373059999736296
2012-01-11,3.544370599847216
2012-01-12,3.5404251661777977
2012-01-13,3.5005351767957715
2012-01-16,3.4659946212812067
2012-01-17,3.497662171032863
2012-01-18,3.4677058354934687
2012-01-19,3.463644335023203
2012-01-20,3.482138950715912
2012-01-30,3.4826873044083895
2012-01-31,3.4811285458848182
2012-02-01,3.4801178862304023
2012-02-02,3.4910997893340765
2012-02-03,3.505933282705713
2012-02-06,3.510364642970622
2012-02-07,3.4978789009319997
2012-02-08,3.5134995915444964
2012-02-09,3.518471844917817
2012-02-10,3.5190772769738294
2012-02-13,3.5313360423081037
2012-02-14,3.5312862555472027
2012-02-15,3.5413891469612135
2012-02-16,3.539798045471981
2012-02-17,3.532475495857263
2012-02-20,3.5380878566596903
2012-02-21,3.5536245577997407
2012-02-22,3.57447635585429
2012-02-23,3.5834922581996325
2012-02-24,3.5882962000894785
2012-02-27,3.5876959139902107
2012-02-28,3.581034701861921
2012-02-29,3.565877166004938
2012-03-01,3.567714408041705
2012-03-02,3.5811611245193102
2012-03-05,3.582453928771465
2012-03-06,3.5710234675506407
2012-03-07,3.5668912872566034
2012-03-08,3.5768195955887014
2012-03-09,3.5935284157235134
2012-03-12,3.600441960156448
2012-03-13,3.611383500591755
2012-03-14,3.576261379787217
2012-03-15,3.579323977428717
2012-03-16,3.594928979287903
2012-03-19,3.603603713093522
2012-03-20,3.5833595192804535
2012-03-21,3.583317698356929
2012-03-22,3.5803904161879103
2012-03-23,3.5695860281737506
2012-03-26,3.5629470881475815
2012-03-27,3.5576352727981853
2012-03-28,3.5193385404873823
2012-03-29,3.5119531722393877
2012-03-30,3.51260279549006
2012-04-05,3.534640158635746
2012-04-06,3.538873978169939
2012-04-09,3.528896310195196
2012-04-10,3.535147068085898
2012-04-11,3.5369242150694937
2012-04-12,3.5550466050635974
2012-04-13,3.5604339415493524
2012-04-16,3.55637212613619
2012-04-17,3.55364888879055
2012-04-18,3.5646707477020123
2012-04-19,3.5700341195010066
2012-04-20,3.5709754545566765
2012-04-23,3.5415217845627325
2012-04-24,3.528476628659373
2012-04-25,3.538924536920712
2012-04-26,3.5361410396902997
2012-04-27,3.5351613297012867
2012-05-02,3.549449427257528
2012-05-03,3.5573529532584467
2012-05-04,3.574302769238343
2012-05-07,3.5939841814081586
2012-05-08,3.594942777244273
2012-05-09,3.579907623821538
2012-05-10,3.5816574824870764
2012-05-11,3.577939436212966
2012-05-14,3.5804563681269226
2012-05-15,3.5779296805083143
2012-05-16,3.5589162143303197
2012-05-17,3.5715307815130934
2012-05-18,3.551511031422479
2012-05-21,3.549962200112127
2012-05-22,3.5634032121327963
2012-05-23,3.562399741497751
2012-05-24,3.565446604973696
2012-05-25,3.5488526051766818
2012-05-28,3.5564751817820652
2012-05-29,3.5861685144959696
2012-05-30,3.590681155343886
2012-05-31,3.6013219243991235
2012-06-01,3.6089952630947484
2012-06-04,3.5752270549039853
2012-06-05,3.572486129198669
2012-06-06,3.5658249850469015
2012-06-07,3.5554696392851803
2012-06-08,3.549164317510236
2012-06-11,3.5805024116972297
2012-06-12,3.5678985452818646
2012-06-13,3.6018739715705403
2012-06-14,3.613478696586119
2012-06-15,3.6066001048938716
2012-06-18,3.6229652829070518
2012-06-19,3.617432339762767
2012-06-20,3.6274683638375143
2012-06-21,3.6021705808708826
2012-06-25,3.5623402957799124
2012-06-26,3.565320963796682
2012-06-27,3.5635718546591866
2012-06-28,3.5476229732467175
2012-06-29,3.5691933677297816
2012-07-02,3.581146118504759
2012-07-03,3.603893876999668
2012-07-04,3.595106690162225
2012-07-05,3.573368794573958
2012-07-06,3.586781945651949
2012-07-09,3.5571777760764705
2012-07-10,3.533548422968294
2012-07-11,3.5329295973043786
2012-07-12,3.5551283340574766
2012-07-13,3.531944148565244
2012-07-16,3.4830299144753756
2012-07-17,3.485916105018482
2012-07-18,3.4924346164697435
2012-07-19,3.506184773972391
2012-07-20,3.4992324846505336
2012-07-23,3.4877584941488364
2012-07-24,3.4964291614710805
2012-07-25,3.4974406641521147
2012-07-26,3.4894892559752515
2012-07-27,3.481825030263845
2012-07-30,3.467346157163731
2012-07-31,3.4374354846183905
2012-08-01,3.451246955698793
2012-08-02,3.4412467234915907
2012-08-03,3.4624346831130124
2012-08-06,3.488627357976208
2012-08-07,3.5067504970838215
2012-08-08,3.501678104365961
2012-08-09,3.516589274948788
2012-08-10,3.511550761334496
2012-08-13,3.4886672467767945
2012-08-14,3.4986381933258834
2012-08-15,3.488217445582556
2012-08-16,3.4884621835641387
2012-08-17,3.489943750631406
2012-08-20,3.501953629110596
2012-08-21,3.518462953437891
2012-08-22,3.5108005815035632
2012-08-23,3.5341806986667934
2012-08-24,3.509859680008059
2012-08-27,3.4873950382404373
2012-08-28,3.4992879848307883
2012-08-29,3.4944629441932316
2012-08-30,3.4680528609587684
2012-08-31,3.4720909132260886
2012-09-03,3.490646460520117
2012-09-04,3.4884324868032244
2012-09-05,3.5048040684539497
2012-09-06,3.5090992661325657
2012-09-07,3.5321832421154284
2012-09-10,3.540833817706158
2012-09-11,3.533304772580367
2012-09-12,3.5373876813057
2012-09-13,3.5211338638158707
2012-09-14,3.512770256150688
2012-09-17,3.4751780241451073
2012-09-18,3.481238696496281
2012-09-19,3.491043224927662
2012-09-20,3.463852372021139
2012-09-21,3.452285483749148
2012-09-24,3.4626460593941624
2012-09-25,3.4522706515884702
2012-09-26,3.431488977041889
2012-09-27,3.455587619473647
2012-09-28,3.476912372769906
2012-10-08,3.479945887655876
2012-10-09,3.504617336523179
2012-10-10,3.514153076289939
2012-10-11,3.490684054655742
2012-10-12,3.492419341183365
2012-10-15,3.474666030523483
2012-10-16,3.4798559271119736
2012-10-17,3.482876194375769
2012-10-18,3.496794116521961
2012-10-19,3.4967787402676893
2012-10-22,3.501180304789437
2012-10-23,3.4864217875616434
2012-10-24,3.4839955200660024
2012-10-25,3.4742738719919517
2012-10-26,3.4531854647243643
2012-10-29,3.447017644561897
2012-10-30,3.448051689035864
2012-10-31,3.4536108659533715
2012-11-01,3.4630627962349556
2012-11-02,3.466410133645384
2012-11-05,3.461566258428156
2012-11-06,3.4574344169754396
2012-11-07,3.463945934100601
2012-11-08,3.4482698376536565
2012-11-09,3.4483591774712816
2012-11-12,3.4571023596222785
2012-11-13,3.4444090689137674
2012-11-14,3.4542686340197664
2012-11-15,3.433577775155899
2012-11-16,3.432409085844945
2012-11-19,3.4394956075381744
2012-11-20,3.44613748651874
2012-11-21,3.452028968320359
2012-11-22,3.443958019206801
2012-11-23,3.4408730553495097
2012-11-26,3.4304010689841604
2012-11-27,3.397098178602821
2012-11-28,3.3762287530040966
2012-11-29,3.3713074024790157
2012-11-30,3.377441320976316
2012-12-03,3.355057240291331
2012-12-04,3.359032295773367
2012-12-05,3.387655705494689
2012-12-06,3.3885982136569965
2012-12-07,3.407516494469796
2012-12-10,3.4250430752089036
2012-12-11,3.4213839253400273
2012-12-12,3.420991011233473
2012-12-13,3.4111512901119005
2012-12-14,3.437902821335865
2012-12-17,3.4367742251953963
2012-12-18,3.4319001887313116
2012-12-19,3.4382670754478215
2012-12-20,3.446904870697475
2012-12-21,3.4638030815743295
2012-12-24,3.4707714280656186
2012-12-25,3.4923676193915387
2012-12-26,3.5145679415235347
2012-12-27,3.4942519332386146
2012-12-28,3.5085340560211424
2012-12-31,3.5238714217228013
2013-01-04,3.498099261000569
2013-01-07,3.527562812932123
2013-01-08,3.5501775763218033
2013-01-09,3.5545263450428375
2013-01-10,3.564797186159764
2013-01-11,3.5349290043858757
2013-01-14,3.599883303900713
2013-01-15,3.6467211128410484
2013-01-16,3.6187923882057764
2013-01-17,3.5944905973295436
2013-01-18,3.6129878833115985
2013-01-21,3.648080151049665
2013-01-22,3.594727997492651
2013-01-23,3.58523733609025
2013-01-24,3.5301461592974444
2013-01-25,3.530724171478749
2013-01-28,3.5846203809587043
2013-01-29,3.5951303675169846
2013-01-30,3.586178521490858
2013-01-31,3.5540309304336652
2013-02-01,3.5818936613015624
2013-02-04,3.5662811840425066
2013-02-05,3.5906810799602824
2013-02-06,3.599866080259935
2013-02-07,3.619828358727782
2013-02-08,3.645335664008582
2013-02-18,3.6726794442407655
2013-02-19,3.6529961282963916
2013-02-20,3.697988268128975
2013-02-21,3.6457681958342225
2013-02-22,3.6499444832284618
2013-02-25,3.6996970646673826
2013-02-26,3.683444275176622
2013-02-27,3.6786431619041613
2013-02-28,3.7405100646554477
2013-03-01,3.793721302851699
2013-03-04,3.686653077167265
2013-03-05,3.772546492965493
2013-03-06,3.831190684194123
2013-03-07,3.755494553867414
2013-03-08,3.7211298888259448
2013-03-11,3.736891794101103
2013-03-12,3.631728396195427
2013-03-13,3.60963565523162
2013-03-14,3.6065853011099946
2013-03-15,3.61983918356957
2013-03-18,3.579159370485227
2013-03-19,3.582128021934384
2013-03-20,3.69367139915564
2013-03-21,3.7340432601945577
2013-03-22,3.749659940568915
2013-03-25,3.738718736154139
2013-03-26,3.716455796149585
2013-03-27,3.7277186226926577
2013-03-28,3.6146588699158304
2013-03-29,3.605051312562886
2013-04-01,3.6272892146609452
2013-04-02,3.5573771315218687
2013-04-03,3.5184892508633863
2013-04-08,3.5030254810774935
2013-04-09,3.5262905628804906
2013-04-10,3.5063278997445795
2013-04-11,3.5082387325959163
2013-04-12,3.4819308119305514
2013-04-15,3.452734643545721
2013-04-16,3.4999159939232
2013-04-17,3.541286045212797
2013-04-18,3.5586099744249347
2013-04-19,3.631731513418875
2013-04-22,3.6526465023061667
2013-04-23,3.565215811300489
2013-04-24,3.6630107016138345
2013-04-25,3.5900206841691444
2013-04-26,3.5415487382130255
2013-05-02,3.5713699817805478
2013-05-03,3.6293674979567276
2013-05-06,3.6810672985999013
2013-05-07,3.6641327069658756
2013-05-08,3.7268374385943983
2013-05-09,3.7559418695257722
2013-05-10,3.7478118068666744
2013-05-13,3.7740030015120416
2013-05-14,3.700443204659993
2013-05-15,3.786850732148011
2013-05-16,3.7942161942948567
2013-05-17,3.8475045183421246
2013-05-20,3.9381577545735578
2013-05-21,3.996525047818827
2013-05-22,3.943933355576816
2013-05-23,3.923413760810284
2013-05-24,3.989483302908674
2013-05-27,4.020986194370008
2013-05-28,3.9785454645954914
2013-05-29,3.9931130374147408
2013-05-30,4.006236568348905
2013-05-31,4.022529352230642
2013-06-03,3.954719630405781
2013-06-04,3.8380691763325183
2013-06-05,3.826437826979477
2013-06-06,3.7664713039510462
2013-06-07,3.7299295749740713
2013-06-13,3.663437792053576
2013-06-14,3.750244181016082
2013-06-17,3.8033762395635295
2013-06-18,3.8128412858321483
2013-06-19,3.7868588648502395
2013-06-20,3.673569246631397
2013-06-21,3.6467795103165876
2013-06-24,3.450653153465528
2013-06-25,3.46708726197026
2013-06-26,3.5525960839051867
2013-06-27,3.474382140947282
2013-06-28,3.463790903178716
2013-07-01,3.5211714911025376
2013-07-02,3.5510995596996713
2013-07-03,3.546053902833223
2013-07-04,3.5552321250071772
2013-07-05,3.542218214591744
2013-07-08,3.4737942605518906
2013-07-09,3.473672650631697
2013-07-10,3.514011136851398
2013-07-11,3.5585510928438486
2013-07-12,3.561657180160708
2013-07-15,3.6123314187820093
2013-07-16,3.63646446229532
2013-07-17,3.6227656877385024
2013-07-18,3.6162930450853454
2013-07-19,3.586710584046775
2013-07-22,3.621296785652723
2013-07-23,3.6701549126907693
2013-07-24,3.686133287397789
2013-07-25,3.6553453217989857
2013-07-26,3.6508308831364302
2013-07-29,3.610889619846614
2013-07-30,3.608373868152544
2013-07-31,3.6182258554503908
2013-08-01,3.7076137027419915
2013-08-02,3.7396080740037823
2013-08-05,3.790053587143281
2013-08-06,3.806969115920725
2013-08-07,3.7865661270323683
2013-08-08,3.7956611347897717
2013-08-09,3.7803632541551564
2013-08-12,3.8011890939141635
2013-08-13,3.8101300435372876
2013-08-14,3.8069111449613984
2013-08-15,3.769042801835255
2013-08-16,3.7106032429948574
2013-08-19,3.7563159547478877
2013-08-20,3.759388407043626
2013-08-21,3.793783496817956
2013-08-22,3.799146444762891
2013-08-23,3.771507544141573
2013-08-26,3.823574474429413
2013-08-27,3.8416525845105136
2013-08-28,3.8013928353698905
2013-08-29,3.8186054279320194
2013-08-30,3.746873541305655
2013-09-02,3.7897113147526955
2013-09-03,3.8367336871245645
2013-09-04,3.8550452988759223
2013-09-05,3.882833827548332
2013-09-06,3.9062464423545062
2013-09-09,3.8930765832184653
2013-09-10,3.8771599067371976
2013-09-11,3.8406001604065767
2013-09-12,3.826679072149909
2013-09-13,3.8629127807615893
2013-09-16,3.8902845385861533
2013-09-17,3.8373113813267006
2013-09-18,3.8639074388189854
2013-09-23,3.9194058407286096
2013-09-24,3.9234797768449265
2013-09-25,3.9178732074945026
2013-09-26,3.8913034688832027
2013-09-27,3.9047020473306855
2013-09-30,3.9410556186382975
2013-10-08,4.012753602394536
2013-10-09,4.051909542309622
2013-10-10,4.023681940130811
2013-10-11,4.076058713195452
2013-10-14,4.163989817263337
2013-10-15,4.180122694240556
2013-10-16,4.127891924809178
2013-10-17,4.1694067495916665
2013-10-18,4.219649074838306
2013-10-21,4.3219002717154895
2013-10-22,4.272557283430674
2013-10-23,4.1516661291307875
2013-10-24,4.140900961815244
2013-10-25,4.072098723464892
2013-10-28,4.067687089517462
2013-10-29,3.9940149320546916
2013-10-30,4.060644558569178
2013-10-31,4.01933857205025
2013-11-01,4.003094719078878
2013-11-04,4.023150413234849
2013-11-05,4.0709258398134525
2013-11-06,4.042889429725302
2013-11-07,3.988060292934478
2013-11-08,3.9430032611840393
2013-11-11,3.999056439397623
2013-11-12,4.013926558068067
2013-11-13,4.013040934401315
2013-11-14,4.110712363919133
2013-11-15,4.168714494433953
2013-11-18,4.2337642270049685
2013-11-19,4.232575877534027
2013-11-20,4.248262026871423
2013-11-21,4.236897931663998
2013-11-22,4.231447084082199
2013-11-25,4.303443913761092
2013-11-26,4.360059069446074
2013-11-27,4.409005804028304
2013-11-28,4.466243680061284
2013-11-29,4.544243812639148
2013-12-02,4.22834200448432
2013-12-03,4.252503762192033
2013-12-04,4.2759530779536234
2013-12-05,4.272552027393012
2013-12-06,4.251997065132051
2013-12-09,4.343218957355979
2013-12-10,4.314924517557901
2013-12-11,4.326278533944433
2013-12-12,4.375341316188317
2013-12-13,4.380349755013214
2013-12-16,4.326885463985909
2013-12-17,4.2739491147065465
2013-12-18,4.2642639503445
2013-12-19,4.266685094680283
2013-12-20,4.248195961161693
2013-12-23,4.253334941341488
2013-12-24,4.292993134389041
2013-12-25,4.436443437975074
2013-12-26,4.345541455983158
2013-12-27,4.430657804777255
2013-12-30,4.468904529661531
2013-12-31,4.423683125051677
2014-01-02,4.4862444709371125
2014-01-03,4.486885349140889
2014-01-06,4.3469854687309635
2014-01-07,4.416329808414366
2014-01-08,4.499230231289722
2014-01-09,4.42755302018793
2014-01-10,4.370764038514903
2014-01-13,4.375975323190035
2014-01-14,4.469425482275044
2014-01-15,4.494921678217406
2014-01-16,4.493306716546364
2014-01-17,4.466618193064389
2014-01-20,4.405235195352823
2014-01-21,4.4619562596242766
2014-01-22,4.508496733143473
2014-01-23,4.546523755939509
2014-01-24,4.603378104188288
2014-01-27,4.5903237302418285
2014-01-28,4.567121728477838
2014-01-29,4.6366762397432835
2014-01-30,4.613560672578243
2014-02-07,4.682219164111863
2014-02-10,4.782365884632923
2014-02-11,4.762601895334712
2014-02-12,4.878946126054885
2014-02-13,4.791830704393241
2014-02-14,4.871858708932701
2014-02-17,4.965108282575875
2014-02-18,4.966883937705468
2014-02-19,4.938187021745156
2014-02-20,4.851746407958878
2014-02-21,4.85130818493266
2014-02-24,4.886587126450475
2014-02-25,4.686944944038153
2014-02-26,4.666590256379189
2014-02-27,4.581933045133483
2014-02-28,4.626937905327968
2014-03-03,4.677246867756025
2014-03-04,4.634727402879597
2014-03-05,4.659486398349445
2014-03-06,4.651205341637073
2014-03-07,4.646607361271751
2014-03-10,4.515793630093999
2014-03-11,4.526053938832635
2014-03-12,4.528437790654505
2014-03-13,4.5883040794885455
2014-03-14,4.575337104011471
2014-03-17,4.640449886569676
2014-03-18,4.63958255890957
2014-03-19,4.619716376792034
2014-03-20,4.5369637821739035
2014-03-21,4.5808729462834945
2014-03-24,4.574015313588917
2014-03-25,4.551541462104674
2014-03-26,4.581034087363416
2014-03-27,4.497934713009086
2014-03-28,4.39927668204376
2014-03-31,4.358130458840172
2014-04-01,4.405930204999892
2014-04-02,4.400297681043789
2014-04-03,4.402961728555293
2014-04-04,4.43044195463953
2014-04-08,4.473242847150837
2014-04-09,4.500167959487988
2014-04-10,4.501798195453024
2014-04-11,4.472841410309918
2014-04-14,4.497330383634036
2014-04-15,4.484649345214231
2014-04-16,4.486250977248364
2014-04-17,4.492757653335375
2014-04-18,4.497344468121286
2014-04-21,4.466775968505467
2014-04-22,4.4287863738808
2014-04-23,4.4196757980211725
2014-04-24,4.407979082720367
2014-04-25,4.36343258626966
2014-04-28,4.264241591662873
2014-04-29,4.290424474379077
2014-04-30,4.323267712954827
2014-05-05,4.344531676548737
2014-05-06,4.355084002538512
2014-05-07,4.319312202785644
2014-05-08,4.30362227024543
2014-05-09,4.2747418085942295
2014-05-12,4.320907252094252
2014-05-13,4.326727184703663
2014-05-14,4.338461995029835
2014-05-15,4.2949872847701265
2014-05-16,4.265590028521118
2014-05-19,4.256206905748851
2014-05-20,4.251001474133589
2014-05-21,4.270252738856661
2014-05-22,4.269677362046133
2014-05-23,4.296884497242067
2014-05-26,4.335072573418001
2014-05-27,4.324385427069483
2014-05-28,4.358742480747626
2014-05-29,4.3356917299040845
2014-05-30,4.336776903535667
2014-06-03,4.329230252883963
2014-06-04,4.307023818330759
2014-06-05,4.328069554334115
2014-06-06,4.324176835016816
2014-06-09,4.311414642140901
2014-06-10,4.334855231924669
2014-06-11,4.344323995608052
2014-06-12,4.34142124654188
2014-06-13,4.3721447084580545
2014-06-16,4.38716518415951
2014-06-17,4.3571809551397855
2014-06-18,4.335380512212226
2014-06-19,4.282816588033101
2014-06-20,4.308588247491631
2014-06-23,4.326559720770289
2014-06-24,4.336778695115835
2014-06-25,4.328448159834482
2014-06-26,4.350096997561509
2014-06-27,4.361957783262506
2014-06-30,4.375694062577618
2014-07-01,4.377890985241842
2014-07-02,4.380556617645903
2014-07-03,4.3952436952576
2014-07-04,4.389293751302067
2014-07-07,4.393643843660246
2014-07-08,4.407933375456636
2014-07-09,4.371202617079922
2014-07-10,4.3696701780940215
2014-07-11,4.384959436996743
2014-07-14,4.4212030043771335
2014-07-15,4.409117455826241
2014-07-16,4.375517164954373
2014-07-17,4.365531195276054
2014-07-18,4.372519902072494
2014-07-21,4.387631457106719
2014-07-22,4.418167327169005
2014-07-23,4.38576001266474
2014-07-24,4.370837782607519
2014-07-25,4.382322999426677
2014-07-28,4.41957356529518
2014-07-29,4.445103936894293
2014-07-30,4.4502736772458755
2014-07-31,4.474563340670637
2014-08-01,4.47164670475837
2014-08-04,4.524520329358762
2014-08-05,4.538552190759475
2014-08-06,4.560185792277995
2014-08-07,4.544460050275254
2014-08-08,4.576956671469973
2014-08-11,4.642087384041954
2014-08-12,4.645321377399724
2014-08-13,4.627815734259508
2014-08-14,4.614700220360612
2014-08-15,4.645988852652256
2014-08-18,4.711323255421086
2014-08-19,4.721524294981982
2014-08-20,4.707933388179731
2014-08-21,4.726650157343494
2014-08-22,4.740474946082955
2014-08-25,4.70989451097703
2014-08-26,4.671723132505569
2014-08-27,4.667270516837449
2014-08-28,4.641246373277982
2014-08-29,4.687055835640901
2014-09-01,4.733073205852446
2014-09-02,4.768796155937382
2014-09-03,4.804190617016857
2014-09-04,4.838233382421237
2014-09-05,4.864419442204497
2014-09-09,4.869280928092125
2014-09-10,4.909678108551283
2014-09-11,4.919127199948104
2014-09-12,4.959500609017656
2014-09-15,4.97574254304312
2014-09-16,4.82932446714102
2014-09-17,4.827799055297017
2014-09-18,4.857020028793916
2014-09-19,4.898075198556687
2014-09-22,4.8874376486608115
2014-09-23,4.959266849988786
2014-09-24,4.994574188337292
2014-09-25,4.971583547012088
2014-09-26,4.987605401009641
2014-09-29,5.036497465445112
2014-09-30,5.077593012482315
2014-10-08,5.124958827307405
2014-10-09,5.142984673855597
2014-10-10,5.098479820010013
2014-10-13,5.120218981571357
2014-10-14,5.13405257269438
2014-10-15,5.141828316008589
2014-10-16,5.094188552723258
2014-10-17,5.047181524204571
2014-10-20,5.134103612174019
2014-10-21,5.106013848112287
2014-10-22,5.080426330458327
2014-10-23,5.0214275895442455
2014-10-24,5.011316722382186
2014-10-27,5.065395084176592
2014-10-28,5.1604957037446155
2014-10-29,5.178517576782865
2014-10-30,5.174421317036353
2014-10-31,5.144118691540646
2014-11-03,5.181142110095172
2014-11-04,5.152462387491718
2014-11-05,5.128726444273805
2014-11-06,5.18389993135864
2014-11-07,5.150356936376796
2014-11-10,5.17376501620452
2014-11-11,5.006404337554604
2014-11-12,5.064277717922151
2014-11-13,4.967719773446974
2014-11-14,4.922613657711254
2014-11-17,5.010676222479343
2014-11-18,5.022645054965782
2014-11-19,5.070440251274129
2014-11-20,5.044963958891915
2014-11-21,5.084697034558474
2014-11-24,5.145154744326459
2014-11-25,5.2135494564215685
2014-11-26,5.301010373420366
2014-11-27,5.3151933248541265
2014-11-28,5.328239557408933
2014-12-01,5.3181778196593354
2014-12-02,5.358714799219447
2014-12-03,5.390089546960572
2014-12-04,5.437447535167354
2014-12-05,5.2499179603905635
2014-12-08,5.227506512120236
2014-12-09,5.097814071529805
2014-12-10,5.283502400424814
2014-12-11,5.4180085410977235
2014-12-12,5.5108806375244495
2014-12-15,5.618452351664852
2014-12-16,5.575276701109168
2014-12-17,5.539585357081162
2014-12-18,5.521042859116831
2014-12-19,5.464862900699653
2014-12-22,5.278304789341846
2014-12-23,5.24353914915373
2014-12-24,5.401680266545671
2014-12-25,5.50929350694361
2014-12-26,5.517575065749004
2014-12-29,5.4092538256210725
2014-12-30,5.327245321504537
2014-12-31,5.378562923247604
2015-01-05,5.398664418276097
2015-01-06,5.551147054037928
2015-01-07,5.527490364909628
2015-01-08,5.563838419432123
2015-01-09,5.602972973799505
2015-01-12,5.615545058449474
2015-01-13,5.727181115086829
2015-01-14,5.709820283790056
2015-01-15,5.704985958621919
2015-01-16,5.7866587153873565
2015-01-19,5.688482340000881
2015-01-20,5.938376624134996
2015-01-21,6.032819922326406
2015-01-22,6.092911663354664
2015-01-23,6.002091315240407
2015-01-26,6.097745872395738
2015-01-27,6.139404392640093
2015-01-28,6.113178279999593
2015-01-29,6.0361000989900075
2015-01-30,6.023431533606007
2015-02-02,6.022983912784473
2015-02-03,6.124999815950527
2015-02-04,6.113280076884067
2015-02-05,6.1485058130009485
2015-02-06,5.979167211814114
2015-02-09,5.917934442802599
2015-02-10,5.974018268446405
2015-02-11,6.015569835072405
2015-02-12,6.060688511597337
2015-02-13,6.168110549613289
2015-02-16,6.284763068460981
2015-02-17,6.295866788594296
2015-02-25,6.269094273563579
2015-02-26,6.282043535371543
2015-02-27,6.350828496313187
2015-03-02,6.458649315641496
2015-03-03,6.370172651649681
2015-03-04,6.471385652417829
2015-03-05,6.499838175997064
2015-03-06,6.398166241461477
2015-03-09,6.469649276232222
2015-03-10,6.546129894949647
2015-03-11,6.571696724232474
2015-03-12,6.5573853367674895
2015-03-13,6.656881006593644
2015-03-16,6.825771746828133
2015-03-17,6.889164988667515
2015-03-18,6.99141096209196
2015-03-19,6.979771909607094
2015-03-20,7.081536659358138
2015-03-23,7.326772311179161
2015-03-24,7.382846984092371
2015-03-25,7.480500172334312
2015-03-26,7.3052143731655566
2015-03-27,7.343223924247131
2015-03-30,7.371160502995463
2015-03-31,7.459279250317406
2015-04-01,7.667800453147779
2015-04-02,7.834264127788438
2015-04-03,7.962358549264803
2015-04-07,8.127370749113235
2015-04-08,8.01967021583404
2015-04-09,7.9516853415304585
2015-04-10,8.177094199382958
2015-04-13,8.378167427024747
2015-04-14,8.327086520457904
2015-04-15,7.972959838306753
2015-04-16,8.014539863483142
2015-04-17,7.982484262745183
2015-04-20,7.738362456112376
2015-04-21,8.002113574517132
2015-04-22,8.17416956227698
2015-04-23,8.23256819965692
2015-04-24,8.220800860019715
2015-04-27,8.21635804974766
2015-04-28,8.031313535092801
2015-04-29,8.144595246397913
2015-04-30,8.12703239528435
2015-05-04,8.104370752568956
2015-05-05,7.923196841641301
2015-05-06,7.87285243457399
2015-05-07,7.774864988638778
2015-05-08,8.035035092552976
2015-05-11,8.282479864346943
2015-05-12,8.386205870909597
2015-05-13,8.43508335655381
2015-05-14,8.524717811155272
2015-05-15,8.426777887714957
2015-05-18,8.579187509413646
2015-05-19,8.715317962483407
2015-05-20,8.866237566263932
2015-05-21,9.120146452574712
2015-05-22,9.16685164852621
2015-05-25,9.313847308576715
2015-05-26,9.609210500761149
2015-05-27,9.756105468616044
2015-05-28,9.364530561048909
2015-05-29,9.443313363679765
2015-06-01,9.72366664156819
2015-06-02,9.86803428710346
2015-06-03,9.871326485817818
2015-06-04,9.921151979343362
2015-06-05,10.183235914437097
2015-06-08,10.29096923329401
2015-06-09,10.226021634027335
2015-06-10,10.346165563217495
2015-06-11,10.485709561284239
2015-06-12,10.621098719343825
2015-06-15,10.4837944153071
2015-06-16,10.213708423985432
2015-06-17,10.377654093304262
2015-06-18,10.187928842001822
2015-06-19,9.685317569152392
2015-06-23,9.774853455124846
2015-06-24,9.95081098345369
2015-06-25,9.671832343351003
2015-06-26,9.116393531670967
2015-06-29,8.807328393521264
2015-06-30,9.206726638247558
2015-07-01,8.974475257366512
2015-07-02,8.686961861822065
2015-07-03,8.34926020809513
2015-07-06,8.278011267714557
2015-07-07,7.820222395168004
2015-07-08,7.641700457658133
2015-07-09,8.064520421279473
2015-07-10,8.510678635152367
2015-07-13,8.977239274006447
2015-07-14,9.067846646250375
2015-07-15,8.661127450328573
2015-07-16,8.771191118731295
2015-07-17,9.109904677198351
2015-07-20,9.194481783578206
2015-07-21,9.281329142510463
2015-07-22,9.306982371728694
2015-07-23,9.489287708514004
2015-07-24,9.403270639813655
2015-07-27,8.916118086234352
2015-07-28,8.816204863566293
2015-07-29,9.122701876617484
2015-07-30,8.962558546611884
2015-07-31,8.858209733862056
2015-08-03,8.686687664137635
2015-08-04,8.995067984432376
2015-08-05,8.996180584720053
2015-08-06,8.98818042498216
2015-08-07,9.149780729549741
2015-08-10,9.380862137720488
2015-08-11,9.396422027510193
2015-08-12,9.280516758465106
2015-08-13,9.447187096234746
2015-08-14,9.437973572862358
2015-08-17,9.490061517031469
2015-08-18,9.144148177063924
2015-08-19,9.344433643354995
2015-08-20,9.138656908172218
2015-08-21,8.87567181238159
2015-08-24,8.452612313631684
2015-08-25,8.064557641343105
2015-08-26,7.895278262476105
2015-08-27,8.131482904081567
2015-08-28,8.424592068925335
2015-08-31,8.303668967039762
2015-09-01,8.132881696827178
2015-09-02,8.10259742172899
2015-09-07,8.121685538776562
2015-09-08,8.244346422133443
2015-09-09,8.327372012527825
2015-09-10,8.278349426531376
2015-09-11,8.300651172757378
2015-09-14,8.136088890800602
2015-09-15,8.012554515742865
2015-09-16,8.197602941689764
2015-09-17,8.146554032983405
2015-09-18,8.182826901989491
2015-09-21,8.285470761158344
2015-09-22,8.307567931681806
2015-09-23,8.300093904366086
2015-09-24,8.341975210171238
2015-09-25,8.26565143882469
2015-09-28,8.345957784374102
2015-09-29,8.31978577128536
2015-09-30,8.338704072861113
2015-10-08,8.438423424320987
2015-10-09,8.4692165255295
2015-10-12,8.567598140316598
2015-10-13,8.602651295288563
2015-10-14,8.570643513197751
2015-10-15,8.630162999073175
2015-10-16,8.642830836707725
2015-10-19,8.654241167792604
2015-10-20,8.70911616383118
2015-10-21,8.573901870343018
2015-10-22,8.677515965395148
2015-10-23,8.746833839401518
2015-10-26,8.759781023918737
2015-10-27,8.760264035638631
2015-10-28,8.704456264106403
2015-10-29,8.719259016295078
2015-10-30,8.740834078917368
2015-11-02,8.68756325502798
2015-11-03,8.674064590276636
2015-11-04,8.840336481321945
2015-11-05,8.816404563614773
2015-11-06,8.921454006421149
2015-11-09,8.98174591952541
2015-11-10,8.968194232890975
2015-11-11,9.068298745481046
2015-11-12,9.079960326323302
2015-11-13,8.978738887110982
2015-11-16,9.046100810896627
2015-11-17,9.029921376717013
2015-11-18,8.95729884581465
2015-11-19,9.069933253313785
2015-11-20,9.115606022642313
2015-11-23,9.060538567121215
2015-11-24,9.1675782013922
2015-11-25,9.239081431472691
2015-11-26,9.206907355611914
2015-11-27,9.001411020913855
2015-11-30,9.098830418542729
2015-12-01,9.11575049705751
2015-12-02,9.112555345581242
2015-12-03,9.179851420943123
2015-12-04,9.146815684949056
2015-12-07,9.18011470638603
2015-12-08,9.130721321985293
2015-12-09,9.103649284536946
2015-12-10,9.078259175960998
2015-12-11,9.057179517931868
2015-12-14,9.128291788869296
2015-12-15,9.140285292847965
2015-12-16,9.145027942541882
2015-12-17,9.22699679480084
2015-12-18,9.191838405807403
2015-12-21,9.243503730547138
2015-12-22,9.265993236022188
2015-12-23,9.237802942386223
2015-12-24,9.227241642486412
2015-12-25,9.248764201198142
2015-12-28,9.193539256924604
2015-12-29,9.235034147021686
2015-12-30,9.261196320817124
2015-12-31,9.212068558883377
2016-01-04,8.82758175758227
2016-01-05,8.830605283748996
2016-01-06,8.910373187937406
2016-01-07,8.507855539054912
2016-01-08,8.581296438393077
2016-01-11,8.308066398032317
2016-01-12,8.337994648002084
2016-01-13,8.2424992942403
2016-01-14,8.428460123277903
2016-01-15,8.294136558367454
2016-01-18,8.34250680053618
2016-01-19,8.486528272019427
2016-01-20,8.422433281941325
2016-01-21,8.243907791976193
2016-01-22,8.285877624327638
2016-01-25,8.330474415126687
2016-01-26,8.004724180487322
2016-01-27,7.98579003546752
2016-01-28,7.836084649138986
2016-01-29,7.990204600168548
2016-02-01,7.976158459866282
2016-02-02,8.058576808296714
2016-02-03,8.078638469220243
2016-02-04,8.124445696526319
2016-02-05,8.098766449707757
2016-02-15,8.093574841792716
2016-02-16,8.183917365007048
2016-02-17,8.203335272817055
2016-02-18,8.198171014379797
2016-02-19,8.208650643448786
2016-02-22,8.249284471082918
2016-02-23,8.225724510635354
2016-02-24,8.217649037746964
2016-02-25,8.045356842147529
2016-02-26,8.040631361700704
2016-02-29,7.912542611100842
2016-03-01,7.947003971315603
2016-03-02,8.04793894002949
2016-03-03,8.043264236877755
2016-03-04,7.957748806984707
2016-03-07,7.998604154986931
2016-03-08,8.017722960959947
2016-03-09,7.979054398438656
2016-03-10,7.9481469619799805
2016-03-11,7.944373596927252
2016-03-14,8.016850142691318
2016-03-15,8.013196713219939
2016-03-16,7.988415328529802
2016-03-17,8.06653564106529
2016-03-18,8.144807313797111
2016-03-21,8.196232191059648
2016-03-22,8.195548541962
2016-03-23,8.220470519441324
2016-03-24,8.212954816145468
2016-03-25,8.220560460738959
2016-03-28,8.203837674729016
2016-03-29,8.153454942850903
2016-03-30,8.242529027446214
2016-03-31,8.262667910480353
2016-04-01,8.265208226174048
2016-04-05,8.312680063493502
2016-04-06,8.331392442151545
2016-04-07,8.301322243194795
2016-04-08,8.292678376778342
2016-04-11,8.358527319605212
2016-04-12,8.349511612536546
2016-04-13,8.374963681632167
2016-04-14,8.394775521976085
2016-04-15,8.381935816309328
2016-04-18,8.342137919561571
2016-04-19,8.351334897105096
2016-04-20,8.258365266562452
2016-04-21,8.230808653367736
2016-04-22,8.254419344477371
2016-04-25,8.243085140607946
2016-04-26,8.284430514244915
2016-04-27,8.284056357945481
2016-04-28,8.27071594699483
2016-04-29,8.273138002480717
2016-05-03,8.35369760654707
2016-05-04,8.353669545796903
2016-05-05,8.362716696019246
2016-05-06,8.254596445619063
2016-05-09,8.169601726291756
2016-05-10,8.175560333260066
2016-05-11,8.172778938313266
2016-05-12,8.183605131220924
2016-05-13,8.18567033196585
2016-05-16,8.230391585867451
2016-05-17,8.212792595746922
2016-05-18,8.146276895590159
2016-05-19,8.14024652554945
2016-05-20,8.174702584778943
2016-05-23,8.211124880499364
2016-05-24,8.184314113505454
2016-05-25,8.185287135229123
2016-05-26,8.183702384181249
2016-05-27,8.189385075547522
2016-05-30,8.185930536467794
2016-05-31,8.306606810687073
2016-06-01,8.311139358365136
2016-06-02,8.342100963462778
2016-06-03,8.372343833064114
2016-06-06,8.404627515091319
2016-06-07,8.426484334587162
2016-06-08,8.409377203746175
2016-06-13,8.273008518000085
2016-06-14,8.289174848101661
2016-06-15,8.406321809875935
2016-06-16,8.389738857208805
2016-06-17,8.414196610407366
2016-06-20,8.469887641877929
2016-06-21,8.42563912791889
2016-06-22,8.480900289061173
2016-06-23,8.456536436823997
2016-06-24,8.438928059619734
2016-06-27,8.51548234386676
2016-06-28,8.539957669975099
2016-06-29,8.551755767466314
2016-06-30,8.529033095473382
2016-07-01,8.51862076561899
2016-07-04,8.62941889631294
2016-07-05,8.660202073691035
2016-07-06,8.682662915676218
2016-07-07,8.676784187940504
2016-07-08,8.646213384488801
2016-07-11,8.607029388398386
2016-07-12,8.678719542665174
2016-07-13,8.707803519046903
2016-07-14,8.708561378113135
2016-07-15,8.700871639477654
2016-07-18,8.674512462354473
2016-07-19,8.700607530278312
2016-07-20,8.6875456355147
2016-07-21,8.65799050018108
2016-07-22,8.604051581450193
2016-07-25,8.591810177365504
2016-07-26,8.667499934406116
2016-07-27,8.457076300891284
2016-07-28,8.490028860992751
2016-07-29,8.508593424082397
2016-08-01,8.422637226560505
2016-08-02,8.463890621215986
2016-08-03,8.498352297749799
2016-08-04,8.52759786692893
2016-08-05,8.484157726632903
2016-08-08,8.577575295242632
2016-08-09,8.614955145903144
2016-08-10,8.57665439385039
2016-08-11,8.485769082269492
2016-08-12,8.548808706151338
2016-08-15,8.686296220639617
2016-08-16,8.727438174709725
2016-08-17,8.763035672604506
2016-08-18,8.735130500643857
2016-08-19,8.733904672472208
2016-08-22,8.637802813197423
2016-08-23,8.631025049766896
2016-08-24,8.645461203764258
2016-08-25,8.599301449624322
2016-08-26,8.597161341555289
2016-08-29,8.621602456540103
2016-08-30,8.639315851930515
2016-08-31,8.625499370766063
2016-09-01,8.57326128144595
2016-09-02,8.578081671587556
2016-09-05,8.605838706932758
2016-09-06,8.758298905722985
2016-09-07,8.750437505778342
2016-09-08,8.802334293682344
2016-09-09,8.755257523697207
2016-09-12,8.541265445093124
2016-09-13,8.588653557250876
2016-09-14,8.545890841166118
2016-09-19,8.625597159391367
2016-09-20,8.6018260085727
2016-09-21,8.626802063228297
2016-09-22,8.65836312602111
2016-09-23,8.6268417951443
2016-09-26,8.483902293484952
2016-09-27,8.561191688359212
2016-09-28,8.58224930053539
2016-09-29,8.596751815368448
2016-09-30,8.617539768674217
2016-10-10,8.753379401979991
2016-10-11,8.759411566851206
2016-10-12,8.803698549517945
2016-10-13,8.803175080914174
2016-10-14,8.795212097488177
2016-10-17,8.712170544266248
2016-10-18,8.841213073328362
2016-10-19,8.800452916001722
2016-10-20,8.821600647124312
2016-10-21,8.749160345241798
2016-10-24,8.791214189222368
2016-10-25,8.810115676491538
2016-10-26,8.772255298691405
2016-10-27,8.783387668410032
2016-10-28,8.710560332648491
2016-10-31,8.727108004367626
2016-11-01,8.835391265842775
2016-11-02,8.846713641214757
2016-11-03,8.875765890841107
2016-11-04,8.883473229221169
2016-11-07,8.849634682901204
2016-11-08,8.884458434140623
2016-11-09,8.805292532078624
2016-11-10,9.004125911760347
2016-11-11,9.077588285920541
2016-11-14,9.098057721219782
2016-11-15,9.11296935771112
2016-11-16,9.127861472167963
2016-11-17,9.058302379213945
2016-11-18,9.052572490438639
2016-11-21,9.107194976047566
2016-11-22,9.195892766243325
2016-11-23,9.088676492643199
2016-11-24,9.004802969633726
2016-11-25,8.983317739545894
2016-11-28,8.956192798099808
2016-11-29,8.912275100096034
2016-11-30,8.934863653123776
2016-12-01,8.977575726830922
2016-12-02,8.833755126266134
2016-12-05,8.851757500725093
2016-12-06,8.855007807837206
2016-12-07,8.96499238931857
2016-12-08,8.966991738835972
2016-12-09,8.925868536666572
2016-12-12,8.475242945989194
2016-12-13,8.499079914753274
2016-12-14,8.398577817344943
2016-12-15,8.469309675647594
2016-12-16,8.586626294631435
2016-12-19,8.609339413367449
2016-12-20,8.56192320043918
2016-12-21,8.624731181612391
2016-12-22,8.600185887851149
2016-12-23,8.489576702366163
2016-12-26,8.549995507921139
2016-12-27,8.552205320440267
2016-12-28,8.536990001574036
2016-12-29,8.479834857235556
2016-12-30,8.513636949236409
2017-01-03,8.546421848991123
2017-01-04,8.61332670986929
2017-01-05,8.594220102853642
2017-01-06,8.562881412535177
2017-01-09,8.587076438811954
2017-01-10,8.56778661799364
2017-01-11,8.516333195526903
2017-01-12,8.457324752448754
2017-01-13,8.35669750120391
2017-01-16,8.172830259493617
2017-01-17,8.234889579255205
2017-01-18,8.212907410059382
2017-01-19,8.189482707030669
2017-01-20,8.281325624043134
2017-01-23,8.35862738976839
2017-01-24,8.352716409292158
2017-01-25,8.371346618112524
2017-01-26,8.399255444847366
2017-02-03,8.3819645727189
2017-02-06,8.439004328801591
2017-02-07,8.421442328718454
2017-02-08,8.455585654426676
2017-02-09,8.535995973609822
2017-02-10,8.509004859554851
2017-02-13,8.571783633431139
2017-02-14,8.560102825180275
2017-02-15,8.53111068569558
2017-02-16,8.580993349899268
2017-02-17,8.55338052070824
2017-02-20,8.65683244132364
2017-02-21,8.710354999333976
2017-02-22,8.731192671490767
2017-02-23,8.749985607218607
2017-02-24,8.757967360263805
2017-02-27,8.684614105729299
2017-02-28,8.71878734049301
2017-03-01,8.759471038964627
2017-03-02,8.735767743873444
2017-03-03,8.80218688507681
2017-03-06,8.890803229905611
2017-03-07,8.891526025502706
2017-03-08,8.82037365524083
2017-03-09,8.81792540753704
2017-03-10,8.880228893166878
2017-03-13,8.925258869071845
2017-03-14,8.917518213612084
2017-03-15,8.93623460094908
2017-03-16,9.014953091456432
2017-03-17,8.954972958421024
2017-03-20,8.99713139239234
2017-03-21,9.009562522543352
2017-03-22,9.014269284402273
2017-03-23,9.015871232962755
2017-03-24,9.020214156248615
2017-03-27,9.031199059146429
2017-03-28,8.977832779238886
2017-03-29,8.874827799839743
2017-03-30,8.724692597932833
2017-03-31,8.779887590766107
2017-04-05,8.916479475322303
2017-04-06,8.964221015285462
2017-04-07,8.954027521348069
2017-04-10,8.800397938106949
2017-04-11,8.835259055464123
2017-04-12,8.82763487220709
2017-04-13,8.871275666319217
2017-04-14,8.784576716099217
2017-04-17,8.72108426902224
2017-04-18,8.732371434086943
2017-04-19,8.737345104058148
2017-04-20,8.76045601820438
2017-04-21,8.742147240678227
2017-04-24,8.577274391776784
2017-04-25,8.580010056827765
2017-04-26,8.593998798687135
2017-04-27,8.608540914058537
2017-04-28,8.65111546213972
2017-05-02,8.61252853142706
2017-05-03,8.607931715287028
2017-05-04,8.611872991974382
2017-05-05,8.579166507994783
2017-05-08,8.528029214318927
2017-05-09,8.54585222751251
2017-05-10,8.471000412239311
2017-05-11,8.455161971490046
2017-05-12,8.44905765858295
2017-05-15,8.456577637500052
2017-05-16,8.539408552910652
2017-05-17,8.542014092103136
2017-05-18,8.528433403059745
2017-05-19,8.510720800023172
2017-05-22,8.446864345079113
2017-05-23,8.3611496607984
2017-05-24,8.377605249035549
2017-05-25,8.401487685266753
2017-05-26,8.420164260813179
2017-05-31,8.424366172023724
2017-06-01,8.36505426530875
2017-06-02,8.364357643933745
2017-06-05,8.39376148511649
2017-06-06,8.423398711251693
2017-06-07,8.504449720680345
2017-06-08,8.508197851734854
2017-06-09,8.507090917472851
2017-06-12,8.465611039524962
2017-06-13,8.512713905675383
2017-06-14,8.512447426214404
2017-06-15,8.53844035493198
2017-06-16,8.535412474372981
2017-06-19,8.536623897841197
2017-06-20,8.546413798554681
2017-06-21,8.571461049998367
2017-06-22,8.533209932158325
2017-06-23,8.55004767105202
2017-06-26,8.627211753645149
2017-06-27,8.634632092632081
2017-06-28,8.631677470854266
2017-06-29,8.647356039720021
2017-06-30,8.670783552979673
2017-07-03,8.697913890074181
2017-07-04,8.674573423558229
2017-07-05,8.694900353335484
2017-07-06,8.68864699546709
2017-07-07,8.706438466261218
2017-07-10,8.684872556602269
2017-07-11,8.635346123035518
2017-07-12,8.666800699340333
2017-07-13,8.676901614178448
2017-07-14,8.662354429621637
2017-07-17,8.508319586141866
2017-07-18,8.544665107534767
2017-07-19,8.585135702300366
2017-07-20,8.591450998045502
2017-07-21,8.593026856227164
2017-07-24,8.589715162342413
2017-07-25,8.589003778835593
2017-07-26,8.580726987526914
2017-07-27,8.634447748740227
2017-07-28,8.644563792211464
2017-07-31,8.711708116519889
2017-08-01,8.711861434688611
2017-08-02,8.678113507613089
2017-08-03,8.678604891738969
2017-08-04,8.62201706098901
2017-08-07,8.656836706053637
2017-08-08,8.70019936131765
2017-08-09,8.735765372713834
2017-08-10,8.689024472361849
2017-08-11,8.648943749955665
2017-08-14,8.738372502038688
2017-08-15,8.751472424270885
2017-08-16,8.776079122084267
2017-08-17,8.78386726953914
2017-08-18,8.771607321798024
2017-08-21,8.78586033057817
2017-08-22,8.789452644206186
2017-08-23,8.762181311707312
2017-08-24,8.754091888447551
2017-08-25,8.79963851804775
2017-08-28,8.866156530521055
2017-08-29,8.843306686801283
2017-08-30,8.851524559493264
2017-08-31,8.919712901910842
2017-09-01,8.942202790617996
2017-09-04,8.988144880249852
2017-09-05,9.032303516317421
2017-09-06,9.060971126731918
2017-09-07,9.015862345549287
2017-09-08,9.067502284841039
2017-09-11,9.214513203134938
2017-09-12,9.11743017795164
2017-09-13,9.16792567597489
2017-09-14,9.149515813682637
2017-09-15,9.151718346454658
2017-09-18,9.183195338763937
2017-09-19,9.110596796501628
2017-09-20,9.167818926558361
2017-09-21,9.080557405078832
2017-09-22,9.028040917902667
2017-09-25,8.973127892393158
2017-09-26,8.973005393809808
2017-09-27,9.051520398007368
2017-09-28,9.041954795915487
2017-09-29,9.12372008438319
2017-10-09,9.171031864009633
2017-10-10,9.25333126749705
2017-10-11,9.222529867077894
2017-10-12,9.179224540670992
2017-10-13,9.264119368519493
2017-10-16,9.135478031812406
2017-10-17,9.125339491727043
2017-10-18,9.023470802826543
2017-10-19,8.988886345506026
2017-10-20,9.089104289307949
2017-10-23,9.145963540563134
2017-10-24,9.118545730861921
2017-10-25,9.22809029990679
2017-10-26,9.217640748279031
2017-10-27,9.180337007842693
2017-10-30,8.937111451188638
2017-10-31,9.035303334016133
2017-11-01,9.063378941279113
2017-11-02,8.94253947800125
2017-11-03,8.904477749002485
2017-11-06,8.967289989741179
2017-11-07,8.990693826621849
2017-11-08,9.016642841446284
2017-11-09,9.052562922987912
2017-11-10,9.083291835203417
2017-11-13,9.124496286557214
2017-11-14,9.039236731722777
2017-11-15,8.95761487740532
2017-11-16,8.915241608241475
2017-11-17,8.595265177273236
2017-11-20,8.628828936268594
2017-11-21,8.656092830705834
2017-11-22,8.626266569719347
2017-11-23,8.470570091830437
2017-11-24,8.494095329927658
2017-11-27,8.348798598941416
2017-11-28,8.41330343114804
2017-11-29,8.410459398349328
2017-11-30,8.377547271239882
2017-12-01,8.429031089137322
2017-12-04,8.340968897140796
2017-12-05,8.208032808160029
2017-12-06,8.267774635308
2017-12-07,8.251585939434522
2017-12-08,8.334686717994538
2017-12-11,8.400783426806806
2017-12-12,8.33668795077093
2017-12-13,8.362102722503433
2017-12-14,8.348041574467082
2017-12-15,8.321707702958522
2017-12-18,8.277868188888638
2017-12-19,8.309002146912256
2017-12-20,8.250935889028552
2017-12-21,8.256405159838195
2017-12-22,8.265861857344316
2017-12-25,8.177803072836712
2017-12-26,8.213142029332513
2017-12-27,8.197509354248227
2017-12-28,8.211305310368353
2017-12-29,8.258338516072106
2018-01-02,8.308738084579002
2018-01-03,8.346970173123353
2018-01-04,8.333309077921083
2018-01-05,8.345514200754272
2018-01-08,8.35920356855382
2018-01-09,8.361018602504489
2018-01-10,8.329698450417203
2018-01-11,8.346958243363646
2018-01-12,8.337678924701951
2018-01-15,8.235030743854237
2018-01-16,8.270311558578125
2018-01-17,8.283533247519633
2018-01-18,8.28322170824883
2018-01-19,8.276618457556372
2018-01-22,8.331216355698691
2018-01-23,8.332262180676812
2018-01-24,8.360198191596416
2018-01-25,8.346293076746765
2018-01-26,8.34061878952477
2018-01-29,8.280499755313548
2018-01-30,8.289749993887845
2018-01-31,8.222312337028029
2018-02-01,8.077941419101426
2018-02-02,8.04457216465853
2018-02-05,8.010871249984895
2018-02-06,7.8538852089734945
2018-02-07,7.913938235188919
2018-02-08,7.988551781604802
2018-02-09,7.934348742049711
2018-02-12,8.064771061154591
2018-02-13,8.037650196043817
2018-02-14,8.044009487477096
2018-02-22,8.13581292123267
2018-02-23,8.149232395408333
2018-02-26,8.278458074398177
2018-02-27,8.318661986090111
2018-02-28,8.312988600278905
2018-03-01,8.350450718323422
2018-03-02,8.327235024665688
2018-03-05,8.34772209079765
2018-03-06,8.371488200768756
2018-03-07,8.346472727248223
2018-03-08,8.424727561674501
2018-03-09,8.491866709302426
2018-03-12,8.536943885675225
2018-03-13,8.51172092461974
2018-03-14,8.485041723246777
2018-03-15,8.427226016986873
2018-03-16,8.447319832746745
2018-03-19,8.483236331315036
2018-03-20,8.486756371966992
2018-03-21,8.480653286010932
2018-03-22,8.521629210334556
2018-03-23,8.387180302930833
2018-03-26,8.443680912610544
2018-03-27,8.53770359132888
2018-03-28,8.519810804374668
2018-03-29,8.56178235525938
2018-03-30,8.618968597370003
2018-04-02,8.628686997860093
2018-04-03,8.609528591111882
2018-04-04,8.604957209935101
2018-04-09,8.61770013151905
2018-04-10,8.638326538765652
2018-04-11,8.673450777571572
2018-04-12,8.699413438627401
2018-04-13,8.695166560291153
2018-04-16,8.667873510914754
2018-04-17,8.5634859970163
2018-04-18,8.603247647958723
2018-04-19,8.587416866245883
2018-04-20,8.516825132699223
2018-04-23,8.521694915740374
2018-04-24,8.624861391675175
2018-04-25,8.640569465712844
2018-04-26,8.573721709848625
2018-04-27,8.580256837931561
2018-05-02,8.574177584304625
2018-05-03,8.603255306411848
2018-05-04,8.613425680807673
2018-05-07,8.657050776592394
2018-05-08,8.6592142182876
2018-05-09,8.682273104689848
2018-05-10,8.706035765702056
2018-05-11,8.656492748480062
2018-05-14,8.632296282766722
2018-05-15,8.672135674094092
2018-05-16,8.65625672785419
2018-05-17,8.659799931666958
2018-05-18,8.660950398848174
2018-05-21,8.697073380058518
2018-05-22,8.716749035112521
2018-05-23,8.70708647299759
2018-05-24,8.700848628872789
2018-05-25,8.676950635704072
2018-05-28,8.674909216787952
2018-05-29,8.662535222041779
2018-05-30,8.575336254644759
2018-05-31,8.646074142044405
2018-06-01,8.6536382880282
2018-06-04,8.658156024355506
2018-06-05,8.687293706519412
2018-06-06,8.696165463969706
2018-06-07,8.676345809386588
2018-06-08,8.655077442253148
2018-06-11,8.64890542612989
2018-06-12,8.685999093114981
2018-06-13,8.645653958161063
2018-06-14,8.641825029292367
2018-06-15,8.602865115743162
2018-06-19,8.455583487220842
2018-06-20,8.505908107432207
2018-06-21,8.480227280459138
2018-06-22,8.507695220753446
2018-06-25,8.510377894358145
2018-06-26,8.509007918156971
2018-06-27,8.470685808633046
2018-06-28,8.449318877452894
2018-06-29,8.51551665367513
2018-07-02,8.481692055900211
2018-07-03,8.517200704845893
2018-07-04,8.47361122572421
2018-07-05,8.42857632997765
2018-07-06,8.435168026441016
2018-07-09,8.488932177024184
2018-07-10,8.521017362875448
2018-07-11,8.467989178443238
2018-07-12,8.526857647684125
2018-07-13,8.53837784933204
2018-07-16,8.548570960687414
2018-07-17,8.555574983144425
2018-07-18,8.558523439590074
2018-07-19,8.551057360217323
2018-07-20,8.562222043074497
2018-07-23,8.590051387463676
2018-07-24,8.622529343598204
2018-07-25,8.61666349801741
2018-07-26,8.594045507462768
2018-07-27,8.594651742031061
2018-07-30,8.555147262084924
2018-07-31,8.560214887640885
2018-08-01,8.533623449018153
2018-08-02,8.466410121494377
2018-08-03,8.436002161844039
2018-08-06,8.397577643872486
2018-08-07,8.453481228958077
2018-08-08,8.415110974976571
2018-08-09,8.463615832348523
2018-08-10,8.473263459366827
2018-08-13,8.48693794801256
2018-08-14,8.475099256593335
2018-08-15,8.438352938169462
2018-08-16,8.430907746353931
2018-08-17,8.405196698519704
2018-08-20,8.423305265128754
2018-08-21,8.443403640702195
2018-08-22,8.412460978622486
2018-08-23,8.43082997228043
2018-08-24,8.42648464925136
2018-08-27,8.466202994002677
2018-08-28,8.468354826032853
2018-08-29,8.456743918696555
2018-08-30,8.424832110526623
2018-08-31,8.402757049234886
2018-09-03,8.38955565649324
2018-09-04,8.419850605664987
2018-09-05,8.394454318849924
2018-09-06,8.386133455860849
2018-09-07,8.386192305275792
2018-09-10,8.348331328423312
2018-09-11,8.347474599385205
2018-09-12,8.34396483028526
2018-09-13,8.35811646110999
2018-09-14,8.325971888761151
2018-09-17,8.28900893982341
2018-09-18,8.301743482087206
2018-09-19,8.315674197390978
2018-09-20,8.297808304986985
2018-09-21,8.322383347391787
2018-09-25,8.320541510453209
2018-09-26,8.347675466160503
2018-09-27,8.318716566671567
2018-09-28,8.3330670549554
2018-10-08,8.26513268242631
2018-10-09,8.2578918083971
2018-10-10,8.26376542756662
2018-10-11,8.138217423756888
2018-10-12,8.15000091114369
2018-10-15,8.143380317712767
2018-10-16,8.112723959157147
2018-10-17,8.10510504055357
2018-10-18,8.070490354661567
2018-10-19,8.117170363246894
2018-10-22,8.204404141853109
2018-10-23,8.17235336582836
2018-10-24,8.162803438975443
2018-10-25,8.153997242740969
2018-10-26,8.149990032641599
2018-10-29,8.135845115286491
2018-10-30,8.166820706831176
2018-10-31,8.196125222707026
2018-11-01,8.185903094836188
2018-11-02,8.235681707125455
2018-11-05,8.235799224041076
2018-11-06,8.235830951770374
2018-11-07,8.223151412378087
2018-11-08,8.220119941263636
2018-11-09,8.22488562963555
2018-11-12,8.266715829639226
2018-11-13,8.295399449838364
2018-11-14,8.30699710902534
2018-11-15,8.359264748406336
2018-11-16,8.370818663045078
2018-11-19,8.372708795670714
2018-11-20,8.328254062019544
2018-11-21,8.358673093534053
2018-11-22,8.356025634447617
2018-11-23,8.283028195083846
2018-11-26,8.273477190025593
2018-11-27,8.291439931115912
2018-11-28,8.314793660022588
2018-11-29,8.264740899201541
2018-11-30,8.287837340335104
2018-12-03,8.33395222469165
2018-12-04,8.336248655993117
2018-12-05,8.320182434959968
2018-12-06,8.289691531182985
2018-12-07,8.295319149060544
2018-12-10,8.278949570258094
2018-12-11,8.288200566037865
2018-12-12,8.297270978017554
2018-12-13,8.315766657510574
2018-12-14,8.278589833701801
2018-12-17,8.282776942095051
2018-12-18,8.262549293080266
2018-12-19,8.249419013562514
2018-12-20,8.270295941101265
2018-12-21,8.278089501774673
2018-12-24,8.314729928760523
2018-12-25,8.309575001541383
2018-12-26,8.29348991003153
2018-12-27,8.272632470609247
2018-12-28,8.253040806959396
2019-01-02,8.249243981751716
2019-01-03,8.224481388711805
2019-01-04,8.261653985739047
2019-01-07,8.298773596379034
2019-01-08,8.28704948548445
2019-01-09,8.28876401532199
2019-01-10,8.288035682381844
2019-01-11,8.31725077538161
2019-01-14,8.321162753140715
2019-01-15,8.334571663183185
2019-01-16,8.328882926245969
2019-01-17,8.314880900996553
2019-01-18,8.32486768941034
2019-01-21,8.353809091256279
2019-01-22,8.352639933376587
2019-01-23,8.356984160954918
2019-01-24,8.357735062852484
2019-01-25,8.341935492962609
2019-01-28,8.333202391182883
2019-01-29,8.311338974824599
2019-01-30,8.288657262114793
2019-01-31,8.246752346524902
2019-02-01,8.287579413873507
2019-02-11,8.327290561184988
2019-02-12,8.346517433138281
2019-02-13,8.370479911757187
2019-02-14,8.37024633689081
2019-02-15,8.370740391268727
2019-02-18,8.415108188119735
2019-02-19,8.409057047426456
2019-02-20,8.412200597735575
2019-02-21,8.410201759180213
2019-02-22,8.44418242843365
2019-02-25,8.512206057176597
2019-02-26,8.519072409857474
2019-02-27,8.531489597011939
2019-02-28,8.627718296236583
2019-03-01,8.61894291450322
2019-03-04,8.695960465245568
2019-03-05,8.755246756715565
2019-03-06,8.870526037306151
2019-03-07,8.946581089238682
2019-03-08,8.768497539746008
2019-03-11,8.937830488839282
2019-03-12,9.009685984775297
2019-03-13,8.920247133961789
2019-03-14,8.819589344305474
2019-03-15,8.900522975821186
2019-03-18,9.012441754058814
2019-03-19,9.048016025140388
2019-03-20,9.055304456873285
2019-03-21,9.096441498845127
2019-03-22,9.113224917072083
2019-03-25,9.129703079371707
2019-03-26,9.04251445763914
2019-03-27,9.11101993550791
2019-03-28,9.069201993362292
2019-03-29,9.156719192929044
2019-04-01,9.300334524624134
2019-04-02,9.341233693789043
2019-04-03,9.401149987592776
2019-04-04,9.440816395622376
2019-04-08,9.371566223676902
2019-04-09,9.374656935186279
2019-04-10,9.405315358053757
2019-04-11,9.282949366037066
2019-04-12,9.260615364863444
2019-04-15,9.22220672104817
2019-04-16,9.307857886146175
2019-04-17,9.37311390559175
2019-04-18,9.325731578274985
2019-04-19,9.38343084620046
2019-04-22,9.305622367000087
2019-04-23,9.239516984601234
2019-04-24,9.334275775322054
2019-04-25,9.16188020514785
2019-04-26,9.119403118153837
2019-04-29,8.999604695462667
2019-04-30,9.069259938281117
2019-05-06,8.653401189237421
2019-05-07,8.729874909780568
2019-05-08,8.749042697360807
2019-05-09,8.715832032898529
2019-05-10,8.915367841987429
2019-05-13,8.875206672196212
2019-05-14,8.839559278174498
2019-05-15,8.916156889123112
2019-05-16,8.93848246162829
2019-05-17,8.750700673590657
2019-05-20,8.73675843320114
2019-05-21,8.799076397361404
2019-05-22,8.751102404015036
2019-05-23,8.609777481978265
2019-05-24,8.571484627939602
2019-05-27,8.712140761245715
2019-05-28,8.678571170511551
2019-05-29,8.70009522684573
2019-05-30,8.670109264438443
2019-05-31,8.720794397841447
2019-06-03,8.762853100475292
2019-06-04,8.72244622700288
2019-06-05,8.73436995878894
2019-06-06,8.55363765413467
2019-06-10,8.633137330327468
2019-06-11,8.838099283053879
2019-06-12,8.817671483097474
2019-06-13,8.853271991736522
2019-06-14,8.716147787333979
2019-06-17,8.742453657533677
2019-06-18,8.738609229192042
2019-06-19,8.822603437217087
2019-06-20,8.9641622176807
2019-06-21,9.070166868803426
2019-06-24,9.04134640785265
2019-06-25,8.964116638800487
2019-06-26,9.052329811826972
2019-06-27,9.138966171893747
2019-06-28,9.142151547277354
2019-07-01,9.307523180070074
2019-07-02,9.359011857682647
2019-07-03,9.298564639755595
2019-07-04,9.329999583561264
2019-07-05,9.363531630903417
2019-07-08,9.145435017662916
2019-07-09,9.157573890327594
2019-07-10,9.136021525602866
2019-07-11,9.103451048825843
2019-07-12,9.126217110787167
2019-07-15,9.203708237846826
2019-07-16,9.169166223032029
2019-07-17,9.169810548432656
2019-07-18,9.024143371186566
2019-07-19,9.028276968261606
2019-07-22,8.928769783589226
2019-07-23,8.982348808175308
2019-07-24,9.063599582212648
2019-07-25,9.084476946792622
2019-07-26,9.079832523116842
2019-07-29,9.120673858804267
2019-07-30,9.15053804108076
2019-07-31,9.117257800909849
2019-08-01,9.076038004026222
2019-08-02,8.987000520899759
2019-08-05,8.904861159730308
2019-08-06,8.738220403765045
2019-08-07,8.702129906315418
2019-08-08,8.726064507064814
2019-08-09,8.659119630305515
2019-08-12,8.761687925627902
2019-08-13,8.75226784507659
2019-08-14,8.808254669214774
2019-08-15,8.835210801100192
2019-08-16,8.917460059853637
2019-08-19,9.087679514202952
2019-08-20,9.078727549826313
2019-08-21,9.087189639054237
2019-08-22,9.137049953853735
2019-08-23,9.130022291852203
2019-08-26,9.078724824214612
2019-08-27,9.206709043980862
2019-08-28,9.195093319981979
2019-08-29,9.193790921880346
2019-08-30,9.089945595656108
2019-09-02,9.219813553612198
2019-09-03,9.21766073459314
2019-09-04,9.290592494678998
2019-09-05,9.325977054894155
2019-09-06,9.391464331933685
2019-09-09,9.494637104907188
2019-09-10,9.532763797142463
2019-09-11,9.500393917854971
2019-09-12,9.530520415917783
2019-09-16,9.545608059144078
2019-09-17,9.425421836957836
2019-09-18,9.443923607022048
2019-09-19,9.552443293631955
2019-09-20,9.569318435658277
2019-09-23,9.513645965317469
2019-09-24,9.550758980658484
2019-09-25,9.472901830231413
2019-09-26,9.33041550077291
2019-09-27,9.370132695606614
2019-09-30,9.317408349224916
2019-10-08,9.372189930923293
2019-10-09,9.4507343449682
2019-10-10,9.519238606755152
2019-10-11,9.552538008521807
2019-10-14,9.631072320436598
2019-10-15,9.57504524513262
2019-10-16,9.616174693242478
2019-10-17,9.602646484812766
2019-10-18,9.591799728964896
2019-10-21,9.52690270275502
2019-10-22,9.597542718657776
2019-10-23,9.566399583365083
2019-10-24,9.56084982871192
2019-10-25,9.578200855925731
2019-10-28,9.63937080464449
2019-10-29,9.531458357305306
2019-10-30,9.492778891855073
2019-10-31,9.463556879537778
2019-11-01,9.483870063769293
2019-11-04,9.514034306493189
2019-11-05,9.55511092366816
2019-11-06,9.550579212362027
2019-11-07,9.576494193102945
2019-11-08,9.588762608331736
2019-11-11,9.480286742780967
2019-11-12,9.480823152181815
2019-11-13,9.474993764596448
2019-11-14,9.508819972070436
2019-11-15,9.459774571635077
2019-11-18,9.496584565833507
2019-11-19,9.531068180489756
2019-11-20,9.479502789276406
2019-11-21,9.44365734774835
2019-11-22,9.403868235767794
2019-11-25,9.383655226834929
2019-11-26,9.398609131601035
2019-11-27,9.389860267461966
2019-11-28,9.36707786109617
2019-11-29,9.355769335123949
2019-12-02,9.360295176588602
2019-12-03,9.386882115862141
2019-12-04,9.370845558908417
2019-12-05,9.397527024353392
2019-12-06,9.41188655456826
2019-12-09,9.417092971812693
2019-12-10,9.420152435883589
2019-12-11,9.405419879104972
2019-12-12,9.396230200159497
2019-12-13,9.433286033013015
2019-12-16,9.501852730716488
2019-12-17,9.540071621867712
2019-12-18,9.529813513156173
2019-12-19,9.550334812802225
2019-12-20,9.548088700639175
2019-12-23,9.50828076143306
2019-12-24,9.555439554449919
2019-12-25,9.553704147276193
2019-12-26,9.594956240076005
2019-12-27,9.589532318204585
2019-12-30,9.64307163753287
2019-12-31,9.723104516872102
2020-01-02,9.801706715603588
2020-01-03,9.82711402768706
2020-01-06,9.828973613060796
2020-01-07,9.92345920243026
2020-01-08,9.823751325111573
2020-01-09,9.958038539252819
2020-01-10,9.999149678582219
2020-01-13,10.046444290626544
2020-01-14,10.016603293815233
2020-01-15,9.98783872769235
2020-01-16,10.029433523271779
2020-01-17,10.002225421181432
2020-01-20,10.059428123514712
2020-01-21,9.979745685452402
2020-01-22,9.951324362244328
2020-01-23,9.716697003538565
2020-02-03,8.98973454427174
2020-02-04,9.113940899657923
2020-02-05,9.375235305754215
2020-02-06,9.55002144517721
2020-02-07,9.570402771610317
2020-02-10,9.678292903640962
2020-02-11,9.613746626568503
2020-02-12,9.713647787447382
2020-02-13,9.656833720816039
2020-02-14,9.610073030639917
2020-02-17,9.823596907974355
2020-02-18,9.906941208155766
2020-02-19,9.908309078526345
2020-02-20,10.028829163248938
2020-02-21,10.069226771518734
2020-02-24,10.17078600448265
2020-02-25,10.092367347967953
2020-02-26,9.999810881061725
2020-02-27,10.025192873388454
2020-02-28,9.570998486861553
2020-03-02,9.843161738054905
2020-03-03,9.929939925363671
2020-03-04,10.015146798616824
2020-03-05,10.122018272629333
2020-03-06,10.117285335878693
2020-03-09,9.90721174358494
2020-03-10,10.000408621779872
2020-03-11,9.980528049753469
2020-03-12,9.763293952232251
2020-03-13,9.692729297411603
2020-03-16,9.464162339962094
2020-03-17,9.372411031107504
2020-03-18,9.29428492807587
2020-03-19,9.339921478697368
2020-03-20,9.44203008823826
2020-03-23,9.23730820275985
2020-03-24,9.365755928698881
2020-03-25,9.522465827441312
2020-03-26,9.492786658615657
2020-03-27,9.483734393893961
2020-03-30,9.31615338648947
2020-03-31,9.340335079889714
2020-04-01,9.317524287708345
2020-04-02,9.388869632834599
2020-04-03,9.384670815735896
2020-04-07,9.466545167397003
2020-04-08,9.486253110156287
2020-04-09,9.52663792766835
2020-04-10,9.502737260742323
2020-04-13,9.526264295551952
2020-04-14,9.591561704719087
2020-04-15,9.57800938901447
2020-04-16,9.582290850379957
2020-04-17,9.635473693395568
2020-04-20,9.703069501361078
2020-04-21,9.696654009742387
2020-04-22,9.721981458072053
2020-04-23,9.739876599559457
2020-04-24,9.679963897831097
2020-04-27,9.661965585964555
2020-04-28,9.593213870046341
2020-04-29,9.610783371037298
2020-04-30,9.706379016361625
2020-05-06,9.7684080551476
2020-05-07,9.750608555439602
2020-05-08,9.816252048353402
2020-05-11,9.783687636177117
2020-05-12,9.77903130501084
2020-05-13,9.834655530700687
2020-05-14,9.786998725099599
2020-05-15,9.817742555171307
2020-05-18,9.803757187904193
2020-05-19,9.893008939191889
2020-05-20,9.797024902009284
2020-05-21,9.760594594472206
2020-05-22,9.636110469643562
2020-05-25,9.646254511299043
2020-05-26,9.75317680142342
2020-05-27,9.746588272778826
2020-05-28,9.715713321760049
2020-05-29,9.72721090643616
2020-06-01,9.941857926881436
2020-06-02,10.036063984867473
2020-06-03,10.034561801563939
2020-06-04,10.067492661701023
2020-06-05,10.058786045674417
2020-06-08,10.089932794508586
2020-06-09,10.110863365681986
2020-06-10,10.129679461916066
2020-06-11,10.131571558718134
2020-06-12,10.126827401149031
2020-06-15,10.035713547010245
2020-06-16,10.173613063447316
2020-06-17,10.153487686313333
2020-06-18,10.113982913590405
2020-06-19,10.161053132695184
2020-06-22,10.140366309161642
2020-06-23,10.144508499815089
2020-06-24,10.1537332666571
2020-06-29,10.094147593121184
2020-06-30,10.2040378558826
2020-07-01,10.212013554051493
2020-07-02,10.330660152454891
2020-07-03,10.390721582521563
2020-07-06,10.67921280138039
2020-07-07,10.67238391411483
2020-07-08,10.761835164868643
2020-07-09,11.000223307276551
2020-07-10,10.932551456599283
2020-07-13,11.204534579229863
2020-07-14,11.183070059342974
2020-07-15,11.054483973780034
2020-07-16,10.722556780332004
2020-07-17,10.762778675502142
2020-07-20,11.121722178601383
2020-07-21,11.171767863462303
2020-07-22,11.163819728165311
2020-07-23,11.20930851061584
2020-07-24,10.911009721814818
2020-07-27,10.940595145616918
2020-07-28,11.007590473775235
2020-07-29,11.175440273219216
2020-07-30,11.253639062296712
2020-07-31,11.361010869978022
2020-08-03,11.644372394716243
2020-08-04,11.60549325836251
2020-08-05,11.631749323124529
2020-08-06,11.613444118919608
2020-08-07,11.460584794956386
2020-08-10,11.574015436536392
2020-08-11,11.449453259835357
2020-08-12,11.341554335672125
2020-08-13,11.36230561402075
2020-08-14,11.433017852628456
2020-08-17,11.61824937291801
2020-08-18,11.672499141626128
2020-08-19,11.701690900092451
2020-08-20,11.564908706775432
2020-08-21,11.61203729828564
2020-08-24,11.62639318218741
2020-08-25,11.536641803161615
2020-08-26,11.30409040710246
2020-08-27,11.454217619379296
2020-08-28,11.535073304429915
2020-08-31,11.564113370609542
2020-09-01,11.696981107423625
2020-09-02,11.704070985487359
2020-09-03,11.613065150102786
2020-09-04,11.561219767284536
2020-09-07,11.438032317401172
2020-09-08,11.470180726005138
2020-09-09,11.250122214472428
2020-09-10,11.061727492030498
2020-09-11,11.213002334430783
2020-09-14,11.25331732419906
2020-09-15,11.22665829480267
2020-09-16,11.19884549877052
2020-09-17,11.17753989727534
2020-09-18,11.323474870845173
2020-09-21,11.30653168675874
2020-09-22,11.152618781650492
2020-09-23,11.108126159355932
2020-09-24,10.87912014048736
2020-09-25,10.850614544479965
2020-09-28,10.809145573362906
2020-09-29,10.862751380688326
2020-09-30,10.877308159427654
2020-10-09,11.081373240844245
2020-10-12,11.357397855056785
2020-10-13,11.336928347635833
2020-10-14,11.246427506513754
2020-10-15,11.152394805984681
2020-10-16,11.161871650996929
2020-10-19,11.145718555333472
2020-10-20,11.266602710414418
2020-10-21,11.23111034783654
2020-10-22,11.135140449377275
2020-10-23,10.926446448073563
2020-10-26,10.8627380310215
2020-10-27,10.830260112750182
2020-10-28,10.869144565600125
2020-10-29,10.966761129462293
2020-10-30,10.753019462502188
2020-11-02,10.73827067394188
2020-11-03,10.832049185328902
2020-11-04,10.826730227500473
2020-11-05,11.008182611613769
2020-11-06,10.984027618539534
2020-11-09,11.175480932986078
2020-11-10,11.186180729820148
2020-11-11,11.14600492296623
2020-11-12,11.270131260653951
2020-11-13,11.266830979204984
2020-11-16,11.471841425980315
2020-11-17,11.45882068292097
2020-11-18,11.518554220606015
2020-11-19,11.471910194544249
2020-11-20,11.513028600143553
2020-11-23,11.547252985081315
2020-11-24,11.573165130784801
2020-11-25,11.450629527287862
2020-11-26,11.463565160944869
2020-11-27,11.420739641725593
2020-11-30,11.363983317522585
2020-12-01,11.455223503536038
2020-12-02,11.447845513318162
2020-12-03,11.454813393692492
2020-12-04,11.499452520837464
2020-12-07,11.525290497344173
2020-12-08,11.48861234882239
2020-12-09,11.405152618140649
2020-12-10,11.367109254500532
2020-12-11,11.248930554676845
2020-12-14,11.265988098771242
2020-12-15,11.25421626730783
2020-12-16,11.199879048833587
2020-12-17,11.203495181830576
2020-12-18,11.143761813272414
2020-12-21,11.20628507371992
2020-12-22,10.948066553523944
2020-12-23,10.958708154736978
2020-12-24,10.788724288924897
2020-12-25,10.89558087489665
2020-12-28,10.746492526974158
2020-12-29,10.716150408697327
2020-12-30,10.711095292709981
2020-12-31,10.815126443071621
2021-01-04,10.938605137259577
2021-01-05,10.954990652977935
2021-01-06,10.85782603610355
2021-01-07,10.653296051528832
2021-01-08,10.663454135408807
2021-01-11,10.499102704351746
2021-01-12,10.553775490294619
2021-01-13,10.48226618492991
2021-01-14,10.665690189216393
2021-01-15,10.722197214745332
2021-01-18,10.777989225913151
2021-01-19,10.804981208105692
2021-01-20,10.792807040561069
2021-01-21,10.83449822000696
2021-01-22,10.792950891903084
2021-01-25,10.654731242247706
2021-01-26,10.605238562387283
2021-01-27,10.648647232378186
2021-01-28,10.53776403965744
2021-01-29,10.48042269385249
2021-02-01,10.513202228151304
2021-02-02,10.55978389358838
2021-02-03,10.53454051952021
2021-02-04,10.455269519439499
2021-02-05,10.454028423399736
2021-02-08,10.473782389357936
2021-02-09,10.559077831159632
2021-02-10,10.590864826474387
2021-02-18,10.668951906679641
2021-02-19,10.75266861619131
2021-02-22,10.810460103958683
2021-02-23,10.780952221776245
2021-02-24,10.762008425239442
2021-02-25,10.742402360953733
2021-02-26,10.707357647931023
2021-03-01,10.798666344553927
2021-03-02,10.81328683394112
2021-03-03,10.850449918612489
2021-03-04,10.807434349400749
2021-03-05,10.818238676054486
2021-03-08,10.796410529559164
2021-03-09,10.73117497370771
2021-03-10,10.712140956911398
2021-03-11,10.78631041733762
2021-03-12,10.82918946052942
2021-03-15,10.842530085398389
2021-03-16,10.906822024526011
2021-03-17,10.90608031507373
2021-03-18,10.932899414698094
2021-03-19,10.94209632760244
2021-03-22,11.008636077611179
2021-03-23,11.017572715490331
2021-03-24,10.994385138602645
2021-03-25,10.971189271366777
2021-03-26,11.016147787682659
2021-03-29,11.038671707082669
2021-03-30,11.043838733128156
2021-03-31,11.030407427886324
2021-04-01,11.016824946769834
2021-04-02,11.020659707161592
2021-04-06,11.036258990419672
2021-04-07,11.049126474389029
2021-04-08,11.040839697911426
2021-04-09,11.035528297390279
2021-04-12,10.990645902448698
2021-04-13,10.970412421393034
2021-04-14,10.986006911796121
2021-04-15,10.966044660591901
2021-04-16,10.997957638570687
2021-04-19,11.032646403534265
2021-04-20,11.025470323170218
2021-04-21,10.996692123551833
2021-04-22,11.02471876009954
2021-04-23,11.018114185575024
2021-04-26,10.995174719122783
2021-04-27,10.971892044641049
2021-04-28,10.989440198672748
2021-04-29,10.992575135291148
2021-04-30,10.963455921398134
2021-05-06,10.9227803606891
2021-05-07,10.909197472596567
2021-05-10,10.946573278143013
2021-05-11,10.946198332320797
2021-05-12,10.999676754178886
2021-05-13,10.980731423469253
2021-05-14,11.009882757487171
2021-05-17,11.002076847799025
2021-05-18,10.987309635540672
2021-05-19,10.94450473525548
2021-05-20,10.935349145233143
2021-05-21,10.931014786830456
2021-05-24,10.957103489197278
2021-05-25,10.99890897076672
2021-05-26,11.006545263499962
2021-05-27,11.01811865261855
2021-05-28,10.999443834863728
2021-05-31,11.032089894978329
2021-06-01,11.05879443284028
2021-06-02,11.03126601146874
2021-06-03,11.005917359189473
2021-06-04,11.05007434272802
2021-06-07,11.073848751461519
2021-06-08,11.08738334371046
2021-06-09,11.13929052805799
2021-06-10,11.203836793460365
2021-06-11,11.364653092656006
2021-06-15,11.32201224961001
2021-06-16,11.197288631148634
2021-06-17,11.158054834643382
2021-06-18,11.18562698720292
2021-06-21,11.204946582335753
2021-06-22,11.279351869049094
2021-06-23,11.321722422826422
2021-06-24,11.195727471639639
2021-06-25,11.15702704166693
2021-06-28,11.300930159220542
2021-06-29,11.16263014102838
2021-06-30,11.164057719575455
2021-07-01,11.089598720355493
2021-07-02,11.09075458234186
2021-07-05,11.157299138482655
2021-07-06,11.186977892719991
2021-07-07,11.184466315534383
2021-07-08,11.13500158161778
2021-07-09,11.168283057362535
2021-07-12,11.221393040930687
2021-07-13,11.249063708754957
2021-07-14,11.143448661732213
2021-07-15,10.990850538582732
2021-07-16,10.933099332219616
2021-07-19,10.95535519013128
2021-07-20,10.98053760214761
2021-07-21,11.023866980407728
2021-07-22,11.0299142069764
2021-07-23,10.961675696690461
2021-07-26,10.930933080564154
2021-07-27,10.86200170954944
2021-07-28,10.71755311927608
2021-07-29,10.917924998402446
2021-07-30,11.073860484376596
2021-08-02,11.237115539496733
2021-08-03,11.298996561239697
2021-08-04,11.329728319772938
2021-08-05,11.322561665546132
2021-08-06,11.335494889875337
2021-08-09,11.522794844579849
2021-08-10,11.519461244613497
2021-08-11,11.508726499168123
2021-08-12,11.553985469362397
2021-08-13,11.5714507234357
2021-08-16,11.606063222847009
2021-08-17,11.489033533283415
2021-08-18,11.576934011528879
2021-08-19,11.564448960678456
2021-08-20,11.520151896335978
2021-08-23,11.673857963686514
2021-08-24,11.740110410535436
2021-08-25,11.842015511949246
2021-08-26,11.698588596538224
2021-08-27,11.751492796196711
2021-08-30,11.790418561957203
2021-08-31,11.8985845470536
2021-09-01,11.918964870388969
2021-09-02,11.946474755847737
2021-09-03,12.039807554625567
2021-09-06,12.135321553668629
2021-09-07,12.221068386453943
2021-09-08,12.281532355154956
2021-09-09,12.404379316323586
2021-09-10,12.370727131304688
2021-09-13,12.46773659860223
2021-09-14,12.349219596313226
2021-09-15,12.398049355182213
2021-09-16,12.367268933722286
2021-09-17,12.362042936526485
2021-09-22,12.44327029513564
2021-09-23,12.4787874715701
2021-09-24,12.24986954240892
2021-09-27,11.912710795495535
2021-09-28,11.88988003177453
2021-09-29,11.66637872030202
2021-09-30,11.770708246347137
2021-10-08,11.895183852149136
2021-10-11,11.922288558395334
2021-10-12,11.835028237178538
2021-10-13,11.9430032366106
2021-10-14,11.930752542312009
2021-10-15,11.929662773192593
2021-10-18,11.93945832867123
2021-10-19,11.978983353752062
2021-10-20,11.969291571349189
2021-10-21,11.956825843761337
2021-10-22,11.885455027585989
2021-10-25,12.033247216389213
2021-10-26,11.983972249675846
2021-10-27,11.841214401444224
2021-10-28,11.78022462881233
2021-10-29,11.870644155847067
2021-11-01,12.008506347244829
2021-11-02,11.901417751955456
2021-11-03,11.98505720025121
2021-11-04,12.055079439168983
2021-11-05,12.10303222088115
2021-11-08,12.154686523873615
2021-11-09,12.287510928995596
2021-11-10,12.366351767513427
2021-11-11,12.386777791403302
2021-11-12,12.452500611149302
2021-11-15,12.649272444763277
2021-11-16,12.706586789794175
2021-11-17,12.862807921276882
2021-11-18,12.83606234958521
2021-11-19,12.910279796368744
2021-11-22,13.001028968153367
2021-11-23,13.166718364350698
2021-11-24,13.208597392171216
2021-11-25,13.163845277464965
2021-11-26,13.164213019849912
2021-11-29,13.179558509968523
2021-11-30,13.283884581943369
2021-12-01,13.359109367514034
2021-12-02,13.295642983051906
2021-12-03,13.326619428972805
2021-12-06,13.213120591299207
2021-12-07,13.151368292472194
2021-12-08,13.192367128142301
2021-12-09,13.25162560675029
2021-12-10,13.263616892541437
2021-12-13,13.309138325853189
2021-12-14,13.280613023900155
2021-12-15,13.378551723396317
2021-12-16,13.482238867229723
2021-12-17,13.429673928915431
2021-12-20,13.394403513871142
2021-12-21,13.57933449970625
2021-12-22,13.587377250958943
2021-12-23,13.514389981146701
2021-12-24,13.361313852206074
2021-12-27,13.459357301427696
2021-12-28,13.583578946993056
2021-12-29,13.594678890075889
2021-12-30,13.714718965934916
2021-12-31,13.846470498897563
2022-01-04,14.289986195785305
2022-01-05,14.2577292564423
2022-01-06,14.359393761803412
2022-01-07,14.276762121566328
2022-01-10,14.455606057526163
2022-01-11,14.430971501127594
2022-01-12,14.535197784679612
2022-01-13,14.493958647059333
2022-01-14,14.361394062015
2022-01-17,14.45103517856956
2022-01-18,14.2867156966999
2022-01-19,14.37719546024778
2022-01-20,14.076900496971957
2022-01-21,13.906539722995763
2022-01-24,13.857026250082724
2022-01-25,13.335808198087243
2022-01-26,13.466992338010998
2022-01-27,13.178122519877563
2022-01-28,13.306819988067295
2022-02-07,13.468534603173362
2022-02-08,13.63948233686431
2022-02-09,13.770217390314432
2022-02-10,13.74434449157275
2022-02-11,13.593612308976288
2022-02-14,13.540467745235933
2022-02-15,13.504910799724534
2022-02-16,13.642157909470916
2022-02-17,13.567095708867997
2022-02-18,13.651162208089717
2022-02-21,13.75135440777493
2022-02-22,13.584134586043701
2022-02-23,13.661199071026104
2022-02-24,13.418825316451557
2022-02-25,13.581334689928427
2022-02-28,13.564859065662713
2022-03-01,13.589875182499172
2022-03-02,13.63291807549004
2022-03-03,13.654041185225946
2022-03-04,13.545302343787624
2022-03-07,13.440158855649385
2022-03-08,13.215108520829043
2022-03-09,13.121803770579582
2022-03-10,13.270778879444492
2022-03-11,13.321656238754938
2022-03-14,13.115880679105736
2022-03-15,12.723855457805922
2022-03-16,12.905052102275393
2022-03-17,12.98412917874389
2022-03-18,13.059527297513538
2022-03-21,13.160025456120877
2022-03-22,13.147408188497229
2022-03-23,13.180609515829868
2022-03-24,13.098728099793643
2022-03-25,13.172794710889542
2022-03-28,13.176835448486036
2022-03-29,13.12003544512301
2022-03-30,13.260113302588138
2022-03-31,13.292361849420624
2022-04-01,13.278575186663856
2022-04-06,13.313698268514871
2022-04-07,13.244422307914455
2022-04-08,13.188076219513771
2022-04-11,13.08826433990925
2022-04-12,13.133184068660343
2022-04-13,13.075013757215805
2022-04-14,13.090103996281137
2022-04-15,13.03535540323233
2022-04-18,13.080486078426315
2022-04-19,13.088679704804761
2022-04-20,13.092984677114028
2022-04-21,13.013313149194705
2022-04-22,13.029176406081872
2022-04-25,12.783107150360376
2022-04-26,12.604946449550892
2022-04-27,12.693998317894465
2022-04-28,12.615174951819336
2022-04-29,12.757490020077977
2022-05-05,12.798072175808741
2022-05-06,12.776732460033042
2022-05-09,12.820084983313077
2022-05-10,12.844590147119153
2022-05-11,12.838872546341515
2022-05-12,12.867161522455316
2022-05-13,12.87280541040979
2022-05-16,12.863696218063232
2022-05-17,12.835857645040376
2022-05-18,12.856473027569175
2022-05-19,12.857613461224147
2022-05-20,12.894961975835676
2022-05-23,12.952929053240377
2022-05-24,12.851086949275825
2022-05-25,12.90188737848421
2022-05-26,12.939839520842684
2022-05-27,12.936236580901129
2022-05-30,12.935349944166646
2022-05-31,12.967504292338607
2022-06-01,12.99046650945497
2022-06-02,13.00058506843466
2022-06-06,13.027556225212063
2022-06-07,13.02223993724013
2022-06-08,13.008230413805963
2022-06-09,12.961006741554668
2022-06-10,12.993053187382564
2022-06-13,13.007338467364232
2022-06-14,13.01938691171157
2022-06-15,13.02693831243363
2022-06-16,13.019769809291304
2022-06-17,13.035012182318278
2022-06-20,13.049912495311286
2022-06-21,13.022120255749652
2022-06-22,12.974825014021464
2022-06-23,13.013669053323795
2022-06-24,13.027762466292538
2022-06-27,13.03832097446908
2022-06-28,13.086593652627624
2022-06-29,13.031821074154182
2022-06-30,13.06154370412269
2022-07-01,13.149103460873118
2022-07-04,13.222642652212906
2022-07-05,13.168775024492588
2022-07-06,13.0705555499177
2022-07-07,13.100736804302963
2022-07-08,13.110164326407014
2022-07-11,13.043724123347836
2022-07-12,12.913583648330969
2022-07-13,13.002435529532077
2022-07-14,13.043711739989828
2022-07-15,12.901241014100476
2022-07-18,13.164113440487602
2022-07-19,13.20323275008974
2022-07-20,13.280956396980132
2022-07-21,13.29317383249108
2022-07-22,13.255785311259933
2022-07-25,13.23969363740507
2022-07-26,13.240193385301263
2022-07-27,13.334143170252988
2022-07-28,13.411871993708365
2022-07-29,13.422071294428012
2022-08-01,13.46920254779232
2022-08-02,13.121990921273158
2022-08-03,13.158717673494372
2022-08-04,13.260586635263463
2022-08-05,13.310254541949524
2022-08-08,13.386744941599469
2022-08-09,13.359458121444101
2022-08-10,13.501196309110489
2022-08-11,13.667606848425814
2022-08-12,13.75170828613512
2022-08-15,13.717684042277677
2022-08-16,13.736550154907368
2022-08-17,13.756816359617947
2022-08-18,13.807129591672673
2022-08-19,13.789244549382655
2022-08-22,13.876089788437257
2022-08-23,13.959090980921761
2022-08-24,13.788789200539972
2022-08-25,13.74994182256139
2022-08-26,13.77956877813652
2022-08-29,13.90428423797015
2022-08-30,13.842186983764757
2022-08-31,13.730278345372355
2022-09-01,13.685124946245049
2022-09-02,13.757586164920122
2022-09-05,13.77189488004328
2022-09-06,13.826835873724256
2022-09-07,13.832106743446243
2022-09-08,13.799116544212595
2022-09-09,13.771022840524953
2022-09-13,13.778328740051657
2022-09-14,13.756467846151642
2022-09-15,13.701575005016936
2022-09-16,13.595087015576523
2022-09-19,13.527762066604522
2022-09-20,13.59630887053446
2022-09-21,13.614712903599042
2022-09-22,13.605931273196928
2022-09-23,13.533997513944765
2022-09-26,13.45344660508309
2022-09-27,13.54904173805932
2022-09-28,13.45955799049246
2022-09-29,13.450115207935008
2022-09-30,13.408080037377287
2022-10-10,13.347997045460543
2022-10-11,13.368487381718777
2022-10-12,13.447492135324625
2022-10-13,13.513463369977211
2022-10-14,13.577715625270136
2022-10-17,13.674627632534863
2022-10-18,13.710689005966929
2022-10-19,13.695912668341453
2022-10-20,13.678428588029213
2022-10-21,13.697854463714009
2022-10-24,13.68992941807496
2022-10-25,13.67625793462825
2022-10-26,13.76037963942657
2022-10-27,13.73862397747794
2022-10-28,13.623808842724568
2022-10-31,13.662987444415206
2022-11-01,13.723939680694635
2022-11-02,13.786462816429923
2022-11-03,13.793536839687086
2022-11-04,13.843056551622956
2022-11-07,13.868258009484855
2022-11-08,13.864896708396788
2022-11-09,13.902258704192196
2022-11-10,13.880191702306542
2022-11-11,13.892030325186164
2022-11-14,13.919789430334149
2022-11-15,13.987933803987131
2022-11-16,13.960016023296031
2022-11-17,13.971234124235794
2022-11-18,13.98149614305898
2022-11-21,14.03918913999065
2022-11-22,14.01472014931988
2022-11-23,13.963999906133665
2022-11-24,14.012797518001754
2022-11-25,13.99417514527825
2022-11-28,13.978590212118965
2022-11-29,14.046492211884196
2022-11-30,14.101682057390807
2022-12-01,14.11035158649442
2022-12-02,14.132586655559317
2022-12-05,14.204941139717132
2022-12-06,14.175783610881574
2022-12-07,14.206135794313825
2022-12-08,14.197657864488535
2022-12-09,14.214601999397484
2022-12-12,14.165650084544826
2022-12-13,14.1741699585233
2022-12-14,14.123657578400488
2022-12-15,14.137482447385079
2022-12-16,14.117341520150067
2022-12-19,13.976229521239025
2022-12-20,13.977686051125799
2022-12-21,13.943787356504094
2022-12-22,13.88986524205549
2022-12-23,13.850984007214176
2022-12-26,13.883679458125782
2022-12-27,13.90403608079377
2022-12-28,13.844563192811371
2022-12-29,13.826997106561064
2022-12-30,13.85960006656064
2023-01-03,13.935927198833433
2023-01-04,13.988737924751693
2023-01-05,14.038706824740075
2023-01-06,14.009698958489716
2023-01-09,14.017388827758415
2023-01-10,14.000298517660033
2023-01-11,13.968571277801464
2023-01-12,13.996885283368828
2023-01-13,14.022031407857028
2023-01-16,14.072177150889866
2023-01-17,14.06905878552622
2023-01-18,14.070177549511676
2023-01-19,14.093231250467378
2023-01-20,14.124383021896131
2023-01-30,14.188612639210264
2023-01-31,14.2563024916475
2023-02-01,14.338738396107093
2023-02-02,14.362580345902174
2023-02-03,14.326551824686689
2023-02-06,14.355515372679823
2023-02-07,14.421439276378363
2023-02-08,14.404891797261365
2023-02-09,14.481445253238565
2023-02-10,14.499867114356245
2023-02-13,14.630462921332782
2023-02-14,14.737217810193817
2023-02-15,14.731552060414613
2023-02-16,14.554732233407547
2023-02-17,14.606040933427431
2023-02-20,14.730343644396262
2023-02-21,14.776430805806148
2023-02-22,14.796683333200404
2023-02-23,14.79185236058451
2023-02-24,14.776159635937807
2023-02-27,14.726208825414888
2023-02-28,14.816049575199326
2023-03-01,14.928303873039185
2023-03-02,14.911210659404142
2023-03-03,14.904708916061649
2023-03-06,14.88007539215402
2023-03-07,14.760168320748635
2023-03-08,14.799129814336276
2023-03-09,14.82840844117322
2023-03-10,14.687293698731715
2023-03-13,14.694311407462305
2023-03-14,14.535383110215946
2023-03-15,14.741119430578163
2023-03-16,14.586515184018594
2023-03-17,14.588629096932255
2023-03-20,14.511430174852936
2023-03-21,14.604265442727575
2023-03-22,14.670225826554635
2023-03-23,14.734172272721842
2023-03-24,14.676616583061477
2023-03-27,14.624583977376759
2023-03-28,14.60087257206908
2023-03-29,14.53685799822372
2023-03-30,14.541240900824597
2023-03-31,14.611832660039957
2023-04-03,14.621034571691872
2023-04-04,14.451208879506531
2023-04-06,14.452417285034034
2023-04-07,14.51125461797596
2023-04-10,14.424992059887739
2023-04-11,14.389035374874576
2023-04-12,14.456506295981367
2023-04-13,14.397706040244428
2023-04-14,14.453330337893052
2023-04-17,14.572272989878577
2023-04-18,14.56183105340229
2023-04-19,14.489951849626175
2023-04-20,14.366304670099042
2023-04-21,14.100536805292009
2023-04-24,13.994548185754557
2023-04-25,13.83026265929001
2023-04-26,13.996579874897876
2023-04-27,13.980600875575492
2023-04-28,14.149028420034103
2023-05-04,14.254495471558894
2023-05-05,14.13239339843745
2023-05-08,14.143411974902717
2023-05-09,13.98289356680267
2023-05-10,13.938118758957144
2023-05-11,14.061220417003096
2023-05-12,13.96446810460751
2023-05-15,14.057683454445701
2023-05-16,14.016883580464551
2023-05-17,13.993002190661974
2023-05-18,13.984650170296742
2023-05-19,13.983142043506927
2023-05-22,14.11748250046127
2023-05-23,14.022147495319615
2023-05-24,13.934317808361095
2023-05-25,13.853846168124708
2023-05-26,13.833821267486686
2023-05-29,13.807887250500745
2023-05-30,13.805976865473285
2023-05-31,13.704573470163648
2023-06-01,13.738089439464039
2023-06-02,13.85734093523093
2023-06-05,13.809941466458595
2023-06-06,13.617088434075672
2023-06-07,13.5922147586876
2023-06-08,13.592393898399244
2023-06-09,13.573164030882579
2023-06-12,13.612316691642853
2023-06-13,13.583550243922774
2023-06-14,13.546463574690707
2023-06-15,13.602559705847286
2023-06-16,13.696015348680321
2023-06-19,13.593174542353747
2023-06-20,13.530240911623752
2023-06-21,13.541891985970844
2023-06-26,13.38818205121266
2023-06-27,13.623077074713319
2023-06-28,13.699334271154544
2023-06-29,13.79410573677104
2023-06-30,13.908811553222817
2023-07-03,13.947609329621146
2023-07-04,13.974752164596467
2023-07-05,13.956342628489182
2023-07-06,13.936112721399041
2023-07-07,13.93210710425628
2023-07-10,13.996840586967156
2023-07-11,14.064490662982422
2023-07-12,14.049819000920543
2023-07-13,14.07928098084958
2023-07-14,14.043842114352007
2023-07-17,14.018736436298166
2023-07-18,14.089238844237904
2023-07-19,14.084631993531833
2023-07-20,14.052395724453376
2023-07-21,14.065862948914242
2023-07-24,14.041378972694208
2023-07-25,14.1925777133675
2023-07-26,14.237752369135947
2023-07-27,14.182049256885882
2023-07-28,14.26016746881336
2023-07-31,14.286354936109394
2023-08-01,14.280641966716582
2023-08-02,14.237000456007847
2023-08-03,14.258528496387092
2023-08-04,14.216838138124624
2023-08-07,14.12738700059289
2023-08-08,14.176058045876244
2023-08-09,14.10513841925933
2023-08-10,14.180887672118981
2023-08-11,14.06410860361458
2023-08-14,14.087369537546465
2023-08-15,14.0371873273561
2023-08-16,13.973285650663422
2023-08-17,14.05042857645201
2023-08-18,13.931609145429482
2023-08-21,13.891130352150793
2023-08-22,13.811012605801642
2023-08-23,13.713473108757489
2023-08-24,13.74737107816114
2023-08-25,13.652413484576494
2023-08-28,13.752299225234308
2023-08-29,13.947989716085091
2023-08-30,14.017049665679979
2023-08-31,13.977778764740664
2023-09-01,13.994383703647905
2023-09-04,14.056987375799839
2023-09-05,14.058896493807676
2023-09-06,14.042449605612134
2023-09-07,13.966062264342709
2023-09-08,13.953251428617651
2023-09-11,14.001867513603493
2023-09-12,14.00319173025006
2023-09-13,13.961045139204623
2023-09-14,13.942997828358275
2023-09-15,13.97072386364414
2023-09-18,14.009872314180537
2023-09-19,13.982972839605283
2023-09-20,13.977781550623352
2023-09-21,13.932047182999494
2023-09-22,13.997869328597266
2023-09-25,14.024491738597137
2023-09-26,14.006906625171618
2023-09-27,14.052414848341495
2023-09-28,14.096720611102892
2023-10-09,14.063830960814618
2023-10-10,14.027030517174511
2023-10-11,14.027799368551051
2023-10-12,14.054128619838332
2023-10-13,14.004335607448839
2023-10-16,13.983037503906642
2023-10-17,13.975351789411095
2023-10-18,13.901272984984423
2023-10-19,13.870897616616089
2023-10-20,13.84363781661174
2023-10-23,13.758299719495112
2023-10-24,13.84353405122483
2023-10-25,13.876864611463548
2023-10-26,13.874832166780909
2023-10-27,13.969851129132005
2023-10-30,14.007023654530817
2023-10-31,14.010707804675818
2023-11-01,14.014287802534113
2023-11-02,13.978561184132811
2023-11-03,13.998039448969076
2023-11-06,14.052320172752104
2023-11-07,14.049669087854332
2023-11-08,14.039101996869574
2023-11-09,14.040646731625126
2023-11-10,14.064982569399886
2023-11-13,14.074473750939038
2023-11-14,14.06462818726537
2023-11-15,14.093395929018659
2023-11-16,14.06871141207465
2023-11-17,14.097757519893612
2023-11-20,14.113737888350407
2023-11-21,14.102564622199916
2023-11-22,14.07109849589851
2023-11-23,14.10945910181895
2023-11-24,14.09126650067046
2023-11-27,14.093642038344887
2023-11-28,14.124214571999893
2023-11-29,14.107423999064531
2023-11-30,14.081094594901252
2023-12-01,14.090553184948705
2023-12-04,14.07061947666292
2023-12-05,13.977158074668631
2023-12-06,14.011175858174937
2023-12-07,14.004329403284737
2023-12-08,13.947005819392828
2023-12-11,14.029533779761216
2023-12-12,14.050731413396488
2023-12-13,14.040401438446253
2023-12-14,14.034847001543909
2023-12-15,13.998928543388176
2023-12-18,13.950373102423582
2023-12-19,13.943032049085039
2023-12-20,13.909021939547078
2023-12-21,13.948012484407458
2023-12-22,13.904069760847394
2023-12-25,13.910033011900381
2023-12-26,13.86119467056954
2023-12-27,13.88482191939124
2023-12-28,13.929580514896525
2023-12-29,13.99822269942386
2024-01-02,14.042766945943733
2024-01-03,14.052498237681522
2024-01-04,14.054316242280288
2024-01-05,14.01900873336868
2024-01-08,13.962219749824058
2024-01-09,13.975263422064785
2024-01-10,13.962995826970852
2024-01-11,13.98546418471201
2024-01-12,13.983167344678463
2024-01-15,13.99691552227564
2024-01-16,13.998259189636443
2024-01-17,13.94676531630914
2024-01-18,13.919993444176946
2024-01-19,13.892640936598687
2024-01-22,13.71422126829877
2024-01-23,13.741402328940287
2024-01-24,13.790878062302603
2024-01-25,13.888949251005737
2024-01-26,13.89485759942447
2024-01-29,13.85049174667749
2024-01-30,13.766170184200929
2024-01-31,13.693770588607183
2024-02-01,13.65648093097281
2024-02-02,13.533276716620968
2024-02-05,13.333037090318246
2024-02-06,13.393371564651876
2024-02-07,13.332920564933126
2024-02-08,13.560374093759041
2024-02-19,13.661649088982326
2024-02-20,13.669722219397046
2024-02-21,13.71162041424625
2024-02-22,13.75760584477256
2024-02-23,13.803479864070093
2024-02-26,13.851489165650413
2024-02-27,13.90422089616671
2024-02-28,13.753161623030545
2024-02-29,13.871726348843945
2024-03-01,13.91338968996922
2024-03-04,13.949781321209757
2024-03-05,13.896950812754298
2024-03-06,13.933894184932006
2024-03-07,13.918747718470643
2024-03-08,13.9750692634646
2024-03-11,14.023828714909918
2024-03-12,14.074797634497433
2024-03-13,14.086660623528543
2024-03-14,14.093746614125422
2024-03-15,14.144166124375262
2024-03-18,14.221096183792856
2024-03-19,14.221024032613524
2024-03-20,14.274340550477637
2024-03-21,14.29193888741689
2024-03-22,14.24395257886493
2024-03-25,14.183603883647628
2024-03-26,14.20676624416858
2024-03-27,14.148431220894894
2024-03-28,14.215385794348084
2024-03-29,14.268810018532516
2024-04-01,14.346697253398656
2024-04-02,14.387913491225982
2024-04-03,14.370685280143082
2024-04-08,14.318796945558947
2024-04-09,14.359354138514876
2024-04-10,14.284143693731888
2024-04-11,14.301275977229688
2024-04-12,14.312361713768787
2024-04-15,14.237044989593853
2024-04-16,14.047512045175912
2024-04-17,14.261171766763992
2024-04-18,14.307753310249465
2024-04-19,14.335801003376826
2024-04-22,14.301906724993954
2024-04-23,14.276469968492446
2024-04-24,14.349235400042915
2024-04-25,14.415444927622636
2024-04-26,14.403377144425018
2024-04-29,14.442663592256645
2024-04-30,14.496018760970616
2024-05-06,14.631030324285454
2024-05-07,14.647054011557747
2024-05-08,14.61698556324726
2024-05-09,14.690138854424786
2024-05-10,14.65002015944901
2024-05-13,14.63402139828254
2024-05-14,14.721085850137078
2024-05-15,14.689757824377015
2024-05-16,14.667012712942642
2024-05-17,14.670996340771843
2024-05-20,14.762478143739791
2024-05-21,14.737148933050236
2024-05-22,14.698179334786563
2024-05-23,14.605635921649624
2024-05-24,14.586865714824157
2024-05-27,14.632258323461324
2024-05-28,14.564212191351313
2024-05-29,14.580421723653469
2024-05-30,14.568123119762665
2024-05-31,14.565208546336205
2024-06-03,14.51175889504059
2024-06-04,14.61652112932819
2024-06-05,14.509276397427266
2024-06-06,14.384533543129585
2024-06-07,14.47662116244789
2024-06-11,14.450037932924873
2024-06-12,14.529278337989856
2024-06-13,14.464474537499619
2024-06-14,14.465931260623757
2024-06-17,14.435285400063472
2024-06-18,14.465787048466
2024-06-19,14.396552037928368
2024-06-20,14.305206725626677
2024-06-21,14.32022205746598
2024-06-24,14.147425378795267
2024-06-25,14.164870099602997
2024-06-26,14.277925946200074
2024-06-27,14.164164897277956
2024-06-28,14.207636496620346
