date,nav,num_held
2006-01-04,1.0,0
2006-01-05,1.0,0
2006-01-06,1.0,0
2006-01-09,1.0,0
2006-01-10,1.0,0
2006-01-11,1.0,0
2006-01-12,1.0,0
2006-01-13,1.0,0
2006-01-16,1.0,0
2006-01-17,1.0,0
2006-01-18,1.0,0
2006-01-19,1.0,0
2006-01-20,1.0,0
2006-01-23,1.0,0
2006-01-24,1.0,0
2006-01-25,1.0,0
2006-02-06,0.9995000949747064,0
2006-02-07,1.007330631266275,6
2006-02-08,1.015161806800765,6
2006-02-09,1.0005018945774087,6
2006-02-10,1.0237817644161393,6
2006-02-13,1.0390737651973383,6
2006-02-14,1.0395578024216925,6
2006-02-15,1.0311056080377816,6
2006-02-16,0.9790648511648439,6
2006-02-17,0.9654856589838393,6
2006-02-20,0.9510669976024364,6
2006-02-21,0.9774183485671056,6
2006-02-22,0.9803038008563317,6
2006-02-23,0.9787929198904171,6
2006-02-24,0.9887344297087375,6
2006-02-27,0.9831271558336813,6
2006-02-28,0.9796315514320388,6
2006-03-01,0.9877576320167275,6
2006-03-02,0.9587236519829252,8
2006-03-03,0.9536139176516395,8
2006-03-06,0.942693089675267,8
2006-03-07,0.9089341359589663,8
2006-03-08,0.9058622258538567,8
2006-03-09,0.9121611990878283,8
2006-03-10,0.9191796953890145,8
2006-03-13,0.9308600838744379,8
2006-03-14,0.9281906374495161,8
2006-03-15,0.9442325466339788,8
2006-03-16,0.9437044428412155,8
2006-03-17,0.9355125770297429,8
2006-03-20,0.9500417712946998,8
2006-03-21,0.9506360316616972,8
2006-03-22,0.9664394879574932,8
2006-03-23,0.973910999362867,8
2006-03-24,0.9602215100828488,8
2006-03-27,0.973445928914286,8
2006-03-28,0.9421929869444493,8
2006-03-29,0.9395243605285994,8
2006-03-30,0.9242591525312573,8
2006-03-31,0.9355612377032256,8
2006-04-03,0.9502661870962271,8
2006-04-04,0.9711515458478477,7
2006-04-05,0.980149437773031,7
2006-04-06,0.977063885438329,7
2006-04-07,0.9728965455418932,7
2006-04-10,1.016908180881335,7
2006-04-11,1.0259915505305903,7
2006-04-12,1.0164833704412166,7
2006-04-13,0.9782502432558796,7
2006-04-14,1.0141823236641978,7
2006-04-17,1.0295822395396634,7
2006-04-18,1.0147331211283739,7
2006-04-19,1.0160917459512555,7
2006-04-20,0.9910181524091638,7
2006-04-21,1.0018200007126838,7
2006-04-24,0.9877959876907952,7
2006-04-25,0.9739596224645538,7
2006-04-26,0.9872225257490616,7
2006-04-27,0.9820547540654767,7
2006-04-28,0.9939383186226038,7
2006-05-08,1.003971665579504,7
2006-05-09,1.0145820748127632,10
2006-05-10,1.0198957897775682,10
2006-05-11,1.0128094976943136,10
2006-05-12,1.0192989863012474,10
2006-05-15,1.0402899534768664,10
2006-05-16,1.0245626047816805,10
2006-05-17,1.0293001329015194,10
2006-05-18,1.0287392900363175,10
2006-05-19,1.0383067145052667,10
2006-05-22,1.0438654284768907,10
2006-05-23,1.0202622700678627,10
2006-05-24,1.0119932285672293,10
2006-05-25,1.0183516318968129,10
2006-05-26,1.0252012993283144,10
2006-05-29,1.0324907816720357,10
2006-05-30,1.0395346034938846,10
2006-05-31,1.0418451244522042,10
2006-06-01,1.0561671908978876,10
2006-06-02,1.0539383997330898,20
2006-06-05,1.0600437557275384,20
2006-06-06,1.0545912350110098,20
2006-06-07,1.0308940862514144,20
2006-06-08,1.0327525871538115,20
2006-06-09,1.0261543298193678,20
2006-06-12,1.0282864311273374,20
2006-06-13,1.0311457901689194,20
2006-06-14,1.0266009892540946,20
2006-06-15,1.0293622747373494,20
2006-06-16,1.0390512782707926,20
2006-06-19,1.0430899498213042,20
2006-06-20,1.0436356608061514,20
2006-06-21,1.0423102045837211,20
2006-06-22,1.0388793970569858,20
2006-06-23,1.040867180835234,20
2006-06-26,1.047385761769111,20
2006-06-27,1.0469681251646914,20
2006-06-28,1.0460750116502406,20
2006-06-29,1.0540060939026576,20
2006-06-30,1.0527711091719394,20
2006-07-03,1.0580953409496607,20
2006-07-04,1.053028746856643,20
2006-07-05,1.0492432809090613,20
2006-07-06,1.057126367617148,20
2006-07-07,1.056131337059462,20
2006-07-10,1.0579697885898476,20
2006-07-11,1.0599810800354752,20
2006-07-12,1.062880466290525,20
2006-07-13,1.04181142830999,20
2006-07-14,1.0464366982324462,20
2006-07-17,1.0534974120269305,20
2006-07-18,1.054089549903132,20
2006-07-19,1.0464835518297388,20
2006-07-20,1.0476657627448653,20
2006-07-21,1.0488235134684076,20
2006-07-24,1.045583485477265,20
2006-07-25,1.0477403403452734,20
2006-07-26,1.0493946420363824,20
2006-07-27,1.047504496920176,20
2006-07-28,1.0422436141029952,20
2006-07-31,1.0152873656084629,20
2006-08-01,1.0097209205489397,20
2006-08-02,1.00667836093844,20
2006-08-03,1.0068507699531135,20
2006-08-04,0.9922046860265746,20
2006-08-07,0.97864896705927,20
2006-08-08,0.9897438852714135,20
2006-08-09,0.9878493973096079,20
2006-08-10,0.996940305009034,20
2006-08-11,1.0012970207701402,20
2006-08-14,0.9906548667678406,20
2006-08-15,0.9978649049486703,20
2006-08-16,1.007377437757241,20
2006-08-17,1.002836492970951,20
2006-08-18,1.0043699180255108,20
2006-08-21,1.0097836425215894,20
2006-08-22,1.0147038967139925,20
2006-08-23,1.012837385636728,20
2006-08-24,1.0172423077446189,20
2006-08-25,1.0188576123224273,20
2006-08-28,1.0293034091372784,20
2006-08-29,1.030644855969969,20
2006-08-30,1.0296841886186996,20
2006-08-31,1.0292881835305625,20
2006-09-01,1.0149985669581336,20
2006-09-04,1.0261912323875109,20
2006-09-05,1.021361958455495,20
2006-09-06,1.0276094217040208,20
2006-09-07,1.019692274428939,20
2006-09-08,1.0199248085947032,20
2006-09-11,1.0209719513079643,20
2006-09-12,1.024929928144778,20
2006-09-13,1.0159769594429642,20
2006-09-14,1.0094817720928333,20
2006-09-15,1.0196450210165207,20
2006-09-18,1.0283295371229288,20
2006-09-19,1.031434149133356,20
2006-09-20,1.0320998448862289,20
2006-09-21,1.038751136561613,20
2006-09-22,1.030952306218972,20
2006-09-25,1.027044321596301,20
2006-09-26,1.0212967236761015,20
2006-09-27,1.025730109099869,20
2006-09-28,1.034180618400896,20
2006-09-29,1.043869831095757,20
2006-10-09,1.056638938974173,20
2006-10-10,1.066254654646786,20
2006-10-11,1.069481450874379,20
2006-10-12,1.0628003200635674,20
2006-10-13,1.0649993193783094,20
2006-10-16,1.0647542185103605,20
2006-10-17,1.0694939933120478,20
2006-10-18,1.074985020656938,20
2006-10-19,1.0813426505042207,20
2006-10-20,1.0740737985055422,20
2006-10-23,1.058015847943237,20
2006-10-24,1.07273032522471,20
2006-10-25,1.071623968724099,20
2006-10-26,1.0730472230797334,20
2006-10-27,1.0596369102835015,20
2006-10-30,1.0716421267281704,20
2006-10-31,1.08422568512704,20
2006-11-01,1.0963088884082954,20
2006-11-02,1.0979544939057906,20
2006-11-03,1.0970746453889944,20
2006-11-06,1.0921639265007548,20
2006-11-07,1.0877491834648763,20
2006-11-08,1.0859408930030547,20
2006-11-09,1.0978032535744817,20
2006-11-10,1.0773307133177272,20
2006-11-13,1.054932794004312,20
2006-11-14,1.0601404757637203,20
2006-11-15,1.0786850324035224,20
2006-11-16,1.0676589433673624,20
2006-11-17,1.0704169150730583,20
2006-11-20,1.0676487871790852,20
2006-11-21,1.095375911313125,20
2006-11-22,1.1056175168557245,20
2006-11-23,1.107947330180747,20
2006-11-24,1.113306414099316,20
2006-11-27,1.1349883731673058,20
2006-11-28,1.1341509069372002,20
2006-11-29,1.1491890191612018,20
2006-11-30,1.173804193861119,20
2006-12-01,1.1860685188215767,20
2006-12-04,1.2137530955023381,20
2006-12-05,1.2101682053929816,20
2006-12-06,1.1875550948364884,20
2006-12-07,1.1730526296381012,20
2006-12-08,1.1411359499351632,20
2006-12-11,1.1747143088513696,20
2006-12-12,1.1803889285542546,20
2006-12-13,1.1909683817897323,20
2006-12-14,1.2081396678933292,20
2006-12-15,1.2298931428424202,20
2006-12-18,1.2480095789915737,20
2006-12-19,1.2501614526984464,20
2006-12-20,1.2876952232094239,20
2006-12-21,1.2704345029670865,20
2006-12-22,1.259871772424431,20
2006-12-25,1.2709319622887185,20
2006-12-26,1.2592788980879144,20
2006-12-27,1.264879927324073,20
2006-12-28,1.233008516154711,20
2006-12-29,1.2542147013567662,20
2007-01-04,1.2576028126956311,20
2007-01-05,1.297929992806005,20
2007-01-08,1.3411262082659299,20
2007-01-09,1.356705009421835,20
2007-01-10,1.3919085933203017,20
2007-01-11,1.373866655231743,20
2007-01-12,1.3301071138396314,20
2007-01-15,1.3892364189195678,20
2007-01-16,1.428344879453804,20
2007-01-17,1.4085007549820334,20
2007-01-18,1.4281391876554204,20
2007-01-19,1.4810553519612688,20
2007-01-22,1.5364066055579584,20
2007-01-23,1.5357683431833584,20
2007-01-24,1.5360283221047961,20
2007-01-25,1.4696703056474547,20
2007-01-26,1.483684408550548,20
2007-01-29,1.514398006580794,20
2007-01-30,1.517626998552539,20
2007-01-31,1.45196772634554,20
2007-02-01,1.465919818763281,20
2007-02-02,1.4404796129765016,20
2007-02-05,1.4488382945649516,20
2007-02-06,1.4651364211447981,20
2007-02-07,1.4763979298114698,20
2007-02-08,1.4906119264747364,20
2007-02-09,1.4874386688682881,20
2007-02-12,1.5156946088127066,20
2007-02-13,1.541425138462019,20
2007-02-14,1.5689792982969217,20
2007-02-15,1.5914294049100135,20
2007-02-16,1.5968366314273157,20
2007-02-26,1.639166650159561,20
2007-02-27,1.5225685059052234,20
2007-02-28,1.5584777607415743,20
2007-03-01,1.5174476086480035,20
2007-03-02,1.533820736479559,20
2007-03-05,1.5293169849797206,20
2007-03-06,1.5368595567568792,20
2007-03-07,1.5634083602878417,20
2007-03-08,1.5828760096614642,20
2007-03-09,1.5708928609301351,20
2007-03-12,1.5783192913699027,20
2007-03-13,1.5927964576911302,20
2007-03-14,1.5732846413040793,20
2007-03-15,1.5917043928624794,20
2007-03-16,1.575184829131948,20
2007-03-19,1.5836299548789483,20
2007-03-20,1.5951753737009118,20
2007-03-21,1.6244712920727487,20
2007-03-22,1.6264551941613956,20
2007-03-23,1.6325099953171833,20
2007-03-26,1.6594455355794666,20
2007-03-27,1.6698597286477175,20
2007-03-28,1.654004534565489,20
2007-03-29,1.6313316545022172,20
2007-03-30,1.6390712263640892,20
2007-04-02,1.660979724666441,20
2007-04-03,1.678798763953805,20
2007-04-04,1.6873379209581432,20
2007-04-05,1.701524265159297,20
2007-04-06,1.7220090721762393,20
2007-04-09,1.7371070925442467,20
2007-04-10,1.7490969759228163,20
2007-04-11,1.7574226192200995,20
2007-04-12,1.781571172263106,20
2007-04-13,1.781284142537125,20
2007-04-16,1.8127526100923417,20
2007-04-17,1.8464329371193537,20
2007-04-18,1.876448109687891,20
2007-04-19,1.8002970841963322,20
2007-04-20,1.8641608754226429,20
2007-04-23,1.9094662056981238,20
2007-04-24,1.9182317932472204,20
2007-04-25,1.910706799669843,20
2007-04-26,1.9297353252172793,20
2007-04-27,1.9070474554350032,20
2007-04-30,1.8933056348822468,20
2007-05-08,1.9363936456964586,20
2007-05-09,1.9099786246911494,20
2007-05-10,1.919183172716665,20
2007-05-11,1.9080309010411218,20
2007-05-14,1.9132362748680882,20
2007-05-15,1.8824266234604374,20
2007-05-16,1.9096090134740253,20
2007-05-17,1.9388769996604343,20
2007-05-18,1.9491813322400433,20
2007-05-21,1.978372475922292,20
2007-05-22,1.990251067559999,20
2007-05-23,2.009018368382893,20
2007-05-24,2.001442167918258,20
2007-05-25,2.0154089336682226,20
2007-05-28,2.0533498521544713,20
2007-05-29,2.0786348918348754,20
2007-05-30,1.97495810470781,20
2007-05-31,2.001634671945733,20
2007-06-01,1.968730706824793,20
2007-06-04,1.8665074265803352,20
2007-06-05,1.9045871948803244,20
2007-06-06,1.9393583234019922,20
2007-06-07,1.993285989383879,20
2007-06-08,2.012592409136766,20
2007-06-11,2.0575203870000065,20
2007-06-12,2.0985048096333743,20
2007-06-13,2.116660107141969,20
2007-06-14,2.1077179505849575,20
2007-06-15,2.1453384116179293,20
2007-06-18,2.1851649338822416,20
2007-06-19,2.1952344573137874,20
2007-06-20,2.145696815163647,20
2007-06-21,2.1535048790356113,20
2007-06-22,2.1028338544672365,20
2007-06-25,2.0415341610211333,20
2007-06-26,2.087966994724101,20
2007-06-27,2.1233974947844887,20
2007-06-28,2.049267749288656,20
2007-06-29,2.0195132599251866,20
2007-07-02,2.0332816756335834,20
2007-07-03,2.0592070068909374,20
2007-07-04,2.033035075198461,20
2007-07-05,1.964043769717518,20
2007-07-06,2.019376521826996,20
2007-07-09,2.0488425711978553,20
2007-07-10,2.0162610142652375,20
2007-07-11,2.0206593789219323,20
2007-07-12,2.0276567257982694,20
2007-07-13,2.0219658808408414,20
2007-07-16,1.9999930627934803,20
2007-07-17,2.0214235801629026,20
2007-07-18,2.0189638983670952,20
2007-07-19,2.020104217428169,20
2007-07-20,2.058453841085934,20
2007-07-23,2.111050379279968,20
2007-07-24,2.09981334262408,20
2007-07-25,2.1260046560804367,20
2007-07-26,2.13677786522118,20
2007-07-27,2.1600994031790064,20
2007-07-30,2.179244008856666,20
2007-07-31,2.183531357676804,20
2007-08-01,2.13655538212533,20
2007-08-02,2.17955897805768,20
2007-08-03,2.208821563457011,20
2007-08-06,2.2260329410239468,20
2007-08-07,2.2234935238343962,20
2007-08-08,2.199435559281295,20
2007-08-09,2.2155168935969507,20
2007-08-10,2.17682112400857,20
2007-08-13,2.16544859242509,20
2007-08-14,2.1977883538239014,20
2007-08-15,2.1882889361704336,20
2007-08-16,2.190720850871311,20
2007-08-17,2.1745968471049104,20
2007-08-20,2.223213347102835,20
2007-08-21,2.2351867943219683,20
2007-08-22,2.2512993741426492,20
2007-08-23,2.2780727778689527,20
2007-08-24,2.285481439630103,20
2007-08-27,2.27057400306692,20
2007-08-28,2.2705683768057465,20
2007-08-29,2.2646134899249866,20
2007-08-30,2.2885791419798376,20
2007-08-31,2.296468521162885,20
2007-09-03,2.314590220146826,20
2007-09-04,2.3080206611155565,19
2007-09-05,2.304029958852261,19
2007-09-06,2.3124784393755604,19
2007-09-07,2.2870438128630695,19
2007-09-10,2.2973653921571473,19
2007-09-11,2.2300615003871385,19
2007-09-12,2.2408131038999533,19
2007-09-13,2.256153988981151,19
2007-09-14,2.2697109084237974,19
2007-09-17,2.2708092986907022,19
2007-09-18,2.2695225071179586,19
2007-09-19,2.245163205086418,19
2007-09-20,2.2594300868634343,19
2007-09-21,2.2408882233116683,19
2007-09-24,2.243321673429298,19
2007-09-25,2.2437048718912274,19
2007-09-26,2.2321592040129263,19
2007-09-27,2.2470423352564257,19
2007-09-28,2.2730727392064765,19
2007-10-08,2.2681534364636153,19
2007-10-09,2.2732024028212514,20
2007-10-10,2.26200667098449,20
2007-10-11,2.2454491945227053,20
2007-10-12,2.220834646657772,20
2007-10-15,2.2134494985122255,20
2007-10-16,2.2515147544902048,20
2007-10-17,2.2431387268498857,20
2007-10-18,2.2263516026023797,20
2007-10-19,2.2269533999536733,20
2007-10-22,2.1966964321858584,20
2007-10-23,2.192508220743309,20
2007-10-24,2.1706467801721656,20
2007-10-25,2.101235903099971,20
2007-10-26,2.103029953709451,20
2007-10-29,2.1201883622001017,20
2007-10-30,2.1383857163745463,20
2007-10-31,2.1740252679327963,20
2007-11-01,2.137148664190504,20
2007-11-02,2.105494480457392,20
2007-11-05,2.115647637451098,20
2007-11-06,2.1285738219786245,20
2007-11-07,2.1288390771679313,20
2007-11-08,2.0832652818154354,20
2007-11-09,2.079758889472713,20
2007-11-12,2.060929018020841,20
2007-11-13,2.0614338557418908,20
2007-11-14,2.105488616678407,20
2007-11-15,2.0885730835159673,20
2007-11-16,2.083987829693109,20
2007-11-19,2.125415600802494,20
2007-11-20,2.148668894410832,20
2007-11-21,2.1503001277618297,20
2007-11-22,2.105455449818549,20
2007-11-23,2.1239847472350393,20
2007-11-26,2.1153134901617645,20
2007-11-27,2.10608142668094,20
2007-11-28,2.103951157567232,20
2007-11-29,2.1369439220081174,20
2007-11-30,2.119754040223904,20
2007-12-03,2.1203920828286136,20
2007-12-04,2.124566983871069,20
2007-12-05,2.142240720963322,20
2007-12-06,2.149570087965405,20
2007-12-07,2.1678712313891166,20
2007-12-10,2.20233366639378,20
2007-12-11,2.2141230719766303,20
2007-12-12,2.229487239615837,20
2007-12-13,2.1968514794948284,20
2007-12-14,2.222077684412313,20
2007-12-17,2.2297048480402446,20
2007-12-18,2.2167277856266936,20
2007-12-19,2.23918101372962,20
2007-12-20,2.251744854118091,20
2007-12-21,2.268928558996836,20
2007-12-24,2.289317105131091,20
2007-12-25,2.298250730931733,20
2007-12-26,2.3265521105637634,20
2007-12-27,2.346655310071032,20
2007-12-28,2.345456162437706,20
2008-01-02,2.387816225232012,20
2008-01-03,2.4164674125215293,20
2008-01-04,2.413342674838649,20
2008-01-07,2.451971736644138,20
2008-01-08,2.418260574253713,20
2008-01-09,2.4485742671457644,20
2008-01-10,2.450391516599089,20
2008-01-11,2.4421093600404995,20
2008-01-14,2.4703660452959904,20
2008-01-15,2.4965920085840634,20
2008-01-16,2.4851520588156903,20
2008-01-17,2.4524750511184537,20
2008-01-18,2.453651567784316,20
2008-01-21,2.391335725151187,20
2008-01-22,2.282217494190998,20
2008-01-23,2.358162891198788,20
2008-01-24,2.4110938104904207,20
2008-01-25,2.406830556446455,20
2008-01-28,2.3096951881939116,20
2008-01-29,2.332129263809184,20
2008-01-30,2.337886759809036,20
2008-01-31,2.298763598850374,20
2008-02-01,2.255749879458095,20
2008-02-04,2.3416886179839262,20
2008-02-05,2.3342083934611204,20
2008-02-13,2.3212423482963658,20
2008-02-14,2.347524277287582,20
2008-02-15,2.3384605599069066,20
2008-02-18,2.3778037221684345,20
2008-02-19,2.400115129201174,20
2008-02-20,2.3913317747869947,20
2008-02-21,2.4104342450484926,20
2008-02-22,2.3666303304987384,20
2008-02-25,2.3135798528898404,20
2008-02-26,2.298719576229652,20
2008-02-27,2.319057297826959,20
2008-02-28,2.3333617216733944,20
2008-02-29,2.3538220327150263,20
2008-03-03,2.3832382231755225,20
2008-03-04,2.373644094132122,20
2008-03-05,2.379646295883697,20
2008-03-06,2.385001757886152,20
2008-03-07,2.3699572186790903,20
2008-03-10,2.3290421822741085,20
2008-03-11,2.329166828569655,20
2008-03-12,2.2997072849556064,20
2008-03-13,2.262351501321016,20
2008-03-14,2.2611285315580454,20
2008-03-17,2.1931256642622445,20
2008-03-18,2.1247762964395784,20
2008-03-19,2.1634668755377846,20
2008-03-20,2.1969364142237717,20
2008-03-21,2.2051309087581057,20
2008-03-24,2.184446667927696,20
2008-03-25,2.2025437739685105,20
2008-03-26,2.2029360961310536,20
2008-03-27,2.1680452822344587,20
2008-03-28,2.1857579857922866,20
2008-03-31,2.1664536768751863,20
2008-04-01,2.119215784101969,20
2008-04-02,2.0943519419899226,20
2008-04-03,2.1075656137354786,20
2008-04-07,2.138353416849413,20
2008-04-08,2.1453854352653847,20
2008-04-09,2.1269934172158482,20
2008-04-10,2.1319152925707967,20
2008-04-11,2.1416769524705184,20
2008-04-14,2.1073089701657906,20
2008-04-15,2.118460294180856,20
2008-04-16,2.1128086555314978,20
2008-04-17,2.0988570546563774,20
2008-04-18,2.0722092528848473,20
2008-04-21,2.064181454728867,20
2008-04-22,2.053331172248766,20
2008-04-23,2.075579071398551,20
2008-04-24,2.1233573193896826,20
2008-04-25,2.1266472822602593,20
2008-04-28,2.121841728570776,20
2008-04-29,2.127452974696947,20
2008-04-30,2.1465374935961425,20
2008-05-05,2.1598941040581043,20
2008-05-06,2.15990276106769,19
2008-05-07,2.1384856418715117,19
2008-05-08,2.1590950678309375,19
2008-05-09,2.159256904198715,19
2008-05-12,2.168091233303728,19
2008-05-13,2.170082381076053,19
2008-05-14,2.184860777555702,19
2008-05-15,2.1805202560810018,19
2008-05-16,2.1773109393059538,19
2008-05-19,2.177324380889716,19
2008-05-20,2.151983077434191,19
2008-05-21,2.1615054857758818,19
2008-05-22,2.1532539471915486,19
2008-05-23,2.149117136173388,19
2008-05-26,2.13571110153163,19
2008-05-27,2.1395982623130627,19
2008-05-28,2.151056800832962,19
2008-05-29,2.138182240189112,19
2008-05-30,2.1407778794115866,19
2008-06-02,2.143194987910957,19
2008-06-03,2.1434380120446415,20
2008-06-04,2.132415223121458,20
2008-06-05,2.1347915123680083,20
2008-06-06,2.1416772156986728,20
2008-06-10,2.0988514958494333,20
2008-06-11,2.082260951549886,20
2008-06-12,2.070645828783673,20
2008-06-13,2.0543595756759023,20
2008-06-16,2.050876434067927,20
2008-06-17,2.046374935445812,20
2008-06-18,2.0702570634671,20
2008-06-19,2.0297719949487036,20
2008-06-20,2.0351571733335443,20
2008-06-23,2.01763920390002,20
2008-06-24,2.0300815937214147,20
2008-06-25,2.0548277683885376,20
2008-06-26,2.0636674303502405,20
2008-06-27,2.034188540831268,20
2008-06-30,2.036497564648972,20
2008-07-01,2.0256507516325617,20
2008-07-02,2.0327502326648696,20
2008-07-03,2.0497734472893367,20
2008-07-04,2.0451387786875506,20
2008-07-07,2.060496455831515,20
2008-07-08,2.0662078753662407,20
2008-07-09,2.07630223511768,20
2008-07-10,2.068017416842903,20
2008-07-11,2.0623918985519727,20
2008-07-14,2.071073457339079,20
2008-07-15,2.0594716659074006,20
2008-07-16,2.044874053440262,20
2008-07-17,2.043780045857937,20
2008-07-18,2.0492682229475787,20
2008-07-21,2.0619685585397245,20
2008-07-22,2.063199599336785,20
2008-07-23,2.0553529422587284,20
2008-07-24,2.063684092262319,20
2008-07-25,2.061519773751328,20
2008-07-28,2.067456616175894,20
2008-07-29,2.061092387027105,20
2008-07-30,2.0569355762780583,20
2008-07-31,2.0428190218944278,20
2008-08-01,2.04417309623338,20
2008-08-04,2.033741515162294,20
2008-08-05,2.023484333869648,20
2008-08-06,2.0204834462983587,20
2008-08-07,2.0204494515982945,20
2008-08-08,1.9946457639740802,20
2008-08-11,1.9713916272438377,20
2008-08-12,1.9734621752842672,20
2008-08-13,1.976748638766168,20
2008-08-14,1.977287983388231,20
2008-08-15,1.974854838655884,20
2008-08-18,1.9457731238760265,20
2008-08-19,1.947096213665462,20
2008-08-20,1.9775104833636554,20
2008-08-21,1.962562859792763,20
2008-08-22,1.9539170680396392,20
2008-08-25,1.949735040165344,20
2008-08-26,1.934167391818981,20
2008-08-27,1.9241701020759565,20
2008-08-28,1.9247945556582076,20
2008-08-29,1.9347236634383185,20
2008-09-01,1.9199904954570561,20
2008-09-02,1.9161402942698804,16
2008-09-03,1.907803997166487,16
2008-09-04,1.9127970679104205,16
2008-09-05,1.9001720907475892,16
2008-09-08,1.886953564597042,16
2008-09-09,1.8893398273532813,16
2008-09-10,1.8885738255369389,16
2008-09-11,1.882314881927121,16
2008-09-12,1.8827713057592865,16
2008-09-16,1.878752689615642,16
2008-09-17,1.8764284400487508,16
2008-09-18,1.8724947125388687,16
2008-09-19,1.9083231552143418,16
2008-09-22,1.9148345496145414,16
2008-09-23,1.8873946431027533,16
2008-09-24,1.8911740541125543,16
2008-09-25,1.9006532883985872,16
2008-09-26,1.9027681225625013,16
2008-10-06,1.8866592928229688,16
2008-10-07,1.8862127471533605,20
2008-10-08,1.8759878012636013,20
2008-10-09,1.8754132923640296,20
2008-10-10,1.8591854388136528,20
2008-10-13,1.8658307167883545,20
2008-10-14,1.857203142494255,20
2008-10-15,1.8527916728131342,20
2008-10-16,1.831660669722316,20
2008-10-17,1.8339105651665424,20
2008-10-20,1.8458174442753037,20
2008-10-21,1.8434721118071988,20
2008-10-22,1.8348857634039828,20
2008-10-23,1.8367057727745677,20
2008-10-24,1.8339967019227128,20
2008-10-27,1.8089270245715587,20
2008-10-28,1.8173177775266094,20
2008-10-29,1.8035483295624186,20
2008-10-30,1.8052817322810908,20
2008-10-31,1.7978965157248585,20
2008-11-03,1.7857406852220121,20
2008-11-04,1.785415351108388,8
2008-11-05,1.7917595997844986,8
2008-11-06,1.7863700611463724,8
2008-11-07,1.7861749733965633,8
2008-11-10,1.8069982248607732,8
2008-11-11,1.8051164701838676,8
2008-11-12,1.8086082748734946,8
2008-11-13,1.8244974134925318,8
2008-11-14,1.838053792892535,8
2008-11-17,1.85489276343769,8
2008-11-18,1.8364817185326279,8
2008-11-19,1.8610269539912772,8
2008-11-20,1.8641886061042694,8
2008-11-21,1.8599885263531428,8
2008-11-24,1.855107277813402,8
2008-11-25,1.8513542751610936,8
2008-11-26,1.8525332155514382,8
2008-11-27,1.8616251775546322,8
2008-11-28,1.8709533072530853,8
2008-12-01,1.8801949733145085,8
2008-12-02,1.88381988577258,20
2008-12-03,1.8938888649737766,20
2008-12-04,1.890801374842945,20
2008-12-05,1.8972590962587847,20
2008-12-08,1.9120833435627012,20
2008-12-09,1.906117270926712,20
2008-12-10,1.9137477656103683,20
2008-12-11,1.9029696645098069,20
2008-12-12,1.887239005854035,20
2008-12-15,1.8976591087958055,20
2008-12-16,1.9083396623398206,20
2008-12-17,1.9135588765478664,20
2008-12-18,1.9188797885584006,20
2008-12-19,1.92654757968241,20
2008-12-22,1.930865400457968,20
2008-12-23,1.9140661338181668,20
2008-12-24,1.9116552113628806,20
2008-12-25,1.9150205071120912,20
2008-12-26,1.9137083335013927,20
2008-12-29,1.915284163681768,20
2008-12-30,1.9191342697374898,20
2008-12-31,1.9170953926060987,20
2009-01-05,1.9293051002067212,20
2009-01-06,1.9376628133867861,20
2009-01-07,1.9377104375239769,20
2009-01-08,1.931608495903491,20
2009-01-09,1.9470140227859045,20
2009-01-12,1.9505044309932391,20
2009-01-13,1.9355325031218524,20
2009-01-14,1.9490981314301534,20
2009-01-15,1.9501588090547606,20
2009-01-16,1.9459601382781138,20
2009-01-19,1.9436326350585056,20
2009-01-20,1.9468307572766588,20
2009-01-21,1.9469869817372105,20
2009-01-22,1.9536481188837038,20
2009-01-23,1.9522273600418976,20
2009-02-02,1.9610525846114555,20
2009-02-03,1.9726216556208314,19
2009-02-04,1.974943397605386,19
2009-02-05,1.9701950566317041,19
2009-02-06,1.9840809127638221,19
2009-02-09,1.9937128432535425,19
2009-02-10,2.0037781415455282,19
2009-02-11,1.9974584780570916,19
2009-02-12,2.0033963991195383,19
2009-02-13,2.0173943145763675,19
2009-02-16,2.020550447109762,19
2009-02-17,2.004084950016843,19
2009-02-18,1.9871853360678458,19
2009-02-19,1.995991490729528,19
2009-02-20,2.0088051052218256,19
2009-02-23,2.020044411863546,19
2009-02-24,2.003985381602974,19
2009-02-25,2.0056623896145,19
2009-02-26,1.975540480362175,19
2009-02-27,1.9573022677598195,19
2009-03-02,1.9692051162222133,19
2009-03-03,1.9741748467171014,20
2009-03-04,2.0199257845530716,20
2009-03-05,2.03282474575021,20
2009-03-06,2.028389264241251,20
2009-03-09,1.9930525190746353,20
2009-03-10,2.015198364242595,20
2009-03-11,2.0118585220775107,20
2009-03-12,2.0179087080653195,20
2009-03-13,2.02252826482235,20
2009-03-16,2.0341150166709725,20
2009-03-17,2.0647767799462007,20
2009-03-18,2.0723803665244573,20
2009-03-19,2.08567474172716,20
2009-03-20,2.0789718083791304,20
2009-03-23,2.0997414770987746,20
2009-03-24,2.0951208182197956,20
2009-03-25,2.0776574418286105,20
2009-03-26,2.0960577769024518,20
2009-03-27,2.0989120455806725,20
2009-03-30,2.1085099109092917,20
2009-03-31,2.119099648163112,20
2009-04-01,2.1277346311682774,20
2009-04-02,2.1454969559319026,20
2009-04-03,2.149618255377908,20
2009-04-07,2.1681947859332618,20
2009-04-08,2.1453812477088556,20
2009-04-09,2.169782067904758,20
2009-04-10,2.194607823542138,20
2009-04-13,2.2124037283449063,20
2009-04-14,2.235715130164068,20
2009-04-15,2.254935757257818,20
2009-04-16,2.265215855497289,20
2009-04-17,2.246954088827605,20
2009-04-20,2.2742009550299978,20
2009-04-21,2.2663144330490637,20
2009-04-22,2.2152330102619078,20
2009-04-23,2.231359645243209,20
2009-04-24,2.234673336818481,20
2009-04-27,2.1928132678773102,20
2009-04-28,2.2157775976864857,20
2009-04-29,2.2343324422236233,20
2009-04-30,2.259672968041121,20
2009-05-04,2.2939609841338275,20
2009-05-05,2.3035633018865918,20
2009-05-06,2.316016853450569,20
2009-05-07,2.3075079643131313,20
2009-05-08,2.294607051517689,20
2009-05-11,2.2537017921969005,20
2009-05-12,2.2794937450866293,20
2009-05-13,2.2950823310456228,20
2009-05-14,2.3029425516215682,20
2009-05-15,2.3012650246290174,20
2009-05-18,2.3018409368224293,20
2009-05-19,2.3087312848500003,20
2009-05-20,2.2989538766760655,20
2009-05-21,2.2656072735697053,20
2009-05-22,2.2642894512151472,20
2009-05-25,2.2556778524998182,20
2009-05-26,2.2642354258627178,20
2009-05-27,2.264305260258016,20
2009-06-01,2.287599797748142,20
2009-06-02,2.2890868297615654,20
2009-06-03,2.2879807537635424,20
2009-06-04,2.2749960557933657,20
2009-06-05,2.274461986533325,20
2009-06-08,2.261393820740589,20
2009-06-09,2.270071975706177,20
2009-06-10,2.288854213080231,20
2009-06-11,2.284138817771793,20
2009-06-12,2.256053507534145,20
2009-06-15,2.2673736610985804,20
2009-06-16,2.275472162634922,20
2009-06-17,2.2879089291527985,20
2009-06-18,2.29579136506158,20
2009-06-19,2.298231296823595,20
2009-06-22,2.283132257549394,20
2009-06-23,2.2859040747071737,20
2009-06-24,2.309361020712277,20
2009-06-25,2.3286824537139568,20
2009-06-26,2.3247643459793874,20
2009-06-29,2.3269672395446492,20
2009-06-30,2.323693885018142,20
2009-07-01,2.3248214479250264,20
2009-07-02,2.329566141502512,20
2009-07-03,2.3368238966399177,20
2009-07-06,2.3467000323636036,20
2009-07-07,2.3836047880390443,20
2009-07-08,2.3825579937529517,20
2009-07-09,2.443857325763815,20
2009-07-10,2.4601823916834045,20
2009-07-13,2.4765654815146165,20
2009-07-14,2.50805268008071,20
2009-07-15,2.5181307112931957,20
2009-07-16,2.5099345818022543,20
2009-07-17,2.5369528869671165,20
2009-07-20,2.5696364489226875,20
2009-07-21,2.5181335694616553,20
2009-07-22,2.540506745592805,20
2009-07-23,2.547194142865707,20
2009-07-24,2.5325246514840356,20
2009-07-27,2.556134131582182,20
2009-07-28,2.577298093767343,20
2009-07-29,2.5080981179799124,20
2009-07-30,2.5332968385620958,20
2009-07-31,2.5832352824199605,20
2009-08-03,2.598959296582688,20
2009-08-04,2.627959045325937,20
2009-08-05,2.652814159731303,20
2009-08-06,2.639593357731234,20
2009-08-07,2.608278443110854,20
2009-08-10,2.642396476077499,20
2009-08-11,2.647138988736283,20
2009-08-12,2.550587430590685,20
2009-08-13,2.5494645293643012,20
2009-08-14,2.465371237977968,20
2009-08-17,2.3454073921495238,20
2009-08-18,2.372648063577195,20
2009-08-19,2.3070310310854145,20
2009-08-20,2.3683692511817642,20
2009-08-21,2.4161360849873286,20
2009-08-24,2.4469937500189576,20
2009-08-25,2.4079459580031624,20
2009-08-26,2.4657549078351266,20
2009-08-27,2.475525516295576,20
2009-08-28,2.4273894874057294,20
2009-08-31,2.3248539159711394,20
2009-09-01,2.3354374474342343,20
2009-09-02,2.3457038402001573,20
2009-09-03,2.4144180526237595,20
2009-09-04,2.442677360861975,20
2009-09-07,2.46944984554122,20
2009-09-08,2.4943649475157588,20
2009-09-09,2.512209795999678,20
2009-09-10,2.4909037001957963,20
2009-09-11,2.514218530612513,20
2009-09-14,2.551011793785677,20
2009-09-15,2.5654237125381543,20
2009-09-16,2.5741497262166337,20
2009-09-17,2.624243185195546,20
2009-09-18,2.5587077050949016,20
2009-09-21,2.5820288830602793,20
2009-09-22,2.5741177650984484,20
2009-09-23,2.5423540417622923,20
2009-09-24,2.516836848677635,20
2009-09-25,2.5274189504455022,20
2009-09-28,2.472218327691713,20
2009-09-29,2.4408297673540273,20
2009-09-30,2.47140855146524,20
2009-10-09,2.546102542097892,20
2009-10-12,2.556398161391909,20
2009-10-13,2.586925046215558,20
2009-10-14,2.595840097232298,20
2009-10-15,2.615729450353758,20
2009-10-16,2.624076223148034,20
2009-10-19,2.647264021295704,20
2009-10-20,2.6657323250241522,20
2009-10-21,2.6470431515633073,20
2009-10-22,2.648872836978095,20
2009-10-23,2.6634460016404677,20
2009-10-26,2.6792006655927327,20
2009-10-27,2.6554835772269625,20
2009-10-28,2.6850155314367004,20
2009-10-29,2.6706517832178345,20
2009-10-30,2.673346723790953,20
2009-11-02,2.712214875702901,20
2009-11-03,2.7469313400233757,20
2009-11-04,2.777448157681086,20
2009-11-05,2.7942307145715546,20
2009-11-06,2.802066109754326,20
2009-11-09,2.8194871125327707,20
2009-11-10,2.80866849418607,20
2009-11-11,2.817900350491624,20
2009-11-12,2.831365767918435,20
2009-11-13,2.8618395114988804,20
2009-11-16,2.8902644077124657,20
2009-11-17,2.897906048183199,20
2009-11-18,2.9031612531778905,20
2009-11-19,2.9293901750427915,20
2009-11-20,2.944486938492173,20
2009-11-23,2.97699297430911,20
2009-11-24,2.8921724149070713,20
2009-11-25,2.953356286341245,20
2009-11-26,2.8542158532210666,20
2009-11-27,2.8396519273054954,20
2009-11-30,2.9234114433834537,20
2009-12-01,2.9759053024674236,20
2009-12-02,3.006804861872495,20
2009-12-03,3.0293821360314337,20
2009-12-04,2.9798324918556114,20
2009-12-07,3.0117236553661924,20
2009-12-08,3.011214283686483,20
2009-12-09,2.9990387786683637,20
2009-12-10,3.0163508288167646,20
2009-12-11,3.0132014255658106,20
2009-12-14,3.0080992096920975,20
2009-12-15,3.0133864877470455,20
2009-12-16,2.9960632533641687,20
2009-12-17,2.9438853933209925,20
2009-12-18,2.888511347126743,20
2009-12-21,2.9196474170679023,20
2009-12-22,2.881200024118437,20
2009-12-23,2.9175999336798895,20
2009-12-24,2.979993136922111,20
2009-12-25,2.988795365134465,20
2009-12-28,3.015846492710738,20
2009-12-29,3.0356102117511847,20
2009-12-30,3.014726394281759,20
2009-12-31,3.0323359271629617,20
2010-01-04,3.052891260145892,20
2010-01-05,3.070820231497648,20
2010-01-06,3.062566481449774,20
2010-01-07,3.0156354645063335,20
2010-01-08,3.028196671402469,20
2010-01-11,3.065256041437548,20
2010-01-12,3.1187170336230277,20
2010-01-13,3.1198079978861513,20
2010-01-14,3.1860079304816367,20
2010-01-15,3.213007703046622,20
2010-01-18,3.2467889426143755,20
2010-01-19,3.2301402831161448,20
2010-01-20,3.1394064016467693,20
2010-01-21,3.1486541559946755,20
2010-01-22,3.078357759794941,20
2010-01-25,3.050788665951381,20
2010-01-26,2.985415053581624,20
2010-01-27,2.9908111198575495,20
2010-01-28,3.0326447128733296,20
2010-01-29,3.0488304924322294,20
2010-02-01,3.0357351507282906,20
2010-02-02,3.011811062884193,20
2010-02-03,3.0126816199033817,20
2010-02-04,3.0034728281945093,20
2010-02-05,2.9586006304046633,20
2010-02-08,2.94544970629828,20
2010-02-09,2.964856325063506,20
2010-02-10,3.0052198022525474,20
2010-02-11,3.0085230724032175,20
2010-02-12,3.0423527211630934,20
2010-02-22,3.0379379890252056,20
2010-02-23,3.0373926311538297,20
2010-02-24,3.115695362620109,20
2010-02-25,3.1584370093234635,20
2010-02-26,3.157155429774611,20
2010-03-01,3.1726051215462405,20
2010-03-02,3.170280469553485,20
2010-03-03,3.1847921974666384,20
2010-03-04,3.127161064355975,20
2010-03-05,3.134491765568982,20
2010-03-08,3.1435030183018426,20
2010-03-09,3.1437783476429577,20
2010-03-10,3.1109635127335946,20
2010-03-11,3.1077516200633557,20
2010-03-12,3.083597895913652,20
2010-03-15,3.06945172486374,20
2010-03-16,3.076515822620224,20
2010-03-17,3.127971299382039,20
2010-03-18,3.1251295634345793,20
2010-03-19,3.1320863722542387,20
2010-03-22,3.1401782660834723,20
2010-03-23,3.1579486127816723,20
2010-03-24,3.189193844542376,20
2010-03-25,3.1673536493584424,20
2010-03-26,3.182902383684018,20
2010-03-29,3.1921392123211936,20
2010-03-30,3.1978033657242784,20
2010-03-31,3.2204845620861575,20
2010-04-01,3.260117908849922,20
2010-04-02,3.260704918629524,20
2010-04-06,3.26462983355952,20
2010-04-07,3.275377548656684,20
2010-04-08,3.2570839142839216,20
2010-04-09,3.299611400960737,20
2010-04-12,3.3134321474884416,20
2010-04-13,3.285438237081638,20
2010-04-14,3.307379365543835,20
2010-04-15,3.2680457678792694,20
2010-04-16,3.2777762901417407,20
2010-04-19,3.2056581485642437,20
2010-04-20,3.238352455809568,20
2010-04-21,3.315801880874212,20
2010-04-22,3.336488911774019,20
2010-04-23,3.3170145264893796,20
2010-04-26,3.3177360059071566,20
2010-04-27,3.2687138112241083,20
2010-04-28,3.2454961810194787,20
2010-04-29,3.188902130068588,20
2010-04-30,3.139145076016404,20
2010-05-04,3.1414270534825026,20
2010-05-05,3.196402529756665,20
2010-05-06,3.125070997967169,20
2010-05-07,3.0931415669792774,20
2010-05-10,3.0473936598999773,20
2010-05-11,2.9992746014001157,20
2010-05-12,2.9751192072658856,20
2010-05-13,3.022689860455906,20
2010-05-14,3.022359858728821,20
2010-05-17,2.9278362614945492,20
2010-05-18,2.941433662106034,20
2010-05-19,2.9637670884681557,20
2010-05-20,2.9675032232105814,20
2010-05-21,3.03352783270877,20
2010-05-24,3.106153376016321,20
2010-05-25,3.086402255994691,20
2010-05-26,3.0863807595724926,20
2010-05-27,3.137207357838634,20
2010-05-28,3.1405204819528603,20
2010-05-31,3.113926405852843,20
2010-06-01,3.1008884388584885,20
2010-06-02,3.117852313928475,20
2010-06-03,3.1234122919091414,20
2010-06-04,3.1594987762413997,20
2010-06-07,3.197657583480001,20
2010-06-08,3.2105860831404387,20
2010-06-09,3.2198827174146647,20
2010-06-10,3.239410716636629,20
2010-06-11,3.2410728474005928,20
2010-06-17,3.2043779616260823,20
2010-06-18,3.1451724569123587,20
2010-06-21,3.1811434391924425,20
2010-06-22,3.1816966290408524,20
2010-06-23,3.1896773960501568,20
2010-06-24,3.1869320336649904,20
2010-06-25,3.1601071314396676,20
2010-06-28,3.1447425162119025,20
2010-06-29,3.0790825471542793,20
2010-06-30,3.0816965206984333,20
2010-07-01,3.0593741248665767,20
2010-07-02,3.0541418541811067,20
2010-07-05,3.051869332832386,20
2010-07-06,3.077935946546096,20
2010-07-07,3.085883506750823,20
2010-07-08,3.0941180391730696,20
2010-07-09,3.1124766821904264,20
2010-07-12,3.108237638199631,20
2010-07-13,3.1086604504746873,20
2010-07-14,3.10163758006793,20
2010-07-15,3.0838141664745264,20
2010-07-16,3.0880043238747845,20
2010-07-19,3.109015398761388,20
2010-07-20,3.1290836974611334,20
2010-07-21,3.1273276987014764,20
2010-07-22,3.1334580075882235,20
2010-07-23,3.137306607069236,20
2010-07-26,3.1411756752078426,20
2010-07-27,3.1301668153373985,20
2010-07-28,3.1448143799288686,20
2010-07-29,3.1475146821198776,20
2010-07-30,3.1561196075702673,20
2010-08-02,3.1657203893360752,20
2010-08-03,3.1552684671780584,20
2010-08-04,3.1585946568495338,20
2010-08-05,3.160470503909937,20
2010-08-06,3.181493677845811,20
2010-08-09,3.1951091518175323,20
2010-08-10,3.167128397195332,20
2010-08-11,3.1736441907363355,20
2010-08-12,3.163845111259321,20
2010-08-13,3.1794223383038993,20
2010-08-16,3.2004566607018563,20
2010-08-17,3.2043325585558393,20
2010-08-18,3.198167758278883,20
2010-08-19,3.1971194001707386,20
2010-08-20,3.182005493433003,20
2010-08-23,3.180321854985942,20
2010-08-24,3.181537901729515,20
2010-08-25,3.1619951104307282,20
2010-08-26,3.163913776007298,20
2010-08-27,3.176522029882017,20
2010-08-30,3.1956538558958,20
2010-08-31,3.1945155092459245,20
2010-09-01,3.1448533534657668,20
2010-09-02,3.180802106892113,20
2010-09-03,3.212396783724179,20
2010-09-06,3.1786386282222767,20
2010-09-07,3.186224896206753,20
2010-09-08,3.1995553283761726,20
2010-09-09,3.188610453470787,20
2010-09-10,3.201148656861337,20
2010-09-13,3.2145836607001836,20
2010-09-14,3.2152213091961532,20
2010-09-15,3.1673027213736997,20
2010-09-16,3.126887763435493,20
2010-09-17,3.1370886153776776,20
2010-09-20,3.10950709364856,20
2010-09-21,3.095772341867772,20
2010-09-27,3.125133272751145,20
2010-09-28,3.121629855256229,20
2010-09-29,3.1032376586288084,20
2010-09-30,3.1251939992318802,20
2010-10-08,3.1633479254212395,20
2010-10-11,3.105246771398571,20
2010-10-12,3.0961700854931764,20
2010-10-13,3.0851403459773636,20
2010-10-14,3.0442747143858706,20
2010-10-15,3.0212474136340197,20
2010-10-18,3.012189860184531,20
2010-10-19,3.082287478518992,20
2010-10-20,3.090194738532269,20
2010-10-21,3.082273323593965,20
2010-10-22,3.1153418768842585,20
2010-10-25,3.169207736949559,20
2010-10-26,3.1599129093774683,20
2010-10-27,3.1620710475798037,20
2010-10-28,3.164428606560641,20
2010-10-29,3.1974438059617545,20
2010-11-01,3.2671377747982326,20
2010-11-02,3.2254029159924986,19
2010-11-03,3.1802717656173707,19
2010-11-04,3.2133888035477107,19
2010-11-05,3.2401991812058357,19
2010-11-08,3.3211591282975412,19
2010-11-09,3.3526816979145027,19
2010-11-10,3.3701090546337538,19
2010-11-11,3.3289763238465744,19
2010-11-12,3.191431553346399,19
2010-11-15,3.3061934317412405,19
2010-11-16,3.281677491713771,19
2010-11-17,3.21842666346444,19
2010-11-18,3.2614597075514116,19
2010-11-19,3.3570828628669562,19
2010-11-22,3.410255912255733,19
2010-11-23,3.4262844630367284,19
2010-11-24,3.4759982631901023,19
2010-11-25,3.450911014751268,19
2010-11-26,3.44635309887818,19
2010-11-29,3.473513795318681,19
2010-11-30,3.3752261008703277,19
2010-12-01,3.3796626335032465,19
2010-12-02,3.3920935463439017,20
2010-12-03,3.356636178407373,20
2010-12-06,3.3048440580424714,20
2010-12-07,3.345951393895361,20
2010-12-08,3.3331463330456144,20
2010-12-09,3.3047151178938834,20
2010-12-10,3.3380865481557422,20
2010-12-13,3.4222428565973675,20
2010-12-14,3.447487695463685,20
2010-12-15,3.435748512446818,20
2010-12-16,3.4597434476922464,20
2010-12-17,3.4662889303885493,20
2010-12-20,3.407194301045008,20
2010-12-21,3.4269176224996496,20
2010-12-22,3.400879986389876,20
2010-12-23,3.353227333900607,20
2010-12-24,3.2978797091899184,20
2010-12-27,3.2235398900552017,20
2010-12-28,3.182603356923099,20
2010-12-29,3.2221546272322175,20
2010-12-30,3.231233398345123,20
2010-12-31,3.274757695414955,20
2011-01-04,3.2873253986399,20
2011-01-05,3.291710854458094,20
2011-01-06,3.277903179528473,20
2011-01-07,3.2564461967387643,20
2011-01-10,3.1841166682509434,20
2011-01-11,3.1605590979447156,20
2011-01-12,3.166489081227766,20
2011-01-13,3.173163639926381,20
2011-01-14,3.123298224356568,20
2011-01-17,3.0142754582202853,20
2011-01-18,3.020831238542358,20
2011-01-19,3.0649988013677,20
2011-01-20,2.983211622407311,20
2011-01-21,2.9819911557810714,20
2011-01-24,2.929822452085846,20
2011-01-25,2.9106602742509042,20
2011-01-26,2.945142856167852,20
2011-01-27,2.9741229324690854,20
2011-01-28,2.977981827064508,20
2011-01-31,2.9949551352621273,20
2011-02-01,3.0060456925861545,20
2011-02-09,3.0016780153836304,20
2011-02-10,3.058405941886528,20
2011-02-11,3.0640168070430445,20
2011-02-14,3.089972400236865,20
2011-02-15,3.1099797851208533,20
2011-02-16,3.1381359502739623,20
2011-02-17,3.155066758236564,20
2011-02-18,3.12859337276239,20
2011-02-21,3.169695011402433,20
2011-02-22,3.115044861872444,20
2011-02-23,3.136175480626835,20
2011-02-24,3.1433231759228764,20
2011-02-25,3.136692154321943,20
2011-02-28,3.1626231463983956,20
2011-03-01,3.1707343196588997,20
2011-03-02,3.1720683193799624,20
2011-03-03,3.123254272908275,20
2011-03-04,3.13487307881927,20
2011-03-07,3.153539079953821,20
2011-03-08,3.172600219323916,20
2011-03-09,3.1809548137987718,20
2011-03-10,3.2031748670980584,20
2011-03-11,3.219874889275228,20
2011-03-14,3.2498370891608714,20
2011-03-15,3.223525567210221,20
2011-03-16,3.238130919972032,20
2011-03-17,3.1784813584955525,20
2011-03-18,3.1847718607162285,20
2011-03-21,3.173759046399537,20
2011-03-22,3.170942799294618,20
2011-03-23,3.1848010926960186,20
2011-03-24,3.1722770959081705,20
2011-03-25,3.1739126528057344,20
2011-03-28,3.14170663811903,20
2011-03-29,3.0796979832457065,20
2011-03-30,3.0647415869336756,20
2011-03-31,3.0581558658088217,20
2011-04-01,3.0849276449986354,20
2011-04-06,3.058265017528063,20
2011-04-07,3.0700206906622762,20
2011-04-08,3.110916071088726,20
2011-04-11,3.073201229234823,20
2011-04-12,3.057540631121474,20
2011-04-13,3.103441378598514,20
2011-04-14,3.092368693809582,20
2011-04-15,3.088452801534891,20
2011-04-18,3.085580843087136,20
2011-04-19,3.0764334512464697,20
2011-04-20,3.1029155924059952,20
2011-04-21,3.1204516233682145,20
2011-04-22,3.106404854422095,20
2011-04-25,3.0537731438093343,20
2011-04-26,3.026906703129188,20
2011-04-27,2.979433376515242,20
2011-04-28,2.9142448434625856,20
2011-04-29,2.9526378133620312,20
2011-05-03,2.9597790385015026,20
2011-05-04,2.907745146701997,19
2011-05-05,2.9131303000079436,19
2011-05-06,2.9240480944175107,19
2011-05-09,2.940207757141439,19
2011-05-10,2.9521573050510392,19
2011-05-11,2.9653149274217276,19
2011-05-12,2.9375398753421025,19
2011-05-13,2.93408558818213,19
2011-05-16,2.9356812992491124,19
2011-05-17,2.9427445639156438,19
2011-05-18,2.9370003681878813,19
2011-05-19,2.925802462899366,19
2011-05-20,2.908530325545045,19
2011-05-23,2.844870565424881,19
2011-05-24,2.8510186769206616,19
2011-05-25,2.8286718447540053,19
2011-05-26,2.806821468483283,19
2011-05-27,2.772463038959676,19
2011-05-30,2.769277287783537,19
2011-05-31,2.783597271652931,19
2011-06-01,2.794140013488216,19
2011-06-02,2.776063768292471,20
2011-06-03,2.795927457882746,20
2011-06-07,2.800479556804103,20
2011-06-08,2.795151815655826,20
2011-06-09,2.7775861220871563,20
2011-06-10,2.7737132731842946,20
2011-06-13,2.77636021907201,20
2011-06-14,2.7847025180389626,20
2011-06-15,2.7722706623402136,20
2011-06-16,2.750835011058816,20
2011-06-17,2.740085892196307,20
2011-06-20,2.7288178214180343,20
2011-06-21,2.7428571449308494,20
2011-06-22,2.7391847105124194,20
2011-06-23,2.7673063094419814,20
2011-06-24,2.7873514073468826,20
2011-06-27,2.7947015321648876,20
2011-06-28,2.799839687989801,20
2011-06-29,2.78956998926566,20
2011-06-30,2.7969465279981995,20
2011-07-01,2.801588362288354,20
2011-07-04,2.8247410586411323,20
2011-07-05,2.834135689315851,20
2011-07-06,2.8425293329494954,20
2011-07-07,2.847835008795839,20
2011-07-08,2.8433813807637836,20
2011-07-11,2.851744361645533,20
2011-07-12,2.8353275128546964,20
2011-07-13,2.8503766559744443,20
2011-07-14,2.8668635641046367,20
2011-07-15,2.883602329374086,20
2011-07-18,2.8770147355640945,20
2011-07-19,2.8601167712899835,20
2011-07-20,2.86471249308961,20
2011-07-21,2.851580821919524,20
2011-07-22,2.858163345830785,20
2011-07-25,2.8225102966802047,20
2011-07-26,2.8216397351580595,20
2011-07-27,2.8406176457407093,20
2011-07-28,2.847066121622106,20
2011-07-29,2.834630200984737,20
2011-08-01,2.836002968238002,20
2011-08-02,2.839985726804786,20
2011-08-03,2.843862007482885,20
2011-08-04,2.8386020214738994,20
2011-08-05,2.822056903997029,20
2011-08-08,2.7789905660081478,20
2011-08-09,2.7794572320646274,20
2011-08-10,2.7893413044479165,20
2011-08-11,2.8022681626159756,20
2011-08-12,2.809962044888598,20
2011-08-15,2.8269696041176786,20
2011-08-16,2.8196861893599885,20
2011-08-17,2.818850472413107,20
2011-08-18,2.807531995330474,20
2011-08-19,2.80574181952098,20
2011-08-22,2.7987052737918403,20
2011-08-23,2.8105743021345373,20
2011-08-24,2.8162823323746484,20
2011-08-25,2.8244423795825497,20
2011-08-26,2.834653926449901,20
2011-08-29,2.8324466561776447,20
2011-08-30,2.8235619494712045,20
2011-08-31,2.8185106845220322,20
2011-09-01,2.8109914445605626,20
2011-09-02,2.8024090348445405,20
2011-09-05,2.7834164357167817,20
2011-09-06,2.774881102007684,20
2011-09-07,2.7906903544504473,20
2011-09-08,2.783593097607655,20
2011-09-09,2.7757036003828115,20
2011-09-13,2.7655993851272664,20
2011-09-14,2.775496695457605,20
2011-09-15,2.776505246271788,20
2011-09-16,2.776603960657414,20
2011-09-19,2.7617783570636445,20
2011-09-20,2.7665234115592305,20
2011-09-21,2.7855917088730995,20
2011-09-22,2.7646108458553655,20
2011-09-23,2.7593498506364935,20
2011-09-26,2.7533084695995473,20
2011-09-27,2.7542892663694136,20
2011-09-28,2.7451352214266085,20
2011-09-29,2.7257684086220304,20
2011-09-30,2.7249141583702485,20
2011-10-10,2.72305541553075,20
2011-10-11,2.723968611974877,20
2011-10-12,2.7451744678545507,20
2011-10-13,2.754635294238141,20
2011-10-14,2.7482674404721905,20
2011-10-17,2.7546583359213885,20
2011-10-18,2.738324059398423,20
2011-10-19,2.7352061965532637,20
2011-10-20,2.714770546319894,20
2011-10-21,2.7049614458430526,20
2011-10-24,2.7163957688027853,20
2011-10-25,2.731920443526569,20
2011-10-26,2.735242381437653,20
2011-10-27,2.7332928201249964,20
2011-10-28,2.744314630014323,20
2011-10-31,2.748346637366281,20
2011-11-01,2.7435959038167868,20
2011-11-02,2.754516958925792,20
2011-11-03,2.755852036687237,20
2011-11-04,2.759596037657938,20
2011-11-07,2.75880683978552,20
2011-11-08,2.7501020598628663,20
2011-11-09,2.765214502059268,20
2011-11-10,2.7621416092713167,20
2011-11-11,2.759845545515678,20
2011-11-14,2.7748794950246127,20
2011-11-15,2.7796406268543286,20
2011-11-16,2.7644746267126923,20
2011-11-17,2.7705671239586054,20
2011-11-18,2.7524308520717495,20
2011-11-21,2.7502018678565516,20
2011-11-22,2.7532755257567287,20
2011-11-23,2.751213349219581,20
2011-11-24,2.745997838653141,20
2011-11-25,2.741497490078811,20
2011-11-28,2.744061123827235,20
2011-11-29,2.755774335588155,20
2011-11-30,2.725155801000167,20
2011-12-01,2.734065741247565,20
2011-12-02,2.724667371428564,20
2011-12-05,2.7024434554676513,20
2011-12-06,2.7095726537641642,20
2011-12-07,2.7153712751076498,20
2011-12-08,2.7200747636197136,20
2011-12-09,2.7115225179267464,20
2011-12-12,2.704242059157575,20
2011-12-13,2.6913480707916024,20
2011-12-14,2.6817856520888355,20
2011-12-15,2.673096445366248,20
2011-12-16,2.6912244598456487,20
2011-12-19,2.697948693992926,20
2011-12-20,2.6917521913649063,20
2011-12-21,2.6781098877219374,20
2011-12-22,2.6701726490688094,20
2011-12-23,2.6727279191392603,20
2011-12-26,2.667356505593474,20
2011-12-27,2.6476788794634367,20
2011-12-28,2.641645041978962,20
2011-12-29,2.6444057209942256,20
2011-12-30,2.6533331643930222,20
2012-01-04,2.63954471042648,20
2012-01-05,2.6152875626784464,20
2012-01-06,2.619623556028812,20
2012-01-09,2.641066266660696,20
2012-01-10,2.6602824044603794,20
2012-01-11,2.6600527926683055,20
2012-01-12,2.6576165394008564,20
2012-01-13,2.63363976367114,20
2012-01-16,2.6086625362429836,20
2012-01-17,2.636322057961732,20
2012-01-18,2.6141608558534797,20
2012-01-19,2.61811779612511,20
2012-01-20,2.624533385892577,20
2012-01-30,2.62458502804204,20
2012-01-31,2.6268689463689383,20
2012-02-01,2.6207914987764305,20
2012-02-02,2.631630479753638,20
2012-02-03,2.6389540506429814,20
2012-02-06,2.641811514685559,20
2012-02-07,2.633650674210774,20
2012-02-08,2.645058687442968,20
2012-02-09,2.649048287603971,20
2012-02-10,2.652343452618178,20
2012-02-13,2.6640541445202577,20
2012-02-14,2.661716728418297,20
2012-02-15,2.6695424181628935,20
2012-02-16,2.6674753709057986,20
2012-02-17,2.6658335084433293,20
2012-02-20,2.670012929413027,20
2012-02-21,2.677501844740326,20
2012-02-22,2.6938336975994277,20
2012-02-23,2.696214293016369,20
2012-02-24,2.6996556387413344,20
2012-02-27,2.699956547273522,20
2012-02-28,2.702534608530932,20
2012-02-29,2.6929597308703372,20
2012-03-01,2.692768052918818,20
2012-03-02,2.703730802150782,20
2012-03-05,2.703511077153427,20
2012-03-06,2.6965526115032787,20
2012-03-07,2.694344015766427,20
2012-03-08,2.7029700488080093,20
2012-03-09,2.7154237365088134,20
2012-03-12,2.7217401622010184,20
2012-03-13,2.7273863208654787,20
2012-03-14,2.6942754905808606,20
2012-03-15,2.684560159239355,20
2012-03-16,2.697542290150829,20
2012-03-19,2.7097585416733923,20
2012-03-20,2.6912049890072116,20
2012-03-21,2.6930812638165404,20
2012-03-22,2.692372215316526,20
2012-03-23,2.6816570429346394,20
2012-03-26,2.678950186963727,20
2012-03-27,2.6789014590603917,20
2012-03-28,2.6428413480364736,20
2012-03-29,2.631125802624819,20
2012-03-30,2.6281466014423813,20
2012-04-05,2.642937034678606,20
2012-04-06,2.650861291936527,20
2012-04-09,2.641750255437638,20
2012-04-10,2.647311737339439,20
2012-04-11,2.6476230675128174,20
2012-04-12,2.6601673896787053,20
2012-04-13,2.6673823238031913,20
2012-04-16,2.6684557384017884,20
2012-04-17,2.6585074508760087,20
2012-04-18,2.6723863829767023,20
2012-04-19,2.671287183833723,20
2012-04-20,2.674941811727782,20
2012-04-23,2.6533618480093235,20
2012-04-24,2.6459137626030254,20
2012-04-25,2.6530812130027313,20
2012-04-26,2.6588912985060618,20
2012-04-27,2.6576410977355587,20
2012-05-02,2.6694754116286195,20
2012-05-03,2.6798733644741306,20
2012-05-04,2.6939152586763253,20
2012-05-07,2.706938062036578,20
2012-05-08,2.7076047887095878,20
2012-05-09,2.6867280692275712,20
2012-05-10,2.6919490394399896,20
2012-05-11,2.6836250404021373,20
2012-05-14,2.683200665261303,20
2012-05-15,2.6902802901822205,20
2012-05-16,2.67962921239335,20
2012-05-17,2.691407460914488,20
2012-05-18,2.6816126281474753,20
2012-05-21,2.685599611075408,20
2012-05-22,2.7034811241726735,20
2012-05-23,2.6987938326371044,20
2012-05-24,2.6951517662709024,20
2012-05-25,2.676159251669111,20
2012-05-28,2.679405555106439,20
2012-05-29,2.69630443017468,20
2012-05-30,2.7008497836378207,20
2012-05-31,2.70625656878297,20
2012-06-01,2.7089754670290787,20
2012-06-04,2.6754220498681267,20
2012-06-05,2.6663041211584044,20
2012-06-06,2.666385422830539,20
2012-06-07,2.662095237165376,20
2012-06-08,2.658281865435764,20
2012-06-11,2.6789221378103827,20
2012-06-12,2.6788485836075773,20
2012-06-13,2.701553539972798,20
2012-06-14,2.7012173726735256,20
2012-06-15,2.699418826014541,20
2012-06-18,2.714472923538963,20
2012-06-19,2.714334808715336,20
2012-06-20,2.7200672269092148,20
2012-06-21,2.700594305275214,20
2012-06-25,2.67231817319463,20
2012-06-26,2.676615454534764,20
2012-06-27,2.6751457019334817,20
2012-06-28,2.655843519283528,20
2012-06-29,2.671020434782255,20
2012-07-02,2.6789938629418444,20
2012-07-03,2.6847568961167725,20
2012-07-04,2.681584457452783,20
2012-07-05,2.6607431177561742,20
2012-07-06,2.676736404601316,20
2012-07-09,2.6556598420603326,20
2012-07-10,2.6444826180603545,20
2012-07-11,2.6543175724325283,20
2012-07-12,2.6705758072463532,20
2012-07-13,2.6514463021543055,20
2012-07-16,2.605190783489839,20
2012-07-17,2.6185823439516285,20
2012-07-18,2.629693198097794,20
2012-07-19,2.639723947084988,20
2012-07-20,2.6334213162170235,20
2012-07-23,2.626013457225686,20
2012-07-24,2.6371977114360914,20
2012-07-25,2.6336601076937445,20
2012-07-26,2.6274776908356445,20
2012-07-27,2.627910035067838,20
2012-07-30,2.6142777094273533,20
2012-07-31,2.6003612445683313,20
2012-08-01,2.610804944213922,20
2012-08-02,2.602659861058888,20
2012-08-03,2.6273015985753885,20
2012-08-06,2.653630773392935,20
2012-08-07,2.664224197003657,20
2012-08-08,2.658132419682487,20
2012-08-09,2.6738051245928025,20
2012-08-10,2.6714692073837973,20
2012-08-13,2.656064025710658,20
2012-08-14,2.6592736140660285,20
2012-08-15,2.6499644860807687,20
2012-08-16,2.643253889737332,20
2012-08-17,2.6429618237115555,20
2012-08-20,2.6416830461224965,20
2012-08-21,2.6609092583504736,20
2012-08-22,2.65628576182329,20
2012-08-23,2.6686026508159024,20
2012-08-24,2.648006389510143,20
2012-08-27,2.6279558750390137,20
2012-08-28,2.6350514366560955,20
2012-08-29,2.6317298130488656,20
2012-08-30,2.6214510146649226,20
2012-08-31,2.624052392133049,20
2012-09-03,2.634855580887674,20
2012-09-04,2.6326468561335354,20
2012-09-05,2.641327437766589,20
2012-09-06,2.64925857077812,20
2012-09-07,2.6679993028831483,20
2012-09-10,2.6697950098725065,20
2012-09-11,2.6730257867818685,20
2012-09-12,2.6731580765960636,20
2012-09-13,2.658393609074669,20
2012-09-14,2.657359499922891,20
2012-09-17,2.635317801969853,20
2012-09-18,2.6368654110891097,20
2012-09-19,2.6430390357500206,20
2012-09-20,2.6228621463278197,20
2012-09-21,2.614248212016687,20
2012-09-24,2.615101901597734,20
2012-09-25,2.607845094433872,20
2012-09-26,2.5887892571452658,20
2012-09-27,2.6060189108428027,20
2012-09-28,2.616467858443414,20
2012-10-08,2.6142547878500797,20
2012-10-09,2.633766067947491,19
2012-10-10,2.6411033856056423,19
2012-10-11,2.6290736852927767,19
2012-10-12,2.62988371402628,19
2012-10-15,2.6247372812845335,19
2012-10-16,2.626637885525694,19
2012-10-17,2.6288497095126786,19
2012-10-18,2.637626604144556,19
2012-10-19,2.641575385554014,19
2012-10-22,2.6475081979119293,19
2012-10-23,2.6348665817014076,19
2012-10-24,2.6341695273680497,19
2012-10-25,2.62830535588736,19
2012-10-26,2.6167120915061814,19
2012-10-29,2.619502096576558,19
2012-10-30,2.6217004132662987,19
2012-10-31,2.624845562229354,19
2012-11-01,2.6307972713926535,19
2012-11-02,2.632312585149124,20
2012-11-05,2.626576330939612,20
2012-11-06,2.623327640849184,20
2012-11-07,2.621735322154556,20
2012-11-08,2.6060219093726595,20
2012-11-09,2.6033743606930155,20
2012-11-12,2.6050934957469067,20
2012-11-13,2.595128115731948,20
2012-11-14,2.59784139401838,20
2012-11-15,2.5861900693946986,20
2012-11-16,2.579974498631519,20
2012-11-19,2.585256119114672,20
2012-11-20,2.5810610100688245,20
2012-11-21,2.5874488575701156,20
2012-11-22,2.5805365545686016,20
2012-11-23,2.581023054637468,20
2012-11-26,2.5701071150833883,20
2012-11-27,2.5449913116436713,20
2012-11-28,2.534911205297565,20
2012-11-29,2.525560905963763,20
2012-11-30,2.5300459073949315,20
2012-12-03,2.5122931537684794,20
2012-12-04,2.5193465834327133,20
2012-12-05,2.5398436822137276,20
2012-12-06,2.536501610371235,20
2012-12-07,2.5489024717261834,20
2012-12-10,2.559534787945817,20
2012-12-11,2.555608312978189,20
2012-12-12,2.5572534923321344,20
2012-12-13,2.55200219822244,20
2012-12-14,2.5740187622378197,20
2012-12-17,2.5745419025958336,20
2012-12-18,2.572480576770639,20
2012-12-19,2.579458173585368,20
2012-12-20,2.590805737808493,20
2012-12-21,2.601213898568646,20
2012-12-24,2.6120379068968926,20
2012-12-25,2.6264994387670404,20
2012-12-26,2.644822916597805,20
2012-12-27,2.6319588612990215,20
2012-12-28,2.643636165986973,20
2012-12-31,2.648921593264177,20
2013-01-04,2.6419688392607044,20
2013-01-07,2.6720074360022674,20
2013-01-08,2.6902777229676444,20
2013-01-09,2.7014958901305497,20
2013-01-10,2.7030094346406592,20
2013-01-11,2.6760148882772024,20
2013-01-14,2.7320624205528583,20
2013-01-15,2.769723972149597,20
2013-01-16,2.755702073061615,20
2013-01-17,2.746460961295409,20
2013-01-18,2.758345614305817,20
2013-01-21,2.778967813705778,20
2013-01-22,2.751551332648645,20
2013-01-23,2.7581379177633463,20
2013-01-24,2.7109117433943974,20
2013-01-25,2.7166332254727705,20
2013-01-28,2.765334608008386,20
2013-01-29,2.7794168829810655,20
2013-01-30,2.777751795964449,20
2013-01-31,2.76810918260454,20
2013-02-01,2.782215321728376,20
2013-02-04,2.7852480281353795,20
2013-02-05,2.8102718752104794,20
2013-02-06,2.8186508619238606,20
2013-02-07,2.8298769132154717,20
2013-02-08,2.869248529784551,20
2013-02-18,2.8775795897763583,20
2013-02-19,2.83777884886052,20
2013-02-20,2.893823755113024,20
2013-02-21,2.8714636838940266,20
2013-02-22,2.8640430147412443,20
2013-02-25,2.8779038858904684,20
2013-02-26,2.8485793900476715,20
2013-02-27,2.832257983433762,20
2013-02-28,2.8688277187211773,20
2013-03-01,2.894022803319678,20
2013-03-04,2.8261543621750507,20
2013-03-05,2.880667656398649,20
2013-03-06,2.946460834947455,20
2013-03-07,2.918631172978576,20
2013-03-08,2.897933451297303,20
2013-03-11,2.8992594841839754,20
2013-03-12,2.813383463473642,20
2013-03-13,2.794902750632778,20
2013-03-14,2.8036080981914817,20
2013-03-15,2.8030016950264853,20
2013-03-18,2.7722815118390938,20
2013-03-19,2.7738147214937343,20
2013-03-20,2.842234450405656,20
2013-03-21,2.8610244285038084,20
2013-03-22,2.875881787860378,20
2013-03-25,2.869481578861895,20
2013-03-26,2.8368828583120496,20
2013-03-27,2.8449165019042666,20
2013-03-28,2.7716896036190684,20
2013-03-29,2.778357477799704,20
2013-04-01,2.791342442113295,20
2013-04-02,2.7221044024639798,20
2013-04-03,2.702426715690704,20
2013-04-08,2.7424981975566873,20
2013-04-09,2.7463282728593885,20
2013-04-10,2.7247057288872085,20
2013-04-11,2.725745985354045,20
2013-04-12,2.72700740463629,20
2013-04-15,2.704775062628914,20
2013-04-16,2.7329523610860367,20
2013-04-17,2.7736219986078967,20
2013-04-18,2.7974950580698144,20
2013-04-19,2.842452640464326,20
2013-04-22,2.875793446794575,20
2013-04-23,2.8125576258989553,20
2013-04-24,2.8887237055545922,20
2013-04-25,2.8623977489146415,20
2013-04-26,2.8330749209279666,20
2013-05-02,2.845975398493885,20
2013-05-03,2.888136819696162,20
2013-05-06,2.943678289353028,20
2013-05-07,2.948514357124286,20
2013-05-08,2.9756913341216285,20
2013-05-09,2.9908253169375945,20
2013-05-10,3.002988281330738,20
2013-05-13,3.0205419850982818,20
2013-05-14,2.9737896894432154,20
2013-05-15,3.0210821501164578,20
2013-05-16,3.0390704036926035,20
2013-05-17,3.072504185871569,20
2013-05-20,3.1119239278549613,20
2013-05-21,3.1447827280807785,20
2013-05-22,3.1178945743804105,20
2013-05-23,3.1279259712873686,20
2013-05-24,3.1814962215400264,20
2013-05-27,3.210820094561906,20
2013-05-28,3.177369118845965,20
2013-05-29,3.198657387181832,20
2013-05-30,3.2086739515708316,20
2013-05-31,3.1973646088860668,20
2013-06-03,3.1525376978996698,20
2013-06-04,3.062755556433701,20
2013-06-05,3.0877212494813917,20
2013-06-06,3.0479797404060363,20
2013-06-07,3.0692818571726512,20
2013-06-13,3.0300604038102543,20
2013-06-14,3.0879134195218425,20
2013-06-17,3.0911435221000723,20
2013-06-18,3.080503825649087,20
2013-06-19,3.0738512651840746,20
2013-06-20,2.992825558236809,20
2013-06-21,2.9547210774002863,20
2013-06-24,2.788768759392372,20
2013-06-25,2.810755238201779,20
2013-06-26,2.884324594513036,20
2013-06-27,2.836964678753487,20
2013-06-28,2.8378833264953847,20
2013-07-01,2.874774867003277,20
2013-07-02,2.910148996532867,20
2013-07-03,2.9217727675704017,20
2013-07-04,2.930254137651539,20
2013-07-05,2.914584428310346,20
2013-07-08,2.8639154104908187,20
2013-07-09,2.8683895966824142,20
2013-07-10,2.9041884062814884,20
2013-07-11,2.9313215769034704,20
2013-07-12,2.943065527795438,20
2013-07-15,2.986873633864199,20
2013-07-16,3.000914979934454,20
2013-07-17,2.9815963129088843,20
2013-07-18,2.975420076794122,20
2013-07-19,2.938977416546205,20
2013-07-22,2.9743826363673493,20
2013-07-23,3.0057061640090708,20
2013-07-24,3.0153064521973008,20
2013-07-25,2.978811688138806,20
2013-07-26,2.9649152490928126,20
2013-07-29,2.9427988266768295,20
2013-07-30,2.925377540796733,20
2013-07-31,2.923391239109143,20
2013-08-01,2.9951573896759847,20
2013-08-02,2.997880740555545,20
2013-08-05,3.024944187989883,20
2013-08-06,3.052731706183553,20
2013-08-07,3.022429272281132,20
2013-08-08,3.0529806397511887,20
2013-08-09,3.044420560873016,20
2013-08-12,3.055647200419832,20
2013-08-13,3.0622304950639974,20
2013-08-14,3.049598754658735,20
2013-08-15,3.018484689213116,20
2013-08-16,2.9708594472460783,20
2013-08-19,3.0127808521753945,20
2013-08-20,3.0128123880951834,20
2013-08-21,3.01669300615131,20
2013-08-22,3.0185665581664045,20
2013-08-23,3.013878375529622,20
2013-08-26,3.0497807672871495,20
2013-08-27,3.0627874542871196,20
2013-08-28,3.027249592503937,20
2013-08-29,3.0365034541613003,20
2013-08-30,3.000994653593995,20
2013-09-02,3.027388456949245,20
2013-09-03,3.070514276933547,20
2013-09-04,3.0707544694401725,20
2013-09-05,3.0803041408638996,20
2013-09-06,3.105842893048967,20
2013-09-09,3.093323911183667,20
2013-09-10,3.075352289518374,20
2013-09-11,3.0507616813370895,20
2013-09-12,3.041703281278728,20
2013-09-13,3.0614898897269947,20
2013-09-16,3.0896121448303435,20
2013-09-17,3.060200507723919,20
2013-09-18,3.0623024599702595,20
2013-09-23,3.1094441620422644,20
2013-09-24,3.136461436304382,20
2013-09-25,3.1297523688298874,20
2013-09-26,3.10474486605703,20
2013-09-27,3.1066809594124902,20
2013-09-30,3.1535501491851434,20
2013-10-08,3.2010911981287635,20
2013-10-09,3.2474771974184455,20
2013-10-10,3.2324919122349054,20
2013-10-11,3.277348737408688,20
2013-10-14,3.318176259279748,20
2013-10-15,3.305903837071928,20
2013-10-16,3.2640763941390936,20
2013-10-17,3.2711362463544207,20
2013-10-18,3.2947816561717276,20
2013-10-21,3.3739466890564613,20
2013-10-22,3.344863556395596,20
2013-10-23,3.2769337303864865,20
2013-10-24,3.2875884794399175,20
2013-10-25,3.2651670966363833,20
2013-10-28,3.2659829682283448,20
2013-10-29,3.1984976693754352,20
2013-10-30,3.2691820006569703,20
2013-10-31,3.238351726513651,20
2013-11-01,3.248889951367174,20
2013-11-04,3.255340074471034,19
2013-11-05,3.2848107227767707,19
2013-11-06,3.2446139034228234,19
2013-11-07,3.197516861235191,19
2013-11-08,3.166673135514603,19
2013-11-11,3.1904511460780216,19
2013-11-12,3.216541435723856,19
2013-11-13,3.1838236179129944,19
2013-11-14,3.246039549384459,19
2013-11-15,3.2996899913855757,19
2013-11-18,3.3424279662532608,19
2013-11-19,3.340852417122851,19
2013-11-20,3.347866911447349,19
2013-11-21,3.3411552232082973,19
2013-11-22,3.3515557551088175,19
2013-11-25,3.353136592067434,19
2013-11-26,3.3732263322191693,19
2013-11-27,3.41753247835736,19
2013-11-28,3.459448928019072,19
2013-11-29,3.5140175141196517,19
2013-12-02,3.316099843817902,19
2013-12-03,3.3682611415320625,20
2013-12-04,3.3880521096243306,20
2013-12-05,3.3485914583970344,20
2013-12-06,3.3438821247173363,20
2013-12-09,3.411225608326607,20
2013-12-10,3.4058075154029193,20
2013-12-11,3.3896860518631415,20
2013-12-12,3.4375267774465716,20
2013-12-13,3.444183097162539,20
2013-12-16,3.4266472442252525,20
2013-12-17,3.3839634833706334,20
2013-12-18,3.3793834094139243,20
2013-12-19,3.396556082373849,20
2013-12-20,3.343456428474226,20
2013-12-23,3.342932744220854,20
2013-12-24,3.393720321437349,20
2013-12-25,3.471042100510251,20
2013-12-26,3.3780895502347286,20
2013-12-27,3.4470155992443545,20
2013-12-30,3.485154842536023,20
2013-12-31,3.4762607187531662,20
2014-01-02,3.4995627434313925,20
2014-01-03,3.4842033222309805,20
2014-01-06,3.406679415315959,20
2014-01-07,3.41155306992689,20
2014-01-08,3.4385553379429643,20
2014-01-09,3.386023732554657,20
2014-01-10,3.3373062603509522,20
2014-01-13,3.348343257874326,20
2014-01-14,3.409971509939329,20
2014-01-15,3.4235648126983462,20
2014-01-16,3.4090695312387767,20
2014-01-17,3.363047834274831,20
2014-01-20,3.316778384311573,20
2014-01-21,3.3387287575671323,20
2014-01-22,3.4070867737471078,20
2014-01-23,3.4236757527618886,20
2014-01-24,3.481296528699102,20
2014-01-27,3.4762196202493207,20
2014-01-28,3.4559120093472595,20
2014-01-29,3.47091478765695,20
2014-01-30,3.444027007082295,20
2014-02-07,3.4861454767938826,20
2014-02-10,3.5615841420154286,20
2014-02-11,3.5652236384720584,20
2014-02-12,3.634188993696571,20
2014-02-13,3.5904920475413595,20
2014-02-14,3.647688471006213,20
2014-02-17,3.711584186819803,20
2014-02-18,3.7059673310553123,20
2014-02-19,3.691175885582175,20
2014-02-20,3.6362919404121583,20
2014-02-21,3.639256073898956,20
2014-02-24,3.6491661110320686,20
2014-02-25,3.492475748855209,20
2014-02-26,3.4689691851666042,20
2014-02-27,3.3928295433956093,20
2014-02-28,3.43464149171308,20
2014-03-03,3.4886383495005773,20
2014-03-04,3.48120865202369,20
2014-03-05,3.4922681543627694,20
2014-03-06,3.496261534363032,20
2014-03-07,3.4781107473303448,20
2014-03-10,3.3682338212343907,20
2014-03-11,3.3625941279592,20
2014-03-12,3.356172070103473,20
2014-03-13,3.403088331509568,20
2014-03-14,3.38733146117043,20
2014-03-17,3.474043368411837,20
2014-03-18,3.463428789740297,20
2014-03-19,3.4478445191291867,20
2014-03-20,3.3867395538085012,20
2014-03-21,3.423039959819365,20
2014-03-24,3.4289882243796264,20
2014-03-25,3.4353634416838026,20
2014-03-26,3.459762938237001,20
2014-03-27,3.3889292489679494,20
2014-03-28,3.3118401107315925,20
2014-03-31,3.302954360660319,20
2014-04-01,3.3506995351963407,20
2014-04-02,3.3394596890569406,20
2014-04-03,3.350270307872414,20
2014-04-04,3.3701938485241776,20
2014-04-08,3.3919438592386117,20
2014-04-09,3.4190856165509524,20
2014-04-10,3.420926567096274,20
2014-04-11,3.411925920631118,20
2014-04-14,3.433106363544363,20
2014-04-15,3.414580412370271,20
2014-04-16,3.4199384858496824,20
2014-04-17,3.4271865619442896,20
2014-04-18,3.430972159970758,20
2014-04-21,3.403236568884548,20
2014-04-22,3.362842598393467,20
2014-04-23,3.3533044895282202,20
2014-04-24,3.3488627799759945,20
2014-04-25,3.3156503085922027,20
2014-04-28,3.2468651559078827,20
2014-04-29,3.2792856507096633,20
2014-04-30,3.2995150435993263,20
2014-05-05,3.32303150313574,20
2014-05-06,3.337241769508885,20
2014-05-07,3.3068855405868174,20
2014-05-08,3.2902774518662836,20
2014-05-09,3.268559699301247,20
2014-05-12,3.3103619228257988,20
2014-05-13,3.3101046797122753,20
2014-05-14,3.3147674214307354,20
2014-05-15,3.290799931849382,20
2014-05-16,3.2677153341454455,20
2014-05-19,3.2570706884927922,20
2014-05-20,3.267225674676544,20
2014-05-21,3.277002462617549,20
2014-05-22,3.2827151309345086,20
2014-05-23,3.306100198413079,20
2014-05-26,3.3302376986647118,20
2014-05-27,3.316111747856768,20
2014-05-28,3.345577609871701,20
2014-05-29,3.3199207310063827,20
2014-05-30,3.322965079583541,20
2014-06-03,3.316768909972098,20
2014-06-04,3.309783446008232,20
2014-06-05,3.3194011811855293,20
2014-06-06,3.3143339903356557,20
2014-06-09,3.3095271975251155,20
2014-06-10,3.3307043257756903,20
2014-06-11,3.331337868073391,20
2014-06-12,3.3283202719532428,20
2014-06-13,3.3471648108677674,20
2014-06-16,3.364248248013807,20
2014-06-17,3.3501465674346655,20
2014-06-18,3.3399921040234246,20
2014-06-19,3.2936315969305405,20
2014-06-20,3.3060781779862323,20
2014-06-23,3.3321797476991657,20
2014-06-24,3.345489356110516,20
2014-06-25,3.356009869460485,20
2014-06-26,3.3885456033032426,20
2014-06-27,3.401129837515848,20
2014-06-30,3.407179226542431,20
2014-07-01,3.4157743060379615,20
2014-07-02,3.4340843890853403,20
2014-07-03,3.4484371063399326,20
2014-07-04,3.441858496668355,20
2014-07-07,3.452677427837216,20
2014-07-08,3.4599038302861307,20
2014-07-09,3.4363199595261866,20
2014-07-10,3.4389419694510153,20
2014-07-11,3.453098012215458,20
2014-07-14,3.47808339863574,20
2014-07-15,3.466851134232395,20
2014-07-16,3.4631178687274056,20
2014-07-17,3.4522135564923357,20
2014-07-18,3.459622905038608,20
2014-07-21,3.4665757156796477,20
2014-07-22,3.496982157481306,20
2014-07-23,3.4793243995161243,20
2014-07-24,3.489809213276595,20
2014-07-25,3.505139736074037,20
2014-07-28,3.5342832423779607,20
2014-07-29,3.540725662657487,20
2014-07-30,3.536480051599716,20
2014-07-31,3.547950728202355,20
2014-08-01,3.5424293871289656,20
2014-08-04,3.5682149483633463,20
2014-08-05,3.5799539678826386,20
2014-08-06,3.6049491540923664,20
2014-08-07,3.606289487767246,20
2014-08-08,3.6387292124143076,20
2014-08-11,3.688027465341057,20
2014-08-12,3.6864173520160533,20
2014-08-13,3.6693169996735504,20
2014-08-14,3.652569243449121,20
2014-08-15,3.6732252387090143,20
2014-08-18,3.725444383931298,20
2014-08-19,3.7352460152688383,20
2014-08-20,3.737709963765201,20
2014-08-21,3.747995207894165,20
2014-08-22,3.774851337402153,20
2014-08-25,3.7499732178652234,20
2014-08-26,3.7122949552430695,20
2014-08-27,3.7232034281200415,20
2014-08-28,3.707909431588502,20
2014-08-29,3.7389988708422988,20
2014-09-01,3.781632762286883,20
2014-09-02,3.820041695646219,20
2014-09-03,3.8521063466259866,20
2014-09-04,3.89079662033674,20
2014-09-05,3.893457218440678,20
2014-09-09,3.9103445399446426,20
2014-09-10,3.9512356142040557,20
2014-09-11,3.9449400299422983,20
2014-09-12,3.9733201696956812,20
2014-09-15,3.9944662567897202,20
2014-09-16,3.890573743509038,20
2014-09-17,3.910064404656316,20
2014-09-18,3.927485603429774,20
2014-09-19,3.9513306718781522,20
2014-09-22,3.903585128914556,20
2014-09-23,3.9339874968345647,20
2014-09-24,3.962065462490041,20
2014-09-25,3.9457394045914223,20
2014-09-26,3.949052414368933,20
2014-09-29,3.9941503974556865,20
2014-09-30,4.004383154846933,20
2014-10-08,4.068802238091368,20
2014-10-09,4.055669081867966,20
2014-10-10,4.07586186440396,20
2014-10-13,4.108167510598618,20
2014-10-14,4.0876278489929545,20
2014-10-15,4.111725124294309,20
2014-10-16,4.065859216630033,20
2014-10-17,4.091454076646422,20
2014-10-20,4.110252784837541,20
2014-10-21,4.1061666219188355,20
2014-10-22,4.040001115029612,20
2014-10-23,3.969666256562436,20
2014-10-24,3.9601886415281284,20
2014-10-27,4.001149932038301,20
2014-10-28,4.104030644473355,20
2014-10-29,4.147732237831678,20
2014-10-30,4.1472797883582375,20
2014-10-31,4.1394815048628075,20
2014-11-03,4.167696185785696,20
2014-11-04,4.134454723936925,20
2014-11-05,4.124089500045899,20
2014-11-06,4.190103426161399,20
2014-11-07,4.167287820537896,20
2014-11-10,4.200305164007029,20
2014-11-11,4.070045355833925,20
2014-11-12,4.146043314117453,20
2014-11-13,4.08953982538144,20
2014-11-14,4.01582906268869,20
2014-11-17,4.079447329105936,20
2014-11-18,4.093989449523815,20
2014-11-19,4.116159971017601,20
2014-11-20,4.078341818944641,20
2014-11-21,4.11670156881919,20
2014-11-24,4.159310602352342,20
2014-11-25,4.219835456277143,20
2014-11-26,4.3244658837562024,20
2014-11-27,4.345497770401265,20
2014-11-28,4.357569751706253,20
2014-12-01,4.4003098744740585,20
2014-12-02,4.441413227916895,20
2014-12-03,4.491941483950731,20
2014-12-04,4.5185862468223394,20
2014-12-05,4.352992128851673,20
2014-12-08,4.320536790215662,20
2014-12-09,4.147672108465962,20
2014-12-10,4.322697547982348,20
2014-12-11,4.423975084992549,20
2014-12-12,4.503132083445611,20
2014-12-15,4.580643985647944,20
2014-12-16,4.541907958955129,20
2014-12-17,4.495863696914802,20
2014-12-18,4.46209205121792,20
2014-12-19,4.396904344852536,20
2014-12-22,4.246243964465865,20
2014-12-23,4.268072718894776,20
2014-12-24,4.411924864321349,20
2014-12-25,4.477145639718576,20
2014-12-26,4.468724268569977,20
2014-12-29,4.380296652976356,20
2014-12-30,4.323249211179179,20
2014-12-31,4.385445899910689,20
2015-01-05,4.425983905988391,20
2015-01-06,4.589369478351425,19
2015-01-07,4.55857207947595,19
2015-01-08,4.5926533480903835,19
2015-01-09,4.635136745702864,19
2015-01-12,4.670630240254206,19
2015-01-13,4.741868257137983,19
2015-01-14,4.703030228903392,19
2015-01-15,4.703499384754695,19
2015-01-16,4.797033186065629,19
2015-01-19,4.720745091279434,19
2015-01-20,4.9300959356134895,19
2015-01-21,5.012654303941833,19
2015-01-22,5.058435949366915,19
2015-01-23,4.97631874629276,19
2015-01-26,5.056979587710324,19
2015-01-27,5.125785764279277,19
2015-01-28,5.121830576335658,19
2015-01-29,5.078981714870708,19
2015-01-30,5.034019961645964,19
2015-02-02,5.081444795677095,19
2015-02-03,5.154583650582937,20
2015-02-04,5.165143538569563,20
2015-02-05,5.152170543292397,20
2015-02-06,5.040738605362029,20
2015-02-09,5.0233648607047385,20
2015-02-10,5.092966566919476,20
2015-02-11,5.1358107025663715,20
2015-02-12,5.159588943309516,20
2015-02-13,5.219844212989109,20
2015-02-16,5.289249803584537,20
2015-02-17,5.279537093596615,20
2015-02-25,5.258745861727117,20
2015-02-26,5.283009797486571,20
2015-02-27,5.365615446740664,20
2015-03-02,5.435261186997563,20
2015-03-03,5.393056315624933,20
2015-03-04,5.519657826265585,20
2015-03-05,5.5217499123948,20
2015-03-06,5.435583479692868,20
2015-03-09,5.488626416174007,20
2015-03-10,5.535248208116811,20
2015-03-11,5.500359779801535,20
2015-03-12,5.500028478759817,20
2015-03-13,5.557196976565952,20
2015-03-16,5.699016890002498,20
2015-03-17,5.753147430720289,20
2015-03-18,5.818178963998423,20
2015-03-19,5.81887963751085,20
2015-03-20,5.8919935488787605,20
2015-03-23,6.036104637896798,20
2015-03-24,6.061289529318347,20
2015-03-25,6.103401578032218,20
2015-03-26,6.021789454985627,20
2015-03-27,6.081403952860129,20
2015-03-30,6.121645480036288,20
2015-03-31,6.157209507689768,20
2015-04-01,6.300031246698746,20
2015-04-02,6.41898960742831,18
2015-04-03,6.499081491541885,18
2015-04-07,6.663777601188606,18
2015-04-08,6.592370591025358,18
2015-04-09,6.5250101204195055,18
2015-04-10,6.650696291110054,18
2015-04-13,6.795464965169014,18
2015-04-14,6.8066793436552,18
2015-04-15,6.576004379956212,18
2015-04-16,6.637299184584775,18
2015-04-17,6.652262962422791,18
2015-04-20,6.485898129722415,18
2015-04-21,6.67848729861294,18
2015-04-22,6.815625147218788,18
2015-04-23,6.829189535402055,18
2015-04-24,6.831761005483891,18
2015-04-27,6.801187151756976,18
2015-04-28,6.590036851374213,18
2015-04-29,6.656904793088005,18
2015-04-30,6.67334889095908,18
2015-05-04,6.65416420429139,18
2015-05-05,6.545576784508116,20
2015-05-06,6.494226230246231,20
2015-05-07,6.403296453308776,20
2015-05-08,6.609395261227142,20
2015-05-11,6.818204559856476,20
2015-05-12,6.922698315314416,20
2015-05-13,6.964671726523318,20
2015-05-14,7.0643754160985415,20
2015-05-15,6.999531699555927,20
2015-05-18,7.168345460558142,20
2015-05-19,7.2831510448914125,20
2015-05-20,7.395086397707437,20
2015-05-21,7.621614520063333,20
2015-05-22,7.61192875661954,20
2015-05-25,7.679226650132254,20
2015-05-26,7.958327803887368,20
2015-05-27,8.129564360354479,20
2015-05-28,7.776398516896775,20
2015-05-29,7.785876162894898,20
2015-06-01,7.984148659841441,20
2015-06-02,8.04076747976648,16
2015-06-03,8.06449386856045,16
2015-06-04,7.978542152539666,16
2015-06-05,8.115731638873031,16
2015-06-08,8.093440111468402,16
2015-06-09,8.07184569773883,16
2015-06-10,8.20163331426262,16
2015-06-11,8.308477841466761,16
2015-06-12,8.373338351976745,16
2015-06-15,8.211759681072436,16
2015-06-16,7.986820185955572,16
2015-06-17,8.144688432451378,16
2015-06-18,7.9508937678918645,16
2015-06-19,7.557866069255477,16
2015-06-23,7.690336174697787,16
2015-06-24,7.821106216716164,16
2015-06-25,7.570756774449645,16
2015-06-26,7.123560424783661,16
2015-06-29,6.8180780520320265,16
2015-06-30,7.097849830855901,16
2015-07-01,6.8988576022519315,16
2015-07-02,6.689594740435091,20
2015-07-03,6.500004739075501,20
2015-07-06,6.389282453363303,20
2015-07-07,6.036134870247189,20
2015-07-08,5.870197510074748,20
2015-07-09,6.194887337482144,20
2015-07-10,6.53735490761977,20
2015-07-13,6.895345864132678,20
2015-07-14,6.993106432522319,20
2015-07-15,6.734960509780131,20
2015-07-16,6.832267882260614,20
2015-07-17,7.096746042891999,20
2015-07-20,7.13071474190636,20
2015-07-21,7.209737087616755,20
2015-07-22,7.2613086381148175,20
2015-07-23,7.468575864639064,20
2015-07-24,7.366897491951274,20
2015-07-27,6.983695569659942,20
2015-07-28,6.866690112197563,20
2015-07-29,7.108205013475334,20
2015-07-30,7.005223563684616,20
2015-07-31,6.934545302801655,20
2015-08-03,6.733290881903929,20
2015-08-04,6.982623584890018,19
2015-08-05,6.998131531729339,19
2015-08-06,7.019031089775918,19
2015-08-07,7.142574087277096,19
2015-08-10,7.327972244407179,19
2015-08-11,7.3566018611928445,19
2015-08-12,7.265376024304641,19
2015-08-13,7.388917309284867,19
2015-08-14,7.411065175256283,19
2015-08-17,7.397087398610045,19
2015-08-18,7.116860919766245,19
2015-08-19,7.27550300857233,19
2015-08-20,7.092695577075867,19
2015-08-21,6.874219912228956,19
2015-08-24,6.546588350249518,19
2015-08-25,6.266893311396724,19
2015-08-26,6.161186723654266,19
2015-08-27,6.322536104527244,19
2015-08-28,6.551044429408074,19
2015-08-31,6.451987166097918,19
2015-09-01,6.312498646755491,19
2015-09-02,6.292445919752175,20
2015-09-07,6.318269379359997,20
2015-09-08,6.427216476114923,20
2015-09-09,6.489620947468674,20
2015-09-10,6.43212526284995,20
2015-09-11,6.448294495250439,20
2015-09-14,6.296171980431939,20
2015-09-15,6.1975660199761755,20
2015-09-16,6.3438079108869685,20
2015-09-17,6.315384027058981,20
2015-09-18,6.3487630239819834,20
2015-09-21,6.432275111738761,20
2015-09-22,6.46884263405082,20
2015-09-23,6.461123568614412,20
2015-09-24,6.483329004300163,20
2015-09-25,6.409916352379879,20
2015-09-28,6.478611927632007,20
2015-09-29,6.46586033806747,20
2015-09-30,6.466456974356947,20
2015-10-08,6.534617258771524,20
2015-10-09,6.553030584054336,20
2015-10-12,6.629123917088114,20
2015-10-13,6.661724987761982,20
2015-10-14,6.640036153160465,20
2015-10-15,6.710556918990227,20
2015-10-16,6.714436100991405,20
2015-10-19,6.699545084110318,20
2015-10-20,6.745530020181012,20
2015-10-21,6.637793137466026,20
2015-10-22,6.721525784069992,20
2015-10-23,6.785790091487489,20
2015-10-26,6.809697311683088,20
2015-10-27,6.828502012680873,20
2015-10-28,6.797928329662377,20
2015-10-29,6.822568497907935,20
2015-10-30,6.835176491692732,20
2015-11-02,6.836677683266706,20
2015-11-03,6.878398562935291,20
2015-11-04,7.011346936228886,20
2015-11-05,6.982461429430195,20
2015-11-06,7.093277184495332,20
2015-11-09,7.179214155892894,20
2015-11-10,7.180393249780068,20
2015-11-11,7.3125676609060655,20
2015-11-12,7.3946569493354195,20
2015-11-13,7.231277422122122,20
2015-11-16,7.283366100302377,20
2015-11-17,7.235933301953036,20
2015-11-18,7.149122869169735,20
2015-11-19,7.254573107889428,20
2015-11-20,7.276646091836212,20
2015-11-23,7.26153547630439,20
2015-11-24,7.396884855854772,20
2015-11-25,7.463777724084442,20
2015-11-26,7.42253178298122,20
2015-11-27,7.277738262116153,20
2015-11-30,7.386511161414165,20
2015-12-01,7.368953818130409,20
2015-12-02,7.359705634970033,20
2015-12-03,7.424242913437376,20
2015-12-04,7.394900112477415,20
2015-12-07,7.396974916834541,20
2015-12-08,7.366068484106181,20
2015-12-09,7.347677150673944,20
2015-12-10,7.323865418257236,20
2015-12-11,7.3145202361511155,20
2015-12-14,7.372066196689338,20
2015-12-15,7.396319893188734,20
2015-12-16,7.408102842157631,20
2015-12-17,7.486240482441755,20
2015-12-18,7.457918531097223,20
2015-12-21,7.498084728800009,20
2015-12-22,7.510938430390132,20
2015-12-23,7.486763006570767,20
2015-12-24,7.498186682086109,20
2015-12-25,7.512069863271354,20
2015-12-28,7.4421422426586075,20
2015-12-29,7.48533536929541,20
2015-12-30,7.51007600353571,20
2015-12-31,7.42258405199996,20
2016-01-04,7.102336940470629,20
2016-01-05,7.071176449881381,20
2016-01-06,7.138347972446874,20
2016-01-07,6.8164236360820745,20
2016-01-08,6.880114767279461,20
2016-01-11,6.661927914355287,20
2016-01-12,6.694042624206583,20
2016-01-13,6.5975415226723175,20
2016-01-14,6.741088435255887,20
2016-01-15,6.619314399166865,20
2016-01-18,6.681396509423877,20
2016-01-19,6.785343243322673,20
2016-01-20,6.766782305628278,20
2016-01-21,6.615512461333203,20
2016-01-22,6.6639673437583085,20
2016-01-25,6.6891256785824025,20
2016-01-26,6.422781373387334,20
2016-01-27,6.429726147802447,20
2016-01-28,6.310890673948716,20
2016-01-29,6.443112346148192,20
2016-02-01,6.4256232229021695,20
2016-02-02,6.497766923269603,20
2016-02-03,6.510049191499495,20
2016-02-04,6.550527624196917,20
2016-02-05,6.5208321707771075,20
2016-02-15,6.518052876826207,20
2016-02-16,6.596968842454704,20
2016-02-17,6.6190282181204445,20
2016-02-18,6.618443683841585,20
2016-02-19,6.617772171846983,20
2016-02-22,6.645723912562785,20
2016-02-23,6.627921432475899,20
2016-02-24,6.613495867061699,20
2016-02-25,6.469493465810958,20
2016-02-26,6.451591598264569,20
2016-02-29,6.329681381245053,20
2016-03-01,6.362605088133991,20
2016-03-02,6.4465578944231785,20
2016-03-03,6.444730096719839,20
2016-03-04,6.368655480304601,20
2016-03-07,6.406015263158224,20
2016-03-08,6.425658731606196,20
2016-03-09,6.393756051077041,20
2016-03-10,6.370583797259737,20
2016-03-11,6.377570999609259,20
2016-03-14,6.444113311130466,20
2016-03-15,6.4327315560603475,20
2016-03-16,6.409579068950081,20
2016-03-17,6.482967150941541,20
2016-03-18,6.547413539317319,20
2016-03-21,6.591665135775861,20
2016-03-22,6.584638368098264,20
2016-03-23,6.6141229674650965,20
2016-03-24,6.612464353689783,20
2016-03-25,6.610377148593106,20
2016-03-28,6.598066494071051,20
2016-03-29,6.5539885693322235,20
2016-03-30,6.63058731264076,20
2016-03-31,6.65362677864137,20
2016-04-01,6.641825893016412,20
2016-04-05,6.68575404301262,20
2016-04-06,6.693788623043259,20
2016-04-07,6.669083329627143,20
2016-04-08,6.67014237732006,20
2016-04-11,6.735599322591274,20
2016-04-12,6.724913339178504,20
2016-04-13,6.752516153785751,20
2016-04-14,6.765078459781646,20
2016-04-15,6.749524195184388,20
2016-04-18,6.721918487038089,20
2016-04-19,6.731799842260451,20
2016-04-20,6.653137788164709,20
2016-04-21,6.634909335356356,20
2016-04-22,6.653299302582449,20
2016-04-25,6.642168671676562,20
2016-04-26,6.669564598085217,20
2016-04-27,6.668284764288066,20
2016-04-28,6.662633980146859,20
2016-04-29,6.668175239938559,20
2016-05-03,6.730471563714687,20
2016-05-04,6.731730363436147,20
2016-05-05,6.735864529029832,20
2016-05-06,6.647298114258411,20
2016-05-09,6.575989455327763,20
2016-05-10,6.5763762995920265,20
2016-05-11,6.568742684780275,20
2016-05-12,6.584653516120113,20
2016-05-13,6.587615290061892,20
2016-05-16,6.627244497421381,20
2016-05-17,6.619179241725883,20
2016-05-18,6.567490970331964,20
2016-05-19,6.561830902375169,20
2016-05-20,6.589771967596159,20
2016-05-23,6.619115269957096,20
2016-05-24,6.587545236134908,20
2016-05-25,6.594982978948022,20
2016-05-26,6.595085405457989,20
2016-05-27,6.598418518247019,20
2016-05-30,6.588712835148448,20
2016-05-31,6.681914258609935,20
2016-06-01,6.6814727415977115,20
2016-06-02,6.7084328805125,19
2016-06-03,6.732084430604185,19
2016-06-06,6.748863595116198,19
2016-06-07,6.765195629905929,19
2016-06-08,6.7521398853983365,19
2016-06-13,6.64340562891398,19
2016-06-14,6.658201594107883,19
2016-06-15,6.749605771419443,19
2016-06-16,6.745352547714811,19
2016-06-17,6.77438531550749,19
2016-06-20,6.826762149026921,19
2016-06-21,6.788300235164446,19
2016-06-22,6.828396162209498,19
2016-06-23,6.808030168191711,19
2016-06-24,6.799399483273781,19
2016-06-27,6.861304640937493,19
2016-06-28,6.885739593112477,19
2016-06-29,6.8916924674567905,19
2016-06-30,6.8628673730873935,19
2016-07-01,6.859931662157065,19
2016-07-04,6.938060462416361,20
2016-07-05,6.952472740140989,20
2016-07-06,6.978577302078194,20
2016-07-07,6.981329990820403,20
2016-07-08,6.973207641672272,20
2016-07-11,6.941688127801252,20
2016-07-12,7.0043557209056635,20
2016-07-13,7.020993555769325,20
2016-07-14,7.022284783854898,20
2016-07-15,7.011683761475977,20
2016-07-18,6.973237900672357,20
2016-07-19,6.991404317956331,20
2016-07-20,7.005030125774029,20
2016-07-21,6.991763873703064,20
2016-07-22,6.937042637981037,20
2016-07-25,6.940208082629935,20
2016-07-26,6.9895872661511556,20
2016-07-27,6.824613868524942,20
2016-07-28,6.84384808565366,20
2016-07-29,6.861380411467296,20
2016-08-01,6.783034083899083,20
2016-08-02,6.822041330009535,20
2016-08-03,6.8604289865049335,20
2016-08-04,6.882395903275119,20
2016-08-05,6.868370169539682,20
2016-08-08,6.9258741923575995,20
2016-08-09,6.971274040847337,20
2016-08-10,6.935313249578648,20
2016-08-11,6.862090872285485,20
2016-08-12,6.912259518445867,20
2016-08-15,7.034427597976872,20
2016-08-16,7.081081252651577,20
2016-08-17,7.104876578975831,20
2016-08-18,7.0905221143907635,20
2016-08-19,7.076688004090076,20
2016-08-22,7.002586268547969,20
2016-08-23,7.006880993635971,20
2016-08-24,7.006743696506478,20
2016-08-25,6.960115370102667,20
2016-08-26,6.982147787611682,20
2016-08-29,7.017092212547919,20
2016-08-30,7.026915461422482,20
2016-08-31,7.02455658988555,20
2016-09-01,6.983314764975247,20
2016-09-02,6.965477070973572,20
2016-09-05,6.959804272169504,20
2016-09-06,7.0817363766855435,20
2016-09-07,7.0508678875566515,20
2016-09-08,7.083522121362119,20
2016-09-09,7.02016642830522,20
2016-09-12,6.87447156641568,20
2016-09-13,6.906688683916209,20
2016-09-14,6.869966095512099,20
2016-09-19,6.941261182691581,20
2016-09-20,6.934650833042559,20
2016-09-21,6.966049024801617,20
2016-09-22,6.982609722067767,20
2016-09-23,6.968144159179789,20
2016-09-26,6.846085971043574,20
2016-09-27,6.916852580061541,20
2016-09-28,6.945825223424,20
2016-09-29,6.990348772788233,20
2016-09-30,7.002119796306922,20
2016-10-10,7.114597866917774,20
2016-10-11,7.123788363055536,19
2016-10-12,7.152363040973458,19
2016-10-13,7.125728017175655,19
2016-10-14,7.1394260901278965,19
2016-10-17,7.109650198451396,19
2016-10-18,7.2452151034395165,19
2016-10-19,7.217425936211262,19
2016-10-20,7.234745927244215,19
2016-10-21,7.170044543639043,19
2016-10-24,7.226579908582177,19
2016-10-25,7.250618421218431,19
2016-10-26,7.22069134958374,19
2016-10-27,7.263009078181952,19
2016-10-28,7.203697548807559,19
2016-10-31,7.244720980350596,19
2016-11-01,7.361811591534007,19
2016-11-02,7.330871735196769,20
2016-11-03,7.371906487138164,20
2016-11-04,7.3863915932,20
2016-11-07,7.371636297451347,20
2016-11-08,7.399892659632488,20
2016-11-09,7.314720380729637,20
2016-11-10,7.4676372420095865,20
2016-11-11,7.52293461906319,20
2016-11-14,7.5408498430325,20
2016-11-15,7.563045320080364,20
2016-11-16,7.573113846912227,20
2016-11-17,7.516940313013424,20
2016-11-18,7.53372085097185,20
2016-11-21,7.5942593209073275,20
2016-11-22,7.682658599519487,20
2016-11-23,7.594635247628036,20
2016-11-24,7.555151924443632,20
2016-11-25,7.54834405913109,20
2016-11-28,7.522813578047746,20
2016-11-29,7.477861026806068,20
2016-11-30,7.505238514754893,20
2016-12-01,7.52784783526179,20
2016-12-02,7.401225703317717,20
2016-12-05,7.415308007166183,20
2016-12-06,7.438505001736467,20
2016-12-07,7.506518075024448,20
2016-12-08,7.513088666416379,20
2016-12-09,7.456354276018615,20
2016-12-12,7.073618813079136,20
2016-12-13,7.085540563243618,20
2016-12-14,7.018599855632122,20
2016-12-15,7.074650268737946,20
2016-12-16,7.176645154169572,20
2016-12-19,7.180516427299229,20
2016-12-20,7.159549696197382,20
2016-12-21,7.2271396041071005,20
2016-12-22,7.1742010988564635,20
2016-12-23,7.0999906480714445,20
2016-12-26,7.15984769633156,20
2016-12-27,7.1315807256271215,20
2016-12-28,7.116185712515508,20
2016-12-29,7.080131060284864,20
2016-12-30,7.116183948457195,20
2017-01-03,7.133453815927588,20
2017-01-04,7.1920104964243805,20
2017-01-05,7.176817902083959,20
2017-01-06,7.154478561196293,20
2017-01-09,7.191977607014472,20
2017-01-10,7.187752423512697,20
2017-01-11,7.117655369553334,20
2017-01-12,7.0703011885300215,20
2017-01-13,7.002443939675849,20
2017-01-16,6.830497602867415,20
2017-01-17,6.892608069296057,20
2017-01-18,6.872715505510836,20
2017-01-19,6.861998667507459,20
2017-01-20,6.94042368465504,20
2017-01-23,6.9937452329634056,20
2017-01-24,6.953902199067793,20
2017-01-25,6.978932443759698,20
2017-01-26,7.00540164603691,20
2017-02-03,6.981938803049837,20
2017-02-06,7.046186095127545,20
2017-02-07,7.044204179985445,20
2017-02-08,7.0868326403252,20
2017-02-09,7.129222368685172,20
2017-02-10,7.097103023905896,20
2017-02-13,7.145672865177589,20
2017-02-14,7.13690845066456,20
2017-02-15,7.095914899565701,20
2017-02-16,7.103386183912701,20
2017-02-17,7.075751144926584,20
2017-02-20,7.121718177935751,20
2017-02-21,7.180018145000888,20
2017-02-22,7.190696066863732,20
2017-02-23,7.217917881334478,20
2017-02-24,7.22750729334138,20
2017-02-27,7.177322430579994,20
2017-02-28,7.191093259231004,20
2017-03-01,7.2336495816382,20
2017-03-02,7.2091465086007505,20
2017-03-03,7.2710456599911755,20
2017-03-06,7.347451967699654,20
2017-03-07,7.372724923358031,20
2017-03-08,7.33499977391764,20
2017-03-09,7.315076765826084,20
2017-03-10,7.367120312835369,20
2017-03-13,7.413660441918084,20
2017-03-14,7.392707391066523,20
2017-03-15,7.374110451069233,20
2017-03-16,7.439080290984313,20
2017-03-17,7.380604435984445,20
2017-03-20,7.4085299711661765,20
2017-03-21,7.412089248050357,20
2017-03-22,7.3914272616457914,20
2017-03-23,7.372639204695855,20
2017-03-24,7.329410822889798,20
2017-03-27,7.331863486289235,20
2017-03-28,7.322982849221675,20
2017-03-29,7.234086594852294,20
2017-03-30,7.114565511177634,20
2017-03-31,7.158093529910536,20
2017-04-05,7.273482245540796,20
2017-04-06,7.310212254661992,20
2017-04-07,7.297578400435998,20
2017-04-10,7.184883575263559,20
2017-04-11,7.217940877873683,20
2017-04-12,7.195501866967177,20
2017-04-13,7.2497211805426005,20
2017-04-14,7.199488898958816,20
2017-04-17,7.137720772255949,20
2017-04-18,7.085819137277114,20
2017-04-19,7.048895203190788,20
2017-04-20,7.029684754453442,20
2017-04-21,6.996629121209936,20
2017-04-24,6.844045513264335,20
2017-04-25,6.833537451379828,20
2017-04-26,6.881944543242794,20
2017-04-27,6.924700124647749,20
2017-04-28,6.965891024258541,20
2017-05-02,6.9456352990438806,20
2017-05-03,6.948211392911263,20
2017-05-04,6.958584070946443,20
2017-05-05,6.9244619836717085,20
2017-05-08,6.87033244458894,20
2017-05-09,6.886325314829412,20
2017-05-10,6.822040182939049,20
2017-05-11,6.816818590326773,20
2017-05-12,6.80916405159066,20
2017-05-15,6.813155898503527,20
2017-05-16,6.892027689145376,20
2017-05-17,6.892717135717429,20
2017-05-18,6.876548538421739,20
2017-05-19,6.858115710522067,20
2017-05-22,6.803768288020306,20
2017-05-23,6.730668215583589,20
2017-05-24,6.743336430542092,20
2017-05-25,6.764283381026913,20
2017-05-26,6.77841499021197,20
2017-05-31,6.778042964347245,20
2017-06-01,6.708592508541854,20
2017-06-02,6.727883451381024,20
2017-06-05,6.758449285578419,20
2017-06-06,6.787833697709306,20
2017-06-07,6.864363934665307,20
2017-06-08,6.860225587474941,20
2017-06-09,6.858633473049567,20
2017-06-12,6.813231093613967,20
2017-06-13,6.8727329794316265,20
2017-06-14,6.884028056476682,20
2017-06-15,6.9110643931679325,20
2017-06-16,6.899452399343846,20
2017-06-19,6.896995620815795,20
2017-06-20,6.895478801670668,20
2017-06-21,6.897247202905142,20
2017-06-22,6.860836485171193,20
2017-06-23,6.865999530981265,20
2017-06-26,6.903490706532339,20
2017-06-27,6.907564436877153,20
2017-06-28,6.890457348680064,20
2017-06-29,6.902351049138966,20
2017-06-30,6.9398286094610535,20
2017-07-03,6.956096759811848,20
2017-07-04,6.935730076125995,20
2017-07-05,6.965921806975077,20
2017-07-06,6.960554835733165,20
2017-07-07,7.026278954047583,20
2017-07-10,6.977904409891442,20
2017-07-11,6.907990339828338,20
2017-07-12,6.929878348368403,20
2017-07-13,6.912010314272303,20
2017-07-14,6.878867802714607,20
2017-07-17,6.675267741867446,20
2017-07-18,6.692712763660068,20
2017-07-19,6.703850180912556,20
2017-07-20,6.704025959074681,20
2017-07-21,6.697480465853901,20
2017-07-24,6.7147703471042215,20
2017-07-25,6.713522277723117,20
2017-07-26,6.702614062292321,20
2017-07-27,6.776015636370086,20
2017-07-28,6.764228581208473,20
2017-07-31,6.76972923478492,20
2017-08-01,6.753886314200527,20
2017-08-02,6.715157846659367,20
2017-08-03,6.714861340219862,20
2017-08-04,6.668935172951997,20
2017-08-07,6.694788556818656,20
2017-08-08,6.739782082088074,20
2017-08-09,6.757363834390857,20
2017-08-10,6.718762278761564,20
2017-08-11,6.700039621592331,20
2017-08-14,6.757343012478472,20
2017-08-15,6.749994554219279,20
2017-08-16,6.783725055162023,20
2017-08-17,6.79710831175434,20
2017-08-18,6.770541373781968,20
2017-08-21,6.796468334294552,20
2017-08-22,6.815224041983689,20
2017-08-23,6.795143598867107,20
2017-08-24,6.7751064206990925,20
2017-08-25,6.807614706872035,20
2017-08-28,6.864924749866699,20
2017-08-29,6.856540219043314,20
2017-08-30,6.868224176357407,20
2017-08-31,6.925293078124771,20
2017-09-01,6.944199558925793,20
2017-09-04,6.953931136861595,20
2017-09-05,6.977708375191275,20
2017-09-06,7.042749981316247,20
2017-09-07,7.006679524318852,20
2017-09-08,7.021434002905419,20
2017-09-11,7.166748868618915,20
2017-09-12,7.077774339615248,20
2017-09-13,7.149293494108243,20
2017-09-14,7.1176149022249495,20
2017-09-15,7.073982644551884,20
2017-09-18,7.105115697846342,20
2017-09-19,7.075937151959339,20
2017-09-20,7.148176055018913,20
2017-09-21,7.073898401212388,20
2017-09-22,7.072302254772882,20
2017-09-25,7.007484888002047,20
2017-09-26,6.968910462214128,20
2017-09-27,7.061902046590454,20
2017-09-28,7.013432906276021,20
2017-09-29,7.069930746917104,20
2017-10-09,7.129094065955129,20
2017-10-10,7.25038158727161,20
2017-10-11,7.268860045137212,20
2017-10-12,7.229597894738387,20
2017-10-13,7.344891824434199,20
2017-10-16,7.201645693471972,20
2017-10-17,7.266350358024604,20
2017-10-18,7.20324259582163,20
2017-10-19,7.189873888518541,20
2017-10-20,7.266108602752243,20
2017-10-23,7.330405975868176,20
2017-10-24,7.297623229246725,20
2017-10-25,7.420156000241257,20
2017-10-26,7.422862730632195,20
2017-10-27,7.421440777532178,20
2017-10-30,7.2675768161833405,20
2017-10-31,7.380305452368781,20
2017-11-01,7.398120356901529,20
2017-11-02,7.312480987867599,20
2017-11-03,7.21574033246112,20
2017-11-06,7.288091327981543,20
2017-11-07,7.278218615967786,20
2017-11-08,7.329924127823366,20
2017-11-09,7.336982415785177,20
2017-11-10,7.350359496615162,20
2017-11-13,7.42717005893135,20
2017-11-14,7.377881648548396,20
2017-11-15,7.249229456308323,20
2017-11-16,7.158079150969642,20
2017-11-17,6.8716865317323075,20
2017-11-20,6.922548105034065,20
2017-11-21,6.887524551155522,20
2017-11-22,6.8723289064720605,20
2017-11-23,6.717535411774799,20
2017-11-24,6.75609665208661,20
2017-11-27,6.661066451585003,20
2017-11-28,6.7586688232574055,20
2017-11-29,6.783878812102086,20
2017-11-30,6.764354455103551,20
2017-12-01,6.782801361988012,20
2017-12-04,6.7013569790325365,20
2017-12-05,6.6058004248404405,20
2017-12-06,6.632457195884008,20
2017-12-07,6.61421557133468,20
2017-12-08,6.65044424224853,20
2017-12-11,6.68943519264246,20
2017-12-12,6.641118871407856,20
2017-12-13,6.6730266232789095,20
2017-12-14,6.667569545144099,20
2017-12-15,6.647325798414839,20
2017-12-18,6.627449512569272,20
2017-12-19,6.653318552117374,20
2017-12-20,6.61111318559965,20
2017-12-21,6.605420797697292,20
2017-12-22,6.6024627609719895,20
2017-12-25,6.5483337623529545,20
2017-12-26,6.581243250010715,20
2017-12-27,6.571376772168182,20
2017-12-28,6.60011996818942,20
2017-12-29,6.630952860927065,20
2018-01-02,6.655259469784681,20
2018-01-03,6.676561093131492,19
2018-01-04,6.664615015639166,19
2018-01-05,6.682387305184089,19
2018-01-08,6.6905474720732725,19
2018-01-09,6.689831840033739,19
2018-01-10,6.656009736059397,19
2018-01-11,6.6848738863759225,19
2018-01-12,6.672673074455573,19
2018-01-15,6.598756341422206,19
2018-01-16,6.630185263503874,19
2018-01-17,6.627251637720337,19
2018-01-18,6.633786695178073,19
2018-01-19,6.6285016898337314,19
2018-01-22,6.664703384008438,19
2018-01-23,6.680129234588003,19
2018-01-24,6.698901708229502,19
2018-01-25,6.690889783484758,19
2018-01-26,6.6637277112549915,19
2018-01-29,6.6132739117703565,19
2018-01-30,6.619406272758253,19
2018-01-31,6.538077278001788,19
2018-02-01,6.4096973435301825,19
2018-02-02,6.385267438907914,20
2018-02-05,6.350181404059678,20
2018-02-06,6.205243492916992,20
2018-02-07,6.248935549173917,20
2018-02-08,6.286266989698433,20
2018-02-09,6.240979247776482,20
2018-02-12,6.349247324993616,20
2018-02-13,6.325705978891875,20
2018-02-14,6.323808363522574,20
2018-02-22,6.376433619544847,20
2018-02-23,6.385822915113737,20
2018-02-26,6.493122475391817,20
2018-02-27,6.53482094460058,20
2018-02-28,6.5394451765549615,20
2018-03-01,6.560125453319293,20
2018-03-02,6.550522352083012,20
2018-03-05,6.579866155063637,20
2018-03-06,6.602582806195015,20
2018-03-07,6.583364704321328,20
2018-03-08,6.644233337914784,20
2018-03-09,6.682556879857161,20
2018-03-12,6.721760318786221,20
2018-03-13,6.7109594201161356,20
2018-03-14,6.70479159941443,20
2018-03-15,6.651390493287871,20
2018-03-16,6.65722274946625,20
2018-03-19,6.687820734894361,20
2018-03-20,6.698275029729929,20
2018-03-21,6.687768064958013,20
2018-03-22,6.7168913089968765,20
2018-03-23,6.581433215895053,20
2018-03-26,6.61633909726687,20
2018-03-27,6.694989882761957,20
2018-03-28,6.697724874885338,20
2018-03-29,6.729920644441018,20
2018-03-30,6.77084897230625,20
2018-04-02,6.763639190815919,20
2018-04-03,6.755644744300119,20
2018-04-04,6.752583744545616,20
2018-04-09,6.751960383773591,20
2018-04-10,6.777758807661876,20
2018-04-11,6.80767091283995,20
2018-04-12,6.823527171288847,20
2018-04-13,6.819307293266524,20
2018-04-16,6.799565752520616,20
2018-04-17,6.737596416247793,20
2018-04-18,6.77422430828491,20
2018-04-19,6.7587602534438975,20
2018-04-20,6.7060073719095135,20
2018-04-23,6.706483700810863,20
2018-04-24,6.77971040586473,20
2018-04-25,6.792890646820957,20
2018-04-26,6.752220180837696,20
2018-04-27,6.770175351070111,20
2018-05-02,6.785314405721231,20
2018-05-03,6.781936957077003,20
2018-05-04,6.785303408419436,20
2018-05-07,6.826426075572362,20
2018-05-08,6.832553799946595,20
2018-05-09,6.835036257050066,20
2018-05-10,6.861141796102146,20
2018-05-11,6.834189858051279,20
2018-05-14,6.824257734214972,20
2018-05-15,6.863020782730799,20
2018-05-16,6.863423512363714,20
2018-05-17,6.860100730083583,20
2018-05-18,6.860649066760378,20
2018-05-21,6.877354599942395,20
2018-05-22,6.8940452734571345,20
2018-05-23,6.869061472300616,20
2018-05-24,6.8696168014237475,20
2018-05-25,6.8521293930300775,20
2018-05-28,6.857215968979272,20
2018-05-29,6.841249354123825,20
2018-05-30,6.788765471163853,20
2018-05-31,6.831174932082221,20
2018-06-01,6.820274534803386,20
2018-06-04,6.822426606879935,20
2018-06-05,6.853332383883043,20
2018-06-06,6.875195572438129,20
2018-06-07,6.8543460344438705,20
2018-06-08,6.850683262680881,20
2018-06-11,6.843275773915155,20
2018-06-12,6.858166978244196,20
2018-06-13,6.822809444487125,20
2018-06-14,6.822201587450293,20
2018-06-15,6.778003721574084,20
2018-06-19,6.650464121249331,20
2018-06-20,6.689335766328786,20
2018-06-21,6.652379759394954,20
2018-06-22,6.684004876380054,20
2018-06-25,6.68305186591375,20
2018-06-26,6.698811229071688,20
2018-06-27,6.681152566692195,20
2018-06-28,6.659258161496364,20
2018-06-29,6.7255660874993355,20
2018-07-02,6.693704894884193,20
2018-07-03,6.717874197309636,20
2018-07-04,6.6775197098610555,20
2018-07-05,6.62992993852218,20
2018-07-06,6.636305391094635,20
2018-07-09,6.695003408098598,20
2018-07-10,6.728282124730798,20
2018-07-11,6.699601589398913,20
2018-07-12,6.748103046321636,20
2018-07-13,6.759566308573909,20
2018-07-16,6.76798060110522,20
2018-07-17,6.76698433285272,20
2018-07-18,6.75527624787585,20
2018-07-19,6.747862762536567,20
2018-07-20,6.756398846197582,20
2018-07-23,6.782453035807685,20
2018-07-24,6.8162132506152275,20
2018-07-25,6.803759176706014,20
2018-07-26,6.7852550557553695,20
2018-07-27,6.778289147679806,20
2018-07-30,6.755609702758832,20
2018-07-31,6.764045078953276,20
2018-08-01,6.733128883034935,20
2018-08-02,6.687019766899397,20
2018-08-03,6.656708145957872,20
2018-08-06,6.614773300399558,20
2018-08-07,6.648477555767187,20
2018-08-08,6.626155614351141,20
2018-08-09,6.662430306563049,20
2018-08-10,6.675731865173711,20
2018-08-13,6.6846593046148595,20
2018-08-14,6.679843946264091,20
2018-08-15,6.648759962105174,20
2018-08-16,6.63870322463436,20
2018-08-17,6.611231312587532,20
2018-08-20,6.6256650380414435,20
2018-08-21,6.645067684371543,20
2018-08-22,6.61942754594941,20
2018-08-23,6.627296704527236,20
2018-08-24,6.623195574329472,20
2018-08-27,6.654505891928671,20
2018-08-28,6.655982296853461,20
2018-08-29,6.650922602612839,20
2018-08-30,6.634583870437446,20
2018-08-31,6.620949728966092,20
2018-09-03,6.606150790934059,20
2018-09-04,6.629703423636249,20
2018-09-05,6.608003093352808,20
2018-09-06,6.602606786617442,20
2018-09-07,6.606249570675669,20
2018-09-10,6.57198162905619,20
2018-09-11,6.573284362670936,20
2018-09-12,6.575045960793366,20
2018-09-13,6.5861454030435205,20
2018-09-14,6.558352320548292,20
2018-09-17,6.532612173876485,20
2018-09-18,6.550676882112849,20
2018-09-19,6.565605025622139,20
2018-09-20,6.552439409585261,20
2018-09-21,6.578962211948529,20
2018-09-25,6.582047408123434,20
2018-09-26,6.593849349108104,20
2018-09-27,6.572727813514079,20
2018-09-28,6.589755997041239,20
2018-10-08,6.525293580524548,20
2018-10-09,6.534773055078321,20
2018-10-10,6.538476255795413,20
2018-10-11,6.440511724776193,20
2018-10-12,6.447366389337269,20
2018-10-15,6.439233396606788,20
2018-10-16,6.4112166712864145,20
2018-10-17,6.413932871610374,20
2018-10-18,6.3756743406902405,20
2018-10-19,6.414084261180423,20
2018-10-22,6.476253928787119,20
2018-10-23,6.446976012870602,20
2018-10-24,6.442352456287592,20
2018-10-25,6.427217352816524,20
2018-10-26,6.426747655579399,20
2018-10-29,6.418404209467272,20
2018-10-30,6.43630553875819,20
2018-10-31,6.467106641775664,20
2018-11-01,6.463984968460298,20
2018-11-02,6.501261950200035,20
2018-11-05,6.495249324225132,20
2018-11-06,6.492441829621798,20
2018-11-07,6.486025599890741,20
2018-11-08,6.484340687491442,20
2018-11-09,6.492756701183439,20
2018-11-12,6.53304469784511,20
2018-11-13,6.539014573176785,20
2018-11-14,6.546832279419236,20
2018-11-15,6.592464124277118,20
2018-11-16,6.594511745531393,20
2018-11-19,6.586953858566741,20
2018-11-20,6.560965278912347,20
2018-11-21,6.574622384398946,20
2018-11-22,6.575038820269731,20
2018-11-23,6.528153547368865,20
2018-11-26,6.500436498626412,20
2018-11-27,6.506394279381013,20
2018-11-28,6.523966156426703,20
2018-11-29,6.486135424339956,20
2018-11-30,6.498520344845062,20
2018-12-03,6.5268249413623085,20
2018-12-04,6.5379493199023635,20
2018-12-05,6.531746204422185,20
2018-12-06,6.504094182213136,20
2018-12-07,6.510927430478743,20
2018-12-10,6.491182513655714,20
2018-12-11,6.503094809322676,20
2018-12-12,6.504748585091483,20
2018-12-13,6.526960148997261,20
2018-12-14,6.492931479441613,20
2018-12-17,6.48415228837485,20
2018-12-18,6.465447596571736,20
2018-12-19,6.44916484114497,20
2018-12-20,6.458232085914726,20
2018-12-21,6.458393547107339,20
2018-12-24,6.474883871668481,20
2018-12-25,6.47023203147562,20
2018-12-26,6.467586484589614,20
2018-12-27,6.454213672465887,20
2018-12-28,6.452964740646029,20
2019-01-02,6.4358137914695925,20
2019-01-03,6.412743986704112,20
2019-01-04,6.443544268972335,20
2019-01-07,6.461904894170919,20
2019-01-08,6.458836103211206,20
2019-01-09,6.464619535431186,20
2019-01-10,6.465692534162656,20
2019-01-11,6.4773578233912525,20
2019-01-14,6.471396677723605,20
2019-01-15,6.48614414491147,20
2019-01-16,6.483455830469726,20
2019-01-17,6.466581519475739,20
2019-01-18,6.468000564842992,20
2019-01-21,6.47824542552344,20
2019-01-22,6.4747572676755825,20
2019-01-23,6.478800859451401,20
2019-01-24,6.482985855358787,20
2019-01-25,6.477782595611752,20
2019-01-28,6.470687601098457,20
2019-01-29,6.445311925623031,20
2019-01-30,6.439313152780528,20
2019-01-31,6.427253337046314,20
2019-02-01,6.449513423193463,20
2019-02-11,6.482847232577304,20
2019-02-12,6.498860922695131,20
2019-02-13,6.513939001832929,20
2019-02-14,6.518618588459931,20
2019-02-15,6.518875911305374,20
2019-02-18,6.548597260035168,20
2019-02-19,6.549401314736591,20
2019-02-20,6.549050060422958,20
2019-02-21,6.541520402862754,20
2019-02-22,6.563883851293213,20
2019-02-25,6.616057029153093,20
2019-02-26,6.627547616307114,20
2019-02-27,6.637294094466645,20
2019-02-28,6.698813564172413,20
2019-03-01,6.700209450070552,20
2019-03-04,6.721777581563895,20
2019-03-05,6.76671584146011,20
2019-03-06,6.845019904000348,20
2019-03-07,6.883498625952947,20
2019-03-08,6.761295189586679,20
2019-03-11,6.881198107660628,20
2019-03-12,6.934913829653007,20
2019-03-13,6.876034419833219,20
2019-03-14,6.838906136979303,20
2019-03-15,6.8743266951867215,20
2019-03-18,6.985662550068962,20
2019-03-19,6.992524392426919,20
2019-03-20,6.9914833266438645,20
2019-03-21,7.021009395278081,20
2019-03-22,7.061356793460776,20
2019-03-25,7.051698919221095,20
2019-03-26,6.962664888971901,20
2019-03-27,6.987419208938345,20
2019-03-28,6.9531488755381705,20
2019-03-29,7.031202092016687,20
2019-04-01,7.180963297786917,20
2019-04-02,7.181880193460488,20
2019-04-03,7.241157664740496,20
2019-04-04,7.26171292217559,20
2019-04-08,7.2075510183920946,20
2019-04-09,7.22637149690143,20
2019-04-10,7.241623631319317,20
2019-04-11,7.122755870736755,20
2019-04-12,7.128393502625002,20
2019-04-15,7.116631964051964,20
2019-04-16,7.203842498073001,20
2019-04-17,7.2176255594312355,20
2019-04-18,7.209110902010486,20
2019-04-19,7.270715856082983,20
2019-04-22,7.22642882029416,20
2019-04-23,7.17409086312841,20
2019-04-24,7.248916438476057,20
2019-04-25,7.0846714791113214,20
2019-04-26,7.033319667971338,20
2019-04-29,6.939865805605223,20
2019-04-30,6.976348090784665,20
2019-05-06,6.608662234884979,20
2019-05-07,6.683681765600861,20
2019-05-08,6.693420510498519,20
2019-05-09,6.662433806887146,20
2019-05-10,6.815941143430658,20
2019-05-13,6.782391102897533,20
2019-05-14,6.758159482300511,20
2019-05-15,6.834841344833067,20
2019-05-16,6.854411402090348,20
2019-05-17,6.704132937967641,20
2019-05-20,6.689154101776029,20
2019-05-21,6.775291108622277,20
2019-05-22,6.751682379683481,20
2019-05-23,6.6119715994010315,20
2019-05-24,6.601250157180545,20
2019-05-27,6.740230022448556,20
2019-05-28,6.712135305944623,20
2019-05-29,6.747859700510859,20
2019-05-30,6.730722301942118,20
2019-05-31,6.7667081084204,20
2019-06-03,6.686624227873696,20
2019-06-04,6.654672270857204,20
2019-06-05,6.666909063973846,20
2019-06-06,6.501799574337741,20
2019-06-10,6.5683419208300835,20
2019-06-11,6.739664377175858,20
2019-06-12,6.741348896478722,20
2019-06-13,6.774780256514293,20
2019-06-14,6.676528943980092,20
2019-06-17,6.666933083920443,20
2019-06-18,6.674834565519254,20
2019-06-19,6.737846265978765,20
2019-06-20,6.832075690789634,20
2019-06-21,6.914809337900799,20
2019-06-24,6.934342237687122,20
2019-06-25,6.871645557911448,20
2019-06-26,6.894882065875871,20
2019-06-27,6.986918693934855,20
2019-06-28,6.998276670680112,20
2019-07-01,7.157442810378045,20
2019-07-02,7.194820706921589,20
2019-07-03,7.151322738436601,20
2019-07-04,7.1386986356441,20
2019-07-05,7.183771498459368,20
2019-07-08,7.009812993341922,20
2019-07-09,7.018984431736421,20
2019-07-10,6.9979979460916555,20
2019-07-11,6.996366741355526,20
2019-07-12,6.9969726151295415,20
2019-07-15,7.038338496190057,20
2019-07-16,7.02693235474636,20
2019-07-17,7.029438787603611,20
2019-07-18,6.912274392574976,20
2019-07-19,6.9464215941579965,20
2019-07-22,6.827540850014214,20
2019-07-23,6.882219427459895,20
2019-07-24,6.935868824504242,20
2019-07-25,6.96319921749912,20
2019-07-26,6.97413310893861,20
2019-07-29,6.974328022007066,20
2019-07-30,7.002541225076887,20
2019-07-31,7.0175412436445725,20
2019-08-01,7.013076217429946,20
2019-08-02,6.934254788113295,20
2019-08-05,6.868229132833235,20
2019-08-06,6.739000305308398,20
2019-08-07,6.688677253216604,20
2019-08-08,6.7121076011491505,20
2019-08-09,6.664458196690996,20
2019-08-12,6.751928991882572,20
2019-08-13,6.743377310084734,20
2019-08-14,6.78804086628484,20
2019-08-15,6.81955779506288,20
2019-08-16,6.862472658693254,20
2019-08-19,6.990821830173,20
2019-08-20,6.98661951297216,20
2019-08-21,6.995536576729571,20
2019-08-22,7.001244391289333,20
2019-08-23,7.013401034481154,20
2019-08-26,6.940485293059494,20
2019-08-27,7.057756905238911,20
2019-08-28,7.045110768447493,20
2019-08-29,7.056663028407789,20
2019-08-30,6.983833214994825,20
2019-09-02,7.090794368395531,20
2019-09-03,7.129354179805646,20
2019-09-04,7.1820538406954775,20
2019-09-05,7.235600536697905,20
2019-09-06,7.2757652787161975,20
2019-09-09,7.366701860624807,20
2019-09-10,7.37408040534187,20
2019-09-11,7.36573355172823,20
2019-09-12,7.396060315440127,20
2019-09-16,7.411928051863741,20
2019-09-17,7.320974338836295,20
2019-09-18,7.320954798440465,20
2019-09-19,7.397486802651394,20
2019-09-20,7.404190067004377,20
2019-09-23,7.351001776360384,20
2019-09-24,7.381507824560415,20
2019-09-25,7.308998162350491,20
2019-09-26,7.172486020351741,20
2019-09-27,7.191221240347908,20
2019-09-30,7.1290300674691816,20
2019-10-08,7.158895821331539,20
2019-10-09,7.224183356133299,20
2019-10-10,7.287629396413317,20
2019-10-11,7.320422858224741,20
2019-10-14,7.3609929509851355,20
2019-10-15,7.350007693839283,20
2019-10-16,7.3535514836131695,20
2019-10-17,7.32138238129239,20
2019-10-18,7.283500776061845,20
2019-10-21,7.243718816341503,20
2019-10-22,7.273250080061109,20
2019-10-23,7.2651746952414005,20
2019-10-24,7.258247393497203,20
2019-10-25,7.301687744964351,20
2019-10-28,7.360453907636539,20
2019-10-29,7.300803718267463,20
2019-10-30,7.2872561671131395,20
2019-10-31,7.274792843184776,20
2019-11-01,7.292424875434832,20
2019-11-04,7.305460221539292,20
2019-11-05,7.3078903362109005,20
2019-11-06,7.273001394003126,20
2019-11-07,7.286768529621438,20
2019-11-08,7.292620287530062,20
2019-11-11,7.206150501729742,20
2019-11-12,7.193712014626026,20
2019-11-13,7.1818322092698965,20
2019-11-14,7.200842118613591,20
2019-11-15,7.166594418159449,20
2019-11-18,7.192289691816912,20
2019-11-19,7.235276833790545,20
2019-11-20,7.2091153817626346,20
2019-11-21,7.201438881204571,20
2019-11-22,7.192338739066447,20
2019-11-25,7.171144611602064,20
2019-11-26,7.162318578033295,20
2019-11-27,7.15851055558903,20
2019-11-28,7.144816778751181,20
2019-11-29,7.135043394809088,20
2019-12-02,7.142415197004306,20
2019-12-03,7.157356802995004,20
2019-12-04,7.147444402742484,20
2019-12-05,7.166430173795634,20
2019-12-06,7.177125550532807,20
2019-12-09,7.174804202502607,20
2019-12-10,7.183743660649136,20
2019-12-11,7.189290354667215,20
2019-12-12,7.1702556539927285,20
2019-12-13,7.195469542616388,20
2019-12-16,7.233371888046966,20
2019-12-17,7.2591257544442715,20
2019-12-18,7.264941409685455,20
2019-12-19,7.279628675849673,20
2019-12-20,7.272320893572056,20
2019-12-23,7.2505606929008435,20
2019-12-24,7.294367016211362,20
2019-12-25,7.286099667295465,20
2019-12-26,7.320953740710842,20
2019-12-27,7.305775581632662,20
2019-12-30,7.344344882890814,20
2019-12-31,7.348787706457205,20
2020-01-02,7.4259637871019555,20
2020-01-03,7.4376143099020275,20
2020-01-06,7.451776912833417,20
2020-01-07,7.520009368614223,20
2020-01-08,7.463770526793365,20
2020-01-09,7.529827536480167,20
2020-01-10,7.544371215567148,20
2020-01-13,7.597837066957885,20
2020-01-14,7.5893420464064505,20
2020-01-15,7.593661482207032,20
2020-01-16,7.622579767064257,20
2020-01-17,7.61939936329528,20
2020-01-20,7.650652149431257,20
2020-01-21,7.5728680868101526,20
2020-01-22,7.550075863319007,20
2020-01-23,7.363118741060127,20
2020-02-03,6.809697713881753,20
2020-02-04,6.856692813925692,20
2020-02-05,7.031056129616721,20
2020-02-06,7.15913506782222,20
2020-02-07,7.16528301543015,20
2020-02-10,7.307320894662117,20
2020-02-11,7.25156907815521,20
2020-02-12,7.345658795480178,20
2020-02-13,7.309657592875524,20
2020-02-14,7.2924874459431015,20
2020-02-17,7.483904927624218,20
2020-02-18,7.503969081167114,20
2020-02-19,7.47606948259073,20
2020-02-20,7.573140141454539,20
2020-02-21,7.581874931087287,20
2020-02-24,7.612907105930334,20
2020-02-25,7.563276316140668,20
2020-02-26,7.537953408766412,20
2020-02-27,7.564538793075505,20
2020-02-28,7.224355895769926,20
2020-03-02,7.42424381915313,20
2020-03-03,7.4931952665098,20
2020-03-04,7.571819986614153,20
2020-03-05,7.693455183225899,20
2020-03-06,7.658349957541812,20
2020-03-09,7.460489113618451,20
2020-03-10,7.552873521220128,20
2020-03-11,7.514408463729585,20
2020-03-12,7.369067989613593,20
2020-03-13,7.281687780356829,20
2020-03-16,7.108209147788946,20
2020-03-17,7.116043057904827,20
2020-03-18,7.04279606706148,20
2020-03-19,7.0753681582388,20
2020-03-20,7.121497567500475,20
2020-03-23,6.96468479983724,20
2020-03-24,7.034439952812456,20
2020-03-25,7.151794316239409,20
2020-03-26,7.0899800357761995,20
2020-03-27,7.0783751888098445,20
2020-03-30,6.974956713163535,20
2020-03-31,6.9969535378204375,20
2020-04-01,6.985136705293709,20
2020-04-02,7.028451443761735,20
2020-04-03,7.043341983866861,20
2020-04-07,7.104502254563684,20
2020-04-08,7.114648045704549,20
2020-04-09,7.147108431509842,20
2020-04-10,7.136929807981015,20
2020-04-13,7.151458410285929,20
2020-04-14,7.188834671233388,20
2020-04-15,7.164274475781132,20
2020-04-16,7.1631245308364315,20
2020-04-17,7.195066351718034,20
2020-04-20,7.241742841152937,20
2020-04-21,7.241035818636292,20
2020-04-22,7.282134296547345,20
2020-04-23,7.288285811593836,20
2020-04-24,7.242691381929186,20
2020-04-27,7.259016650109923,20
2020-04-28,7.218436554186189,20
2020-04-29,7.209099334526626,20
2020-04-30,7.311991206777884,20
2020-05-06,7.382765170560298,20
2020-05-07,7.376502281617178,20
2020-05-08,7.444923695336037,20
2020-05-11,7.421747079073867,20
2020-05-12,7.425221634125563,20
2020-05-13,7.469643453407986,20
2020-05-14,7.427281216799447,20
2020-05-15,7.4451795197168265,20
2020-05-18,7.450053980205437,20
2020-05-19,7.517102457124474,20
2020-05-20,7.464123000251497,20
2020-05-21,7.450849465768873,20
2020-05-22,7.348769226868189,20
2020-05-25,7.338256629772487,20
2020-05-26,7.429434952894715,20
2020-05-27,7.416327502232136,20
2020-05-28,7.409626744248129,20
2020-05-29,7.424352077804372,20
2020-06-01,7.571702289023563,20
2020-06-02,7.612511636709246,20
2020-06-03,7.579366823413768,20
2020-06-04,7.590473094105744,20
2020-06-05,7.575272586011842,20
2020-06-08,7.621635756244201,20
2020-06-09,7.669185225287559,20
2020-06-10,7.672160177813705,20
2020-06-11,7.661981692012026,20
2020-06-12,7.655702475726817,20
2020-06-15,7.617110771455959,20
2020-06-16,7.718377689948491,20
2020-06-17,7.730923411821269,20
2020-06-18,7.711843450960403,20
2020-06-19,7.749377990487275,20
2020-06-22,7.751523095496809,20
2020-06-23,7.779143782433238,20
2020-06-24,7.795080842805301,20
2020-06-29,7.747254783913921,20
2020-06-30,7.819678006292159,20
2020-07-01,7.841666799874268,20
2020-07-02,7.91810675457895,20
2020-07-03,7.946167523494342,20
2020-07-06,8.167953921864298,20
2020-07-07,8.180839066853409,20
2020-07-08,8.242589849133774,20
2020-07-09,8.420100817596785,20
2020-07-10,8.340989138494265,20
2020-07-13,8.542878792875973,20
2020-07-14,8.520640133091499,20
2020-07-15,8.406207607567163,20
2020-07-16,8.11847634968768,20
2020-07-17,8.179628429236274,20
2020-07-20,8.447740531859848,20
2020-07-21,8.474388793152054,20
2020-07-22,8.437173594017894,20
2020-07-23,8.45195631028372,20
2020-07-24,8.227685591510863,20
2020-07-27,8.23224012335419,20
2020-07-28,8.26578677506356,20
2020-07-29,8.374507188779782,20
2020-07-30,8.411064718854044,20
2020-07-31,8.497998718670873,20
2020-08-03,8.736404782527414,20
2020-08-04,8.74139457274875,20
2020-08-05,8.758362190245416,20
2020-08-06,8.736078684984482,20
2020-08-07,8.628460004907295,20
2020-08-10,8.69442312203612,20
2020-08-11,8.57800293739622,20
2020-08-12,8.491892251924472,20
2020-08-13,8.524859724337754,20
2020-08-14,8.573928036755134,20
2020-08-17,8.691722669000168,20
2020-08-18,8.739531968145442,20
2020-08-19,8.75114336164818,20
2020-08-20,8.648135861144816,20
2020-08-21,8.686568479115552,20
2020-08-24,8.705564030784924,20
2020-08-25,8.656666236824968,20
2020-08-26,8.513588578677783,20
2020-08-27,8.618991729272707,20
2020-08-28,8.684498978647744,20
2020-08-31,8.671936295816307,20
2020-09-01,8.734314925269697,20
2020-09-02,8.756240089989259,20
2020-09-03,8.711632488391617,20
2020-09-04,8.65812120923239,20
2020-09-07,8.562191417976381,20
2020-09-08,8.609532241183013,20
2020-09-09,8.46605690833575,20
2020-09-10,8.351656537795852,20
2020-09-11,8.43253906610982,20
2020-09-14,8.448290164319529,20
2020-09-15,8.426467553801558,20
2020-09-16,8.409236320932484,20
2020-09-17,8.395679515441168,20
2020-09-18,8.529101437505494,20
2020-09-21,8.506713013184688,20
2020-09-22,8.382872744193369,20
2020-09-23,8.356228773595882,20
2020-09-24,8.191590575596072,20
2020-09-25,8.186387051006148,20
2020-09-28,8.164009539017396,20
2020-09-29,8.190476101323563,20
2020-09-30,8.176986876132556,20
2020-10-09,8.355194375821597,20
2020-10-12,8.55261993538659,20
2020-10-13,8.544806757437204,20
2020-10-14,8.478034228161953,20
2020-10-15,8.420764505159216,20
2020-10-16,8.414992361529974,20
2020-10-19,8.405417567545998,20
2020-10-20,8.47512522355882,20
2020-10-21,8.44531042112462,20
2020-10-22,8.342307185476416,20
2020-10-23,8.217012777532457,20
2020-10-26,8.185492976176736,20
2020-10-27,8.166174585981151,20
2020-10-28,8.196264066044318,20
2020-10-29,8.273204626215533,20
2020-10-30,8.115253242822128,20
2020-11-02,8.093424231281114,20
2020-11-03,8.192590283518681,20
2020-11-04,8.187636193694235,20
2020-11-05,8.300273713910943,20
2020-11-06,8.267994542535975,20
2020-11-09,8.408843796624828,20
2020-11-10,8.406841692721809,20
2020-11-11,8.40396995851049,20
2020-11-12,8.512501049311984,20
2020-11-13,8.453243280068694,20
2020-11-16,8.625914987129509,20
2020-11-17,8.636490760781102,20
2020-11-18,8.67365606216884,20
2020-11-19,8.662112222321245,20
2020-11-20,8.681975144129238,20
2020-11-23,8.715368689056564,20
2020-11-24,8.693665986513786,20
2020-11-25,8.584181267650397,20
2020-11-26,8.605368203411789,20
2020-11-27,8.572363707876107,20
2020-11-30,8.532747761411857,20
2020-12-01,8.577735367433524,20
2020-12-02,8.577689978077636,20
2020-12-03,8.577784822023252,20
2020-12-04,8.62558345476384,20
2020-12-07,8.643429605304625,20
2020-12-08,8.60201932316719,20
2020-12-09,8.552394333393611,20
2020-12-10,8.51569851094867,20
2020-12-11,8.429158968422696,20
2020-12-14,8.436962549242734,20
2020-12-15,8.432862305548733,20
2020-12-16,8.402688286206553,20
2020-12-17,8.403771275657867,20
2020-12-18,8.360293536026779,20
2020-12-21,8.386172367356021,20
2020-12-22,8.190175968603356,20
2020-12-23,8.175905301544246,20
2020-12-24,8.07466421626362,20
2020-12-25,8.128893729603439,20
2020-12-28,8.015855587237846,20
2020-12-29,8.006063584864142,20
2020-12-30,8.00024045309471,20
2020-12-31,8.081475470642337,20
2021-01-04,8.186720649265345,20
2021-01-05,8.18806525303764,20
2021-01-06,8.102552315913837,20
2021-01-07,7.937971764581017,20
2021-01-08,7.956893250161012,20
2021-01-11,7.821929658887046,20
2021-01-12,7.86376587478476,20
2021-01-13,7.804062068372732,20
2021-01-14,7.9523022608510745,20
2021-01-15,7.994666033585074,20
2021-01-18,8.030100830456503,20
2021-01-19,8.065557038860472,20
2021-01-20,8.057573303455332,20
2021-01-21,8.091157185532236,20
2021-01-22,8.079784434947396,20
2021-01-25,7.969645183023258,20
2021-01-26,7.9079569236049805,20
2021-01-27,7.936988231464526,20
2021-01-28,7.876665689573969,20
2021-01-29,7.839999534210023,20
2021-02-01,7.868549863882244,20
2021-02-02,7.899214668304038,20
2021-02-03,7.894198991276704,20
2021-02-04,7.845696238475999,20
2021-02-05,7.848414666474494,20
2021-02-08,7.856911871746004,20
2021-02-09,7.924235111451626,20
2021-02-10,7.944124181363731,20
2021-02-18,7.9942494291276525,20
2021-02-19,8.0578681900945,20
2021-02-22,8.098842579589768,20
2021-02-23,8.073074233325237,20
2021-02-24,8.064576879591106,20
2021-02-25,8.0670732369157,20
2021-02-26,8.049575898469733,20
2021-03-01,8.11231028126106,20
2021-03-02,8.107573515170515,20
2021-03-03,8.138086319581076,20
2021-03-04,8.118877115818556,20
2021-03-05,8.137172551221678,20
2021-03-08,8.120828279196,20
2021-03-09,8.07670383619973,20
2021-03-10,8.047491108347877,20
2021-03-11,8.09369846286078,20
2021-03-12,8.090475800232994,20
2021-03-15,8.079780046003128,20
2021-03-16,8.123730420550345,20
2021-03-17,8.127687665524963,20
2021-03-18,8.141980281298725,20
2021-03-19,8.132025206546206,20
2021-03-22,8.161980803175265,20
2021-03-23,8.143449502356118,20
2021-03-24,8.112871396728814,20
2021-03-25,8.114406008364309,20
2021-03-26,8.136859326988981,20
2021-03-29,8.136235647531734,20
2021-03-30,8.124545032157382,20
2021-03-31,8.12879888319457,20
2021-04-01,8.117170873017102,20
2021-04-02,8.110713639894861,20
2021-04-06,8.123624141351922,20
2021-04-07,8.144147648682361,20
2021-04-08,8.126549577301276,20
2021-04-09,8.12398178613658,20
2021-04-12,8.091154011357416,20
2021-04-13,8.069129557399934,20
2021-04-14,8.071598409633719,20
2021-04-15,8.049930944792779,20
2021-04-16,8.082523802988254,20
2021-04-19,8.105719718674138,20
2021-04-20,8.095787317894011,20
2021-04-21,8.083036748616498,20
2021-04-22,8.098807478396997,20
2021-04-23,8.083450810816307,20
2021-04-26,8.063386179149303,20
2021-04-27,8.050311376099273,20
2021-04-28,8.04658841551371,20
2021-04-29,8.04268644062695,20
2021-04-30,8.007445747465674,20
2021-05-06,7.99939889611327,20
2021-05-07,7.983677483854268,20
2021-05-10,7.996186351541262,20
2021-05-11,8.004004015628338,20
2021-05-12,8.022942965287855,20
2021-05-13,8.004388567626902,20
2021-05-14,8.023934740387947,20
2021-05-17,8.007536053911503,20
2021-05-18,8.000226465951402,20
2021-05-19,7.9881297316815365,20
2021-05-20,7.995174615153137,20
2021-05-21,7.990735399065392,20
2021-05-24,8.013991436372864,20
2021-05-25,8.036857140080787,20
2021-05-26,8.05120102908219,20
2021-05-27,8.04833884627344,20
2021-05-28,8.04366772542059,20
2021-05-31,8.078018834336143,20
2021-06-01,8.047733856827334,20
2021-06-02,8.01419986823007,20
2021-06-03,8.005149590445326,20
2021-06-04,7.972392597150745,20
2021-06-07,7.976283177444579,20
2021-06-08,7.9853522441385385,20
2021-06-09,7.987428983434121,20
2021-06-10,7.9970297238104,20
2021-06-11,8.031256552207472,20
2021-06-15,7.945154602220042,20
2021-06-16,7.872373943536101,20
2021-06-17,7.891192359717131,20
2021-06-18,7.912935105465771,20
2021-06-21,7.9290085113597515,20
2021-06-22,7.974295753786323,20
2021-06-23,7.9809763711242105,20
2021-06-24,7.948001304119817,20
2021-06-25,7.948737588921644,20
2021-06-28,7.999109745245868,20
2021-06-29,7.922706544508763,20
2021-06-30,7.924726274097131,20
2021-07-01,7.88511866538403,20
2021-07-02,7.871546676460171,20
2021-07-05,7.960883455716479,20
2021-07-06,7.944877371831426,20
2021-07-07,7.9824802792865235,20
2021-07-08,7.909802507929944,20
2021-07-09,7.955895892853482,20
2021-07-12,8.057499394852833,20
2021-07-13,8.068779155866652,20
2021-07-14,8.032371358074332,20
2021-07-15,7.9989057755438955,20
2021-07-16,8.039702494935328,20
2021-07-19,8.001069403017599,20
2021-07-20,7.996710804491991,20
2021-07-21,8.009521946131452,20
2021-07-22,8.055437917383088,20
2021-07-23,7.972761163273224,20
2021-07-26,7.906571174953235,20
2021-07-27,7.870007025875488,20
2021-07-28,7.770794920529304,20
2021-07-29,7.88275637556404,20
2021-07-30,7.922662402279708,20
2021-08-02,8.021773336716233,20
2021-08-03,8.081933901402227,20
2021-08-04,8.079929797800173,20
2021-08-05,8.04927786602728,20
2021-08-06,8.02577780005896,20
2021-08-09,8.128151985128573,20
2021-08-10,8.190609474399684,20
2021-08-11,8.195779028544417,20
2021-08-12,8.225497359124965,20
2021-08-13,8.20989467053139,20
2021-08-16,8.261434208940047,20
2021-08-17,8.168193991460905,20
2021-08-18,8.241463512058623,20
2021-08-19,8.2462047224113,20
2021-08-20,8.169707828585905,20
2021-08-23,8.29202140160841,20
2021-08-24,8.332960238661622,20
2021-08-25,8.418846021855476,20
2021-08-26,8.322997908204611,20
2021-08-27,8.32034804788666,20
2021-08-30,8.247775666630654,20
2021-08-31,8.256374980267374,20
2021-09-01,8.247372931545339,20
2021-09-02,8.273043061401351,20
2021-09-03,8.323636714401776,20
2021-09-06,8.39121331344803,20
2021-09-07,8.434934463942461,20
2021-09-08,8.500574797343644,20
2021-09-09,8.531608699952056,20
2021-09-10,8.476330673308555,20
2021-09-13,8.525221065030227,20
2021-09-14,8.453946590076608,20
2021-09-15,8.460044024574746,20
2021-09-16,8.421812620086136,20
2021-09-17,8.411810398050502,20
2021-09-22,8.442057854046809,20
2021-09-23,8.543067052207789,20
2021-09-24,8.425139506180031,20
2021-09-27,8.247953944330273,20
2021-09-28,8.228868723192761,20
2021-09-29,8.091704865607506,20
2021-09-30,8.200125735356862,20
2021-10-08,8.288056583226009,20
2021-10-11,8.272796628293213,20
2021-10-12,8.175887951289866,20
2021-10-13,8.21025672087866,20
2021-10-14,8.255259483301423,20
2021-10-15,8.153231432587718,20
2021-10-18,8.179327622557956,20
2021-10-19,8.263869865802759,20
2021-10-20,8.228764290041738,20
2021-10-21,8.189937713336805,20
2021-10-22,8.11005314702643,20
2021-10-25,8.137967578720241,20
2021-10-26,8.131652435479548,20
2021-10-27,7.996151734381393,20
2021-10-28,7.875914241459162,20
2021-10-29,7.903728318789338,20
2021-11-01,7.9853249047652755,20
2021-11-02,7.909576932476325,20
2021-11-03,7.957998813281406,20
2021-11-04,8.037884723777593,20
2021-11-05,8.064148999675206,20
2021-11-08,8.045827054577087,20
2021-11-09,8.098772085626612,20
2021-11-10,8.17863603126312,20
2021-11-11,8.227721384590623,20
2021-11-12,8.359577342313747,20
2021-11-15,8.438165562791243,20
2021-11-16,8.45898432642791,20
2021-11-17,8.503117207125698,20
2021-11-18,8.41247686749122,20
2021-11-19,8.479003414707968,20
2021-11-22,8.480913471837608,20
2021-11-23,8.519649964199902,20
2021-11-24,8.5600330889972,20
2021-11-25,8.573724709238077,20
2021-11-26,8.530759267352506,20
2021-11-29,8.504246046646097,20
2021-11-30,8.571148631120069,20
2021-12-01,8.654595488883155,20
2021-12-02,8.608096040259946,20
2021-12-03,8.64749088639701,20
2021-12-06,8.582956313769657,20
2021-12-07,8.580995450759248,20
2021-12-08,8.620336378083769,20
2021-12-09,8.699761367538057,20
2021-12-10,8.683480486063319,20
2021-12-13,8.69314029385959,20
2021-12-14,8.66058621293582,20
2021-12-15,8.688956934198515,20
2021-12-16,8.753806394135282,20
2021-12-17,8.729796530059065,20
2021-12-20,8.718606312027266,20
2021-12-21,8.813629000344475,20
2021-12-22,8.861217232174578,20
2021-12-23,8.834085961960104,20
2021-12-24,8.752570628145087,20
2021-12-27,8.812504544712747,20
2021-12-28,8.808153863682833,20
2021-12-29,8.808378989320126,20
2021-12-30,8.859118523477232,20
2021-12-31,8.928138300917167,20
2022-01-04,9.095848866744781,20
2022-01-05,9.03490541159682,20
2022-01-06,9.101473444575312,20
2022-01-07,9.12078328918195,20
2022-01-10,9.255629101584724,20
2022-01-11,9.303616595673592,20
2022-01-12,9.329532902576405,20
2022-01-13,9.250178513820684,20
2022-01-14,9.1176476621753,20
2022-01-17,9.167079670674184,20
2022-01-18,9.191680459026886,20
2022-01-19,9.212971926781082,20
2022-01-20,9.04033410478503,20
2022-01-21,8.968108191976528,20
2022-01-24,8.892802007082267,20
2022-01-25,8.616753970436136,20
2022-01-26,8.712058154864863,20
2022-01-27,8.58010815102745,20
2022-01-28,8.632909203456027,20
2022-02-07,8.801855886244006,20
2022-02-08,8.893975206883587,20
2022-02-09,8.971727952147846,20
2022-02-10,8.995559026062683,20
2022-02-11,8.90442590157353,20
2022-02-14,8.846501662174393,20
2022-02-15,8.83953743588316,20
2022-02-16,8.9572420281112,20
2022-02-17,8.977017815360625,20
2022-02-18,9.041615199067536,20
2022-02-21,9.089754654429205,20
2022-02-22,9.033572466461255,20
2022-02-23,9.062039315948118,20
2022-02-24,8.919110879875078,20
2022-02-25,8.9559369754386,20
2022-02-28,8.981858959308717,20
2022-03-01,9.008308708990004,20
2022-03-02,9.017420389894593,20
2022-03-03,9.050618269160728,20
2022-03-04,8.982049835366178,20
2022-03-07,8.919280642878247,20
2022-03-08,8.740094613565377,20
2022-03-09,8.638546456354444,20
2022-03-10,8.734113560906092,20
2022-03-11,8.7945200101146,20
2022-03-14,8.678611990877405,20
2022-03-15,8.44389508453633,20
2022-03-16,8.549469524488098,20
2022-03-17,8.608613158295439,20
2022-03-18,8.671925216269349,20
2022-03-21,8.739824439728038,20
2022-03-22,8.739233451046216,20
2022-03-23,8.752247313256508,20
2022-03-24,8.73696143572639,20
2022-03-25,8.824736790906602,20
2022-03-28,8.833569239037196,20
2022-03-29,8.801420164919685,20
2022-03-30,8.884022499320169,20
2022-03-31,8.901602185661801,20
2022-04-01,8.903351762486219,20
2022-04-06,8.932286398514817,20
2022-04-07,8.883447348206476,20
2022-04-08,8.85833408648449,20
2022-04-11,8.800638669240485,20
2022-04-12,8.836836181391606,20
2022-04-13,8.799395867101502,20
2022-04-14,8.803721879898404,20
2022-04-15,8.763041584467727,20
2022-04-18,8.801867488524824,20
2022-04-19,8.820502899169309,20
2022-04-20,8.815090803293275,20
2022-04-21,8.750585572422565,20
2022-04-22,8.757608318192746,20
2022-04-25,8.601557769696447,20
2022-04-26,8.521941025491625,20
2022-04-27,8.575576367056478,20
2022-04-28,8.525542400321672,20
2022-04-29,8.630817192593772,20
2022-05-05,8.665971709751158,20
2022-05-06,8.644138032222278,19
2022-05-09,8.674877893905542,19
2022-05-10,8.697616840342883,19
2022-05-11,8.688490141071629,19
2022-05-12,8.716464246090148,19
2022-05-13,8.72285893697791,19
2022-05-16,8.720970594636919,19
2022-05-17,8.711128120793854,19
2022-05-18,8.717817922887477,19
2022-05-19,8.718149005586284,19
2022-05-20,8.748509858459409,19
2022-05-23,8.778561397957034,19
2022-05-24,8.696797055698068,19
2022-05-25,8.75028550136432,19
2022-05-26,8.765122794557184,19
2022-05-27,8.752151143813748,19
2022-05-30,8.78405512736221,19
2022-05-31,8.803116696849965,19
2022-06-01,8.804363648439812,19
2022-06-02,8.806701249110763,20
2022-06-06,8.828575521876076,20
2022-06-07,8.818755610460038,20
2022-06-08,8.8175206419485,20
2022-06-09,8.797455045681291,20
2022-06-10,8.816305598954015,20
2022-06-13,8.82107026942041,20
2022-06-14,8.826911592169935,20
2022-06-15,8.826786590144339,20
2022-06-16,8.826051758556268,20
2022-06-17,8.832297677116935,20
2022-06-20,8.851178920077444,20
2022-06-21,8.827884651769068,20
2022-06-22,8.787788978840402,20
2022-06-23,8.806339256033612,20
2022-06-24,8.81869969594895,20
2022-06-27,8.835516289531528,20
2022-06-28,8.859726701460788,20
2022-06-29,8.823349144699213,20
2022-06-30,8.852146300062467,20
2022-07-01,8.884390842819647,20
2022-07-04,8.920515156614726,19
2022-07-05,8.898082275704308,19
2022-07-06,8.809030009131352,19
2022-07-07,8.805262953140419,19
2022-07-08,8.81245431047916,19
2022-07-11,8.79232170759322,19
2022-07-12,8.727704239465012,19
2022-07-13,8.7609740139033,19
2022-07-14,8.783881881716153,19
2022-07-15,8.683859311255208,19
2022-07-18,8.864231965896616,19
2022-07-19,8.915119425973478,19
2022-07-20,8.949197877504407,19
2022-07-21,8.961363331438822,19
2022-07-22,8.945171876816298,19
2022-07-25,8.889994442426183,19
2022-07-26,8.898905181749624,19
2022-07-27,8.937215113190218,19
2022-07-28,9.012725886808633,19
2022-07-29,9.031183445007457,19
2022-08-01,9.029424451421004,19
2022-08-02,8.827054573994182,20
2022-08-03,8.838164953573711,20
2022-08-04,8.907117428077196,20
2022-08-05,8.941268027907414,20
2022-08-08,9.02734791409862,20
2022-08-09,9.027000162065672,20
2022-08-10,9.0891589638965,20
2022-08-11,9.183124448119985,20
2022-08-12,9.20030639864627,20
2022-08-15,9.190916051545162,20
2022-08-16,9.195899219232503,20
2022-08-17,9.201884554949817,20
2022-08-18,9.222357515562955,20
2022-08-19,9.20188805997169,20
2022-08-22,9.233954841554741,20
2022-08-23,9.25504979271459,20
2022-08-24,9.13841400078698,20
2022-08-25,9.143193608239729,20
2022-08-26,9.150001397210577,20
2022-08-29,9.240388147762491,20
2022-08-30,9.195440403916049,20
2022-08-31,9.140233347602914,20
2022-09-01,9.116518733383195,20
2022-09-02,9.136710502461918,20
2022-09-05,9.149406564751944,20
2022-09-06,9.180692652258653,20
2022-09-07,9.181001779644541,20
2022-09-08,9.148455381473184,20
2022-09-09,9.163950375810897,20
2022-09-13,9.159006902465686,20
2022-09-14,9.128640217357283,20
2022-09-15,9.07709149465945,20
2022-09-16,9.014012695940515,20
2022-09-19,8.983443509816247,20
2022-09-20,9.020519067765607,20
2022-09-21,9.02395903827844,20
2022-09-22,9.005211627364785,20
2022-09-23,8.956937247882793,20
2022-09-26,8.893380996049151,20
2022-09-27,8.950138734916539,20
2022-09-28,8.88748423657302,20
2022-09-29,8.89222519419354,20
2022-09-30,8.887678689535651,20
2022-10-10,8.841800829012161,20
2022-10-11,8.854728990043904,20
2022-10-12,8.901697352090396,20
2022-10-13,8.94159091656937,20
2022-10-14,8.990086469176049,20
2022-10-17,9.048271327495996,20
2022-10-18,9.060912796975858,20
2022-10-19,9.051663666713505,20
2022-10-20,9.020018754137983,20
2022-10-21,9.012825393037021,20
2022-10-24,8.972473173694896,20
2022-10-25,8.937870152665917,20
2022-10-26,8.9750398867159,20
2022-10-27,8.948046333174801,20
2022-10-28,8.85082331093226,20
2022-10-31,8.865774418421578,20
2022-11-01,8.888005037025621,20
2022-11-02,8.903541709744271,20
2022-11-03,8.910291860176727,20
2022-11-04,8.954697793521698,20
2022-11-07,8.982443557818344,20
2022-11-08,8.97274977979304,20
2022-11-09,8.975985895043985,20
2022-11-10,8.962505927393428,20
2022-11-11,8.987729294894653,20
2022-11-14,9.002883815877063,20
2022-11-15,9.031470900522525,20
2022-11-16,9.021134683171002,20
2022-11-17,9.021062232522569,20
2022-11-18,9.008199394272232,20
2022-11-21,9.019957518546452,20
2022-11-22,9.000899000535155,20
2022-11-23,8.994193007957868,20
2022-11-24,9.009644206882871,20
2022-11-25,9.021091112694494,20
2022-11-28,9.029366175586338,20
2022-11-29,9.067574591632871,20
2022-11-30,9.036580354541991,20
2022-12-01,9.034502443047026,20
2022-12-02,9.049537376828532,19
2022-12-05,9.081392626941303,19
2022-12-06,9.072186137294386,19
2022-12-07,9.088133343285705,19
2022-12-08,9.062690950075362,19
2022-12-09,9.061786925115705,19
2022-12-12,9.024760944690678,19
2022-12-13,9.03337367867708,19
2022-12-14,9.013580798966446,19
2022-12-15,9.017173154794342,19
2022-12-16,9.009487527735118,19
2022-12-19,8.919515129254581,19
2022-12-20,8.94075530047238,19
2022-12-21,8.926165055277242,19
2022-12-22,8.893046465329592,19
2022-12-23,8.869161054743866,19
2022-12-26,8.915937724095231,19
2022-12-27,8.953957830667411,19
2022-12-28,8.901429184054598,19
2022-12-29,8.899660222269555,19
2022-12-30,8.945475156083788,19
2023-01-03,8.985080384613335,19
2023-01-04,9.020845490493745,20
2023-01-05,9.063169123454461,20
2023-01-06,9.057212472637628,20
2023-01-09,9.071595339169917,20
2023-01-10,9.07779763495206,20
2023-01-11,9.088154672393301,20
2023-01-12,9.13855999154868,20
2023-01-13,9.141279616751763,20
2023-01-16,9.166142143223453,20
2023-01-17,9.144180022840578,20
2023-01-18,9.159841635329943,20
2023-01-19,9.160358773314902,20
2023-01-20,9.189697493518938,20
2023-01-30,9.23498919996915,20
2023-01-31,9.275354820880107,20
2023-02-01,9.318212338588571,20
2023-02-02,9.327186486270513,20
2023-02-03,9.307913979489339,20
2023-02-06,9.29512155955053,20
2023-02-07,9.32598767102509,20
2023-02-08,9.303096429582265,20
2023-02-09,9.353231223386276,20
2023-02-10,9.364493441472714,20
2023-02-13,9.447548534013457,20
2023-02-14,9.50946014824537,20
2023-02-15,9.498932078690277,20
2023-02-16,9.377219375675795,20
2023-02-17,9.389430426455236,20
2023-02-20,9.464702441597662,20
2023-02-21,9.494800401807376,20
2023-02-22,9.517422058563294,20
2023-02-23,9.534747440692252,20
2023-02-24,9.529170111388877,20
2023-02-27,9.504745413410685,20
2023-02-28,9.578336453725832,20
2023-03-01,9.647945795942066,20
2023-03-02,9.647290072442233,20
2023-03-03,9.632705801978725,20
2023-03-06,9.669546327020864,20
2023-03-07,9.59841614992045,20
2023-03-08,9.608394983094172,20
2023-03-09,9.612165052045098,20
2023-03-10,9.530632385365463,20
2023-03-13,9.518585491864311,20
2023-03-14,9.455154718699077,20
2023-03-15,9.541530048811666,20
2023-03-16,9.444594685276659,20
2023-03-17,9.442959961846011,20
2023-03-20,9.410741754017188,20
2023-03-21,9.494322145698932,20
2023-03-22,9.5568208322977,20
2023-03-23,9.56132392668262,20
2023-03-24,9.560535008791172,20
2023-03-27,9.545322669516098,20
2023-03-28,9.518973828402457,20
2023-03-29,9.471452440593037,20
2023-03-30,9.471360816471618,20
2023-03-31,9.493162984229508,20
2023-04-03,9.538403947759056,20
2023-04-04,9.414750140564218,20
2023-04-06,9.363148862358807,20
2023-04-07,9.391674713875718,20
2023-04-10,9.325916289904754,20
2023-04-11,9.328317052155333,20
2023-04-12,9.355721590794559,20
2023-04-13,9.319154813589122,20
2023-04-14,9.349060375061859,20
2023-04-17,9.459690533724405,20
2023-04-18,9.46372584154863,20
2023-04-19,9.424097355297173,20
2023-04-20,9.364543016941088,20
2023-04-21,9.181814901362813,20
2023-04-24,9.129443158955224,20
2023-04-25,9.02826306029883,20
2023-04-26,9.10521507915557,20
2023-04-27,9.107094471353156,20
2023-04-28,9.197630606309144,20
2023-05-04,9.23092733942879,20
2023-05-05,9.16710244327224,20
2023-05-08,9.208681615371193,20
2023-05-09,9.128627294157278,20
2023-05-10,9.105072121387352,20
2023-05-11,9.167900671236357,20
2023-05-12,9.100253720959309,20
2023-05-15,9.17431775554959,20
2023-05-16,9.15591197910664,20
2023-05-17,9.171683003553772,20
2023-05-18,9.176461843139919,20
2023-05-19,9.185812553555389,20
2023-05-22,9.23309160257712,20
2023-05-23,9.205283860877275,20
2023-05-24,9.135794596051458,20
2023-05-25,9.079227319697065,20
2023-05-26,9.085446663632583,20
2023-05-29,9.085173317362534,20
2023-05-30,9.103885038558493,20
2023-05-31,9.02869020534902,20
2023-06-01,9.055570319428593,20
2023-06-02,9.146780151866173,20
2023-06-05,9.125515125640641,20
2023-06-06,9.013782683194146,20
2023-06-07,8.987375602559991,20
2023-06-08,9.001142703718205,20
2023-06-09,8.973463091375184,20
2023-06-12,9.023572959927455,20
2023-06-13,9.008852751530613,20
2023-06-14,8.974451207458149,20
2023-06-15,9.017918163028657,20
2023-06-16,9.064438164193188,20
2023-06-19,9.007648430606398,20
2023-06-20,8.965738193183046,20
2023-06-21,8.961580555857319,20
2023-06-26,8.912062152052753,20
2023-06-27,9.094169131151176,20
2023-06-28,9.143258426917269,20
2023-06-29,9.211380639430397,20
2023-06-30,9.264046693187145,20
2023-07-03,9.291374802592452,20
2023-07-04,9.302965364606845,20
2023-07-05,9.283485167898188,20
2023-07-06,9.279728065979992,20
2023-07-07,9.269790606137406,20
2023-07-10,9.308839160329606,20
2023-07-11,9.348934515637753,20
2023-07-12,9.34029977407646,20
2023-07-13,9.377286316390016,20
2023-07-14,9.407409452496639,20
2023-07-17,9.424430047731914,20
2023-07-18,9.489362088588674,20
2023-07-19,9.518929519039398,20
2023-07-20,9.485955428249792,20
2023-07-21,9.46202311621196,20
2023-07-24,9.440283321697228,20
2023-07-25,9.51652163243914,20
2023-07-26,9.525824074447874,20
2023-07-27,9.476909171356642,20
2023-07-28,9.52042524742831,20
2023-07-31,9.544337449511923,20
2023-08-01,9.547640081889982,20
2023-08-02,9.509074631143829,20
2023-08-03,9.497913326949597,20
2023-08-04,9.459552036931884,20
2023-08-07,9.39568329378407,20
2023-08-08,9.423219565932682,20
2023-08-09,9.370818136452737,20
2023-08-10,9.438629455135016,20
2023-08-11,9.370762419084848,20
2023-08-14,9.378297192505388,20
2023-08-15,9.361123530164676,20
2023-08-16,9.315495505635003,20
2023-08-17,9.356110983297071,20
2023-08-18,9.324103725987753,20
2023-08-21,9.324233615310531,20
2023-08-22,9.301981780337984,20
2023-08-23,9.215390981999478,20
2023-08-24,9.19670105433435,20
2023-08-25,9.105225182642684,20
2023-08-28,9.187179728986262,20
2023-08-29,9.294416723111798,20
2023-08-30,9.315019019226632,20
2023-08-31,9.305112946720772,20
2023-09-01,9.327883576072765,20
2023-09-04,9.371833479212086,20
2023-09-05,9.373255989424349,20
2023-09-06,9.358850694664207,20
2023-09-07,9.304818472954787,20
2023-09-08,9.285889228154831,20
2023-09-11,9.321614755845665,20
2023-09-12,9.317226768583513,20
2023-09-13,9.281967881310088,20
2023-09-14,9.27439228251614,20
2023-09-15,9.301400441531541,20
2023-09-18,9.338301251628081,20
2023-09-19,9.323455593242386,20
2023-09-20,9.30951706344085,20
2023-09-21,9.282415855560608,20
2023-09-22,9.326326734533952,20
2023-09-25,9.343343564575502,20
2023-09-26,9.328365893142346,20
2023-09-27,9.36050241222645,20
2023-09-28,9.37941388293365,20
2023-10-09,9.357392204788502,20
2023-10-10,9.322844152814111,20
2023-10-11,9.33165693269561,20
2023-10-12,9.347093770386618,20
2023-10-13,9.312714740020335,20
2023-10-16,9.293471445158831,20
2023-10-17,9.286646815979962,20
2023-10-18,9.236888547996257,20
2023-10-19,9.210280234671577,20
2023-10-20,9.189686503640893,20
2023-10-23,9.132814062341815,20
2023-10-24,9.194593964167057,20
2023-10-25,9.2139814937879,20
2023-10-26,9.220308931363096,20
2023-10-27,9.26790037588101,20
2023-10-30,9.279247021251646,20
2023-10-31,9.27474731544915,20
2023-11-01,9.275694452625883,20
2023-11-02,9.25410179940132,20
2023-11-03,9.267305030865575,20
2023-11-06,9.300060237771778,20
2023-11-07,9.296467313199587,20
2023-11-08,9.295901289838339,20
2023-11-09,9.30240955648896,20
2023-11-10,9.313732996393165,20
2023-11-13,9.330517062178751,20
2023-11-14,9.323313985644319,20
2023-11-15,9.339993082653182,20
2023-11-16,9.319904078291938,20
2023-11-17,9.333120742900078,20
2023-11-20,9.340489596443595,20
2023-11-21,9.337663943826117,20
2023-11-22,9.318446866661674,20
2023-11-23,9.343514348599165,20
2023-11-24,9.337962429819795,20
2023-11-27,9.33464333037023,20
2023-11-28,9.35387314862465,20
2023-11-29,9.33908299253082,20
2023-11-30,9.330072882922344,20
2023-12-01,9.335078830001182,20
2023-12-04,9.312057369980806,20
2023-12-05,9.255650556535963,20
2023-12-06,9.279703434594634,20
2023-12-07,9.260954769177417,20
2023-12-08,9.216137370191888,20
2023-12-11,9.246339286018562,20
2023-12-12,9.264365358310352,20
2023-12-13,9.259678229925289,20
2023-12-14,9.257963914040113,20
2023-12-15,9.240762267831723,20
2023-12-18,9.201921403717403,20
2023-12-19,9.195581089281694,20
2023-12-20,9.163763310469022,20
2023-12-21,9.180832172387875,20
2023-12-22,9.155072844354441,20
2023-12-25,9.157226860417197,20
2023-12-26,9.131160458107761,20
2023-12-27,9.152840043295363,20
2023-12-28,9.204920362620943,20
2023-12-29,9.24528952803053,20
2024-01-02,9.264752582946484,20
2024-01-03,9.273731561871234,20
2024-01-04,9.274647549245802,20
2024-01-05,9.245184982853285,20
2024-01-08,9.212631213487446,20
2024-01-09,9.221375389523306,20
2024-01-10,9.215451257368368,20
2024-01-11,9.237440761076195,20
2024-01-12,9.232761091680436,20
2024-01-15,9.24323318707605,20
2024-01-16,9.238194257681862,20
2024-01-17,9.20041340238493,20
2024-01-18,9.182495460762913,20
2024-01-19,9.164314432125341,20
2024-01-22,9.051028427853575,20
2024-01-23,9.064958030840575,20
2024-01-24,9.094824653727041,20
2024-01-25,9.15415213135858,20
2024-01-26,9.156465652098188,20
2024-01-29,9.13018965622914,20
2024-01-30,9.072678128403313,20
2024-01-31,9.013863434712002,20
2024-02-01,8.989811681220356,20
2024-02-02,8.906061856902184,20
2024-02-05,8.783151756213597,20
2024-02-06,8.819352121505045,20
2024-02-07,8.788408047817933,20
2024-02-08,8.914176353534,20
2024-02-19,8.978395290415353,20
2024-02-20,8.987685852489935,20
2024-02-21,9.016015725970728,20
2024-02-22,9.045534105094365,20
2024-02-23,9.0784638732618,20
2024-02-26,9.10705861629552,20
2024-02-27,9.144388892835616,20
2024-02-28,9.04110705937927,20
2024-02-29,9.117893103698997,20
2024-03-01,9.13519714723413,20
2024-03-04,9.13974617991923,20
2024-03-05,9.11129118851968,20
2024-03-06,9.12566829636367,20
2024-03-07,9.12383643425842,20
2024-03-08,9.14341380737748,20
2024-03-11,9.173696809047755,20
2024-03-12,9.203456411002058,20
2024-03-13,9.20963688038088,20
2024-03-14,9.221211092663737,20
2024-03-15,9.250501486464225,20
2024-03-18,9.28960470237886,20
2024-03-19,9.274789095831688,20
2024-03-20,9.29228484860185,20
2024-03-21,9.308322381246922,20
2024-03-22,9.267052708289064,20
2024-03-25,9.215827248999078,20
2024-03-26,9.2367387182203,20
2024-03-27,9.18946477844385,20
2024-03-28,9.22218747214651,20
2024-03-29,9.245885154642258,20
2024-04-01,9.298244347186538,20
2024-04-02,9.321870773353341,20
2024-04-03,9.310896547840478,20
2024-04-08,9.266768803282439,20
2024-04-09,9.310418086729452,20
2024-04-10,9.262129555006394,20
2024-04-11,9.271037107833154,20
2024-04-12,9.282540265601384,20
2024-04-15,9.239115749804196,20
2024-04-16,9.132803111677681,20
2024-04-17,9.255712587635294,20
2024-04-18,9.293983574804267,20
2024-04-19,9.309456521492166,20
2024-04-22,9.291158739968553,20
2024-04-23,9.261904909132676,20
2024-04-24,9.301930939607296,20
2024-04-25,9.344930677215263,20
2024-04-26,9.33659371596245,20
2024-04-29,9.367212225991373,20
2024-04-30,9.396724808421165,20
2024-05-06,9.476121288177346,20
2024-05-07,9.476950740840447,20
2024-05-08,9.449572472740426,20
2024-05-09,9.491986399061638,20
2024-05-10,9.460481482386621,20
2024-05-13,9.45579708802351,20
2024-05-14,9.50348928490784,20
2024-05-15,9.485145422414307,20
2024-05-16,9.470385912717234,20
2024-05-17,9.477062233186306,20
2024-05-20,9.525269435337442,20
2024-05-21,9.508893039095797,20
2024-05-22,9.487904429717725,20
2024-05-23,9.433968280393232,20
2024-05-24,9.409755809201423,20
2024-05-27,9.438597159104152,20
2024-05-28,9.399191622142007,20
2024-05-29,9.403560624069645,20
2024-05-30,9.386703414209382,20
2024-05-31,9.38586896938034,20
2024-06-03,9.33067653164814,20
2024-06-04,9.401024400910007,20
2024-06-05,9.327024475406525,20
2024-06-06,9.245145311796598,20
2024-06-07,9.305980652611398,20
2024-06-11,9.292599922771617,20
2024-06-12,9.335787830313906,20
2024-06-13,9.288556519841823,20
2024-06-14,9.292851338649989,20
2024-06-17,9.27430249939164,20
2024-06-18,9.288240540085893,20
2024-06-19,9.24598293357581,20
2024-06-20,9.183512706074435,20
2024-06-21,9.192834608977979,20
2024-06-24,9.079496880823294,20
2024-06-25,9.100244206184843,20
2024-06-26,9.166782790566728,20
2024-06-27,9.088802102510174,20
2024-06-28,9.10302143217385,20
