date,nav,num_held
2006-01-04,1.0,0
2006-01-05,1.0,0
2006-01-06,1.0,0
2006-01-09,1.0,0
2006-01-10,1.0,0
2006-01-11,1.0,0
2006-01-12,1.0,0
2006-01-13,1.0,0
2006-01-16,1.0,0
2006-01-17,1.0,0
2006-01-18,1.0,0
2006-01-19,1.0,0
2006-01-20,1.0,0
2006-01-23,1.0,0
2006-01-24,1.0,0
2006-01-25,1.0,0
2006-02-06,0.9995000949747064,0
2006-02-07,1.007330631266275,6
2006-02-08,1.015161806800765,6
2006-02-09,1.0005018945774087,6
2006-02-10,1.0237817644161393,6
2006-02-13,1.0390737651973383,6
2006-02-14,1.0395578024216925,6
2006-02-15,1.0311056080377816,6
2006-02-16,0.9790648511648438,6
2006-02-17,0.9654856589838392,6
2006-02-20,0.9510669976024363,6
2006-02-21,0.9774183485671055,6
2006-02-22,0.9803038008563316,6
2006-02-23,0.978792919890417,6
2006-02-24,0.9887344297087374,6
2006-02-27,0.9831271558336812,6
2006-02-28,0.9796315514320387,6
2006-03-01,0.9877576320167274,6
2006-03-02,0.9587236519829251,8
2006-03-03,0.9536139176516394,8
2006-03-06,0.9426930896752669,8
2006-03-07,0.9089341359589662,8
2006-03-08,0.9058622258538566,8
2006-03-09,0.9121611990878282,8
2006-03-10,0.9191796953890143,8
2006-03-13,0.9308600838744377,8
2006-03-14,0.928190637449516,8
2006-03-15,0.9442325466339787,8
2006-03-16,0.9437044428412154,8
2006-03-17,0.9355125770297428,8
2006-03-20,0.9500417712946997,8
2006-03-21,0.9506360316616971,8
2006-03-22,0.9664394879574931,8
2006-03-23,0.9739109993628668,8
2006-03-24,0.9602215100828487,8
2006-03-27,0.9734459289142859,8
2006-03-28,0.9421929869444492,8
2006-03-29,0.9395243605285993,8
2006-03-30,0.9242591525312572,8
2006-03-31,0.9355612377032255,8
2006-04-03,0.950266187096227,8
2006-04-04,0.9711515458478476,7
2006-04-05,0.9801494377730309,7
2006-04-06,0.9770638854383289,7
2006-04-07,0.9728965455418931,7
2006-04-10,1.016908180881335,7
2006-04-11,1.0259915505305903,7
2006-04-12,1.0164833704412166,7
2006-04-13,0.9782502432558796,7
2006-04-14,1.0141823236641978,7
2006-04-17,1.0295822395396634,7
2006-04-18,1.0147331211283739,7
2006-04-19,1.0160917459512555,7
2006-04-20,0.9910181524091638,7
2006-04-21,1.0018200007126838,7
2006-04-24,0.9877959876907952,7
2006-04-25,0.9739596224645538,7
2006-04-26,0.9872225257490616,7
2006-04-27,0.9820547540654767,7
2006-04-28,0.9939383186226038,7
2006-05-08,1.003971665579504,7
2006-05-09,1.0145820748127632,10
2006-05-10,1.0198957897775682,10
2006-05-11,1.0128094976943136,10
2006-05-12,1.0192989863012474,10
2006-05-15,1.0402899534768664,10
2006-05-16,1.0245626047816805,10
2006-05-17,1.0293001329015194,10
2006-05-18,1.0287392900363175,10
2006-05-19,1.0383067145052667,10
2006-05-22,1.0438654284768907,10
2006-05-23,1.0202622700678627,10
2006-05-24,1.0119932285672293,10
2006-05-25,1.0183516318968129,10
2006-05-26,1.0252012993283144,10
2006-05-29,1.0324907816720357,10
2006-05-30,1.0395346034938846,10
2006-05-31,1.0418451244522042,10
2006-06-01,1.0561658458366272,10
2006-06-02,1.054217901610179,20
2006-06-05,1.060198738345329,20
2006-06-06,1.0547388941405387,20
2006-06-07,1.030863341252847,20
2006-06-08,1.0324874643367272,20
2006-06-09,1.0260378595505886,20
2006-06-12,1.0279655159242795,20
2006-06-13,1.031195644840602,20
2006-06-14,1.0276956465311113,20
2006-06-15,1.0302946343834543,20
2006-06-16,1.0398672799787723,20
2006-06-19,1.0438372203320438,20
2006-06-20,1.0442795420753528,20
2006-06-21,1.0419637527617458,20
2006-06-22,1.0382469029893726,20
2006-06-23,1.0410004841891844,20
2006-06-26,1.047890641460783,20
2006-06-27,1.0473753491573103,20
2006-06-28,1.0455750490482278,20
2006-06-29,1.053771531724423,20
2006-06-30,1.0524558045348584,20
2006-07-03,1.058151303570664,20
2006-07-04,1.0552953252048167,20
2006-07-05,1.0535488369112245,20
2006-07-06,1.0612111359341787,20
2006-07-07,1.0606101810072421,20
2006-07-10,1.0638459357084717,20
2006-07-11,1.0665117438835938,20
2006-07-12,1.0681671367937395,20
2006-07-13,1.0485210368262285,20
2006-07-14,1.0528821187625532,20
2006-07-17,1.0611138914164155,20
2006-07-18,1.060045136295721,20
2006-07-19,1.0527914313709503,20
2006-07-20,1.0538990946973579,20
2006-07-21,1.0551177317830283,20
2006-07-24,1.0515607232738466,20
2006-07-25,1.054372170474405,20
2006-07-26,1.0558194953722821,20
2006-07-27,1.0546920510267173,20
2006-07-28,1.0508350156070283,20
2006-07-31,1.024129170501953,20
2006-08-01,1.0181166349024477,20
2006-08-02,1.0164624840204026,20
2006-08-03,1.0169676366865448,20
2006-08-04,1.0009443816962518,20
2006-08-07,0.986039860187856,20
2006-08-08,0.99800650520853,20
2006-08-09,0.9954795853836287,20
2006-08-10,1.005792258898496,20
2006-08-11,1.0095467034790995,20
2006-08-14,0.998278424032217,20
2006-08-15,1.0043909184012407,20
2006-08-16,1.0155597456701573,20
2006-08-17,1.011341464685609,20
2006-08-18,1.0117748336371517,20
2006-08-21,1.0176359485028441,20
2006-08-22,1.0216425697300773,20
2006-08-23,1.0199613837919552,20
2006-08-24,1.0239065997465011,20
2006-08-25,1.0255321978064929,20
2006-08-28,1.035452925436999,20
2006-08-29,1.037520088013104,20
2006-08-30,1.036819709503507,20
2006-08-31,1.0369095832708435,20
2006-09-01,1.024843365591524,20
2006-09-04,1.0387454871966855,20
2006-09-05,1.0332338760499604,20
2006-09-06,1.0380637848164216,20
2006-09-07,1.028565514630046,20
2006-09-08,1.0294473641785022,20
2006-09-11,1.0300047051918475,20
2006-09-12,1.036527651903452,20
2006-09-13,1.0288236185389654,20
2006-09-14,1.0253602135925428,20
2006-09-15,1.035161911848886,20
2006-09-18,1.0446384380073155,20
2006-09-19,1.0484528943299316,20
2006-09-20,1.0470878401130361,20
2006-09-21,1.0544732677927628,20
2006-09-22,1.0511339879882673,20
2006-09-25,1.0478607640033946,20
2006-09-26,1.0411122719844401,20
2006-09-27,1.0474251707891384,20
2006-09-28,1.0564084902409352,20
2006-09-29,1.0612568675466547,20
2006-10-09,1.0775147466280914,20
2006-10-10,1.0860026210171547,20
2006-10-11,1.0900405843818866,20
2006-10-12,1.0819638812268861,20
2006-10-13,1.0818449758162605,20
2006-10-16,1.0738825304909398,20
2006-10-17,1.0736540649045347,20
2006-10-18,1.0825817315412642,20
2006-10-19,1.0896124993883474,20
2006-10-20,1.0793509969679036,20
2006-10-23,1.0610591079487266,20
2006-10-24,1.0777572680284757,20
2006-10-25,1.0758582213082355,20
2006-10-26,1.0778390683457189,20
2006-10-27,1.0664333879075223,20
2006-10-30,1.075001532396466,20
2006-10-31,1.079680673876092,20
2006-11-01,1.0837731382360678,20
2006-11-02,1.0743300694894888,20
2006-11-03,1.0699951223675712,20
2006-11-06,1.0613567038821332,20
2006-11-07,1.0506605257060715,20
2006-11-08,1.050633349459345,20
2006-11-09,1.0558116729409295,20
2006-11-10,1.0410023430028752,20
2006-11-13,1.0104954210177943,20
2006-11-14,1.0118053996884546,20
2006-11-15,1.0271374266569944,20
2006-11-16,1.0106723374209055,20
2006-11-17,1.0146373182080033,20
2006-11-20,1.0102162823325367,20
2006-11-21,1.022741568478426,20
2006-11-22,1.0349107418985604,20
2006-11-23,1.0351706272775598,20
2006-11-24,1.0414561775601634,20
2006-11-27,1.0650618314943654,20
2006-11-28,1.063090893677323,20
2006-11-29,1.0762280683844863,20
2006-11-30,1.090988442478785,20
2006-12-01,1.095647981673522,20
2006-12-04,1.1168030039131296,20
2006-12-05,1.1106546309292664,20
2006-12-06,1.0998252485383722,20
2006-12-07,1.0933502685403038,20
2006-12-08,1.0657947734275963,20
2006-12-11,1.0911059994586612,20
2006-12-12,1.09927123356555,20
2006-12-13,1.104160649757443,20
2006-12-14,1.1279859165010904,20
2006-12-15,1.1425819070508099,20
2006-12-18,1.1612547561805124,20
2006-12-19,1.167420136742873,20
2006-12-20,1.2023100039621561,20
2006-12-21,1.198163035567566,20
2006-12-22,1.1818671338188957,20
2006-12-25,1.1863423763106,20
2006-12-26,1.174154462627291,20
2006-12-27,1.1832859163474778,20
2006-12-28,1.1562399961586594,20
2006-12-29,1.1828494271618535,20
2007-01-04,1.181894956320387,20
2007-01-05,1.2168957107637053,20
2007-01-08,1.2621189650688596,20
2007-01-09,1.2778104879016787,20
2007-01-10,1.3104606286913514,20
2007-01-11,1.3025345202932197,20
2007-01-12,1.2771400736853347,20
2007-01-15,1.3428155975628016,20
2007-01-16,1.3888251968302128,20
2007-01-17,1.398783219668001,20
2007-01-18,1.435395425232149,20
2007-01-19,1.4752985218385266,20
2007-01-22,1.5285659557096878,20
2007-01-23,1.504489395977547,20
2007-01-24,1.5148094658368998,20
2007-01-25,1.4488330736887418,20
2007-01-26,1.456809170644619,20
2007-01-29,1.4915819808101374,20
2007-01-30,1.501159625829428,20
2007-01-31,1.4486757813811038,20
2007-02-01,1.4680195418471538,20
2007-02-02,1.4590954214632263,20
2007-02-05,1.4605566345498906,20
2007-02-06,1.4777457829671015,20
2007-02-07,1.5001556452099818,20
2007-02-08,1.5123315016752286,20
2007-02-09,1.5117984378088627,20
2007-02-12,1.550638997925722,20
2007-02-13,1.5664548984039053,20
2007-02-14,1.59599377217585,20
2007-02-15,1.6294133450421158,20
2007-02-16,1.6328190394883528,20
2007-02-26,1.6426640858336938,20
2007-02-27,1.5297554960350928,20
2007-02-28,1.5417079580707937,20
2007-03-01,1.4954979201489886,20
2007-03-02,1.509455734512525,20
2007-03-05,1.5089149645589577,20
2007-03-06,1.5210234116038837,20
2007-03-07,1.5501598488902306,20
2007-03-08,1.5678431660247028,20
2007-03-09,1.5597418396959775,20
2007-03-12,1.5584446480229712,20
2007-03-13,1.5625416553187599,20
2007-03-14,1.5538605998847799,20
2007-03-15,1.5739474766872392,20
2007-03-16,1.5703657707802046,20
2007-03-19,1.5789671787615183,20
2007-03-20,1.586415814740723,20
2007-03-21,1.6092117756347246,20
2007-03-22,1.6107820835685482,20
2007-03-23,1.6131796364996835,20
2007-03-26,1.6345921896657591,20
2007-03-27,1.646084409564529,20
2007-03-28,1.6291907606980567,20
2007-03-29,1.6123742543417137,20
2007-03-30,1.616212498683877,20
2007-04-02,1.632830199764029,20
2007-04-03,1.6405858068983623,20
2007-04-04,1.6592900295570445,20
2007-04-05,1.6690829940765868,20
2007-04-06,1.6865684532313905,20
2007-04-09,1.706586334935708,20
2007-04-10,1.7218951100799484,20
2007-04-11,1.7340336107121836,20
2007-04-12,1.7565205364202106,20
2007-04-13,1.7528331413026508,20
2007-04-16,1.7796113578462571,20
2007-04-17,1.7917492450468233,20
2007-04-18,1.8035132078957399,20
2007-04-19,1.745652565213414,20
2007-04-20,1.7950384236084422,20
2007-04-23,1.8162535556370198,20
2007-04-24,1.8135027837785558,20
2007-04-25,1.802965675659663,20
2007-04-26,1.8125948875159932,20
2007-04-27,1.7959776064943418,20
2007-04-30,1.7891091713069096,20
2007-05-08,1.819919791317734,20
2007-05-09,1.797561243498499,20
2007-05-10,1.8052550803476761,20
2007-05-11,1.7947070404596954,20
2007-05-14,1.7976647405681856,20
2007-05-15,1.7815326346865614,20
2007-05-16,1.8058751888507891,20
2007-05-17,1.8243470108595723,20
2007-05-18,1.8369914184215013,20
2007-05-21,1.8563446373615642,20
2007-05-22,1.872118213136715,20
2007-05-23,1.8941713430260667,20
2007-05-24,1.8762951401662507,20
2007-05-25,1.892928924580213,20
2007-05-28,1.9285570240724834,20
2007-05-29,1.9597041897900975,20
2007-05-30,1.8676099280328995,20
2007-05-31,1.8915135970403563,20
2007-06-01,1.8689569272238882,20
2007-06-04,1.77037879725025,20
2007-06-05,1.7927529252316414,20
2007-06-06,1.8123613619508945,20
2007-06-07,1.8690567142075722,20
2007-06-08,1.8769548768407767,20
2007-06-11,1.910850681718355,20
2007-06-12,1.9366229293850774,20
2007-06-13,1.975683766099283,20
2007-06-14,1.9657397701263362,20
2007-06-15,2.0015774065312946,20
2007-06-18,2.0420032553550973,20
2007-06-19,2.0380807025212695,20
2007-06-20,2.000081919002887,20
2007-06-21,1.9969883679412814,20
2007-06-22,1.9250081817645126,20
2007-06-25,1.8582167430529999,20
2007-06-26,1.9080588272477494,20
2007-06-27,1.9349158090334238,20
2007-06-28,1.8604827009595033,20
2007-06-29,1.826074577006516,20
2007-07-02,1.8425736880322925,20
2007-07-03,1.8733544264949151,20
2007-07-04,1.8437644900987453,20
2007-07-05,1.7837366418060903,20
2007-07-06,1.8376807433392655,20
2007-07-09,1.8663265682644552,20
2007-07-10,1.8355157662324801,20
2007-07-11,1.8450669762241867,20
2007-07-12,1.8506169238021846,20
2007-07-13,1.855277379983679,20
2007-07-16,1.8409913610400575,20
2007-07-17,1.862525718715425,20
2007-07-18,1.8658546424719953,20
2007-07-19,1.867827627641561,20
2007-07-20,1.9042960712256707,20
2007-07-23,1.9489123236528652,20
2007-07-24,1.9455443089104183,20
2007-07-25,1.9716501438816603,20
2007-07-26,1.9775760707692158,20
2007-07-27,2.0018817752169644,20
2007-07-30,2.020232154338145,20
2007-07-31,2.035227101728319,20
2007-08-01,1.9821222836729162,20
2007-08-02,2.0261055762913727,20
2007-08-03,2.0436862504385,20
2007-08-06,2.047099102869699,20
2007-08-07,2.046693724350403,20
2007-08-08,2.0213063616903604,20
2007-08-09,2.0267155097461593,20
2007-08-10,1.9959408736412088,20
2007-08-13,1.9953971375090487,20
2007-08-14,2.0253428138660863,20
2007-08-15,2.019063298723186,20
2007-08-16,2.019213326127495,20
2007-08-17,2.0144699777345405,20
2007-08-20,2.0526316787716925,20
2007-08-21,2.0513489822022883,20
2007-08-22,2.056835095464797,20
2007-08-23,2.07177518612632,20
2007-08-24,2.0811563306421816,20
2007-08-27,2.0627247515459963,20
2007-08-28,2.0463212225512697,20
2007-08-29,2.0462040013341993,20
2007-08-30,2.0753645361029363,20
2007-08-31,2.0891372540646236,20
2007-09-03,2.100587865558542,20
2007-09-04,2.097873688148287,20
2007-09-05,2.098064240497824,20
2007-09-06,2.1043408353991424,20
2007-09-07,2.076568242523019,20
2007-09-10,2.095823880656888,20
2007-09-11,2.0237984061175633,20
2007-09-12,2.0283892297656765,20
2007-09-13,2.0420153814009994,20
2007-09-14,2.045964085830972,20
2007-09-17,2.055521981491918,20
2007-09-18,2.0582410720071826,20
2007-09-19,2.039671587647303,20
2007-09-20,2.0392992860687484,20
2007-09-21,2.025143814059789,20
2007-09-24,2.0295225055350583,20
2007-09-25,2.0227127374930896,20
2007-09-26,2.0151163628647737,20
2007-09-27,2.032166244343073,20
2007-09-28,2.0524329080437402,20
2007-10-08,2.056475334280844,20
2007-10-09,2.0692336631784745,20
2007-10-10,2.059824775648271,20
2007-10-11,2.0488467447925562,20
2007-10-12,2.0157203758687587,20
2007-10-15,2.0268749687630208,20
2007-10-16,2.04297032999506,20
2007-10-17,2.048388427254566,20
2007-10-18,2.0302825346646864,20
2007-10-19,2.0295553104715616,20
2007-10-22,2.0104429918126114,20
2007-10-23,2.016636530616798,20
2007-10-24,1.99546208127294,20
2007-10-25,1.917092722901519,20
2007-10-26,1.912647683799501,20
2007-10-29,1.914156176154735,20
2007-10-30,1.935126884831911,20
2007-10-31,1.9777754550654747,20
2007-11-01,1.9419586379385176,20
2007-11-02,1.9160648797486879,20
2007-11-05,1.9499325577320707,20
2007-11-06,1.9554806420494968,20
2007-11-07,1.9429754624643423,20
2007-11-08,1.911893396308973,20
2007-11-09,1.911055716586999,20
2007-11-12,1.8963930230508914,20
2007-11-13,1.9013232187534923,20
2007-11-14,1.9339785596740746,20
2007-11-15,1.9238284349739694,20
2007-11-16,1.9295446285177376,20
2007-11-19,1.971547031207288,20
2007-11-20,1.9871667417246446,20
2007-11-21,1.9917777079792693,20
2007-11-22,1.957446784211968,20
2007-11-23,1.961255512098932,20
2007-11-26,1.9555283034842454,20
2007-11-27,1.9375112509444892,20
2007-11-28,1.933758547284013,20
2007-11-29,1.9616821524858146,20
2007-11-30,1.9491729836573697,20
2007-12-03,1.9556578971097232,20
2007-12-04,1.9633367472487329,20
2007-12-05,1.9803440880873309,20
2007-12-06,1.9769685856924992,20
2007-12-07,1.9884564348128406,20
2007-12-10,2.020128134006947,20
2007-12-11,2.0288374762898944,20
2007-12-12,2.0479960622101205,20
2007-12-13,2.035038111403519,20
2007-12-14,2.0488170597540925,20
2007-12-17,2.0679908134720786,20
2007-12-18,2.0474392790487403,20
2007-12-19,2.0656105546031323,20
2007-12-20,2.075393928484457,20
2007-12-21,2.089690511705048,20
2007-12-24,2.1034773725095337,20
2007-12-25,2.124899878060303,20
2007-12-26,2.156851612351703,20
2007-12-27,2.1684501895920083,20
2007-12-28,2.176091062835916,20
2008-01-02,2.2334605664391365,20
2008-01-03,2.252304712787267,20
2008-01-04,2.2445344786355705,20
2008-01-07,2.2648274264031163,20
2008-01-08,2.23351384902161,20
2008-01-09,2.2734899293707205,20
2008-01-10,2.2652449483661,20
2008-01-11,2.275785052622209,20
2008-01-14,2.289331798905884,20
2008-01-15,2.3163942705850693,20
2008-01-16,2.3145322933670283,20
2008-01-17,2.2936546092015626,20
2008-01-18,2.2982611484129056,20
2008-01-21,2.2456802281935406,20
2008-01-22,2.128083626790035,20
2008-01-23,2.184367878727918,20
2008-01-24,2.2240138113072767,20
2008-01-25,2.224995375608097,20
2008-01-28,2.1297434066556726,20
2008-01-29,2.140274355721159,20
2008-01-30,2.16404701056355,20
2008-01-31,2.13914765446314,20
2008-02-01,2.0889826139405083,20
2008-02-04,2.1691046784682233,20
2008-02-05,2.1584925418347845,20
2008-02-13,2.149694488431992,20
2008-02-14,2.1696450569592955,20
2008-02-15,2.1726560789855074,20
2008-02-18,2.219510473829436,20
2008-02-19,2.233524166418575,20
2008-02-20,2.22090661129325,20
2008-02-21,2.2255617199254747,20
2008-02-22,2.19423030736789,20
2008-02-25,2.161737014264852,20
2008-02-26,2.150520573272825,20
2008-02-27,2.160645994161704,20
2008-02-28,2.170963132169823,20
2008-02-29,2.1778642323293544,20
2008-03-03,2.205624733164316,20
2008-03-04,2.1990532928970437,20
2008-03-05,2.1894973620821814,20
2008-03-06,2.1928671834630853,20
2008-03-07,2.1771535663461417,20
2008-03-10,2.1472698164807595,20
2008-03-11,2.151648120529479,20
2008-03-12,2.1342884927563692,20
2008-03-13,2.1033687574962356,20
2008-03-14,2.098527832309782,20
2008-03-17,2.0377134741199394,20
2008-03-18,1.971678420428731,20
2008-03-19,2.0099409888786925,20
2008-03-20,2.0418885397383955,20
2008-03-21,2.044453935217748,20
2008-03-24,2.0236529636668426,20
2008-03-25,2.0402386327115445,20
2008-03-26,2.039289458286448,20
2008-03-27,2.0032321144961456,20
2008-03-28,2.0201354409287324,20
2008-03-31,1.9982951722249074,20
2008-04-01,1.9561005739748152,20
2008-04-02,1.9289553656602039,20
2008-04-03,1.939351783711558,20
2008-04-07,1.9672267378935049,20
2008-04-08,1.9771117846681558,20
2008-04-09,1.9570601419695945,20
2008-04-10,1.962499147571957,20
2008-04-11,1.9723754259712756,20
2008-04-14,1.9384934269525944,20
2008-04-15,1.950220464239181,20
2008-04-16,1.94637945775608,20
2008-04-17,1.933750018061695,20
2008-04-18,1.9074933476100808,20
2008-04-21,1.8994777072260633,20
2008-04-22,1.889376843482879,20
2008-04-23,1.9125123952793028,20
2008-04-24,1.957207862273111,20
2008-04-25,1.9594703795855741,20
2008-04-28,1.9562870254475238,20
2008-04-29,1.9605852912987245,20
2008-04-30,1.9785729244001402,20
2008-05-05,1.9919724085472972,20
2008-05-06,1.9909488210187387,19
2008-05-07,1.9703645553325935,19
2008-05-08,1.9811782488707796,19
2008-05-09,1.9804785489006527,19
2008-05-12,1.9888559393710021,19
2008-05-13,1.9972512073358224,19
2008-05-14,2.0114942650659797,19
2008-05-15,2.009939290649719,19
2008-05-16,2.0059015632990183,19
2008-05-19,2.006096228317566,19
2008-05-20,1.978868048371096,19
2008-05-21,1.988290853933299,19
2008-05-22,1.9784819771850264,19
2008-05-23,1.974795749177834,19
2008-05-26,1.962156894484741,19
2008-05-27,1.9646553051262798,19
2008-05-28,1.9754046186639318,19
2008-05-29,1.9680927858365176,19
2008-05-30,1.9783712013014398,19
2008-06-02,1.9800082215918795,19
2008-06-03,1.9798499256872546,20
2008-06-04,1.9771397339980321,20
2008-06-05,1.983719028707863,20
2008-06-06,1.9877289956559083,20
2008-06-10,1.9493185944427702,20
2008-06-11,1.9376689819615567,20
2008-06-12,1.9364281859466244,20
2008-06-13,1.9243903411589334,20
2008-06-16,1.9207440939655178,20
2008-06-17,1.9162896873572732,20
2008-06-18,1.932105134270543,20
2008-06-19,1.8959746742878647,20
2008-06-20,1.8940300762619802,20
2008-06-23,1.8753933667427956,20
2008-06-24,1.88072929440987,20
2008-06-25,1.9026752338361168,20
2008-06-26,1.9116216555581946,20
2008-06-27,1.8842377094519767,20
2008-06-30,1.8868817076451523,20
2008-07-01,1.8782695172781294,20
2008-07-02,1.88397408317653,20
2008-07-03,1.8985849457236548,20
2008-07-04,1.8951943301540877,20
2008-07-07,1.910212628882484,20
2008-07-08,1.9141735360086365,20
2008-07-09,1.9231292730704992,20
2008-07-10,1.9158875523433674,20
2008-07-11,1.9107070581490042,20
2008-07-14,1.9178770593540204,20
2008-07-15,1.9075172704646524,20
2008-07-16,1.8945373591801018,20
2008-07-17,1.8922850704160372,20
2008-07-18,1.8990121075254862,20
2008-07-21,1.910852120593141,20
2008-07-22,1.9123322312842828,20
2008-07-23,1.9056549354671803,20
2008-07-24,1.9129480518623183,20
2008-07-25,1.9110487917277899,20
2008-07-28,1.9158735845345873,20
2008-07-29,1.9088626559135602,20
2008-07-30,1.906404495616755,20
2008-07-31,1.8943151714460498,20
2008-08-01,1.8958493023411278,20
2008-08-04,1.8875053165433733,20
2008-08-05,1.8820667908108344,20
2008-08-06,1.8809876136603536,20
2008-08-07,1.882012065664487,20
2008-08-08,1.860547901495183,20
2008-08-11,1.8404046183439027,20
2008-08-12,1.8424133627048411,20
2008-08-13,1.8443900282098744,20
2008-08-14,1.8456416267882787,20
2008-08-15,1.8445585310159638,20
2008-08-18,1.822030453365051,20
2008-08-19,1.8225843412159426,20
2008-08-20,1.849149050467095,20
2008-08-21,1.8341436439468723,20
2008-08-22,1.8262511022627692,20
2008-08-25,1.822523862651796,20
2008-08-26,1.8092284406957935,20
2008-08-27,1.8002534970017574,20
2008-08-28,1.7977569656971002,20
2008-08-29,1.8054757016331864,20
2008-09-01,1.7944550765821998,20
2008-09-02,1.7908566144634874,16
2008-09-03,1.783065372427406,16
2008-09-04,1.7877319794576936,16
2008-09-05,1.7759324656501088,16
2008-09-08,1.7635782110785843,16
2008-09-09,1.7658084519715076,16
2008-09-10,1.7650925339233405,16
2008-09-11,1.7592428210412951,16
2008-09-12,1.7596694023523174,16
2008-09-16,1.7559135368119092,16
2008-09-17,1.7537412544780016,16
2008-09-18,1.750064727267736,16
2008-09-19,1.7835505861806638,16
2008-09-22,1.7896362437736122,16
2008-09-23,1.7639904503920687,16
2008-09-24,1.767522750832657,16
2008-09-25,1.7763822009845884,16
2008-09-26,1.7783587601970139,16
2008-10-06,1.7631711937640069,16
2008-10-07,1.7643462262082543,20
2008-10-08,1.7567272072389577,20
2008-10-09,1.7561330588385757,20
2008-10-10,1.7438424763105356,20
2008-10-13,1.7463340895810657,20
2008-10-14,1.7390403556648162,20
2008-10-15,1.73680567926948,20
2008-10-16,1.7194701903847542,20
2008-10-17,1.7203556173293932,20
2008-10-20,1.7296716100022502,20
2008-10-21,1.7299037102163897,20
2008-10-22,1.7219871321079343,20
2008-10-23,1.724284646157114,20
2008-10-24,1.7201503231876123,20
2008-10-27,1.698772875661404,20
2008-10-28,1.7053644654076185,20
2008-10-29,1.6939728518029487,20
2008-10-30,1.6946484849096748,20
2008-10-31,1.6892723400994705,20
2008-11-03,1.6814990299506871,20
2008-11-04,1.6811926870415534,8
2008-11-05,1.6871665936019675,8
2008-11-06,1.6820916663928336,8
2008-11-07,1.6819079667858448,8
2008-11-10,1.701515672107928,8
2008-11-11,1.6997437638515909,8
2008-11-12,1.7030317363142082,8
2008-11-13,1.7179933549835735,8
2008-11-14,1.7307583880028636,8
2008-11-17,1.7466143926688078,8
2008-11-18,1.7292780826410215,8
2008-11-19,1.752390503137001,8
2008-11-20,1.7553675955026695,8
2008-11-21,1.751412693155604,8
2008-11-24,1.746816384882826,8
2008-11-25,1.7432824617485867,8
2008-11-26,1.7443925821256043,8
2008-11-27,1.7529538057205174,8
2008-11-28,1.7617374108480743,8
2008-12-01,1.770309205432219,8
2008-12-02,1.7765125198528495,20
2008-12-03,1.7859545132875376,20
2008-12-04,1.7853551857924321,20
2008-12-05,1.7901355904973852,20
2008-12-08,1.8031687830553047,20
2008-12-09,1.7970866461283557,20
2008-12-10,1.803774204242146,20
2008-12-11,1.794346135610899,20
2008-12-12,1.7817706094657537,20
2008-12-15,1.7905813076959292,20
2008-12-16,1.7975897020238465,20
2008-12-17,1.8025883536195713,20
2008-12-18,1.8082568708845073,20
2008-12-19,1.8169921444083694,20
2008-12-22,1.8216179617562636,20
2008-12-23,1.8054519209068365,20
2008-12-24,1.8035563563159804,20
2008-12-25,1.8066455537902437,20
2008-12-26,1.80415813810279,20
2008-12-29,1.804524723325583,20
2008-12-30,1.8084396819592177,20
2008-12-31,1.8064066873039648,20
2009-01-05,1.8137304318471843,20
2009-01-06,1.8178876907411752,20
2009-01-07,1.8188688556383508,20
2009-01-08,1.8138876700651336,20
2009-01-09,1.8276300040976083,20
2009-01-12,1.8291679620467185,20
2009-01-13,1.8154770138570222,20
2009-01-14,1.8272678450884927,20
2009-01-15,1.8307758403427101,20
2009-01-16,1.8271755141849666,20
2009-01-19,1.8244721859775852,20
2009-01-20,1.8283543553500443,20
2009-01-21,1.8265126407230856,20
2009-01-22,1.8297557502331603,20
2009-01-23,1.8291273044727503,20
2009-02-02,1.8374226029485217,20
2009-02-03,1.8455714070670204,20
2009-02-04,1.8487827624512176,20
2009-02-05,1.8457309192609364,20
2009-02-06,1.8591680130098658,20
2009-02-09,1.8691492371518303,20
2009-02-10,1.8809244785347425,20
2009-02-11,1.8751067485615487,20
2009-02-12,1.8809352294371993,20
2009-02-13,1.892091875328937,20
2009-02-16,1.8928056912097346,20
2009-02-17,1.8826608823559492,20
2009-02-18,1.869393010049189,20
2009-02-19,1.8797116324766576,20
2009-02-20,1.8894854397780374,20
2009-02-23,1.898520530554993,20
2009-02-24,1.8797079212602839,20
2009-02-25,1.887865597839196,20
2009-02-26,1.858820428099969,20
2009-02-27,1.8371699693656025,20
2009-03-02,1.8493042047465842,20
2009-03-03,1.8517479856699306,20
2009-03-04,1.8939780491328144,20
2009-03-05,1.899893500149164,20
2009-03-06,1.8954368892340392,20
2009-03-09,1.8711958354943135,20
2009-03-10,1.8922056654337025,20
2009-03-11,1.8933746486910574,20
2009-03-12,1.8981149896261957,20
2009-03-13,1.9092810817163137,20
2009-03-16,1.9222139373034852,20
2009-03-17,1.9437500439183455,20
2009-03-18,1.9484153610353732,20
2009-03-19,1.9617611026751203,20
2009-03-20,1.9513647540052401,20
2009-03-23,1.9642474061020707,20
2009-03-24,1.977237631251415,20
2009-03-25,1.9538010308605445,20
2009-03-26,1.965287232521504,20
2009-03-27,1.9609307686715565,20
2009-03-30,1.9749543093720274,20
2009-03-31,1.9896541509612222,20
2009-04-01,2.004269512796718,20
2009-04-02,2.0174793205383326,20
2009-04-03,2.0300165362156792,20
2009-04-07,2.057364090019492,20
2009-04-08,2.0391514703038696,20
2009-04-09,2.0647477295603154,20
2009-04-10,2.089066444408402,20
2009-04-13,2.1135896481683853,20
2009-04-14,2.1554991239361487,20
2009-04-15,2.175602408708185,20
2009-04-16,2.173228424690816,20
2009-04-17,2.133469122984685,20
2009-04-20,2.150127986683131,20
2009-04-21,2.1447252571568343,20
2009-04-22,2.1033160556454362,20
2009-04-23,2.131048998177288,20
2009-04-24,2.1288693742698643,20
2009-04-27,2.0967052294397015,20
2009-04-28,2.0987013756321415,20
2009-04-29,2.112758501191622,20
2009-04-30,2.1226095474125004,20
2009-05-04,2.1604902402612995,20
2009-05-05,2.174127135156401,20
2009-05-06,2.187871944201968,20
2009-05-07,2.1749343993419608,20
2009-05-08,2.1630458838722357,20
2009-05-11,2.122015164111814,20
2009-05-12,2.1497032654018415,20
2009-05-13,2.1632549685047064,20
2009-05-14,2.1701116542928034,20
2009-05-15,2.1656166342337,20
2009-05-18,2.1665908627967645,20
2009-05-19,2.1707819829757993,20
2009-05-20,2.1622671389385983,20
2009-05-21,2.1413003583683583,20
2009-05-22,2.1496844737478105,20
2009-05-25,2.1497595064485227,20
2009-05-26,2.1634839420920766,20
2009-05-27,2.161984117788725,20
2009-06-01,2.1794373654596435,20
2009-06-02,2.177052131502402,20
2009-06-03,2.184402863713424,20
2009-06-04,2.1780630471786866,20
2009-06-05,2.167989653615242,20
2009-06-08,2.164302160305439,20
2009-06-09,2.1666042170615696,20
2009-06-10,2.1838047409521746,20
2009-06-11,2.1824526689540313,20
2009-06-12,2.1566647532074907,20
2009-06-15,2.1716833908285564,20
2009-06-16,2.1638894564666433,20
2009-06-17,2.172213675337199,20
2009-06-18,2.1808987574977627,20
2009-06-19,2.1876498932423027,20
2009-06-22,2.1825594086489777,20
2009-06-23,2.1848627557651206,20
2009-06-24,2.195263619013376,20
2009-06-25,2.2123490791267955,20
2009-06-26,2.224417878870548,20
2009-06-29,2.2276397228646947,20
2009-06-30,2.2117225692501448,20
2009-07-01,2.2010206635471623,20
2009-07-02,2.201582439199332,20
2009-07-03,2.205497348636837,20
2009-07-06,2.204813783922694,20
2009-07-07,2.2482796044586584,20
2009-07-08,2.2740391967368856,20
2009-07-09,2.336513614709311,20
2009-07-10,2.331364352656837,20
2009-07-13,2.351124299843109,20
2009-07-14,2.3913881236187984,20
2009-07-15,2.4190823308525466,20
2009-07-16,2.4048474936084006,20
2009-07-17,2.4428456178157005,20
2009-07-20,2.4780926851292864,20
2009-07-21,2.4324639185867394,20
2009-07-22,2.443216996717821,20
2009-07-23,2.444781674973322,20
2009-07-24,2.4368632800802765,20
2009-07-27,2.4524047545857486,20
2009-07-28,2.470507939704967,20
2009-07-29,2.4058955232521213,20
2009-07-30,2.437073877073939,20
2009-07-31,2.4793427736779377,20
2009-08-03,2.5070156124941807,20
2009-08-04,2.508823364857965,20
2009-08-05,2.524030406331902,20
2009-08-06,2.510548585445607,20
2009-08-07,2.4757921077734757,20
2009-08-10,2.4967663298710736,20
2009-08-11,2.5007490309170137,20
2009-08-12,2.397587768025679,20
2009-08-13,2.4007968057881715,20
2009-08-14,2.3210968184166085,20
2009-08-17,2.2247747890097718,20
2009-08-18,2.2501299795945098,20
2009-08-19,2.1878567947069962,20
2009-08-20,2.2479072163666216,20
2009-08-21,2.312087210660681,20
2009-08-24,2.352280403042007,20
2009-08-25,2.3161475270125664,20
2009-08-26,2.3576607894432957,20
2009-08-27,2.3622164171828723,20
2009-08-28,2.348244928492543,20
2009-08-31,2.2432784453389694,20
2009-09-01,2.2209717580147146,20
2009-09-02,2.254485732063991,20
2009-09-03,2.3136361263070953,20
2009-09-04,2.3357603157615747,20
2009-09-07,2.3552450597980172,20
2009-09-08,2.361162400134303,20
2009-09-09,2.3830443025946466,20
2009-09-10,2.367303007365478,20
2009-09-11,2.3826373549964472,20
2009-09-14,2.416752509664,20
2009-09-15,2.4419886898684346,20
2009-09-16,2.4465954746497127,20
2009-09-17,2.5030883567257685,20
2009-09-18,2.453795075703785,20
2009-09-21,2.4833612905063296,20
2009-09-22,2.4712796189591093,20
2009-09-23,2.446061383210556,20
2009-09-24,2.4189428540078204,20
2009-09-25,2.420137330969643,20
2009-09-28,2.379402591848413,20
2009-09-29,2.3428677161469507,20
2009-09-30,2.3610098228850562,20
2009-10-09,2.4174444965000608,20
2009-10-12,2.4284188794845476,19
2009-10-13,2.4389759211077076,19
2009-10-14,2.4424847048620024,19
2009-10-15,2.457734211482566,19
2009-10-16,2.463615480208629,19
2009-10-19,2.479117156176856,19
2009-10-20,2.5083001473375597,19
2009-10-21,2.4924958599790172,19
2009-10-22,2.5033095343493517,19
2009-10-23,2.539732193463733,19
2009-10-26,2.5684907425793706,19
2009-10-27,2.5558902124443335,19
2009-10-28,2.5826850030795536,19
2009-10-29,2.564854213746116,19
2009-10-30,2.570459316018299,19
2009-11-02,2.6093053018368804,19
2009-11-03,2.6369055057440978,20
2009-11-04,2.658411721722532,20
2009-11-05,2.6822229442586654,20
2009-11-06,2.6816047464699513,20
2009-11-09,2.701393288648222,20
2009-11-10,2.691634851407771,20
2009-11-11,2.6940691334659155,20
2009-11-12,2.7175168235518905,20
2009-11-13,2.7403842198260344,20
2009-11-16,2.789412680846463,20
2009-11-17,2.8000732829507586,20
2009-11-18,2.8142087948418513,20
2009-11-19,2.828133294414924,20
2009-11-20,2.8377369807661026,20
2009-11-23,2.865087310845311,20
2009-11-24,2.770634146956943,20
2009-11-25,2.8243832529517894,20
2009-11-26,2.7324453911109936,20
2009-11-27,2.732529738510551,20
2009-11-30,2.8036107469264673,20
2009-12-01,2.8571252529927547,20
2009-12-02,2.8871686863481627,20
2009-12-03,2.905708390031343,20
2009-12-04,2.8437355685523893,20
2009-12-07,2.8828283256941747,20
2009-12-08,2.888037961406457,20
2009-12-09,2.872130341300207,20
2009-12-10,2.90269373172964,20
2009-12-11,2.904721266078067,20
2009-12-14,2.911448396289863,20
2009-12-15,2.9153615991030897,20
2009-12-16,2.890735456313059,20
2009-12-17,2.8421278947697037,20
2009-12-18,2.799521839296862,20
2009-12-21,2.8340292702604652,20
2009-12-22,2.806928197549811,20
2009-12-23,2.8467552191770156,20
2009-12-24,2.9110685387782973,20
2009-12-25,2.922768423857247,20
2009-12-28,2.945429333877512,20
2009-12-29,2.9750137040473925,20
2009-12-30,2.963064987608147,20
2009-12-31,2.9994676597396763,20
2010-01-04,3.0216171368795703,20
2010-01-05,3.0481116070237446,20
2010-01-06,3.040323327117191,20
2010-01-07,3.005805370947273,20
2010-01-08,3.0185618401614662,20
2010-01-11,3.0580862708310192,20
2010-01-12,3.1214820267576617,20
2010-01-13,3.1240574223400146,20
2010-01-14,3.1823809420951115,20
2010-01-15,3.2184619330567696,20
2010-01-18,3.2559744678143505,20
2010-01-19,3.239916783651362,20
2010-01-20,3.1540790379805,20
2010-01-21,3.1543357415305042,20
2010-01-22,3.100688336442736,20
2010-01-25,3.0619379716772195,20
2010-01-26,2.9976523358352893,20
2010-01-27,3.0065038914877955,20
2010-01-28,3.0449198202049583,20
2010-01-29,3.0699246541594682,20
2010-02-01,3.060409401437892,20
2010-02-02,3.042446535991966,20
2010-02-03,3.0448692920430114,20
2010-02-04,3.0418460327034493,20
2010-02-05,2.9938471948293843,20
2010-02-08,2.9965819572502417,20
2010-02-09,3.010995799943528,20
2010-02-10,3.0445006695256223,20
2010-02-11,3.045752813514228,20
2010-02-12,3.0753582545978655,20
2010-02-22,3.073458822900078,20
2010-02-23,3.0662032300421727,20
2010-02-24,3.1316558572075937,20
2010-02-25,3.1709470646371574,20
2010-02-26,3.1779703267151556,20
2010-03-01,3.1939828207244663,20
2010-03-02,3.1788299496297414,20
2010-03-03,3.191708853641984,20
2010-03-04,3.1481559563299895,20
2010-03-05,3.151102345728911,20
2010-03-08,3.1537588155872,20
2010-03-09,3.151470246063931,20
2010-03-10,3.125476274877005,20
2010-03-11,3.113693110294638,20
2010-03-12,3.093623347869676,20
2010-03-15,3.0804882633437853,20
2010-03-16,3.084761544330911,20
2010-03-17,3.1312360053243724,20
2010-03-18,3.130617076955947,20
2010-03-19,3.130029476289093,20
2010-03-22,3.1437912749121613,20
2010-03-23,3.1585928122922033,20
2010-03-24,3.172884315675492,20
2010-03-25,3.1563056136335974,20
2010-03-26,3.1718645733746005,20
2010-03-29,3.1747485179835535,20
2010-03-30,3.18558367425956,20
2010-03-31,3.2018210616599854,20
2010-04-01,3.236019327003867,20
2010-04-02,3.2478221619345944,20
2010-04-06,3.24107293279697,20
2010-04-07,3.2617777331985764,20
2010-04-08,3.2625973452571344,20
2010-04-09,3.3151370332751418,20
2010-04-12,3.360708696358764,20
2010-04-13,3.338509194992662,20
2010-04-14,3.360408893871426,20
2010-04-15,3.332367737607738,20
2010-04-16,3.3302831763844183,20
2010-04-19,3.273936211544005,20
2010-04-20,3.348360083522185,20
2010-04-21,3.4180553895165113,20
2010-04-22,3.4334565384661264,20
2010-04-23,3.4147998525557686,20
2010-04-26,3.4069697306654794,20
2010-04-27,3.3494331643089907,20
2010-04-28,3.321507532057268,20
2010-04-29,3.263150555083529,20
2010-04-30,3.217863369550621,20
2010-05-04,3.2240724529960616,20
2010-05-05,3.281030804408055,20
2010-05-06,3.2315924626220123,20
2010-05-07,3.1890168672125574,20
2010-05-10,3.1319298465033008,20
2010-05-11,3.0842793059886775,20
2010-05-12,3.0518139184116544,20
2010-05-13,3.106405371867113,20
2010-05-14,3.1125620177203417,20
2010-05-17,3.004539259006295,20
2010-05-18,3.0262706815202947,20
2010-05-19,3.0413201722924157,20
2010-05-20,3.042084438905726,20
2010-05-21,3.0970575726591782,20
2010-05-24,3.174678057428031,20
2010-05-25,3.1572057247447383,20
2010-05-26,3.153679687418918,20
2010-05-27,3.1859966436504172,20
2010-05-28,3.192151422524687,20
2010-05-31,3.169545463469597,20
2010-06-01,3.1446640927291303,20
2010-06-02,3.158703952065093,20
2010-06-03,3.16322033869558,20
2010-06-04,3.193941882993762,20
2010-06-07,3.2170084779120933,20
2010-06-08,3.223635478676867,20
2010-06-09,3.2304889429229036,20
2010-06-10,3.243006029822128,20
2010-06-11,3.242460523916801,20
2010-06-17,3.217073499917445,20
2010-06-18,3.165755382574599,20
2010-06-21,3.1932417267273787,20
2010-06-22,3.200386274909563,20
2010-06-23,3.1990479319494636,20
2010-06-24,3.1975163662824384,20
2010-06-25,3.1772349576302625,20
2010-06-28,3.1593646350569036,20
2010-06-29,3.10611317023294,20
2010-06-30,3.1038012078788464,20
2010-07-01,3.083267146306188,20
2010-07-02,3.0798183911783577,20
2010-07-05,3.0796048553605777,20
2010-07-06,3.099202044002009,20
2010-07-07,3.1033576572032646,20
2010-07-08,3.0997060025141345,20
2010-07-09,3.1220722512423644,20
2010-07-12,3.125461471075546,20
2010-07-13,3.116056280324582,20
2010-07-14,3.1211203957657,20
2010-07-15,3.108675117039867,20
2010-07-16,3.1150314483578176,20
2010-07-19,3.128987201337816,20
2010-07-20,3.1469714970842366,20
2010-07-21,3.146055100399136,20
2010-07-22,3.153570506395899,20
2010-07-23,3.152811940320667,20
2010-07-26,3.1623035027316755,20
2010-07-27,3.1628012495773103,20
2010-07-28,3.1739192018408446,20
2010-07-29,3.1792680038161096,20
2010-07-30,3.1819483747539143,20
2010-08-02,3.1893837691177214,20
2010-08-03,3.1778586219405587,20
2010-08-04,3.1826330803119567,20
2010-08-05,3.1857273134557396,20
2010-08-06,3.2054629509362345,20
2010-08-09,3.2170177085580685,20
2010-08-10,3.189756877943434,20
2010-08-11,3.1979547466188594,20
2010-08-12,3.196937866639157,20
2010-08-13,3.209628000155152,20
2010-08-16,3.2308227589549205,20
2010-08-17,3.2347425386395074,20
2010-08-18,3.232228212286948,20
2010-08-19,3.229212337519544,20
2010-08-20,3.2140143791318767,20
2010-08-23,3.21576455405157,20
2010-08-24,3.2251525685695266,20
2010-08-25,3.206748728363224,20
2010-08-26,3.216756393728231,20
2010-08-27,3.2262451881143996,20
2010-08-30,3.2439873397096375,20
2010-08-31,3.243496341429067,20
2010-09-01,3.2017172558881635,20
2010-09-02,3.2261282078796327,20
2010-09-03,3.2519034229249346,20
2010-09-06,3.230800740379908,20
2010-09-07,3.230617135343238,20
2010-09-08,3.2497409553124794,20
2010-09-09,3.261096893446369,20
2010-09-10,3.2992070023502054,20
2010-09-13,3.315912415015198,20
2010-09-14,3.3130726581141414,20
2010-09-15,3.2734915082037355,20
2010-09-16,3.229177984265741,20
2010-09-17,3.225097723924184,20
2010-09-20,3.2024035741355,20
2010-09-21,3.196436716123263,20
2010-09-27,3.223216425104338,20
2010-09-28,3.2087115379461197,20
2010-09-29,3.197066129703435,20
2010-09-30,3.222709622299194,20
2010-10-08,3.2661686881812124,20
2010-10-11,3.234256728888503,20
2010-10-12,3.238110394236388,20
2010-10-13,3.223907750479956,20
2010-10-14,3.1909933359839364,20
2010-10-15,3.159704720406216,20
2010-10-18,3.1470801140078906,20
2010-10-19,3.231843819347324,20
2010-10-20,3.228112672046436,20
2010-10-21,3.2189599257448367,20
2010-10-22,3.245253584765383,20
2010-10-25,3.290823017410219,20
2010-10-26,3.274760854304944,20
2010-10-27,3.276011176231698,20
2010-10-28,3.2871173844043544,20
2010-10-29,3.3456020128915505,20
2010-11-01,3.4215775935174535,20
2010-11-02,3.3634243235430143,20
2010-11-03,3.2987297024038793,20
2010-11-04,3.32912129736494,20
2010-11-05,3.379982237064299,20
2010-11-08,3.4524541288030464,20
2010-11-09,3.4637017442548226,20
2010-11-10,3.499022157427936,20
2010-11-11,3.458749586302745,20
2010-11-12,3.313560018952939,20
2010-11-15,3.4236253478824237,20
2010-11-16,3.40472614252719,20
2010-11-17,3.3618504261880497,20
2010-11-18,3.41214145734145,20
2010-11-19,3.53284774932898,20
2010-11-22,3.5762264752344053,20
2010-11-23,3.605280983522433,20
2010-11-24,3.6520903149196102,20
2010-11-25,3.6124723044471665,20
2010-11-26,3.612448044627108,20
2010-11-29,3.647811692937634,20
2010-11-30,3.5541761150989863,20
2010-12-01,3.54941306878649,20
2010-12-02,3.564150534299517,20
2010-12-03,3.5319991918290157,20
2010-12-06,3.477408007350999,20
2010-12-07,3.5272891896032283,20
2010-12-08,3.5076743307774922,20
2010-12-09,3.4611583828344763,20
2010-12-10,3.507038378497884,20
2010-12-13,3.576963633521815,20
2010-12-14,3.6091824533089354,20
2010-12-15,3.5888324980591046,20
2010-12-16,3.6154929539389964,20
2010-12-17,3.63584518305998,20
2010-12-20,3.606354654772576,20
2010-12-21,3.610967173488735,20
2010-12-22,3.5875236523934073,20
2010-12-23,3.5243003378662197,20
2010-12-24,3.4691379224802614,20
2010-12-27,3.395983466135275,20
2010-12-28,3.3813824247905018,20
2010-12-29,3.425498630268435,20
2010-12-30,3.4467257001904144,20
2010-12-31,3.4851775609549183,20
2011-01-04,3.5154553226781085,20
2011-01-05,3.522281028821827,20
2011-01-06,3.5083084101689455,20
2011-01-07,3.48439073607842,20
2011-01-10,3.428546933892188,20
2011-01-11,3.3788217596764007,20
2011-01-12,3.384490407490659,20
2011-01-13,3.39837445408671,20
2011-01-14,3.3174066094830255,20
2011-01-17,3.210012444721558,20
2011-01-18,3.216289426435322,20
2011-01-19,3.2634363948535445,20
2011-01-20,3.1787881676293086,20
2011-01-21,3.1933194022357987,20
2011-01-24,3.170416715139737,20
2011-01-25,3.148053736525471,20
2011-01-26,3.182817225975256,20
2011-01-27,3.2146788846125802,20
2011-01-28,3.2301440115572797,20
2011-01-31,3.2338299050675468,20
2011-02-01,3.2302726933328696,20
2011-02-09,3.201570139460357,20
2011-02-10,3.2722523906470133,20
2011-02-11,3.2985568122826527,20
2011-02-14,3.321603203452284,20
2011-02-15,3.3311257373067047,20
2011-02-16,3.3601304142159756,20
2011-02-17,3.375825078317456,20
2011-02-18,3.3500811627490448,20
2011-02-21,3.3780322076833,20
2011-02-22,3.3439533515971145,20
2011-02-23,3.3596298816854056,20
2011-02-24,3.367321613289212,20
2011-02-25,3.372646489156601,20
2011-02-28,3.3941539562905176,20
2011-03-01,3.3849147653822147,20
2011-03-02,3.3763250295554936,20
2011-03-03,3.335796823808452,20
2011-03-04,3.3516790927785665,20
2011-03-07,3.3607155796547556,20
2011-03-08,3.3771758626644695,20
2011-03-09,3.3873370419439977,20
2011-03-10,3.3953724508710406,20
2011-03-11,3.4125754905316192,20
2011-03-14,3.4374492588981234,20
2011-03-15,3.411086979637261,20
2011-03-16,3.436438972993802,20
2011-03-17,3.380573548302154,20
2011-03-18,3.4002147565053775,20
2011-03-21,3.3907494801815212,20
2011-03-22,3.3728760549986156,20
2011-03-23,3.409895923929972,20
2011-03-24,3.4042257056494827,20
2011-03-25,3.411489720575819,20
2011-03-28,3.401428770496189,20
2011-03-29,3.3251968471509166,20
2011-03-30,3.317339110091128,20
2011-03-31,3.3043592374034594,20
2011-04-01,3.3357149172309826,20
2011-04-06,3.320132337087987,20
2011-04-07,3.3366700445709805,20
2011-04-08,3.380212520406182,20
2011-04-11,3.346075757131796,20
2011-04-12,3.330816129200445,20
2011-04-13,3.367850788100158,20
2011-04-14,3.360389161815063,20
2011-04-15,3.3607441188070375,20
2011-04-18,3.3564216088414667,20
2011-04-19,3.342612437659933,20
2011-04-20,3.358236504952787,20
2011-04-21,3.372946026200193,20
2011-04-22,3.3527803810185692,20
2011-04-25,3.310747657773457,20
2011-04-26,3.242236113779449,20
2011-04-27,3.2057601673543337,20
2011-04-28,3.124233944032368,20
2011-04-29,3.167267399853318,20
2011-05-03,3.183472036582564,20
2011-05-04,3.1461145106143746,19
2011-05-05,3.1476608136946016,19
2011-05-06,3.1562419844245957,19
2011-05-09,3.1736309428009606,19
2011-05-10,3.1737061169513283,19
2011-05-11,3.1767552214343566,19
2011-05-12,3.1389370281509756,19
2011-05-13,3.129517563782097,19
2011-05-16,3.1195339143842555,19
2011-05-17,3.116680334961433,19
2011-05-18,3.124370590530199,19
2011-05-19,3.1118738661409266,19
2011-05-20,3.0886650228071515,19
2011-05-23,3.0196034304315535,19
2011-05-24,3.0481099398883647,19
2011-05-25,2.998986881979321,19
2011-05-26,2.9791011452941887,19
2011-05-27,2.9411144194333145,19
2011-05-30,2.9390226914853854,19
2011-05-31,2.9516014447616987,19
2011-06-01,2.958095257628748,19
2011-06-02,2.938319253607797,20
2011-06-03,2.9591192739021195,20
2011-06-07,2.9693097864091347,20
2011-06-08,2.968136637216691,20
2011-06-09,2.951848387231891,20
2011-06-10,2.949125895228439,20
2011-06-13,2.9501041103982626,20
2011-06-14,2.9608307830760827,20
2011-06-15,2.9509989890905595,20
2011-06-16,2.930393460752265,20
2011-06-17,2.916283812790707,20
2011-06-20,2.9059382014063617,20
2011-06-21,2.9143335601607805,20
2011-06-22,2.9145044793111112,20
2011-06-23,2.9416406005297677,20
2011-06-24,2.963291398504345,20
2011-06-27,2.980433659810672,20
2011-06-28,2.9855315697292144,20
2011-06-29,2.976572872678206,20
2011-06-30,2.9819786150305108,20
2011-07-01,2.9832408309009306,20
2011-07-04,3.0009258088387765,20
2011-07-05,3.010416433152456,20
2011-07-06,3.0156355052431403,20
2011-07-07,3.0207477451285762,20
2011-07-08,3.0154478080873433,20
2011-07-11,3.0164101959129717,20
2011-07-12,2.999371108614328,20
2011-07-13,3.0173797893953602,20
2011-07-14,3.032823169413238,20
2011-07-15,3.0526082893736057,20
2011-07-18,3.0497090828367117,20
2011-07-19,3.0326841789571635,20
2011-07-20,3.035550038092361,20
2011-07-21,3.023764152557157,20
2011-07-22,3.0326862573588493,20
2011-07-25,3.0032036197000984,20
2011-07-26,3.0052548492198676,20
2011-07-27,3.029304955500562,20
2011-07-28,3.034641076880089,20
2011-07-29,3.0192684978917073,20
2011-08-01,3.024055708148385,20
2011-08-02,3.0343008777682874,20
2011-08-03,3.0520778463491443,20
2011-08-04,3.0506644173864963,20
2011-08-05,3.0337845747780228,20
2011-08-08,2.9893276583025887,20
2011-08-09,2.98353431916473,20
2011-08-10,2.9950428043171797,20
2011-08-11,3.016177313940235,20
2011-08-12,3.02675993708952,20
2011-08-15,3.0476639584063427,20
2011-08-16,3.040556680599181,20
2011-08-17,3.0439871935338907,20
2011-08-18,3.0294892820572747,20
2011-08-19,3.025056826397719,20
2011-08-22,3.034549697412532,20
2011-08-23,3.053029768557148,20
2011-08-24,3.054455198894726,20
2011-08-25,3.0607172491876056,20
2011-08-26,3.0705530549010507,20
2011-08-29,3.0703779372761413,20
2011-08-30,3.055716820677219,20
2011-08-31,3.050742641942921,20
2011-09-01,3.04995510654181,20
2011-09-02,3.042612439698369,20
2011-09-05,3.0279760958916127,20
2011-09-06,3.02285576311577,20
2011-09-07,3.0393731348712105,20
2011-09-08,3.030419114086518,20
2011-09-09,3.0253549637002384,20
2011-09-13,3.0167959468619676,20
2011-09-14,3.0228229451485036,20
2011-09-15,3.027188650548684,20
2011-09-16,3.026698090608267,20
2011-09-19,3.017097845313316,20
2011-09-20,3.0228627323087016,20
2011-09-21,3.0398746353509725,20
2011-09-22,3.0236610199167937,20
2011-09-23,3.026764745763473,20
2011-09-26,3.025208822037147,20
2011-09-27,3.0309784892172535,20
2011-09-28,3.020368235009777,20
2011-09-29,2.9965696836276527,20
2011-09-30,2.993044760523681,20
2011-10-10,2.987559175493663,20
2011-10-11,2.9837437865152774,20
2011-10-12,3.0022938727107267,20
2011-10-13,3.0079574285056094,20
2011-10-14,3.004628132560277,20
2011-10-17,3.00828041802173,20
2011-10-18,2.994021710148876,20
2011-10-19,2.990530656869053,20
2011-10-20,2.970772089783992,20
2011-10-21,2.9585937998403087,20
2011-10-24,2.966473775172528,20
2011-10-25,2.9791479983601934,20
2011-10-26,2.9919368912415205,20
2011-10-27,2.986662147189671,20
2011-10-28,3.0015028872922276,20
2011-10-31,3.0118476715756377,20
2011-11-01,3.010508899112825,20
2011-11-02,3.0246037771060323,20
2011-11-03,3.027011013481316,20
2011-11-04,3.0309150251515775,20
2011-11-07,3.034401053694558,20
2011-11-08,3.0324571295613527,20
2011-11-09,3.0485391144102953,20
2011-11-10,3.055113485610594,20
2011-11-11,3.0606782812462,20
2011-11-14,3.078432955056734,20
2011-11-15,3.0853573622239465,20
2011-11-16,3.0744335792052384,20
2011-11-17,3.0737128364046997,20
2011-11-18,3.0575806886706633,20
2011-11-21,3.054396069237192,20
2011-11-22,3.0544700290423066,20
2011-11-23,3.053589617791197,20
2011-11-24,3.057416246308586,20
2011-11-25,3.050567972931001,20
2011-11-28,3.05170597241975,20
2011-11-29,3.061371467041436,20
2011-11-30,3.0335368087034706,20
2011-12-01,3.04223267604767,20
2011-12-02,3.032967886605066,20
2011-12-05,3.0164290720566536,20
2011-12-06,3.01733926075772,20
2011-12-07,3.0196960597927562,20
2011-12-08,3.0214033828882276,20
2011-12-09,3.015155613111139,20
2011-12-12,3.0058543132151296,20
2011-12-13,2.985774970586764,20
2011-12-14,2.98008826732529,20
2011-12-15,2.9697663840526944,20
2011-12-16,2.984185865474944,20
2011-12-19,2.9863070604858883,20
2011-12-20,2.984427566663908,20
2011-12-21,2.975291404003763,20
2011-12-22,2.967014007333296,20
2011-12-23,2.971431573369439,20
2011-12-26,2.9655760615697155,20
2011-12-27,2.951629668265679,20
2011-12-28,2.941422166029443,20
2011-12-29,2.941076954274595,20
2011-12-30,2.948571976508484,20
2012-01-04,2.93455774406733,20
2012-01-05,2.9102766803090265,20
2012-01-06,2.908047553167963,20
2012-01-09,2.9272562943478344,20
2012-01-10,2.9461515108758585,20
2012-01-11,2.9461279750269185,20
2012-01-12,2.939157394290299,20
2012-01-13,2.9136899648213226,20
2012-01-16,2.891267824783431,20
2012-01-17,2.914811134483329,20
2012-01-18,2.8933060007531726,20
2012-01-19,2.896772686701634,20
2012-01-20,2.906763429642298,20
2012-01-30,2.9048140991692293,20
2012-01-31,2.9035162854490046,20
2012-02-01,2.902225785825559,20
2012-02-02,2.9107374873427396,20
2012-02-03,2.921852086080084,20
2012-02-06,2.9259529052233235,20
2012-02-07,2.913889544519118,20
2012-02-08,2.9274515239384793,20
2012-02-09,2.930285483837483,20
2012-02-10,2.9304514503583308,20
2012-02-13,2.9386527329955174,20
2012-02-14,2.9388752613806997,20
2012-02-15,2.9480228729893003,20
2012-02-16,2.945771135923831,20
2012-02-17,2.94232307431757,20
2012-02-20,2.944207576248283,20
2012-02-21,2.953691880349579,20
2012-02-22,2.9662865454990137,20
2012-02-23,2.972299837844489,20
2012-02-24,2.9759091802616893,20
2012-02-27,2.974255414665265,20
2012-02-28,2.969264930944924,20
2012-02-29,2.962537259360765,20
2012-03-01,2.9637559564244844,20
2012-03-02,2.9748166832763827,20
2012-03-05,2.975549535145285,20
2012-03-06,2.9665481537808276,20
2012-03-07,2.9657436457389483,20
2012-03-08,2.97504503278201,20
2012-03-09,2.988094369175371,20
2012-03-12,2.9923903738645015,20
2012-03-13,3.00091153756164,20
2012-03-14,2.9748673671905554,20
2012-03-15,2.9786881347316254,20
2012-03-16,2.9960805447746157,20
2012-03-19,3.0046770079760075,20
2012-03-20,2.9835308716565034,20
2012-03-21,2.979896096844539,20
2012-03-22,2.9798255867890715,20
2012-03-23,2.9697731936619713,20
2012-03-26,2.971793757240825,20
2012-03-27,2.971266179841935,20
2012-03-28,2.937715388783448,20
2012-03-29,2.924284831768788,20
2012-03-30,2.923559379035332,20
2012-04-05,2.9386751532961304,20
2012-04-06,2.941289618530844,20
2012-04-09,2.9356278418651103,20
2012-04-10,2.939611844383693,20
2012-04-11,2.942604306142175,20
2012-04-12,2.9574409714257404,20
2012-04-13,2.9649903618042512,20
2012-04-16,2.9637944234328226,20
2012-04-17,2.9602802000615855,20
2012-04-18,2.9704674596991145,20
2012-04-19,2.97610239223493,20
2012-04-20,2.9778715457349234,20
2012-04-23,2.956318985116857,20
2012-04-24,2.944168803928694,20
2012-04-25,2.9551995317372923,20
2012-04-26,2.9564934479067655,20
2012-04-27,2.955308257600025,20
2012-05-02,2.963093482920361,20
2012-05-03,2.973628401904748,20
2012-05-04,2.986142136388372,20
2012-05-07,3.0018944347113954,20
2012-05-08,3.000001094218434,20
2012-05-09,2.993327574549902,20
2012-05-10,2.994693724812785,20
2012-05-11,2.985307124339274,20
2012-05-14,2.984198727899865,20
2012-05-15,2.981720616640494,20
2012-05-16,2.967345757503161,20
2012-05-17,2.9777952389842217,20
2012-05-18,2.9599034554517503,20
2012-05-21,2.9563494416414544,20
2012-05-22,2.968218887328978,20
2012-05-23,2.9627601214643637,20
2012-05-24,2.9620005529237106,20
2012-05-25,2.9460984889137145,20
2012-05-28,2.954915481079875,20
2012-05-29,2.9715010491541145,20
2012-05-30,2.979316159596459,20
2012-05-31,2.9938733295940945,20
2012-06-01,2.993545470442909,20
2012-06-04,2.9443740051829703,20
2012-06-05,2.939462124424809,20
2012-06-06,2.939170738359254,20
2012-06-07,2.9312464586074976,20
2012-06-08,2.9288209091610318,20
2012-06-11,2.95861249879516,20
2012-06-12,2.957005240142395,20
2012-06-13,2.984364251420717,20
2012-06-14,2.981597520189882,20
2012-06-15,2.9880033772868164,20
2012-06-18,3.0056077992595682,20
2012-06-19,2.9969344220083878,20
2012-06-20,3.0189623802175993,20
2012-06-21,2.9992229277784044,20
2012-06-25,2.9667997644485062,20
2012-06-26,2.962805064788298,20
2012-06-27,2.9630627495173685,20
2012-06-28,2.9553344143882883,20
2012-06-29,2.9756776843930304,20
2012-07-02,2.9784535416079234,20
2012-07-03,2.9879476730429113,20
2012-07-04,2.9837548581561975,20
2012-07-05,2.96101645788191,20
2012-07-06,2.9686045525847033,20
2012-07-09,2.9420745356515123,20
2012-07-10,2.932673588320396,20
2012-07-11,2.9349810118607063,20
2012-07-12,2.9519454315296354,20
2012-07-13,2.9405439960838797,20
2012-07-16,2.8940113217257806,20
2012-07-17,2.9071463369297548,20
2012-07-18,2.9096340441467556,20
2012-07-19,2.922541515241309,20
2012-07-20,2.9181978579409926,20
2012-07-23,2.9057533554208512,20
2012-07-24,2.914688522530504,20
2012-07-25,2.9121474248849437,20
2012-07-26,2.9074963672524903,20
2012-07-27,2.9055364588447787,20
2012-07-30,2.8892284251741875,20
2012-07-31,2.870763980003056,20
2012-08-01,2.8804098997911494,20
2012-08-02,2.873084921314741,20
2012-08-03,2.8943226462694716,20
2012-08-06,2.912609165274653,20
2012-08-07,2.925653119725988,20
2012-08-08,2.924449547143419,20
2012-08-09,2.9374886242265155,20
2012-08-10,2.936771047999864,20
2012-08-13,2.9202058767782573,20
2012-08-14,2.929229900749825,20
2012-08-15,2.91949705769901,20
2012-08-16,2.9153882033791483,20
2012-08-17,2.9185200393206405,20
2012-08-20,2.9248940270780226,20
2012-08-21,2.94295877945457,20
2012-08-22,2.9376505765279757,20
2012-08-23,2.9565797465996773,20
2012-08-24,2.942020502428279,20
2012-08-27,2.9209443534886543,20
2012-08-28,2.9290911276758154,20
2012-08-29,2.9271716148749354,20
2012-08-30,2.9119305804583813,20
2012-08-31,2.9179020615861915,20
2012-09-03,2.9286890522028184,20
2012-09-04,2.92750324258952,20
2012-09-05,2.9402442789875862,20
2012-09-06,2.9484338530349286,20
2012-09-07,2.9741437968415334,20
2012-09-10,2.9859145899312214,20
2012-09-11,2.9800989417710673,20
2012-09-12,2.9846025027888845,20
2012-09-13,2.9712788565203043,20
2012-09-14,2.968305521238009,20
2012-09-17,2.940704567716993,20
2012-09-18,2.9428040370339246,20
2012-09-19,2.947782737155313,20
2012-09-20,2.9266371347197047,20
2012-09-21,2.918691445848924,20
2012-09-24,2.9235738295732787,20
2012-09-25,2.9163835421710265,20
2012-09-26,2.901765508376272,20
2012-09-27,2.918230925861955,20
2012-09-28,2.936300032981221,20
2012-10-08,2.9357971778834444,20
2012-10-09,2.956814912626357,20
2012-10-10,2.9598432856971413,20
2012-10-11,2.9477569894908475,20
2012-10-12,2.9456956815019577,20
2012-10-15,2.937474756452103,20
2012-10-16,2.939731142988856,20
2012-10-17,2.945823602782789,20
2012-10-18,2.957043053748423,20
2012-10-19,2.957005724197729,20
2012-10-22,2.9626741911309638,20
2012-10-23,2.954434202747585,20
2012-10-24,2.9477476748984577,20
2012-10-25,2.9487441118643267,20
2012-10-26,2.934716584976053,20
2012-10-29,2.935844874885044,20
2012-10-30,2.9394873262206587,20
2012-10-31,2.941626551842949,20
2012-11-01,2.9465738662642265,20
2012-11-02,2.9480235071120773,20
2012-11-05,2.9456670541326346,20
2012-11-06,2.942607439375535,20
2012-11-07,2.9472239826200264,20
2012-11-08,2.933251837287784,20
2012-11-09,2.9329599670676094,20
2012-11-12,2.9375080803637217,20
2012-11-13,2.928537063045717,20
2012-11-14,2.9322007617490264,20
2012-11-15,2.918448590347793,20
2012-11-16,2.9114704667237805,20
2012-11-19,2.9172894871061517,20
2012-11-20,2.9219504802466,20
2012-11-21,2.9323437576000204,20
2012-11-22,2.929516059420121,20
2012-11-23,2.9308754662766434,20
2012-11-26,2.92257200741896,20
2012-11-27,2.901932753180093,20
2012-11-28,2.885049902223382,20
2012-11-29,2.8801742858790003,20
2012-11-30,2.8877438508145046,20
2012-12-03,2.8675332764178885,20
2012-12-04,2.8744134702382214,20
2012-12-05,2.8925962359703945,20
2012-12-06,2.8914182680698053,20
2012-12-07,2.903051556325185,20
2012-12-10,2.9099451070610884,20
2012-12-11,2.906418320837389,20
2012-12-12,2.9058063306646416,20
2012-12-13,2.8978820516484896,20
2012-12-14,2.9199945844793436,20
2012-12-17,2.921718778687836,20
2012-12-18,2.9192974612256335,20
2012-12-19,2.927087942732225,20
2012-12-20,2.936012112993377,20
2012-12-21,2.9452290053872994,20
2012-12-24,2.9531205100135383,20
2012-12-25,2.964440558169726,20
2012-12-26,2.9826700303342393,20
2012-12-27,2.966331210805197,20
2012-12-28,2.9730344873912444,20
2012-12-31,2.979908963534015,20
2013-01-04,2.972048874984837,20
2013-01-07,2.9982955529852,20
2013-01-08,3.0260296926847783,20
2013-01-09,3.0241827587519308,20
2013-01-10,3.0330510886618054,20
2013-01-11,3.0074521365145315,20
2013-01-14,3.0698195455797146,20
2013-01-15,3.104761889637838,20
2013-01-16,3.095770014841925,20
2013-01-17,3.07556195089696,20
2013-01-18,3.1005017176961913,20
2013-01-21,3.114249955043204,20
2013-01-22,3.0711814073146733,20
2013-01-23,3.069030282101229,20
2013-01-24,3.0190018516918364,20
2013-01-25,3.0158398569467555,20
2013-01-28,3.057689614253658,20
2013-01-29,3.0802282850841056,20
2013-01-30,3.085401819448966,20
2013-01-31,3.054082567334775,20
2013-02-01,3.0614011139581945,20
2013-02-04,3.0570926820646322,20
2013-02-05,3.0649376181673427,20
2013-02-06,3.077867730300193,20
2013-02-07,3.0865093324152113,20
2013-02-08,3.112946305500017,20
2013-02-18,3.135095616227688,20
2013-02-19,3.103212893826787,20
2013-02-20,3.1398208004604227,20
2013-02-21,3.0924452936428333,20
2013-02-22,3.0931014508881134,20
2013-02-25,3.1120987040328423,20
2013-02-26,3.080930388063464,20
2013-02-27,3.0829235488015083,20
2013-02-28,3.1219266841766866,20
2013-03-01,3.1636738174352432,20
2013-03-04,3.0741488330757605,20
2013-03-05,3.133583991590872,20
2013-03-06,3.1938681242721456,20
2013-03-07,3.1698032821955486,20
2013-03-08,3.1552263375084473,20
2013-03-11,3.157871770917538,20
2013-03-12,3.063634927400939,20
2013-03-13,3.044876035519123,20
2013-03-14,3.042900142735138,20
2013-03-15,3.0472363657869224,20
2013-03-18,3.0148931420165304,20
2013-03-19,3.022991215549822,20
2013-03-20,3.095014651542128,20
2013-03-21,3.110583863495504,20
2013-03-22,3.108646974802822,20
2013-03-25,3.11053431429544,20
2013-03-26,3.086905882727545,20
2013-03-27,3.101949547095991,20
2013-03-28,3.006241329584255,20
2013-03-29,2.998956512750212,20
2013-04-01,2.990576364235231,20
2013-04-02,2.971789305570419,20
2013-04-03,2.942036105209458,20
2013-04-08,2.9197674900054023,20
2013-04-09,2.93970734349741,20
2013-04-10,2.939671006266669,20
2013-04-11,2.9318991899863507,20
2013-04-12,2.9320524219172404,20
2013-04-15,2.9074631816378727,20
2013-04-16,2.9258603809442976,20
2013-04-17,2.9430605240734278,20
2013-04-18,2.970407214743155,20
2013-04-19,3.025994880267508,20
2013-04-22,3.0387388126887847,20
2013-04-23,2.989808510628795,20
2013-04-24,3.0641244117224335,20
2013-04-25,3.036357781081416,20
2013-04-26,2.989455927247536,20
2013-05-02,3.0043843838065096,20
2013-05-03,3.040898380381044,19
2013-05-06,3.0862266582531825,19
2013-05-07,3.070825271483584,19
2013-05-08,3.104613665059842,19
2013-05-09,3.1249283245718815,19
2013-05-10,3.1410319758991756,19
2013-05-13,3.1625060419779243,19
2013-05-14,3.0971129117023652,19
2013-05-15,3.1508811830141084,19
2013-05-16,3.151994022812863,19
2013-05-17,3.182665192371719,19
2013-05-20,3.253214821605554,19
2013-05-21,3.296411991158515,19
2013-05-22,3.245566025403349,19
2013-05-23,3.2282408048603455,19
2013-05-24,3.281261916664297,19
2013-05-27,3.3065538827177936,19
2013-05-28,3.276835659387488,19
2013-05-29,3.3033588242892673,19
2013-05-30,3.3178760360808575,19
2013-05-31,3.35377356909366,19
2013-06-03,3.2986941995375187,19
2013-06-04,3.213638385573127,20
2013-06-05,3.2230718727584335,20
2013-06-06,3.171031142390072,20
2013-06-07,3.136177528838411,20
2013-06-13,3.057830942455482,20
2013-06-14,3.1054815165401517,20
2013-06-17,3.098554171680967,20
2013-06-18,3.1009609072016113,20
2013-06-19,3.0762174154246265,20
2013-06-20,3.000681349026174,20
2013-06-21,2.968820447698847,20
2013-06-24,2.808766138233046,20
2013-06-25,2.791981112389223,20
2013-06-26,2.8312924254482352,20
2013-06-27,2.7940228567487595,20
2013-06-28,2.788939145570647,20
2013-07-01,2.81637084676482,20
2013-07-02,2.844610173138602,20
2013-07-03,2.8357729125264903,20
2013-07-04,2.8508479105800113,20
2013-07-05,2.8374992234284533,20
2013-07-08,2.784583701644267,20
2013-07-09,2.7882038329277625,20
2013-07-10,2.824052458588751,20
2013-07-11,2.85666465035301,20
2013-07-12,2.855887670787575,20
2013-07-15,2.8889703823185506,20
2013-07-16,2.913867099302154,20
2013-07-17,2.895102049937105,20
2013-07-18,2.8843430679811703,20
2013-07-19,2.861231595855442,20
2013-07-22,2.8869062777320025,20
2013-07-23,2.922807194429411,20
2013-07-24,2.933451247516328,20
2013-07-25,2.9093169165285837,20
2013-07-26,2.906520151620691,20
2013-07-29,2.8796555752151964,20
2013-07-30,2.8820398928767585,20
2013-07-31,2.884038953951455,20
2013-08-01,2.951741719916255,20
2013-08-02,2.9618098809469977,20
2013-08-05,2.9957001250938604,20
2013-08-06,3.0101059959366707,20
2013-08-07,2.9989340165963085,20
2013-08-08,3.0046494031767406,20
2013-08-09,3.0219309635998313,20
2013-08-12,3.050051175888485,20
2013-08-13,3.0569302525240643,20
2013-08-14,3.056665768434806,20
2013-08-15,3.029744313828787,20
2013-08-16,2.9809152886571337,20
2013-08-19,3.010275838668133,20
2013-08-20,3.010066123528716,20
2013-08-21,3.0198282596164465,20
2013-08-22,3.0292658163021144,20
2013-08-23,3.0205289223868665,20
2013-08-26,3.0690348974658272,20
2013-08-27,3.0970932316877176,20
2013-08-28,3.083499030721057,20
2013-08-29,3.086143677364035,20
2013-08-30,3.0659127407497375,20
2013-09-02,3.065224965441063,20
2013-09-03,3.0983218303579,20
2013-09-04,3.1155021882569223,20
2013-09-05,3.1239059843094354,20
2013-09-06,3.1385128194672296,20
2013-09-09,3.158775212058403,20
2013-09-10,3.170311065637012,20
2013-09-11,3.1508162845365693,20
2013-09-12,3.1431982929954354,20
2013-09-13,3.1679439355890895,20
2013-09-16,3.1803164917930085,20
2013-09-17,3.1384337045215838,20
2013-09-18,3.155182794403371,20
2013-09-23,3.1824704568147935,20
2013-09-24,3.1886890435011956,20
2013-09-25,3.210009459106085,20
2013-09-26,3.1932021879311168,20
2013-09-27,3.1872511180449314,20
2013-09-30,3.2060938253782294,20
2013-10-08,3.247132746354712,20
2013-10-09,3.2773125469477975,20
2013-10-10,3.2691320216679363,20
2013-10-11,3.3091264122386805,20
2013-10-14,3.348300195888014,20
2013-10-15,3.3327070850199565,20
2013-10-16,3.284061612865752,20
2013-10-17,3.315232108408767,20
2013-10-18,3.3352623684741136,20
2013-10-21,3.4123090783604018,20
2013-10-22,3.3945216812266263,20
2013-10-23,3.3233571485289124,20
2013-10-24,3.3340370618836346,20
2013-10-25,3.3111349789265754,20
2013-10-28,3.2853317293695428,20
2013-10-29,3.2060534736067536,20
2013-10-30,3.2705082235259186,20
2013-10-31,3.2547440137399413,20
2013-11-01,3.2514495467142535,20
2013-11-04,3.280530177070248,20
2013-11-05,3.294276625247921,20
2013-11-06,3.271692334583722,20
2013-11-07,3.227777939160043,20
2013-11-08,3.1990874595884202,20
2013-11-11,3.2522735448214477,20
2013-11-12,3.26559856399197,20
2013-11-13,3.2330598789689073,20
2013-11-14,3.275184907933636,20
2013-11-15,3.312150939408712,20
2013-11-18,3.352954126228608,20
2013-11-19,3.3598694411367225,20
2013-11-20,3.3867300185074254,20
2013-11-21,3.400412641544511,20
2013-11-22,3.39494800142547,20
2013-11-25,3.443797324823444,20
2013-11-26,3.4805849781936193,20
2013-11-27,3.5170912561793783,20
2013-11-28,3.565257552424072,20
2013-11-29,3.6141214104293606,20
2013-12-02,3.398220041680003,20
2013-12-03,3.4677389672541645,20
2013-12-04,3.518664249903887,20
2013-12-05,3.5172665358161748,20
2013-12-06,3.5121165232124962,20
2013-12-09,3.55185260413059,20
2013-12-10,3.563982054875652,20
2013-12-11,3.5145291056813046,20
2013-12-12,3.5570512534733916,20
2013-12-13,3.584424572372323,20
2013-12-16,3.541888170024032,20
2013-12-17,3.5457723389088796,20
2013-12-18,3.549842042088069,20
2013-12-19,3.5305215383159085,20
2013-12-20,3.4910480975690836,20
2013-12-23,3.5065238292605327,20
2013-12-24,3.5312548174588034,20
2013-12-25,3.589300178760314,20
2013-12-26,3.537041796380275,20
2013-12-27,3.5934289324799105,20
2013-12-30,3.6172134479066664,20
2013-12-31,3.6028120129368575,20
2014-01-02,3.627362587188057,20
2014-01-03,3.6057621547392253,20
2014-01-06,3.517500765793346,20
2014-01-07,3.5376619944328342,20
2014-01-08,3.5517932996401753,20
2014-01-09,3.5182224932342065,20
2014-01-10,3.4611174651479217,20
2014-01-13,3.4615877829700836,20
2014-01-14,3.517733719508293,20
2014-01-15,3.521589955545394,20
2014-01-16,3.523066038061335,20
2014-01-17,3.5000523811733735,20
2014-01-20,3.4694246237822086,20
2014-01-21,3.501683511226202,20
2014-01-22,3.5357935209862847,20
2014-01-23,3.5434154795676713,20
2014-01-24,3.5761558704461724,20
2014-01-27,3.561834907674101,20
2014-01-28,3.5492853128379096,20
2014-01-29,3.58228138240857,20
2014-01-30,3.5770865087221013,20
2014-02-07,3.615714956162601,20
2014-02-10,3.6923669470419918,20
2014-02-11,3.6958953736746984,20
2014-02-12,3.749794690366283,20
2014-02-13,3.710222900110409,20
2014-02-14,3.7606899376791,20
2014-02-17,3.8161268648537296,20
2014-02-18,3.79489790624397,20
2014-02-19,3.804547164470898,20
2014-02-20,3.775614283597234,20
2014-02-21,3.7383752032765667,20
2014-02-24,3.730179562182019,20
2014-02-25,3.6160505911676832,20
2014-02-26,3.6348573035210916,20
2014-02-27,3.6201733217307415,20
2014-02-28,3.669176875343241,20
2014-03-03,3.727640065484469,20
2014-03-04,3.7233530006756803,20
2014-03-05,3.73132091333138,20
2014-03-06,3.728953353591063,20
2014-03-07,3.711498971122966,20
2014-03-10,3.613538013709838,20
2014-03-11,3.6306411518228927,20
2014-03-12,3.621197131953337,20
2014-03-13,3.6466010726978446,20
2014-03-14,3.6363367155163857,20
2014-03-17,3.6757101320373224,20
2014-03-18,3.6802481283592776,20
2014-03-19,3.6737357151149252,20
2014-03-20,3.6089051353327117,20
2014-03-21,3.6431984123557415,20
2014-03-24,3.6782458059523306,20
2014-03-25,3.6866089515358196,20
2014-03-26,3.7058072585856885,20
2014-03-27,3.6694417210156764,20
2014-03-28,3.645073912494233,20
2014-03-31,3.647294388054059,20
2014-04-01,3.6793744967166466,20
2014-04-02,3.680763719921027,20
2014-04-03,3.6951019078070444,20
2014-04-04,3.711955164245221,20
2014-04-08,3.746084158083511,20
2014-04-09,3.761648755000504,20
2014-04-10,3.7587171791797127,20
2014-04-11,3.757845413366024,20
2014-04-14,3.795088261199011,20
2014-04-15,3.7849285245837967,20
2014-04-16,3.7894037657823683,20
2014-04-17,3.786263562159246,20
2014-04-18,3.7928470542758475,20
2014-04-21,3.757802346899958,20
2014-04-22,3.7270971218236344,20
2014-04-23,3.7304474158113923,20
2014-04-24,3.711300588429531,20
2014-04-25,3.6709498975716426,20
2014-04-28,3.6052613764821744,20
2014-04-29,3.637080943904804,20
2014-04-30,3.6544950970764742,20
2014-05-05,3.6699443298325742,20
2014-05-06,3.6819226922153345,20
2014-05-07,3.6606891092348954,20
2014-05-08,3.6595563426771665,20
2014-05-09,3.6458193553504334,20
2014-05-12,3.6903593892765465,20
2014-05-13,3.694368845580778,20
2014-05-14,3.693497862897325,20
2014-05-15,3.6646905752824814,20
2014-05-16,3.6553082904089806,20
2014-05-19,3.6476873555214624,20
2014-05-20,3.6421722461942507,20
2014-05-21,3.66173687801017,20
2014-05-22,3.6555333603739335,20
2014-05-23,3.680702126993535,20
2014-05-26,3.703468355982596,20
2014-05-27,3.694100730008934,20
2014-05-28,3.707945657402263,20
2014-05-29,3.6880812356864796,20
2014-05-30,3.687518499980586,20
2014-06-03,3.678927183803211,20
2014-06-04,3.6627739405359687,20
2014-06-05,3.6734261189363964,20
2014-06-06,3.6662678102283386,20
2014-06-09,3.658786276675269,20
2014-06-10,3.677503098667697,20
2014-06-11,3.685617042926658,20
2014-06-12,3.6815678025817733,20
2014-06-13,3.7029595338120567,20
2014-06-16,3.7242635362129772,20
2014-06-17,3.712257558935482,20
2014-06-18,3.7032484593301565,20
2014-06-19,3.658677168098666,20
2014-06-20,3.6705598476271253,20
2014-06-23,3.6814960806956885,20
2014-06-24,3.681093634444024,20
2014-06-25,3.6769911389540715,20
2014-06-26,3.695182223363086,20
2014-06-27,3.6975522507567624,20
2014-06-30,3.7127893470897813,20
2014-07-01,3.7193078999005134,20
2014-07-02,3.720131411013602,20
2014-07-03,3.735478907451705,20
2014-07-04,3.7324442416070363,20
2014-07-07,3.7327109863001393,20
2014-07-08,3.741023635257329,20
2014-07-09,3.7272838885274875,20
2014-07-10,3.738128140035119,20
2014-07-11,3.7506767314549103,20
2014-07-14,3.7833442428987016,20
2014-07-15,3.788944569150453,20
2014-07-16,3.7718824544089298,20
2014-07-17,3.7694979431048146,20
2014-07-18,3.786992353343128,20
2014-07-21,3.7914263756620636,20
2014-07-22,3.8219393991239294,20
2014-07-23,3.8066967068710427,20
2014-07-24,3.8104940317938545,20
2014-07-25,3.8338703367071485,20
2014-07-28,3.863227899985341,20
2014-07-29,3.882137880236244,20
2014-07-30,3.883591316019292,20
2014-07-31,3.904411558276611,20
2014-08-01,3.895245958193932,20
2014-08-04,3.9290220110979353,20
2014-08-05,3.9470586680652193,20
2014-08-06,3.9635095439943515,20
2014-08-07,3.9433395669092044,20
2014-08-08,3.962029304453242,20
2014-08-11,3.9976132697592575,20
2014-08-12,3.9984565822795806,20
2014-08-13,3.9821392430189126,20
2014-08-14,3.982430886481054,20
2014-08-15,4.013128343930865,20
2014-08-18,4.054808672517289,20
2014-08-19,4.070838554941629,20
2014-08-20,4.090161783227717,20
2014-08-21,4.091769685665888,20
2014-08-22,4.123779186850239,20
2014-08-25,4.088972143371388,20
2014-08-26,4.0502582808734715,20
2014-08-27,4.077318857475819,20
2014-08-28,4.055421749518567,20
2014-08-29,4.083048511525702,20
2014-09-01,4.123739807715593,20
2014-09-02,4.1907515420046835,20
2014-09-03,4.221679068395626,20
2014-09-04,4.2350026457064995,20
2014-09-05,4.247000524338708,20
2014-09-09,4.242124123384539,20
2014-09-10,4.2642478017979215,20
2014-09-11,4.273646901554966,20
2014-09-12,4.32958286421915,20
2014-09-15,4.380325187629815,20
2014-09-16,4.264387049897894,20
2014-09-17,4.29044245801557,20
2014-09-18,4.33843441099503,20
2014-09-19,4.361643263847139,20
2014-09-22,4.298423792061464,20
2014-09-23,4.3488016389461785,20
2014-09-24,4.3839274944969135,20
2014-09-25,4.361708570779894,20
2014-09-26,4.384942042399539,20
2014-09-29,4.445918008532199,20
2014-09-30,4.4535803028660155,20
2014-10-08,4.528365604199405,20
2014-10-09,4.531050369253273,20
2014-10-10,4.529823324869977,20
2014-10-13,4.5619759257497465,20
2014-10-14,4.561525416869299,20
2014-10-15,4.583678696225522,20
2014-10-16,4.553347652778636,20
2014-10-17,4.601574907707599,20
2014-10-20,4.63710941434928,20
2014-10-21,4.672405493552119,20
2014-10-22,4.629270676101256,20
2014-10-23,4.554259723195473,20
2014-10-24,4.527775463829143,20
2014-10-27,4.573515939499602,20
2014-10-28,4.688320686454567,20
2014-10-29,4.7597871576873025,20
2014-10-30,4.764379370839477,20
2014-10-31,4.754820004939834,20
2014-11-03,4.787020016491747,20
2014-11-04,4.742079636700246,20
2014-11-05,4.735804380309576,20
2014-11-06,4.792937876349368,20
2014-11-07,4.781769551344709,20
2014-11-10,4.817410182743364,20
2014-11-11,4.6609131944217195,20
2014-11-12,4.749573698581553,20
2014-11-13,4.656310899867881,20
2014-11-14,4.591464027826158,20
2014-11-17,4.656973372302033,20
2014-11-18,4.671546894051938,20
2014-11-19,4.7166893942538,20
2014-11-20,4.692915980897494,20
2014-11-21,4.7423761010935035,20
2014-11-24,4.782407358376803,20
2014-11-25,4.863431661273321,20
2014-11-26,4.905814710428252,20
2014-11-27,4.904574664312275,20
2014-11-28,4.900662120626549,20
2014-12-01,4.843169123071021,20
2014-12-02,4.9092941170692415,20
2014-12-03,4.938598560490405,20
2014-12-04,4.969786555745838,20
2014-12-05,4.81511039578666,20
2014-12-08,4.750868487903699,20
2014-12-09,4.5546784336985935,20
2014-12-10,4.7244868266408355,20
2014-12-11,4.848803935949438,20
2014-12-12,4.899988222561897,20
2014-12-15,5.0103011394608234,20
2014-12-16,4.975147412035661,20
2014-12-17,4.9277467153195555,20
2014-12-18,4.9064241172728575,20
2014-12-19,4.8423807057730786,20
2014-12-22,4.672653071504254,20
2014-12-23,4.703763073901119,20
2014-12-24,4.837760084347008,20
2014-12-25,4.929592071705289,20
2014-12-26,4.935468068471286,20
2014-12-29,4.841257621681434,20
2014-12-30,4.758008038671543,20
2014-12-31,4.829142867607281,20
2015-01-05,4.855225492932446,20
2015-01-06,5.000659834159949,20
2015-01-07,4.951381419786677,20
2015-01-08,4.9791582556697955,20
2015-01-09,4.980796350293846,20
2015-01-12,4.987750638863902,20
2015-01-13,5.089933347250504,20
2015-01-14,5.051596287647153,20
2015-01-15,5.039401439980553,20
2015-01-16,5.118571652863905,20
2015-01-19,5.04914380553266,20
2015-01-20,5.234356613492824,20
2015-01-21,5.321598917459543,20
2015-01-22,5.3815044426620675,20
2015-01-23,5.330303573211116,20
2015-01-26,5.409321637096836,20
2015-01-27,5.459324134889675,20
2015-01-28,5.450889323459041,20
2015-01-29,5.423172694002583,20
2015-01-30,5.3887898339074916,20
2015-02-02,5.420993872837618,20
2015-02-03,5.501753220290711,20
2015-02-04,5.507009765981467,20
2015-02-05,5.546824504739936,20
2015-02-06,5.431177797960271,20
2015-02-09,5.422087613533921,20
2015-02-10,5.477279077438938,20
2015-02-11,5.492255474802877,20
2015-02-12,5.501909141971477,20
2015-02-13,5.562140716610924,20
2015-02-16,5.639348480413395,20
2015-02-17,5.666857493387959,20
2015-02-25,5.639136664722457,20
2015-02-26,5.642267536484438,20
2015-02-27,5.696298998546043,20
2015-03-02,5.777038728658266,20
2015-03-03,5.725000855928643,19
2015-03-04,5.801761782790771,19
2015-03-05,5.833389405581622,19
2015-03-06,5.777001769072452,19
2015-03-09,5.815663012524533,19
2015-03-10,5.8536765438789,19
2015-03-11,5.843754017215955,19
2015-03-12,5.813602537216047,19
2015-03-13,5.874234644144492,19
2015-03-16,6.026444964898463,19
2015-03-17,6.0720533536669175,19
2015-03-18,6.204818756946279,19
2015-03-19,6.2165767402244665,19
2015-03-20,6.2690267616507755,19
2015-03-23,6.439338627976347,19
2015-03-24,6.445342909528238,19
2015-03-25,6.5637840825969125,19
2015-03-26,6.440279055856591,19
2015-03-27,6.472194866290627,19
2015-03-30,6.519059955398095,19
2015-03-31,6.553354195687231,19
2015-04-01,6.717301289043015,19
2015-04-02,6.827461594146997,18
2015-04-03,6.951336377533978,18
2015-04-07,7.118376691625957,18
2015-04-08,7.042813003306622,18
2015-04-09,6.956974811542134,18
2015-04-10,7.136247886200308,18
2015-04-13,7.312665879972757,18
2015-04-14,7.273983527170052,18
2015-04-15,6.963664054529625,18
2015-04-16,7.011770953295179,18
2015-04-17,7.021132219437588,18
2015-04-20,6.852075045599867,18
2015-04-21,7.058001857596736,18
2015-04-22,7.221374729900297,18
2015-04-23,7.306342247986172,18
2015-04-24,7.290104271386176,18
2015-04-27,7.267430351237607,18
2015-04-28,7.103651215538731,18
2015-04-29,7.196296369056805,18
2015-04-30,7.185712923823803,18
2015-05-04,7.165704858447683,18
2015-05-05,7.04654927577935,20
2015-05-06,6.982016375258774,20
2015-05-07,6.855233161362533,20
2015-05-08,7.09041775855724,20
2015-05-11,7.31845926307172,20
2015-05-12,7.409285342259476,20
2015-05-13,7.40298891474481,20
2015-05-14,7.519794224801505,20
2015-05-15,7.449781718541716,20
2015-05-18,7.642182034193375,20
2015-05-19,7.756125573050985,20
2015-05-20,7.889448356406682,20
2015-05-21,8.13528858565692,20
2015-05-22,8.128674696197235,20
2015-05-25,8.221338096716613,20
2015-05-26,8.522254635593539,20
2015-05-27,8.719654749003732,20
2015-05-28,8.430386778849599,20
2015-05-29,8.479836245160671,20
2015-06-01,8.687069937435155,20
2015-06-02,8.748673455783674,16
2015-06-03,8.774488706425576,16
2015-06-04,8.680969835456814,16
2015-06-05,8.830237429690513,16
2015-06-08,8.805983365064904,16
2015-06-09,8.782487787725488,16
2015-06-10,8.92370185447078,16
2015-06-11,9.039952931423171,16
2015-06-12,9.110523735523051,16
2015-06-15,8.934719742593462,16
2015-06-16,8.689976663647538,16
2015-06-17,8.86174356787707,16
2015-06-18,8.650887298003493,16
2015-06-19,8.223257596846189,16
2015-06-23,8.3673903177692,16
2015-06-24,8.50967330235951,16
2015-06-25,8.237283194606892,16
2015-06-26,7.750715855893129,16
2015-06-29,7.4183389363481735,16
2015-06-30,7.722741711485367,16
2015-07-01,7.507037131942526,16
2015-07-02,7.283105277032082,19
2015-07-03,7.068824762801225,19
2015-07-06,6.925028047107715,19
2015-07-07,6.542110391213823,19
2015-07-08,6.318351697757701,19
2015-07-09,6.66799802293682,19
2015-07-10,7.03679282280292,19
2015-07-13,7.4262956514577105,19
2015-07-14,7.5691131417677555,19
2015-07-15,7.288871930668964,19
2015-07-16,7.372779979240244,19
2015-07-17,7.679358612540941,19
2015-07-20,7.793257254137165,19
2015-07-21,7.881489971872118,19
2015-07-22,7.931869100786448,19
2015-07-23,8.159147123494266,19
2015-07-24,8.0150058523605,19
2015-07-27,7.585465842436268,19
2015-07-28,7.405658839769147,19
2015-07-29,7.684581212433701,19
2015-07-30,7.621832387283757,19
2015-07-31,7.561876393385153,19
2015-08-03,7.339880053487113,19
2015-08-04,7.624208562656341,19
2015-08-05,7.666930551139906,19
2015-08-06,7.695775097908466,19
2015-08-07,7.829058936686998,19
2015-08-10,8.029563978913961,19
2015-08-11,8.038979899984634,19
2015-08-12,7.944159158541836,19
2015-08-13,8.085963239535577,19
2015-08-14,8.101375883567583,19
2015-08-17,8.101842550698288,19
2015-08-18,7.771351661416064,19
2015-08-19,7.946684842635497,19
2015-08-20,7.779453231826025,19
2015-08-21,7.563774575033198,19
2015-08-24,7.206488667019228,19
2015-08-25,6.864688082127323,19
2015-08-26,6.745392494219796,19
2015-08-27,6.900160301739394,19
2015-08-28,7.141187092808314,19
2015-08-31,7.029280731708835,19
2015-09-01,6.874468235976882,19
2015-09-02,6.8081985346545055,20
2015-09-07,6.861588735703105,20
2015-09-08,6.988269948230617,20
2015-09-09,7.06758818502879,20
2015-09-10,7.01075544726935,20
2015-09-11,7.031997908877748,20
2015-09-14,6.85725243903997,20
2015-09-15,6.760399036386955,20
2015-09-16,6.92485973079541,20
2015-09-17,6.896685526109282,20
2015-09-18,6.926985147681496,20
2015-09-21,7.011701727140503,20
2015-09-22,7.044262604555314,20
2015-09-23,7.035825786666524,20
2015-09-24,7.073474044563499,20
2015-09-25,6.98238107090949,20
2015-09-28,7.070905124295051,20
2015-09-29,7.05616811713498,20
2015-09-30,7.0586202984369875,20
2015-10-08,7.142175107787035,20
2015-10-09,7.1541139351150544,20
2015-10-12,7.227532092839315,20
2015-10-13,7.263451706906108,20
2015-10-14,7.237384165553556,20
2015-10-15,7.3035987129401265,20
2015-10-16,7.318499241119128,20
2015-10-19,7.3057025393491175,20
2015-10-20,7.354963998671251,20
2015-10-21,7.235442968410738,20
2015-10-22,7.317778755650942,20
2015-10-23,7.390063396335528,20
2015-10-26,7.410545946375208,20
2015-10-27,7.422981163468238,20
2015-10-28,7.389559137052356,20
2015-10-29,7.414465824588309,20
2015-10-30,7.429502643661477,20
2015-11-02,7.448184485511975,20
2015-11-03,7.508642133398349,20
2015-11-04,7.6428670662472555,20
2015-11-05,7.623593762251463,20
2015-11-06,7.749206710475999,20
2015-11-09,7.817947977128526,20
2015-11-10,7.789526827489538,20
2015-11-11,7.9258786608537815,20
2015-11-12,8.017443012557473,20
2015-11-13,7.888745262564476,20
2015-11-16,7.9443608735775655,20
2015-11-17,7.915907260901447,20
2015-11-18,7.813418175465697,20
2015-11-19,7.938146134430779,20
2015-11-20,7.97737114486685,20
2015-11-23,7.959039370617876,20
2015-11-24,8.08464996946177,20
2015-11-25,8.149087974830849,20
2015-11-26,8.10890425344736,20
2015-11-27,7.935168211179657,20
2015-11-30,8.049765531991103,20
2015-12-01,8.012386649727548,20
2015-12-02,7.991769806074641,20
2015-12-03,8.065561637735696,20
2015-12-04,8.04053975753767,20
2015-12-07,8.064350542123929,20
2015-12-08,8.03333586938201,20
2015-12-09,8.001681417104509,20
2015-12-10,7.980923365071776,20
2015-12-11,7.966047735272281,20
2015-12-14,8.025362263724565,20
2015-12-15,8.042344421172764,20
2015-12-16,8.050557336935162,20
2015-12-17,8.127507005613461,20
2015-12-18,8.0899320990788,20
2015-12-21,8.128638863677095,20
2015-12-22,8.15769273773402,20
2015-12-23,8.139244587892149,20
2015-12-24,8.153220696519659,20
2015-12-25,8.155059611341592,20
2015-12-28,8.08702643023871,20
2015-12-29,8.116639823870456,20
2015-12-30,8.144281506123443,20
2015-12-31,8.097042600929854,20
2016-01-04,7.755720696294033,20
2016-01-05,7.705285265162657,20
2016-01-06,7.802630248634309,20
2016-01-07,7.4428855512662295,20
2016-01-08,7.507082629972557,20
2016-01-11,7.272052100297512,20
2016-01-12,7.2881059785840305,20
2016-01-13,7.142328560113583,20
2016-01-14,7.3120472393373035,20
2016-01-15,7.17105323679525,20
2016-01-18,7.243884376264946,20
2016-01-19,7.36470271264782,20
2016-01-20,7.333687339986726,20
2016-01-21,7.1570936873502395,20
2016-01-22,7.218192627891953,20
2016-01-25,7.256954676900458,20
2016-01-26,6.949808155728819,20
2016-01-27,6.954681197040817,20
2016-01-28,6.805831533153436,20
2016-01-29,6.94851634794005,20
2016-02-01,6.9428079425260485,20
2016-02-02,7.016399667394662,20
2016-02-03,7.024412183346319,20
2016-02-04,7.068191477772344,20
2016-02-05,7.035727214090902,20
2016-02-15,7.02677023809043,20
2016-02-16,7.11369008714769,20
2016-02-17,7.140494159569844,20
2016-02-18,7.142157747049793,20
2016-02-19,7.148525555105238,20
2016-02-22,7.17946448989865,20
2016-02-23,7.157867489022215,20
2016-02-24,7.1465785104968065,20
2016-02-25,6.9913888844340155,20
2016-02-26,6.9752655086263795,20
2016-02-29,6.854558528904275,20
2016-03-01,6.8965100920153874,20
2016-03-02,6.983858519153584,19
2016-03-03,6.982892208500475,19
2016-03-04,6.910250711826717,19
2016-03-07,6.951566528360768,19
2016-03-08,6.97159635486213,19
2016-03-09,6.929146800704014,19
2016-03-10,6.9048883467488675,19
2016-03-11,6.905919152296321,19
2016-03-14,6.976928332040099,19
2016-03-15,6.969476692929029,19
2016-03-16,6.950108104933584,19
2016-03-17,7.018145033548453,19
2016-03-18,7.085026620084938,19
2016-03-21,7.138517262693734,19
2016-03-22,7.129534180818638,19
2016-03-23,7.1517461636470445,19
2016-03-24,7.153405001131584,19
2016-03-25,7.168520137339918,19
2016-03-28,7.162437547313378,19
2016-03-29,7.120687927675336,19
2016-03-30,7.199124371851875,19
2016-03-31,7.229996293208887,19
2016-04-01,7.22252487803491,19
2016-04-05,7.27197524459519,20
2016-04-06,7.287152872249615,20
2016-04-07,7.264206941536206,20
2016-04-08,7.241962279923074,20
2016-04-11,7.309135450020944,20
2016-04-12,7.295504255179298,20
2016-04-13,7.31678558035,20
2016-04-14,7.340118681648289,20
2016-04-15,7.3365538330868025,20
2016-04-18,7.300560237300943,20
2016-04-19,7.314104259292313,20
2016-04-20,7.228495927211924,20
2016-04-21,7.208822026266542,20
2016-04-22,7.222271223495188,20
2016-04-25,7.203042540209888,20
2016-04-26,7.231146172553873,20
2016-04-27,7.23093953823766,20
2016-04-28,7.235218988457748,20
2016-04-29,7.24403239381573,20
2016-05-03,7.317636307232013,20
2016-05-04,7.316319423236222,20
2016-05-05,7.329600588225184,20
2016-05-06,7.241227850091781,20
2016-05-09,7.171394503362633,20
2016-05-10,7.1760996680987885,20
2016-05-11,7.178384432136361,20
2016-05-12,7.173454412984298,20
2016-05-13,7.174716969939627,20
2016-05-16,7.212815122797866,20
2016-05-17,7.201755935866789,20
2016-05-18,7.143267923293917,20
2016-05-19,7.14644125529816,20
2016-05-20,7.170018554662858,20
2016-05-23,7.193827652250578,20
2016-05-24,7.171139300374201,20
2016-05-25,7.173268450779404,20
2016-05-26,7.167999262466864,20
2016-05-27,7.166513285009151,20
2016-05-30,7.1637653356627125,20
2016-05-31,7.264032178154377,20
2016-06-01,7.2694293804765096,20
2016-06-02,7.296270189776255,20
2016-06-03,7.324955407733643,20
2016-06-06,7.340144142662964,20
2016-06-07,7.354883489295315,20
2016-06-08,7.3364883140402135,20
2016-06-13,7.219464543740839,20
2016-06-14,7.232339019015809,20
2016-06-15,7.322987605508506,20
2016-06-16,7.313403670835768,20
2016-06-17,7.344456222072135,20
2016-06-20,7.392429407593551,20
2016-06-21,7.354087746501117,20
2016-06-22,7.397113508179082,20
2016-06-23,7.3798026275702,20
2016-06-24,7.367232321477707,20
2016-06-27,7.433457189274974,20
2016-06-28,7.462314838067061,20
2016-06-29,7.467048617124175,20
2016-06-30,7.445810508731557,20
2016-07-01,7.4412248937074565,20
2016-07-04,7.5224558081984085,20
2016-07-05,7.534830464905205,20
2016-07-06,7.563243791518213,20
2016-07-07,7.577345403526205,20
2016-07-08,7.563307546245773,20
2016-07-11,7.564800649526365,20
2016-07-12,7.626654095658528,20
2016-07-13,7.648594249942163,20
2016-07-14,7.643966429442755,20
2016-07-15,7.63825342301638,20
2016-07-18,7.6278226889318885,20
2016-07-19,7.64012752504399,20
2016-07-20,7.6451417450373205,20
2016-07-21,7.63382649724302,20
2016-07-22,7.585415410345571,20
2016-07-25,7.602668681713006,20
2016-07-26,7.654044483816273,20
2016-07-27,7.496476108563255,20
2016-07-28,7.54152027607203,20
2016-07-29,7.5568182207634695,20
2016-08-01,7.471876617023602,20
2016-08-02,7.518745685194878,20
2016-08-03,7.586585143421215,20
2016-08-04,7.598117902563293,20
2016-08-05,7.578930452024787,20
2016-08-08,7.661208153969904,20
2016-08-09,7.680251367538175,20
2016-08-10,7.642098183107726,20
2016-08-11,7.573141500266484,20
2016-08-12,7.632510509077675,20
2016-08-15,7.774270164567523,20
2016-08-16,7.794831326053271,20
2016-08-17,7.805390630052321,20
2016-08-18,7.793707040972898,20
2016-08-19,7.796356965952444,20
2016-08-22,7.720578791855624,20
2016-08-23,7.729806740475883,20
2016-08-24,7.738285134095733,20
2016-08-25,7.707855420684061,20
2016-08-26,7.7291464092236986,20
2016-08-29,7.774336231216054,20
2016-08-30,7.776294941342824,20
2016-08-31,7.761821401795853,20
2016-09-01,7.724799626504911,20
2016-09-02,7.751392251451904,20
2016-09-05,7.783148820937975,20
2016-09-06,7.893813808921885,20
2016-09-07,7.887903489862224,20
2016-09-08,7.926830942221306,20
2016-09-09,7.896744134321393,20
2016-09-12,7.748084694048203,20
2016-09-13,7.794554210491891,20
2016-09-14,7.745840036328313,20
2016-09-19,7.806252824281133,20
2016-09-20,7.777623810083029,20
2016-09-21,7.787223271349053,20
2016-09-22,7.806966179158214,20
2016-09-23,7.805960627658256,20
2016-09-26,7.694248939166964,20
2016-09-27,7.761624408942918,20
2016-09-28,7.804765899128556,20
2016-09-29,7.842394380271596,20
2016-09-30,7.849394121046618,20
2016-10-10,7.938053568895329,20
2016-10-11,7.959058426786593,20
2016-10-12,7.982534263765381,20
2016-10-13,7.996587812160423,20
2016-10-14,7.992724664805548,20
2016-10-17,7.9365812655325625,20
2016-10-18,8.020471581529602,20
2016-10-19,7.990241327758636,20
2016-10-20,7.99562324521873,20
2016-10-21,7.961269457299766,20
2016-10-24,8.0127850995075,20
2016-10-25,8.053783601454326,20
2016-10-26,8.011594182176365,20
2016-10-27,8.028998147150176,20
2016-10-28,7.979103177677056,20
2016-10-31,7.974370906451068,20
2016-11-01,8.110122223492368,20
2016-11-02,8.05367066550341,20
2016-11-03,8.110541688363215,20
2016-11-04,8.121781175639885,20
2016-11-07,8.079292223000392,20
2016-11-08,8.128741428574815,20
2016-11-09,8.07837059860947,20
2016-11-10,8.209244197130426,20
2016-11-11,8.277575158617676,20
2016-11-14,8.285217513462253,20
2016-11-15,8.317248021842165,20
2016-11-16,8.261408293297324,20
2016-11-17,8.230615904661743,20
2016-11-18,8.22901433290481,20
2016-11-21,8.284105464806146,20
2016-11-22,8.34676842003014,20
2016-11-23,8.302080001213774,20
2016-11-24,8.263659199930315,20
2016-11-25,8.24686605520295,20
2016-11-28,8.225776029299263,20
2016-11-29,8.19578503706206,20
2016-11-30,8.21402793798771,20
2016-12-01,8.288193806587861,20
2016-12-02,8.175597311311535,20
2016-12-05,8.178888697263885,20
2016-12-06,8.190049509446041,20
2016-12-07,8.313630428828542,20
2016-12-08,8.32945492631128,20
2016-12-09,8.275838272316102,20
2016-12-12,7.881305081963421,20
2016-12-13,7.885184187753659,20
2016-12-14,7.8288088061337335,20
2016-12-15,7.904400783211179,20
2016-12-16,7.979467712739309,20
2016-12-19,7.991047502826408,20
2016-12-20,7.939988908881294,20
2016-12-21,8.014140058380889,20
2016-12-22,8.01161288011249,20
2016-12-23,7.912578802994209,20
2016-12-26,7.983030978552979,20
2016-12-27,8.021546487294264,20
2016-12-28,8.003813779796396,20
2016-12-29,7.936016923930881,20
2016-12-30,7.956994988022455,20
2017-01-03,8.005212713437926,20
2017-01-04,8.057278263924877,20
2017-01-05,8.034044454947606,20
2017-01-06,8.012273171161262,20
2017-01-09,8.048637953572927,20
2017-01-10,8.025201002282861,20
2017-01-11,7.960620595228502,20
2017-01-12,7.918452841435233,20
2017-01-13,7.831755013851351,20
2017-01-16,7.659966973311307,20
2017-01-17,7.736452306439574,20
2017-01-18,7.7150658674210275,20
2017-01-19,7.695378361233388,20
2017-01-20,7.781150127932944,20
2017-01-23,7.8466025936204815,20
2017-01-24,7.805141449259031,20
2017-01-25,7.818941155644012,20
2017-01-26,7.86354367996322,20
2017-02-03,7.847852617498547,20
2017-02-06,7.90524716452381,20
2017-02-07,7.9163457853433785,20
2017-02-08,7.961667194027839,20
2017-02-09,8.031709396522805,20
2017-02-10,8.009243743409366,20
2017-02-13,8.040528831840119,20
2017-02-14,8.012318672278703,20
2017-02-15,7.984143436461853,20
2017-02-16,8.016942442542621,20
2017-02-17,7.973233458920395,20
2017-02-20,8.065072417190587,20
2017-02-21,8.097262775107467,20
2017-02-22,8.11740208517844,20
2017-02-23,8.130642864972208,20
2017-02-24,8.149549950413242,20
2017-02-27,8.114874314309276,20
2017-02-28,8.12962178524302,20
2017-03-01,8.150795057781222,20
2017-03-02,8.110910900716078,20
2017-03-03,8.159800071760728,20
2017-03-06,8.273975131345267,20
2017-03-07,8.318578509697064,20
2017-03-08,8.271897985133005,20
2017-03-09,8.259893527737693,20
2017-03-10,8.326857367634663,20
2017-03-13,8.381234827445097,20
2017-03-14,8.35046140250334,20
2017-03-15,8.367100127996169,20
2017-03-16,8.45434190020348,20
2017-03-17,8.38428420602878,20
2017-03-20,8.41257150748086,20
2017-03-21,8.424014767237786,20
2017-03-22,8.421860482326004,20
2017-03-23,8.403081593136932,20
2017-03-24,8.394258720845322,20
2017-03-27,8.429092921296169,20
2017-03-28,8.390057942253874,20
2017-03-29,8.288936130546094,20
2017-03-30,8.158849072711645,20
2017-03-31,8.215936705760953,20
2017-04-05,8.314329127566142,20
2017-04-06,8.367356597430486,20
2017-04-07,8.357850161745867,20
2017-04-10,8.22883475658706,20
2017-04-11,8.248320217148088,20
2017-04-12,8.207059871480425,20
2017-04-13,8.25877448139763,20
2017-04-14,8.184715856501587,20
2017-04-17,8.106516331638243,20
2017-04-18,8.104018913017123,20
2017-04-19,8.06218884194857,20
2017-04-20,8.03737214503542,20
2017-04-21,8.003195879971695,20
2017-04-24,7.828186571221537,20
2017-04-25,7.816085398286418,20
2017-04-26,7.802342110599478,20
2017-04-27,7.823871848593449,20
2017-04-28,7.8330462994260355,20
2017-05-02,7.813995149943206,20
2017-05-03,7.8100140900719275,20
2017-05-04,7.817974179820369,20
2017-05-05,7.783010557916153,20
2017-05-08,7.721408250833476,20
2017-05-09,7.738386823919516,20
2017-05-10,7.677102952760801,20
2017-05-11,7.666630103143816,20
2017-05-12,7.657546764142514,20
2017-05-15,7.662678858407876,20
2017-05-16,7.742545623987917,20
2017-05-17,7.74088185600545,20
2017-05-18,7.723608951885483,20
2017-05-19,7.706221293302801,20
2017-05-22,7.653346713905002,20
2017-05-23,7.570898812115374,20
2017-05-24,7.581270648093458,20
2017-05-25,7.601965012271561,20
2017-05-26,7.621150007965799,20
2017-05-31,7.627653076423753,20
2017-06-01,7.552177905314404,20
2017-06-02,7.583432221943512,20
2017-06-05,7.620570445378997,20
2017-06-06,7.64242601936067,20
2017-06-07,7.7291980598787795,20
2017-06-08,7.720881851827397,20
2017-06-09,7.724204847038641,20
2017-06-12,7.66026833942464,20
2017-06-13,7.728364628672529,20
2017-06-14,7.7400669450257595,20
2017-06-15,7.772215114438767,20
2017-06-16,7.767364869672018,20
2017-06-19,7.7617929128595184,20
2017-06-20,7.755047672899522,20
2017-06-21,7.755826474256312,20
2017-06-22,7.714452917461459,20
2017-06-23,7.724908716630342,20
2017-06-26,7.763914313113001,20
2017-06-27,7.764835033252672,20
2017-06-28,7.748650416090438,20
2017-06-29,7.756313890904882,20
2017-06-30,7.791512955588029,20
2017-07-03,7.821054231854197,20
2017-07-04,7.796280659152378,20
2017-07-05,7.834281574447717,20
2017-07-06,7.8246175322994915,20
2017-07-07,7.878474814592818,20
2017-07-10,7.818874112150907,20
2017-07-11,7.761994808597382,20
2017-07-12,7.756247138446981,20
2017-07-13,7.735996453921573,20
2017-07-14,7.691098303960969,20
2017-07-17,7.508690576811916,20
2017-07-18,7.525385078355063,20
2017-07-19,7.535282385688589,20
2017-07-20,7.520799249044982,20
2017-07-21,7.496169901807974,20
2017-07-24,7.523606646288441,20
2017-07-25,7.5219428307005485,20
2017-07-26,7.524602413288351,20
2017-07-27,7.588511517126821,20
2017-07-28,7.56878384050428,20
2017-07-31,7.605356240300345,20
2017-08-01,7.594075526786851,20
2017-08-02,7.554593196495804,20
2017-08-03,7.5765205484101,20
2017-08-04,7.5254371837186245,20
2017-08-07,7.548551675553482,20
2017-08-08,7.563353317050028,20
2017-08-09,7.591649957977337,20
2017-08-10,7.544697237850897,20
2017-08-11,7.50650533733858,20
2017-08-14,7.5756136730343275,20
2017-08-15,7.622131828495266,20
2017-08-16,7.677684835259974,20
2017-08-17,7.686427118422272,20
2017-08-18,7.660306459774225,20
2017-08-21,7.692844071559578,20
2017-08-22,7.698230284417843,20
2017-08-23,7.676929678454021,20
2017-08-24,7.677516929320924,20
2017-08-25,7.720789007458734,20
2017-08-28,7.783073862518091,20
2017-08-29,7.794042219678724,20
2017-08-30,7.771220697718308,20
2017-08-31,7.863042615131754,20
2017-09-01,7.850818325011176,20
2017-09-04,7.880095094329794,20
2017-09-05,7.901085262005519,20
2017-09-06,7.956184924650261,20
2017-09-07,7.90512856110167,20
2017-09-08,7.92807221684277,20
2017-09-11,8.03592653890535,20
2017-09-12,7.939940038569589,20
2017-09-13,8.002630561590099,20
2017-09-14,7.995217391934555,20
2017-09-15,7.991528636279503,20
2017-09-18,8.001233739531708,20
2017-09-19,7.9942106582183206,20
2017-09-20,8.054612066594656,20
2017-09-21,8.010411131118762,20
2017-09-22,8.052587513806468,20
2017-09-25,7.9980585035709,20
2017-09-26,7.959208705873996,20
2017-09-27,8.033988486454929,20
2017-09-28,8.002635958640619,20
2017-09-29,8.083778107753743,20
2017-10-09,8.147426980505834,20
2017-10-10,8.269356628614098,20
2017-10-11,8.272606371297051,20
2017-10-12,8.224782688302074,20
2017-10-13,8.380183738940294,20
2017-10-16,8.196029081096825,20
2017-10-17,8.262058428462124,20
2017-10-18,8.174359625392825,20
2017-10-19,8.119045336116404,20
2017-10-20,8.195621213786879,20
2017-10-23,8.24957341106505,20
2017-10-24,8.189425808734416,20
2017-10-25,8.32228845663168,20
2017-10-26,8.35335471022711,20
2017-10-27,8.347011958875427,20
2017-10-30,8.15294774417032,20
2017-10-31,8.265181418487742,20
2017-11-01,8.299103132245731,20
2017-11-02,8.188658366529983,20
2017-11-03,8.134438968513635,20
2017-11-06,8.192694775907475,20
2017-11-07,8.174694351117594,20
2017-11-08,8.203239237582773,20
2017-11-09,8.249922364440533,20
2017-11-10,8.266657414532933,20
2017-11-13,8.322150454615176,20
2017-11-14,8.239022296664043,20
2017-11-15,8.177037882360324,20
2017-11-16,8.130948100366751,20
2017-11-17,7.807998072719815,20
2017-11-20,7.8405284001959,20
2017-11-21,7.826836734123102,20
2017-11-22,7.804627209319749,20
2017-11-23,7.66491215064625,20
2017-11-24,7.667794091451125,20
2017-11-27,7.58815044200262,20
2017-11-28,7.701084219917045,20
2017-11-29,7.692156332839385,20
2017-11-30,7.666612035093434,20
2017-12-01,7.701905008109849,20
2017-12-04,7.571345726361827,20
2017-12-05,7.439202633552171,20
2017-12-06,7.497352276428165,20
2017-12-07,7.493391861534565,20
2017-12-08,7.540886373891432,20
2017-12-11,7.581325260821316,20
2017-12-12,7.519960818008943,20
2017-12-13,7.562798136478102,20
2017-12-14,7.5706727941131335,20
2017-12-15,7.5489841919278655,20
2017-12-18,7.517877141042508,20
2017-12-19,7.549259446192191,20
2017-12-20,7.493358962775937,20
2017-12-21,7.490380728877666,20
2017-12-22,7.471180820363418,20
2017-12-25,7.411164820428974,20
2017-12-26,7.480409348454517,20
2017-12-27,7.460051265806335,20
2017-12-28,7.497063869131939,20
2017-12-29,7.547812310652818,20
2018-01-02,7.5853599721366285,20
2018-01-03,7.5914253707085,19
2018-01-04,7.579605204960469,19
2018-01-05,7.575006201681549,19
2018-01-08,7.578123593327752,19
2018-01-09,7.583210721002251,19
2018-01-10,7.528381927298749,19
2018-01-11,7.56985208662491,19
2018-01-12,7.5541547298649006,19
2018-01-15,7.473882181979772,19
2018-01-16,7.531925236126899,19
2018-01-17,7.557574841388968,19
2018-01-18,7.588649513516981,19
2018-01-19,7.575331909615951,19
2018-01-22,7.607950233005407,19
2018-01-23,7.597606019911076,19
2018-01-24,7.625474756102616,19
2018-01-25,7.621834097402334,19
2018-01-26,7.588713999275715,19
2018-01-29,7.550107224581514,19
2018-01-30,7.541930218196057,19
2018-01-31,7.451577935486083,19
2018-02-01,7.3168249141935116,19
2018-02-02,7.2758158338119205,20
2018-02-05,7.230992344021712,20
2018-02-06,7.07710340933067,20
2018-02-07,7.115405805555979,20
2018-02-08,7.152490922318489,20
2018-02-09,7.081506733825193,20
2018-02-12,7.206304614963395,20
2018-02-13,7.197065750549031,20
2018-02-14,7.194927426413844,20
2018-02-22,7.2489732600530274,20
2018-02-23,7.274225624442236,20
2018-02-26,7.38762933822748,20
2018-02-27,7.415103277680962,20
2018-02-28,7.397525629514262,20
2018-03-01,7.429607256997633,20
2018-03-02,7.418537628778782,20
2018-03-05,7.441713837570744,20
2018-03-06,7.473783186682958,20
2018-03-07,7.453302481857089,20
2018-03-08,7.5248472938672375,20
2018-03-09,7.586252789923489,20
2018-03-12,7.632277489219007,20
2018-03-13,7.62382040963842,20
2018-03-14,7.617147985361256,20
2018-03-15,7.5492425560764325,20
2018-03-16,7.568723640140908,20
2018-03-19,7.5883427322244525,20
2018-03-20,7.594777873625234,20
2018-03-21,7.58982726812699,20
2018-03-22,7.638082446383195,20
2018-03-23,7.490412636375519,20
2018-03-26,7.544848922415857,20
2018-03-27,7.640533154670023,20
2018-03-28,7.631507049360243,20
2018-03-29,7.660113044034988,20
2018-03-30,7.713491355940431,20
2018-04-02,7.711689806956241,20
2018-04-03,7.706216360131522,20
2018-04-04,7.7067134353738895,20
2018-04-09,7.723726886632644,20
2018-04-10,7.7413090657681005,20
2018-04-11,7.77255557282175,20
2018-04-12,7.794451153154011,20
2018-04-13,7.781333360254906,20
2018-04-16,7.751053881931456,20
2018-04-17,7.692306966261302,20
2018-04-18,7.709142365484878,20
2018-04-19,7.700478983044725,20
2018-04-20,7.640853007856562,20
2018-04-23,7.64692497046594,20
2018-04-24,7.727904475622608,20
2018-04-25,7.749550994760974,20
2018-04-26,7.6916947454461235,20
2018-04-27,7.70572725332103,20
2018-05-02,7.70507519067423,20
2018-05-03,7.736007077349509,20
2018-05-04,7.742452932023834,20
2018-05-07,7.774631728509563,20
2018-05-08,7.782072859110795,20
2018-05-09,7.810005988034612,20
2018-05-10,7.8269378004758,20
2018-05-11,7.7876581526510416,20
2018-05-14,7.773202109289463,20
2018-05-15,7.804307069806866,20
2018-05-16,7.793375834045639,20
2018-05-17,7.794711080157148,20
2018-05-18,7.802805141135476,20
2018-05-21,7.827504234947744,20
2018-05-22,7.846816608334942,20
2018-05-23,7.846503892844192,20
2018-05-24,7.831742811428697,20
2018-05-25,7.824832358704341,20
2018-05-28,7.827252555113882,20
2018-05-29,7.826408257567186,20
2018-05-30,7.7622530840573924,20
2018-05-31,7.8229357487830065,20
2018-06-01,7.8226627917076375,20
2018-06-04,7.805322541857718,20
2018-06-05,7.834159589339805,20
2018-06-06,7.8479241848143895,20
2018-06-07,7.825428441853339,20
2018-06-08,7.825645568117139,20
2018-06-11,7.822446782228621,20
2018-06-12,7.829792064902022,20
2018-06-13,7.796830834246291,20
2018-06-14,7.780023547576921,20
2018-06-15,7.733194640315939,20
2018-06-19,7.601847292587602,20
2018-06-20,7.630828246640816,20
2018-06-21,7.583891113133539,20
2018-06-22,7.619964617643267,20
2018-06-25,7.626674343726761,20
2018-06-26,7.643812897815022,20
2018-06-27,7.633239700302869,20
2018-06-28,7.621171588430687,20
2018-06-29,7.674380118131537,20
2018-07-02,7.640439385793835,20
2018-07-03,7.670285062859391,20
2018-07-04,7.638487731334606,20
2018-07-05,7.610356864870724,20
2018-07-06,7.617749230155427,20
2018-07-09,7.66068774001209,20
2018-07-10,7.67964826249408,20
2018-07-11,7.637280468374406,20
2018-07-12,7.679536185322408,20
2018-07-13,7.689239282565692,20
2018-07-16,7.694119837005308,20
2018-07-17,7.697311845090835,20
2018-07-18,7.692777917930006,20
2018-07-19,7.6768569848287145,20
2018-07-20,7.693548034094246,20
2018-07-23,7.723229980665604,20
2018-07-24,7.752198500021072,20
2018-07-25,7.7533112159972335,20
2018-07-26,7.736898723909552,20
2018-07-27,7.744552447679448,20
2018-07-30,7.726451320333618,20
2018-07-31,7.7221463955792435,20
2018-08-01,7.695998821085074,20
2018-08-02,7.6410244356271,20
2018-08-03,7.628813009879044,20
2018-08-06,7.5923436508985365,20
2018-08-07,7.627256745530791,20
2018-08-08,7.605671358576006,20
2018-08-09,7.6404554641179345,20
2018-08-10,7.644829370229479,20
2018-08-13,7.653527773224932,20
2018-08-14,7.650851937086056,20
2018-08-15,7.622857464030236,20
2018-08-16,7.602710314894774,20
2018-08-17,7.587272572937996,20
2018-08-20,7.5960707074556995,20
2018-08-21,7.611890045366674,20
2018-08-22,7.595943925159811,20
2018-08-23,7.611935456733918,20
2018-08-24,7.6100578014022755,20
2018-08-27,7.638088701065465,20
2018-08-28,7.63911232250592,20
2018-08-29,7.62874051893633,20
2018-08-30,7.616895092246253,20
2018-08-31,7.601021105933413,20
2018-09-03,7.5835236218974105,20
2018-09-04,7.598108576890325,20
2018-09-05,7.576767938061761,20
2018-09-06,7.56313562134057,20
2018-09-07,7.5634909564039505,20
2018-09-10,7.534327540213259,20
2018-09-11,7.535145827603351,20
2018-09-12,7.536674385119713,20
2018-09-13,7.545969414864667,20
2018-09-14,7.534052822737166,20
2018-09-17,7.502972838546522,20
2018-09-18,7.5264087086955715,20
2018-09-19,7.539826222950003,20
2018-09-20,7.5348200138047545,20
2018-09-21,7.55786324571998,20
2018-09-25,7.558141110475885,20
2018-09-26,7.563481403571969,20
2018-09-27,7.539699660756514,20
2018-09-28,7.5597639958891385,20
2018-10-08,7.5041102817306555,20
2018-10-09,7.500589125940446,20
2018-10-10,7.516833173620025,20
2018-10-11,7.396696205153601,20
2018-10-12,7.390576683491437,20
2018-10-15,7.378280120031521,20
2018-10-16,7.343107251898397,20
2018-10-17,7.34105166280437,20
2018-10-18,7.315644192705884,20
2018-10-19,7.348248126312232,20
2018-10-22,7.423493130619612,20
2018-10-23,7.400568938623625,20
2018-10-24,7.40157741073195,20
2018-10-25,7.396390284902419,20
2018-10-26,7.4028745602568815,20
2018-10-29,7.396468502879658,20
2018-10-30,7.422427979838859,20
2018-10-31,7.446486518407445,20
2018-11-01,7.437083331974088,20
2018-11-02,7.488303180890987,20
2018-11-05,7.482207427055668,20
2018-11-06,7.484331980696382,20
2018-11-07,7.4766892197374,20
2018-11-08,7.468755405133291,20
2018-11-09,7.464545079708591,20
2018-11-12,7.500000273388535,20
2018-11-13,7.524573987217271,20
2018-11-14,7.524929974041298,20
2018-11-15,7.566961353940872,20
2018-11-16,7.574925810507424,20
2018-11-19,7.576922739175143,20
2018-11-20,7.543469966784232,20
2018-11-21,7.558000818114477,20
2018-11-22,7.558689627855591,20
2018-11-23,7.511091484864184,20
2018-11-26,7.494297641394969,20
2018-11-27,7.512101908690282,20
2018-11-28,7.526508473261257,20
2018-11-29,7.4938304753682585,20
2018-11-30,7.50649976691467,20
2018-12-03,7.544411195556237,20
2018-12-04,7.5582250494437,20
2018-12-05,7.551206371885772,20
2018-12-06,7.539079465658264,20
2018-12-07,7.5343716411805435,20
2018-12-10,7.5212002682129215,20
2018-12-11,7.531623702858377,20
2018-12-12,7.532149101192787,20
2018-12-13,7.541592738661609,20
2018-12-14,7.5210906368945984,20
2018-12-17,7.519117124920173,20
2018-12-18,7.505880096834723,20
2018-12-19,7.4844988757559525,20
2018-12-20,7.492527006653425,20
2018-12-21,7.4886827413388515,20
2018-12-24,7.504228184920191,20
2018-12-25,7.500545192302475,20
2018-12-26,7.503913493720054,20
2018-12-27,7.491716365699592,20
2018-12-28,7.499202014874976,20
2019-01-02,7.485495147345125,20
2019-01-03,7.476002412247975,20
2019-01-04,7.514500229141783,20
2019-01-07,7.544111719255025,20
2019-01-08,7.544210867253541,20
2019-01-09,7.545258430593368,20
2019-01-10,7.543815293191845,20
2019-01-11,7.555201984668783,20
2019-01-14,7.558615118166963,20
2019-01-15,7.5710097058960395,20
2019-01-16,7.575809513172234,20
2019-01-17,7.546007626464326,20
2019-01-18,7.548937256496601,20
2019-01-21,7.557954816851141,20
2019-01-22,7.551943409464587,20
2019-01-23,7.564251319784073,20
2019-01-24,7.567228692789041,20
2019-01-25,7.551230257269136,20
2019-01-28,7.544972563368026,20
2019-01-29,7.521144650450521,20
2019-01-30,7.508723049213564,20
2019-01-31,7.487900823543893,20
2019-02-01,7.5146833158342385,20
2019-02-11,7.5558235583173134,19
2019-02-12,7.574467534225735,19
2019-02-13,7.598075151809984,19
2019-02-14,7.60167106744056,19
2019-02-15,7.6021968198407235,19
2019-02-18,7.636311627214999,19
2019-02-19,7.637565024677423,19
2019-02-20,7.650667639159685,19
2019-02-21,7.636610977302812,19
2019-02-22,7.6519113835385,19
2019-02-25,7.707044339731713,19
2019-02-26,7.707615291792555,19
2019-02-27,7.702546862068395,19
2019-02-28,7.758522291572355,19
2019-03-01,7.78977586539729,19
2019-03-04,7.842434968287556,20
2019-03-05,7.922983142160012,20
2019-03-06,8.006808788832709,20
2019-03-07,8.0821998334419,20
2019-03-08,7.887091417822709,20
2019-03-11,8.024361488208468,20
2019-03-12,8.066375396998623,20
2019-03-13,8.01494031707886,20
2019-03-14,7.922076085829437,20
2019-03-15,7.984398672738899,20
2019-03-18,8.105358335951795,20
2019-03-19,8.132384404833749,20
2019-03-20,8.14852729481882,20
2019-03-21,8.17395385568588,20
2019-03-22,8.19070968135746,20
2019-03-25,8.162220108948004,20
2019-03-26,8.078456049702972,20
2019-03-27,8.109522997061344,20
2019-03-28,8.041585633965914,20
2019-03-29,8.127599034587746,20
2019-04-01,8.265034501778405,20
2019-04-02,8.322576302238264,20
2019-04-03,8.369932379039462,20
2019-04-04,8.401291230548741,20
2019-04-08,8.37344387824051,20
2019-04-09,8.380369657865465,20
2019-04-10,8.415080606991122,20
2019-04-11,8.278565048425348,20
2019-04-12,8.27366640042385,20
2019-04-15,8.226311739549702,20
2019-04-16,8.293451568003487,20
2019-04-17,8.350018284267916,20
2019-04-18,8.345077956339908,20
2019-04-19,8.417010558898248,20
2019-04-22,8.368839888505466,20
2019-04-23,8.284940109619146,20
2019-04-24,8.366344025719432,20
2019-04-25,8.254301209559527,20
2019-04-26,8.211317360165497,20
2019-04-29,8.092839506812464,20
2019-04-30,8.12539585923754,20
2019-05-06,7.74397660323849,20
2019-05-07,7.829409585362236,20
2019-05-08,7.851360046361498,20
2019-05-09,7.825484220851997,20
2019-05-10,7.988806108306942,20
2019-05-13,7.991919236451631,20
2019-05-14,7.935918964659301,20
2019-05-15,8.0147796440541,20
2019-05-16,8.06326684120514,20
2019-05-17,7.906111586078582,20
2019-05-20,7.8958332735292975,20
2019-05-21,7.984499957607417,20
2019-05-22,7.944807767328806,20
2019-05-23,7.810301174414311,20
2019-05-24,7.800728429910617,20
2019-05-27,7.955767952682364,20
2019-05-28,7.916186052502314,20
2019-05-29,7.956666769040096,20
2019-05-30,7.980834473227921,20
2019-05-31,8.063648491642097,20
2019-06-03,8.023282099795368,20
2019-06-04,7.9636306969502435,20
2019-06-05,7.973468795417233,20
2019-06-06,7.8400316733564095,20
2019-06-10,7.903622893864979,20
2019-06-11,8.07449265885612,20
2019-06-12,8.085315088861242,20
2019-06-13,8.113669323163261,20
2019-06-14,8.002938715129108,20
2019-06-17,8.000523763796439,20
2019-06-18,7.999261189097973,20
2019-06-19,8.060983675823337,20
2019-06-20,8.167474862575963,20
2019-06-21,8.247860998566246,20
2019-06-24,8.244830600627797,20
2019-06-25,8.175169940618797,20
2019-06-26,8.249413875271753,20
2019-06-27,8.277771287961485,20
2019-06-28,8.248254978610799,20
2019-07-01,8.355108428443756,20
2019-07-02,8.37555213136985,20
2019-07-03,8.336105991505187,20
2019-07-04,8.34918028854877,20
2019-07-05,8.388847074374041,20
2019-07-08,8.208814133977201,20
2019-07-09,8.203713031243906,20
2019-07-10,8.191980117479934,20
2019-07-11,8.1615098335208,20
2019-07-12,8.185193093673195,20
2019-07-15,8.217268860311233,20
2019-07-16,8.205802816731495,20
2019-07-17,8.223408222898223,20
2019-07-18,8.100614898817259,20
2019-07-19,8.100834096174326,20
2019-07-22,8.025848991425072,20
2019-07-23,8.052864534514155,20
2019-07-24,8.109586381782957,20
2019-07-25,8.102742143085436,20
2019-07-26,8.096994445861865,20
2019-07-29,8.100422875684071,20
2019-07-30,8.128424887760692,20
2019-07-31,8.123762485786216,20
2019-08-01,8.114209869459982,20
2019-08-02,8.01489474635663,20
2019-08-05,7.956189821804728,20
2019-08-06,7.803844892581893,20
2019-08-07,7.7577927487108465,20
2019-08-08,7.760265397523356,20
2019-08-09,7.701933747459841,20
2019-08-12,7.784008623180113,20
2019-08-13,7.767756228359896,20
2019-08-14,7.808203914982679,20
2019-08-15,7.8471255594668206,20
2019-08-16,7.916262057589183,20
2019-08-19,8.060762381510203,20
2019-08-20,8.066270945799857,20
2019-08-21,8.05484747025252,20
2019-08-22,8.074774145805604,20
2019-08-23,8.090666123922263,20
2019-08-26,8.050906994883988,20
2019-08-27,8.169134391250532,20
2019-08-28,8.169288197283814,20
2019-08-29,8.176774859692728,20
2019-08-30,8.096383904356008,20
2019-09-02,8.22024010614689,20
2019-09-03,8.23138014452071,19
2019-09-04,8.274352675082186,19
2019-09-05,8.32783658174684,19
2019-09-06,8.393026153836972,19
2019-09-09,8.507606863928803,19
2019-09-10,8.53483309107694,19
2019-09-11,8.523051190165052,19
2019-09-12,8.540914897209113,19
2019-09-16,8.544634928649476,19
2019-09-17,8.438476978138125,19
2019-09-18,8.4851402784235,19
2019-09-19,8.57777744547571,19
2019-09-20,8.578198235873147,19
2019-09-23,8.522395324082737,19
2019-09-24,8.509049562888153,19
2019-09-25,8.43148158325054,19
2019-09-26,8.327005123101863,19
2019-09-27,8.363142167132402,19
2019-09-30,8.30879323833832,19
2019-10-08,8.355107230054166,19
2019-10-09,8.370793339772051,20
2019-10-10,8.442726210893388,20
2019-10-11,8.45941393807727,20
2019-10-14,8.566723520226505,20
2019-10-15,8.49192176778095,20
2019-10-16,8.475583012098431,20
2019-10-17,8.475133714037044,20
2019-10-18,8.45448796743144,20
2019-10-21,8.384378815612997,20
2019-10-22,8.438804244346516,20
2019-10-23,8.43198054326723,20
2019-10-24,8.397052781256619,20
2019-10-25,8.419830364464595,20
2019-10-28,8.476018930077366,20
2019-10-29,8.385017217609759,20
2019-10-30,8.339253819981897,20
2019-10-31,8.313910499341567,20
2019-11-01,8.32138905092196,20
2019-11-04,8.328855271825237,20
2019-11-05,8.347784093147133,20
2019-11-06,8.326437484418099,20
2019-11-07,8.3410483290547,20
2019-11-08,8.351870071526433,20
2019-11-11,8.26854921082573,20
2019-11-12,8.255133419485077,20
2019-11-13,8.245152634251781,20
2019-11-14,8.275299941757996,20
2019-11-15,8.218386380109077,20
2019-11-18,8.25081514459749,20
2019-11-19,8.292455464147618,20
2019-11-20,8.254160540354599,20
2019-11-21,8.250596331324592,20
2019-11-22,8.253955287260254,20
2019-11-25,8.25743188246608,20
2019-11-26,8.244897590925852,20
2019-11-27,8.235521169190434,20
2019-11-28,8.218534589880619,20
2019-11-29,8.221543490953191,20
2019-12-02,8.234919765532544,20
2019-12-03,8.244097648540661,20
2019-12-04,8.236307930890542,20
2019-12-05,8.25826764754208,20
2019-12-06,8.26352454070734,20
2019-12-09,8.264584655185452,20
2019-12-10,8.271583326340146,20
2019-12-11,8.274575648959681,20
2019-12-12,8.253936483002832,20
2019-12-13,8.292330888855876,20
2019-12-16,8.329828056465853,20
2019-12-17,8.357089321306626,20
2019-12-18,8.358693359694362,20
2019-12-19,8.37373968419213,20
2019-12-20,8.35246373913239,20
2019-12-23,8.315892675807689,20
2019-12-24,8.35619515907385,20
2019-12-25,8.362120523647926,20
2019-12-26,8.41142994255558,20
2019-12-27,8.420158124697522,20
2019-12-30,8.461599824146726,20
2019-12-31,8.491900284836218,20
2020-01-02,8.577409777912516,20
2020-01-03,8.590955536160637,20
2020-01-06,8.57598606926489,20
2020-01-07,8.657837973819193,20
2020-01-08,8.559212732672025,20
2020-01-09,8.646820939239857,20
2020-01-10,8.661510642791932,20
2020-01-13,8.723338822082416,20
2020-01-14,8.726983091189295,20
2020-01-15,8.695814241793933,20
2020-01-16,8.692307549945868,20
2020-01-17,8.689384499872602,20
2020-01-20,8.744860819472576,20
2020-01-21,8.661868441942854,20
2020-01-22,8.61708196357004,20
2020-01-23,8.439633386502278,20
2020-02-03,7.806745769633077,20
2020-02-04,7.772360949715475,20
2020-02-05,7.932451292000087,20
2020-02-06,8.062866441865888,20
2020-02-07,8.096446564757429,20
2020-02-10,8.224180621195101,20
2020-02-11,8.17078874138302,20
2020-02-12,8.232830148384892,20
2020-02-13,8.185538351327251,20
2020-02-14,8.168243959329974,20
2020-02-17,8.416974549453968,20
2020-02-18,8.439997500392769,20
2020-02-19,8.379966641795022,20
2020-02-20,8.517953764081549,20
2020-02-21,8.5453993856524,20
2020-02-24,8.618359703713967,20
2020-02-25,8.539308805690755,20
2020-02-26,8.515830708394848,20
2020-02-27,8.540632143574413,20
2020-02-28,8.22476435930003,20
2020-03-02,8.43880546238374,20
2020-03-03,8.469501813212682,20
2020-03-04,8.568770929845495,20
2020-03-05,8.676893005483661,20
2020-03-06,8.67351947341627,20
2020-03-09,8.475942306008736,20
2020-03-10,8.575940179038948,20
2020-03-11,8.566561251678232,20
2020-03-12,8.415311963818967,20
2020-03-13,8.356529938163382,20
2020-03-16,8.192610292449755,20
2020-03-17,8.14183906182662,20
2020-03-18,8.09927580395466,20
2020-03-19,8.178606711344969,20
2020-03-20,8.223419467377534,20
2020-03-23,8.052309181016991,20
2020-03-24,8.173185017666086,20
2020-03-25,8.315479973582478,20
2020-03-26,8.271952294972623,20
2020-03-27,8.284154571921997,20
2020-03-30,8.143645103735919,20
2020-03-31,8.158402212330067,20
2020-04-01,8.132363562153962,20
2020-04-02,8.172173541099657,19
2020-04-03,8.146492023316494,19
2020-04-07,8.210255096730736,19
2020-04-08,8.227283236083563,19
2020-04-09,8.244168402308496,19
2020-04-10,8.212172466019721,19
2020-04-13,8.199501242707397,19
2020-04-14,8.24099127479491,19
2020-04-15,8.236539499986412,19
2020-04-16,8.24045558802568,19
2020-04-17,8.261240143506853,19
2020-04-20,8.30118976815569,19
2020-04-21,8.295477293388448,19
2020-04-22,8.331735810807572,19
2020-04-23,8.32664941701385,19
2020-04-24,8.312607451409551,19
2020-04-27,8.307607436227812,19
2020-04-28,8.262800971161154,19
2020-04-29,8.272915415998636,19
2020-04-30,8.361830696242597,19
2020-05-06,8.39478385154572,19
2020-05-07,8.389721917204826,19
2020-05-08,8.446934970634377,19
2020-05-11,8.4355203502809,19
2020-05-12,8.430469319271653,19
2020-05-13,8.462213467103979,19
2020-05-14,8.425258547883631,19
2020-05-15,8.461321953004866,19
2020-05-18,8.449733332546247,19
2020-05-19,8.524332064439655,19
2020-05-20,8.437624007266084,19
2020-05-21,8.422301362284987,19
2020-05-22,8.317210564404597,19
2020-05-25,8.318652153474906,19
2020-05-26,8.407174039971734,19
2020-05-27,8.42100424685798,19
2020-05-28,8.395222437837468,19
2020-05-29,8.400867801696684,19
2020-06-01,8.570249312124353,19
2020-06-02,8.662807967531743,20
2020-06-03,8.657766380683686,20
2020-06-04,8.692972863565014,20
2020-06-05,8.686452524634557,20
2020-06-08,8.716653023004403,20
2020-06-09,8.735416915063546,20
2020-06-10,8.742412972856467,20
2020-06-11,8.739455390995344,20
2020-06-12,8.748747298136168,20
2020-06-15,8.677226896903273,20
2020-06-16,8.795376381560724,20
2020-06-17,8.782912381825854,20
2020-06-18,8.763631436066444,20
2020-06-19,8.811947143967018,20
2020-06-22,8.793965683484561,20
2020-06-23,8.80908928342247,20
2020-06-24,8.801977907704725,20
2020-06-29,8.731464839496024,20
2020-06-30,8.81844991893029,20
2020-07-01,8.81954995847459,20
2020-07-02,8.931553231110156,20
2020-07-03,8.986832466220509,20
2020-07-06,9.257798241865583,20
2020-07-07,9.264005076743363,20
2020-07-08,9.349452880775429,20
2020-07-09,9.548743478967795,20
2020-07-10,9.492486196538017,20
2020-07-13,9.723271164120332,20
2020-07-14,9.697523357112914,20
2020-07-15,9.580290346040039,20
2020-07-16,9.345495917171096,20
2020-07-17,9.403088009621907,20
2020-07-20,9.697260102227762,20
2020-07-21,9.746233551448526,20
2020-07-22,9.730413898152584,20
2020-07-23,9.745555221720101,20
2020-07-24,9.518431851529469,20
2020-07-27,9.548853386385936,20
2020-07-28,9.617348047401343,20
2020-07-29,9.746945823086502,20
2020-07-30,9.78172991722865,20
2020-07-31,9.834794830593347,20
2020-08-03,10.077895736239926,20
2020-08-04,10.076042373364858,20
2020-08-05,10.075544049997188,20
2020-08-06,10.092814724698366,20
2020-08-07,10.01116448057202,20
2020-08-10,10.116131142027955,20
2020-08-11,9.99531362313412,20
2020-08-12,9.891015371332932,20
2020-08-13,9.93771461809212,20
2020-08-14,9.99448302743931,20
2020-08-17,10.122669768986237,20
2020-08-18,10.176336177579653,20
2020-08-19,10.194447414699678,20
2020-08-20,10.080992671049223,20
2020-08-21,10.129489229879441,20
2020-08-24,10.148407147588122,20
2020-08-25,10.094815422487276,20
2020-08-26,9.92387894170512,20
2020-08-27,10.01257692162412,20
2020-08-28,10.081772546975186,20
2020-08-31,10.049507712721194,20
2020-09-01,10.118552714892864,20
2020-09-02,10.143952638858938,20
2020-09-03,10.092275504233895,20
2020-09-04,10.030283613210196,20
2020-09-07,9.919150609871343,20
2020-09-08,9.973994134438662,20
2020-09-09,9.807780443826056,20
2020-09-10,9.675249593975176,20
2020-09-11,9.768950603551886,20
2020-09-14,9.787197978293468,20
2020-09-15,9.761916861595486,20
2020-09-16,9.741954776461153,20
2020-09-17,9.726249451866941,20
2020-09-18,9.880816440037284,20
2020-09-21,9.854879837838748,20
2020-09-22,9.71141302896633,20
2020-09-23,9.680546450038115,20
2020-09-24,9.489815946318087,20
2020-09-25,9.483787753114973,20
2020-09-28,9.457863792664309,20
2020-09-29,9.488524847156649,20
2020-09-30,9.472897813171032,20
2020-10-09,9.679993232419662,20
2020-10-12,9.90739936893024,20
2020-10-13,9.902568976122929,20
2020-10-14,9.819867411137865,20
2020-10-15,9.76785602539695,20
2020-10-16,9.778580801968857,20
2020-10-19,9.76634663146427,20
2020-10-20,9.848784697413793,20
2020-10-21,9.831784084079754,20
2020-10-22,9.73763443965595,20
2020-10-23,9.578122406849992,20
2020-10-26,9.552467918184417,20
2020-10-27,9.54845132442466,20
2020-10-28,9.572461251915291,20
2020-10-29,9.66642821263532,20
2020-10-30,9.486456333988345,20
2020-11-02,9.494187258357577,20
2020-11-03,9.580071854792305,20
2020-11-04,9.57175946398833,20
2020-11-05,9.737205893999764,20
2020-11-06,9.72943202266954,20
2020-11-09,9.835284586203306,20
2020-11-10,9.822842059444243,20
2020-11-11,9.81913857106953,20
2020-11-12,9.858705831049857,20
2020-11-13,9.800560883132267,20
2020-11-16,9.96912061737988,20
2020-11-17,9.977101128399697,20
2020-11-18,10.049783956306987,20
2020-11-19,10.018331509245547,20
2020-11-20,10.048289944028198,20
2020-11-23,10.131522117206753,20
2020-11-24,10.141060804491023,20
2020-11-25,10.02023159521294,20
2020-11-26,10.068007736516895,20
2020-11-27,10.038692352862062,20
2020-11-30,9.994724236268002,20
2020-12-01,10.032469140137852,20
2020-12-02,10.038160407285105,20
2020-12-03,10.038773000636462,20
2020-12-04,10.073826288795402,20
2020-12-07,10.056642483425605,20
2020-12-08,10.017723007531698,20
2020-12-09,9.954096525621164,20
2020-12-10,9.899493463715384,20
2020-12-11,9.788712907489588,20
2020-12-14,9.803447796276464,20
2020-12-15,9.791868746546564,20
2020-12-16,9.740391564990679,20
2020-12-17,9.755418119512996,20
2020-12-18,9.683222581992714,20
2020-12-21,9.704139189962397,20
2020-12-22,9.510800041366302,20
2020-12-23,9.528062936304732,20
2020-12-24,9.368963923968296,20
2020-12-25,9.429770740467346,20
2020-12-28,9.267690573396951,20
2020-12-29,9.270412451999874,20
2020-12-30,9.260314980796801,20
2020-12-31,9.36259939841599,20
2021-01-04,9.415526773284782,20
2021-01-05,9.402567350035943,20
2021-01-06,9.31720314150099,20
2021-01-07,9.108712437501003,20
2021-01-08,9.116003492089014,20
2021-01-11,9.013054826713741,20
2021-01-12,9.045348231818894,20
2021-01-13,9.013403035171661,20
2021-01-14,9.146948329050085,20
2021-01-15,9.205319274525332,20
2021-01-18,9.246339644632679,20
2021-01-19,9.300239142829653,20
2021-01-20,9.280955012601199,20
2021-01-21,9.316611520393558,20
2021-01-22,9.280848561838825,20
2021-01-25,9.15303105091555,20
2021-01-26,9.098836162550274,20
2021-01-27,9.121392117738862,20
2021-01-28,9.042565035598583,20
2021-01-29,8.992854778696302,20
2021-02-01,9.029187864172105,20
2021-02-02,9.06788994847936,20
2021-02-03,9.061918836120997,20
2021-02-04,9.000014948348467,20
2021-02-05,8.999149121097426,20
2021-02-08,9.001430525735692,20
2021-02-09,9.082192073571218,20
2021-02-10,9.096190755978391,20
2021-02-18,9.144908024243069,20
2021-02-19,9.220048850824197,20
2021-02-22,9.267412901974042,20
2021-02-23,9.237107880894389,20
2021-02-24,9.227644731003123,20
2021-02-25,9.23598067165104,20
2021-02-26,9.227238965527308,20
2021-03-01,9.301824221873362,20
2021-03-02,9.30808224617778,20
2021-03-03,9.331079455900879,20
2021-03-04,9.293359947916182,20
2021-03-05,9.312532238848826,20
2021-03-08,9.304851916036009,20
2021-03-09,9.265420743445132,20
2021-03-10,9.25525503002671,20
2021-03-11,9.29542369101885,20
2021-03-12,9.325012658027134,20
2021-03-15,9.324859151795206,20
2021-03-16,9.36526313542486,20
2021-03-17,9.360035114285767,20
2021-03-18,9.396635505614293,20
2021-03-19,9.413706606307814,20
2021-03-22,9.468603288143841,20
2021-03-23,9.478333640227904,20
2021-03-24,9.460441216021618,20
2021-03-25,9.435876730928943,20
2021-03-26,9.47108683687373,20
2021-03-29,9.47813677786389,20
2021-03-30,9.480140165949596,20
2021-03-31,9.472870046215482,20
2021-04-01,9.46384185025055,20
2021-04-02,9.460913996477554,20
2021-04-06,9.47785518064396,20
2021-04-07,9.498217141534393,20
2021-04-08,9.480211232400142,20
2021-04-09,9.47722557479628,20
2021-04-12,9.435762184692416,20
2021-04-13,9.406790161086755,20
2021-04-14,9.405870349460256,20
2021-04-15,9.38730099241336,20
2021-04-16,9.418362350105992,20
2021-04-19,9.435037673088786,20
2021-04-20,9.428878817253594,20
2021-04-21,9.413162084562362,20
2021-04-22,9.427594427589122,20
2021-04-23,9.413083617222204,20
2021-04-26,9.392024634356343,20
2021-04-27,9.364917792370338,20
2021-04-28,9.352926188207451,20
2021-04-29,9.370311945077749,20
2021-04-30,9.337936761741192,20
2021-05-06,9.320263543224884,20
2021-05-07,9.320404069782407,20
2021-05-10,9.341194735980476,20
2021-05-11,9.346868005286542,20
2021-05-12,9.367589575256876,20
2021-05-13,9.362036840766347,20
2021-05-14,9.39418371969305,20
2021-05-17,9.35131038165811,20
2021-05-18,9.351456222816944,20
2021-05-19,9.348138422212124,20
2021-05-20,9.339896814006922,20
2021-05-21,9.3440513169388,20
2021-05-24,9.362823695806796,20
2021-05-25,9.381329751870483,20
2021-05-26,9.397263353720783,20
2021-05-27,9.393702066826068,20
2021-05-28,9.383673105594033,20
2021-05-31,9.406932499824181,20
2021-06-01,9.400190033868585,20
2021-06-02,9.371893972710115,20
2021-06-03,9.360770707347104,20
2021-06-04,9.328371102960643,20
2021-06-07,9.35678247295293,20
2021-06-08,9.37525354335075,20
2021-06-09,9.413876683716468,20
2021-06-10,9.442200802532389,20
2021-06-11,9.50178988704331,20
2021-06-15,9.408330131263709,20
2021-06-16,9.32732301222153,20
2021-06-17,9.324912377721276,20
2021-06-18,9.325816075371062,20
2021-06-21,9.353541016965009,20
2021-06-22,9.418465208732009,20
2021-06-23,9.389938817425094,20
2021-06-24,9.355911995911242,20
2021-06-25,9.355340369285113,20
2021-06-28,9.372039623740433,20
2021-06-29,9.294551845395992,20
2021-06-30,9.30490469145303,20
2021-07-01,9.30387722471061,20
2021-07-02,9.266382238659693,20
2021-07-05,9.340561169883978,20
2021-07-06,9.361026940732195,20
2021-07-07,9.411834674575056,20
2021-07-08,9.32090730045444,20
2021-07-09,9.34746273773034,20
2021-07-12,9.38893972698208,20
2021-07-13,9.396954435830983,20
2021-07-14,9.362207636235375,20
2021-07-15,9.34189328635981,20
2021-07-16,9.349814450346493,20
2021-07-19,9.352785707676965,20
2021-07-20,9.341682871433651,20
2021-07-21,9.38446064178244,20
2021-07-22,9.406881327334043,20
2021-07-23,9.320857540304965,20
2021-07-26,9.307742653527317,20
2021-07-27,9.243894797953669,20
2021-07-28,9.164469733618185,20
2021-07-29,9.25577197170575,20
2021-07-30,9.229920391445953,20
2021-08-02,9.29563303809629,20
2021-08-03,9.289237096369886,20
2021-08-04,9.362521415619083,20
2021-08-05,9.305187495538913,20
2021-08-06,9.298028649407533,20
2021-08-09,9.422589580732332,20
2021-08-10,9.51096798316736,20
2021-08-11,9.527278173377045,20
2021-08-12,9.53038889099771,20
2021-08-13,9.496354787547313,20
2021-08-16,9.57913746006497,20
2021-08-17,9.428039316183524,20
2021-08-18,9.522067733037645,20
2021-08-19,9.489069872182833,20
2021-08-20,9.429332760179074,20
2021-08-23,9.642716593949423,20
2021-08-24,9.679283944090718,20
2021-08-25,9.732116660016642,20
2021-08-26,9.67800700126486,20
2021-08-27,9.716606580549017,20
2021-08-30,9.627374904529898,20
2021-08-31,9.637687624925526,20
2021-09-01,9.590154977354855,20
2021-09-02,9.614048959390178,20
2021-09-03,9.660113765050268,20
2021-09-06,9.741362704749989,20
2021-09-07,9.798885807643785,20
2021-09-08,9.86822628733207,20
2021-09-09,9.923635737875722,20
2021-09-10,9.862393835878956,20
2021-09-13,9.923687822550995,20
2021-09-14,9.850058977611315,20
2021-09-15,9.867375843666071,20
2021-09-16,9.846997970364711,20
2021-09-17,9.824278899516518,20
2021-09-22,9.819036783781863,20
2021-09-23,9.951533609161025,20
2021-09-24,9.813870372570655,20
2021-09-27,9.633146473275628,20
2021-09-28,9.59078211732015,20
2021-09-29,9.459756606475953,20
2021-09-30,9.5710305163198,20
2021-10-08,9.677506403603306,20
2021-10-11,9.672002311987804,20
2021-10-12,9.571132888587673,20
2021-10-13,9.631579189499162,20
2021-10-14,9.629393466461494,20
2021-10-15,9.596412396805746,20
2021-10-18,9.604419280398728,20
2021-10-19,9.692558466758864,20
2021-10-20,9.743465177949389,20
2021-10-21,9.706832698418065,20
2021-10-22,9.681219360883672,20
2021-10-25,9.768033781745038,20
2021-10-26,9.734090774050857,20
2021-10-27,9.576425940713534,20
2021-10-28,9.523988782528596,20
2021-10-29,9.543155111684758,20
2021-11-01,9.622337670559412,20
2021-11-02,9.569008042692264,20
2021-11-03,9.59456618789032,20
2021-11-04,9.675439322620676,20
2021-11-05,9.760843239425602,20
2021-11-08,9.748814182069005,20
2021-11-09,9.84458683660212,20
2021-11-10,9.914692027106105,20
2021-11-11,9.98290998755318,20
2021-11-12,10.10968282161932,20
2021-11-15,10.271026838088003,20
2021-11-16,10.302116004016817,20
2021-11-17,10.413586997514246,20
2021-11-18,10.306995152722806,20
2021-11-19,10.413192479921582,20
2021-11-22,10.445047945474526,20
2021-11-23,10.55008313208049,20
2021-11-24,10.586260931054376,20
2021-11-25,10.635253660554644,20
2021-11-26,10.622886555137455,20
2021-11-29,10.634695950894544,20
2021-11-30,10.69693783263591,20
2021-12-01,10.843488325623493,20
2021-12-02,10.851438768625163,20
2021-12-03,10.84736774559572,20
2021-12-06,10.789027864781094,20
2021-12-07,10.751198275583484,20
2021-12-08,10.824017315309337,20
2021-12-09,10.867126272072342,20
2021-12-10,10.888241755167874,20
2021-12-13,10.859320872564533,20
2021-12-14,10.851468741180506,20
2021-12-15,10.911489097659226,20
2021-12-16,10.996006686811901,20
2021-12-17,10.950928965148947,20
2021-12-20,10.93804004155001,20
2021-12-21,11.066054555037104,20
2021-12-22,11.073223831287814,20
2021-12-23,10.998692100019952,20
2021-12-24,10.87884608000262,20
2021-12-27,10.995622747516792,20
2021-12-28,11.02700379649402,20
2021-12-29,11.062538985023032,20
2021-12-30,11.124774792092845,20
2021-12-31,11.219729560059363,20
2022-01-04,11.473593568431866,20
2022-01-05,11.377225355219148,20
2022-01-06,11.445899993085071,20
2022-01-07,11.374216361509012,20
2022-01-10,11.516919041807173,20
2022-01-11,11.587849488838545,20
2022-01-12,11.600677706754738,20
2022-01-13,11.571083434792646,20
2022-01-14,11.489744082610107,20
2022-01-17,11.540913691471543,20
2022-01-18,11.402937169421762,20
2022-01-19,11.501515781247567,20
2022-01-20,11.268461266085136,20
2022-01-21,11.167707261968992,20
2022-01-24,11.066805189996764,20
2022-01-25,10.7275110149921,20
2022-01-26,10.813666939870753,20
2022-01-27,10.65380869820494,20
2022-01-28,10.771920932262008,20
2022-02-07,10.915645847129591,20
2022-02-08,11.030403538750308,20
2022-02-09,11.070231094138974,20
2022-02-10,11.050276581152657,20
2022-02-11,10.902127423267807,20
2022-02-14,10.871367066228883,20
2022-02-15,10.870648552283065,20
2022-02-16,10.9879205378547,20
2022-02-17,10.991000623358683,20
2022-02-18,11.038076450101645,20
2022-02-21,11.095134986561737,20
2022-02-22,11.02594380904349,20
2022-02-23,11.108114410777361,20
2022-02-24,10.939907403028963,20
2022-02-25,11.00563998447917,20
2022-02-28,10.97490552675827,20
2022-03-01,10.992243455838999,20
2022-03-02,11.008159406751677,20
2022-03-03,11.02905442443115,20
2022-03-04,10.948657459040444,20
2022-03-07,10.860824732357178,20
2022-03-08,10.677969492297471,20
2022-03-09,10.552095829424372,20
2022-03-10,10.663180074835722,20
2022-03-11,10.738264402604287,20
2022-03-14,10.610981293605803,20
2022-03-15,10.333901522980309,20
2022-03-16,10.452806903913244,20
2022-03-17,10.529822443651753,20
2022-03-18,10.61519124934736,20
2022-03-21,10.714335793635389,20
2022-03-22,10.702831963909947,20
2022-03-23,10.70182379271524,20
2022-03-24,10.635646222017792,20
2022-03-25,10.659782078441525,20
2022-03-28,10.645651721891044,20
2022-03-29,10.597532190368378,20
2022-03-30,10.73393040391037,20
2022-03-31,10.795207311592094,20
2022-04-01,10.775822124361373,20
2022-04-06,10.810336605092115,20
2022-04-07,10.760940198104098,20
2022-04-08,10.729184900825954,20
2022-04-11,10.647595712781115,20
2022-04-12,10.68185351361344,20
2022-04-13,10.633815030209266,20
2022-04-14,10.657660740150824,20
2022-04-15,10.62804088605788,20
2022-04-18,10.659907093757546,20
2022-04-19,10.680719425858515,20
2022-04-20,10.680347077306461,20
2022-04-21,10.642828868964664,20
2022-04-22,10.69005980763504,20
2022-04-25,10.484723247176541,20
2022-04-26,10.32618552712432,20
2022-04-27,10.398845535831972,20
2022-04-28,10.318174462970505,20
2022-04-29,10.43480076389825,20
2022-05-05,10.479810875104963,20
2022-05-06,10.463613891095182,20
2022-05-09,10.496001304535234,20
2022-05-10,10.52353298489328,20
2022-05-11,10.517488027026626,20
2022-05-12,10.538078787869061,20
2022-05-13,10.536189768149244,20
2022-05-16,10.531833514117912,20
2022-05-17,10.516883871596937,20
2022-05-18,10.533707214071878,20
2022-05-19,10.54043307810705,20
2022-05-20,10.566306027418083,20
2022-05-23,10.619201754682322,20
2022-05-24,10.550359080068292,20
2022-05-25,10.597427823734458,20
2022-05-26,10.612351526728505,20
2022-05-27,10.596688511347793,20
2022-05-30,10.600446699132263,20
2022-05-31,10.62667449459445,20
2022-06-01,10.643875569224722,20
2022-06-02,10.643883933208816,20
2022-06-06,10.663850594642875,20
2022-06-07,10.650798202232306,20
2022-06-08,10.648743749832539,20
2022-06-09,10.630519088966976,20
2022-06-10,10.647305351262707,20
2022-06-13,10.646628176262421,20
2022-06-14,10.654724871972475,20
2022-06-15,10.653202443908146,20
2022-06-16,10.657007223928705,20
2022-06-17,10.666566422929895,20
2022-06-20,10.691310925841655,20
2022-06-21,10.676279049458747,20
2022-06-22,10.640501344957372,20
2022-06-23,10.656907970409991,20
2022-06-24,10.671178337679713,20
2022-06-27,10.689511688761309,20
2022-06-28,10.719497207376795,20
2022-06-29,10.682443081791746,20
2022-06-30,10.706448860296826,20
2022-07-01,10.765960074436768,20
2022-07-04,10.809207756347725,20
2022-07-05,10.778480848703353,20
2022-07-06,10.724335239730987,20
2022-07-07,10.75589899392214,20
2022-07-08,10.781074535760071,20
2022-07-11,10.771195106978293,20
2022-07-12,10.675697057997674,20
2022-07-13,10.723094960266035,20
2022-07-14,10.78609374812063,20
2022-07-15,10.688306420420073,20
2022-07-18,10.926687701607214,20
2022-07-19,10.96644581108102,20
2022-07-20,11.010626331989961,20
2022-07-21,11.005744120749386,20
2022-07-22,10.969807349779424,20
2022-07-25,10.921573554880867,20
2022-07-26,10.944519371349726,20
2022-07-27,11.026420607607934,20
2022-07-28,11.105865903627267,20
2022-07-29,11.119317747144155,20
2022-08-01,11.128129655465285,20
2022-08-02,10.87901933083876,20
2022-08-03,10.87978894160619,20
2022-08-04,10.976072681935676,20
2022-08-05,11.029649930423156,20
2022-08-08,11.104425828857224,20
2022-08-09,11.09082203050459,20
2022-08-10,11.181563856296242,20
2022-08-11,11.300167438348614,20
2022-08-12,11.287989489737372,20
2022-08-15,11.290086677121177,20
2022-08-16,11.290318863728023,20
2022-08-17,11.280330330308248,20
2022-08-18,11.254043737886116,20
2022-08-19,11.180638719079734,20
2022-08-22,11.216375554910531,20
2022-08-23,11.272297837834609,20
2022-08-24,11.124922873523843,20
2022-08-25,11.128682984949808,20
2022-08-26,11.09947963536818,20
2022-08-29,11.166864195953085,20
2022-08-30,11.156658432665086,20
2022-08-31,11.089323365298904,20
2022-09-01,11.059851608787643,20
2022-09-02,11.100993257369625,20
2022-09-05,11.110683897925432,20
2022-09-06,11.144260144018139,20
2022-09-07,11.146935259221447,20
2022-09-08,11.123494527724135,20
2022-09-09,11.119474350365303,20
2022-09-13,11.122624121554525,20
2022-09-14,11.08907330142679,20
2022-09-15,11.028177565334389,20
2022-09-16,10.952818330365034,20
2022-09-19,10.909953740709684,20
2022-09-20,10.951611405697003,20
2022-09-21,10.9779952182411,20
2022-09-22,10.960668242941583,20
2022-09-23,10.915875035349671,20
2022-09-26,10.836752714710062,20
2022-09-27,10.922053621960533,20
2022-09-28,10.884619526672257,20
2022-09-29,10.883196997607334,20
2022-09-30,10.858829743823353,20
2022-10-10,10.801928667163665,20
2022-10-11,10.81127672275155,20
2022-10-12,10.883049831728613,20
2022-10-13,10.923192647266342,20
2022-10-14,10.973299900737441,20
2022-10-17,11.06085294073737,20
2022-10-18,11.085032779393886,20
2022-10-19,11.071423828123404,20
2022-10-20,11.043504761343359,20
2022-10-21,11.047029053916422,20
2022-10-24,11.018800826962648,20
2022-10-25,11.011220387343107,20
2022-10-26,11.084561624241099,20
2022-10-27,11.063438822770403,20
2022-10-28,10.979471053485401,20
2022-10-31,11.019326290338062,20
2022-11-01,11.083750890848105,20
2022-11-02,11.110470446529737,20
2022-11-03,11.114329097208685,20
2022-11-04,11.137224387400668,20
2022-11-07,11.16525476549533,20
2022-11-08,11.146065479199908,20
2022-11-09,11.155247677582437,20
2022-11-10,11.154881000833148,20
2022-11-11,11.162898662595413,20
2022-11-14,11.16569858227257,20
2022-11-15,11.214197797885062,20
2022-11-16,11.210891694889972,20
2022-11-17,11.214782134807503,20
2022-11-18,11.196178214545327,20
2022-11-21,11.225672776719467,20
2022-11-22,11.208740731162363,20
2022-11-23,11.189983380006467,20
2022-11-24,11.203141096297953,20
2022-11-25,11.209617579806373,20
2022-11-28,11.208941271812566,20
2022-11-29,11.246511939176465,20
2022-11-30,11.250136798350786,20
2022-12-01,11.244625785054817,20
2022-12-02,11.262957641723114,20
2022-12-05,11.302641553408543,20
2022-12-06,11.281318029406165,20
2022-12-07,11.299141520562877,20
2022-12-08,11.28907646498406,20
2022-12-09,11.299165416087396,20
2022-12-12,11.252209956569075,20
2022-12-13,11.281744207774304,20
2022-12-14,11.25693611654674,20
2022-12-15,11.252477061979453,20
2022-12-16,11.238804458153192,20
2022-12-19,11.135537996490013,20
2022-12-20,11.15878934400799,20
2022-12-21,11.137406711854316,20
2022-12-22,11.101035811669613,20
2022-12-23,11.063629562559031,20
2022-12-26,11.096851872848037,20
2022-12-27,11.120511320198736,20
2022-12-28,11.077056995803002,20
2022-12-29,11.041704453975424,20
2022-12-30,11.094334575615147,20
2023-01-03,11.157913777650661,20
2023-01-04,11.186615438568383,20
2023-01-05,11.201531574049467,20
2023-01-06,11.193947530254377,20
2023-01-09,11.205835904897906,20
2023-01-10,11.202903107484095,20
2023-01-11,11.176815979603726,20
2023-01-12,11.21259689394187,20
2023-01-13,11.225554316134437,20
2023-01-16,11.268826005341712,20
2023-01-17,11.271094156210443,20
2023-01-18,11.271912899728953,20
2023-01-19,11.283897350119245,20
2023-01-20,11.31029599377119,20
2023-01-30,11.371851302064407,20
2023-01-31,11.423692134562204,20
2023-02-01,11.477109818238546,20
2023-02-02,11.468641390107804,20
2023-02-03,11.442900827343003,20
2023-02-06,11.461808753946418,20
2023-02-07,11.508575342859292,20
2023-02-08,11.510681812036225,20
2023-02-09,11.569422978296267,20
2023-02-10,11.584940171770961,20
2023-02-13,11.672483372991325,20
2023-02-14,11.774405971150571,20
2023-02-15,11.773899017497135,20
2023-02-16,11.621359839302405,20
2023-02-17,11.65852734814994,20
2023-02-20,11.734523530454881,20
2023-02-21,11.744700848407362,20
2023-02-22,11.775052125752739,20
2023-02-23,11.780929078076795,20
2023-02-24,11.787854132874406,20
2023-02-27,11.755432059553803,20
2023-02-28,11.843361707352406,20
2023-03-01,11.92946793511474,20
2023-03-02,11.93082701538564,20
2023-03-03,11.937076491931247,20
2023-03-06,11.961989407734404,20
2023-03-07,11.868248890881354,20
2023-03-08,11.891538765300606,20
2023-03-09,11.922119357874086,20
2023-03-10,11.825233246385116,20
2023-03-13,11.783807061064826,20
2023-03-14,11.67881273676501,20
2023-03-15,11.794993834847267,20
2023-03-16,11.7053203171781,20
2023-03-17,11.676810560353776,20
2023-03-20,11.66996783508661,20
2023-03-21,11.765390576845233,20
2023-03-22,11.844353911244317,20
2023-03-23,11.868832589649326,20
2023-03-24,11.861304916246079,20
2023-03-27,11.861817159331103,20
2023-03-28,11.833162585635147,20
2023-03-29,11.783055552839507,20
2023-03-30,11.76767025553366,20
2023-03-31,11.829315921350267,20
2023-04-03,11.825665421228694,20
2023-04-04,11.63623423674905,20
2023-04-06,11.605510284065456,20
2023-04-07,11.64222815719233,20
2023-04-10,11.561391775152094,20
2023-04-11,11.534307174174838,20
2023-04-12,11.598682866727932,20
2023-04-13,11.541615597132074,20
2023-04-14,11.578356835374466,20
2023-04-17,11.662106787527064,20
2023-04-18,11.650915037153696,20
2023-04-19,11.609248367956445,20
2023-04-20,11.55359227459796,20
2023-04-21,11.318469298368033,20
2023-04-24,11.256755551025321,20
2023-04-25,11.09421896057516,20
2023-04-26,11.221789140281825,20
2023-04-27,11.210424025602519,20
2023-04-28,11.401399292572858,20
2023-05-04,11.493365278402823,20
2023-05-05,11.411838596690673,20
2023-05-08,11.388619225158012,20
2023-05-09,11.251592207637229,20
2023-05-10,11.25719237788238,20
2023-05-11,11.350404295632217,20
2023-05-12,11.273321902286334,20
2023-05-15,11.351604661329388,20
2023-05-16,11.309001580158455,20
2023-05-17,11.373627932863853,20
2023-05-18,11.430556399033652,20
2023-05-19,11.468934842288489,20
2023-05-22,11.559307012396134,20
2023-05-23,11.498088545368928,20
2023-05-24,11.454087263042164,20
2023-05-25,11.41949793386658,20
2023-05-26,11.447723938937703,20
2023-05-29,11.400563244988964,20
2023-05-30,11.397473901784732,20
2023-05-31,11.339815035290691,20
2023-06-01,11.369490605771691,20
2023-06-02,11.451039620845114,20
2023-06-05,11.43110483103328,20
2023-06-06,11.259286864558574,20
2023-06-07,11.249703551399806,20
2023-06-08,11.22941090793442,20
2023-06-09,11.1934231022666,20
2023-06-12,11.263031199740809,20
2023-06-13,11.268918799473209,20
2023-06-14,11.252143561959864,20
2023-06-15,11.296639779507514,20
2023-06-16,11.335858471831898,20
2023-06-19,11.277436970916817,20
2023-06-20,11.225916069866303,20
2023-06-21,11.160752646075663,20
2023-06-26,11.072147265430763,20
2023-06-27,11.294872917596743,20
2023-06-28,11.325865085952847,20
2023-06-29,11.422464054395165,20
2023-06-30,11.501465951313474,20
2023-07-03,11.516904116966465,20
2023-07-04,11.552403924056634,20
2023-07-05,11.540943863397157,20
2023-07-06,11.534630171393427,20
2023-07-07,11.528382128540333,20
2023-07-10,11.53911721662613,20
2023-07-11,11.577527511612493,20
2023-07-12,11.557249316271024,20
2023-07-13,11.636163449394303,20
2023-07-14,11.687159726737965,20
2023-07-17,11.72559044500946,20
2023-07-18,11.784928207592646,20
2023-07-19,11.808010981823015,20
2023-07-20,11.756890937785498,20
2023-07-21,11.7335891697183,20
2023-07-24,11.729745761023949,20
2023-07-25,11.814854783572352,20
2023-07-26,11.816777437748193,20
2023-07-27,11.763370430932605,20
2023-07-28,11.828929428919736,20
2023-07-31,11.848613239839088,20
2023-08-01,11.845800445079682,20
2023-08-02,11.820625216991482,20
2023-08-03,11.842348668239516,20
2023-08-04,11.780164107765183,20
2023-08-07,11.672242999335237,20
2023-08-08,11.714668338408103,20
2023-08-09,11.702349979539223,20
2023-08-10,11.758525261104722,20
2023-08-11,11.761808396398568,20
2023-08-14,11.792175852851464,20
2023-08-15,11.745968560594427,20
2023-08-16,11.719813151101917,20
2023-08-17,11.755523647536004,20
2023-08-18,11.674642122775959,20
2023-08-21,11.690205132640767,20
2023-08-22,11.624468802171554,20
2023-08-23,11.497416733536241,20
2023-08-24,11.490695289362636,20
2023-08-25,11.37475743813073,20
2023-08-28,11.446942051664648,20
2023-08-29,11.63707808611312,20
2023-08-30,11.686358377729299,20
2023-08-31,11.691074664613188,20
2023-09-01,11.701507677104495,20
2023-09-04,11.752471234217207,20
2023-09-05,11.754661105263748,20
2023-09-06,11.74383685706322,20
2023-09-07,11.682482908144928,20
2023-09-08,11.67295713009324,20
2023-09-11,11.708185501677926,20
2023-09-12,11.70978804742756,20
2023-09-13,11.668467495684258,20
2023-09-14,11.64547915195169,20
2023-09-15,11.66688247655513,20
2023-09-18,11.71316078272349,20
2023-09-19,11.697243099261486,20
2023-09-20,11.691931784042275,20
2023-09-21,11.651098873653007,20
2023-09-22,11.70294017529771,20
2023-09-25,11.713935614206394,20
2023-09-26,11.685879775348692,20
2023-09-27,11.698199138730136,20
2023-09-28,11.727705069342468,20
2023-10-09,11.695668366874571,20
2023-10-10,11.676782482883782,20
2023-10-11,11.683793090771571,20
2023-10-12,11.700317688177027,20
2023-10-13,11.666964981703389,20
2023-10-16,11.645895511464879,20
2023-10-17,11.639855360074453,20
2023-10-18,11.578745754115966,20
2023-10-19,11.550706889090145,20
2023-10-20,11.524283319374785,20
2023-10-23,11.450674176513637,20
2023-10-24,11.524858069123564,20
2023-10-25,11.54620634643134,20
2023-10-26,11.560867903720975,20
2023-10-27,11.623508615687753,20
2023-10-30,11.662279523521262,20
2023-10-31,11.666098463404804,20
2023-11-01,11.661666264821951,20
2023-11-02,11.638387691970445,20
2023-11-03,11.655252862370045,20
2023-11-06,11.69665868509096,20
2023-11-07,11.692096816454828,20
2023-11-08,11.685744238498712,20
2023-11-09,11.692421938560427,20
2023-11-10,11.704472578599038,20
2023-11-13,11.719706455117032,20
2023-11-14,11.71442621374799,20
2023-11-15,11.738054391198718,20
2023-11-16,11.708420353827105,20
2023-11-17,11.730604204854885,20
2023-11-20,11.741830877151731,20
2023-11-21,11.737896890577245,20
2023-11-22,11.713579436317769,20
2023-11-23,11.740194732905413,20
2023-11-24,11.723457547934483,20
2023-11-27,11.71628269181847,20
2023-11-28,11.74053760107877,20
2023-11-29,11.718263639928626,20
2023-11-30,11.704398722850227,20
2023-12-01,11.703574197797959,20
2023-12-04,11.696139846498133,20
2023-12-05,11.630455608123267,20
2023-12-06,11.652632492916062,20
2023-12-07,11.63720932049517,20
2023-12-08,11.574702322014703,20
2023-12-11,11.606790078902062,20
2023-12-12,11.631359489617203,20
2023-12-13,11.60920438113975,20
2023-12-14,11.620900560883134,20
2023-12-15,11.609199538867683,20
2023-12-18,11.580622359141543,20
2023-12-19,11.585451321759223,20
2023-12-20,11.550088416803854,20
2023-12-21,11.589590591437464,20
2023-12-22,11.574383002367027,20
2023-12-25,11.56669225606774,20
2023-12-26,11.529811847030741,20
2023-12-27,11.548437637092722,20
2023-12-28,11.585259089358246,20
2023-12-29,11.62893503057372,20
2024-01-02,11.664966726838175,20
2024-01-03,11.673226098488028,20
2024-01-04,11.676970643018924,20
2024-01-05,11.642419225600033,20
2024-01-08,11.597539971032134,20
2024-01-09,11.610415760250747,20
2024-01-10,11.600996754112789,20
2024-01-11,11.624116887988478,20
2024-01-12,11.622759890822277,20
2024-01-15,11.635537454773624,20
2024-01-16,11.635082413263758,20
2024-01-17,11.5904516883393,20
2024-01-18,11.564064454747815,20
2024-01-19,11.540448167147726,20
2024-01-22,11.397079479344068,20
2024-01-23,11.412568584123267,20
2024-01-24,11.453626602957428,20
2024-01-25,11.529319209611517,20
2024-01-26,11.530852989809729,20
2024-01-29,11.49708240871934,20
2024-01-30,11.421872257533158,20
2024-01-31,11.355049307200261,20
2024-02-01,11.326742635360873,20
2024-02-02,11.22109122597126,20
2024-02-05,11.05642602935383,20
2024-02-06,11.085028612175035,20
2024-02-07,11.029676194840496,20
2024-02-08,11.205282855752326,20
2024-02-19,11.2911394091653,20
2024-02-20,11.300188897497822,20
2024-02-21,11.343362634268383,20
2024-02-22,11.383737192734948,20
2024-02-23,11.427497334758716,20
2024-02-26,11.462364929913562,20
2024-02-27,11.505760647319198,20
2024-02-28,11.377837530491048,20
2024-02-29,11.47040992838664,20
2024-03-01,11.50301607229794,20
2024-03-04,11.522230190568747,20
2024-03-05,11.47977398081477,20
2024-03-06,11.51853256182051,20
2024-03-07,11.502081725382686,20
2024-03-08,11.542348518394027,20
2024-03-11,11.587622981010522,20
2024-03-12,11.637946715703764,20
2024-03-13,11.64379966263712,20
2024-03-14,11.649775224380557,20
2024-03-15,11.700602234562272,20
2024-03-18,11.785835746765907,20
2024-03-19,11.796596294047653,20
2024-03-20,11.838076953135197,20
2024-03-21,11.837156352666055,20
2024-03-22,11.794865727027846,20
2024-03-25,11.730722744628832,20
2024-03-26,11.74913071112777,20
2024-03-27,11.699064662666803,20
2024-03-28,11.751097976331017,20
2024-03-29,11.773426670726401,20
2024-04-01,11.834311033610113,20
2024-04-02,11.85852485905902,20
2024-04-03,11.85517727153915,20
2024-04-08,11.798664813664967,20
2024-04-09,11.845574248663798,20
2024-04-10,11.787962761596468,20
2024-04-11,11.799329050947733,20
2024-04-12,11.811219924523625,20
2024-04-15,11.733010271159076,20
2024-04-16,11.57317726634096,20
2024-04-17,11.74619050980718,20
2024-04-18,11.783692556945262,20
2024-04-19,11.79736945254101,20
2024-04-22,11.76873168421718,20
2024-04-23,11.763995236704567,20
2024-04-24,11.8203654298393,20
2024-04-25,11.871892157533361,20
2024-04-26,11.87498775634617,20
2024-04-29,11.926417858497771,20
2024-04-30,11.976377557244668,20
2024-05-06,12.075191792158359,20
2024-05-07,12.09001972473512,20
2024-05-08,12.054215162875586,20
2024-05-09,12.093544190417887,20
2024-05-10,12.08103590992817,20
2024-05-13,12.081848267125057,20
2024-05-14,12.152614268839187,20
2024-05-15,12.135844745051223,20
2024-05-16,12.139303458645681,20
2024-05-17,12.14937291937978,20
2024-05-20,12.204570460814532,20
2024-05-21,12.189939552903,20
2024-05-22,12.1605111669554,20
2024-05-23,12.099649394024883,20
2024-05-24,12.070651304206688,20
2024-05-27,12.107134931382252,20
2024-05-28,12.065258288956723,20
2024-05-29,12.06936625244441,20
2024-05-30,12.044439320319894,20
2024-05-31,12.054003760757057,20
2024-06-03,12.01921468191598,20
2024-06-04,12.087767071920243,20
2024-06-05,11.994364739034213,20
2024-06-06,11.883921192713133,20
2024-06-07,11.96824572540119,20
2024-06-11,11.96626357639153,20
2024-06-12,12.017360959943352,20
2024-06-13,11.959909271218185,20
2024-06-14,11.965725084357297,20
2024-06-17,11.941623830697226,20
2024-06-18,11.954519094326919,20
2024-06-19,11.904493696905892,20
2024-06-20,11.824106830244709,20
2024-06-21,11.835302809048601,20
2024-06-24,11.688981903855607,20
2024-06-25,11.718476933595666,20
2024-06-26,11.804804137925064,20
2024-06-27,11.710636577564346,20
2024-06-28,11.7257801791764,20
