date,nav,num_held
2006-01-04,1.0,0
2006-01-05,1.0,0
2006-01-06,1.0,0
2006-01-09,1.0,0
2006-01-10,1.0,0
2006-01-11,1.0,0
2006-01-12,1.0,0
2006-01-13,1.0,0
2006-01-16,1.0,0
2006-01-17,1.0,0
2006-01-18,1.0,0
2006-01-19,1.0,0
2006-01-20,1.0,0
2006-01-23,1.0,0
2006-01-24,1.0,0
2006-01-25,1.0,0
2006-02-06,0.9995000949747064,0
2006-02-07,1.007330631266275,6
2006-02-08,1.015161806800765,6
2006-02-09,1.0005018945774087,6
2006-02-10,1.0237817644161393,6
2006-02-13,1.0390737651973383,6
2006-02-14,1.0395578024216925,6
2006-02-15,1.0311056080377816,6
2006-02-16,0.9790648511648439,6
2006-02-17,0.9654856589838393,6
2006-02-20,0.9510669976024364,6
2006-02-21,0.9774183485671056,6
2006-02-22,0.9803038008563317,6
2006-02-23,0.9787929198904171,6
2006-02-24,0.9887344297087375,6
2006-02-27,0.9831271558336813,6
2006-02-28,0.9796315514320388,6
2006-03-01,0.9877576320167275,6
2006-03-02,0.9587236519829252,8
2006-03-03,0.9536139176516395,8
2006-03-06,0.942693089675267,8
2006-03-07,0.9089341359589663,8
2006-03-08,0.9058622258538567,8
2006-03-09,0.9121611990878283,8
2006-03-10,0.9191796953890145,8
2006-03-13,0.9308600838744379,8
2006-03-14,0.9281906374495161,8
2006-03-15,0.9442325466339788,8
2006-03-16,0.9437044428412155,8
2006-03-17,0.9355125770297429,8
2006-03-20,0.9500417712946998,8
2006-03-21,0.9506360316616972,8
2006-03-22,0.9664394879574932,8
2006-03-23,0.973910999362867,8
2006-03-24,0.9602215100828488,8
2006-03-27,0.973445928914286,8
2006-03-28,0.9421929869444493,8
2006-03-29,0.9395243605285994,8
2006-03-30,0.9242591525312573,8
2006-03-31,0.9355612377032256,8
2006-04-03,0.9502661870962271,8
2006-04-04,0.9711515458478477,7
2006-04-05,0.980149437773031,7
2006-04-06,0.977063885438329,7
2006-04-07,0.9728965455418932,7
2006-04-10,1.016908180881335,7
2006-04-11,1.0259915505305903,7
2006-04-12,1.0164833704412166,7
2006-04-13,0.9782502432558796,7
2006-04-14,1.0141823236641978,7
2006-04-17,1.0295822395396634,7
2006-04-18,1.0147331211283739,7
2006-04-19,1.0160917459512555,7
2006-04-20,0.9910181524091638,7
2006-04-21,1.0018200007126838,7
2006-04-24,0.9877959876907952,7
2006-04-25,0.9739596224645538,7
2006-04-26,0.9872225257490616,7
2006-04-27,0.9820547540654767,7
2006-04-28,0.9939383186226038,7
2006-05-08,1.003971665579504,7
2006-05-09,1.0145820748127632,10
2006-05-10,1.0198957897775682,10
2006-05-11,1.0128094976943136,10
2006-05-12,1.0192989863012474,10
2006-05-15,1.0402899534768664,10
2006-05-16,1.0245626047816805,10
2006-05-17,1.0293001329015194,10
2006-05-18,1.0287392900363175,10
2006-05-19,1.0383067145052667,10
2006-05-22,1.0438654284768907,10
2006-05-23,1.0202622700678627,10
2006-05-24,1.0119932285672293,10
2006-05-25,1.0183516318968129,10
2006-05-26,1.0252012993283144,10
2006-05-29,1.0324907816720357,10
2006-05-30,1.0395346034938846,10
2006-05-31,1.0418451244522042,10
2006-06-01,1.0561658458366272,10
2006-06-02,1.054217901610179,20
2006-06-05,1.060198738345329,20
2006-06-06,1.0547388941405387,20
2006-06-07,1.030863341252847,20
2006-06-08,1.0324874643367272,20
2006-06-09,1.0260378595505886,20
2006-06-12,1.0279655159242795,20
2006-06-13,1.031195644840602,20
2006-06-14,1.0276956465311113,20
2006-06-15,1.0302946343834543,20
2006-06-16,1.0398672799787723,20
2006-06-19,1.0438372203320438,20
2006-06-20,1.0442795420753528,20
2006-06-21,1.0419637527617458,20
2006-06-22,1.0382469029893726,20
2006-06-23,1.0410004841891844,20
2006-06-26,1.047890641460783,20
2006-06-27,1.0473753491573103,20
2006-06-28,1.0455750490482278,20
2006-06-29,1.053771531724423,20
2006-06-30,1.0524558045348584,20
2006-07-03,1.058150536670473,20
2006-07-04,1.055018178688184,20
2006-07-05,1.0537327455201324,20
2006-07-06,1.0615734950563829,20
2006-07-07,1.0609477554099915,20
2006-07-10,1.063859936546398,20
2006-07-11,1.0664581355373552,20
2006-07-12,1.067383229682606,20
2006-07-13,1.048033276980638,20
2006-07-14,1.051522822294461,20
2006-07-17,1.0588297284312485,20
2006-07-18,1.0581498641870808,20
2006-07-19,1.0512785967212663,20
2006-07-20,1.052454857587316,20
2006-07-21,1.0540264109525308,20
2006-07-24,1.05079872323997,20
2006-07-25,1.0536367544112284,20
2006-07-26,1.054905191695064,20
2006-07-27,1.0538027496953781,20
2006-07-28,1.0495515658624366,20
2006-07-31,1.0232909274211341,20
2006-08-01,1.0171557933747941,20
2006-08-02,1.0159547536326248,20
2006-08-03,1.0171306123344586,20
2006-08-04,1.0023503467537593,20
2006-08-07,0.988296770131076,20
2006-08-08,0.9983866895271927,20
2006-08-09,0.9946358938180988,20
2006-08-10,1.0048463980716889,20
2006-08-11,1.007091611001664,20
2006-08-14,0.9966441646075643,20
2006-08-15,1.002766333226101,20
2006-08-16,1.0131764700934753,20
2006-08-17,1.0090038005604105,20
2006-08-18,1.010341130428463,20
2006-08-21,1.0168529602604672,20
2006-08-22,1.0206186299734092,20
2006-08-23,1.0194327260274103,20
2006-08-24,1.0238050981360345,20
2006-08-25,1.0251968849009392,20
2006-08-28,1.0344118959249977,20
2006-08-29,1.037288660799433,20
2006-08-30,1.0363039694152425,20
2006-08-31,1.0367151700950392,20
2006-09-01,1.0242723946382892,20
2006-09-04,1.0408138441892167,20
2006-09-05,1.0350053675499842,20
2006-09-06,1.040081565403668,20
2006-09-07,1.0327257561158438,20
2006-09-08,1.0338337590892828,20
2006-09-11,1.037098666522567,20
2006-09-12,1.0430257633146076,20
2006-09-13,1.033277678511231,20
2006-09-14,1.0298299985501198,20
2006-09-15,1.0393073195964737,20
2006-09-18,1.0485146247036277,20
2006-09-19,1.0552209574297504,20
2006-09-20,1.0561614988600811,20
2006-09-21,1.066298680577123,20
2006-09-22,1.0622574021888034,20
2006-09-25,1.061398359009654,20
2006-09-26,1.0557516316173534,20
2006-09-27,1.060213095340623,20
2006-09-28,1.0689595134509835,20
2006-09-29,1.073158088484808,20
2006-10-09,1.089699741342148,20
2006-10-10,1.0975850195433619,20
2006-10-11,1.1039538478092201,20
2006-10-12,1.0952835411346034,20
2006-10-13,1.095470627324401,20
2006-10-16,1.091241559948934,20
2006-10-17,1.092156531315606,20
2006-10-18,1.100387465447255,20
2006-10-19,1.1056726714188831,20
2006-10-20,1.0961460721854577,20
2006-10-23,1.076146038404816,20
2006-10-24,1.093334204810168,20
2006-10-25,1.088731834044224,20
2006-10-26,1.091369257774275,20
2006-10-27,1.0817839103876092,20
2006-10-30,1.089549990679592,20
2006-10-31,1.0934504210142129,20
2006-11-01,1.0989934985156486,20
2006-11-02,1.0912320100472492,20
2006-11-03,1.0872260286275597,20
2006-11-06,1.074940160934792,20
2006-11-07,1.0643617763588982,20
2006-11-08,1.0626352115564395,20
2006-11-09,1.06819546700128,20
2006-11-10,1.0558150498387204,20
2006-11-13,1.024601395986314,20
2006-11-14,1.02786463176444,20
2006-11-15,1.044272227348244,20
2006-11-16,1.031135064742179,20
2006-11-17,1.0338341785460197,20
2006-11-20,1.028721831375426,20
2006-11-21,1.0430310428632217,20
2006-11-22,1.0535420635484807,20
2006-11-23,1.0506032978484081,20
2006-11-24,1.0564759491586577,20
2006-11-27,1.0799284112294933,20
2006-11-28,1.07997242242001,20
2006-11-29,1.0948944782365995,20
2006-11-30,1.110179449866476,20
2006-12-01,1.1139151186635707,20
2006-12-04,1.1382222718555062,20
2006-12-05,1.1304858855096427,20
2006-12-06,1.1178669816744722,20
2006-12-07,1.1108039466184982,20
2006-12-08,1.0832203647188265,20
2006-12-11,1.1105225665047114,20
2006-12-12,1.1196249587248348,20
2006-12-13,1.1258606829407385,20
2006-12-14,1.1541737732157462,20
2006-12-15,1.1695955882546818,20
2006-12-18,1.188203641537513,20
2006-12-19,1.194304707822086,20
2006-12-20,1.2308353131233354,20
2006-12-21,1.2291262561485108,20
2006-12-22,1.213186830141685,20
2006-12-25,1.2197426457241873,20
2006-12-26,1.2080515114395218,20
2006-12-27,1.2177560309002167,20
2006-12-28,1.1943397620911755,20
2006-12-29,1.220952674778161,20
2007-01-04,1.2170166096518034,20
2007-01-05,1.2530574602198425,20
2007-01-08,1.2996245864585645,20
2007-01-09,1.3157824047284097,20
2007-01-10,1.3494027898870125,20
2007-01-11,1.3412411461479965,20
2007-01-12,1.3150920682206904,20
2007-01-15,1.3827192316830867,20
2007-01-16,1.430096070218883,20
2007-01-17,1.4403500095627066,20
2007-01-18,1.4780501977640985,20
2007-01-19,1.519139070414586,20
2007-01-22,1.5739894202092584,20
2007-01-23,1.5491973920001574,20
2007-01-24,1.5598241370966097,20
2007-01-25,1.4918871646441756,20
2007-01-26,1.5001002824204936,20
2007-01-29,1.5359064150293151,20
2007-01-30,1.5457686730984372,20
2007-01-31,1.4917251981767308,20
2007-02-01,1.5117311165212857,20
2007-02-02,1.5059565779127106,20
2007-02-05,1.504318470096547,20
2007-02-06,1.5229036288749285,20
2007-02-07,1.5431663063078842,20
2007-02-08,1.5546429123040135,20
2007-02-09,1.5591758990838367,20
2007-02-12,1.596766447717123,20
2007-02-13,1.6165520206911443,20
2007-02-14,1.6436806389666443,20
2007-02-15,1.6791139992807265,20
2007-02-16,1.6841415663429569,20
2007-02-26,1.6995368905179922,20
2007-02-27,1.583112941202452,20
2007-02-28,1.5979517687595557,20
2007-03-01,1.5485234629882747,20
2007-03-02,1.5615207805233045,20
2007-03-05,1.5608908671245239,20
2007-03-06,1.5738394646750682,20
2007-03-07,1.6036017000424048,20
2007-03-08,1.6220583250504446,20
2007-03-09,1.6161510701436332,20
2007-03-12,1.6134931986958017,20
2007-03-13,1.6169107140271504,20
2007-03-14,1.6079204363159307,20
2007-03-15,1.6288637333584133,20
2007-03-16,1.6251510775506866,20
2007-03-19,1.6343365499487903,20
2007-03-20,1.6428087037448973,20
2007-03-21,1.6626576905506367,20
2007-03-22,1.6646164074731606,20
2007-03-23,1.6671145166116326,20
2007-03-26,1.693055771028113,20
2007-03-27,1.704658846513449,20
2007-03-28,1.6895842001069996,20
2007-03-29,1.669880932150695,20
2007-03-30,1.6758967678268117,20
2007-04-02,1.6915222485299528,20
2007-04-03,1.697606012800859,20
2007-04-04,1.7185106448847887,20
2007-04-05,1.726475095378242,20
2007-04-06,1.743201911528281,20
2007-04-09,1.761622459544219,20
2007-04-10,1.7795337679236711,20
2007-04-11,1.7901399563132037,20
2007-04-12,1.808646909730398,20
2007-04-13,1.8062436229867211,20
2007-04-16,1.8360485764804702,20
2007-04-17,1.8476407590243171,20
2007-04-18,1.858642615380545,20
2007-04-19,1.7995358422447687,20
2007-04-20,1.8514741482487862,20
2007-04-23,1.8751013726093926,20
2007-04-24,1.8745387457069251,20
2007-04-25,1.8625488543152415,20
2007-04-26,1.8727709989201775,20
2007-04-27,1.8545694221779423,20
2007-04-30,1.8484152948488217,20
2007-05-08,1.881377128483436,20
2007-05-09,1.8580199270650437,20
2007-05-10,1.8644968216124196,20
2007-05-11,1.8551139539180737,20
2007-05-14,1.860923411229571,20
2007-05-15,1.8484530514837938,20
2007-05-16,1.8710652716249774,20
2007-05-17,1.8896958945307352,20
2007-05-18,1.901806957394623,20
2007-05-21,1.9258260409051433,20
2007-05-22,1.9439445359656304,20
2007-05-23,1.9705539464189528,20
2007-05-24,1.9502938270360135,20
2007-05-25,1.9669335026824266,20
2007-05-28,2.0029707506967407,20
2007-05-29,2.0352632212452053,20
2007-05-30,1.935763861455756,20
2007-05-31,1.9548902672278792,20
2007-06-01,1.9274664334528213,20
2007-06-04,1.8248539650815403,20
2007-06-05,1.8547802527840274,20
2007-06-06,1.8785561447653825,20
2007-06-07,1.9405982284201757,20
2007-06-08,1.9493460441809103,20
2007-06-11,1.980105091728044,20
2007-06-12,2.0066608657837763,20
2007-06-13,2.04124694710551,20
2007-06-14,2.0277410213379126,20
2007-06-15,2.069178732056141,20
2007-06-18,2.1119576923295,20
2007-06-19,2.112360378451535,20
2007-06-20,2.0668119547982244,20
2007-06-21,2.0632571085224813,20
2007-06-22,1.9898432743516545,20
2007-06-25,1.9196683860412056,20
2007-06-26,1.9740566513443651,20
2007-06-27,2.0028503893597316,20
2007-06-28,1.9240219258756934,20
2007-06-29,1.8851858869295455,20
2007-07-02,1.9027724849957104,20
2007-07-03,1.9292529828692224,20
2007-07-04,1.898592246082373,20
2007-07-05,1.8350661559724508,20
2007-07-06,1.8907176550004638,20
2007-07-09,1.9201902209640662,20
2007-07-10,1.8854029119918378,20
2007-07-11,1.8965180820955043,20
2007-07-12,1.9034714416785412,20
2007-07-13,1.907634026259961,20
2007-07-16,1.8917262402710568,20
2007-07-17,1.9141736258487705,20
2007-07-18,1.9195562735508038,20
2007-07-19,1.9229382416200447,20
2007-07-20,1.9599692027286966,20
2007-07-23,2.0040880646815076,20
2007-07-24,2.000371431877023,20
2007-07-25,2.0250161386330063,20
2007-07-26,2.0315691279030186,20
2007-07-27,2.058385221464684,20
2007-07-30,2.0788628631572044,20
2007-07-31,2.0913852853271813,20
2007-08-01,2.0367324888349954,20
2007-08-02,2.076711253250318,20
2007-08-03,2.0930390189429837,20
2007-08-06,2.094221556563489,20
2007-08-07,2.0945432572811478,20
2007-08-08,2.0694484173300767,20
2007-08-09,2.0742792928860525,20
2007-08-10,2.042847373344725,20
2007-08-13,2.0402798114322414,20
2007-08-14,2.0707445040150185,20
2007-08-15,2.064639537082584,20
2007-08-16,2.066114399082686,20
2007-08-17,2.063003379895118,20
2007-08-20,2.102267186220219,20
2007-08-21,2.0995712326306286,20
2007-08-22,2.103707497132202,20
2007-08-23,2.114738806895829,20
2007-08-24,2.1231040745952137,20
2007-08-27,2.1047956699234946,20
2007-08-28,2.090470695765876,20
2007-08-29,2.0883496352677957,20
2007-08-30,2.1189827567451465,20
2007-08-31,2.132432826477443,20
2007-09-03,2.145785292989828,20
2007-09-04,2.140471076474587,20
2007-09-05,2.1398967331409224,20
2007-09-06,2.1453947180675876,20
2007-09-07,2.1175527762629054,20
2007-09-10,2.1356766323277987,20
2007-09-11,2.0622417571316904,20
2007-09-12,2.066343744748626,20
2007-09-13,2.0795079058872674,20
2007-09-14,2.0851428547688453,20
2007-09-17,2.0938763863129326,20
2007-09-18,2.0965643503582645,20
2007-09-19,2.0773917767803063,20
2007-09-20,2.078125911412417,20
2007-09-21,2.063526048822017,20
2007-09-24,2.0623339996878314,20
2007-09-25,2.056850362134467,20
2007-09-26,2.0499887265384067,20
2007-09-27,2.0665221853918174,20
2007-09-28,2.087092063039093,20
2007-10-08,2.0903171078554665,20
2007-10-09,2.1034145928635573,20
2007-10-10,2.0949741727711233,20
2007-10-11,2.085643433188963,20
2007-10-12,2.0522484189532864,20
2007-10-15,2.061689429175573,20
2007-10-16,2.076011282733892,20
2007-10-17,2.080868853599397,20
2007-10-18,2.063497157930847,20
2007-10-19,2.0635740571419547,20
2007-10-22,2.0428541987971447,20
2007-10-23,2.0473110081713957,20
2007-10-24,2.027172229116958,20
2007-10-25,1.9471538327800493,20
2007-10-26,1.9402667767773467,20
2007-10-29,1.94427538546732,20
2007-10-30,1.9640741463823572,20
2007-10-31,2.008217813394215,20
2007-11-01,1.9737853604538231,20
2007-11-02,1.94668154822419,20
2007-11-05,1.9794417015456267,20
2007-11-06,1.9835513569359837,20
2007-11-07,1.9686998166095204,20
2007-11-08,1.9364337910697649,20
2007-11-09,1.935217049853449,20
2007-11-12,1.923368086322286,20
2007-11-13,1.9284130212824644,20
2007-11-14,1.9612221814824533,20
2007-11-15,1.949681377323887,20
2007-11-16,1.9555287662199623,20
2007-11-19,2.0013502766492843,20
2007-11-20,2.017119801960379,20
2007-11-21,2.020597829244352,20
2007-11-22,1.9822125476822663,20
2007-11-23,1.9879160455289262,20
2007-11-26,1.982916037875585,20
2007-11-27,1.9669103761021982,20
2007-11-28,1.9625260839172065,20
2007-11-29,1.991504661421854,20
2007-11-30,1.9778576339022331,20
2007-12-03,1.9851967912200306,20
2007-12-04,1.9923026932287786,20
2007-12-05,2.007319836284794,20
2007-12-06,2.0046837028598072,20
2007-12-07,2.0179042455560774,20
2007-12-10,2.049740239051156,20
2007-12-11,2.0556727607904586,20
2007-12-12,2.0743312614728033,20
2007-12-13,2.0604497463317313,20
2007-12-14,2.0716182927438993,20
2007-12-17,2.0912557412057526,20
2007-12-18,2.0739265477219027,20
2007-12-19,2.092234669887349,20
2007-12-20,2.1030213471513615,20
2007-12-21,2.117763583511984,20
2007-12-24,2.1362141688302922,20
2007-12-25,2.1588773448668226,20
2007-12-26,2.190120484585498,20
2007-12-27,2.2016406254509877,20
2007-12-28,2.210872920012662,20
2008-01-02,2.2755885146280415,20
2008-01-03,2.2947380162120448,20
2008-01-04,2.2891481912316842,20
2008-01-07,2.3113972167310943,20
2008-01-08,2.2762687921520133,20
2008-01-09,2.3203795390905726,20
2008-01-10,2.3124236380692667,20
2008-01-11,2.323266740235351,20
2008-01-14,2.3389020374512475,20
2008-01-15,2.369673101542748,20
2008-01-16,2.365203063214418,20
2008-01-17,2.343715486071081,20
2008-01-18,2.347510411525943,20
2008-01-21,2.2918519625803375,20
2008-01-22,2.1674581805749358,20
2008-01-23,2.2267240703843365,20
2008-01-24,2.2622021673176183,20
2008-01-25,2.26335691992888,20
2008-01-28,2.1636271755986645,20
2008-01-29,2.177650520925382,20
2008-01-30,2.2014099969996983,20
2008-01-31,2.1751214879504652,20
2008-02-01,2.1227395312888224,20
2008-02-04,2.2058131834102306,20
2008-02-05,2.195793603216539,20
2008-02-13,2.184614849085439,20
2008-02-14,2.207451358287018,20
2008-02-15,2.2084543687734315,20
2008-02-18,2.258018391672235,20
2008-02-19,2.274770749291328,20
2008-02-20,2.26275680506346,20
2008-02-21,2.2689696786074194,20
2008-02-22,2.2320617126534397,20
2008-02-25,2.1961606840592935,20
2008-02-26,2.1890592049232134,20
2008-02-27,2.2011733715113926,20
2008-02-28,2.2109219373199656,20
2008-02-29,2.2198461060304373,20
2008-03-03,2.249352084356166,20
2008-03-04,2.2408160605326803,20
2008-03-05,2.2341677815152994,20
2008-03-06,2.238308206232423,20
2008-03-07,2.221725803752871,20
2008-03-10,2.188051790668688,20
2008-03-11,2.191874672536086,20
2008-03-12,2.17109555968586,20
2008-03-13,2.139980078286578,20
2008-03-14,2.1365766169287643,20
2008-03-17,2.0709425193494115,20
2008-03-18,2.002375512066533,20
2008-03-19,2.0428244297231477,20
2008-03-20,2.081036206930164,20
2008-03-21,2.0807218262355556,20
2008-03-24,2.060376688138316,20
2008-03-25,2.078322909613565,20
2008-03-26,2.0773978691214974,20
2008-03-27,2.0350695809299992,20
2008-03-28,2.0578034115594677,20
2008-03-31,2.0385410740108982,20
2008-04-01,1.9933743776323765,20
2008-04-02,1.9621215788919897,20
2008-04-03,1.971287598485922,20
2008-04-07,1.9995030230107493,20
2008-04-08,2.0077184807969193,20
2008-04-09,1.9869200637360107,20
2008-04-10,1.992933921333193,20
2008-04-11,2.003353483447251,20
2008-04-14,1.9683093406425374,20
2008-04-15,1.9795431258151948,20
2008-04-16,1.974964637079889,20
2008-04-17,1.962613623050636,20
2008-04-18,1.9349203499081467,20
2008-04-21,1.9272756380259053,20
2008-04-22,1.9145503361194685,20
2008-04-23,1.9393323163979297,20
2008-04-24,1.9853719981724383,20
2008-04-25,1.9879205298761105,20
2008-04-28,1.9850696413994906,20
2008-04-29,1.9885046848751036,20
2008-04-30,2.007809845594605,20
2008-05-05,2.021872256856724,20
2008-05-06,2.0201376019233224,20
2008-05-07,1.9996891131066046,20
2008-05-08,2.0131277541802195,20
2008-05-09,2.013729330892413,20
2008-05-12,2.022282578548875,20
2008-05-13,2.0319842280776017,20
2008-05-14,2.04589229356203,20
2008-05-15,2.0420561182852914,20
2008-05-16,2.038135623663189,20
2008-05-19,2.038558844226383,20
2008-05-20,2.0116354809952615,20
2008-05-21,2.021792473221375,20
2008-05-22,2.011813639076416,20
2008-05-23,2.010811628982143,20
2008-05-26,1.9983662327677265,20
2008-05-27,2.0011436144670793,20
2008-05-28,2.0122653911106716,20
2008-05-29,2.0032274762616806,20
2008-05-30,2.0102776609753503,20
2008-06-02,2.0134853798188286,20
2008-06-03,2.0131643136091766,20
2008-06-04,2.0108889515727495,20
2008-06-05,2.017440687921055,20
2008-06-06,2.022140851027241,20
2008-06-10,1.9830131964609738,20
2008-06-11,1.971029808353861,20
2008-06-12,1.970452220896345,20
2008-06-13,1.9594802901508719,20
2008-06-16,1.9551613915739665,20
2008-06-17,1.9532244767672104,20
2008-06-18,1.969392335827548,20
2008-06-19,1.9325491834743371,20
2008-06-20,1.929513525076048,20
2008-06-23,1.9092586993518452,20
2008-06-24,1.91473171557192,20
2008-06-25,1.9370657082806273,20
2008-06-26,1.9463829735750293,20
2008-06-27,1.9185245872261043,20
2008-06-30,1.9210195731065762,20
2008-07-01,1.9130533936737573,20
2008-07-02,1.9196241550953372,20
2008-07-03,1.9354000573068142,20
2008-07-04,1.932361906555592,20
2008-07-07,1.9475560941062797,20
2008-07-08,1.951709163357952,20
2008-07-09,1.9604372800361949,20
2008-07-10,1.952580360784621,20
2008-07-11,1.946625881614766,20
2008-07-14,1.9551435923024711,20
2008-07-15,1.9446531143774743,20
2008-07-16,1.931475510614156,20
2008-07-17,1.9312991037263414,20
2008-07-18,1.9370083626681132,20
2008-07-21,1.949036088364481,20
2008-07-22,1.9501433799668029,20
2008-07-23,1.943254862407892,20
2008-07-24,1.950537772139422,20
2008-07-25,1.9491222421822478,20
2008-07-28,1.9543011218962598,20
2008-07-29,1.9472006329310987,20
2008-07-30,1.944105301527273,20
2008-07-31,1.9311117068343382,20
2008-08-01,1.9323942347816379,20
2008-08-04,1.9240190681927796,20
2008-08-05,1.9178158854463663,20
2008-08-06,1.9168751604446128,20
2008-08-07,1.9169932365823525,20
2008-08-08,1.8944994535347857,20
2008-08-11,1.872803901834655,20
2008-08-12,1.8744908844827408,20
2008-08-13,1.8759070981189279,20
2008-08-14,1.8768439146308484,20
2008-08-15,1.8756766545581567,20
2008-08-18,1.852057110419143,20
2008-08-19,1.8527703534252018,20
2008-08-20,1.8801559989709948,20
2008-08-21,1.866945795469405,20
2008-08-22,1.8584662107546774,20
2008-08-25,1.8541892440543462,20
2008-08-26,1.8397932980867944,20
2008-08-27,1.832163390067473,20
2008-08-28,1.8313054634001626,20
2008-08-29,1.8383904279307268,20
2008-09-01,1.8258949047804784,20
2008-09-02,1.8222333956497416,16
2008-09-03,1.8143056468187773,16
2008-09-04,1.819054015340459,16
2008-09-05,1.8070477676381254,16
2008-09-08,1.7944770598121753,16
2008-09-09,1.7967463757376416,16
2008-09-10,1.7960179144161812,16
2008-09-11,1.7900657113852205,16
2008-09-12,1.7904997666326519,16
2008-09-16,1.7866780962867252,16
2008-09-17,1.7844677543857281,16
2008-09-18,1.7807268124206073,16
2008-09-19,1.8147993617806981,16
2008-09-22,1.820991643402129,16
2008-09-23,1.7948965217824775,16
2008-09-24,1.7984907100465315,16
2008-09-25,1.8075053825800889,16
2008-09-26,1.809516572184143,16
2008-10-06,1.794060217259151,16
2008-10-07,1.7958092980790343,20
2008-10-08,1.7894311886941088,20
2008-10-09,1.7885086714863516,20
2008-10-10,1.7730378919872467,20
2008-10-13,1.7752898497401057,20
2008-10-14,1.7686316438376357,20
2008-10-15,1.766521707699501,20
2008-10-16,1.7484295187008712,20
2008-10-17,1.7504395667894415,20
2008-10-20,1.7594313181809182,20
2008-10-21,1.7590604240523813,20
2008-10-22,1.7516687784940748,20
2008-10-23,1.7534974042212803,20
2008-10-24,1.7523653420120737,20
2008-10-27,1.7313621157118055,20
2008-10-28,1.7384502333792258,20
2008-10-29,1.729204066233194,20
2008-10-30,1.7307305514391036,20
2008-10-31,1.7243437037456815,20
2008-11-03,1.7157392456256457,20
2008-11-04,1.715426664683012,8
2008-11-05,1.7215222173731042,8
2008-11-06,1.7163439498711242,8
2008-11-07,1.716156509605324,8
2008-11-10,1.7361634848925755,8
2008-11-11,1.7343554954255016,8
2008-11-12,1.7377104205798826,8
2008-11-13,1.752976701363802,8
2008-11-14,1.7660016676187904,8
2008-11-17,1.782180546702046,8
2008-11-18,1.7644912189301003,8
2008-11-19,1.7880742755956267,8
2008-11-20,1.7911119902292056,8
2008-11-21,1.7870765545562655,8
2008-11-24,1.7823866520656106,8
2008-11-25,1.7787807679678858,8
2008-11-26,1.7799134936277237,8
2008-11-27,1.7886490486597117,8
2008-11-28,1.7976115135597779,8
2008-12-01,1.8064753611182303,8
2008-12-02,1.812664544343511,20
2008-12-03,1.8213014181630318,20
2008-12-04,1.8195104168937035,20
2008-12-05,1.8252909231568295,20
2008-12-08,1.8378269647425158,20
2008-12-09,1.8305715211549136,20
2008-12-10,1.8377860967344741,20
2008-12-11,1.8282813289689088,20
2008-12-12,1.8135985878562706,20
2008-12-15,1.8234214535987006,20
2008-12-16,1.8317455456461214,20
2008-12-17,1.8358247629582967,20
2008-12-18,1.8417754679085205,20
2008-12-19,1.850290329972932,20
2008-12-22,1.8549118964503803,20
2008-12-23,1.838614101409481,20
2008-12-24,1.836672252804284,20
2008-12-25,1.8400230233280193,20
2008-12-26,1.838220304699475,20
2008-12-29,1.8379893323396337,20
2008-12-30,1.8423205069396351,20
2008-12-31,1.8411955209473305,20
2009-01-05,1.8502267636606973,20
2009-01-06,1.855224867054342,20
2009-01-07,1.8560475267074965,20
2009-01-08,1.8519338153114815,20
2009-01-09,1.8665758268743569,20
2009-01-12,1.8689370704587154,20
2009-01-13,1.8528912995208724,20
2009-01-14,1.864826821491161,20
2009-01-15,1.867263385639153,20
2009-01-16,1.8639043437149785,20
2009-01-19,1.8612440919630773,20
2009-01-20,1.8656771530911445,20
2009-01-21,1.8638231940889936,20
2009-01-22,1.867069518968436,20
2009-01-23,1.8653329529792604,20
2009-02-02,1.8734023219496052,20
2009-02-03,1.8805441478096416,20
2009-02-04,1.8839737027547905,20
2009-02-05,1.8817648869760089,20
2009-02-06,1.8968196101748207,20
2009-02-09,1.9076631261229,20
2009-02-10,1.9200606698623113,20
2009-02-11,1.9134471800592099,20
2009-02-12,1.9191472501941598,20
2009-02-13,1.931148676895575,20
2009-02-16,1.9314660756422641,20
2009-02-17,1.9200721039101643,20
2009-02-18,1.9054052317215728,20
2009-02-19,1.9179185437531794,20
2009-02-20,1.931276532915184,20
2009-02-23,1.941982602127991,20
2009-02-24,1.9234294392378501,20
2009-02-25,1.9328060287967201,20
2009-02-26,1.9022407076006966,20
2009-02-27,1.8749696425910505,20
2009-03-02,1.8832520181206223,20
2009-03-03,1.8898701108181448,20
2009-03-04,1.9327801225513144,20
2009-03-05,1.939291432783116,20
2009-03-06,1.9368661247470658,20
2009-03-09,1.9084206447586878,20
2009-03-10,1.9306847159096945,20
2009-03-11,1.931969965999865,20
2009-03-12,1.9369849913222383,20
2009-03-13,1.9486341358914614,20
2009-03-16,1.9621733149394653,20
2009-03-17,1.9852304046313773,20
2009-03-18,1.9902588361812967,20
2009-03-19,2.0035737309694754,20
2009-03-20,1.9928496956417312,20
2009-03-23,2.0095379249924052,20
2009-03-24,2.019050957181675,20
2009-03-25,1.9958837363965698,20
2009-03-26,2.0081520462800624,20
2009-03-27,2.002824844443012,20
2009-03-30,2.017165867529255,20
2009-03-31,2.031662726840884,20
2009-04-01,2.046316981802371,20
2009-04-02,2.0629379423256236,20
2009-04-03,2.075921471226371,20
2009-04-07,2.1025172977495505,20
2009-04-08,2.0786620530787516,20
2009-04-09,2.10573422331543,20
2009-04-10,2.1358294778510856,20
2009-04-13,2.164238801597225,20
2009-04-14,2.2134700415375343,20
2009-04-15,2.2374312650627415,20
2009-04-16,2.230554475727015,20
2009-04-17,2.188103914772758,20
2009-04-20,2.2043201485224087,20
2009-04-21,2.1949049391434783,20
2009-04-22,2.1474986474582853,20
2009-04-23,2.17126012067751,20
2009-04-24,2.166743409205758,20
2009-04-27,2.132317475056493,20
2009-04-28,2.1371463257936285,20
2009-04-29,2.153174467467391,20
2009-04-30,2.1594416433400343,20
2009-05-04,2.1973109095608128,20
2009-05-05,2.2112750689722422,20
2009-05-06,2.225834340444428,20
2009-05-07,2.2156124164661106,20
2009-05-08,2.203248562747656,20
2009-05-11,2.158438826483591,20
2009-05-12,2.187348962752072,20
2009-05-13,2.200830588477709,20
2009-05-14,2.2068417018390862,20
2009-05-15,2.2010819249998876,20
2009-05-18,2.203292869239859,20
2009-05-19,2.208447408842988,20
2009-05-20,2.200115244199556,20
2009-05-21,2.177224346969899,20
2009-05-22,2.1867491322514314,20
2009-05-25,2.1860426578168233,20
2009-05-26,2.1999384942288227,20
2009-05-27,2.1984036500682755,20
2009-06-01,2.2170442469575855,20
2009-06-02,2.2114782911540374,20
2009-06-03,2.211393173810658,20
2009-06-04,2.204294310369587,20
2009-06-05,2.194467560738963,20
2009-06-08,2.1924730587507595,20
2009-06-09,2.190527800003102,20
2009-06-10,2.2117295918563036,20
2009-06-11,2.211766318741702,20
2009-06-12,2.1906872587717876,20
2009-06-15,2.2044150445615345,20
2009-06-16,2.1984668920026817,20
2009-06-17,2.202617795226573,20
2009-06-18,2.210565669207954,20
2009-06-19,2.2234649481677113,20
2009-06-22,2.215945085795718,20
2009-06-23,2.221646733882584,20
2009-06-24,2.233148846063106,20
2009-06-25,2.253378173987181,20
2009-06-26,2.2583213029730684,20
2009-06-29,2.2477674673800574,20
2009-06-30,2.2341749652910132,20
2009-07-01,2.222486468343287,20
2009-07-02,2.2253333567291604,20
2009-07-03,2.231328418810766,20
2009-07-06,2.22531263016283,20
2009-07-07,2.271933883828769,20
2009-07-08,2.2996165882367934,20
2009-07-09,2.3610571304372368,20
2009-07-10,2.3519315670424192,20
2009-07-13,2.3723315412951687,20
2009-07-14,2.4087293217239716,20
2009-07-15,2.441399605345517,20
2009-07-16,2.422889217633046,20
2009-07-17,2.453470163610959,20
2009-07-20,2.492318602425936,20
2009-07-21,2.450928212593581,20
2009-07-22,2.4642370516845955,20
2009-07-23,2.4687669909169716,20
2009-07-24,2.463268809055832,20
2009-07-27,2.4740875365647637,20
2009-07-28,2.492388693863091,20
2009-07-29,2.431080995130593,20
2009-07-30,2.457035190588701,20
2009-07-31,2.4980091126086976,20
2009-08-03,2.5264819958718987,20
2009-08-04,2.5288220699448325,20
2009-08-05,2.5478861055268833,20
2009-08-06,2.535075231866175,20
2009-08-07,2.491439857759576,20
2009-08-10,2.50933663343006,20
2009-08-11,2.5182691738948395,20
2009-08-12,2.4091161698545616,20
2009-08-13,2.4104063451750406,20
2009-08-14,2.3306542679865547,20
2009-08-17,2.2275096074214935,20
2009-08-18,2.2602063033519695,20
2009-08-19,2.1972237183204215,20
2009-08-20,2.258202037741701,20
2009-08-21,2.3272830739626684,20
2009-08-24,2.377525063922504,20
2009-08-25,2.3470095164657647,20
2009-08-26,2.3883257816428944,20
2009-08-27,2.394156903088061,20
2009-08-28,2.380049927350426,20
2009-08-31,2.272945553645621,20
2009-09-01,2.24866482125615,20
2009-09-02,2.280781033890313,20
2009-09-03,2.3425288841411818,20
2009-09-04,2.36434227600879,20
2009-09-07,2.3873193433801685,20
2009-09-08,2.3908710188821503,20
2009-09-09,2.410661180422184,20
2009-09-10,2.393761066684283,20
2009-09-11,2.411233514401724,20
2009-09-14,2.4471618018436185,20
2009-09-15,2.4758658783610032,20
2009-09-16,2.480521660356121,20
2009-09-17,2.53754353422596,20
2009-09-18,2.484015829892809,20
2009-09-21,2.517800001978253,20
2009-09-22,2.5014095668496785,20
2009-09-23,2.4771556558399483,20
2009-09-24,2.449594491925157,20
2009-09-25,2.4545758927363144,20
2009-09-28,2.418777565584228,20
2009-09-29,2.381480055337274,20
2009-09-30,2.400230107150137,20
2009-10-09,2.4575605117837145,20
2009-10-12,2.472110831411055,19
2009-10-13,2.4822179311202497,19
2009-10-14,2.484812349620325,19
2009-10-15,2.5070814407927844,19
2009-10-16,2.5142806496192955,19
2009-10-19,2.5315389929014436,19
2009-10-20,2.550927367272786,19
2009-10-21,2.5373617162495528,19
2009-10-22,2.5503256394917426,19
2009-10-23,2.5793003075424545,19
2009-10-26,2.5993932899401515,19
2009-10-27,2.597031723886649,19
2009-10-28,2.619269769601034,19
2009-10-29,2.60342641192539,19
2009-10-30,2.6086193905343382,19
2009-11-02,2.6428829186486835,19
2009-11-03,2.666418456708788,20
2009-11-04,2.6868019137914145,20
2009-11-05,2.705245078260254,20
2009-11-06,2.7135439886532664,20
2009-11-09,2.7320510886920335,20
2009-11-10,2.723022698941739,20
2009-11-11,2.7301958270338926,20
2009-11-12,2.744720235056844,20
2009-11-13,2.7645752854424286,20
2009-11-16,2.8053081625795726,20
2009-11-17,2.82207073631631,20
2009-11-18,2.83318497399187,20
2009-11-19,2.8506167968262703,20
2009-11-20,2.8640112437243563,20
2009-11-23,2.883085363267772,20
2009-11-24,2.786621358680144,20
2009-11-25,2.8419573470929755,20
2009-11-26,2.754434741980436,20
2009-11-27,2.7504551382531606,20
2009-11-30,2.821125727657802,20
2009-12-01,2.8726211758394933,20
2009-12-02,2.911201967251509,20
2009-12-03,2.9252747758742434,20
2009-12-04,2.859508033852644,20
2009-12-07,2.909702990699157,20
2009-12-08,2.9159842919136523,20
2009-12-09,2.898847967862924,20
2009-12-10,2.9384491420025185,20
2009-12-11,2.941080530335764,20
2009-12-14,2.9388632707018414,20
2009-12-15,2.9417336981500903,20
2009-12-16,2.9197781067678155,20
2009-12-17,2.865685855314161,20
2009-12-18,2.8233380978237435,20
2009-12-21,2.855281088589255,20
2009-12-22,2.8335958533591348,20
2009-12-23,2.87345088778417,20
2009-12-24,2.942480303469797,20
2009-12-25,2.9523967454175426,20
2009-12-28,2.9754969023870648,20
2009-12-29,2.9984562278609563,20
2009-12-30,2.9828098636168208,20
2009-12-31,3.016518772939618,20
2010-01-04,3.043914327743434,20
2010-01-05,3.076960254884968,20
2010-01-06,3.0589418736741725,20
2010-01-07,3.0337931638476947,20
2010-01-08,3.050307931025475,20
2010-01-11,3.099709329270028,20
2010-01-12,3.158674991137896,20
2010-01-13,3.1594862755548414,20
2010-01-14,3.209357241313274,20
2010-01-15,3.245231519039838,20
2010-01-18,3.284961656223093,20
2010-01-19,3.264789693718252,20
2010-01-20,3.1742420320728906,20
2010-01-21,3.1747054078609485,20
2010-01-22,3.12933210683191,20
2010-01-25,3.0961975722987316,20
2010-01-26,3.029401164994796,20
2010-01-27,3.0368192381846626,20
2010-01-28,3.063578321836721,20
2010-01-29,3.0959059693798823,20
2010-02-01,3.080756653423349,20
2010-02-02,3.06627423710801,20
2010-02-03,3.071941419998255,20
2010-02-04,3.0665047438320716,20
2010-02-05,3.017494888184428,20
2010-02-08,3.017766247941332,20
2010-02-09,3.0286599346708374,20
2010-02-10,3.0609331911370603,20
2010-02-11,3.060265138575164,20
2010-02-12,3.091375492857823,20
2010-02-22,3.0860096925349794,20
2010-02-23,3.071801354125157,20
2010-02-24,3.1382700523514964,20
2010-02-25,3.175918939878895,20
2010-02-26,3.1894788271366794,20
2010-03-01,3.205746223334534,20
2010-03-02,3.1961044144007547,20
2010-03-03,3.203684664406233,20
2010-03-04,3.157556522589657,20
2010-03-05,3.1712477720369483,20
2010-03-08,3.179914648271703,20
2010-03-09,3.1738368409707323,20
2010-03-10,3.143407772586613,20
2010-03-11,3.1369462879563255,20
2010-03-12,3.110897546804309,20
2010-03-15,3.097761711355153,20
2010-03-16,3.103211147193536,20
2010-03-17,3.1559977331693707,20
2010-03-18,3.1542391341256013,20
2010-03-19,3.1548988040518076,20
2010-03-22,3.1609770806284687,20
2010-03-23,3.1745085957048977,20
2010-03-24,3.199610512615287,20
2010-03-25,3.1862503100558555,20
2010-03-26,3.192462012616594,20
2010-03-29,3.191687387181426,20
2010-03-30,3.2048828459808023,20
2010-03-31,3.2305432572707224,20
2010-04-01,3.2689538756702436,20
2010-04-02,3.275763149114934,20
2010-04-06,3.279472695155391,20
2010-04-07,3.29101817232033,20
2010-04-08,3.2981522507886383,20
2010-04-09,3.3430207825863207,20
2010-04-12,3.385029860290424,20
2010-04-13,3.3553289120096683,20
2010-04-14,3.370305248271916,20
2010-04-15,3.344872305250059,20
2010-04-16,3.35016964343113,20
2010-04-19,3.2927060519510354,20
2010-04-20,3.3628852644706555,20
2010-04-21,3.4322177442364667,20
2010-04-22,3.4618581863201525,20
2010-04-23,3.442896602839364,20
2010-04-26,3.4287975392920136,20
2010-04-27,3.37442787175198,20
2010-04-28,3.3641710871132986,20
2010-04-29,3.311199480067601,20
2010-04-30,3.266696235458004,20
2010-05-04,3.2760384150043453,20
2010-05-05,3.3454906552532866,20
2010-05-06,3.2923750626212915,20
2010-05-07,3.248142874732692,20
2010-05-10,3.1798051688879614,20
2010-05-11,3.1206167172927946,20
2010-05-12,3.0770284162649317,20
2010-05-13,3.133406307665229,20
2010-05-14,3.147806259252123,20
2010-05-17,3.052795957509891,20
2010-05-18,3.083327303854952,20
2010-05-19,3.1048544171105443,20
2010-05-20,3.098738280787863,20
2010-05-21,3.154551167672023,20
2010-05-24,3.230332796804021,20
2010-05-25,3.2168134015279173,20
2010-05-26,3.2106318183300537,20
2010-05-27,3.2462756750269293,20
2010-05-28,3.2549446925280074,20
2010-05-31,3.232859518345729,20
2010-06-01,3.2104946709784175,20
2010-06-02,3.226784484630056,20
2010-06-03,3.230214798841375,20
2010-06-04,3.2651512539863425,20
2010-06-07,3.2961006980633036,20
2010-06-08,3.30174802927421,20
2010-06-09,3.3058573271224105,20
2010-06-10,3.319969015865365,20
2010-06-11,3.3210702095040916,20
2010-06-17,3.2838836500445074,20
2010-06-18,3.2251242208218405,20
2010-06-21,3.2526642463558026,20
2010-06-22,3.2616644526197773,20
2010-06-23,3.2609474018240703,20
2010-06-24,3.262433329391523,20
2010-06-25,3.236801101810076,20
2010-06-28,3.2164752800037837,20
2010-06-29,3.156400507799812,20
2010-06-30,3.1576850778006116,20
2010-07-01,3.1339078878173523,20
2010-07-02,3.133449735486969,20
2010-07-05,3.132893776056618,20
2010-07-06,3.1530163119091283,20
2010-07-07,3.1574325239346464,20
2010-07-08,3.1556438197657104,20
2010-07-09,3.1784197352353423,20
2010-07-12,3.18087436918727,20
2010-07-13,3.173518465609222,20
2010-07-14,3.1756409700063153,20
2010-07-15,3.161060095103486,20
2010-07-16,3.166507731046882,20
2010-07-19,3.1802135862691916,20
2010-07-20,3.1990890261290046,20
2010-07-21,3.2023562351458614,20
2010-07-22,3.209759078895258,20
2010-07-23,3.2095280667864956,20
2010-07-26,3.2187434391068455,20
2010-07-27,3.2184852235848362,20
2010-07-28,3.229495706639888,20
2010-07-29,3.236727093945942,20
2010-07-30,3.2377548183110494,20
2010-08-02,3.245982248667189,20
2010-08-03,3.2343240257044106,20
2010-08-04,3.2400122026316325,20
2010-08-05,3.24285459984753,20
2010-08-06,3.2641350045460586,20
2010-08-09,3.2766550471051454,20
2010-08-10,3.246557199237619,20
2010-08-11,3.2536990041398504,20
2010-08-12,3.2528783272852655,20
2010-08-13,3.266470624297556,20
2010-08-16,3.289598076398791,20
2010-08-17,3.2927611868388107,20
2010-08-18,3.2900069965649097,20
2010-08-19,3.2868417658695086,20
2010-08-20,3.270155450772169,20
2010-08-23,3.269997093192592,20
2010-08-24,3.2789914498599377,20
2010-08-25,3.2581876143086825,20
2010-08-26,3.269013783306114,20
2010-08-27,3.2781744428388393,20
2010-08-30,3.2963097549949856,20
2010-08-31,3.292906736932599,20
2010-09-01,3.2484203502874296,20
2010-09-02,3.2717611905272763,20
2010-09-03,3.301072718959244,20
2010-09-06,3.2833098472899533,20
2010-09-07,3.288255058732279,20
2010-09-08,3.3047298250224806,20
2010-09-09,3.3178652575616967,20
2010-09-10,3.361143884668808,20
2010-09-13,3.3771916192240687,20
2010-09-14,3.3665122913272154,20
2010-09-15,3.3171187758356853,20
2010-09-16,3.280077153946112,20
2010-09-17,3.2711352920503436,20
2010-09-20,3.249763920232742,20
2010-09-21,3.2391327326929895,20
2010-09-27,3.2624918195414265,20
2010-09-28,3.246993734445858,20
2010-09-29,3.236560444317022,20
2010-09-30,3.262079916756312,20
2010-10-08,3.3044197667121007,20
2010-10-11,3.280653585592267,20
2010-10-12,3.276013748449224,20
2010-10-13,3.2632621290651924,20
2010-10-14,3.2321788105549096,20
2010-10-15,3.2064647497356575,20
2010-10-18,3.1984007711227442,20
2010-10-19,3.3004534903283997,20
2010-10-20,3.288703546237145,20
2010-10-21,3.27551970748825,20
2010-10-22,3.3095482297019854,20
2010-10-25,3.361498694331456,20
2010-10-26,3.335979377266722,20
2010-10-27,3.336658239549713,20
2010-10-28,3.3548283739072193,20
2010-10-29,3.4195850373515366,20
2010-11-01,3.4832851856456197,20
2010-11-02,3.4186828161847633,20
2010-11-03,3.3517558879888623,20
2010-11-04,3.381939256967564,20
2010-11-05,3.440037065600666,20
2010-11-08,3.5031378832372737,20
2010-11-09,3.5083302068866584,20
2010-11-10,3.5507846678097588,20
2010-11-11,3.5187802333485463,20
2010-11-12,3.370230529686074,20
2010-11-15,3.4944139598037194,20
2010-11-16,3.477927008851292,20
2010-11-17,3.4299268263369274,20
2010-11-18,3.4708526600425817,20
2010-11-19,3.593723153980538,20
2010-11-22,3.6382371889205376,20
2010-11-23,3.6770602433236315,20
2010-11-24,3.7210014618141787,20
2010-11-25,3.6772107552223203,20
2010-11-26,3.6830055259844254,20
2010-11-29,3.7253510028647923,20
2010-11-30,3.6206414684944335,20
2010-12-01,3.6167623916993574,20
2010-12-02,3.6257917190453566,20
2010-12-03,3.5973511616159266,20
2010-12-06,3.5341800571774407,20
2010-12-07,3.5856947619350574,20
2010-12-08,3.563266147931569,20
2010-12-09,3.5128604814324333,20
2010-12-10,3.554407898370669,20
2010-12-13,3.62631671172039,20
2010-12-14,3.6577732912325596,20
2010-12-15,3.6325258971952303,20
2010-12-16,3.653001418392641,20
2010-12-17,3.6627987393266728,20
2010-12-20,3.627590511437398,20
2010-12-21,3.633482898097018,20
2010-12-22,3.6047051954497467,20
2010-12-23,3.5399307538536067,20
2010-12-24,3.48535264249921,20
2010-12-27,3.4128531128084014,20
2010-12-28,3.3948935167708636,20
2010-12-29,3.436952529984983,20
2010-12-30,3.4435142629247197,20
2010-12-31,3.4822242143619273,20
2011-01-04,3.504876566807922,20
2011-01-05,3.5109623435557378,20
2011-01-06,3.4994346561302043,20
2011-01-07,3.4734603071595895,20
2011-01-10,3.4160776564909137,20
2011-01-11,3.365964206040957,20
2011-01-12,3.372230022479763,20
2011-01-13,3.3770822694351916,20
2011-01-14,3.302324343822317,20
2011-01-17,3.1979167757250027,20
2011-01-18,3.203993111421554,20
2011-01-19,3.24971530569402,20
2011-01-20,3.1683460701931554,20
2011-01-21,3.1826138972519264,20
2011-01-24,3.164002405329446,20
2011-01-25,3.143680851171304,20
2011-01-26,3.1778230710981545,20
2011-01-27,3.208663584780748,20
2011-01-28,3.223143926432596,20
2011-01-31,3.226474913955647,20
2011-02-01,3.2210379889711245,20
2011-02-09,3.1911161973056106,20
2011-02-10,3.256521807715213,20
2011-02-11,3.2848430750854907,20
2011-02-14,3.3080949047460573,20
2011-02-15,3.317320710522109,20
2011-02-16,3.351694277658004,20
2011-02-17,3.3621786875475914,20
2011-02-18,3.332414792099316,20
2011-02-21,3.371737539572857,20
2011-02-22,3.3330499120463633,20
2011-02-23,3.345869368944378,20
2011-02-24,3.357119550403865,20
2011-02-25,3.3485618940466835,20
2011-02-28,3.370499640857857,20
2011-03-01,3.370129118381086,20
2011-03-02,3.3648534369684167,20
2011-03-03,3.317842890050735,20
2011-03-04,3.3304918482037027,20
2011-03-07,3.3451660974236535,20
2011-03-08,3.367186926615158,20
2011-03-09,3.373914701768673,20
2011-03-10,3.3823653122755637,20
2011-03-11,3.386799691039569,20
2011-03-14,3.403016763217304,20
2011-03-15,3.3763445612240814,20
2011-03-16,3.4022967649483666,20
2011-03-17,3.342493108913805,20
2011-03-18,3.3618175288288747,20
2011-03-21,3.3546688471233987,20
2011-03-22,3.3406007714693993,20
2011-03-23,3.3747332493944624,20
2011-03-24,3.369735280352121,20
2011-03-25,3.3788474303981766,20
2011-03-28,3.3776128310556706,20
2011-03-29,3.298666125584984,20
2011-03-30,3.295363945959823,20
2011-03-31,3.2826368061231386,20
2011-04-01,3.3167595726697465,20
2011-04-06,3.301872768480823,20
2011-04-07,3.3249840048780195,20
2011-04-08,3.3600106683792728,20
2011-04-11,3.3285701129448957,20
2011-04-12,3.3089845713833825,20
2011-04-13,3.3498257375243248,20
2011-04-14,3.331173286465017,20
2011-04-15,3.334400334499949,20
2011-04-18,3.328412148073606,20
2011-04-19,3.3124628181827536,20
2011-04-20,3.326865345375887,20
2011-04-21,3.3483125390645085,20
2011-04-22,3.3360262520726756,20
2011-04-25,3.2747870304302222,20
2011-04-26,3.2161579378543808,20
2011-04-27,3.1786713146415333,20
2011-04-28,3.096863269725475,20
2011-04-29,3.1404115523029676,20
2011-05-03,3.1544430719681706,20
2011-05-04,3.109759872917302,19
2011-05-05,3.1106357488257697,19
2011-05-06,3.1148259310010564,19
2011-05-09,3.135264051842757,19
2011-05-10,3.1380305049298154,19
2011-05-11,3.1456604157033996,19
2011-05-12,3.1105963952415983,19
2011-05-13,3.103920392689825,19
2011-05-16,3.092259032782584,19
2011-05-17,3.089328098327328,19
2011-05-18,3.0939074754231433,19
2011-05-19,3.078138865972916,19
2011-05-20,3.0499347421362035,19
2011-05-23,2.9740834462124095,19
2011-05-24,3.0024029407994175,19
2011-05-25,2.95133113566017,19
2011-05-26,2.928506730339114,19
2011-05-27,2.893970557654234,19
2011-05-30,2.8972371202912095,19
2011-05-31,2.9116538413827873,19
2011-06-01,2.917396791151403,19
2011-06-02,2.903591968900883,20
2011-06-03,2.920690850063709,20
2011-06-07,2.9287343004011865,20
2011-06-08,2.92642438436101,20
2011-06-09,2.912144830754228,20
2011-06-10,2.9107509945333403,20
2011-06-13,2.915901507485719,20
2011-06-14,2.9265018969734666,20
2011-06-15,2.9174560790935034,20
2011-06-16,2.899291702234091,20
2011-06-17,2.8880125160876657,20
2011-06-20,2.8834790525380085,20
2011-06-21,2.892157553507657,20
2011-06-22,2.886335552985992,20
2011-06-23,2.9191077074496254,20
2011-06-24,2.9408206934664,20
2011-06-27,2.9512816204553447,20
2011-06-28,2.9566233232468973,20
2011-06-29,2.942623023254668,20
2011-06-30,2.951295438505726,20
2011-07-01,2.95769496430628,20
2011-07-04,2.9727770803813254,20
2011-07-05,2.981797199923158,20
2011-07-06,2.99105037088133,20
2011-07-07,2.9976994112931186,20
2011-07-08,2.9920163823252794,20
2011-07-11,2.9927011039562386,20
2011-07-12,2.974549893075066,20
2011-07-13,2.991675674944699,20
2011-07-14,3.0139173134141664,20
2011-07-15,3.0382659449731184,20
2011-07-18,3.035510956473268,20
2011-07-19,3.018036391889214,20
2011-07-20,3.0253791567078063,20
2011-07-21,3.015147843088804,20
2011-07-22,3.024276331061,20
2011-07-25,2.9952875611569225,20
2011-07-26,2.996435464259934,20
2011-07-27,3.0201626324549986,20
2011-07-28,3.026751020361182,20
2011-07-29,3.010294990937524,20
2011-08-01,3.0182225057821754,20
2011-08-02,3.030910286067302,20
2011-08-03,3.0495938122157806,20
2011-08-04,3.047253461329225,20
2011-08-05,3.0308414269970623,20
2011-08-08,2.9870620896230373,20
2011-08-09,2.9820344760784985,20
2011-08-10,2.99393033904473,20
2011-08-11,3.016522639702882,20
2011-08-12,3.026905294521846,20
2011-08-15,3.048144941023968,20
2011-08-16,3.0401325566267676,20
2011-08-17,3.0435784680084876,20
2011-08-18,3.0285332441274253,20
2011-08-19,3.026349476490895,20
2011-08-22,3.035962571409424,20
2011-08-23,3.0545873993129278,20
2011-08-24,3.0565963699115106,20
2011-08-25,3.059274974422418,20
2011-08-26,3.0699181873171195,20
2011-08-29,3.0699424779569098,20
2011-08-30,3.0542315713367465,20
2011-08-31,3.0489559487253906,20
2011-09-01,3.048807192182483,20
2011-09-02,3.0412951695721766,20
2011-09-05,3.024004541074428,20
2011-09-06,3.0204472744764406,20
2011-09-07,3.0371148838485773,20
2011-09-08,3.030130740409554,20
2011-09-09,3.024291139484435,20
2011-09-13,3.0144202023975364,20
2011-09-14,3.0210652683154833,20
2011-09-15,3.0252924252103472,20
2011-09-16,3.0251370523322785,20
2011-09-19,3.0146696837124964,20
2011-09-20,3.02117643720502,20
2011-09-21,3.037979600744478,20
2011-09-22,3.020645483164353,20
2011-09-23,3.0224763348778323,20
2011-09-26,3.0207674076363515,20
2011-09-27,3.025983085959887,20
2011-09-28,3.0192323670871746,20
2011-09-29,2.997370422013526,20
2011-09-30,2.9933154360678964,20
2011-10-10,2.987326924838638,20
2011-10-11,2.984276807436665,20
2011-10-12,3.002562192874744,20
2011-10-13,3.011871633984087,20
2011-10-14,3.006831578122805,20
2011-10-17,3.0104516310296385,20
2011-10-18,2.9948762699866975,20
2011-10-19,2.9920694408334336,20
2011-10-20,2.9738259177613844,20
2011-10-21,2.96155188542509,20
2011-10-24,2.968699413813915,20
2011-10-25,2.9838645435952333,20
2011-10-26,2.994067983478115,20
2011-10-27,2.9907160745812438,20
2011-10-28,3.0052498740494045,20
2011-10-31,3.0149366700470925,20
2011-11-01,3.0130620422821375,20
2011-11-02,3.0262522512955896,20
2011-11-03,3.0292812929124437,20
2011-11-04,3.034816952999612,20
2011-11-07,3.0366950718016397,20
2011-11-08,3.0341215052006745,20
2011-11-09,3.0517163442222173,20
2011-11-10,3.0597445648268113,20
2011-11-11,3.061622512192994,20
2011-11-14,3.078189476872385,20
2011-11-15,3.081939578654859,20
2011-11-16,3.069962349649655,20
2011-11-17,3.070225636074223,20
2011-11-18,3.0547000674493954,20
2011-11-21,3.0501013031041895,20
2011-11-22,3.0500627627180803,20
2011-11-23,3.0500911331347065,20
2011-11-24,3.053734078765407,20
2011-11-25,3.0471433484556085,20
2011-11-28,3.0498169949527942,20
2011-11-29,3.05766610282203,20
2011-11-30,3.028780726105047,20
2011-12-01,3.0370782848567637,20
2011-12-02,3.0268670709112784,20
2011-12-05,3.0087034487831494,20
2011-12-06,3.0089959273315787,20
2011-12-07,3.0110901448891627,20
2011-12-08,3.0155123968776962,20
2011-12-09,3.010873427576928,20
2011-12-12,3.004125729670116,20
2011-12-13,2.9844209955660728,20
2011-12-14,2.976852757039536,20
2011-12-15,2.9719105732390694,20
2011-12-16,2.9886067488483565,20
2011-12-19,2.9928166438549266,20
2011-12-20,2.9922479079112754,20
2011-12-21,2.9848341943408507,20
2011-12-22,2.980440522933243,20
2011-12-23,2.9840206425334785,20
2011-12-26,2.981989397182438,20
2011-12-27,2.968786954227952,20
2011-12-28,2.9600729925409768,20
2011-12-29,2.966622847618469,20
2011-12-30,2.977101955699162,20
2012-01-04,2.9657963900204187,20
2012-01-05,2.939552358362573,20
2012-01-06,2.936796054429235,20
2012-01-09,2.9567052180623823,20
2012-01-10,2.9764433204724017,20
2012-01-11,2.976591002460402,20
2012-01-12,2.9683485737836532,20
2012-01-13,2.9409589189802223,20
2012-01-16,2.9177141338167516,20
2012-01-17,2.9417694508097165,20
2012-01-18,2.9192271377460224,20
2012-01-19,2.922588304972048,20
2012-01-20,2.932630174906398,20
2012-01-30,2.9314971130380814,20
2012-01-31,2.9296249359813356,20
2012-02-01,2.9283101881333558,20
2012-02-02,2.9369757119725537,20
2012-02-03,2.9491691045788957,20
2012-02-06,2.9539419087149588,20
2012-02-07,2.940969674798898,20
2012-02-08,2.954521615543678,20
2012-02-09,2.9574944692283975,20
2012-02-10,2.957954930589856,20
2012-02-13,2.9674820989045827,20
2012-02-14,2.967659347970016,20
2012-02-15,2.977466408124504,20
2012-02-16,2.9761444564342345,20
2012-02-17,2.971873447017175,20
2012-02-20,2.974574864578363,20
2012-02-21,2.986056776093559,20
2012-02-22,2.998606194990632,20
2012-02-23,3.0056601217412635,20
2012-02-24,3.008933846027656,20
2012-02-27,3.007138657450825,20
2012-02-28,3.000681974132013,20
2012-02-29,2.993804675570338,20
2012-03-01,2.99371427962633,20
2012-03-02,3.005928243310765,20
2012-03-05,3.0057409301871245,20
2012-03-06,2.9973826220812816,20
2012-03-07,2.9970509926623476,20
2012-03-08,3.0069639788894937,20
2012-03-09,3.0199958170286,20
2012-03-12,3.0256060072621382,20
2012-03-13,3.033476404743384,20
2012-03-14,3.0066958748107164,20
2012-03-15,3.0125197747583554,20
2012-03-16,3.0311300058199953,20
2012-03-19,3.0425112934718475,20
2012-03-20,3.0199544207566564,20
2012-03-21,3.018592667761718,20
2012-03-22,3.0193041025665543,20
2012-03-23,3.0091658157902956,20
2012-03-26,3.005923092218473,20
2012-03-27,3.005007588910044,20
2012-03-28,2.9693709553283876,20
2012-03-29,2.955855855921052,20
2012-03-30,2.957155584417059,20
2012-04-05,2.9728618746072435,20
2012-04-06,2.975143794208829,20
2012-04-09,2.969711517235851,20
2012-04-10,2.9731427587368158,20
2012-04-11,2.9765368607428035,20
2012-04-12,2.9904550860209063,20
2012-04-13,2.9982158292112833,20
2012-04-16,2.9974942761995553,20
2012-04-17,2.99716542077777,20
2012-04-18,3.0062781828979355,20
2012-04-19,3.0074331896611257,20
2012-04-20,3.0093501145418005,20
2012-04-23,2.9887141637088273,20
2012-04-24,2.977947123015723,20
2012-04-25,2.989314418093752,20
2012-04-26,2.9910193444113284,20
2012-04-27,2.9865218078217537,20
2012-05-02,2.9963597197215064,20
2012-05-03,3.0084178303754596,20
2012-05-04,3.017969494320676,20
2012-05-07,3.033120900234134,20
2012-05-08,3.031414843071759,20
2012-05-09,3.0183960593892176,20
2012-05-10,3.0223349702919444,20
2012-05-11,3.0173480422897585,20
2012-05-14,3.014628075561808,20
2012-05-15,3.0097182315057047,20
2012-05-16,2.992152328394209,20
2012-05-17,3.0037624606267905,20
2012-05-18,2.9851249041461636,20
2012-05-21,2.9844186668158708,20
2012-05-22,2.99834866255265,20
2012-05-23,2.989952418715584,20
2012-05-24,2.9889597191889115,20
2012-05-25,2.974274855170201,20
2012-05-28,2.9838731833844983,20
2012-05-29,3.0029016824346204,20
2012-05-30,3.0115050298594226,20
2012-05-31,3.0233544163762542,20
2012-06-01,3.022687998556349,20
2012-06-04,2.970078053672152,20
2012-06-05,2.9619394860293737,20
2012-06-06,2.9635679088333813,20
2012-06-07,2.954305464847214,20
2012-06-08,2.9565914312577086,20
2012-06-11,2.9900639357334047,20
2012-06-12,2.987025044324781,20
2012-06-13,3.0151258392844213,20
2012-06-14,3.0095036656174003,20
2012-06-15,3.012611195298605,20
2012-06-18,3.0319120243309925,20
2012-06-19,3.0248017859279925,20
2012-06-20,3.0510463146229405,20
2012-06-21,3.0298616029131558,20
2012-06-25,2.9934416711579876,20
2012-06-26,2.989632244021381,20
2012-06-27,2.9936702473588856,20
2012-06-28,2.9896741377422593,20
2012-06-29,3.0087421876811926,20
2012-07-02,3.009697396539344,20
2012-07-03,3.020403918692821,20
2012-07-04,3.015546420898352,20
2012-07-05,2.9911139992239164,20
2012-07-06,3.002156092765224,20
2012-07-09,2.9743233968916414,20
2012-07-10,2.9608356671657896,20
2012-07-11,2.9628263113268574,20
2012-07-12,2.9800340957436893,20
2012-07-13,2.9660483063225502,20
2012-07-16,2.9192372809916143,20
2012-07-17,2.936378373746232,20
2012-07-18,2.9392368745937665,20
2012-07-19,2.9512294524905993,20
2012-07-20,2.952671755391793,20
2012-07-23,2.941219004407413,20
2012-07-24,2.9471799259697633,20
2012-07-25,2.9474095971054948,20
2012-07-26,2.937653310795699,20
2012-07-27,2.9355666417105537,20
2012-07-30,2.9139843703770065,20
2012-07-31,2.8960372733558857,20
2012-08-01,2.909054571057727,20
2012-08-02,2.903386738251042,20
2012-08-03,2.9249751134679,20
2012-08-06,2.9482172451721933,20
2012-08-07,2.964264980531462,20
2012-08-08,2.9624566208622585,20
2012-08-09,2.9770352307170764,20
2012-08-10,2.9737257856059336,20
2012-08-13,2.9569454572339797,20
2012-08-14,2.963600334351788,20
2012-08-15,2.956720025891705,20
2012-08-16,2.9531960511619757,20
2012-08-17,2.9555850686527076,20
2012-08-20,2.9605253237170994,20
2012-08-21,2.9837257044809187,20
2012-08-22,2.9842706211896624,20
2012-08-23,2.9989875416077076,20
2012-08-24,2.978432511147797,20
2012-08-27,2.955331535264046,20
2012-08-28,2.96677108746495,20
2012-08-29,2.965083106630222,20
2012-08-30,2.9491734705207304,20
2012-08-31,2.9538810638893636,20
2012-09-03,2.9665606423190596,20
2012-09-04,2.9644389664377218,20
2012-09-05,2.9776784498853988,20
2012-09-06,2.9840538691385063,20
2012-09-07,3.0087653984037623,20
2012-09-10,3.0200838473952043,20
2012-09-11,3.013612251527439,20
2012-09-12,3.019439994674331,20
2012-09-13,3.0067070736148827,20
2012-09-14,3.001847307672801,20
2012-09-17,2.974245455611996,20
2012-09-18,2.9752245362859866,20
2012-09-19,2.979801334392175,20
2012-09-20,2.9552003881001916,20
2012-09-21,2.9458952146161703,20
2012-09-24,2.9508570133942045,20
2012-09-25,2.9412250736039236,20
2012-09-26,2.924814814770622,20
2012-09-27,2.942904101793931,20
2012-09-28,2.9603925679236545,20
2012-10-08,2.960501723176041,20
2012-10-09,2.981917011157825,19
2012-10-10,2.984791269079142,19
2012-10-11,2.972777909732631,19
2012-10-12,2.970417683894158,19
2012-10-15,2.9624327724575505,19
2012-10-16,2.9646829912144836,19
2012-10-17,2.9709769686826992,19
2012-10-18,2.982195275522962,19
2012-10-19,2.9819566588882793,19
2012-10-22,2.987012561009455,19
2012-10-23,2.9790128608116055,19
2012-10-24,2.9722248846871198,19
2012-10-25,2.9733107418025413,19
2012-10-26,2.9591576699755873,19
2012-10-29,2.9606138827166473,19
2012-10-30,2.96398811471378,19
2012-10-31,2.966205509945589,19
2012-11-01,2.970347631097879,19
2012-11-02,2.9720196446735514,20
2012-11-05,2.969723331738291,20
2012-11-06,2.9644940817146055,20
2012-11-07,2.969771193034347,20
2012-11-08,2.953539100154649,20
2012-11-09,2.9524273356970636,20
2012-11-12,2.9573561908349983,20
2012-11-13,2.94667803045458,20
2012-11-14,2.9504862666597633,20
2012-11-15,2.9370151220436984,20
2012-11-16,2.9307331868002864,20
2012-11-19,2.936406410981364,20
2012-11-20,2.941691488206999,20
2012-11-21,2.9536248308242947,20
2012-11-22,2.949295383270517,20
2012-11-23,2.9506228034945323,20
2012-11-26,2.9405716734773764,20
2012-11-27,2.917103437323487,20
2012-11-28,2.8998663995623435,20
2012-11-29,2.8937636145695342,20
2012-11-30,2.903237580637695,20
2012-12-03,2.879945571926679,20
2012-12-04,2.8874424416714306,20
2012-12-05,2.907427243024313,20
2012-12-06,2.9076146006052044,20
2012-12-07,2.920597066514635,20
2012-12-10,2.927400300461482,20
2012-12-11,2.9225108411129663,20
2012-12-12,2.923941716518173,20
2012-12-13,2.915969211941675,20
2012-12-14,2.939166912119345,20
2012-12-17,2.9379671457382037,20
2012-12-18,2.9365734913253863,20
2012-12-19,2.942048424815933,20
2012-12-20,2.9516224262855006,20
2012-12-21,2.963362346757985,20
2012-12-24,2.9726689274430735,20
2012-12-25,2.9849173992498703,20
2012-12-26,3.004983017237764,20
2012-12-27,2.9866971197371046,20
2012-12-28,2.9944267604525145,20
2012-12-31,2.9987613891403146,20
2013-01-04,2.9929455572796324,20
2013-01-07,3.017925971407109,20
2013-01-08,3.045152670253788,20
2013-01-09,3.043655594475612,20
2013-01-10,3.0562296146932955,20
2013-01-11,3.0426736783048716,20
2013-01-14,3.1078792816801313,20
2013-01-15,3.1462679215821447,20
2013-01-16,3.1354304312161094,20
2013-01-17,3.1114937978211015,20
2013-01-18,3.1322018817203765,20
2013-01-21,3.1511945392763243,20
2013-01-22,3.1035809456878396,20
2013-01-23,3.100973555791552,20
2013-01-24,3.0464892109717554,20
2013-01-25,3.045692198899268,20
2013-01-28,3.092272227413854,20
2013-01-29,3.112713655925023,20
2013-01-30,3.1129634512929374,20
2013-01-31,3.083744016584196,20
2013-02-01,3.0913785814796095,20
2013-02-04,3.0870279611003344,20
2013-02-05,3.0949497154011416,20
2013-02-06,3.1080064401541887,20
2013-02-07,3.1167326614801802,20
2013-02-08,3.1434285073727337,20
2013-02-18,3.1657947057992866,20
2013-02-19,3.1335997854080895,20
2013-02-20,3.170566159387652,20
2013-02-21,3.122726748081866,20
2013-02-22,3.1233893304677194,20
2013-02-25,3.142572606128918,20
2013-02-26,3.111099087690184,20
2013-02-27,3.113111765606496,20
2013-02-28,3.1524968225856784,20
2013-03-01,3.1946481126123016,20
2013-03-04,3.10804065724628,20
2013-03-05,3.1637753587468556,20
2013-03-06,3.2161003020901147,20
2013-03-07,3.189290411355459,20
2013-03-08,3.173618377776662,20
2013-03-11,3.173342207528825,20
2013-03-12,3.0738899416891767,20
2013-03-13,3.050885141319553,20
2013-03-14,3.042473517530794,20
2013-03-15,3.052115768815002,20
2013-03-18,3.014554198552298,20
2013-03-19,3.0285142106383094,20
2013-03-20,3.1024942023593542,20
2013-03-21,3.118267559634012,20
2013-03-22,3.108777782921194,20
2013-03-25,3.110404167889586,20
2013-03-26,3.088036546666664,20
2013-03-27,3.1048048211896475,20
2013-03-28,3.0071003601136495,20
2013-03-29,2.9968164947167724,20
2013-04-01,2.995714732624891,20
2013-04-02,2.9707485236705256,20
2013-04-03,2.934499343075006,20
2013-04-08,2.922040524930195,20
2013-04-09,2.938792317878427,20
2013-04-10,2.934459719446889,20
2013-04-11,2.928812552367659,20
2013-04-12,2.928231343972757,20
2013-04-15,2.9068718433742653,20
2013-04-16,2.926034665655017,20
2013-04-17,2.945759920879181,20
2013-04-18,2.961008325801284,20
2013-04-19,3.0158053659059854,20
2013-04-22,3.030058717197287,20
2013-04-23,2.9734211410331013,20
2013-04-24,3.054769523424394,20
2013-04-25,3.029404689741721,20
2013-04-26,2.9851857265555832,20
2013-05-02,3.0096142617739017,20
2013-05-03,3.0465147945855855,20
2013-05-06,3.093404433512549,20
2013-05-07,3.081239563491071,20
2013-05-08,3.1079509180066642,20
2013-05-09,3.1202060556475897,20
2013-05-10,3.1379232056127533,20
2013-05-13,3.162107628403084,20
2013-05-14,3.10078495639589,20
2013-05-15,3.150385488454119,20
2013-05-16,3.1571342434163365,20
2013-05-17,3.18558274508399,20
2013-05-20,3.2518766895926388,20
2013-05-21,3.2822957344905044,20
2013-05-22,3.2411231820116195,20
2013-05-23,3.227120107432617,20
2013-05-24,3.277462341242244,20
2013-05-27,3.312354234498721,20
2013-05-28,3.282024780250428,20
2013-05-29,3.3175555504590846,20
2013-05-30,3.334130792438808,20
2013-05-31,3.364006712969873,20
2013-06-03,3.3239722567940633,20
2013-06-04,3.2405450781307055,20
2013-06-05,3.260405943498568,20
2013-06-06,3.206440156774767,20
2013-06-07,3.184570793811524,20
2013-06-13,3.1232354615040885,20
2013-06-14,3.173062946438858,20
2013-06-17,3.1754249714437894,20
2013-06-18,3.180806748952967,20
2013-06-19,3.152985149533762,20
2013-06-20,3.0751433209247034,20
2013-06-21,3.050052331953954,20
2013-06-24,2.893181609107912,20
2013-06-25,2.878346567767743,20
2013-06-26,2.9336102917316866,20
2013-06-27,2.8979829184836596,20
2013-06-28,2.9007006545620335,20
2013-07-01,2.927022057761858,20
2013-07-02,2.9581170475649845,20
2013-07-03,2.9493961563511517,20
2013-07-04,2.96677944080072,20
2013-07-05,2.9492446575244795,20
2013-07-08,2.8865778833362747,20
2013-07-09,2.8957542901886013,20
2013-07-10,2.9350590448664144,20
2013-07-11,2.9694846431049706,20
2013-07-12,2.968614375803154,20
2013-07-15,3.0032517661817852,20
2013-07-16,3.0315924183149594,20
2013-07-17,3.0112402133202334,20
2013-07-18,3.008263992042034,20
2013-07-19,2.9831411650138153,20
2013-07-22,3.0143808542742363,20
2013-07-23,3.054862942495956,20
2013-07-24,3.069334242217294,20
2013-07-25,3.0423744433626174,20
2013-07-26,3.0382418301317133,20
2013-07-29,3.0093771893087484,20
2013-07-30,3.008577954890567,20
2013-07-31,3.0068297043162246,20
2013-08-01,3.0830306413492714,20
2013-08-02,3.0980759728404283,20
2013-08-05,3.130345255452378,20
2013-08-06,3.1454811359597405,20
2013-08-07,3.135688867359556,20
2013-08-08,3.1417315237353227,20
2013-08-09,3.1616216009294815,20
2013-08-12,3.1843299228908912,20
2013-08-13,3.190076863145288,20
2013-08-14,3.1921540339189693,20
2013-08-15,3.159125850396956,20
2013-08-16,3.1046977723054594,20
2013-08-19,3.1383110529877514,20
2013-08-20,3.1384422379351347,20
2013-08-21,3.149929350527491,20
2013-08-22,3.1577952280895714,20
2013-08-23,3.140149734449145,20
2013-08-26,3.1892412760749664,20
2013-08-27,3.2164906559807904,20
2013-08-28,3.193505855915742,20
2013-08-29,3.192380531573395,20
2013-08-30,3.164770834533515,20
2013-09-02,3.1714016693074116,20
2013-09-03,3.2063605313189396,20
2013-09-04,3.2244672097740206,20
2013-09-05,3.2340039819414246,20
2013-09-06,3.252754627841242,20
2013-09-09,3.2642838831957177,20
2013-09-10,3.2695394084888694,20
2013-09-11,3.2499228859834166,20
2013-09-12,3.238127964859463,20
2013-09-13,3.2631702517170993,20
2013-09-16,3.28111377343549,20
2013-09-17,3.235584183495037,20
2013-09-18,3.2555410615955442,20
2013-09-23,3.28675762184567,20
2013-09-24,3.2927941748949543,20
2013-09-25,3.3092570419237086,20
2013-09-26,3.2921549701151656,20
2013-09-27,3.2870168314379753,20
2013-09-30,3.3098078551251717,20
2013-10-08,3.35547670005025,20
2013-10-09,3.3769648300937143,20
2013-10-10,3.3581652479103385,20
2013-10-11,3.4030716605638274,20
2013-10-14,3.4393764350870395,20
2013-10-15,3.424628234803656,20
2013-10-16,3.3702988927369635,20
2013-10-17,3.3995454911760365,20
2013-10-18,3.4197655722652835,20
2013-10-21,3.5123410037731757,20
2013-10-22,3.503889250726637,20
2013-10-23,3.4219664814177784,20
2013-10-24,3.422463759772502,20
2013-10-25,3.394702068403646,20
2013-10-28,3.373694914759681,20
2013-10-29,3.3007157436474976,20
2013-10-30,3.367212912861854,20
2013-10-31,3.346523615239363,20
2013-11-01,3.3452490402916055,20
2013-11-04,3.3783588388458616,20
2013-11-05,3.395307128212033,20
2013-11-06,3.3776780833979743,20
2013-11-07,3.3312395650532802,20
2013-11-08,3.2976393527378987,20
2013-11-11,3.3495671764386206,20
2013-11-12,3.3660253223714234,20
2013-11-13,3.350156839539532,20
2013-11-14,3.4043572058296814,20
2013-11-15,3.444522033329429,20
2013-11-18,3.495720521431328,20
2013-11-19,3.496203462046142,20
2013-11-20,3.5278251094206396,20
2013-11-21,3.5247637894159256,20
2013-11-22,3.525499376569822,20
2013-11-25,3.576394714376344,20
2013-11-26,3.6184517139807104,20
2013-11-27,3.6569845682180038,20
2013-11-28,3.7090178972584784,20
2013-11-29,3.7586526331089556,20
2013-12-02,3.5287327649226654,20
2013-12-03,3.5926020460139934,20
2013-12-04,3.6453331457052043,20
2013-12-05,3.6452728099260363,20
2013-12-06,3.6438739040641894,20
2013-12-09,3.6912590602678708,20
2013-12-10,3.6838719728166045,20
2013-12-11,3.6351272674373822,20
2013-12-12,3.6752478339630343,20
2013-12-13,3.705477992167739,20
2013-12-16,3.6654519546866915,20
2013-12-17,3.6672652141676783,20
2013-12-18,3.6712789351399495,20
2013-12-19,3.658302748289516,20
2013-12-20,3.618209462615472,20
2013-12-23,3.628996718937251,20
2013-12-24,3.659072155299277,20
2013-12-25,3.7421972713933913,20
2013-12-26,3.69353279489625,20
2013-12-27,3.758382687821712,20
2013-12-30,3.788596890520644,20
2013-12-31,3.7686232856195025,20
2014-01-02,3.7964506442414963,20
2014-01-03,3.786358400626298,19
2014-01-06,3.695473044555993,19
2014-01-07,3.718537847589357,19
2014-01-08,3.740198956998611,19
2014-01-09,3.6852354663072506,19
2014-01-10,3.6143153021790884,19
2014-01-13,3.6113280059198103,19
2014-01-14,3.6814795679854906,19
2014-01-15,3.701488529052498,19
2014-01-16,3.703235847254664,19
2014-01-17,3.68941959971661,19
2014-01-20,3.6669033629363446,19
2014-01-21,3.7092357207453714,19
2014-01-22,3.7407646502573155,19
2014-01-23,3.7612298521759038,19
2014-01-24,3.796219023067931,19
2014-01-27,3.785294074107201,19
2014-01-28,3.7774429739648756,19
2014-01-29,3.812119499167197,19
2014-01-30,3.804649257105717,19
2014-02-07,3.8512500185189977,19
2014-02-10,3.931225600486469,20
2014-02-11,3.9295367328929243,20
2014-02-12,3.9791583574791463,20
2014-02-13,3.9225542528254747,20
2014-02-14,3.9760107712831103,20
2014-02-17,4.033332093881914,20
2014-02-18,4.014513450208633,20
2014-02-19,4.007354235413682,20
2014-02-20,3.9791488365831738,20
2014-02-21,3.948599506845781,20
2014-02-24,3.9446886601559963,20
2014-02-25,3.815778546329894,20
2014-02-26,3.824678032996583,20
2014-02-27,3.7564376245128814,20
2014-02-28,3.795009780546816,20
2014-03-03,3.847138997375325,20
2014-03-04,3.831321789832432,20
2014-03-05,3.8544132399368034,20
2014-03-06,3.854968608458292,20
2014-03-07,3.8416576380321485,20
2014-03-10,3.7342096631390165,20
2014-03-11,3.7602709686771547,20
2014-03-12,3.7432379768532846,20
2014-03-13,3.7722531268988306,20
2014-03-14,3.766619508319948,20
2014-03-17,3.8244563140129415,20
2014-03-18,3.8256621501841868,20
2014-03-19,3.8173584096423583,20
2014-03-20,3.7354295992145397,20
2014-03-21,3.768162197582958,20
2014-03-24,3.788396997949025,20
2014-03-25,3.7978046346289114,20
2014-03-26,3.8172279303648122,20
2014-03-27,3.759806402240352,20
2014-03-28,3.7045914284944903,20
2014-03-31,3.701463938658495,20
2014-04-01,3.737812485117436,20
2014-04-02,3.730248653569564,20
2014-04-03,3.738539649186945,20
2014-04-04,3.756656673873741,20
2014-04-08,3.7894213926967084,20
2014-04-09,3.803712145873881,20
2014-04-10,3.79633203790156,20
2014-04-11,3.7903451707456863,20
2014-04-14,3.824361614632225,20
2014-04-15,3.813214417528308,20
2014-04-16,3.816995558583843,20
2014-04-17,3.818442961293758,20
2014-04-18,3.824644813827767,20
2014-04-21,3.7893012243380646,20
2014-04-22,3.7538670430932406,20
2014-04-23,3.7525086281623694,20
2014-04-24,3.7310936546388898,20
2014-04-25,3.6985879666553125,20
2014-04-28,3.6297240853702144,20
2014-04-29,3.657862088983025,20
2014-04-30,3.6777386932283047,20
2014-05-05,3.695175647821057,20
2014-05-06,3.7094759521481637,20
2014-05-07,3.6893735870004947,20
2014-05-08,3.685013623010091,20
2014-05-09,3.6708097584369823,20
2014-05-12,3.715255732401605,20
2014-05-13,3.7193664255288548,20
2014-05-14,3.7219226498419693,20
2014-05-15,3.697616850355971,20
2014-05-16,3.6881189685732276,20
2014-05-19,3.677730238440302,20
2014-05-20,3.6758843278025863,20
2014-05-21,3.6939689165550327,20
2014-05-22,3.690792048119856,20
2014-05-23,3.714681061016156,20
2014-05-26,3.739685225033665,20
2014-05-27,3.728437249503727,20
2014-05-28,3.744526025263574,20
2014-05-29,3.7211182011437636,20
2014-05-30,3.723402437341422,20
2014-06-03,3.7136203552522233,20
2014-06-04,3.6996005879751044,20
2014-06-05,3.709774093326023,20
2014-06-06,3.7070258586685045,20
2014-06-09,3.6973211846673286,20
2014-06-10,3.715731767401028,20
2014-06-11,3.720679363173374,20
2014-06-12,3.714630028584595,20
2014-06-13,3.733798678620716,20
2014-06-16,3.7566389449985538,20
2014-06-17,3.7424249773362965,20
2014-06-18,3.735497354172131,20
2014-06-19,3.6820572241665785,20
2014-06-20,3.6967003055483465,20
2014-06-23,3.7124850531815703,20
2014-06-24,3.7181649489035133,20
2014-06-25,3.7160947283380783,20
2014-06-26,3.73882596810887,20
2014-06-27,3.74351656018901,20
2014-06-30,3.755455386177795,20
2014-07-01,3.7687054718179187,20
2014-07-02,3.7681869822971565,20
2014-07-03,3.778043703254698,20
2014-07-04,3.774074036467779,20
2014-07-07,3.780757837671492,20
2014-07-08,3.789019340294301,20
2014-07-09,3.7700533313381936,20
2014-07-10,3.7756246789144363,20
2014-07-11,3.785351615698106,20
2014-07-14,3.817756280505464,20
2014-07-15,3.8154173874192923,20
2014-07-16,3.780663236809616,20
2014-07-17,3.7788951066338914,20
2014-07-18,3.7896925685064446,20
2014-07-21,3.7907764308442498,20
2014-07-22,3.8225884819540035,20
2014-07-23,3.808085073497485,20
2014-07-24,3.80075377226181,20
2014-07-25,3.8166391287719335,20
2014-07-28,3.8471917793567654,20
2014-07-29,3.869022674684048,20
2014-07-30,3.872267817629745,20
2014-07-31,3.8967085900402,20
2014-08-01,3.884995172093395,20
2014-08-04,3.919032124213264,20
2014-08-05,3.9414453582351747,20
2014-08-06,3.9609193768046995,20
2014-08-07,3.9469216718728193,20
2014-08-08,3.9721399670988324,20
2014-08-11,4.014362624677979,20
2014-08-12,4.013848668128987,20
2014-08-13,3.994272611131185,20
2014-08-14,3.998755066280708,20
2014-08-15,4.038009782708399,20
2014-08-18,4.087043213291144,20
2014-08-19,4.095817455256059,20
2014-08-20,4.114985754303492,20
2014-08-21,4.129767893703458,20
2014-08-22,4.164819207893583,20
2014-08-25,4.128995077603875,20
2014-08-26,4.083641648989557,20
2014-08-27,4.110270628245296,20
2014-08-28,4.091593506799858,20
2014-08-29,4.120750358602844,20
2014-09-01,4.1671039759987725,20
2014-09-02,4.231367840192756,20
2014-09-03,4.2978095234328375,20
2014-09-04,4.33843983564768,20
2014-09-05,4.34879818274235,20
2014-09-09,4.3604341989276785,20
2014-09-10,4.426138405788069,20
2014-09-11,4.413373953489262,20
2014-09-12,4.474060344136139,20
2014-09-15,4.535266738404835,20
2014-09-16,4.40296638277236,20
2014-09-17,4.407043992251009,20
2014-09-18,4.439262653207465,20
2014-09-19,4.463804597241809,20
2014-09-22,4.394504698875559,20
2014-09-23,4.462034389271995,20
2014-09-24,4.496288673174964,20
2014-09-25,4.473867652295935,20
2014-09-26,4.503989799753526,20
2014-09-29,4.551810076026624,20
2014-09-30,4.572389771918701,20
2014-10-08,4.635357328746425,20
2014-10-09,4.629224487284861,20
2014-10-10,4.642549855375274,20
2014-10-13,4.700310979129145,20
2014-10-14,4.692525074082152,20
2014-10-15,4.729282141149636,20
2014-10-16,4.695842315553324,20
2014-10-17,4.778092542201877,20
2014-10-20,4.8064421683857725,20
2014-10-21,4.843459267303927,20
2014-10-22,4.795395150522904,20
2014-10-23,4.703244452433139,20
2014-10-24,4.6706809745557,20
2014-10-27,4.7091542316499515,20
2014-10-28,4.815084457669352,20
2014-10-29,4.864268854522305,20
2014-10-30,4.8782766495717045,20
2014-10-31,4.845503223280821,20
2014-11-03,4.88726739098746,20
2014-11-04,4.8204143844222616,20
2014-11-05,4.81170147643624,20
2014-11-06,4.912353891722404,20
2014-11-07,4.8883468493950755,20
2014-11-10,4.950144031416176,20
2014-11-11,4.835963486265787,20
2014-11-12,4.938921691748242,20
2014-11-13,4.839301857441774,20
2014-11-14,4.735152092597765,20
2014-11-17,4.8032626995406975,20
2014-11-18,4.833669537491619,20
2014-11-19,4.878987357051567,20
2014-11-20,4.85193922805717,20
2014-11-21,4.900864251076982,20
2014-11-24,4.936755109548377,20
2014-11-25,5.04155181755659,20
2014-11-26,5.1266695559721605,20
2014-11-27,5.146840510270657,20
2014-11-28,5.199992152612868,20
2014-12-01,5.199255746928788,20
2014-12-02,5.270258940369422,20
2014-12-03,5.296007470871523,20
2014-12-04,5.331702532308584,20
2014-12-05,5.1402665155024145,20
2014-12-08,5.056468211377235,20
2014-12-09,4.859488987798043,20
2014-12-10,5.050545808947995,20
2014-12-11,5.169625671720458,20
2014-12-12,5.251738564840876,20
2014-12-15,5.376464698538602,20
2014-12-16,5.320066758274041,20
2014-12-17,5.26139842157184,20
2014-12-18,5.238165680627379,20
2014-12-19,5.13632721714812,20
2014-12-22,4.903239765216475,20
2014-12-23,4.923850088181873,20
2014-12-24,5.085787440228854,20
2014-12-25,5.143670990210405,20
2014-12-26,5.140436513393344,20
2014-12-29,4.997507739411014,20
2014-12-30,4.92218326433678,20
2014-12-31,4.99741312538179,20
2015-01-05,5.000367522174369,20
2015-01-06,5.173364354297902,20
2015-01-07,5.110903666071568,20
2015-01-08,5.141240707060103,20
2015-01-09,5.13707034232981,20
2015-01-12,5.133679187716144,20
2015-01-13,5.257330112647029,20
2015-01-14,5.217921059827055,20
2015-01-15,5.1830469664975585,20
2015-01-16,5.285122060057916,20
2015-01-19,5.240940617780196,20
2015-01-20,5.430765796542661,20
2015-01-21,5.548286893982215,20
2015-01-22,5.6100801361439645,20
2015-01-23,5.511176935348222,20
2015-01-26,5.591730178080382,20
2015-01-27,5.636509045861416,20
2015-01-28,5.68602649811919,20
2015-01-29,5.632330951090367,20
2015-01-30,5.564942866713282,20
2015-02-02,5.61818492750608,20
2015-02-03,5.70645685584312,20
2015-02-04,5.716081157899455,20
2015-02-05,5.748339979491384,20
2015-02-06,5.607137763458609,20
2015-02-09,5.566795802587031,20
2015-02-10,5.634598045604003,20
2015-02-11,5.657741210640885,20
2015-02-12,5.666628538242856,20
2015-02-13,5.76188496394904,20
2015-02-16,5.883693622491512,20
2015-02-17,5.929873085265488,20
2015-02-25,5.883889248549237,20
2015-02-26,5.8950039848331315,20
2015-02-27,5.945947791114306,20
2015-03-02,6.036204394366165,20
2015-03-03,5.964818395258828,20
2015-03-04,6.038448663598611,20
2015-03-05,6.078635695626516,20
2015-03-06,5.99309877353907,20
2015-03-09,6.02436285072228,20
2015-03-10,6.065365467958469,20
2015-03-11,6.067111596304131,20
2015-03-12,6.040146285902755,20
2015-03-13,6.114969976314141,20
2015-03-16,6.276329912857872,20
2015-03-17,6.364706717992035,20
2015-03-18,6.4700842668692555,20
2015-03-19,6.4683090596324275,20
2015-03-20,6.526733927740764,20
2015-03-23,6.703249397700276,20
2015-03-24,6.692795357746517,20
2015-03-25,6.79544975875433,20
2015-03-26,6.661992483527818,20
2015-03-27,6.699220790245655,20
2015-03-30,6.745895733773535,20
2015-03-31,6.796643070880975,20
2015-04-01,6.972818942811917,20
2015-04-02,7.1198746319900605,20
2015-04-03,7.243338250489986,20
2015-04-07,7.401078363420759,20
2015-04-08,7.323215386590312,20
2015-04-09,7.252574536700393,20
2015-04-10,7.446515398244146,20
2015-04-13,7.629018945273415,20
2015-04-14,7.571550689291463,20
2015-04-15,7.24231614632514,20
2015-04-16,7.281025811096984,20
2015-04-17,7.282621507190148,20
2015-04-20,7.090421896302037,20
2015-04-21,7.319865806025095,20
2015-04-22,7.482461390422037,20
2015-04-23,7.5546383796070895,20
2015-04-24,7.520392350325643,20
2015-04-27,7.51331368975222,20
2015-04-28,7.33116359825297,20
2015-04-29,7.423657688587632,20
2015-04-30,7.424417597777167,20
2015-05-04,7.4088490729293275,20
2015-05-05,7.293215265514439,20
2015-05-06,7.240605103282263,20
2015-05-07,7.122776460678335,20
2015-05-08,7.373299105028352,20
2015-05-11,7.612301090518561,20
2015-05-12,7.722262031189014,20
2015-05-13,7.739903315210822,20
2015-05-14,7.872647896903038,20
2015-05-15,7.803207056507979,20
2015-05-18,8.01499935798003,20
2015-05-19,8.130965060612196,20
2015-05-20,8.277559621630783,20
2015-05-21,8.543488445268917,20
2015-05-22,8.52595607898901,20
2015-05-25,8.608263894926981,20
2015-05-26,8.940701412051176,20
2015-05-27,9.155232333691002,20
2015-05-28,8.853259487728774,20
2015-05-29,8.89293419401796,20
2015-06-01,9.114463110664783,20
2015-06-02,9.17909744646714,16
2015-06-03,9.206182775739583,16
2015-06-04,9.108062891160012,16
2015-06-05,9.264674267729914,16
2015-06-08,9.239226932908633,16
2015-06-09,9.214575402016607,16
2015-06-10,9.362737027435376,16
2015-06-11,9.4847075146179,16
2015-06-12,9.558750315618788,16
2015-06-15,9.374296982123765,16
2015-06-16,9.117512844237366,16
2015-06-17,9.297730469225819,16
2015-06-18,9.07650032980524,16
2015-06-19,8.627831772478807,16
2015-06-23,8.779055646276742,16
2015-06-24,8.928338778985877,16
2015-06-25,8.642547412425952,16
2015-06-26,8.1320415581505,16
2015-06-29,7.783312102321652,16
2015-06-30,8.102691120190029,16
2015-07-01,7.876927820539393,16
2015-07-02,7.631403937783692,20
2015-07-03,7.410596325609283,20
2015-07-06,7.253846181721386,20
2015-07-07,6.8527466111168005,20
2015-07-08,6.618363279654113,20
2015-07-09,6.984611711227292,20
2015-07-10,7.370917836292694,20
2015-07-13,7.7789153662163875,20
2015-07-14,7.945028908955352,20
2015-07-15,7.684125948375076,20
2015-07-16,7.791275994409377,20
2015-07-17,8.109065277318933,20
2015-07-20,8.218279397444547,20
2015-07-21,8.30456429499538,20
2015-07-22,8.359295580696632,20
2015-07-23,8.59035616866936,20
2015-07-24,8.438214347961592,20
2015-07-27,7.9851673140925685,20
2015-07-28,7.784117562286275,20
2015-07-29,8.077407657454089,20
2015-07-30,7.999680144053912,20
2015-07-31,7.935410741969545,20
2015-08-03,7.694881726328445,20
2015-08-04,7.990527612239415,19
2015-08-05,8.04461569569545,19
2015-08-06,8.084038953125829,19
2015-08-07,8.218598748124903,19
2015-08-10,8.433513417832287,19
2015-08-11,8.4457439084209,19
2015-08-12,8.339372711616528,19
2015-08-13,8.481108237858432,19
2015-08-14,8.50807727475366,19
2015-08-17,8.487510026666117,19
2015-08-18,8.139316143543326,19
2015-08-19,8.31490369540031,19
2015-08-20,8.12536691515478,19
2015-08-21,7.898840879407543,19
2015-08-24,7.525639412839675,19
2015-08-25,7.206241559499646,19
2015-08-26,7.078097241494885,19
2015-08-27,7.226356107409237,19
2015-08-28,7.479614913420231,19
2015-08-31,7.354534549464703,19
2015-09-01,7.191164173573316,19
2015-09-02,7.106027836597968,20
2015-09-07,7.1564082304960746,20
2015-09-08,7.29467044826247,20
2015-09-09,7.379538792569279,20
2015-09-10,7.325209852709761,20
2015-09-11,7.349546731193742,20
2015-09-14,7.164460420614924,20
2015-09-15,7.055564523657691,20
2015-09-16,7.2282167764407665,20
2015-09-17,7.205541364550167,20
2015-09-18,7.250368831493912,20
2015-09-21,7.341344383606318,20
2015-09-22,7.371132843569084,20
2015-09-23,7.364083226397628,20
2015-09-24,7.400734030990517,20
2015-09-25,7.297328070880395,20
2015-09-28,7.400302999112394,20
2015-09-29,7.38308814230745,20
2015-09-30,7.38787643898418,20
2015-10-08,7.477882536550158,20
2015-10-09,7.490967142962269,20
2015-10-12,7.575306696439346,20
2015-10-13,7.612300023732787,20
2015-10-14,7.58639060788575,20
2015-10-15,7.659228299672621,20
2015-10-16,7.6751583321778645,20
2015-10-19,7.660291798042096,20
2015-10-20,7.7032716151832705,20
2015-10-21,7.578889230124812,20
2015-10-22,7.668438909158147,20
2015-10-23,7.747865439642634,20
2015-10-26,7.769447085278748,20
2015-10-27,7.778449353862084,20
2015-10-28,7.748349631229272,20
2015-10-29,7.778310690061646,20
2015-10-30,7.797977419904187,20
2015-11-02,7.828999840904234,20
2015-11-03,7.9174345834754725,20
2015-11-04,8.0599572250787,20
2015-11-05,8.037160729275158,20
2015-11-06,8.168521018979638,20
2015-11-09,8.245637674436876,20
2015-11-10,8.212324534820862,20
2015-11-11,8.358413085688845,20
2015-11-12,8.479211413594212,20
2015-11-13,8.326145598769731,20
2015-11-16,8.385295078522843,20
2015-11-17,8.34902041032931,20
2015-11-18,8.233636981110305,20
2015-11-19,8.370208994716096,20
2015-11-20,8.41424359306001,20
2015-11-23,8.398302206084413,20
2015-11-24,8.547438829093627,20
2015-11-25,8.614146785105122,20
2015-11-26,8.568853491388316,20
2015-11-27,8.387648475607184,20
2015-11-30,8.515498900362573,20
2015-12-01,8.473718270507339,20
2015-12-02,8.448918970227798,20
2015-12-03,8.532033271264146,20
2015-12-04,8.507446419227186,20
2015-12-07,8.537272625708688,20
2015-12-08,8.4994412663801,20
2015-12-09,8.475716746202814,20
2015-12-10,8.44542472156067,20
2015-12-11,8.416668192799712,20
2015-12-14,8.479579953856007,20
2015-12-15,8.510942769545435,20
2015-12-16,8.519920437551685,20
2015-12-17,8.616009791634715,20
2015-12-18,8.585583567770463,20
2015-12-21,8.62040074511438,20
2015-12-22,8.653506407102455,20
2015-12-23,8.634521984799006,20
2015-12-24,8.643354314621359,20
2015-12-25,8.653482518539047,20
2015-12-28,8.575687423774166,20
2015-12-29,8.610767342538765,20
2015-12-30,8.652690615264884,20
2015-12-31,8.586000596315069,20
2016-01-04,8.227652233229753,20
2016-01-05,8.184166845600938,20
2016-01-06,8.282421113721135,20
2016-01-07,7.904462336690822,20
2016-01-08,7.979425335997585,20
2016-01-11,7.736038383380851,20
2016-01-12,7.758955339408639,20
2016-01-13,7.603535756973486,20
2016-01-14,7.784350233922494,20
2016-01-15,7.639641164513603,20
2016-01-18,7.713549020304207,20
2016-01-19,7.838736443667903,20
2016-01-20,7.803228703346556,20
2016-01-21,7.611809571781261,20
2016-01-22,7.6786142784223745,20
2016-01-25,7.719860385666499,20
2016-01-26,7.406957149227692,20
2016-01-27,7.423732694258057,20
2016-01-28,7.269201514788763,20
2016-01-29,7.419009732100205,20
2016-02-01,7.411360469307682,20
2016-02-02,7.488609235089154,20
2016-02-03,7.488351548788057,20
2016-02-04,7.5344671809261845,20
2016-02-05,7.50235134158543,20
2016-02-15,7.494765629407371,20
2016-02-16,7.5858407378956505,20
2016-02-17,7.61395480124447,20
2016-02-18,7.626135917385252,20
2016-02-19,7.634468641152943,20
2016-02-22,7.667363941890048,20
2016-02-23,7.647968884102763,20
2016-02-24,7.632502955202368,20
2016-02-25,7.466554725541706,20
2016-02-26,7.452366557945029,20
2016-02-29,7.332409088881602,20
2016-03-01,7.386605342570335,20
2016-03-02,7.4752445434649335,19
2016-03-03,7.468315993840985,19
2016-03-04,7.3880490253917355,19
2016-03-07,7.435556695665457,19
2016-03-08,7.45679081802841,19
2016-03-09,7.412149880527169,19
2016-03-10,7.3857656393022655,19
2016-03-11,7.393714187655266,19
2016-03-14,7.475232979089614,19
2016-03-15,7.461406897977163,19
2016-03-16,7.437467642731132,19
2016-03-17,7.516758589470884,19
2016-03-18,7.593875782550958,19
2016-03-21,7.650184117576075,19
2016-03-22,7.642125803893262,19
2016-03-23,7.675089114020449,19
2016-03-24,7.679645950186854,19
2016-03-25,7.690699365536706,19
2016-03-28,7.6746748707737975,19
2016-03-29,7.628335359167603,19
2016-03-30,7.723056979413946,19
2016-03-31,7.7631911683886,19
2016-04-01,7.75691197829046,19
2016-04-05,7.806584421437714,20
2016-04-06,7.833395200333389,20
2016-04-07,7.810226355957553,20
2016-04-08,7.7869161689933,20
2016-04-11,7.856528647085149,20
2016-04-12,7.837088248635274,20
2016-04-13,7.864114620757944,20
2016-04-14,7.890589863262113,20
2016-04-15,7.89137542872649,20
2016-04-18,7.847793799237763,20
2016-04-19,7.858408065317298,20
2016-04-20,7.763317558284342,20
2016-04-21,7.733541210347044,20
2016-04-22,7.755282936783114,20
2016-04-25,7.73599332096363,20
2016-04-26,7.768718983495283,20
2016-04-27,7.763262966609076,20
2016-04-28,7.764950549575027,20
2016-04-29,7.770100643094663,20
2016-05-03,7.853436898786682,20
2016-05-04,7.851062878104468,20
2016-05-05,7.864562564620602,20
2016-05-06,7.7612503004777995,20
2016-05-09,7.674942533185072,20
2016-05-10,7.677842093757395,20
2016-05-11,7.68409338236675,20
2016-05-12,7.684150187105303,20
2016-05-13,7.6883943798410845,20
2016-05-16,7.734464343718637,20
2016-05-17,7.720925755479393,20
2016-05-18,7.657161853890814,20
2016-05-19,7.660093604109703,20
2016-05-20,7.688071704221651,20
2016-05-23,7.714337378657196,20
2016-05-24,7.690561298951839,20
2016-05-25,7.6935659075503295,20
2016-05-26,7.687023176769051,20
2016-05-27,7.685365432364526,20
2016-05-30,7.683649172717127,20
2016-05-31,7.790508854896856,20
2016-06-01,7.794896610889791,20
2016-06-02,7.824211982124694,19
2016-06-03,7.8540701116656635,19
2016-06-06,7.876883962263868,19
2016-06-07,7.896732266799682,19
2016-06-08,7.878696256893011,19
2016-06-13,7.75396262086931,19
2016-06-14,7.765401581249462,19
2016-06-15,7.870803398998468,19
2016-06-16,7.860360714087346,19
2016-06-17,7.894749110284364,19
2016-06-20,7.949323654625636,19
2016-06-21,7.906939025586737,19
2016-06-22,7.954624488662773,19
2016-06-23,7.933532892763619,19
2016-06-24,7.920447309388751,19
2016-06-27,7.995153046512116,19
2016-06-28,8.026226246360364,19
2016-06-29,8.028547838639616,19
2016-06-30,8.005571640303973,19
2016-07-01,7.999094486388585,19
2016-07-04,8.095546814508717,20
2016-07-05,8.11073298740073,20
2016-07-06,8.141637436254847,20
2016-07-07,8.151776608913517,20
2016-07-08,8.140847648144229,20
2016-07-11,8.128427833028791,20
2016-07-12,8.202206892068592,20
2016-07-13,8.222572514099962,20
2016-07-14,8.229449814128854,20
2016-07-15,8.216738997303631,20
2016-07-18,8.1974658342803,20
2016-07-19,8.216557857187485,20
2016-07-20,8.217250991376643,20
2016-07-21,8.200491066847446,20
2016-07-22,8.145206751072697,20
2016-07-25,8.156987123319203,20
2016-07-26,8.214237672380003,20
2016-07-27,8.026008248694078,20
2016-07-28,8.058186773376326,20
2016-07-29,8.070353304056395,20
2016-08-01,7.964257951137417,20
2016-08-02,8.004074534017917,20
2016-08-03,8.055076794596484,20
2016-08-04,8.077804876984963,20
2016-08-05,8.037328666630266,20
2016-08-08,8.121126203106652,20
2016-08-09,8.136342206842151,20
2016-08-10,8.105947008085684,20
2016-08-11,8.015900662022466,20
2016-08-12,8.08169774306217,20
2016-08-15,8.25323841230057,20
2016-08-16,8.277568471150051,20
2016-08-17,8.301908232134258,20
2016-08-18,8.283297746226756,20
2016-08-19,8.278671651433763,20
2016-08-22,8.197437429507072,20
2016-08-23,8.217412749004014,20
2016-08-24,8.225049073063412,20
2016-08-25,8.18960093859048,20
2016-08-26,8.210311205802434,20
2016-08-29,8.252006767634624,20
2016-08-30,8.267475094757584,20
2016-08-31,8.252920493699726,20
2016-09-01,8.217239972226903,20
2016-09-02,8.248066224569293,20
2016-09-05,8.273078619276758,20
2016-09-06,8.39809863687335,20
2016-09-07,8.393294554750687,20
2016-09-08,8.449622205987058,20
2016-09-09,8.41127857525734,20
2016-09-12,8.250351639515578,20
2016-09-13,8.304264074217356,20
2016-09-14,8.251631842243814,20
2016-09-19,8.334709796600684,20
2016-09-20,8.30555618075248,20
2016-09-21,8.326284011439345,20
2016-09-22,8.351976396399396,20
2016-09-23,8.35201560045004,20
2016-09-26,8.217624286417797,20
2016-09-27,8.29573706081055,20
2016-09-28,8.342476622208517,20
2016-09-29,8.392053105459128,20
2016-09-30,8.389894938051363,20
2016-10-10,8.498414790996138,20
2016-10-11,8.511803783570436,19
2016-10-12,8.56613290769547,19
2016-10-13,8.553489406043678,19
2016-10-14,8.543258796318879,19
2016-10-17,8.486983418671205,19
2016-10-18,8.592180273732124,19
2016-10-19,8.553728246741649,19
2016-10-20,8.562305548220673,19
2016-10-21,8.517414749365118,19
2016-10-24,8.575280561703261,19
2016-10-25,8.611045432779669,19
2016-10-26,8.576586229970104,19
2016-10-27,8.595587060881211,19
2016-10-28,8.54056802788555,19
2016-10-31,8.523344997842338,19
2016-11-01,8.64546154506365,19
2016-11-02,8.604849651288133,20
2016-11-03,8.671872568290375,20
2016-11-04,8.68443991772948,20
2016-11-07,8.626440029041513,20
2016-11-08,8.68087805669799,20
2016-11-09,8.62713610608072,20
2016-11-10,8.785413289056828,20
2016-11-11,8.884038006896445,20
2016-11-14,8.86441755086451,20
2016-11-15,8.893544281849907,20
2016-11-16,8.839785933977723,20
2016-11-17,8.796570728609012,20
2016-11-18,8.8146677782473,20
2016-11-21,8.89982353691353,20
2016-11-22,8.977942087499326,20
2016-11-23,8.902300805553459,20
2016-11-24,8.850683692479945,20
2016-11-25,8.82862019748857,20
2016-11-28,8.786396473472179,20
2016-11-29,8.747267968371828,20
2016-11-30,8.785844658632943,20
2016-12-01,8.860411916804763,20
2016-12-02,8.710952776189506,20
2016-12-05,8.749993320867278,20
2016-12-06,8.761499303210643,20
2016-12-07,8.861193405587771,20
2016-12-08,8.867238552322757,20
2016-12-09,8.80307576166217,20
2016-12-12,8.356191594019323,20
2016-12-13,8.380607731256017,20
2016-12-14,8.306351318797299,20
2016-12-15,8.364371449556138,20
2016-12-16,8.449189806816463,20
2016-12-19,8.481486343716005,20
2016-12-20,8.453544443733103,20
2016-12-21,8.542274416499119,20
2016-12-22,8.515331560005995,20
2016-12-23,8.413023188562471,20
2016-12-26,8.504504012746432,20
2016-12-27,8.517323356423171,20
2016-12-28,8.50442985994901,20
2016-12-29,8.463417488515915,20
2016-12-30,8.502242598630795,20
2017-01-03,8.543533811884755,20
2017-01-04,8.608997311251198,20
2017-01-05,8.578164881927668,20
2017-01-06,8.553272741042834,20
2017-01-09,8.587172485946315,20
2017-01-10,8.575873744901633,20
2017-01-11,8.50920764149653,20
2017-01-12,8.465208926507756,20
2017-01-13,8.376503488289107,20
2017-01-16,8.181966668408707,20
2017-01-17,8.256718819229445,20
2017-01-18,8.236134092198307,20
2017-01-19,8.225874384768412,20
2017-01-20,8.313431962491801,20
2017-01-23,8.37847804338963,20
2017-01-24,8.33781847420897,20
2017-01-25,8.358463996086217,20
2017-01-26,8.398085196090905,20
2017-02-03,8.372774706989178,20
2017-02-06,8.433588030585929,20
2017-02-07,8.448904500192292,20
2017-02-08,8.491238661880589,20
2017-02-09,8.57007425780864,20
2017-02-10,8.552717205178366,20
2017-02-13,8.58866589052753,20
2017-02-14,8.559339004940128,20
2017-02-15,8.52708462344431,20
2017-02-16,8.56151831791672,20
2017-02-17,8.513344884872375,20
2017-02-20,8.609981196404886,20
2017-02-21,8.663803664873729,20
2017-02-22,8.684059076780638,20
2017-02-23,8.689213464343506,20
2017-02-24,8.717441675334198,20
2017-02-27,8.6779259787032,20
2017-02-28,8.703830547329874,20
2017-03-01,8.724797059021261,20
2017-03-02,8.679895197515773,20
2017-03-03,8.724661320755212,20
2017-03-06,8.836088944489184,20
2017-03-07,8.873114612938894,20
2017-03-08,8.814601131309722,20
2017-03-09,8.797518083879375,20
2017-03-10,8.869764424431008,20
2017-03-13,8.91775136201233,20
2017-03-14,8.895907804591856,20
2017-03-15,8.914209209867442,20
2017-03-16,9.010661233557705,20
2017-03-17,8.9365441485069,20
2017-03-20,8.965509132390194,20
2017-03-21,8.981966579163785,20
2017-03-22,8.95652908954643,20
2017-03-23,8.935681689716528,20
2017-03-24,8.942158895597826,20
2017-03-27,8.970032595326927,20
2017-03-28,8.923178593530471,20
2017-03-29,8.806430445896341,20
2017-03-30,8.65831768451746,20
2017-03-31,8.712138060574059,20
2017-04-05,8.82587010045215,20
2017-04-06,8.878982237660589,20
2017-04-07,8.863628744693099,20
2017-04-10,8.67515346645879,20
2017-04-11,8.708793049857634,20
2017-04-12,8.67619021233742,20
2017-04-13,8.730554781812732,20
2017-04-14,8.653725035701976,20
2017-04-17,8.546279751890605,20
2017-04-18,8.532265062074716,20
2017-04-19,8.503807658144021,20
2017-04-20,8.499704391285512,20
2017-04-21,8.445089291241128,20
2017-04-24,8.285159737737104,20
2017-04-25,8.286079010473003,20
2017-04-26,8.249841470515355,20
2017-04-27,8.281923364934213,20
2017-04-28,8.309364807730274,20
2017-05-02,8.278628840391566,20
2017-05-03,8.277696755132535,20
2017-05-04,8.288224316171418,20
2017-05-05,8.248362666547866,20
2017-05-08,8.182307230924879,20
2017-05-09,8.20250871655312,20
2017-05-10,8.133221807594087,20
2017-05-11,8.121608341322249,20
2017-05-12,8.114721089878017,20
2017-05-15,8.118478925952713,20
2017-05-16,8.203572390316847,20
2017-05-17,8.205965255136801,20
2017-05-18,8.18441359010121,20
2017-05-19,8.166069663255174,20
2017-05-22,8.106051192671655,20
2017-05-23,8.016071214728921,20
2017-05-24,8.027017754210492,20
2017-05-25,8.051358037810619,20
2017-05-26,8.072210990194618,20
2017-05-31,8.079121644957922,20
2017-06-01,7.995099008176458,20
2017-06-02,8.03408106775303,20
2017-06-05,8.076403091385028,20
2017-06-06,8.103606736408423,20
2017-06-07,8.189781925343725,20
2017-06-08,8.180319796316802,20
2017-06-09,8.17931118870946,20
2017-06-12,8.108720149406565,20
2017-06-13,8.183358878533628,20
2017-06-14,8.20332799405377,20
2017-06-15,8.236623903588386,20
2017-06-16,8.229750058791343,20
2017-06-19,8.229228555393677,20
2017-06-20,8.226878109742318,20
2017-06-21,8.221877105753153,20
2017-06-22,8.180114943635939,20
2017-06-23,8.189803751686814,20
2017-06-26,8.228629377333503,20
2017-06-27,8.22866230270119,20
2017-06-28,8.207020427387047,20
2017-06-29,8.217444396428137,20
2017-06-30,8.25334291161713,20
2017-07-03,8.279987859933483,20
2017-07-04,8.262088306293446,20
2017-07-05,8.316093430985747,20
2017-07-06,8.305945887549626,20
2017-07-07,8.384055589948927,20
2017-07-10,8.318847682193816,20
2017-07-11,8.233041747610335,20
2017-07-12,8.26592530462975,20
2017-07-13,8.232341156297075,20
2017-07-14,8.188018895202129,20
2017-07-17,7.961784126676114,20
2017-07-18,7.978310652062055,20
2017-07-19,7.9873149332808895,20
2017-07-20,7.981729808025709,20
2017-07-21,7.962951781275217,20
2017-07-24,7.978828554649151,20
2017-07-25,7.970441420848892,20
2017-07-26,7.967976907104319,20
2017-07-27,8.049142246936398,20
2017-07-28,8.030336911853324,20
2017-07-31,8.039840031389312,20
2017-08-01,8.033338974097285,20
2017-08-02,7.9862179482548985,20
2017-08-03,8.007708291660412,20
2017-08-04,7.943221535635751,20
2017-08-07,7.9783457655767,20
2017-08-08,8.014115677198534,20
2017-08-09,8.018121600235753,20
2017-08-10,7.957515070464721,20
2017-08-11,7.922425928728612,20
2017-08-14,7.998991552668951,20
2017-08-15,8.053116920460324,20
2017-08-16,8.109469745084297,20
2017-08-17,8.11559280729896,20
2017-08-18,8.069993937844131,20
2017-08-21,8.117082909753563,20
2017-08-22,8.126961873518763,20
2017-08-23,8.102161874500242,20
2017-08-24,8.0895977985212,20
2017-08-25,8.150033117709365,20
2017-08-28,8.235634939780338,20
2017-08-29,8.243256466821174,20
2017-08-30,8.224893833181994,20
2017-08-31,8.338908227632043,20
2017-09-01,8.331647185181172,20
2017-09-04,8.345094439661452,20
2017-09-05,8.35219434529815,20
2017-09-06,8.421846366045155,20
2017-09-07,8.382875294729866,20
2017-09-08,8.432717604644399,20
2017-09-11,8.571983372436787,20
2017-09-12,8.443413068702771,20
2017-09-13,8.493588208660118,20
2017-09-14,8.489005135309535,20
2017-09-15,8.446728502292553,20
2017-09-18,8.463592784069652,20
2017-09-19,8.4904225590902,20
2017-09-20,8.575279225895374,20
2017-09-21,8.493979206035702,20
2017-09-22,8.542807693711044,20
2017-09-25,8.455982284829872,20
2017-09-26,8.400791806469982,20
2017-09-27,8.491370418206403,20
2017-09-28,8.463887161227568,20
2017-09-29,8.534045997191729,20
2017-10-09,8.585674124493323,20
2017-10-10,8.709704668873659,20
2017-10-11,8.701374078713144,20
2017-10-12,8.660661779895134,20
2017-10-13,8.815383633121597,20
2017-10-16,8.605759344304804,20
2017-10-17,8.67656628629553,20
2017-10-18,8.564387130072696,20
2017-10-19,8.490328032036746,20
2017-10-20,8.578150762592244,20
2017-10-23,8.630392940467324,20
2017-10-24,8.576217090250676,20
2017-10-25,8.73233263173281,20
2017-10-26,8.743875473738072,20
2017-10-27,8.714199120191358,20
2017-10-30,8.493078091454867,20
2017-10-31,8.62102431818692,20
2017-11-01,8.69119678789455,20
2017-11-02,8.612585411783172,20
2017-11-03,8.539543641309974,20
2017-11-06,8.638412659812513,20
2017-11-07,8.62041483210949,20
2017-11-08,8.623061943438659,20
2017-11-09,8.67397351345293,20
2017-11-10,8.674311752603272,20
2017-11-13,8.77856148962021,20
2017-11-14,8.645337741739768,20
2017-11-15,8.575981965179677,20
2017-11-16,8.460966619050009,20
2017-11-17,8.046526068699835,20
2017-11-20,8.075643537094457,20
2017-11-21,8.05396014454446,20
2017-11-22,8.035381276044003,20
2017-11-23,7.86794187022938,20
2017-11-24,7.893523994309828,20
2017-11-27,7.797273660962778,20
2017-11-28,7.923595288196053,20
2017-11-29,7.8662307752574385,20
2017-11-30,7.847210990569434,20
2017-12-01,7.88448126624804,20
2017-12-04,7.7246080977085,20
2017-12-05,7.580294321690187,20
2017-12-06,7.652758028008896,20
2017-12-07,7.652972203872227,20
2017-12-08,7.699654817553939,20
2017-12-11,7.72940234263701,20
2017-12-12,7.650958521778017,20
2017-12-13,7.692048057511888,20
2017-12-14,7.697422021894347,20
2017-12-15,7.673526584342832,20
2017-12-18,7.631773538501344,20
2017-12-19,7.662344226083191,20
2017-12-20,7.612895836237337,20
2017-12-21,7.599920106967027,20
2017-12-22,7.578531656505556,20
2017-12-25,7.5126148470471055,20
2017-12-26,7.59089638057818,20
2017-12-27,7.584849513600559,20
2017-12-28,7.6095087923411935,20
2017-12-29,7.655104081552933,20
2018-01-02,7.694501739891708,20
2018-01-03,7.703315033704309,19
2018-01-04,7.683942025543406,19
2018-01-05,7.680297296292165,19
2018-01-08,7.67321372639522,19
2018-01-09,7.676603702348466,19
2018-01-10,7.6095541833558205,19
2018-01-11,7.662926329175016,19
2018-01-12,7.648561051682159,19
2018-01-15,7.555800053758201,19
2018-01-16,7.618731586167068,19
2018-01-17,7.658093108009728,19
2018-01-18,7.688468159484577,19
2018-01-19,7.669405678527098,19
2018-01-22,7.703412925849172,19
2018-01-23,7.683416937436363,19
2018-01-24,7.706845960325854,19
2018-01-25,7.707060003973179,19
2018-01-26,7.667321644997741,19
2018-01-29,7.617374329009402,19
2018-01-30,7.626151193625124,19
2018-01-31,7.517099627165128,19
2018-02-01,7.374678250103659,19
2018-02-02,7.335087418191905,20
2018-02-05,7.290386813304602,20
2018-02-06,7.1100730273710795,20
2018-02-07,7.144450884059412,20
2018-02-08,7.1893479629001,20
2018-02-09,7.120116108037817,20
2018-02-12,7.231934149973219,20
2018-02-13,7.223999647523902,20
2018-02-14,7.2223934445506845,20
2018-02-22,7.274165404414264,20
2018-02-23,7.301409904333567,20
2018-02-26,7.410394038591539,20
2018-02-27,7.438137197469626,20
2018-02-28,7.430151490373648,20
2018-03-01,7.45493702895285,20
2018-03-02,7.4454193652937475,20
2018-03-05,7.469531591036946,20
2018-03-06,7.499012393345965,20
2018-03-07,7.477254803036993,20
2018-03-08,7.552025900390914,20
2018-03-09,7.6120319603376,20
2018-03-12,7.651381694000532,20
2018-03-13,7.643592233604163,20
2018-03-14,7.641330070849482,20
2018-03-15,7.572815679843871,20
2018-03-16,7.595097999390689,20
2018-03-19,7.616723987860705,20
2018-03-20,7.624311109838513,20
2018-03-21,7.631386569601668,20
2018-03-22,7.676229799719342,20
2018-03-23,7.5525635084296905,20
2018-03-26,7.614315568207538,20
2018-03-27,7.70706360616289,20
2018-03-28,7.69033459661632,20
2018-03-29,7.709933129130158,20
2018-03-30,7.762550782022781,20
2018-04-02,7.757643092548796,20
2018-04-03,7.749360342916628,20
2018-04-04,7.748267114311765,20
2018-04-09,7.767860933777745,20
2018-04-10,7.798028525354355,20
2018-04-11,7.823574989546868,20
2018-04-12,7.855084450913268,20
2018-04-13,7.846701379665077,20
2018-04-16,7.812949749417499,20
2018-04-17,7.7426680963953345,20
2018-04-18,7.763286811933303,20
2018-04-19,7.752226748469545,20
2018-04-20,7.686558899347178,20
2018-04-23,7.699259348012161,20
2018-04-24,7.782640320670592,20
2018-04-25,7.797187408298993,20
2018-04-26,7.7388358852344705,20
2018-04-27,7.744721432512632,20
2018-05-02,7.730634125717669,20
2018-05-03,7.756328896683109,20
2018-05-04,7.761836767068799,20
2018-05-07,7.804483092543776,20
2018-05-08,7.808442396830853,20
2018-05-09,7.830849017606873,20
2018-05-10,7.8512077640221065,20
2018-05-11,7.810141358196839,20
2018-05-14,7.79089937776219,20
2018-05-15,7.829422455434438,20
2018-05-16,7.816648160352568,20
2018-05-17,7.816356106456331,20
2018-05-18,7.822191747527825,20
2018-05-21,7.850960703917469,20
2018-05-22,7.874353357660161,20
2018-05-23,7.872634754313297,20
2018-05-24,7.866078158363773,20
2018-05-25,7.851927413728451,20
2018-05-28,7.8531416152696965,20
2018-05-29,7.845254000138108,20
2018-05-30,7.767275604044394,20
2018-05-31,7.82904870179143,20
2018-06-01,7.829126012887422,20
2018-06-04,7.823227204232461,20
2018-06-05,7.85656059360513,20
2018-06-06,7.872099819083897,20
2018-06-07,7.8439088847582825,20
2018-06-08,7.8431604393625225,20
2018-06-11,7.832954115023448,20
2018-06-12,7.8398883180886205,20
2018-06-13,7.804128722497659,20
2018-06-14,7.789661055891607,20
2018-06-15,7.733816185180652,20
2018-06-19,7.595746024365052,20
2018-06-20,7.645315104111485,20
2018-06-21,7.596705331774228,20
2018-06-22,7.628121399142092,20
2018-06-25,7.639292255536659,20
2018-06-26,7.667377630747459,20
2018-06-27,7.649202113673151,20
2018-06-28,7.63010157630228,20
2018-06-29,7.696435382029536,20
2018-07-02,7.6684033580061275,20
2018-07-03,7.708379276188236,20
2018-07-04,7.657771294827577,20
2018-07-05,7.6217775129165055,20
2018-07-06,7.634394837406746,20
2018-07-09,7.691579863435834,20
2018-07-10,7.718581843698872,20
2018-07-11,7.672015694376111,20
2018-07-12,7.72251679326231,20
2018-07-13,7.7360345093451945,20
2018-07-16,7.739242957965282,20
2018-07-17,7.750219911533708,20
2018-07-18,7.744084532603171,20
2018-07-19,7.731923327969965,20
2018-07-20,7.7485326961906615,20
2018-07-23,7.764576397898329,20
2018-07-24,7.800333858854025,20
2018-07-25,7.7916185600287635,20
2018-07-26,7.7711576829568445,20
2018-07-27,7.768232733424913,20
2018-07-30,7.729579523896344,20
2018-07-31,7.7316346070838895,20
2018-08-01,7.7036201777757505,20
2018-08-02,7.6429468305076655,20
2018-08-03,7.626871324339178,20
2018-08-06,7.587234187231958,20
2018-08-07,7.627939783375128,20
2018-08-08,7.594388557022308,20
2018-08-09,7.631068499246455,20
2018-08-10,7.636343438200791,20
2018-08-13,7.642969365711083,20
2018-08-14,7.640643015019068,20
2018-08-15,7.6076995369167095,20
2018-08-16,7.599945009336371,20
2018-08-17,7.579867804878541,20
2018-08-20,7.58011412598123,20
2018-08-21,7.589832552698091,20
2018-08-22,7.57025409330956,20
2018-08-23,7.5894680385319555,20
2018-08-24,7.58724455429577,20
2018-08-27,7.620481225036023,20
2018-08-28,7.618832845603486,20
2018-08-29,7.606498579363927,20
2018-08-30,7.585602278868209,20
2018-08-31,7.567272487171837,20
2018-09-03,7.55140383987693,20
2018-09-04,7.566036315439652,20
2018-09-05,7.542976189960141,20
2018-09-06,7.533053044361182,20
2018-09-07,7.533596703274953,20
2018-09-10,7.499392500363321,20
2018-09-11,7.502416578471404,20
2018-09-12,7.506248802989696,20
2018-09-13,7.514411378536971,20
2018-09-14,7.49994741218397,20
2018-09-17,7.466964623888928,20
2018-09-18,7.487176409217506,20
2018-09-19,7.500642675901461,20
2018-09-20,7.495083564857358,20
2018-09-21,7.517458043757496,20
2018-09-25,7.518189253796516,20
2018-09-26,7.522649744481647,20
2018-09-27,7.494469393073928,20
2018-09-28,7.516410917888197,20
2018-10-08,7.461676720837255,20
2018-10-09,7.461804418666967,20
2018-10-10,7.480133915962659,20
2018-10-11,7.355853895839593,20
2018-10-12,7.351688159663305,20
2018-10-15,7.342995667803233,20
2018-10-16,7.309256657335776,20
2018-10-17,7.314557176516046,20
2018-10-18,7.2883798149851495,20
2018-10-19,7.324688914985194,20
2018-10-22,7.3999360050128775,20
2018-10-23,7.374600688162633,20
2018-10-24,7.37518859147886,20
2018-10-25,7.365509563320447,20
2018-10-26,7.371406047887619,20
2018-10-29,7.364070643316757,20
2018-10-30,7.396183893957068,20
2018-10-31,7.419529544492603,20
2018-11-01,7.408476151890569,20
2018-11-02,7.4540563891676435,20
2018-11-05,7.450269953765641,20
2018-11-06,7.448655948499659,20
2018-11-07,7.440568661243458,20
2018-11-08,7.443788846964561,20
2018-11-09,7.450742901514371,20
2018-11-12,7.487047942340393,20
2018-11-13,7.512406750720254,20
2018-11-14,7.521875498750618,20
2018-11-15,7.564489802099191,20
2018-11-16,7.569781273971561,20
2018-11-19,7.571781967086386,20
2018-11-20,7.5345594572487355,20
2018-11-21,7.55372955367159,20
2018-11-22,7.549533955600508,20
2018-11-23,7.4954275063732965,20
2018-11-26,7.474768586123592,20
2018-11-27,7.491395132631013,20
2018-11-28,7.506278822790116,20
2018-11-29,7.462240350567473,20
2018-11-30,7.473238286345819,20
2018-12-03,7.5168670826392745,20
2018-12-04,7.529539266295052,20
2018-12-05,7.52177522508749,20
2018-12-06,7.502666913728381,20
2018-12-07,7.503054296684484,20
2018-12-10,7.483957987332276,20
2018-12-11,7.4916277710426105,20
2018-12-12,7.499420727082545,20
2018-12-13,7.513010840593771,20
2018-12-14,7.487688304525039,20
2018-12-17,7.485358210074654,20
2018-12-18,7.473559989927826,20
2018-12-19,7.4558711493993695,20
2018-12-20,7.468437753425951,20
2018-12-21,7.4661013155795795,20
2018-12-24,7.482469256024739,20
2018-12-25,7.471172367421314,20
2018-12-26,7.471085700306634,20
2018-12-27,7.460496492033373,20
2018-12-28,7.464255296453127,20
2019-01-02,7.450515078407629,20
2019-01-03,7.4357050537670055,20
2019-01-04,7.473062824399518,20
2019-01-07,7.504037559847171,20
2019-01-08,7.500115348054627,20
2019-01-09,7.504272510788106,20
2019-01-10,7.500765277588982,20
2019-01-11,7.512495367875647,20
2019-01-14,7.512864587412702,20
2019-01-15,7.525836314521951,20
2019-01-16,7.529916996209465,20
2019-01-17,7.509297612410247,20
2019-01-18,7.510671183269033,20
2019-01-21,7.526200189492831,20
2019-01-22,7.519728006142753,20
2019-01-23,7.534748025420466,20
2019-01-24,7.535259318490213,20
2019-01-25,7.521441265421044,20
2019-01-28,7.515615644903497,20
2019-01-29,7.500707179753704,20
2019-01-30,7.489858241955131,20
2019-01-31,7.464803741845185,20
2019-02-01,7.495205018581252,20
2019-02-11,7.530039883972324,20
2019-02-12,7.551407931982174,20
2019-02-13,7.570822120940413,20
2019-02-14,7.572201438554439,20
2019-02-15,7.568135722989024,20
2019-02-18,7.605830137668339,20
2019-02-19,7.606857335789858,20
2019-02-20,7.619787462292079,20
2019-02-21,7.608362284265889,20
2019-02-22,7.629656061207057,20
2019-02-25,7.682368415958227,20
2019-02-26,7.674931400712971,20
2019-02-27,7.678750062513493,20
2019-02-28,7.739372601469675,20
2019-03-01,7.737030204595107,20
2019-03-04,7.791275496290373,20
2019-03-05,7.835222349160232,20
2019-03-06,7.914632033942095,20
2019-03-07,7.986799216954057,20
2019-03-08,7.823924909113684,20
2019-03-11,7.957784621772595,20
2019-03-12,8.013662778750007,20
2019-03-13,7.9494205112469345,20
2019-03-14,7.857817716288797,20
2019-03-15,7.937036952848431,20
2019-03-18,8.046440182299563,20
2019-03-19,8.086436845269874,20
2019-03-20,8.097597227101474,20
2019-03-21,8.144912651542311,20
2019-03-22,8.169179574948613,20
2019-03-25,8.164550808239774,20
2019-03-26,8.106857151592328,20
2019-03-27,8.196689884199142,20
2019-03-28,8.153904540094706,20
2019-03-29,8.222399756935138,20
2019-04-01,8.33663299520286,20
2019-04-02,8.389320739550621,20
2019-04-03,8.462177366659565,20
2019-04-04,8.482894081184462,20
2019-04-08,8.424955307150254,20
2019-04-09,8.43254144030334,20
2019-04-10,8.489842996379586,20
2019-04-11,8.36269727924438,20
2019-04-12,8.345872616497696,20
2019-04-15,8.307699815168537,20
2019-04-16,8.372856933592885,20
2019-04-17,8.430177260586214,20
2019-04-18,8.415069866267325,20
2019-04-19,8.488776817970058,20
2019-04-22,8.417326296853155,20
2019-04-23,8.34322629501404,20
2019-04-24,8.422305259970852,20
2019-04-25,8.291660585310646,20
2019-04-26,8.274224391761017,20
2019-04-29,8.150384300354334,20
2019-04-30,8.177193870916007,20
2019-05-06,7.793970458468861,20
2019-05-07,7.878806961502799,20
2019-05-08,7.903045207716665,20
2019-05-09,7.8743776590331,20
2019-05-10,8.048394294902492,20
2019-05-13,8.04404312724541,20
2019-05-14,7.982547952437739,20
2019-05-15,8.061930675170526,20
2019-05-16,8.107290590577097,20
2019-05-17,7.9379088010197805,20
2019-05-20,7.916107714259716,20
2019-05-21,8.02442828969627,20
2019-05-22,7.99333780545998,20
2019-05-23,7.850308868212404,20
2019-05-24,7.826617474353255,20
2019-05-27,7.99527236111145,20
2019-05-28,7.955368589046402,20
2019-05-29,8.000281223745024,20
2019-05-30,8.01566899994418,20
2019-05-31,8.098499212866647,20
2019-06-03,8.050251810519976,20
2019-06-04,7.977679135266114,20
2019-06-05,7.975721520298551,20
2019-06-06,7.818760099905936,20
2019-06-10,7.88717151204928,20
2019-06-11,8.062496771657472,20
2019-06-12,8.062322679420433,20
2019-06-13,8.111409932991517,20
2019-06-14,7.9891269419526125,20
2019-06-17,7.981934184844465,20
2019-06-18,7.986249033833326,20
2019-06-19,8.051645936786512,20
2019-06-20,8.159990152137745,20
2019-06-21,8.26878559270412,20
2019-06-24,8.266022659465802,20
2019-06-25,8.179711255045744,20
2019-06-26,8.26241870362498,20
2019-06-27,8.294313449913949,20
2019-06-28,8.266479246372532,20
2019-07-01,8.393325754094453,20
2019-07-02,8.417767697687154,19
2019-07-03,8.36873848194483,19
2019-07-04,8.366944451579153,19
2019-07-05,8.412358029188612,19
2019-07-08,8.221129769135292,19
2019-07-09,8.224559788842859,19
2019-07-10,8.211570160335645,19
2019-07-11,8.181575532789944,19
2019-07-12,8.203077360230251,19
2019-07-15,8.244175625532144,19
2019-07-16,8.223458339956553,19
2019-07-17,8.229845393395824,19
2019-07-18,8.102802477933338,19
2019-07-19,8.113743422902234,19
2019-07-22,8.032756107503781,19
2019-07-23,8.063077686809047,19
2019-07-24,8.132016759728414,19
2019-07-25,8.139246688248928,19
2019-07-26,8.138993976825326,19
2019-07-29,8.1474730740173,19
2019-07-30,8.182062170534257,19
2019-07-31,8.182996243640796,19
2019-08-01,8.17140851043216,19
2019-08-02,8.07275118137622,20
2019-08-05,8.020850919190394,20
2019-08-06,7.8678348091261965,20
2019-08-07,7.822379323468442,20
2019-08-08,7.83889665664999,20
2019-08-09,7.775399854837432,20
2019-08-12,7.86845001179499,20
2019-08-13,7.856710032319078,20
2019-08-14,7.917308593460665,20
2019-08-15,7.9480755290883955,20
2019-08-16,8.02783661472534,20
2019-08-19,8.160086261057291,20
2019-08-20,8.158354334393913,20
2019-08-21,8.149212493396194,20
2019-08-22,8.164092899735893,20
2019-08-23,8.1694802547273,20
2019-08-26,8.141520163906153,20
2019-08-27,8.258969342972977,20
2019-08-28,8.261212043933757,20
2019-08-29,8.2704263156453,20
2019-08-30,8.188218753347407,20
2019-09-02,8.313293736323027,20
2019-09-03,8.318498548882182,20
2019-09-04,8.35480502555108,20
2019-09-05,8.408560160845633,20
2019-09-06,8.480004485961812,20
2019-09-09,8.604953825493984,20
2019-09-10,8.630028406060767,20
2019-09-11,8.61383873661919,20
2019-09-12,8.64025653340054,20
2019-09-16,8.66126987287334,20
2019-09-17,8.543107797687844,20
2019-09-18,8.589511015841905,20
2019-09-19,8.69099369153651,20
2019-09-20,8.690680251459598,20
2019-09-23,8.63824597692902,20
2019-09-24,8.625107997242932,20
2019-09-25,8.551653458514348,20
2019-09-26,8.425398375502455,20
2019-09-27,8.478752609311561,20
2019-09-30,8.423536584867179,20
2019-10-08,8.478313237505473,20
2019-10-09,8.485470105657956,20
2019-10-10,8.555742137008401,20
2019-10-11,8.572424605905788,20
2019-10-14,8.67521084934424,20
2019-10-15,8.603077625373716,20
2019-10-16,8.588597481471405,20
2019-10-17,8.578732123299517,20
2019-10-18,8.55349600252316,20
2019-10-21,8.467387036205059,20
2019-10-22,8.527468699769159,20
2019-10-23,8.514155719617019,20
2019-10-24,8.49132273803203,20
2019-10-25,8.513453156431451,20
2019-10-28,8.562426320459503,20
2019-10-29,8.477327613017298,20
2019-10-30,8.427959458441382,20
2019-10-31,8.40159454768741,20
2019-11-01,8.419542836938732,20
2019-11-04,8.438368153255603,20
2019-11-05,8.461373166907038,20
2019-11-06,8.435353372598815,20
2019-11-07,8.45717505549155,20
2019-11-08,8.463975138731353,20
2019-11-11,8.381870219991484,20
2019-11-12,8.367134878997494,20
2019-11-13,8.352029033464905,20
2019-11-14,8.389264210128667,20
2019-11-15,8.331794861102606,20
2019-11-18,8.360323642130716,20
2019-11-19,8.396455036480218,20
2019-11-20,8.350988693567075,20
2019-11-21,8.341872603376427,20
2019-11-22,8.320954991468557,20
2019-11-25,8.32202416189192,20
2019-11-26,8.319950210123972,20
2019-11-27,8.308019716166397,20
2019-11-28,8.293564165850274,20
2019-11-29,8.298211068977476,20
2019-12-02,8.31368489245981,20
2019-12-03,8.324805532167469,20
2019-12-04,8.316815277261659,20
2019-12-05,8.33783866843063,20
2019-12-06,8.341343976171066,20
2019-12-09,8.335085132760614,20
2019-12-10,8.339022061357866,20
2019-12-11,8.340757465776615,20
2019-12-12,8.324213266969148,20
2019-12-13,8.360563487139787,20
2019-12-16,8.406882795032171,20
2019-12-17,8.431084544977281,20
2019-12-18,8.43544379356291,20
2019-12-19,8.452835917901119,20
2019-12-20,8.435905821863598,20
2019-12-23,8.400158748364223,20
2019-12-24,8.449213726679396,20
2019-12-25,8.454162703878987,20
2019-12-26,8.498294595807737,20
2019-12-27,8.509951066458393,20
2019-12-30,8.554114064375376,20
2019-12-31,8.583061473681557,20
2020-01-02,8.66417365154225,20
2020-01-03,8.678560894863878,20
2020-01-06,8.65779178368592,20
2020-01-07,8.729408873219414,20
2020-01-08,8.631853180469012,20
2020-01-09,8.75354880692506,20
2020-01-10,8.799002150459287,20
2020-01-13,8.858930769698729,20
2020-01-14,8.854469649061873,20
2020-01-15,8.828920547149911,20
2020-01-16,8.835974028084618,20
2020-01-17,8.843692241418005,20
2020-01-20,8.89586589863341,20
2020-01-21,8.807173814301857,20
2020-01-22,8.771698065365428,20
2020-01-23,8.595204094510324,20
2020-02-03,7.951527111436195,20
2020-02-04,7.9294302740726215,20
2020-02-05,8.116367172019716,20
2020-02-06,8.294260544000254,20
2020-02-07,8.353233043919685,20
2020-02-10,8.439875765835163,20
2020-02-11,8.360958540753924,20
2020-02-12,8.419242340865921,20
2020-02-13,8.346279087291824,20
2020-02-14,8.308500207076857,20
2020-02-17,8.569203800852758,20
2020-02-18,8.607302819774773,20
2020-02-19,8.571304490581076,20
2020-02-20,8.703567670229745,20
2020-02-21,8.738971629183203,20
2020-02-24,8.829898058072795,20
2020-02-25,8.7786526086059,20
2020-02-26,8.717224681035791,20
2020-02-27,8.743053840191642,20
2020-02-28,8.375213961942183,20
2020-03-02,8.587928518978933,20
2020-03-03,8.629316192712611,19
2020-03-04,8.727532383414568,19
2020-03-05,8.866972821009465,19
2020-03-06,8.860113082936465,19
2020-03-09,8.686716470425713,19
2020-03-10,8.76616454097803,19
2020-03-11,8.774787723557454,19
2020-03-12,8.60317379391134,19
2020-03-13,8.520860004977258,19
2020-03-16,8.330065986983167,19
2020-03-17,8.261390154930819,19
2020-03-18,8.243566693385299,19
2020-03-19,8.32598934882082,19
2020-03-20,8.419165748754166,19
2020-03-23,8.258675017856529,19
2020-03-24,8.397243517020492,19
2020-03-25,8.517849081508286,19
2020-03-26,8.492393927714131,19
2020-03-27,8.505897271841057,19
2020-03-30,8.346059807435514,19
2020-03-31,8.375295240106325,19
2020-04-01,8.339186502240057,19
2020-04-02,8.381332943470353,19
2020-04-03,8.371707079644237,19
2020-04-07,8.444979199333376,19
2020-04-08,8.46364753027833,19
2020-04-09,8.492570343758395,19
2020-04-10,8.454761668933317,19
2020-04-13,8.441368833778515,19
2020-04-14,8.469854841057268,19
2020-04-15,8.47186140937341,19
2020-04-16,8.46489724499167,19
2020-04-17,8.483533316899868,19
2020-04-20,8.538046198596247,19
2020-04-21,8.532334835827955,19
2020-04-22,8.5663206903992,19
2020-04-23,8.579119531296323,19
2020-04-24,8.550673699427106,19
2020-04-27,8.542340764473694,19
2020-04-28,8.504207472242017,19
2020-04-29,8.52210450113889,19
2020-04-30,8.627956445570714,19
2020-05-06,8.672345391225598,19
2020-05-07,8.656969486944785,19
2020-05-08,8.716901173190706,19
2020-05-11,8.687148051791095,19
2020-05-12,8.683245359939972,19
2020-05-13,8.728929857931513,19
2020-05-14,8.686318391295027,19
2020-05-15,8.722666634837122,19
2020-05-18,8.70340141425832,19
2020-05-19,8.780981115817248,19
2020-05-20,8.69935619597157,19
2020-05-21,8.669137016126296,19
2020-05-22,8.554408237453742,19
2020-05-25,8.564290463835812,19
2020-05-26,8.663282425248013,19
2020-05-27,8.662013226207218,19
2020-05-28,8.634339663871167,19
2020-05-29,8.643937157401544,19
2020-06-01,8.839002427493652,19
2020-06-02,8.926261172222176,20
2020-06-03,8.918091233640284,20
2020-06-04,8.963523653468837,20
2020-06-05,8.976213422857827,20
2020-06-08,9.01542157967511,20
2020-06-09,9.027247027132912,20
2020-06-10,9.04137628329753,20
2020-06-11,9.035966764184646,20
2020-06-12,9.050105293013706,20
2020-06-15,8.981837244259717,20
2020-06-16,9.098453985990636,20
2020-06-17,9.08195891896656,20
2020-06-18,9.0588913318932,20
2020-06-19,9.101003486505931,20
2020-06-22,9.06884671810849,20
2020-06-23,9.078490673221921,20
2020-06-24,9.053132216394163,20
2020-06-29,8.98429568202785,20
2020-06-30,9.071342324016308,20
2020-07-01,9.080304297874278,20
2020-07-02,9.180668970216571,20
2020-07-03,9.221886973103908,20
2020-07-06,9.477970462463727,20
2020-07-07,9.480674522170997,20
2020-07-08,9.563662091639614,20
2020-07-09,9.786313410021828,20
2020-07-10,9.70613765970428,20
2020-07-13,9.94413234758243,20
2020-07-14,9.870384972298043,20
2020-07-15,9.732173083005524,20
2020-07-16,9.495040152739474,20
2020-07-17,9.559165872979287,20
2020-07-20,9.835037516311145,20
2020-07-21,9.890476776529395,20
2020-07-22,9.84920223380362,20
2020-07-23,9.88248591479079,20
2020-07-24,9.619155729650776,20
2020-07-27,9.638594347541746,20
2020-07-28,9.687007573321376,20
2020-07-29,9.855759088936036,20
2020-07-30,9.912236318238483,20
2020-07-31,9.960035242394056,20
2020-08-03,10.242698456501357,20
2020-08-04,10.240814785787089,20
2020-08-05,10.24030831339221,20
2020-08-06,10.257861413536755,20
2020-08-07,10.174875951950911,20
2020-08-10,10.281559121673794,20
2020-08-11,10.15876588718515,20
2020-08-12,10.052762057546563,20
2020-08-13,10.100224971950416,20
2020-08-14,10.15792170885032,20
2020-08-17,10.288204674079381,20
2020-08-18,10.34274868354845,20
2020-08-19,10.361156091736602,20
2020-08-20,10.245846035144883,20
2020-08-21,10.295135652866334,20
2020-08-24,10.31436293320206,20
2020-08-25,10.2598948285165,20
2020-08-26,10.08616304226958,20
2020-08-27,10.176311490496145,20
2020-08-28,10.246638664296064,20
2020-08-31,10.213846206757111,20
2020-09-01,10.283999378298748,20
2020-09-02,10.309814611923166,20
2020-09-03,10.257292513622092,20
2020-09-04,10.194287004167272,20
2020-09-07,10.081336884772915,20
2020-09-08,10.13707714609743,20
2020-09-09,9.968145724866714,20
2020-09-10,9.833447886561654,20
2020-09-11,9.928680984751136,20
2020-09-14,9.947226719085437,20
2020-09-15,9.921532235325712,20
2020-09-16,9.901243753672711,20
2020-09-17,9.885281634097533,20
2020-09-18,10.04237591971703,20
2020-09-21,10.01601523272942,20
2020-09-22,9.870202623473661,20
2020-09-23,9.838831350579984,20
2020-09-24,9.644982246172749,20
2020-09-25,9.638855487050186,20
2020-09-28,9.612507648513429,20
2020-09-29,9.64367003647758,20
2020-09-30,9.627787487626874,20
2020-10-09,9.838242033488944,20
2020-10-12,10.06624644465328,20
2020-10-13,10.061693371005058,20
2020-10-14,9.972835324551767,20
2020-10-15,9.915836201598417,20
2020-10-16,9.920666561193109,20
2020-10-19,9.909419033897244,20
2020-10-20,10.00165606372938,20
2020-10-21,9.9841840630231,20
2020-10-22,9.883361363174243,20
2020-10-23,9.719137086840865,20
2020-10-26,9.68785291335875,20
2020-10-27,9.687910309506327,20
2020-10-28,9.703783689660666,20
2020-10-29,9.802094710671442,20
2020-10-30,9.60317646738419,20
2020-11-02,9.600024001512091,20
2020-11-03,9.691817009513029,20
2020-11-04,9.686131770344312,20
2020-11-05,9.846349297195722,20
2020-11-06,9.82675339015521,20
2020-11-09,9.962017446674174,20
2020-11-10,9.932604038624206,20
2020-11-11,9.906383467656525,20
2020-11-12,9.95723914358396,20
2020-11-13,9.929098701829213,20
2020-11-16,10.099388776647375,20
2020-11-17,10.10354124071442,20
2020-11-18,10.17900026450645,20
2020-11-19,10.151551509659608,20
2020-11-20,10.142760807176066,20
2020-11-23,10.22702633110683,20
2020-11-24,10.250258436712565,20
2020-11-25,10.136148172987664,20
2020-11-26,10.171581974239496,20
2020-11-27,10.140006061314882,20
2020-11-30,10.105225387184577,20
2020-12-01,10.153591093915324,20
2020-12-02,10.14611480836801,20
2020-12-03,10.13487774311098,20
2020-12-04,10.171503877248115,20
2020-12-07,10.163754140028287,20
2020-12-08,10.127900719739332,20
2020-12-09,10.054271176968337,20
2020-12-10,10.012531326270604,20
2020-12-11,9.905194832489189,20
2020-12-14,9.909237223654033,20
2020-12-15,9.909601084463269,20
2020-12-16,9.871582065982357,20
2020-12-17,9.885542341412691,20
2020-12-18,9.827549229526447,20
2020-12-21,9.870795536950746,20
2020-12-22,9.65671525555031,20
2020-12-23,9.677797853090754,20
2020-12-24,9.528240610896242,20
2020-12-25,9.60908778486202,20
2020-12-28,9.438936260102086,20
2020-12-29,9.437999619086858,20
2020-12-30,9.434996200451005,20
2020-12-31,9.529391239218262,20
2021-01-04,9.58390698384101,20
2021-01-05,9.572571380420184,20
2021-01-06,9.47099954468599,20
2021-01-07,9.259079466983968,20
2021-01-08,9.264828679788971,20
2021-01-11,9.165876942926342,20
2021-01-12,9.192619176154741,20
2021-01-13,9.158791317111733,20
2021-01-14,9.298658112738076,20
2021-01-15,9.357038029456394,20
2021-01-18,9.407427703953278,20
2021-01-19,9.456220197206104,20
2021-01-20,9.450121079317393,20
2021-01-21,9.494093436674417,20
2021-01-22,9.452379014127697,20
2021-01-25,9.325282134973204,20
2021-01-26,9.292816865732128,20
2021-01-27,9.333192278149417,20
2021-01-28,9.240188561246496,20
2021-01-29,9.19315803776331,20
2021-02-01,9.219986168504477,20
2021-02-02,9.262155156035153,20
2021-02-03,9.259492168164275,20
2021-02-04,9.181601495802083,20
2021-02-05,9.180044925241658,20
2021-02-08,9.187694759853844,20
2021-02-09,9.266134468714588,20
2021-02-10,9.28179970024018,20
2021-02-18,9.340759767712793,20
2021-02-19,9.405098674951262,20
2021-02-22,9.461593842690213,20
2021-02-23,9.438183110058164,20
2021-02-24,9.42901531645712,20
2021-02-25,9.4170871616493,20
2021-02-26,9.398674677015283,20
2021-03-01,9.47778041740595,20
2021-03-02,9.481841553574156,20
2021-03-03,9.504498217237801,20
2021-03-04,9.466743613743127,20
2021-03-05,9.490002789823325,20
2021-03-08,9.483476579300394,20
2021-03-09,9.443479547179216,20
2021-03-10,9.428656091322903,20
2021-03-11,9.4753618871926,20
2021-03-12,9.506241595956645,20
2021-03-15,9.50497311659524,20
2021-03-16,9.547576017140152,20
2021-03-17,9.537739045458444,20
2021-03-18,9.572647694443184,20
2021-03-19,9.58881637893144,20
2021-03-22,9.646537155272535,20
2021-03-23,9.65176408213141,20
2021-03-24,9.63268876077491,20
2021-03-25,9.613363961440468,20
2021-03-26,9.649129018107097,20
2021-03-29,9.653728047392757,20
2021-03-30,9.659731960573339,20
2021-03-31,9.65286728987344,20
2021-04-01,9.637889724919857,20
2021-04-02,9.637802118382451,20
2021-04-06,9.653096854134017,20
2021-04-07,9.674987350531154,20
2021-04-08,9.65734525915077,20
2021-04-09,9.654852974605856,20
2021-04-12,9.61247387363866,20
2021-04-13,9.585353558790397,20
2021-04-14,9.588171114238735,20
2021-04-15,9.573526732005476,20
2021-04-16,9.596875533955016,20
2021-04-19,9.620262138382511,20
2021-04-20,9.605783428105564,20
2021-04-21,9.591123815847087,20
2021-04-22,9.608231240771154,20
2021-04-23,9.609376805142725,20
2021-04-26,9.591004953495617,20
2021-04-27,9.563648146798757,20
2021-04-28,9.546507090862663,20
2021-04-29,9.555760766383452,20
2021-04-30,9.522649210903712,20
2021-05-06,9.514006102760739,20
2021-05-07,9.506555167249902,20
2021-05-10,9.538323128985017,20
2021-05-11,9.540832764277617,20
2021-05-12,9.561402238054026,20
2021-05-13,9.568656862957628,20
2021-05-14,9.60456311154803,20
2021-05-17,9.569974377150256,20
2021-05-18,9.566728131128993,20
2021-05-19,9.56171334289155,20
2021-05-20,9.55549675305164,20
2021-05-21,9.561399418998207,20
2021-05-24,9.594283429054979,20
2021-05-25,9.619666440883995,20
2021-05-26,9.630976302325777,20
2021-05-27,9.627772200883404,20
2021-05-28,9.622443711507355,20
2021-05-31,9.66142981614761,20
2021-06-01,9.644226870798612,20
2021-06-02,9.601280985770844,20
2021-06-03,9.591775431308928,20
2021-06-04,9.552301013551228,20
2021-06-07,9.578760969546261,20
2021-06-08,9.601319817975947,20
2021-06-09,9.633361115800488,20
2021-06-10,9.65956877962403,20
2021-06-11,9.717158306090534,20
2021-06-15,9.625101852253774,20
2021-06-16,9.517207646180415,20
2021-06-17,9.537640139281278,20
2021-06-18,9.550302916392518,20
2021-06-21,9.59567228818986,20
2021-06-22,9.659785454276768,20
2021-06-23,9.632729685236825,20
2021-06-24,9.572938133896772,20
2021-06-25,9.575251275983764,20
2021-06-28,9.60049391603876,20
2021-06-29,9.520249868070804,20
2021-06-30,9.518137780324937,20
2021-07-01,9.47374943352,20
2021-07-02,9.435125015129127,20
2021-07-05,9.529894025006183,20
2021-07-06,9.552709540579507,20
2021-07-07,9.614614441230312,20
2021-07-08,9.502421581630635,20
2021-07-09,9.539862839520593,20
2021-07-12,9.586962219906457,20
2021-07-13,9.592998751840534,20
2021-07-14,9.554183458390355,20
2021-07-15,9.495515679468765,20
2021-07-16,9.488255399729363,20
2021-07-19,9.480399602037524,20
2021-07-20,9.481679230398322,20
2021-07-21,9.511153219992476,20
2021-07-22,9.526012412679568,20
2021-07-23,9.431502218131298,20
2021-07-26,9.425897159924531,20
2021-07-27,9.396583277963614,20
2021-07-28,9.295373907237634,20
2021-07-29,9.413228126930363,20
2021-07-30,9.396510980893945,20
2021-08-02,9.485374861205987,20
2021-08-03,9.494311124522081,20
2021-08-04,9.564406640345572,20
2021-08-05,9.51335872314256,20
2021-08-06,9.496893361364675,20
2021-08-09,9.640690723783932,20
2021-08-10,9.722750827394643,20
2021-08-11,9.731486108986509,20
2021-08-12,9.73499306383682,20
2021-08-13,9.69853534289865,20
2021-08-16,9.801042864575653,20
2021-08-17,9.68242024379023,20
2021-08-18,9.792549128663921,20
2021-08-19,9.76843221379146,20
2021-08-20,9.689925740284353,20
2021-08-23,9.91679416499349,20
2021-08-24,9.96978556261291,20
2021-08-25,10.058786465059626,20
2021-08-26,9.970162956011034,20
2021-08-27,10.022443012536277,20
2021-08-30,9.955676340028198,20
2021-08-31,9.965207966636378,20
2021-09-01,9.883557726155948,20
2021-09-02,9.912751468345919,20
2021-09-03,9.969729798232796,20
2021-09-06,10.04640524087957,20
2021-09-07,10.094214781165807,20
2021-09-08,10.118192166258863,20
2021-09-09,10.192894652847182,20
2021-09-10,10.103288504869457,20
2021-09-13,10.141257964475212,20
2021-09-14,10.084948909684426,20
2021-09-15,10.10384398832937,20
2021-09-16,10.102532833082467,20
2021-09-17,10.087881595520935,20
2021-09-22,10.110049317064085,20
2021-09-23,10.171600427482597,20
2021-09-24,10.061148236446781,20
2021-09-27,9.911577386135686,20
2021-09-28,9.889498914257715,20
2021-09-29,9.711714578900967,20
2021-09-30,9.850523263979735,20
2021-10-08,9.937265440804866,20
2021-10-11,9.942084947542464,20
2021-10-12,9.833172968282579,20
2021-10-13,9.887907247965925,20
2021-10-14,9.934512070573293,20
2021-10-15,9.868048108177735,20
2021-10-18,9.854109728538871,20
2021-10-19,9.954308745821395,20
2021-10-20,9.996055126907471,20
2021-10-21,9.955214691261403,20
2021-10-22,9.909609300545151,20
2021-10-25,10.01193171562555,20
2021-10-26,9.994061623450945,20
2021-10-27,9.821271375667184,20
2021-10-28,9.741001852581958,20
2021-10-29,9.767486158421372,20
2021-11-01,9.882954309083459,20
2021-11-02,9.828252731826325,20
2021-11-03,9.880671177922446,20
2021-11-04,9.982934564427252,20
2021-11-05,10.10707580137666,20
2021-11-08,10.118370300251172,20
2021-11-09,10.224862070276954,20
2021-11-10,10.278301026296255,20
2021-11-11,10.329029913285732,20
2021-11-12,10.52691915917526,20
2021-11-15,10.725522321778838,20
2021-11-16,10.724864324665196,20
2021-11-17,10.844944902859075,20
2021-11-18,10.676878139260388,20
2021-11-19,10.7993913727399,20
2021-11-22,10.871362657213808,20
2021-11-23,10.954119054021085,20
2021-11-24,10.990152499794752,20
2021-11-25,11.047264538660361,20
2021-11-26,11.049234565478686,20
2021-11-29,11.073011304438516,20
2021-11-30,11.093013508630099,20
2021-12-01,11.203488016271333,20
2021-12-02,11.191273393710865,20
2021-12-03,11.181159002466838,20
2021-12-06,11.09641092052859,20
2021-12-07,11.05293894497445,20
2021-12-08,11.142515853003678,20
2021-12-09,11.183797221381502,20
2021-12-10,11.199820450470066,20
2021-12-13,11.168618193293332,20
2021-12-14,11.166380581285152,20
2021-12-15,11.220317401993634,20
2021-12-16,11.300328777978082,20
2021-12-17,11.251480499489581,20
2021-12-20,11.226394738803643,20
2021-12-21,11.340241286333226,20
2021-12-22,11.348585350246765,20
2021-12-23,11.263904686032982,20
2021-12-24,11.138167961954574,20
2021-12-27,11.264847980023232,20
2021-12-28,11.301333613530131,20
2021-12-29,11.355154818789103,20
2021-12-30,11.427324533434161,20
2021-12-31,11.534002611977659,20
2022-01-04,11.83667957989994,20
2022-01-05,11.7771413506614,20
2022-01-06,11.867862230795291,20
2022-01-07,11.792583402609695,20
2022-01-10,12.00127780217207,20
2022-01-11,12.04120867823988,20
2022-01-12,12.039721147027457,20
2022-01-13,12.01412500701756,20
2022-01-14,11.939264939387492,20
2022-01-17,12.047774246274193,20
2022-01-18,11.938648202470745,20
2022-01-19,12.006476811364957,20
2022-01-20,11.802651202981954,20
2022-01-21,11.65592583579486,20
2022-01-24,11.601208725416745,20
2022-01-25,11.202704864695892,20
2022-01-26,11.266782151486765,20
2022-01-27,11.053911971850043,20
2022-01-28,11.181524748161264,20
2022-02-07,11.28620634612756,20
2022-02-08,11.392928151336038,20
2022-02-09,11.43927720770572,20
2022-02-10,11.414195636846824,20
2022-02-11,11.24975700857556,20
2022-02-14,11.232175961905973,20
2022-02-15,11.234976285654573,20
2022-02-16,11.35567196813779,20
2022-02-17,11.34905497481574,20
2022-02-18,11.40691966938187,20
2022-02-21,11.478076171800595,20
2022-02-22,11.402949107461989,20
2022-02-23,11.512195518054849,20
2022-02-24,11.33726987393406,20
2022-02-25,11.418125702177601,20
2022-02-28,11.385845551695457,20
2022-03-01,11.412681782101417,20
2022-03-02,11.426196622666469,20
2022-03-03,11.451290545624698,20
2022-03-04,11.368593801223103,20
2022-03-07,11.274890685095901,20
2022-03-08,11.082919504528274,20
2022-03-09,10.957710977368437,20
2022-03-10,11.075023286952018,20
2022-03-11,11.151775117374324,20
2022-03-14,11.022033972686064,20
2022-03-15,10.749076387216759,20
2022-03-16,10.864191691784585,20
2022-03-17,10.94340663181693,20
2022-03-18,11.031797361132819,20
2022-03-21,11.132852007682805,20
2022-03-22,11.133855202889377,20
2022-03-23,11.130430007024861,20
2022-03-24,11.06529139921827,20
2022-03-25,11.097422144615946,20
2022-03-28,11.081086121368008,20
2022-03-29,11.034500042608304,20
2022-03-30,11.17669318409632,20
2022-03-31,11.238618302859242,20
2022-04-01,11.220232501416403,20
2022-04-06,11.26019763120094,20
2022-04-07,11.20910037708653,20
2022-04-08,11.177705470851185,20
2022-04-11,11.089265537236466,20
2022-04-12,11.124685079904953,20
2022-04-13,11.078297064633732,20
2022-04-14,11.107082891240848,20
2022-04-15,11.066762032141574,20
2022-04-18,11.112778956311999,20
2022-04-19,11.128109531582684,20
2022-04-20,11.136209804656398,20
2022-04-21,11.094737108732058,20
2022-04-22,11.135343819676935,20
2022-04-25,10.932124649082347,20
2022-04-26,10.766741498182215,20
2022-04-27,10.838801856729555,20
2022-04-28,10.754860337347566,20
2022-04-29,10.882620334258828,20
2022-05-05,10.926178987068994,20
2022-05-06,10.91075746803571,20
2022-05-09,10.947755227211681,20
2022-05-10,10.975998821544385,20
2022-05-11,10.96700545661503,20
2022-05-12,10.99374192493701,20
2022-05-13,10.991726345153292,20
2022-05-16,10.989070534721717,20
2022-05-17,10.971157824231124,20
2022-05-18,10.987409546848692,20
2022-05-19,10.99273028406737,20
2022-05-20,11.018750719953214,20
2022-05-23,11.07647108881731,20
2022-05-24,11.001160136294487,20
2022-05-25,11.047423451841263,20
2022-05-26,11.06696583355167,20
2022-05-27,11.049967500976582,20
2022-05-30,11.062210045231323,20
2022-05-31,11.086672343298357,20
2022-06-01,11.09853460420316,20
2022-06-02,11.107234094537427,20
2022-06-06,11.127904478205835,20
2022-06-07,11.107868095645872,20
2022-06-08,11.10849158275589,20
2022-06-09,11.079321051804703,20
2022-06-10,11.099798654321331,20
2022-06-13,11.109940575873976,20
2022-06-14,11.133656107882635,20
2022-06-15,11.131335139750716,20
2022-06-16,11.128454681574276,20
2022-06-17,11.142231215586763,20
2022-06-20,11.167108991338162,20
2022-06-21,11.14596260593927,20
2022-06-22,11.11248109998386,20
2022-06-23,11.142560847529706,20
2022-06-24,11.157555227834191,20
2022-06-27,11.173897357806352,20
2022-06-28,11.2170265542674,20
2022-06-29,11.170768611663107,20
2022-06-30,11.19288607086837,20
2022-07-01,11.276775990409332,20
2022-07-04,11.332059222027144,19
2022-07-05,11.309939005159894,19
2022-07-06,11.250223299841922,19
2022-07-07,11.279820815854725,19
2022-07-08,11.30341255101821,19
2022-07-11,11.258872464903368,19
2022-07-12,11.15260320148392,19
2022-07-13,11.197965049359812,19
2022-07-14,11.243530083739465,19
2022-07-15,11.126901110444138,19
2022-07-18,11.362453798189431,19
2022-07-19,11.387754360654439,19
2022-07-20,11.440072673468483,19
2022-07-21,11.44804398192049,19
2022-07-22,11.421163874509062,19
2022-07-25,11.380501660715629,19
2022-07-26,11.402607247557858,19
2022-07-27,11.489767695457756,19
2022-07-28,11.544440850135976,19
2022-07-29,11.554304612929634,19
2022-08-01,11.555974553705711,19
2022-08-02,11.288759837137684,20
2022-08-03,11.331401338717974,20
2022-08-04,11.421401421075238,20
2022-08-05,11.459641831946547,20
2022-08-08,11.54676847630565,20
2022-08-09,11.53345977064668,20
2022-08-10,11.65434514436976,20
2022-08-11,11.757796692244746,20
2022-08-12,11.779491378108746,20
2022-08-15,11.777451815572679,20
2022-08-16,11.784431471901073,20
2022-08-17,11.80222197514918,20
2022-08-18,11.838442742431535,20
2022-08-19,11.795109843082258,20
2022-08-22,11.817928587190272,20
2022-08-23,11.896321752109827,20
2022-08-24,11.715941827966144,20
2022-08-25,11.701244643253212,20
2022-08-26,11.694007223829702,20
2022-08-29,11.794076153515721,20
2022-08-30,11.737802966870834,20
2022-08-31,11.64682478173858,20
2022-09-01,11.602195617048753,20
2022-09-02,11.658497140408365,20
2022-09-05,11.671899854492557,20
2022-09-06,11.711823461405713,20
2022-09-07,11.716200247666468,20
2022-09-08,11.682280174946484,20
2022-09-09,11.67059792636926,20
2022-09-13,11.691568055551329,20
2022-09-14,11.674330736570713,20
2022-09-15,11.622091182239972,20
2022-09-16,11.537048984837822,20
2022-09-19,11.476344480291493,20
2022-09-20,11.519010488324698,20
2022-09-21,11.53486326729656,20
2022-09-22,11.532762914393933,20
2022-09-23,11.47890482820095,20
2022-09-26,11.406981005287378,20
2022-09-27,11.488091893999862,20
2022-09-28,11.443093264375836,20
2022-09-29,11.444320956319219,20
2022-09-30,11.39913358217036,20
2022-10-10,11.342354617126148,20
2022-10-11,11.357448674829042,20
2022-10-12,11.431279745476193,20
2022-10-13,11.484998821749473,20
2022-10-14,11.538368222732073,20
2022-10-17,11.616672271580406,20
2022-10-18,11.654280517708601,20
2022-10-19,11.641643270315283,20
2022-10-20,11.60832142542821,20
2022-10-21,11.631765946215408,20
2022-10-24,11.632921034049915,20
2022-10-25,11.607068461634228,20
2022-10-26,11.678250003673643,20
2022-10-27,11.658677917586612,20
2022-10-28,11.55235817148358,20
2022-10-31,11.61023285578109,20
2022-11-01,11.663627911446131,20
2022-11-02,11.693233402812183,20
2022-11-03,11.69852710042303,20
2022-11-04,11.725961467031341,20
2022-11-07,11.746997135184548,20
2022-11-08,11.733599366160616,20
2022-11-09,11.74256180524555,20
2022-11-10,11.731392293949996,20
2022-11-11,11.749226582829213,20
2022-11-14,11.755145395494722,20
2022-11-15,11.799504060674575,20
2022-11-16,11.792274541338449,20
2022-11-17,11.805037838875798,20
2022-11-18,11.793872297721933,20
2022-11-21,11.826975978472097,20
2022-11-22,11.825245309687908,20
2022-11-23,11.793371571312386,20
2022-11-24,11.812420864452548,20
2022-11-25,11.813491660920521,20
2022-11-28,11.816936942794824,20
2022-11-29,11.853431303771655,20
2022-11-30,11.888848350565723,20
2022-12-01,11.881097385193492,20
2022-12-02,11.910286338989897,20
2022-12-05,11.942547195368117,20
2022-12-06,11.90122198720493,20
2022-12-07,11.943566380349154,20
2022-12-08,11.93472711385153,20
2022-12-09,11.93206262577769,20
2022-12-12,11.900632595399834,20
2022-12-13,11.916966187986034,20
2022-12-14,11.871266975625359,20
2022-12-15,11.906067173022805,20
2022-12-16,11.865964802129177,20
2022-12-19,11.7333634066552,20
2022-12-20,11.75946832505385,20
2022-12-21,11.731381884847682,20
2022-12-22,11.662259785387027,20
2022-12-23,11.637303749170378,20
2022-12-26,11.669549248302632,20
2022-12-27,11.675615495253593,20
2022-12-28,11.648568931381355,20
2022-12-29,11.637792888976428,20
2022-12-30,11.678552745974601,20
2023-01-03,11.76392801585917,20
2023-01-04,11.808719656944994,20
2023-01-05,11.844317291909002,20
2023-01-06,11.815773023394518,20
2023-01-09,11.81452112631993,20
2023-01-10,11.798164231263584,20
2023-01-11,11.771932643464973,20
2023-01-12,11.81557059624508,20
2023-01-13,11.818598472650997,20
2023-01-16,11.871288966209928,20
2023-01-17,11.87374086396284,20
2023-01-18,11.875932723528718,20
2023-01-19,11.885368137903294,20
2023-01-20,11.918125875506098,20
2023-01-30,11.987795651766447,20
2023-01-31,12.05215116430378,20
2023-02-01,12.112073311009691,20
2023-02-02,12.100981593078481,20
2023-02-03,12.067352755684267,20
2023-02-06,12.056538351913751,20
2023-02-07,12.106465311431231,20
2023-02-08,12.08358412178094,20
2023-02-09,12.152753125411438,20
2023-02-10,12.186574883445498,20
2023-02-13,12.291608469999884,20
2023-02-14,12.370243759174347,20
2023-02-15,12.367096401623279,20
2023-02-16,12.195006902477058,20
2023-02-17,12.233809071901353,20
2023-02-20,12.314437824662873,20
2023-02-21,12.345610939458814,20
2023-02-22,12.376419725760318,20
2023-02-23,12.380729314023759,20
2023-02-24,12.381377022254826,20
2023-02-27,12.31624242481206,20
2023-02-28,12.40688586430392,20
2023-03-01,12.471914287326207,20
2023-03-02,12.459252339462964,20
2023-03-03,12.47115394699309,20
2023-03-06,12.516693492502228,20
2023-03-07,12.452554845263094,20
2023-03-08,12.45806808083031,20
2023-03-09,12.465815839441154,20
2023-03-10,12.346866432553366,20
2023-03-13,12.32679865203675,20
2023-03-14,12.232411139827093,20
2023-03-15,12.364711365008251,20
2023-03-16,12.277796007118862,20
2023-03-17,12.240813934588152,20
2023-03-20,12.220658426333383,20
2023-03-21,12.331416676281831,20
2023-03-22,12.394652250291035,20
2023-03-23,12.410342952004754,20
2023-03-24,12.391979282538557,20
2023-03-27,12.38358001404701,20
2023-03-28,12.347372087057831,20
2023-03-29,12.285427678617337,20
2023-03-30,12.273188277920367,20
2023-03-31,12.353792896008612,20
2023-04-03,12.337725248416918,20
2023-04-04,12.150964412532021,20
2023-04-06,12.140490717595462,20
2023-04-07,12.175740038869403,20
2023-04-10,12.088984574841632,20
2023-04-11,12.056805303731885,20
2023-04-12,12.110983488653135,20
2023-04-13,12.049494923815727,20
2023-04-14,12.130773444464852,20
2023-04-17,12.224886967576047,20
2023-04-18,12.197030297280808,20
2023-04-19,12.14477329921376,20
2023-04-20,12.064448633614731,20
2023-04-21,11.829588609449862,20
2023-04-24,11.779334146209077,20
2023-04-25,11.593887537127689,20
2023-04-26,11.693182822880825,20
2023-04-27,11.69368114410494,20
2023-04-28,11.870923861535035,20
2023-05-04,11.973048120205155,20
2023-05-05,11.848186825367216,20
2023-05-08,11.808298012302776,20
2023-05-09,11.65060161539071,20
2023-05-10,11.668849532529501,20
2023-05-11,11.769792922823923,20
2023-05-12,11.69070105901602,20
2023-05-15,11.776722715004276,20
2023-05-16,11.7322973823007,20
2023-05-17,11.80814172018663,20
2023-05-18,11.853716562668978,20
2023-05-19,11.920034168175071,20
2023-05-22,12.0520461610848,20
2023-05-23,11.989883819310139,20
2023-05-24,11.945297525874304,20
2023-05-25,11.905430281192254,20
2023-05-26,11.94589931285719,20
2023-05-29,11.873902693262036,20
2023-05-30,11.877539678987613,20
2023-05-31,11.808591489409041,20
2023-06-01,11.837639471607238,20
2023-06-02,11.908531693701846,20
2023-06-05,11.879477441603168,20
2023-06-06,11.691183309639337,20
2023-06-07,11.68044267080006,20
2023-06-08,11.655640719243754,20
2023-06-09,11.615457966266042,20
2023-06-12,11.6788322823332,20
2023-06-13,11.68953879454759,20
2023-06-14,11.666872988216815,20
2023-06-15,11.717878135744394,20
2023-06-16,11.775818804681858,20
2023-06-19,11.707021073123045,20
2023-06-20,11.659142248121006,20
2023-06-21,11.581160848540476,20
2023-06-26,11.484853510290964,20
2023-06-27,11.707946935372213,20
2023-06-28,11.746946625851693,20
2023-06-29,11.85844226456249,20
2023-06-30,11.939134917033885,20
2023-07-03,11.961481866935117,20
2023-07-04,11.991055996637007,20
2023-07-05,11.97858540454131,20
2023-07-06,11.971035003475166,20
2023-07-07,11.975243348250974,20
2023-07-10,11.981954290515558,20
2023-07-11,12.030142770915342,20
2023-07-12,12.006819934787648,20
2023-07-13,12.081602631609748,20
2023-07-14,12.135703078011758,20
2023-07-17,12.160552423976096,20
2023-07-18,12.2139689176256,20
2023-07-19,12.238183452078115,20
2023-07-20,12.187914338276089,20
2023-07-21,12.165669033038892,20
2023-07-24,12.160180451272108,20
2023-07-25,12.252072600055454,20
2023-07-26,12.246212836138652,20
2023-07-27,12.180710289297505,20
2023-07-28,12.239513258644605,20
2023-07-31,12.246989496207403,20
2023-08-01,12.242123618375476,20
2023-08-02,12.211708935748565,20
2023-08-03,12.235739593742238,20
2023-08-04,12.180767993226771,20
2023-08-07,12.062026025320032,20
2023-08-08,12.107299329793419,20
2023-08-09,12.094612264889863,20
2023-08-10,12.162076534480075,20
2023-08-11,12.15104438035352,20
2023-08-14,12.182460106566756,20
2023-08-15,12.112275966976814,20
2023-08-16,12.081526937676292,20
2023-08-17,12.127399158391421,20
2023-08-18,12.05064659900103,20
2023-08-21,12.07530716970412,20
2023-08-22,12.01024383102806,20
2023-08-23,11.884871028953828,20
2023-08-24,11.869023133550682,20
2023-08-25,11.75827315765564,20
2023-08-28,11.831771366097023,20
2023-08-29,12.039350940469442,20
2023-08-30,12.101388402442726,20
2023-08-31,12.107110014143275,20
2023-09-01,12.113872237928758,20
2023-09-04,12.16730486822318,20
2023-09-05,12.168425673318941,20
2023-09-06,12.156435218015178,20
2023-09-07,12.093502202713637,20
2023-09-08,12.083939008658696,20
2023-09-11,12.119380210262621,20
2023-09-12,12.120822018084263,20
2023-09-13,12.078123724366744,20
2023-09-14,12.05637082980494,20
2023-09-15,12.077118788098863,20
2023-09-18,12.12325114365355,20
2023-09-19,12.105793304172444,20
2023-09-20,12.10120678195143,20
2023-09-21,12.060834753965995,20
2023-09-22,12.114478485201014,20
2023-09-25,12.123216232492371,20
2023-09-26,12.095726343750352,20
2023-09-27,12.109326137885853,20
2023-09-28,12.14415317975387,20
2023-10-09,12.113867370234422,20
2023-10-10,12.088696845978516,20
2023-10-11,12.092280670970098,20
2023-10-12,12.11324084188105,20
2023-10-13,12.08024735282658,20
2023-10-16,12.058370116251002,20
2023-10-17,12.051260930500185,20
2023-10-18,11.983466889950481,20
2023-10-19,11.956111216628036,20
2023-10-20,11.929658384768047,20
2023-10-23,11.84927265228556,20
2023-10-24,11.925990469553117,20
2023-10-25,11.954551377317616,20
2023-10-26,11.96779327786458,20
2023-10-27,12.016992332842657,20
2023-10-30,12.051369216996266,20
2023-10-31,12.049445050722621,20
2023-11-01,12.04248958372432,20
2023-11-02,12.019114003333279,20
2023-11-03,12.03584702019894,20
2023-11-06,12.077672104217337,20
2023-11-07,12.072768620292836,20
2023-11-08,12.067486096846718,20
2023-11-09,12.075050675794175,20
2023-11-10,12.085709363849928,20
2023-11-13,12.103157921973864,20
2023-11-14,12.097862910040128,20
2023-11-15,12.122917138608068,20
2023-11-16,12.092100886408433,20
2023-11-17,12.114202741100051,20
2023-11-20,12.126951946400979,20
2023-11-21,12.121933922491444,20
2023-11-22,12.094263518818307,20
2023-11-23,12.124452214351358,20
2023-11-24,12.108772620668246,20
2023-11-27,12.102461039072713,20
2023-11-28,12.129291296750777,20
2023-11-29,12.1076282706745,20
2023-11-30,12.093721709732842,20
2023-12-01,12.0916817902951,20
2023-12-04,12.07938025553815,20
2023-12-05,12.010565458066067,20
2023-12-06,12.032855612899146,20
2023-12-07,12.022785187841304,20
2023-12-08,11.972698651326109,20
2023-12-11,12.011597113714954,20
2023-12-12,12.032224205567031,20
2023-12-13,12.00635012937078,20
2023-12-14,12.010590163602519,20
2023-12-15,11.98836331109796,20
2023-12-18,11.959167407701374,20
2023-12-19,11.962488768890854,20
2023-12-20,11.923923421792168,20
2023-12-21,11.968152743208831,20
2023-12-22,11.946516802984364,20
2023-12-25,11.938780449084199,20
2023-12-26,11.894898532491176,20
2023-12-27,11.918006917420266,20
2023-12-28,11.957359054644932,20
2023-12-29,12.013137834832595,20
2024-01-02,12.04683995531064,20
2024-01-03,12.04961627887446,20
2024-01-04,12.066263263747722,20
2024-01-05,12.02912500387809,20
2024-01-08,11.984412403124626,20
2024-01-09,11.998943061698268,20
2024-01-10,11.978989888376075,20
2024-01-11,12.00484619434717,20
2024-01-12,12.007383829158695,20
2024-01-15,12.027231315524359,20
2024-01-16,12.025174817906697,20
2024-01-17,11.974111242350853,20
2024-01-18,11.950792447530285,20
2024-01-19,11.923000328309593,20
2024-01-22,11.774456081890882,20
2024-01-23,11.788006450714581,20
2024-01-24,11.825629111203595,20
2024-01-25,11.90375569845727,20
2024-01-26,11.904089612634959,20
2024-01-29,11.874577784571764,20
2024-01-30,11.800299837156983,20
2024-01-31,11.73494255568387,20
2024-02-01,11.701584625635403,20
2024-02-02,11.582730635328364,20
2024-02-05,11.403214932507927,20
2024-02-06,11.433368628670083,20
2024-02-07,11.374568517771587,20
2024-02-08,11.564822817491619,20
2024-02-19,11.657583601975215,20
2024-02-20,11.668910343106052,20
2024-02-21,11.715605775770564,20
2024-02-22,11.759688902555295,20
2024-02-23,11.812845008409285,20
2024-02-26,11.852322588041678,20
2024-02-27,11.90129698975857,20
2024-02-28,11.756857959249873,20
2024-02-29,11.858990417933692,20
2024-03-01,11.894895327413199,20
2024-03-04,11.918511427307445,20
2024-03-05,11.875947816496764,20
2024-03-06,11.913180442869097,20
2024-03-07,11.89330902500694,20
2024-03-08,11.940763027640648,20
2024-03-11,11.990544106595406,20
2024-03-12,12.046272960910256,20
2024-03-13,12.053052233888616,20
2024-03-14,12.058776431897666,20
2024-03-15,12.111505032207045,20
2024-03-18,12.19911113171931,20
2024-03-19,12.213688118605685,20
2024-03-20,12.256889765682647,20
2024-03-21,12.25092377519756,20
2024-03-22,12.206741821681414,20
2024-03-25,12.149168883868379,20
2024-03-26,12.170102796782293,20
2024-03-27,12.114851540488838,20
2024-03-28,12.17350508746874,20
2024-03-29,12.195449890594071,20
2024-04-01,12.263294472647196,20
2024-04-02,12.290943320169479,20
2024-04-03,12.27584657125019,20
2024-04-08,12.220693171320155,20
2024-04-09,12.274529985377859,20
2024-04-10,12.205413215478963,20
2024-04-11,12.22200468196483,20
2024-04-12,12.226260600596245,20
2024-04-15,12.130823502925672,20
2024-04-16,11.947330623996296,20
2024-04-17,12.140795617077263,20
2024-04-18,12.173954368999766,20
2024-04-19,12.195906376738986,20
2024-04-22,12.159879996320242,20
2024-04-23,12.158008502177507,20
2024-04-24,12.219932110597123,20
2024-04-25,12.269653773512788,20
2024-04-26,12.27058401077676,20
2024-04-29,12.323760199995665,20
2024-04-30,12.371825384006504,20
2024-05-06,12.482148361065601,20
2024-05-07,12.488697628657007,20
2024-05-08,12.444334761360336,20
2024-05-09,12.482542198788774,20
2024-05-10,12.461400695255868,20
2024-05-13,12.472996268052052,20
2024-05-14,12.544111487138766,20
2024-05-15,12.520531828270812,20
2024-05-16,12.518101593435352,20
2024-05-17,12.527572692580996,20
2024-05-20,12.577929607105423,20
2024-05-21,12.564515248443367,20
2024-05-22,12.530364909069778,20
2024-05-23,12.467657224796111,20
2024-05-24,12.434942731597387,20
2024-05-27,12.472906774991825,20
2024-05-28,12.42229915531816,20
2024-05-29,12.424799249868508,20
2024-05-30,12.400561730460396,20
2024-05-31,12.40695391942759,20
2024-06-03,12.346881995369241,20
2024-06-04,12.41473543066154,20
2024-06-05,12.319365544472154,20
2024-06-06,12.20622173635313,20
2024-06-07,12.293111983564375,20
2024-06-11,12.290789452255309,20
2024-06-12,12.342994643112634,20
2024-06-13,12.28400262718735,20
2024-06-14,12.288576541464273,20
2024-06-17,12.261035497351406,20
2024-06-18,12.273987304705399,20
2024-06-19,12.225103539836557,20
2024-06-20,12.144246895134824,20
2024-06-21,12.153736084477211,20
2024-06-24,12.00289839082057,20
2024-06-25,12.035757437986621,20
2024-06-26,12.128728908824613,20
2024-06-27,12.031261813534059,20
2024-06-28,12.046860533269866,20
2024-07-01,12.115687322373567,20
2024-07-02,12.08518777808248,20
2024-07-03,12.047632715956002,20
2024-07-04,11.984850554128958,20
2024-07-05,11.995535447042494,20
2024-07-08,11.868938140854366,20
2024-07-09,11.919094321229577,20
2024-07-10,11.880323096259936,20
2024-07-11,11.953682820732332,20
2024-07-12,11.93909992786766,20
2024-07-15,11.886761544054718,20
2024-07-16,11.856320881613502,20
2024-07-17,11.842183400645132,20
2024-07-18,11.867976127798851,20
2024-07-19,11.854291824618382,20
2024-07-22,11.837328130903126,20
2024-07-23,11.738011494644415,20
2024-07-24,11.672270114825059,20
2024-07-25,11.691649245668373,20
2024-07-26,11.775331885433024,20
2024-07-29,11.738524922860687,20
2024-07-30,11.750290974853128,20
2024-07-31,11.903446793100787,20
2024-08-01,11.880549912988897,20
2024-08-02,11.850291233252964,20
2024-08-05,11.787925455179362,20
2024-08-06,11.888256891780479,20
2024-08-07,11.899397851201996,20
2024-08-08,11.89963633991752,20
2024-08-09,11.870580966400746,20
2024-08-12,11.885670381933366,20
2024-08-13,11.922221509763455,20
2024-08-14,11.930550615981845,20
2024-08-15,11.974073396443803,20
2024-08-16,11.984177911960852,20
2024-08-19,11.955352289808113,20
2024-08-20,11.870874955602057,20
2024-08-21,11.860021354110671,20
2024-08-22,11.800028597577205,20
2024-08-23,11.749641285039033,20
2024-08-26,11.775018452857005,20
2024-08-27,11.721904549571558,20
2024-08-28,11.736293914421287,20
2024-08-29,11.783446895771428,20
2024-08-30,11.82727479134474,20
2024-09-02,11.776597106866472,20
2024-09-03,11.807557894008525,20
2024-09-04,11.788562103033108,20
2024-09-05,11.800319537016273,20
2024-09-06,11.74009486588123,20
2024-09-09,11.720946958590243,20
2024-09-10,11.732850914389168,20
2024-09-11,11.726864887237506,20
2024-09-12,11.715343434826377,20
2024-09-13,11.662288705496517,20
2024-09-18,11.641618803800453,20
2024-09-19,11.712092386302045,20
2024-09-20,11.686983890096073,20
2024-09-23,11.692121093666909,20
2024-09-24,11.803847071082089,20
2024-09-25,11.832818632155826,20
2024-09-26,11.947817126079821,20
2024-09-27,12.065192376843736,20
2024-09-30,12.597293866173821,20
2024-10-08,12.902369899769845,20
2024-10-09,12.360721817550996,19
2024-10-10,12.431621171279097,19
2024-10-11,12.227675102395427,19
2024-10-14,12.380907834050902,19
2024-10-15,12.238237751073408,19
2024-10-16,12.258034488069262,19
2024-10-17,12.186134808365033,19
2024-10-18,12.300094299451851,19
2024-10-21,12.325589170539438,19
2024-10-22,12.435011180459075,19
2024-10-23,12.419976295863203,19
2024-10-24,12.444747853924893,19
2024-10-25,12.549863023647635,19
2024-10-28,12.64759460508353,19
2024-10-29,12.58084883205331,19
2024-10-30,12.531981425303105,19
2024-10-31,12.563172627823606,19
2024-11-01,12.437164294560887,19
2024-11-04,12.505805940944184,18
2024-11-05,12.612230567073425,18
2024-11-06,12.649461906935313,18
2024-11-07,12.825734656165407,18
2024-11-08,12.772257603402315,18
2024-11-11,12.838167872255806,18
2024-11-12,12.820148636623006,18
2024-11-13,12.842966946540328,18
2024-11-14,12.669986656585385,18
2024-11-15,12.646377524134579,18
2024-11-18,12.593289470593705,18
2024-11-19,12.735363307090923,18
2024-11-20,12.816879303033419,18
2024-11-21,12.804387264854952,18
2024-11-22,12.558612812367329,18
2024-11-25,12.664233285922032,18
2024-11-26,12.596220125315384,18
2024-11-27,12.684231738527735,18
2024-11-28,12.629505589006758,18
2024-11-29,12.75057397875526,18
2024-12-02,12.854958367399146,18
2024-12-03,12.911626014416148,14
2024-12-04,12.880770651208183,14
2024-12-05,12.93608468355334,14
2024-12-06,12.954949612204958,14
2024-12-09,12.965608653026264,14
2024-12-10,13.08394813178369,14
2024-12-11,13.219474161620749,14
2024-12-12,13.27227435602296,14
2024-12-13,13.098358392321357,14
2024-12-16,13.11088520549898,14
2024-12-17,12.958894498330398,14
2024-12-18,12.939568401408257,14
2024-12-19,12.89694438922399,14
2024-12-20,12.930984701243256,14
2024-12-23,12.862251031906741,14
2024-12-24,12.936949582894083,14
2024-12-25,12.833270604021648,14
2024-12-26,12.821079407558623,14
2024-12-27,12.83238317702708,14
2024-12-30,12.776518925875756,14
2024-12-31,12.685854283472139,14
2025-01-02,12.568658566115442,14
2025-01-03,12.442181264133191,16
2025-01-06,12.466033312117414,16
2025-01-07,12.523963182095114,16
2025-01-08,12.488657253031754,16
2025-01-09,12.441328420920959,16
2025-01-10,12.275146872234725,16
2025-01-13,12.288673614532692,16
2025-01-14,12.527491446326572,16
2025-01-15,12.467231395611707,16
2025-01-16,12.552310231861375,16
2025-01-17,12.60891394236638,16
2025-01-20,12.667744519786767,16
2025-01-21,12.676993969162604,16
2025-01-22,12.616109123371968,16
2025-01-23,12.590259370786114,16
2025-01-24,12.64048023617823,16
2025-01-27,12.697186063898641,16
2025-02-05,12.658118252370535,16
2025-02-06,12.710369984656575,18
2025-02-07,12.759003675680834,18
2025-02-10,12.832995261139626,18
2025-02-11,12.942699404098224,18
2025-02-12,12.940614935144454,18
2025-02-13,12.917284843554352,18
2025-02-14,12.951425497359104,18
2025-02-17,12.984836786302653,18
2025-02-18,12.790248331052467,18
2025-02-19,12.836844620117402,18
2025-02-20,12.881921628796707,18
2025-02-21,12.841501081029278,18
2025-02-24,12.835449126322091,18
2025-02-25,12.740743523728574,18
2025-02-26,12.913698559775002,18
2025-02-27,12.981098589400611,18
2025-02-28,12.752070949659535,18
2025-03-03,12.843073490900958,18
2025-03-04,12.906526875660735,17
2025-03-05,12.907508711080068,17
2025-03-06,13.089059076184093,17
2025-03-07,13.100614618279081,17
2025-03-10,13.212911021738284,17
2025-03-11,13.349961012837115,17
2025-03-12,13.326138471695382,17
2025-03-13,13.311772374692667,17
2025-03-14,13.528626292532843,17
2025-03-17,13.53996969334738,17
2025-03-18,13.646340401547073,17
2025-03-19,13.659836859014197,17
2025-03-20,13.619602103515554,17
2025-03-21,13.539873646726305,17
2025-03-24,13.491621518024493,17
2025-03-25,13.559978950720781,17
2025-03-26,13.608293408937893,17
2025-03-27,13.602785347941543,17
2025-03-28,13.516398274459892,17
2025-03-31,13.355015411558085,17
2025-04-01,13.486482985691586,17
2025-04-02,13.510504937715487,14
2025-04-03,13.474249051894008,14
2025-04-07,12.535197281867266,14
2025-04-08,12.749741015602321,14
2025-04-09,12.840283793863442,14
2025-04-10,13.067330640446366,14
2025-04-11,13.023560244134014,14
2025-04-14,13.172298335511442,14
2025-04-15,13.206226976973657,14
2025-04-16,13.180963681853198,14
2025-04-17,13.2433155773164,14
2025-04-18,13.208855804807659,14
2025-04-21,13.326244783750287,14
2025-04-22,13.512369342732892,14
2025-04-23,13.50013980751658,14
2025-04-24,13.54742970511762,14
2025-04-25,13.476164206611106,14
2025-04-28,13.230690611247837,14
2025-04-29,13.296735156079707,14
2025-04-30,13.271876043610382,14
2025-05-06,13.3876689268215,14
2025-05-07,13.39955842016177,15
2025-05-08,13.429670994667402,15
2025-05-09,13.422791632312519,15
2025-05-12,13.438903506343937,15
2025-05-13,13.46934586640217,15
2025-05-14,13.5099516941065,15
2025-05-15,13.501990332189912,15
2025-05-16,13.557742886036264,15
2025-05-19,13.566909135578525,15
2025-05-20,13.639687817611126,15
2025-05-21,13.704297295326981,15
2025-05-22,13.616164445430675,15
2025-05-23,13.605131617332487,15
2025-05-26,13.596858039623925,15
2025-05-27,13.595071428135803,15
2025-05-28,13.649900729549138,15
2025-05-29,13.75534217836846,15
2025-05-30,13.731340664319672,15
2025-06-03,13.833617989574014,15
2025-06-04,13.909527590210052,11
2025-06-05,13.864232816943378,11
2025-06-06,13.895082358858126,11
2025-06-09,13.946583695225497,11
2025-06-10,13.905659010826652,11
2025-06-11,13.958181700606657,11
2025-06-12,13.977925666203431,11
2025-06-13,13.863726776457963,11
2025-06-16,13.85384515350731,11
2025-06-17,13.833701522152907,11
2025-06-18,13.797916159746835,11
2025-06-19,13.649464637243318,11
2025-06-20,13.649659228867883,11
2025-06-23,13.69840221230625,11
2025-06-24,13.84389794550117,11
2025-06-25,13.882572620070805,11
2025-06-26,13.863868788994335,11
2025-06-27,13.95211561925601,11
2025-06-30,14.075023931581073,11
2025-07-01,14.102112360146545,11
2025-07-02,14.196112986674745,11
2025-07-03,14.295512154896867,11
2025-07-04,14.144972751452883,11
2025-07-07,14.125794762827656,11
2025-07-08,14.171658496946689,11
2025-07-09,14.102473521603372,11
2025-07-10,14.135150416302666,11
2025-07-11,14.13622080295241,11
2025-07-14,14.255816500134975,11
2025-07-15,14.257328453204021,11
2025-07-16,14.337912334235853,11
2025-07-17,14.329413493756679,11
2025-07-18,14.306120431676733,11
2025-07-21,14.47770830418754,11
2025-07-22,14.587869791341337,11
2025-07-23,14.510402971652614,11
2025-07-24,14.610014530937363,11
2025-07-25,14.636713423535989,11
2025-07-28,14.584524076494617,11
2025-07-29,14.556893779968952,11
2025-07-30,14.603571450486122,11
2025-07-31,14.469980658787106,11
2025-08-01,14.452921709085677,11
2025-08-04,14.631964781962758,10
2025-08-05,14.783943171259963,10
2025-08-06,14.86582779348848,10
2025-08-07,14.810996020907185,10
2025-08-08,14.981118932165021,10
2025-08-11,15.055382882165265,10
2025-08-12,15.207828520050278,10
2025-08-13,15.243437924379926,10
2025-08-14,15.0992330785065,10
2025-08-15,15.276848012367195,10
2025-08-18,15.403679583493286,10
2025-08-19,15.641092224241758,10
2025-08-20,15.678450794611667,10
2025-08-21,15.5825874250215,10
2025-08-22,15.569195229071742,10
2025-08-25,15.756470855327615,10
2025-08-26,15.744036680041138,10
2025-08-27,15.419332766287916,10
2025-08-28,15.37934096792982,10
2025-08-29,15.430978769901925,10
2025-09-01,15.575405479848355,10
2025-09-02,15.590106377785276,7
2025-09-03,15.290402751955236,7
2025-09-04,15.269846238473429,7
2025-09-05,15.464512664267279,7
2025-09-08,15.567430455270545,7
2025-09-09,15.491107673050307,7
2025-09-10,15.42572104939588,7
2025-09-11,15.604546944407149,7
2025-09-12,15.584714611999848,7
2025-09-15,15.629636300493528,7
2025-09-16,15.743212678072732,7
2025-09-17,15.807127653316883,7
2025-09-18,15.529826386563157,7
2025-09-19,15.50138638704336,7
2025-09-22,15.546939684578355,7
2025-09-23,15.365845048318594,7
2025-09-24,15.570002746035204,7
2025-09-25,15.505907135897857,7
2025-09-26,15.40383356619423,7
2025-09-29,15.598310195628498,7
2025-09-30,15.610089747868507,7
2025-10-09,15.718422351722174,7
2025-10-10,15.737685657568408,8
2025-10-13,15.654508865925797,8
2025-10-14,15.730908259710102,8
2025-10-15,15.970883450230984,8
2025-10-16,15.819687227866684,8
2025-10-17,15.68910007630213,8
2025-10-20,15.68372341722534,8
2025-10-21,15.819292109421761,8
2025-10-22,15.831703864744442,8
2025-10-23,15.978885334645517,8
2025-10-24,16.026698200373918,8
2025-10-27,16.136634039938404,8
2025-10-28,15.98699381054875,8
2025-10-29,16.011159017072607,8
2025-10-30,16.2306913492339,8
2025-10-31,16.383409316829503,8
2025-11-03,16.4884878145231,8
2025-11-04,16.35918989695737,6
2025-11-05,16.366259975976746,6
2025-11-06,16.311150335628454,6
2025-11-07,16.376196526677294,6
2025-11-10,16.45922438599024,6
2025-11-11,16.49685653819069,6
2025-11-12,16.594112762209786,6
2025-11-13,16.70761119435567,6
2025-11-14,16.562656253374794,6
2025-11-17,16.41821789811458,6
2025-11-18,16.24941267024243,6
2025-11-19,16.165518069342074,6
2025-11-20,16.090823167147406,6
2025-11-21,15.705669042566635,6
2025-11-24,15.75446847245111,6
2025-11-25,15.813347774139391,6
2025-11-26,15.75075147658563,6
2025-11-27,15.752562290909838,6
2025-11-28,15.8074365342248,6
2025-12-01,15.928419207776189,6
2025-12-02,15.84731359950096,7
2025-12-03,15.82342660444132,7
2025-12-04,15.744776614124522,7
2025-12-05,15.795118331420896,7
2025-12-08,15.760921787761795,7
2025-12-09,15.630699708791836,7
2025-12-10,15.650565577116325,7
2025-12-11,15.464604045869274,7
2025-12-12,15.517280746981024,7
2025-12-15,15.535617256104485,7
2025-12-16,15.417979224869125,7
2025-12-17,15.53189099636087,7
2025-12-18,15.63350808149445,7
2025-12-19,15.747092565369,7
2025-12-22,15.71345529827736,7
2025-12-23,15.649563818109748,7
2025-12-24,15.704725438012018,7
2025-12-25,15.702899440772098,7
2025-12-26,15.67814800343958,7
2025-12-29,15.605294844958426,7
2025-12-30,15.61877087181352,7
2025-12-31,15.595658008023452,7
2026-01-05,15.762314492965492,7
2026-01-06,15.910332051588409,7
2026-01-07,15.840110063447716,7
2026-01-08,15.95365958280357,7
2026-01-09,16.06685812486531,7
2026-01-12,16.2001502491752,7
2026-01-13,16.24078444791749,7
2026-01-14,16.296258090561828,7
2026-01-15,16.314312477690667,7
2026-01-16,16.123284819383027,7
2026-01-19,16.255233687012048,7
2026-01-20,16.343780043480105,7
2026-01-21,16.36102319763562,7
2026-01-22,16.487650828915598,7
2026-01-23,16.59681338720823,7
2026-01-26,16.754712514964744,7
2026-01-27,16.52873565745919,7
2026-01-28,16.534283076609558,7
2026-01-29,16.74621301888034,7
2026-01-30,16.60663261656738,7
2026-02-02,16.21870722993194,7
2026-02-03,16.341190737925615,6
2026-02-04,16.424013948251904,6
2026-02-05,16.574544934475252,6
2026-02-06,16.521917360267548,6
2026-02-09,16.567040765272605,6
2026-02-10,16.59449661060696,6
2026-02-11,16.67384858932245,6
2026-02-12,16.518192183458307,6
2026-02-13,16.38142533333154,6
2026-02-24,16.460648194016777,6
2026-02-25,16.44427625881947,6
2026-02-26,16.343827127506756,6
2026-02-27,16.36147820169387,6
2026-03-02,16.255772074641243,6
2026-03-03,16.092807831260505,6
2026-03-04,15.935990879529747,6
2026-03-05,15.99609115364158,6
2026-03-06,16.176423432895707,6
2026-03-09,16.101328104468873,6
2026-03-10,16.178407252434827,6
2026-03-11,16.244544324475715,6
2026-03-12,16.205152475669163,6
2026-03-13,16.335042747305156,6
2026-03-16,16.255102240681445,6
2026-03-17,16.235526766756575,6
2026-03-18,16.313533365626448,6
2026-03-19,16.08679712887842,6
2026-03-20,15.860920640306,6
2026-03-23,15.21440164967266,6
2026-03-24,15.589746445665666,6
2026-03-25,15.676683836878217,6
2026-03-26,15.713445998015356,6
2026-03-27,15.872911231390425,6
2026-03-30,15.955808781921055,6
2026-03-31,15.929425327618437,6
2026-04-01,16.048895273430595,6
2026-04-02,15.981864154619048,6
2026-04-03,15.721695942473064,6
2026-04-07,15.764388820101779,6
2026-04-08,16.00732259775615,6
2026-04-09,15.810205652953455,6
2026-04-10,15.946065116377886,6
2026-04-13,15.879457563048094,6
2026-04-14,15.907449887992184,6
2026-04-15,15.99206512288864,6
2026-04-16,15.945395927231448,6
2026-04-17,15.880804147559184,6
2026-04-20,15.888786362241722,6
2026-04-21,16.07279419604606,6
2026-04-22,16.01550162963894,6
2026-04-23,16.051738359496913,6
2026-04-24,16.048372366947483,6
2026-04-27,16.012040231752778,6
2026-04-28,16.10361047716171,6
2026-04-29,16.32353088886259,6
2026-04-30,16.155593189958083,6
2026-05-06,16.154461494423586,6
2026-05-07,16.20803775890785,5
2026-05-08,16.124452495734708,5
2026-05-11,16.093151810011666,5
2026-05-12,16.00754553419249,5
2026-05-13,16.095314966974712,5
2026-05-14,15.897456141967982,5
2026-05-15,15.746026968013329,5
2026-05-18,15.59271839882769,5
2026-05-19,15.680886253305957,5
2026-05-20,15.521788282572322,5
2026-05-21,15.22759421716035,5
2026-05-22,15.280643805010405,5
2026-05-25,15.226296477742252,5
2026-05-26,15.163454643012772,5
2026-05-27,15.05520342927457,5
2026-05-28,15.007840692342848,5
2026-05-29,15.118548633621357,5
2026-06-01,15.258023301101927,5
2026-06-02,15.102403166277975,9
2026-06-03,14.984891488071534,9
2026-06-04,14.756442521829849,9
2026-06-05,14.808369816359484,9
2026-06-08,14.624679286018118,9
2026-06-09,14.545792106965669,9
2026-06-10,14.521300099185577,9
2026-06-11,14.538623974409282,9
2026-06-12,14.715213111879088,9
2026-06-15,14.723072593944062,9
2026-06-16,14.598190762775605,9
2026-06-17,14.545988334081217,9
2026-06-18,14.437169321880713,9
2026-06-22,14.400465544292054,9
2026-06-23,14.6377755982311,9
2026-06-24,14.464972422168465,9
2026-06-25,14.309906339074388,9
2026-06-26,14.138845973880798,9
2026-06-29,14.414409307904217,9
2026-06-30,14.371260478350928,9
2026-07-01,14.531022329098468,9
2026-07-02,14.63886736614503,9
2026-07-03,14.7611300217461,9
2026-07-06,14.81732756650983,9
2026-07-07,14.608094250509774,9
2026-07-08,14.579671264584825,9
2026-07-09,14.50637377808038,9
2026-07-10,14.578867510575042,9
2026-07-13,14.610796709865362,9
2026-07-14,14.752511069878397,9
2026-07-15,14.978195727253151,9
2026-07-16,14.924121419147747,9
2026-07-17,14.705595333940394,9
2026-07-20,14.733582526561907,9
2026-07-21,14.636335183385805,9
2026-07-22,14.621394050193974,9
2026-07-23,14.64712546120766,9
2026-07-24,14.43027100718114,9
2026-07-27,14.573913696086473,9
2026-07-28,14.685905758646257,9
2026-07-29,14.89986645027162,9
2026-07-30,14.941654472247993,9
2026-07-31,14.942515166340456,9
2026-08-03,14.993983327536874,9
2026-08-04,14.951586156904243,10
2026-08-05,14.907052714614137,10
2026-08-06,14.850577446372764,10
2026-08-07,14.92761164722276,10
2026-08-10,14.998027006513343,10
2026-08-11,14.965342837698298,10
2026-08-12,14.967620431904939,10
2026-08-13,15.050665086077997,10
2026-08-14,15.050665086077997,0
