date,nav
2006-01-04,1.0
2006-01-05,1.0
2006-01-06,1.0
2006-01-09,1.0
2006-01-10,1.0
2006-01-11,1.0
2006-01-12,1.0
2006-01-13,1.0
2006-01-16,1.0
2006-01-17,1.0
2006-01-18,1.0
2006-01-19,1.0
2006-01-20,1.0
2006-01-23,1.0
2006-01-24,1.0
2006-01-25,1.0
2006-02-06,0.9995036632355648
2006-02-07,0.9993927078333068
2006-02-08,1.0085484230274753
2006-02-09,0.9936635789461725
2006-02-10,1.024659920621708
2006-02-13,1.0564152850496094
2006-02-14,1.0535277484371444
2006-02-15,1.0455820356788617
2006-02-16,0.9903183093095926
2006-02-17,0.971644591892654
2006-02-20,0.9677670202356345
2006-02-21,0.9887924711101279
2006-02-22,0.9871003203284834
2006-02-23,0.9784314743939327
2006-02-24,0.9883732553331797
2006-02-27,0.9849400701587494
2006-02-28,0.9800571152202279
2006-03-01,0.9927870071876957
2006-03-02,0.9632034243634218
2006-03-03,0.9599772557910882
2006-03-06,0.9463127242889402
2006-03-07,0.9133750834951311
2006-03-08,0.9073344381821139
2006-03-09,0.91276231924995
2006-03-10,0.9234954666842643
2006-03-13,0.9419798056505477
2006-03-14,0.9400556173343434
2006-03-15,0.9572540287027691
2006-03-16,0.9562751028570022
2006-03-17,0.9482499463237221
2006-03-20,0.9636695800643835
2006-03-21,0.9632332654431416
2006-03-22,0.9820102191232611
2006-03-23,0.9852849436045332
2006-03-24,0.9739063313093453
2006-03-27,0.9846465032701462
2006-03-28,0.9435058294506092
2006-03-29,0.9426919345236715
2006-03-30,0.9315097350663051
2006-03-31,0.9451493049127764
2006-04-03,0.9610668624784713
2006-04-04,0.9819063651831689
2006-04-05,0.9916765964610751
2006-04-06,0.9905772099212331
2006-04-07,0.9839283186035965
2006-04-10,1.0286724107564735
2006-04-11,1.0415088810309332
2006-04-12,1.029380308991076
2006-04-13,0.9867696981230689
2006-04-14,1.0224106272894187
2006-04-17,1.0376277871514692
2006-04-18,1.0242958372841118
2006-04-19,1.0288176262702762
2006-04-20,1.0038906861884238
2006-04-21,1.0140890391208461
2006-04-24,0.9958243969606602
2006-04-25,0.985542527770556
2006-04-26,0.9995065615895508
2006-04-27,0.9951023158777769
2006-04-28,1.0031663812127898
2006-05-08,1.013396337479545
2006-05-09,1.0241063507446482
2006-05-10,1.0294699476153182
2006-05-11,1.0223171337564376
2006-05-12,1.0288675417130069
2006-05-15,1.050055559248987
2006-05-16,1.0341805718241524
2006-05-17,1.0389625729601906
2006-05-18,1.0383964652452191
2006-05-19,1.0480537028430041
2006-05-22,1.0536645986213116
2006-05-23,1.0298398681984147
2006-05-24,1.0214932019940737
2006-05-25,1.0279112941248894
2006-05-26,1.0348252620445215
2006-05-29,1.0421831735897493
2006-05-30,1.0492931185023877
2006-05-31,1.0516253292181945
2006-06-01,1.0660855434564735
2006-06-02,1.0625995934646522
2006-06-05,1.0686495777011853
2006-06-06,1.06396912097061
2006-06-07,1.0403598385221682
2006-06-08,1.0417655529540366
2006-06-09,1.0343422572669003
2006-06-12,1.036543034613925
2006-06-13,1.0397632436940045
2006-06-14,1.0357409319574158
2006-06-15,1.0381337385989773
2006-06-16,1.0475288250138937
2006-06-19,1.051612221548609
2006-06-20,1.0518620886133245
2006-06-21,1.0506976287278096
2006-06-22,1.047432554778671
2006-06-23,1.0495300325023194
2006-06-26,1.056009382310159
2006-06-27,1.0553669877751488
2006-06-28,1.0537373415124096
2006-06-29,1.0620079358144052
2006-06-30,1.0613386187451486
2006-07-03,1.0668284846833704
2006-07-04,1.0635250520113195
2006-07-05,1.0618622602222045
2006-07-06,1.0700037009642445
2006-07-07,1.0698673992586343
2006-07-10,1.0724131421953886
2006-07-11,1.0745522383152937
2006-07-12,1.0753536695115082
2006-07-13,1.0554644322807853
2006-07-14,1.059473105365492
2006-07-17,1.0671528020038232
2006-07-18,1.066810442851249
2006-07-19,1.0602085749151473
2006-07-20,1.061292419920462
2006-07-21,1.0622130470028346
2006-07-24,1.058779754233422
2006-07-25,1.0613034799029695
2006-07-26,1.062664735944291
2006-07-27,1.0609793005334303
2006-07-28,1.0566728563441874
2006-07-31,1.0295298171216376
2006-08-01,1.023787168418515
2006-08-02,1.023247346078149
2006-08-03,1.0238842568527642
2006-08-04,1.0121736046235996
2006-08-07,0.9987138957454779
2006-08-08,1.008306664298615
2006-08-09,1.004543818864507
2006-08-10,1.0138323379758787
2006-08-11,1.0160946412794922
2006-08-14,1.0063815764064687
2006-08-15,1.0130890443601765
2006-08-16,1.0234978663507974
2006-08-17,1.019128424126664
2006-08-18,1.020807733309782
2006-08-21,1.0277817989087712
2006-08-22,1.031890382283069
2006-08-23,1.0304239639258383
2006-08-24,1.0350992108440704
2006-08-25,1.0366267267864326
2006-08-28,1.0463917860860281
2006-08-29,1.0479403815516855
2006-08-30,1.0462912502389772
2006-08-31,1.0469189200772984
2006-09-01,1.0349603445161508
2006-09-04,1.0511270880791865
2006-09-05,1.04439193286524
2006-09-06,1.0483338656025427
2006-09-07,1.0396189016744923
2006-09-08,1.040190270087117
2006-09-11,1.039391765670347
2006-09-12,1.0466950557945125
2006-09-13,1.0386342022609103
2006-09-14,1.0333793644558729
2006-09-15,1.0450968919288939
2006-09-18,1.0547104040752187
2006-09-19,1.0601276085994458
2006-09-20,1.0608094429097532
2006-09-21,1.0694894620803286
2006-09-22,1.0638165903984473
2006-09-25,1.0598029878690347
2006-09-26,1.0548909805622377
2006-09-27,1.0594726985749525
2006-09-28,1.0690162868344562
2006-09-29,1.0778107825611678
2006-10-09,1.091291971570494
2006-10-10,1.1030482118843872
2006-10-11,1.1114745768857994
2006-10-12,1.1014842573793675
2006-10-13,1.100796172879747
2006-10-16,1.1003003768461181
2006-10-17,1.103702593752558
2006-10-18,1.110522924244336
2006-10-19,1.1151554665871397
2006-10-20,1.1078839392814814
2006-10-23,1.0897103626497593
2006-10-24,1.1076576804315064
2006-10-25,1.1026031984309297
2006-10-26,1.10550490282806
2006-10-27,1.0961848479094494
2006-10-30,1.10421820020183
2006-10-31,1.110691319765651
2006-11-01,1.1160114699216361
2006-11-02,1.1116188188360772
2006-11-03,1.1070072172309566
2006-11-06,1.0987256857241527
2006-11-07,1.0931832776834014
2006-11-08,1.0890302671261545
2006-11-09,1.095779473035237
2006-11-10,1.0799869071706667
2006-11-13,1.0489859274175026
2006-11-14,1.0506172055650964
2006-11-15,1.0704686204372276
2006-11-16,1.051667667218255
2006-11-17,1.0571934312808895
2006-11-20,1.0551032736453634
2006-11-21,1.0727972422363137
2006-11-22,1.0836719081620012
2006-11-23,1.0835009764486017
2006-11-24,1.0909620776953652
2006-11-27,1.1114567557937522
2006-11-28,1.1134154848990627
2006-11-29,1.1275243964543273
2006-11-30,1.1456639632616454
2006-12-01,1.152114109393624
2006-12-04,1.177671113337928
2006-12-05,1.1712848018457447
2006-12-06,1.1573156090227055
2006-12-07,1.146363285601905
2006-12-08,1.1188520071072037
2006-12-11,1.15289352418287
2006-12-12,1.1607460538351686
2006-12-13,1.164243886703029
2006-12-14,1.193638801589011
2006-12-15,1.2120931515284452
2006-12-18,1.2371008164485997
2006-12-19,1.2369548586827896
2006-12-20,1.2726929633820163
2006-12-21,1.2728043459057048
2006-12-22,1.2568722680068773
2006-12-25,1.2653547024910408
2006-12-26,1.2593438125296668
2006-12-27,1.2742397134060257
2006-12-28,1.2584375645569883
2006-12-29,1.285305287783805
2007-01-04,1.2877425340103517
2007-01-05,1.330959279483373
2007-01-08,1.371912457691592
2007-01-09,1.3875944635834712
2007-01-10,1.4210020901183398
2007-01-11,1.4090110355345524
2007-01-12,1.3764098349287925
2007-01-15,1.4477265161954784
2007-01-16,1.4891114145060216
2007-01-17,1.49328601346409
2007-01-18,1.5258917254121842
2007-01-19,1.5667961723091361
2007-01-22,1.6262543473953328
2007-01-23,1.6031070380066716
2007-01-24,1.60829564743761
2007-01-25,1.5376220299798962
2007-01-26,1.543480879850584
2007-01-29,1.5799426266866894
2007-01-30,1.6016083816257034
2007-01-31,1.5420167145457426
2007-02-01,1.5646555978373056
2007-02-02,1.5546410338974617
2007-02-05,1.5549696178663104
2007-02-06,1.5703187879988403
2007-02-07,1.590185439900572
2007-02-08,1.6063985846641409
2007-02-09,1.6085695384217469
2007-02-12,1.6488823246217388
2007-02-13,1.6734354276711663
2007-02-14,1.7013165780931319
2007-02-15,1.740186777350034
2007-02-16,1.7565295035181057
2007-02-26,1.7670411752543314
2007-02-27,1.6445223752003353
2007-02-28,1.6621126399649413
2007-03-01,1.6090591582892526
2007-03-02,1.6243173037347352
2007-03-05,1.6202365389095865
2007-03-06,1.6342137099802205
2007-03-07,1.6650536543932069
2007-03-08,1.682773591466446
2007-03-09,1.6733496826579308
2007-03-12,1.670740032984411
2007-03-13,1.6761272719272806
2007-03-14,1.6636249982564897
2007-03-15,1.6775312422946178
2007-03-16,1.6724499625945297
2007-03-19,1.6819437809971909
2007-03-20,1.6902855116227211
2007-03-21,1.7104719399889425
2007-03-22,1.7101498729882663
2007-03-23,1.714057502655665
2007-03-26,1.738327199113327
2007-03-27,1.746613037855998
2007-03-28,1.732051189116007
2007-03-29,1.714337641529122
2007-03-30,1.7211461553647882
2007-04-02,1.7422038099075285
2007-04-03,1.7511515944970812
2007-04-04,1.7724081594014056
2007-04-05,1.7834555064291708
2007-04-06,1.8054962792068634
2007-04-09,1.8268583262001166
2007-04-10,1.8479069644143593
2007-04-11,1.8599803125196528
2007-04-12,1.8842691564087088
2007-04-13,1.8914065754639882
2007-04-16,1.923538048913482
2007-04-17,1.9412061596491599
2007-04-18,1.9628184332939818
2007-04-19,1.8926669647484924
2007-04-20,1.9456024031394958
2007-04-23,1.965206079453175
2007-04-24,1.9688442869537075
2007-04-25,1.96181001538323
2007-04-26,1.9690456771671827
2007-04-27,1.9461811444082375
2007-04-30,1.9430366613020567
2007-05-08,1.9776983243723216
2007-05-09,1.9572313018364285
2007-05-10,1.9568358577888127
2007-05-11,1.9457280422004877
2007-05-14,1.9493503872730562
2007-05-15,1.9346377443726537
2007-05-16,1.9645588528722442
2007-05-17,1.989734639564471
2007-05-18,2.0039898097358115
2007-05-21,2.0423540094799213
2007-05-22,2.0607886061335363
2007-05-23,2.0901186481194096
2007-05-24,2.0770404816704624
2007-05-25,2.0979159821565037
2007-05-28,2.137390856254364
2007-05-29,2.1873776342127034
2007-05-30,2.0838014699189387
2007-05-31,2.1224650362392845
2007-06-01,2.0833839752521985
2007-06-04,1.9857717598311533
2007-06-05,2.017551762174048
2007-06-06,2.0793729085347055
2007-06-07,2.1346410897332966
2007-06-08,2.1585904793793347
2007-06-11,2.211892669246694
2007-06-12,2.256602748048136
2007-06-13,2.2691188545344567
2007-06-14,2.265009864080541
2007-06-15,2.2755987232250554
2007-06-18,2.3179593484255796
2007-06-19,2.322557032494762
2007-06-20,2.2806257422416083
2007-06-21,2.2682472083655547
2007-06-22,2.2112758193250914
2007-06-25,2.1695264701286674
2007-06-26,2.20091948971974
2007-06-27,2.2266040603431314
2007-06-28,2.1563403596319715
2007-06-29,2.120481454932042
2007-07-02,2.127426192430615
2007-07-03,2.1630856214662266
2007-07-04,2.1402909840368536
2007-07-05,2.080348896313272
2007-07-06,2.1350970001393037
2007-07-09,2.1683922074714608
2007-07-10,2.135326095719562
2007-07-11,2.1414590075272217
2007-07-12,2.1486272792620293
2007-07-13,2.1463990844300715
2007-07-16,2.1201865625180143
2007-07-17,2.1356664380052606
2007-07-18,2.137146459989624
2007-07-19,2.14048356126392
2007-07-20,2.175574535334891
2007-07-23,2.229589192959738
2007-07-24,2.2219188816674666
2007-07-25,2.2465294944569503
2007-07-26,2.2557617094368196
2007-07-27,2.272781732616168
2007-07-30,2.30196953540087
2007-07-31,2.3135990411388567
2007-08-01,2.256470918998083
2007-08-02,2.297574299013408
2007-08-03,2.318993343040247
2007-08-06,2.340206497456451
2007-08-07,2.357431175136344
2007-08-08,2.336843158816556
2007-08-09,2.3455587092816135
2007-08-10,2.312754654085745
2007-08-13,2.301081918730604
2007-08-14,2.3301542033411047
2007-08-15,2.324318429600981
2007-08-16,2.316741900338527
2007-08-17,2.298787588867895
2007-08-20,2.3598318448993867
2007-08-21,2.3763987362099668
2007-08-22,2.3971402121924132
2007-08-23,2.416590509374629
2007-08-24,2.428906016690352
2007-08-27,2.4285059047376296
2007-08-28,2.4274703599728236
2007-08-29,2.420293336558244
2007-08-30,2.4428099451802194
2007-08-31,2.451285883766284
2007-09-03,2.4755781631901357
2007-09-04,2.471790817385359
2007-09-05,2.4836985543525385
2007-09-06,2.4946444536004466
2007-09-07,2.454600740909645
2007-09-10,2.4673769960437775
2007-09-11,2.3961472736761413
2007-09-12,2.4039014468072595
2007-09-13,2.429147629329562
2007-09-14,2.4436416796484353
2007-09-17,2.4529836518491033
2007-09-18,2.46244155988738
2007-09-19,2.4358934434520805
2007-09-20,2.444293787500263
2007-09-21,2.4259113971255695
2007-09-24,2.4342009191360354
2007-09-25,2.423626324829552
2007-09-26,2.4085030510483865
2007-09-27,2.426159974011585
2007-09-28,2.4577424787879525
2007-10-08,2.4743770939637026
2007-10-09,2.470676643434064
2007-10-10,2.468802898586636
2007-10-11,2.4463642436012667
2007-10-12,2.4139038113694977
2007-10-15,2.403077078200376
2007-10-16,2.4510954935849396
2007-10-17,2.4510288223079892
2007-10-18,2.427453106574894
2007-10-19,2.428541735259804
2007-10-22,2.3976534630783624
2007-10-23,2.4109759515233247
2007-10-24,2.393517538299976
2007-10-25,2.3182643091140864
2007-10-26,2.3140081272883077
2007-10-29,2.3271082491096067
2007-10-30,2.34921776474295
2007-10-31,2.3925609935832886
2007-11-01,2.361121095276341
2007-11-02,2.335646352072176
2007-11-05,2.3597358815179157
2007-11-06,2.382494409613093
2007-11-07,2.363616339169889
2007-11-08,2.3130906144538366
2007-11-09,2.3099297405865036
2007-11-12,2.294332358628993
2007-11-13,2.2916755582452395
2007-11-14,2.334067809823712
2007-11-15,2.305941116041051
2007-11-16,2.3157324145661593
2007-11-19,2.361692229767809
2007-11-20,2.386537481051763
2007-11-21,2.3804211426999777
2007-11-22,2.3502422655812962
2007-11-23,2.3633815510173544
2007-11-26,2.3658359494232624
2007-11-27,2.354726801213626
2007-11-28,2.3435708449223944
2007-11-29,2.373952050418621
2007-11-30,2.3605474651153595
2007-12-03,2.3690578349798432
2007-12-04,2.380281551181725
2007-12-05,2.3982945015216655
2007-12-06,2.395183620769854
2007-12-07,2.414694669586578
2007-12-10,2.4568162404935725
2007-12-11,2.4655106648442944
2007-12-12,2.4890014114207983
2007-12-13,2.4653083161232883
2007-12-14,2.4875993118119353
2007-12-17,2.499416405745286
2007-12-18,2.486767756981605
2007-12-19,2.5104434127854787
2007-12-20,2.5238551973173706
2007-12-21,2.541965946655516
2007-12-24,2.562129374553433
2007-12-25,2.5796722788693995
2007-12-26,2.621645758823018
2007-12-27,2.630344846817769
2007-12-28,2.6367611166691045
2008-01-02,2.6972233139763166
2008-01-03,2.723777828623408
2008-01-04,2.7092378829021992
2008-01-07,2.7272163449015077
2008-01-08,2.6894221973119246
2008-01-09,2.729931950364453
2008-01-10,2.7224059777734553
2008-01-11,2.7290111116338927
2008-01-14,2.767505570740512
2008-01-15,2.8037370558323316
2008-01-16,2.7997630370111763
2008-01-17,2.7814073482222743
2008-01-18,2.7756037975556547
2008-01-21,2.7073244378999783
2008-01-22,2.5670575227584775
2008-01-23,2.6494640511023375
2008-01-24,2.69751075666968
2008-01-25,2.6984122943321047
2008-01-28,2.5885137308762096
2008-01-29,2.6069548114181167
2008-01-30,2.624513714668184
2008-01-31,2.5961599789078353
2008-02-01,2.5301416895992066
2008-02-04,2.6287048636200017
2008-02-05,2.6271742776835803
2008-02-13,2.6137294770028605
2008-02-14,2.636177976475936
2008-02-15,2.6345052921265415
2008-02-18,2.679562825930406
2008-02-19,2.699822491523011
2008-02-20,2.6858665972790807
2008-02-21,2.6963718848731526
2008-02-22,2.6569393348788504
2008-02-25,2.6196205575056215
2008-02-26,2.6142458570514195
2008-02-27,2.6317716639617093
2008-02-28,2.640092361967125
2008-02-29,2.6563436802467737
2008-03-03,2.6891498891701935
2008-03-04,2.675269137189249
2008-03-05,2.6683588760001284
2008-03-06,2.670573044662779
2008-03-07,2.6491353737073537
2008-03-10,2.6056879744679726
2008-03-11,2.607177029137061
2008-03-12,2.5881513625553105
2008-03-13,2.5537518218889463
2008-03-14,2.5497650514408807
2008-03-17,2.47337431740346
2008-03-18,2.3949346057921743
2008-03-19,2.44236912202468
2008-03-20,2.4867868199390952
2008-03-21,2.4891743591924747
2008-03-24,2.4663804941281176
2008-03-25,2.478958076589683
2008-03-26,2.4803725797795155
2008-03-27,2.4309891900640195
2008-03-28,2.4572248274766184
2008-03-31,2.4318264096545716
2008-04-01,2.3808270971661236
2008-04-02,2.3463858439474614
2008-04-03,2.360478990650242
2008-04-07,2.3937651236826323
2008-04-08,2.40381106178987
2008-04-09,2.37668071686492
2008-04-10,2.3829972685404393
2008-04-11,2.3964965914316325
2008-04-14,2.3568139589374253
2008-04-15,2.369226009551445
2008-04-16,2.363313369871647
2008-04-17,2.3464159368294752
2008-04-18,2.3136457835696227
2008-04-21,2.3036285469348914
2008-04-22,2.2899762203964893
2008-04-23,2.318354997548395
2008-04-24,2.372939326846566
2008-04-25,2.3776497458028625
2008-04-28,2.3743540442738107
2008-04-29,2.3797774056881704
2008-04-30,2.402568227606041
2008-05-05,2.4206560714870324
2008-05-06,2.4217880599546997
2008-05-07,2.3965363135597006
2008-05-08,2.41267788218938
2008-05-09,2.412636211900056
2008-05-12,2.425915143383614
2008-05-13,2.434266808984374
2008-05-14,2.447260891758028
2008-05-15,2.4429845471905502
2008-05-16,2.4354479021192135
2008-05-19,2.4366686087957663
2008-05-20,2.405247713172627
2008-05-21,2.418630595517289
2008-05-22,2.408539221619204
2008-05-23,2.403676184236627
2008-05-26,2.3883048766813237
2008-05-27,2.3912958678023553
2008-05-28,2.4026606755970548
2008-05-29,2.395211783909803
2008-05-30,2.408268903711238
2008-06-02,2.4078292355010538
2008-06-03,2.403528340972243
2008-06-04,2.393187992615543
2008-06-05,2.3899347487140026
2008-06-06,2.38769778632349
2008-06-10,2.343836435430581
2008-06-11,2.330379742383775
2008-06-12,2.3204059218353352
2008-06-13,2.3066763860237143
2008-06-16,2.3035496524029417
2008-06-17,2.2852528750450776
2008-06-18,2.3078099692357252
2008-06-19,2.2712745122733358
2008-06-20,2.281114408787252
2008-06-23,2.2687476561463296
2008-06-24,2.2818958690267754
2008-06-25,2.3068948378386898
2008-06-26,2.313880665119569
2008-06-27,2.2832160168650173
2008-06-30,2.281843579178501
2008-07-01,2.2705675128345435
2008-07-02,2.27528064986073
2008-07-03,2.285584444301765
2008-07-04,2.269899337432038
2008-07-07,2.2841543508446587
2008-07-08,2.290523251290269
2008-07-09,2.3041045315186195
2008-07-10,2.2978435401630826
2008-07-11,2.2985802868829652
2008-07-14,2.3037994703929168
2008-07-15,2.290573263860168
2008-07-16,2.272629772425434
2008-07-17,2.2682225729471392
2008-07-18,2.271958558191546
2008-07-21,2.2876994603175045
2008-07-22,2.287818687576124
2008-07-23,2.2763507402874006
2008-07-24,2.282165865664079
2008-07-25,2.2750322865656893
2008-07-28,2.280865066797026
2008-07-29,2.2810909086825792
2008-07-30,2.274755455765149
2008-07-31,2.2589390734764905
2008-08-01,2.253958313514597
2008-08-04,2.2442772406187887
2008-08-05,2.227865359193437
2008-08-06,2.226977054439904
2008-08-07,2.2291591854970583
2008-08-08,2.2102370960466495
2008-08-11,2.1858320261047837
2008-08-12,2.1898992203426872
2008-08-13,2.1966247997823003
2008-08-14,2.199579666214627
2008-08-15,2.195378414658778
2008-08-18,2.1675340144686928
2008-08-19,2.1663466710092463
2008-08-20,2.197587368713491
2008-08-21,2.1795221638448505
2008-08-22,2.1711964799263113
2008-08-25,2.164271023734931
2008-08-26,2.1472761521144674
2008-08-27,2.1378225835654803
2008-08-28,2.13765097763182
2008-08-29,2.147032647656632
2008-09-01,2.1287130007549733
2008-09-02,2.1219438001959756
2008-09-03,2.111640048592176
2008-09-04,2.1174528312341643
2008-09-05,2.1064275380944655
2008-09-08,2.0949057565494194
2008-09-09,2.09663656034856
2008-09-10,2.0963566249068397
2008-09-11,2.090598251232513
2008-09-12,2.0908015111266067
2008-09-16,2.0867564498415665
2008-09-17,2.084491789315514
2008-09-18,2.0774705194401046
2008-09-19,2.117160738289945
2008-09-22,2.1199983565163163
2008-09-23,2.0894088266711854
2008-09-24,2.0952334437499887
2008-09-25,2.106048792650466
2008-09-26,2.1098611051006064
2008-10-06,2.0956834833586675
2008-10-07,2.096674775620872
2008-10-08,2.086760304423637
2008-10-09,2.0864139034313425
2008-10-10,2.074540647381342
2008-10-13,2.077650166150375
2008-10-14,2.067102870724757
2008-10-15,2.0641735877112297
2008-10-16,2.044818182776467
2008-10-17,2.046925511329495
2008-10-20,2.0553485809839045
2008-10-21,2.055295872713775
2008-10-22,2.046847743964372
2008-10-23,2.049788254083274
2008-10-24,2.0458674001641692
2008-10-27,2.0225056795837406
2008-10-28,2.0295910606221543
2008-10-29,2.0165176034168826
2008-10-30,2.0177860113287145
2008-10-31,2.012128075892062
2008-11-03,1.9997785347534414
2008-11-04,1.9990865316562414
2008-11-05,2.0045902062191105
2008-11-06,1.9987906671006344
2008-11-07,1.996813734422997
2008-11-10,2.0181142132352154
2008-11-11,2.0174475948428876
2008-11-12,2.0193218117074196
2008-11-13,2.038745917708039
2008-11-14,2.0564232085410166
2008-11-17,2.0764945707202864
2008-11-18,2.0562394642052544
2008-11-19,2.0834659833030855
2008-11-20,2.0849282863688408
2008-11-21,2.0821441367943834
2008-11-24,2.0772744392752447
2008-11-25,2.0748639377026126
2008-11-26,2.0743467394242114
2008-11-27,2.0862827214551145
2008-11-28,2.0957022878247282
2008-12-01,2.101946819379329
2008-12-02,2.1096510548751324
2008-12-03,2.117524199358732
2008-12-04,2.1164590117271813
2008-12-05,2.120814906520658
2008-12-08,2.1346547031811616
2008-12-09,2.1252052574469813
2008-12-10,2.133348101073103
2008-12-11,2.1254231746971732
2008-12-12,2.1085876926739933
2008-12-15,2.1176010483318963
2008-12-16,2.125106691014485
2008-12-17,2.1319262277336843
2008-12-18,2.13755474115148
2008-12-19,2.147116426988126
2008-12-22,2.148706852794454
2008-12-23,2.1307148115463623
2008-12-24,2.1248935073792654
2008-12-25,2.1265276609450328
2008-12-26,2.1249015676437906
2008-12-29,2.1264935874195054
2008-12-30,2.1292316723764566
2008-12-31,2.127852513747858
2009-01-05,2.1368166377939213
2009-01-06,2.1424051848224033
2009-01-07,2.1424121491373884
2009-01-08,2.136049346979695
2009-01-09,2.1537386890467713
2009-01-12,2.1580670547672742
2009-01-13,2.1391623710289176
2009-01-14,2.153803864050412
2009-01-15,2.152299653055105
2009-01-16,2.1508230995278512
2009-01-19,2.1496883478364945
2009-01-20,2.1550930310804657
2009-01-21,2.152532782911012
2009-01-22,2.1581471026352683
2009-01-23,2.156688371511129
2009-02-02,2.164575071386402
2009-02-03,2.172804397151264
2009-02-04,2.1781091840403723
2009-02-05,2.175928134693759
2009-02-06,2.1954620118373565
2009-02-09,2.208689879880512
2009-02-10,2.2158729544213607
2009-02-11,2.210514556797151
2009-02-12,2.216337777091067
2009-02-13,2.230012604858924
2009-02-16,2.232655880407889
2009-02-17,2.2185049326956863
2009-02-18,2.196346039414019
2009-02-19,2.2091354274227215
2009-02-20,2.2236227092116554
2009-02-23,2.2374294766810063
2009-02-24,2.21490456038683
2009-02-25,2.2229507735140883
2009-02-26,2.189953441955056
2009-02-27,2.1615121315830743
2009-03-02,2.178615052763415
2009-03-03,2.18085798114472
2009-03-04,2.2352371331543117
2009-03-05,2.2415582875747857
2009-03-06,2.241140794985802
2009-03-09,2.2043925468042302
2009-03-10,2.2344853660605066
2009-03-11,2.2354420352472775
2009-03-12,2.2374710646429348
2009-03-13,2.246669483882895
2009-03-16,2.2618010438606833
2009-03-17,2.2900972761956853
2009-03-18,2.303459595396161
2009-03-19,2.320595239348003
2009-03-20,2.3069274011347534
2009-03-23,2.3241517690133127
2009-03-24,2.3382851311161112
2009-03-25,2.313236768966752
2009-03-26,2.331100302051531
2009-03-27,2.3239191399879195
2009-03-30,2.3398785334326946
2009-03-31,2.3545634511224325
2009-04-01,2.3680743894844722
2009-04-02,2.3834930411862936
2009-04-03,2.40140005878855
2009-04-07,2.4243895392130197
2009-04-08,2.399104884413433
2009-04-09,2.429159142896577
2009-04-10,2.4623708837446596
2009-04-13,2.492423895115861
2009-04-14,2.5473894261722014
2009-04-15,2.5708142077360425
2009-04-16,2.5582285566971117
2009-04-17,2.516436995958498
2009-04-20,2.544742049685274
2009-04-21,2.535287526638401
2009-04-22,2.4790513841784474
2009-04-23,2.5079763420358403
2009-04-24,2.499360516324375
2009-04-27,2.458924374818226
2009-04-28,2.4578082502769707
2009-04-29,2.475367897484975
2009-04-30,2.4850543157714937
2009-05-04,2.533244130934394
2009-05-05,2.5475171742211513
2009-05-06,2.5620050412810436
2009-05-07,2.553003604291144
2009-05-08,2.548185469045559
2009-05-11,2.500064343598213
2009-05-12,2.5240368307496728
2009-05-13,2.5413317614876574
2009-05-14,2.5497285510796104
2009-05-15,2.5425553993739247
2009-05-18,2.53688447061098
2009-05-19,2.545971887370571
2009-05-20,2.535202308589799
2009-05-21,2.51359412228925
2009-05-22,2.518156842634149
2009-05-25,2.5128804913567007
2009-05-26,2.5347820301874506
2009-05-27,2.5314056040173605
2009-06-01,2.5437338291533633
2009-06-02,2.548165758943875
2009-06-03,2.5602014784770915
2009-06-04,2.5492828071198774
2009-06-05,2.5375059536742155
2009-06-08,2.535155112860521
2009-06-09,2.541560098643149
2009-06-10,2.56729472377591
2009-06-11,2.562132737398366
2009-06-12,2.5319773228540203
2009-06-15,2.556946977721217
2009-06-16,2.553325387697714
2009-06-17,2.56379534958344
2009-06-18,2.565254971578692
2009-06-19,2.5738134014191973
2009-06-22,2.5613033272923142
2009-06-23,2.5588187963657316
2009-06-24,2.573223939071387
2009-06-25,2.5957457516749534
2009-06-26,2.603260469395083
2009-06-29,2.6074029966272687
2009-06-30,2.587835339200201
2009-07-01,2.5802605184272442
2009-07-02,2.5841043309746086
2009-07-03,2.594610718075128
2009-07-06,2.581880678226998
2009-07-07,2.6297600038348437
2009-07-08,2.664427728800397
2009-07-09,2.721379799617605
2009-07-10,2.7224968974438677
2009-07-13,2.7439720396400453
2009-07-14,2.7936152875437013
2009-07-15,2.8384404735153757
2009-07-16,2.8236288188703433
2009-07-17,2.842755531008388
2009-07-20,2.87368852253556
2009-07-21,2.832770542688477
2009-07-22,2.8587931402834306
2009-07-23,2.866297025786594
2009-07-24,2.8640225678403963
2009-07-27,2.882600769560895
2009-07-28,2.9111942814180867
2009-07-29,2.8234837109113817
2009-07-30,2.853400375826887
2009-07-31,2.8946217810189037
2009-08-03,2.9345250265213116
2009-08-04,2.9371140506224362
2009-08-05,2.954514301008283
2009-08-06,2.934261727226231
2009-08-07,2.8843369987356704
2009-08-10,2.915222049611574
2009-08-11,2.924282877169665
2009-08-12,2.804744861575077
2009-08-13,2.80667844268749
2009-08-14,2.7167666731907203
2009-08-17,2.6107345529650057
2009-08-18,2.642167184759847
2009-08-19,2.5906389362170206
2009-08-20,2.6579946090306814
2009-08-21,2.730596319710123
2009-08-24,2.7945720317087197
2009-08-25,2.759240245657456
2009-08-26,2.812863496142618
2009-08-27,2.829017006401046
2009-08-28,2.784572345342264
2009-08-31,2.661659105168637
2009-09-01,2.63755156569927
2009-09-02,2.667470291101813
2009-09-03,2.737214205526632
2009-09-04,2.7609384206724923
2009-09-07,2.7873773100598633
2009-09-08,2.7949962710760823
2009-09-09,2.8058552992314136
2009-09-10,2.7940471085603904
2009-09-11,2.8150228977334084
2009-09-14,2.85593345491143
2009-09-15,2.880121422295876
2009-09-16,2.905048586923307
2009-09-17,2.9642307764170974
2009-09-18,2.898562205456687
2009-09-21,2.949325406825996
2009-09-22,2.929480121601776
2009-09-23,2.8997304191242224
2009-09-24,2.854402804235997
2009-09-25,2.8641493613010205
2009-09-28,2.8275756782440746
2009-09-29,2.7844163841247846
2009-09-30,2.808844252008514
2009-10-09,2.8782556205036274
2009-10-12,2.8984786349139555
2009-10-13,2.9125266035098862
2009-10-14,2.9141091745233445
2009-10-15,2.9402539929170306
2009-10-16,2.948580005087168
2009-10-19,2.9717782425843375
2009-10-20,2.991691026335435
2009-10-21,2.9738706158936905
2009-10-22,2.992732393714124
2009-10-23,3.0266910257037547
2009-10-26,3.047931458895792
2009-10-27,3.046723841657036
2009-10-28,3.072943321848432
2009-10-29,3.0541010952021184
2009-10-30,3.0594746654370044
2009-11-02,3.101987448486044
2009-11-03,3.123024541624806
2009-11-04,3.145025789782621
2009-11-05,3.157840727650003
2009-11-06,3.1720938109859023
2009-11-09,3.195766863940624
2009-11-10,3.184574195959333
2009-11-11,3.192673507043074
2009-11-12,3.2118593723456246
2009-11-13,3.2393434441937834
2009-11-16,3.2844613164776755
2009-11-17,3.301304657440081
2009-11-18,3.315685338234072
2009-11-19,3.33527844687709
2009-11-20,3.3487588805007915
2009-11-23,3.373605708316029
2009-11-24,3.2583721432083568
2009-11-25,3.3279588668653948
2009-11-26,3.2270401617795765
2009-11-27,3.2238391407678555
2009-11-30,3.308330215365992
2009-12-01,3.3715839975697883
2009-12-02,3.411837115514593
2009-12-03,3.4268711454963023
2009-12-04,3.352424124406504
2009-12-07,3.410417933223315
2009-12-08,3.4178388112986773
2009-12-09,3.402004931050504
2009-12-10,3.44481858453496
2009-12-11,3.4499309547174715
2009-12-14,3.4523725385398647
2009-12-15,3.452696433904756
2009-12-16,3.4246287256273913
2009-12-17,3.3556284129524228
2009-12-18,3.302419232074653
2009-12-21,3.3442110159567435
2009-12-22,3.305171024507574
2009-12-23,3.3558517156131744
2009-12-24,3.437206837692549
2009-12-25,3.4534933661893668
2009-12-28,3.478599529809403
2009-12-29,3.510131711094461
2009-12-30,3.4974134333676035
2009-12-31,3.5385500393731366
2010-01-04,3.559401518083004
2010-01-05,3.598562595578086
2010-01-06,3.5836773785372227
2010-01-07,3.543010443775656
2010-01-08,3.5561847678310015
2010-01-11,3.6223496795412546
2010-01-12,3.6877320960539186
2010-01-13,3.692038328962795
2010-01-14,3.7487294480622557
2010-01-15,3.789944379199459
2010-01-18,3.8336844670181796
2010-01-19,3.798605552317871
2010-01-20,3.6823624203474434
2010-01-21,3.696641743706668
2010-01-22,3.6374165189604093
2010-01-25,3.5976046827417663
2010-01-26,3.526776079840727
2010-01-27,3.5330636910686306
2010-01-28,3.565516003221671
2010-01-29,3.597321532110671
2010-02-01,3.5707626850185887
2010-02-02,3.5485632956393913
2010-02-03,3.5416907937848574
2010-02-04,3.538113906804465
2010-02-05,3.489051879663256
2010-02-08,3.4836812408355162
2010-02-09,3.5053896950562398
2010-02-10,3.5447812281169275
2010-02-11,3.5435353237530314
2010-02-12,3.5786883796576765
2010-02-22,3.569322618038703
2010-02-23,3.5545416461981443
2010-02-24,3.637819755792343
2010-02-25,3.683336321593837
2010-02-26,3.6966271740573244
2010-03-01,3.716998195145162
2010-03-02,3.7076004376246434
2010-03-03,3.7168764902456064
2010-03-04,3.662801934119221
2010-03-05,3.672735854886836
2010-03-08,3.682632301068644
2010-03-09,3.681596026843477
2010-03-10,3.644905442459603
2010-03-11,3.643213020866027
2010-03-12,3.61063111057561
2010-03-15,3.5924791921980344
2010-03-16,3.598773305818178
2010-03-17,3.65978062273804
2010-03-18,3.6542357050584138
2010-03-19,3.6628027155455674
2010-03-22,3.6882746674004268
2010-03-23,3.7191083562635985
2010-03-24,3.7379116263098675
2010-03-25,3.715433639532219
2010-03-26,3.728800479391937
2010-03-29,3.7323741864607993
2010-03-30,3.7419792029086048
2010-03-31,3.768951497030979
2010-04-01,3.8124176612404796
2010-04-02,3.8140222655091165
2010-04-06,3.823719086828237
2010-04-07,3.8395625273728506
2010-04-08,3.8372921486377476
2010-04-09,3.8940714207829807
2010-04-12,3.945679421051499
2010-04-13,3.8917640353738117
2010-04-14,3.9135394051369117
2010-04-15,3.883331944208559
2010-04-16,3.894552044674639
2010-04-19,3.8347394912694495
2010-04-20,3.9219778578544586
2010-04-21,4.002432382780472
2010-04-22,4.037398053126094
2010-04-23,4.003507853778014
2010-04-26,4.0012154200117145
2010-04-27,3.943735058437942
2010-04-28,3.915632799565238
2010-04-29,3.8391382655357758
2010-04-30,3.7829101625002024
2010-05-04,3.795881307841144
2010-05-05,3.8757554556060554
2010-05-06,3.830383125631987
2010-05-07,3.78173183213913
2010-05-10,3.7281971942037115
2010-05-11,3.66917409580569
2010-05-12,3.608417704986753
2010-05-13,3.689085025831374
2010-05-14,3.709373114917869
2010-05-17,3.596011704939692
2010-05-18,3.6198481993593767
2010-05-19,3.6227262764759565
2010-05-20,3.6071103880864337
2010-05-21,3.6545166927056836
2010-05-24,3.738013294383685
2010-05-25,3.716946621738839
2010-05-26,3.713139190857824
2010-05-27,3.745849934521336
2010-05-28,3.765842215344457
2010-05-31,3.746850706466071
2010-06-01,3.730773606713435
2010-06-02,3.7442140979031784
2010-06-03,3.7457577652406666
2010-06-04,3.7599414018530903
2010-06-07,3.764033573738612
2010-06-08,3.786161528350866
2010-06-09,3.803302566791036
2010-06-10,3.8112465781976668
2010-06-11,3.8156419590033925
2010-06-17,3.7933498804211547
2010-06-18,3.7441108122067126
2010-06-21,3.7738895668428674
2010-06-22,3.7826380996382647
2010-06-23,3.7860459821859944
2010-06-24,3.7868972714861213
2010-06-25,3.773294466427989
2010-06-28,3.758030766889882
2010-06-29,3.7135821722537226
2010-06-30,3.7125619543800568
2010-07-01,3.700557193710913
2010-07-02,3.6819681570058944
2010-07-05,3.6791216858572633
2010-07-06,3.7033980515856624
2010-07-07,3.7194373999809893
2010-07-08,3.712496466012015
2010-07-09,3.7341514952472
2010-07-12,3.7424289542518516
2010-07-13,3.7283037891764854
2010-07-14,3.7404819084134306
2010-07-15,3.7251789972119433
2010-07-16,3.7269206226583513
2010-07-19,3.7457659717393765
2010-07-20,3.769134655808226
2010-07-21,3.775042709198943
2010-07-22,3.7835466776484457
2010-07-23,3.7843339991289158
2010-07-26,3.7994256865241947
2010-07-27,3.8051644374141773
2010-07-28,3.8190645548770967
2010-07-29,3.821997605623634
2010-07-30,3.8276421080377596
2010-08-02,3.837161995419129
2010-08-03,3.82758026320658
2010-08-04,3.8310973054980635
2010-08-05,3.8373165835788043
2010-08-06,3.8534132484295993
2010-08-09,3.8662652732988123
2010-08-10,3.8410476183753897
2010-08-11,3.853237508377008
2010-08-12,3.8471071883229238
2010-08-13,3.8611406791797536
2010-08-16,3.879169712942495
2010-08-17,3.8849264320567913
2010-08-18,3.8808895900970812
2010-08-19,3.877952317494748
2010-08-20,3.8568397966629524
2010-08-23,3.865470384317782
2010-08-24,3.8784058418336906
2010-08-25,3.8764241435276063
2010-08-26,3.884706764789998
2010-08-27,3.8976421611380463
2010-08-30,3.9321662657045504
2010-08-31,3.9412148965737015
2010-09-01,3.9052286443056734
2010-09-02,3.945092010831804
2010-09-03,3.9574659961469214
2010-09-06,3.9413191616527867
2010-09-07,3.946164970908769
2010-09-08,3.970433087695431
2010-09-09,3.952304916822603
2010-09-10,3.970294918591736
2010-09-13,3.999684057663092
2010-09-14,4.015297387835786
2010-09-15,4.00010031230041
2010-09-16,3.945606295297008
2010-09-17,3.936569139267925
2010-09-20,3.914221205694876
2010-09-21,3.9187204679179715
2010-09-27,3.9521826531736592
2010-09-28,3.9410013978866556
2010-09-29,3.924620097280667
2010-09-30,3.9597750751164233
2010-10-08,3.995456672676893
2010-10-11,3.9707525879738115
2010-10-12,3.9933519997884246
2010-10-13,3.9960713909694707
2010-10-14,3.901034235028124
2010-10-15,3.8690664550559752
2010-10-18,3.8290750736909183
2010-10-19,3.9124167691367835
2010-10-20,3.932480203726779
2010-10-21,3.9423280437881
2010-10-22,3.979548406735088
2010-10-25,4.038560073914231
2010-10-26,4.049758172154008
2010-10-27,4.046463562210074
2010-10-28,4.066494771874553
2010-10-29,4.087318554734003
2010-11-01,4.176342217343007
2010-11-02,4.08923830918459
2010-11-03,3.9986054978711074
2010-11-04,4.02620366336304
2010-11-05,4.0870248594690475
2010-11-08,4.1690678213729
2010-11-09,4.228321089309027
2010-11-10,4.29028374097058
2010-11-11,4.253031207889423
2010-11-12,4.08861993676881
2010-11-15,4.25039899240053
2010-11-16,4.223274274576462
2010-11-17,4.123906789542909
2010-11-18,4.18400451267853
2010-11-19,4.319755281684604
2010-11-22,4.378599564846508
2010-11-23,4.383913333262074
2010-11-24,4.458227540676546
2010-11-25,4.42053450314078
2010-11-26,4.43160338618766
2010-11-29,4.476944608774816
2010-11-30,4.352888366959158
2010-12-01,4.339893953081397
2010-12-02,4.338334442261935
2010-12-03,4.320347660891902
2010-12-06,4.275718466869903
2010-12-07,4.320444652774241
2010-12-08,4.311629500584973
2010-12-09,4.2914117821272475
2010-12-10,4.347390109895216
2010-12-13,4.447126971282604
2010-12-14,4.480074037923559
2010-12-15,4.462085537155975
2010-12-16,4.483626748768316
2010-12-17,4.5213508506082105
2010-12-20,4.490517502242754
2010-12-21,4.516236566366731
2010-12-22,4.490063640149116
2010-12-23,4.413965723381464
2010-12-24,4.353123079364203
2010-12-27,4.239908918706396
2010-12-28,4.18791749661712
2010-12-29,4.241534529467202
2010-12-30,4.267179271523259
2010-12-31,4.3323843806162605
2011-01-04,4.380174421260772
2011-01-05,4.4053701929329545
2011-01-06,4.373679913732401
2011-01-07,4.350636285799316
2011-01-10,4.261532793595319
2011-01-11,4.217554439875282
2011-01-12,4.233481938954916
2011-01-13,4.238513381362268
2011-01-14,4.159127994905551
2011-01-17,4.0102017037748015
2011-01-18,4.018035900704781
2011-01-19,4.076052371286872
2011-01-20,3.960270469090604
2011-01-21,3.972794957129033
2011-01-24,3.9114811953885584
2011-01-25,3.8660754191584425
2011-01-26,3.9185070960737933
2011-01-27,3.9748294828268307
2011-01-28,4.024874114412359
2011-01-31,4.038650373188004
2011-02-01,4.0478369988674
2011-02-09,4.020296853423781
2011-02-10,4.114808652044604
2011-02-11,4.140915312341037
2011-02-14,4.169375894882852
2011-02-15,4.18178902040474
2011-02-16,4.2189543573763695
2011-02-17,4.241637787446771
2011-02-18,4.204733036148943
2011-02-21,4.24803290201218
2011-02-22,4.194565347921673
2011-02-23,4.224658031949459
2011-02-24,4.23056278904142
2011-02-25,4.2246131318308215
2011-02-28,4.259892154981558
2011-03-01,4.278114190700402
2011-03-02,4.270254733714993
2011-03-03,4.215177297594223
2011-03-04,4.2284746376183024
2011-03-07,4.2414808694821025
2011-03-08,4.269738798344777
2011-03-09,4.276247025292029
2011-03-10,4.28229598028482
2011-03-11,4.290810492283529
2011-03-14,4.312778343220888
2011-03-15,4.283612594943689
2011-03-16,4.305004554112055
2011-03-17,4.254765635817498
2011-03-18,4.281853730936536
2011-03-21,4.257528744208694
2011-03-22,4.241758230665892
2011-03-23,4.276358423597678
2011-03-24,4.262744326820097
2011-03-25,4.269436081382293
2011-03-28,4.263869112836561
2011-03-29,4.167058636021433
2011-03-30,4.154159687069853
2011-03-31,4.154197653407142
2011-04-01,4.19034612771974
2011-04-06,4.165010941004563
2011-04-07,4.195446428538202
2011-04-08,4.246842864085967
2011-04-11,4.206753727808621
2011-04-12,4.179031898437262
2011-04-13,4.226364546550062
2011-04-14,4.218922094417708
2011-04-15,4.220224645860715
2011-04-18,4.213857084782363
2011-04-19,4.1970742195694175
2011-04-20,4.227683985746275
2011-04-21,4.251185368505333
2011-04-22,4.231162234950102
2011-04-25,4.177399858245859
2011-04-26,4.11462779975221
2011-04-27,4.072032115756938
2011-04-28,3.9545756354179202
2011-04-29,4.0060928091979
2011-05-03,4.035885940035064
2011-05-04,3.993601040651148
2011-05-05,4.003216480503008
2011-05-06,4.034324405677023
2011-05-09,4.054869983572163
2011-05-10,4.076090774643253
2011-05-11,4.0822735364905
2011-05-12,4.0469064101105054
2011-05-13,4.062342319013464
2011-05-16,4.065579495999827
2011-05-17,4.050119761907189
2011-05-18,4.052480239782056
2011-05-19,4.060058372463868
2011-05-20,4.049770433124019
2011-05-23,3.9694933109204644
2011-05-24,3.9596799901112805
2011-05-25,3.9253576999299327
2011-05-26,3.894730911001366
2011-05-27,3.838382549985183
2011-05-30,3.830665826636067
2011-05-31,3.8506779045155426
2011-06-01,3.8658531494528927
2011-06-02,3.853954147946433
2011-06-03,3.876878273749559
2011-06-07,3.882398446935236
2011-06-08,3.8871825389788413
2011-06-09,3.868096972108531
2011-06-10,3.861207099079479
2011-06-13,3.855811441933907
2011-06-14,3.873000135041034
2011-06-15,3.8608743134783294
2011-06-16,3.835000470759824
2011-06-17,3.817522630873069
2011-06-20,3.798481374722678
2011-06-21,3.81004247474673
2011-06-22,3.813765967983907
2011-06-23,3.8401827118853853
2011-06-24,3.870099020860329
2011-06-27,3.8903340411238267
2011-06-28,3.899588614827599
2011-06-29,3.893651293354806
2011-06-30,3.906907142477014
2011-07-01,3.9084180899683254
2011-07-04,3.9337748752570216
2011-07-05,3.9389552177841676
2011-07-06,3.9435002827218315
2011-07-07,3.946464417950093
2011-07-08,3.946344415283592
2011-07-11,3.963288642047825
2011-07-12,3.951094727017091
2011-07-13,3.970999442464778
2011-07-14,3.9806832042234257
2011-07-15,3.9902964155917484
2011-07-18,3.9971528844728055
2011-07-19,3.976244850346333
2011-07-20,3.9821535866984186
2011-07-21,3.9653908018000137
2011-07-22,3.969267413055379
2011-07-25,3.9308959265215204
2011-07-26,3.938802648621124
2011-07-27,3.9645000191839195
2011-07-28,3.971285816043364
2011-07-29,3.9649395872230824
2011-08-01,3.9601188735445243
2011-08-02,3.952573538284759
2011-08-03,3.957752078359084
2011-08-04,3.9617362350540164
2011-08-05,3.9468353899465427
2011-08-08,3.905209586574738
2011-08-09,3.903367657481875
2011-08-10,3.925580773568731
2011-08-11,3.9412259544837
2011-08-12,3.9549090178617887
2011-08-15,3.96416399134965
2011-08-16,3.9513663413791433
2011-08-17,3.9528519773244533
2011-08-18,3.9324234677325407
2011-08-19,3.9232188485781525
2011-08-22,3.915525984403747
2011-08-23,3.934061021321041
2011-08-24,3.936181473470568
2011-08-25,3.9555376506485045
2011-08-26,3.960867187742913
2011-08-29,3.953769877092112
2011-08-30,3.9429785752810678
2011-08-31,3.9372351224844495
2011-09-01,3.9267780137798405
2011-09-02,3.9187129528618927
2011-09-05,3.9084595366969905
2011-09-06,3.894620818336427
2011-09-07,3.915518673308929
2011-09-08,3.9061188555695714
2011-09-09,3.902351684155023
2011-09-13,3.8870873990641286
2011-09-14,3.896794575914034
2011-09-15,3.895174493726026
2011-09-16,3.8932881457964235
2011-09-19,3.8741727552901626
2011-09-20,3.87903906517221
2011-09-21,3.902533233231573
2011-09-22,3.88065896335276
2011-09-23,3.871244140393527
2011-09-26,3.8587046686164816
2011-09-27,3.8601476164904027
2011-09-28,3.8521355930374956
2011-09-29,3.8352025909498666
2011-09-30,3.8347140329498406
2011-10-10,3.8264480286509883
2011-10-11,3.8231002452472542
2011-10-12,3.8466818385207713
2011-10-13,3.8531587219382337
2011-10-14,3.8480721979613604
2011-10-17,3.8530430995255447
2011-10-18,3.8296353161390932
2011-10-19,3.8230948032616494
2011-10-20,3.7958657859103133
2011-10-21,3.7784849478899436
2011-10-24,3.7878100605012808
2011-10-25,3.807446213561343
2011-10-26,3.8195087494911544
2011-10-27,3.8194317130928606
2011-10-28,3.8333658745791555
2011-10-31,3.8401756039286767
2011-11-01,3.839409070367052
2011-11-02,3.864748320839555
2011-11-03,3.8766962903117257
2011-11-04,3.8818143743804483
2011-11-07,3.8798632409370386
2011-11-08,3.870076143639343
2011-11-09,3.883297712703801
2011-11-10,3.8840704742135266
2011-11-11,3.88408946694613
2011-11-14,3.9046165403279267
2011-11-15,3.9119660284288353
2011-11-16,3.893425001979891
2011-11-17,3.8976184600596295
2011-11-18,3.8808316420747344
2011-11-21,3.880381736375366
2011-11-22,3.8809290448755815
2011-11-23,3.8804730495690953
2011-11-24,3.87923020423311
2011-11-25,3.8746636631848173
2011-11-28,3.8771015198022605
2011-11-29,3.8919840985463874
2011-11-30,3.8597767780468515
2011-12-01,3.872060769441155
2011-12-02,3.8598766334038515
2011-12-05,3.8423006813614236
2011-12-06,3.8396792071597665
2011-12-07,3.8416813705726294
2011-12-08,3.8445975914290353
2011-12-09,3.8348958131018165
2011-12-12,3.8222593818845882
2011-12-13,3.800300062942307
2011-12-14,3.788830845388059
2011-12-15,3.777479802067868
2011-12-16,3.7978059005260976
2011-12-19,3.7927954591584916
2011-12-20,3.789316002550591
2011-12-21,3.779290111557143
2011-12-22,3.7622655128007128
2011-12-23,3.764731217625948
2011-12-26,3.75635008393949
2011-12-27,3.735895866452955
2011-12-28,3.732429263925557
2011-12-29,3.73065408657288
2011-12-30,3.7453531007452248
2012-01-04,3.719764566429069
2012-01-05,3.686610152158399
2012-01-06,3.684862766691073
2012-01-09,3.705242278069396
2012-01-10,3.731776913291866
2012-01-11,3.733222302747302
2012-01-12,3.729518326240484
2012-01-13,3.6933391827597144
2012-01-16,3.6539577184173413
2012-01-17,3.6817411975541368
2012-01-18,3.6495075313076475
2012-01-19,3.652819222484667
2012-01-20,3.667747755236247
2012-01-30,3.667605013164822
2012-01-31,3.6660665437027484
2012-02-01,3.662838064207368
2012-02-02,3.6743039178534236
2012-02-03,3.6891274795428175
2012-02-06,3.691930202721621
2012-02-07,3.6778549861619383
2012-02-08,3.6962309316685613
2012-02-09,3.6992306087017672
2012-02-10,3.6982050651526155
2012-02-13,3.709351503325863
2012-02-14,3.708046141586114
2012-02-15,3.7180094690103833
2012-02-16,3.7176842974672946
2012-02-17,3.711213099043607
2012-02-20,3.7167896007983185
2012-02-21,3.731354992804257
2012-02-22,3.7490897694017686
2012-02-23,3.7538424112206257
2012-02-24,3.759880627297195
2012-02-27,3.7584141058495937
2012-02-28,3.752182177492931
2012-02-29,3.7440513278672536
2012-03-01,3.742857343372392
2012-03-02,3.756422178731541
2012-03-05,3.755425128124794
2012-03-06,3.7423492029407925
2012-03-07,3.739010321906046
2012-03-08,3.7511090978514883
2012-03-09,3.767780819066202
2012-03-12,3.772779176261953
2012-03-13,3.7872651920361307
2012-03-14,3.7519413449192207
2012-03-15,3.755619815340403
2012-03-16,3.7715930431378952
2012-03-19,3.784273901097644
2012-03-20,3.759086831359447
2012-03-21,3.7586671042679054
2012-03-22,3.757330440625019
2012-03-23,3.742784782434337
2012-03-26,3.740540188580881
2012-03-27,3.7376480539834724
2012-03-28,3.6943440291507743
2012-03-29,3.6778282612280866
2012-03-30,3.6821610192762173
2012-04-05,3.700189697757764
2012-04-06,3.702097058132688
2012-04-09,3.6918053400188273
2012-04-10,3.698754614519151
2012-04-11,3.7012304890351593
2012-04-12,3.7209302170023038
2012-04-13,3.727745822336082
2012-04-16,3.7247190709836837
2012-04-17,3.725656226829488
2012-04-18,3.736951387877624
2012-04-19,3.7378922444399283
2012-04-20,3.7419838916687
2012-04-23,3.7201011413480343
2012-04-24,3.707924183531468
2012-04-25,3.7219984119389684
2012-04-26,3.7257361966655878
2012-04-27,3.721919521862031
2012-05-02,3.7358436706041847
2012-05-03,3.7494127672938764
2012-05-04,3.763309522350121
2012-05-07,3.781525150599827
2012-05-08,3.7808853008890924
2012-05-09,3.7697795545706696
2012-05-10,3.7744575724243785
2012-05-11,3.7661921170625754
2012-05-14,3.76639432583622
2012-05-15,3.7633676550687674
2012-05-16,3.742638597649503
2012-05-17,3.755311700779644
2012-05-18,3.7370563709630624
2012-05-21,3.7317238621102575
2012-05-22,3.7454968342891557
2012-05-23,3.7400897201844363
2012-05-24,3.7438582190313183
2012-05-25,3.720646077454186
2012-05-28,3.727833666041202
2012-05-29,3.755019711656542
2012-05-30,3.7609426618999717
2012-05-31,3.7732835496979615
2012-06-01,3.77588347848858
2012-06-04,3.738149719977787
2012-06-05,3.7412794294059406
2012-06-06,3.7376084150977045
2012-06-07,3.7328915889199945
2012-06-08,3.7247220232752882
2012-06-11,3.7497420599942504
2012-06-12,3.741918596483956
2012-06-13,3.771906109633904
2012-06-14,3.776758648198805
2012-06-15,3.772130428302536
2012-06-18,3.7888022916339406
2012-06-19,3.7857324972483406
2012-06-20,3.792614118458189
2012-06-21,3.7634419618580663
2012-06-25,3.7293879912737133
2012-06-26,3.729380726536202
2012-06-27,3.727887135615819
2012-06-28,3.7113523318542945
2012-06-29,3.7375731914665637
2012-07-02,3.7437841062481327
2012-07-03,3.7584017141254353
2012-07-04,3.75490216193382
2012-07-05,3.7261894544083436
2012-07-06,3.738201883831007
2012-07-09,3.7034768821382507
2012-07-10,3.683412122661432
2012-07-11,3.6807172560474486
2012-07-12,3.696381636482886
2012-07-13,3.6771002373639385
2012-07-16,3.6182646385825077
2012-07-17,3.629279122599527
2012-07-18,3.6380194357782467
2012-07-19,3.652254364477543
2012-07-20,3.6454690044804163
2012-07-23,3.6313665085914377
2012-07-24,3.638583284311034
2012-07-25,3.632870919658598
2012-07-26,3.627845459746597
2012-07-27,3.6225206501891605
2012-07-30,3.6037037057129435
2012-07-31,3.5846681079775293
2012-08-01,3.597185388630756
2012-08-02,3.5849100079685763
2012-08-03,3.607011724686808
2012-08-06,3.630732094256366
2012-08-07,3.645223362679683
2012-08-08,3.6450205201041204
2012-08-09,3.6587197714284714
2012-08-10,3.656823828277028
2012-08-13,3.6294464083184583
2012-08-14,3.639324434977121
2012-08-15,3.6282024995981508
2012-08-16,3.628203065228788
2012-08-17,3.631933824032164
2012-08-20,3.637843341576928
2012-08-21,3.659415948732108
2012-08-22,3.646110227611548
2012-08-23,3.671517926493902
2012-08-24,3.651005061857604
2012-08-27,3.6284660573880285
2012-08-28,3.6397432209551734
2012-08-29,3.6336629241439216
2012-08-30,3.61175522233985
2012-08-31,3.618207938626906
2012-09-03,3.6371073929995035
2012-09-04,3.634023070871666
2012-09-05,3.648789989131845
2012-09-06,3.652979639601065
2012-09-07,3.677228036721769
2012-09-10,3.686141584609175
2012-09-11,3.682153969891455
2012-09-12,3.68553814449187
2012-09-13,3.6703537142674785
2012-09-14,3.6667434112301995
2012-09-17,3.633194583956199
2012-09-18,3.6358429570063517
2012-09-19,3.645209971626147
2012-09-20,3.6207431067691265
2012-09-21,3.612689617063928
2012-09-24,3.623383619961311
2012-09-25,3.616914828727007
2012-09-26,3.593561616152056
2012-09-27,3.6144773356884916
2012-09-28,3.6360076076969428
2012-10-08,3.638827737126692
2012-10-09,3.6669890353044763
2012-10-10,3.6789678884666515
2012-10-11,3.6597544433289078
2012-10-12,3.6593083010957996
2012-10-15,3.6428875564290215
2012-10-16,3.64428420508353
2012-10-17,3.648212703891472
2012-10-18,3.6625811040108514
2012-10-19,3.6607881725047187
2012-10-22,3.664453906121849
2012-10-23,3.652252959815933
2012-10-24,3.643766332660545
2012-10-25,3.634319260991332
2012-10-26,3.6152804304334465
2012-10-29,3.611547299360941
2012-10-30,3.61188600949567
2012-10-31,3.6167210528292455
2012-11-01,3.624514887173392
2012-11-02,3.6260963484661253
2012-11-05,3.6263334762229085
2012-11-06,3.6201553070519727
2012-11-07,3.62126544315266
2012-11-08,3.609830818168987
2012-11-09,3.608085320822928
2012-11-12,3.6126214786184203
2012-11-13,3.60668720386956
2012-11-14,3.6111925623369685
2012-11-15,3.594323728512107
2012-11-16,3.586750792122988
2012-11-19,3.5932433291684687
2012-11-20,3.600905998528816
2012-11-21,3.60777695276312
2012-11-22,3.602733973662648
2012-11-23,3.6046218585344447
2012-11-26,3.5970356447022125
2012-11-27,3.5628870126355743
2012-11-28,3.5454715392027816
2012-11-29,3.538730176525382
2012-11-30,3.547435010765207
2012-12-03,3.5249798888857824
2012-12-04,3.5288609981332533
2012-12-05,3.5567654491475142
2012-12-06,3.5583654789969623
2012-12-07,3.5742221566522687
2012-12-10,3.590008692385901
2012-12-11,3.5908207741030607
2012-12-12,3.589102023826372
2012-12-13,3.5827397391031375
2012-12-14,3.6096421596792694
2012-12-17,3.6060325797127817
2012-12-18,3.6012450694239413
2012-12-19,3.60841673993145
2012-12-20,3.614176991422534
2012-12-21,3.6289151405187714
2012-12-24,3.639463389114976
2012-12-25,3.662002526390206
2012-12-26,3.6830057533489295
2012-12-27,3.665193417405169
2012-12-28,3.676750030270902
2012-12-31,3.689407170655818
2013-01-04,3.6686009172601635
2013-01-07,3.6954276882604837
2013-01-08,3.7218337920553846
2013-01-09,3.720194580412482
2013-01-10,3.728407409688622
2013-01-11,3.6973782289713104
2013-01-14,3.7721103167949916
2013-01-15,3.8090721464769413
2013-01-16,3.785780960089684
2013-01-17,3.7667691797862775
2013-01-18,3.788552241003631
2013-01-21,3.8270440866902526
2013-01-22,3.772687774430873
2013-01-23,3.7631582258683847
2013-01-24,3.717166146296375
2013-01-25,3.7272243721100824
2013-01-28,3.780226109406811
2013-01-29,3.7979201229120783
2013-01-30,3.794927745089037
2013-01-31,3.756239902198068
2013-02-01,3.773536608649255
2013-02-04,3.752538782743438
2013-02-05,3.779435001751408
2013-02-06,3.789172767454412
2013-02-07,3.801490477655073
2013-02-08,3.834599930198135
2013-02-18,3.8636974294420328
2013-02-19,3.834027311403246
2013-02-20,3.8806695626973817
2013-02-21,3.8238638999785715
2013-02-22,3.825687844758262
2013-02-25,3.8676538238804117
2013-02-26,3.858423005772047
2013-02-27,3.8651427624644685
2013-02-28,3.931081191655524
2013-03-01,3.982122937776754
2013-03-04,3.88390240341438
2013-03-05,3.9871423695867074
2013-03-06,4.052742055421145
2013-03-07,4.005939646752559
2013-03-08,3.989600484309325
2013-03-11,4.014444977278821
2013-03-12,3.906903364170059
2013-03-13,3.8838292934224015
2013-03-14,3.880409037622129
2013-03-15,3.8867628123969395
2013-03-18,3.847677029301107
2013-03-19,3.8479449811164983
2013-03-20,3.960073230428742
2013-03-21,3.9981409310207567
2013-03-22,4.020659993764494
2013-03-25,4.020046990891359
2013-03-26,3.98854878478695
2013-03-27,3.9967757991666115
2013-03-28,3.8852956609424276
2013-03-29,3.8797194854209205
2013-04-01,3.891257914443498
2013-04-02,3.826642711656699
2013-04-03,3.788547126918118
2013-04-08,3.7839442871184823
2013-04-09,3.804689632232791
2013-04-10,3.7918391335513477
2013-04-11,3.78911545655704
2013-04-12,3.7688617213780744
2013-04-15,3.7328391227405615
2013-04-16,3.7648631442065335
2013-04-17,3.80700506158937
2013-04-18,3.8403156807028522
2013-04-19,3.924442281063593
2013-04-22,3.961865259874185
2013-04-23,3.8757253670902703
2013-04-24,3.994398094397299
2013-04-25,3.936752873981056
2013-04-26,3.877824764345039
2013-05-02,3.9215410604480057
2013-05-03,3.9665579258138153
2013-05-06,4.024167893921076
2013-05-07,4.007913748995776
2013-05-08,4.033742079299453
2013-05-09,4.067768873104997
2013-05-10,4.088538040044064
2013-05-13,4.1096312988661605
2013-05-14,4.052394172604915
2013-05-15,4.122724867302196
2013-05-16,4.134429261352609
2013-05-17,4.179940847125001
2013-05-20,4.2673782823071855
2013-05-21,4.318701765877079
2013-05-22,4.286503839010161
2013-05-23,4.247400481613182
2013-05-24,4.298231092562476
2013-05-27,4.339974520340406
2013-05-28,4.313039787340244
2013-05-29,4.339546226159444
2013-05-30,4.347158532752083
2013-05-31,4.350657772529492
2013-06-03,4.2758815419200165
2013-06-04,4.1703486173162085
2013-06-05,4.174616093169111
2013-06-06,4.117906083788397
2013-06-07,4.033151072153389
2013-06-13,3.9336147311403233
2013-06-14,3.9931409696862703
2013-06-17,4.013856453901454
2013-06-18,4.017987626793162
2013-06-19,3.9888078729888337
2013-06-20,3.8664809994622473
2013-06-21,3.842670852877386
2013-06-24,3.647781858251371
2013-06-25,3.6362732835878218
2013-06-26,3.6839934761910973
2013-06-27,3.6308138737908866
2013-06-28,3.626503988956059
2013-07-01,3.660883991755866
2013-07-02,3.685080497821673
2013-07-03,3.6690862357103904
2013-07-04,3.6841157088973406
2013-07-05,3.670914678657016
2013-07-08,3.604734428670292
2013-07-09,3.6082432592572835
2013-07-10,3.6487068683595227
2013-07-11,3.702452895156608
2013-07-12,3.6996547032755873
2013-07-15,3.7470602668992132
2013-07-16,3.7838495618355594
2013-07-17,3.7609575706275122
2013-07-18,3.7510180611199786
2013-07-19,3.7199548628890478
2013-07-22,3.749244845519913
2013-07-23,3.8067310604942226
2013-07-24,3.8267147990262593
2013-07-25,3.793713897720012
2013-07-26,3.8018177372376494
2013-07-29,3.7612127368368866
2013-07-30,3.756339287351712
2013-07-31,3.7660095095344492
2013-08-01,3.842999430593034
2013-08-02,3.8585061456162895
2013-08-05,3.9014440652935765
2013-08-06,3.9290337011852734
2013-08-07,3.9127691532673503
2013-08-08,3.9233495763553448
2013-08-09,3.9376241839629214
2013-08-12,3.9595554824543333
2013-08-13,3.9682354309233028
2013-08-14,3.9627862890069188
2013-08-15,3.921971237917792
2013-08-16,3.8677978174089094
2013-08-19,3.909931256693343
2013-08-20,3.8974257078020087
2013-08-21,3.9014032378006402
2013-08-22,3.911042820596259
2013-08-23,3.8765777088989903
2013-08-26,3.925248958294207
2013-08-27,3.938131200748201
2013-08-28,3.907348890849104
2013-08-29,3.8989504758134146
2013-08-30,3.8618274176197183
2013-09-02,3.891391612734941
2013-09-03,3.937028727967933
2013-09-04,3.9628253318205715
2013-09-05,3.973440843637886
2013-09-06,3.9996739286879786
2013-09-09,4.005033576427998
2013-09-10,4.003981190536169
2013-09-11,3.9827029659389406
2013-09-12,3.9657509275578464
2013-09-13,3.9981034102825093
2013-09-16,4.018977706395899
2013-09-17,3.9690367526282455
2013-09-18,3.989917034069376
2013-09-23,4.027264102868305
2013-09-24,4.031792633206074
2013-09-25,4.043362181518755
2013-09-26,4.018137635506206
2013-09-27,4.014973222484263
2013-09-30,4.034816144435362
2013-10-08,4.092563893132071
2013-10-09,4.120813058281951
2013-10-10,4.0878670461417865
2013-10-11,4.136880233992351
2013-10-14,4.187728872815282
2013-10-15,4.159729881199435
2013-10-16,4.109102833564105
2013-10-17,4.139801507981215
2013-10-18,4.16611872993777
2013-10-21,4.276993001661808
2013-10-22,4.2564019671854485
2013-10-23,4.156426413061464
2013-10-24,4.139541610485311
2013-10-25,4.104107996847603
2013-10-28,4.091558942884139
2013-10-29,4.005636898461821
2013-10-30,4.090645193818709
2013-10-31,4.053592578875316
2013-11-01,4.031583085324788
2013-11-04,4.068257288033886
2013-11-05,4.08409192195312
2013-11-06,4.05907337489539
2013-11-07,4.003325316337556
2013-11-08,3.961466128753266
2013-11-11,4.024114279858194
2013-11-12,4.047023096557457
2013-11-13,4.051138623516106
2013-11-14,4.1253867838715195
2013-11-15,4.1788996700273815
2013-11-18,4.233354610500697
2013-11-19,4.2272706402044244
2013-11-20,4.265316443939315
2013-11-21,4.257433663481979
2013-11-22,4.271955638053487
2013-11-25,4.34709425855207
2013-11-26,4.399137764666064
2013-11-27,4.44031542606797
2013-11-28,4.497036454824435
2013-11-29,4.568065867423505
2013-12-02,4.278507282047364
2013-12-03,4.367008707414374
2013-12-04,4.441264484759262
2013-12-05,4.435169991722581
2013-12-06,4.407472807293464
2013-12-09,4.4763382130548015
2013-12-10,4.458409527184251
2013-12-11,4.410197998260615
2013-12-12,4.469012735379477
2013-12-13,4.5173600996764645
2013-12-16,4.48333085252514
2013-12-17,4.468284152476651
2013-12-18,4.46861404680374
2013-12-19,4.439328492540424
2013-12-20,4.395032409230409
2013-12-23,4.39295873925305
2013-12-24,4.41495025287751
2013-12-25,4.530019895663281
2013-12-26,4.458820688624049
2013-12-27,4.5555271367333905
2013-12-30,4.592300087430088
2013-12-31,4.570757280617187
2014-01-02,4.620659477855764
2014-01-03,4.630001797808589
2014-01-06,4.520994811865666
2014-01-07,4.586703341381084
2014-01-08,4.6467139226167244
2014-01-09,4.574572081087662
2014-01-10,4.490492464498471
2014-01-13,4.500734063548457
2014-01-14,4.595283651426633
2014-01-15,4.613966807548184
2014-01-16,4.621042660271412
2014-01-17,4.61417153171808
2014-01-20,4.5676499780123585
2014-01-21,4.619631172291877
2014-01-22,4.668852687463436
2014-01-23,4.699651159774101
2014-01-24,4.757098926090644
2014-01-27,4.730089077601307
2014-01-28,4.716170278831811
2014-01-29,4.774785911058912
2014-01-30,4.756250908903694
2014-02-07,4.8305974615122675
2014-02-10,4.939761709565451
2014-02-11,4.947324690961559
2014-02-12,5.028362014489774
2014-02-13,4.952129878340372
2014-02-14,5.034046292500486
2014-02-17,5.106760773019682
2014-02-18,5.073872752714077
2014-02-19,5.042483185837087
2014-02-20,5.005956383791879
2014-02-21,4.972717289768862
2014-02-24,4.994411570586348
2014-02-25,4.801534036081188
2014-02-26,4.807940701091417
2014-02-27,4.729109142759999
2014-02-28,4.784849495735197
2014-03-03,4.847589285013731
2014-03-04,4.811282768457922
2014-03-05,4.841653817398877
2014-03-06,4.83993190807477
2014-03-07,4.8341556568687425
2014-03-10,4.703963253490013
2014-03-11,4.738291611843038
2014-03-12,4.725893068649136
2014-03-13,4.773138946926471
2014-03-14,4.7523204967926365
2014-03-17,4.825116622884907
2014-03-18,4.82248909367097
2014-03-19,4.799642329454531
2014-03-20,4.699371600171083
2014-03-21,4.750529035290346
2014-03-24,4.781154382205436
2014-03-25,4.794384688911372
2014-03-26,4.823296030400588
2014-03-27,4.743885323328359
2014-03-28,4.668520318791329
2014-03-31,4.644302558027415
2014-04-01,4.674198134531482
2014-04-02,4.6660004392248915
2014-04-03,4.674393372682502
2014-04-04,4.702412156663208
2014-04-08,4.745012350335501
2014-04-09,4.764572690926587
2014-04-10,4.7538811123238425
2014-04-11,4.743330402637043
2014-04-14,4.777691007769775
2014-04-15,4.7646088721703395
2014-04-16,4.768378477266794
2014-04-17,4.774927218701248
2014-04-18,4.77745502712259
2014-04-21,4.739647789891794
2014-04-22,4.693922746652556
2014-04-23,4.69030652967939
2014-04-24,4.662059348467076
2014-04-25,4.621061542699146
2014-04-28,4.529906935472159
2014-04-29,4.563453385046121
2014-04-30,4.588570234044599
2014-05-05,4.6113105696039165
2014-05-06,4.624659597484122
2014-05-07,4.588756146456961
2014-05-08,4.5865265588840565
2014-05-09,4.5650431791574775
2014-05-12,4.615598811314251
2014-05-13,4.6238546758223125
2014-05-14,4.6229357846831
2014-05-15,4.585851274103868
2014-05-16,4.570752068230621
2014-05-19,4.56318227475818
2014-05-20,4.553691664253708
2014-05-21,4.574967209774957
2014-05-22,4.5739016422974395
2014-05-23,4.602748326859788
2014-05-26,4.639173177386804
2014-05-27,4.630213219128515
2014-05-28,4.653528599249578
2014-05-29,4.624859675459214
2014-05-30,4.630191236576083
2014-06-03,4.625053400364089
2014-06-04,4.600559612423235
2014-06-05,4.61250131716692
2014-06-06,4.611889954772196
2014-06-09,4.60078781275383
2014-06-10,4.624870362282688
2014-06-11,4.631146522652584
2014-06-12,4.6266488348137775
2014-06-13,4.659919950680445
2014-06-16,4.68042461381723
2014-06-17,4.652981152462213
2014-06-18,4.633989938924379
2014-06-19,4.582954970627795
2014-06-20,4.608961871946113
2014-06-23,4.623666112425714
2014-06-24,4.635768349030405
2014-06-25,4.632646320360329
2014-06-26,4.649306374711787
2014-06-27,4.658508088059945
2014-06-30,4.673761123673426
2014-07-01,4.678402907699231
2014-07-02,4.674334448930609
2014-07-03,4.689381152397226
2014-07-04,4.685315149043798
2014-07-07,4.689252539874545
2014-07-08,4.70069496666734
2014-07-09,4.673627584250159
2014-07-10,4.668047869515144
2014-07-11,4.6813910682563575
2014-07-14,4.721369145613205
2014-07-15,4.721069575073439
2014-07-16,4.684798310170831
2014-07-17,4.676057987906513
2014-07-18,4.688276314689951
2014-07-21,4.694135538104859
2014-07-22,4.735632575165245
2014-07-23,4.712202407630939
2014-07-24,4.7057361626644525
2014-07-25,4.731001163287887
2014-07-28,4.770426342151145
2014-07-29,4.791744940897887
2014-07-30,4.791168911461175
2014-07-31,4.809435806956134
2014-08-01,4.799999543457931
2014-08-04,4.848838489482818
2014-08-05,4.861648175467806
2014-08-06,4.891335883221057
2014-08-07,4.875533017609793
2014-08-08,4.901003084779391
2014-08-11,4.962620504125576
2014-08-12,4.97048202788501
2014-08-13,4.956935258684636
2014-08-14,4.952421140764002
2014-08-15,4.990567368115893
2014-08-18,5.050338407211521
2014-08-19,5.038820968085042
2014-08-20,5.048002766404767
2014-08-21,5.074021417075202
2014-08-22,5.09392482863798
2014-08-25,5.0609071306046545
2014-08-26,5.013647146330879
2014-08-27,5.021493074904451
2014-08-28,4.998614281232277
2014-08-29,5.042957316966277
2014-09-01,5.095388289014052
2014-09-02,5.159681673564238
2014-09-03,5.210317327557995
2014-09-04,5.246602164909561
2014-09-05,5.260875430181526
2014-09-09,5.2597937165025765
2014-09-10,5.302767786237062
2014-09-11,5.32563061451962
2014-09-12,5.38180468173449
2014-09-15,5.436125027408637
2014-09-16,5.298929690245191
2014-09-17,5.297647590959213
2014-09-18,5.328246882963867
2014-09-19,5.3836501512995545
2014-09-22,5.339618702524069
2014-09-23,5.382528984398615
2014-09-24,5.415605390793108
2014-09-25,5.393275617148756
2014-09-26,5.401828524193186
2014-09-29,5.458422181206959
2014-09-30,5.493880335540424
2014-10-08,5.560330459739809
2014-10-09,5.581644913988534
2014-10-10,5.5352910271676725
2014-10-13,5.535806081613374
2014-10-14,5.53239425188896
2014-10-15,5.568441713774958
2014-10-16,5.529406049481695
2014-10-17,5.502991300871168
2014-10-20,5.590727366339517
2014-10-21,5.5762021630064575
2014-10-22,5.544117784397732
2014-10-23,5.465124245646781
2014-10-24,5.467977584069919
2014-10-27,5.534071373250095
2014-10-28,5.650008443228232
2014-10-29,5.685503963351808
2014-10-30,5.71420514886852
2014-10-31,5.688994877069187
2014-11-03,5.752451334972648
2014-11-04,5.708628983703711
2014-11-05,5.692790189732889
2014-11-06,5.765055386397994
2014-11-07,5.7425240950171315
2014-11-10,5.797139427567449
2014-11-11,5.653978937225413
2014-11-12,5.7221385998162635
2014-11-13,5.631294714652027
2014-11-14,5.568350146649329
2014-11-17,5.651607354904958
2014-11-18,5.687250379062702
2014-11-19,5.738370898791793
2014-11-20,5.708734952745963
2014-11-21,5.761575475977026
2014-11-24,5.803606171070475
2014-11-25,5.883824966800521
2014-11-26,5.93058998975331
2014-11-27,5.950986467775831
2014-11-28,5.944596602613638
2014-12-01,5.88795671429855
2014-12-02,5.9541587476050015
2014-12-03,5.978565942411468
2014-12-04,6.016437343186816
2014-12-05,5.8493584569808315
2014-12-08,5.785006874089932
2014-12-09,5.612129373182897
2014-12-10,5.8380019341070035
2014-12-11,6.014069813177721
2014-12-12,6.101752386725337
2014-12-15,6.208550701993774
2014-12-16,6.167149461779793
2014-12-17,6.090907365927002
2014-12-18,6.079704252758987
2014-12-19,6.023126264233171
2014-12-22,5.817932225947787
2014-12-23,5.818974526472805
2014-12-24,5.944793339520121
2014-12-25,6.042917504318229
2014-12-26,6.047283670443737
2014-12-29,5.9077415474473405
2014-12-30,5.784928013253229
2014-12-31,5.858308903137656
2015-01-05,5.92084050370843
2015-01-06,6.064888658933036
2015-01-07,6.024622012438838
2015-01-08,6.0339014258134585
2015-01-09,6.069443002975905
2015-01-12,6.104829779908129
2015-01-13,6.241170575187217
2015-01-14,6.184317162264122
2015-01-15,6.181560007413654
2015-01-16,6.2557584832366455
2015-01-19,6.119202305631212
2015-01-20,6.343046123840015
2015-01-21,6.51012138988986
2015-01-22,6.598188107176085
2015-01-23,6.550031348776844
2015-01-26,6.645624504525695
2015-01-27,6.709883677334853
2015-01-28,6.695826348567712
2015-01-29,6.647425867428909
2015-01-30,6.606557023295612
2015-02-02,6.613555370269847
2015-02-03,6.709288491620394
2015-02-04,6.717252095335041
2015-02-05,6.72846726681791
2015-02-06,6.570377899496838
2015-02-09,6.529993089218233
2015-02-10,6.601760345853522
2015-02-11,6.625931563778465
2015-02-12,6.653751131073014
2015-02-13,6.7544948131224505
2015-02-16,6.866982084519533
2015-02-17,6.910733414648825
2015-02-25,6.866139220410215
2015-02-26,6.871941533264089
2015-02-27,6.952453586903796
2015-03-02,7.068870763004419
2015-03-03,6.986345364153516
2015-03-04,7.0675155579774325
2015-03-05,7.117546862657736
2015-03-06,7.009180644216605
2015-03-09,7.0491924067349485
2015-03-10,7.098249203610148
2015-03-11,7.100535145526918
2015-03-12,7.069822137830646
2015-03-13,7.150299195862488
2015-03-16,7.329148531041454
2015-03-17,7.434468225214063
2015-03-18,7.574416004651203
2015-03-19,7.572227647107159
2015-03-20,7.642647054465335
2015-03-23,7.847759154194222
2015-03-24,7.834881633411176
2015-03-25,7.96106766220234
2015-03-26,7.80726951906107
2015-03-27,7.851705132654014
2015-03-30,7.9086603511212905
2015-03-31,7.964421016454771
2015-04-01,8.181197084002884
2015-04-02,8.353852996732027
2015-04-03,8.500599802572196
2015-04-07,8.6709753522784
2015-04-08,8.564100610244898
2015-04-09,8.47689635340231
2015-04-10,8.70787894830366
2015-04-13,8.951906471543879
2015-04-14,8.925520082664486
2015-04-15,8.551474071370981
2015-04-16,8.598975174100042
2015-04-17,8.587316303789121
2015-04-20,8.349349826146227
2015-04-21,8.625232522256264
2015-04-22,8.82480451735551
2015-04-23,8.906558574340355
2015-04-24,8.873706884337201
2015-04-27,8.866913476285516
2015-04-28,8.646908482966973
2015-04-29,8.782231630255852
2015-04-30,8.775175642414139
2015-05-04,8.7703930856742
2015-05-05,8.593183069148418
2015-05-06,8.533508217746933
2015-05-07,8.422679307165238
2015-05-08,8.685162979252931
2015-05-11,8.934953081246466
2015-05-12,9.004532562712505
2015-05-13,9.034926605490291
2015-05-14,9.08929515788743
2015-05-15,8.955251508216593
2015-05-18,9.068559438013477
2015-05-19,9.222772429328538
2015-05-20,9.369019951214947
2015-05-21,9.637636303478793
2015-05-22,9.73169521192087
2015-05-25,9.896027734108142
2015-05-26,10.175671616223479
2015-05-27,10.268899530930804
2015-05-28,9.896401528761842
2015-05-29,9.964588282046947
2015-06-01,10.2419517333231
2015-06-02,10.394014377172363
2015-06-03,10.39748205470306
2015-06-04,10.449963317028125
2015-06-05,10.726016694036586
2015-06-08,10.839492350131813
2015-06-09,10.771082952586154
2015-06-10,10.897630721979754
2015-06-11,11.04461261117418
2015-06-12,11.187218201552371
2015-06-15,11.042595385226075
2015-06-16,10.758113431151484
2015-06-17,10.93079763495508
2015-06-18,10.730959761233116
2015-06-19,10.201558601474956
2015-06-23,10.295866875949317
2015-06-24,10.481203187722363
2015-06-25,10.187354594194373
2015-06-26,9.602310113574065
2015-06-29,9.276771369387788
2015-06-30,9.697458101630694
2015-07-01,9.452802638138762
2015-07-02,9.155041328968096
2015-07-03,8.784509414154368
2015-07-06,8.744652754684285
2015-07-07,8.28504410116588
2015-07-08,8.128861347706287
2015-07-09,8.578711017804082
2015-07-10,9.05327869982705
2015-07-13,9.549823398787233
2015-07-14,9.623447866167675
2015-07-15,9.185911029739282
2015-07-16,9.3064080177775
2015-07-17,9.667341756356448
2015-07-20,9.747793307202866
2015-07-21,9.832691649347243
2015-07-22,9.870455935889733
2015-07-23,10.056755243071972
2015-07-24,9.952517479647675
2015-07-27,9.43480721906616
2015-07-28,9.327056466381919
2015-07-29,9.648032370394741
2015-07-30,9.465742688636775
2015-07-31,9.363094934108874
2015-08-03,9.207924471417138
2015-08-04,9.542175640448091
2015-08-05,9.558741490006938
2015-08-06,9.553390667026102
2015-08-07,9.71923439385222
2015-08-10,9.961262116896275
2015-08-11,9.983453380710685
2015-08-12,9.859293987047394
2015-08-13,10.026391350789359
2015-08-14,10.016247029098041
2015-08-17,10.058368851561944
2015-08-18,9.695559364342268
2015-08-19,9.902118669639016
2015-08-20,9.696065330897413
2015-08-21,9.404521323343186
2015-08-24,8.956204616232872
2015-08-25,8.544114624371346
2015-08-26,8.366611298564752
2015-08-27,8.60681378168255
2015-08-28,8.919694954241548
2015-08-31,8.792233616646149
2015-09-01,8.613595425218646
2015-09-02,8.586128557357906
2015-09-07,8.612930642122532
2015-09-08,8.744193158956975
2015-09-09,8.827034850466804
2015-09-10,8.770949695722084
2015-09-11,8.798088931555116
2015-09-14,8.618920920408419
2015-09-15,8.503308307919774
2015-09-16,8.697662708587664
2015-09-17,8.640048080271084
2015-09-18,8.673217695692545
2015-09-21,8.776153324574858
2015-09-22,8.802380879012903
2015-09-23,8.788164806218589
2015-09-24,8.837958741241003
2015-09-25,8.760806581849303
2015-09-28,8.84309677398942
2015-09-29,8.815634938765953
2015-09-30,8.834560195124357
2015-10-08,8.933244846068913
2015-10-09,8.957149386351967
2015-10-12,9.05452100912467
2015-10-13,9.092351824876554
2015-10-14,9.06747329350307
2015-10-15,9.13330204338367
2015-10-16,9.15206603972531
2015-10-19,9.15757080362178
2015-10-20,9.203031573741121
2015-10-21,9.060463411153654
2015-10-22,9.155168447528586
2015-10-23,9.23103656278013
2015-10-26,9.244459721650594
2015-10-27,9.25413410469099
2015-10-28,9.204424697064777
2015-10-29,9.221366421524385
2015-10-30,9.234879655057362
2015-11-02,9.188991211556125
2015-11-03,9.203566358391285
2015-11-04,9.380487083518263
2015-11-05,9.35128669960709
2015-11-06,9.45937607263137
2015-11-09,9.53165842306171
2015-11-10,9.500775602528316
2015-11-11,9.619843082269123
2015-11-12,9.670719352285298
2015-11-13,9.5744660541519
2015-11-16,9.645548763577516
2015-11-17,9.6371366607053
2015-11-18,9.545718494720052
2015-11-19,9.651893165926174
2015-11-20,9.69118671537948
2015-11-23,9.646780792914534
2015-11-24,9.764522950423926
2015-11-25,9.848364875544284
2015-11-26,9.8205466689453
2015-11-27,9.604729510072545
2015-11-30,9.727693788817849
2015-12-01,9.722891323599573
2015-12-02,9.708752807469516
2015-12-03,9.791430448659543
2015-12-04,9.759539227162021
2015-12-07,9.800710330714303
2015-12-08,9.75580154140505
2015-12-09,9.726536933678558
2015-12-10,9.703232188900945
2015-12-11,9.686429781135287
2015-12-14,9.755725942886281
2015-12-15,9.774343674768875
2015-12-16,9.769745716196232
2015-12-17,9.857523442700808
2015-12-18,9.8203138876411
2015-12-21,9.863494629816026
2015-12-22,9.892452531698021
2015-12-23,9.855513645918677
2015-12-24,9.858152579555691
2015-12-25,9.87175828728679
2015-12-28,9.792114581118197
2015-12-29,9.838248218167033
2015-12-30,9.867631167842578
2015-12-31,9.829412395011278
2016-01-04,9.422591880812435
2016-01-05,9.406061638926184
2016-01-06,9.502240507363199
2016-01-07,9.076821671081317
2016-01-08,9.1659058385126
2016-01-11,8.887601895903932
2016-01-12,8.919470796481585
2016-01-13,8.808010827694902
2016-01-14,8.990280260522752
2016-01-15,8.83235902254448
2016-01-18,8.894432155639933
2016-01-19,9.033729650325025
2016-01-20,8.956486065344015
2016-01-21,8.767555300644947
2016-01-22,8.814048677737253
2016-01-25,8.856494816614605
2016-01-26,8.514954054783722
2016-01-27,8.505545559022195
2016-01-28,8.359768183675675
2016-01-29,8.528262630765058
2016-02-01,8.5171023634315
2016-02-02,8.60731775751523
2016-02-03,8.62217098432618
2016-02-04,8.668712011532154
2016-02-05,8.639791051056893
2016-02-15,8.636752710021739
2016-02-16,8.734037938739423
2016-02-17,8.757528983039958
2016-02-18,8.7535576993511
2016-02-19,8.76884216999071
2016-02-22,8.803931031667968
2016-02-23,8.783399669285677
2016-02-24,8.767298667985264
2016-02-25,8.581317836738318
2016-02-26,8.573539760953922
2016-02-29,8.440590627782855
2016-03-01,8.489497693572503
2016-03-02,8.587870307815995
2016-03-03,8.588291607200922
2016-03-04,8.505931870749125
2016-03-07,8.55846568125582
2016-03-08,8.581007386053475
2016-03-09,8.528310809144596
2016-03-10,8.500768238275679
2016-03-11,8.507042054125195
2016-03-14,8.595388450886968
2016-03-15,8.587289462461056
2016-03-16,8.55944965503624
2016-03-17,8.641668551820425
2016-03-18,8.726517669410608
2016-03-21,8.782368918270643
2016-03-22,8.784292282305652
2016-03-23,8.810481804591593
2016-03-24,8.81521622346348
2016-03-25,8.837993066909096
2016-03-28,8.821827149492895
2016-03-29,8.76359183638099
2016-03-30,8.866854731374568
2016-03-31,8.903177283336904
2016-04-01,8.90011999045175
2016-04-05,8.956494247963777
2016-04-06,8.991793542140162
2016-04-07,8.96483730475704
2016-04-08,8.944282222542851
2016-04-11,9.022911117348018
2016-04-12,8.98998120536607
2016-04-13,9.02359366435554
2016-04-14,9.05080877280381
2016-04-15,9.043423244692743
2016-04-18,9.002538800602474
2016-04-19,9.012261585934583
2016-04-20,8.910122154329231
2016-04-21,8.877609976048799
2016-04-22,8.89908251072791
2016-04-25,8.877358042019216
2016-04-26,8.917157817820252
2016-04-27,8.91530958204363
2016-04-28,8.908081102961932
2016-04-29,8.906725423698663
2016-05-03,8.99854916800868
2016-05-04,9.003798241211863
2016-05-05,9.01801495780522
2016-05-06,8.901849074742216
2016-05-09,8.801564749197833
2016-05-10,8.797370142047823
2016-05-11,8.79203856598639
2016-05-12,8.787836438321293
2016-05-13,8.785088438602202
2016-05-16,8.838152419389534
2016-05-17,8.833126033948412
2016-05-18,8.760165530897252
2016-05-19,8.759867791894424
2016-05-20,8.791811673464398
2016-05-23,8.827002210478247
2016-05-24,8.793978910564823
2016-05-25,8.801787516771757
2016-05-26,8.801373888833425
2016-05-27,8.794388436731387
2016-05-30,8.795124474046375
2016-05-31,8.917663804232815
2016-06-01,8.920013212753199
2016-06-02,8.949852333305667
2016-06-03,8.983981938267382
2016-06-06,9.004617621254411
2016-06-07,9.023500715532276
2016-06-08,9.002294697191479
2016-06-13,8.862354999891458
2016-06-14,8.873328618839425
2016-06-15,8.980487944163649
2016-06-16,8.972429409946962
2016-06-17,9.005499853307427
2016-06-20,9.056543795823046
2016-06-21,9.01240882281548
2016-06-22,9.06342584560736
2016-06-23,9.044184098007252
2016-06-24,9.028741860572401
2016-06-27,9.10563744065521
2016-06-28,9.14134988889136
2016-06-29,9.145625941992382
2016-06-30,9.120762195991393
2016-07-01,9.116193221739525
2016-07-04,9.218375081164204
2016-07-05,9.231380916074551
2016-07-06,9.266326619674647
2016-07-07,9.259128522877408
2016-07-08,9.246146220949944
2016-07-11,9.230110255450038
2016-07-12,9.303113666098366
2016-07-13,9.332870116294483
2016-07-14,9.3299299371623
2016-07-15,9.31338249713417
2016-07-18,9.281602132399788
2016-07-19,9.309585006080988
2016-07-20,9.318664729332596
2016-07-21,9.309699662099884
2016-07-22,9.250587642979147
2016-07-25,9.259106076315666
2016-07-26,9.323919726672257
2016-07-27,9.124789174161107
2016-07-28,9.166066120791465
2016-07-29,9.193700100251169
2016-08-01,9.082926770935792
2016-08-02,9.129031402846815
2016-08-03,9.177604387782312
2016-08-04,9.203579762767337
2016-08-05,9.179457726920823
2016-08-08,9.270096345211405
2016-08-09,9.285484119320206
2016-08-10,9.24878604314566
2016-08-11,9.157359156147383
2016-08-12,9.230268266803703
2016-08-15,9.40614729065632
2016-08-16,9.400549970272513
2016-08-17,9.445747178758642
2016-08-18,9.418012949980453
2016-08-19,9.421351031094582
2016-08-22,9.319395440357471
2016-08-23,9.333002697142472
2016-08-24,9.345834770558161
2016-08-25,9.30868249844175
2016-08-26,9.332001161452226
2016-08-29,9.390924339315593
2016-08-30,9.40784722505413
2016-08-31,9.390937824367915
2016-09-01,9.346107985213914
2016-09-02,9.367735177666324
2016-09-05,9.38743639984861
2016-09-06,9.530975713471607
2016-09-07,9.509735795220001
2016-09-08,9.56536263666067
2016-09-09,9.506838449950257
2016-09-12,9.297803255245675
2016-09-13,9.349798581042181
2016-09-14,9.29890416434436
2016-09-19,9.397477560251115
2016-09-20,9.378430962213349
2016-09-21,9.393615252797648
2016-09-22,9.426604780322371
2016-09-23,9.404477618257946
2016-09-26,9.233711885272887
2016-09-27,9.321239371822145
2016-09-28,9.357806193004485
2016-09-29,9.400290469253726
2016-09-30,9.409508805574896
2016-10-10,9.54445245433176
2016-10-11,9.552577965918875
2016-10-12,9.579345732875574
2016-10-13,9.60288905648476
2016-10-14,9.597935662322364
2016-10-17,9.541659996148983
2016-10-18,9.705761316773595
2016-10-19,9.66880553348365
2016-10-20,9.726710846420467
2016-10-21,9.648826713473097
2016-10-24,9.696540345489872
2016-10-25,9.723565311618708
2016-10-26,9.667277869242008
2016-10-27,9.704699630424326
2016-10-28,9.601626513620209
2016-10-31,9.63357314922511
2016-11-01,9.751790211673418
2016-11-02,9.712838772632098
2016-11-03,9.80197218355002
2016-11-04,9.815784324013528
2016-11-07,9.781037921568625
2016-11-08,9.813552038455876
2016-11-09,9.764671602827297
2016-11-10,9.955697730540255
2016-11-11,10.06311784003446
2016-11-14,10.082167777336554
2016-11-15,10.100307905916116
2016-11-16,10.109977734683902
2016-11-17,10.039248782371066
2016-11-18,10.02544213043502
2016-11-21,10.066096317400296
2016-11-22,10.167549854324267
2016-11-23,10.063486381809364
2016-11-24,10.005458478477498
2016-11-25,9.96414745212327
2016-11-28,9.93049725760822
2016-11-29,9.913027229075052
2016-11-30,9.946739779342408
2016-12-01,10.049627479970443
2016-12-02,9.920549512091426
2016-12-05,9.90727368015326
2016-12-06,9.910547067098921
2016-12-07,10.072622646454953
2016-12-08,10.082111230159239
2016-12-09,10.032587383113826
2016-12-12,9.561812830831782
2016-12-13,9.574032049062485
2016-12-14,9.494771409801025
2016-12-15,9.598520364412837
2016-12-16,9.716597159181074
2016-12-19,9.716911610083768
2016-12-20,9.648836058691185
2016-12-21,9.718107281056668
2016-12-22,9.711611625527578
2016-12-23,9.595570137623806
2016-12-26,9.638462756544598
2016-12-27,9.678022623313893
2016-12-28,9.64944861805249
2016-12-29,9.576015370304697
2016-12-30,9.60388424617903
2017-01-03,9.652211434761067
2017-01-04,9.743275860258628
2017-01-05,9.70818286823026
2017-01-06,9.676402004066658
2017-01-09,9.72242437719445
2017-01-10,9.69877785607446
2017-01-11,9.625741246435997
2017-01-12,9.565817126163518
2017-01-13,9.492878937961514
2017-01-16,9.309871490990973
2017-01-17,9.379300956859632
2017-01-18,9.33738930922122
2017-01-19,9.308041987668261
2017-01-20,9.416239047319733
2017-01-23,9.497034692021963
2017-01-24,9.479665250512342
2017-01-25,9.49193902074721
2017-01-26,9.525484421882947
2017-02-03,9.49916904410295
2017-02-06,9.562290855760297
2017-02-07,9.551998953678746
2017-02-08,9.589706626444263
2017-02-09,9.681518559399843
2017-02-10,9.65632382968825
2017-02-13,9.705514901873327
2017-02-14,9.675087741015941
2017-02-15,9.637900242863656
2017-02-16,9.685630863251138
2017-02-17,9.686365776593622
2017-02-20,9.82570696104692
2017-02-21,9.879668563461019
2017-02-22,9.91705957324754
2017-02-23,9.936220500431753
2017-02-24,9.93655358220988
2017-02-27,9.873015507265555
2017-02-28,9.910091757071962
2017-03-01,9.911603282889766
2017-03-02,9.86669470583651
2017-03-03,9.920026032675235
2017-03-06,10.021497440754553
2017-03-07,10.04086073550835
2017-03-08,9.978346252227395
2017-03-09,9.960139854320019
2017-03-10,9.996264049770877
2017-03-13,10.0564842314896
2017-03-14,10.043693337579638
2017-03-15,10.039819117728152
2017-03-16,10.122172668860054
2017-03-17,10.069365768180988
2017-03-20,10.105801355911591
2017-03-21,10.121739707215575
2017-03-22,10.113455942659622
2017-03-23,10.121033814507182
2017-03-24,10.115298263237301
2017-03-27,10.140138669694263
2017-03-28,10.112585557949178
2017-03-29,10.009439363779029
2017-03-30,9.869149351902955
2017-03-31,9.921050052463976
2017-04-05,10.05262048534222
2017-04-06,10.095629081248783
2017-04-07,10.080731266490133
2017-04-10,9.941192059072984
2017-04-11,9.977896799404006
2017-04-12,9.959188890956275
2017-04-13,9.993613730062414
2017-04-14,9.916978223348515
2017-04-17,9.818528959216549
2017-04-18,9.782401711982892
2017-04-19,9.733813427045249
2017-04-20,9.714314934338582
2017-04-21,9.664925651210886
2017-04-24,9.467350818833893
2017-04-25,9.482156827597247
2017-04-26,9.475931367536525
2017-04-27,9.482215628252765
2017-04-28,9.517582195248586
2017-05-02,9.476839499125013
2017-05-03,9.468841657927783
2017-05-04,9.472899429768287
2017-05-05,9.430724263862487
2017-05-08,9.360845429947219
2017-05-09,9.38155687073605
2017-05-10,9.31051581145534
2017-05-11,9.298639512292153
2017-05-12,9.290995575587683
2017-05-15,9.29600809143124
2017-05-16,9.382151338240114
2017-05-17,9.385602550513969
2017-05-18,9.362772007048285
2017-05-19,9.343805908739922
2017-05-22,9.283108786982657
2017-05-23,9.183055157070168
2017-05-24,9.196056276914574
2017-05-25,9.22277808894465
2017-05-26,9.25082122294862
2017-05-31,9.258920001019723
2017-06-01,9.180954756084207
2017-06-02,9.182828424419844
2017-06-05,9.222781577680994
2017-06-06,9.253430197770466
2017-06-07,9.332677563195146
2017-06-08,9.334747003597508
2017-06-09,9.338296883203823
2017-06-12,9.303379326171688
2017-06-13,9.351160104028548
2017-06-14,9.351463262771183
2017-06-15,9.37930924580254
2017-06-16,9.382026919321858
2017-06-19,9.379466121546008
2017-06-20,9.376088030811184
2017-06-21,9.393004353684944
2017-06-22,9.344179982041647
2017-06-23,9.360415757110044
2017-06-26,9.414360616551356
2017-06-27,9.42444083276378
2017-06-28,9.415151269141216
2017-06-29,9.422591888971581
2017-06-30,9.452354353404287
2017-07-03,9.482352368841873
2017-07-04,9.459492013989903
2017-07-05,9.483663703548137
2017-07-06,9.48450753421345
2017-07-07,9.506325782104671
2017-07-10,9.481364418928573
2017-07-11,9.428758647545305
2017-07-12,9.463991716893345
2017-07-13,9.462343611935603
2017-07-14,9.442012976707899
2017-07-17,9.281936231122202
2017-07-18,9.315257618089534
2017-07-19,9.354927155749944
2017-07-20,9.369670146415823
2017-07-21,9.372679106832697
2017-07-24,9.368204625493531
2017-07-25,9.366350212698427
2017-07-26,9.372056989433691
2017-07-27,9.426997601685938
2017-07-28,9.439840069187117
2017-07-31,9.506382982314431
2017-08-01,9.498695598901723
2017-08-02,9.474549859746558
2017-08-03,9.495049510739534
2017-08-04,9.442497390972534
2017-08-07,9.467068184938082
2017-08-08,9.5324661901402
2017-08-09,9.550652658959233
2017-08-10,9.491911583538439
2017-08-11,9.452779483222763
2017-08-14,9.538372366343639
2017-08-15,9.555123603210783
2017-08-16,9.585958227545438
2017-08-17,9.597255197956342
2017-08-18,9.59249059589165
2017-08-21,9.625659627424486
2017-08-22,9.634221940712782
2017-08-23,9.623745193741232
2017-08-24,9.610811943914397
2017-08-25,9.651487689849764
2017-08-28,9.71124785171652
2017-08-29,9.683784972208517
2017-08-30,9.694489845014505
2017-08-31,9.734012001001775
2017-09-01,9.738689764311545
2017-09-04,9.817808499060657
2017-09-05,9.839880339708463
2017-09-06,9.873626748237918
2017-09-07,9.8234391218259
2017-09-08,9.87283495714724
2017-09-11,10.03504405771052
2017-09-12,9.950407915853171
2017-09-13,9.998865412712199
2017-09-14,9.99565968413128
2017-09-15,10.013772252216127
2017-09-18,10.046873346215818
2017-09-19,9.990468402725154
2017-09-20,10.041229281602353
2017-09-21,9.96651527124197
2017-09-22,9.970389512384132
2017-09-25,9.928459310288266
2017-09-26,9.926168830638604
2017-09-27,10.003514357968024
2017-09-28,9.970659067394868
2017-09-29,10.081092057159978
2017-10-09,10.147657968223378
2017-10-10,10.231152965423204
2017-10-11,10.22722986553171
2017-10-12,10.209493588003062
2017-10-13,10.284621975483548
2017-10-16,10.136284989013756
2017-10-17,10.149202989120177
2017-10-18,10.056882458381239
2017-10-19,9.980908376381247
2017-10-20,10.073962496475964
2017-10-23,10.144947321771934
2017-10-24,10.106770768942402
2017-10-25,10.24721612695887
2017-10-26,10.229934993410112
2017-10-27,10.19706126942612
2017-10-30,9.924627242233962
2017-10-31,9.976558704821777
2017-11-01,10.014744833016875
2017-11-02,9.890184988503876
2017-11-03,9.85995768975808
2017-11-06,9.924258525028904
2017-11-07,9.93407401000922
2017-11-08,9.940435995248647
2017-11-09,9.975546743952783
2017-11-10,10.012805520888133
2017-11-13,10.055568910116214
2017-11-14,9.964553605715418
2017-11-15,9.908640523515352
2017-11-16,9.861817401782005
2017-11-17,9.482629195727318
2017-11-20,9.492669634554643
2017-11-21,9.52445025275701
2017-11-22,9.480408354650288
2017-11-23,9.317617194443969
2017-11-24,9.341965128085803
2017-11-27,9.181364510956934
2017-11-28,9.259158245340057
2017-11-29,9.266061252563857
2017-11-30,9.241761609231155
2017-12-01,9.30033810684537
2017-12-04,9.187710514230393
2017-12-05,9.064237002450517
2017-12-06,9.120701768327157
2017-12-07,9.108811663931238
2017-12-08,9.191811668270201
2017-12-11,9.261828713766251
2017-12-12,9.180810665157859
2017-12-13,9.207351334843679
2017-12-14,9.194835670014907
2017-12-15,9.166353954319568
2017-12-18,9.11743365870091
2017-12-19,9.158633475070165
2017-12-20,9.092334715293678
2017-12-21,9.093329604351107
2017-12-22,9.100569393015357
2017-12-25,9.004291625572227
2017-12-26,9.050413510002299
2017-12-27,9.024275912924827
2017-12-28,9.056265417526285
2017-12-29,9.112377490925136
2018-01-02,9.149931246669563
2018-01-03,9.174095857814342
2018-01-04,9.155773596450473
2018-01-05,9.17198526010099
2018-01-08,9.176776877329567
2018-01-09,9.181396608295566
2018-01-10,9.133985240593418
2018-01-11,9.17397597382955
2018-01-12,9.163962101068384
2018-01-15,9.04703750351297
2018-01-16,9.103816297540794
2018-01-17,9.124028810853629
2018-01-18,9.118794740616913
2018-01-19,9.13146861662386
2018-01-22,9.209768920083542
2018-01-23,9.215070201183094
2018-01-24,9.24430332408224
2018-01-25,9.24226836141084
2018-01-26,9.231352844229765
2018-01-29,9.181579809306996
2018-01-30,9.166095738806254
2018-01-31,9.075568909726943
2018-02-01,8.900132014784559
2018-02-02,8.859363515358789
2018-02-05,8.809204792107998
2018-02-06,8.586548053457813
2018-02-07,8.649924193090516
2018-02-08,8.719755830667845
2018-02-09,8.66191286923715
2018-02-12,8.787464963725345
2018-02-13,8.77082519943014
2018-02-14,8.774641623597962
2018-02-22,8.852715819310903
2018-02-23,8.882577587306146
2018-02-26,9.002602504345354
2018-02-27,9.053687949033158
2018-02-28,9.043238718669329
2018-03-01,9.075794601902167
2018-03-02,9.062645593961875
2018-03-05,9.09077194826203
2018-03-06,9.11850348409137
2018-03-07,9.097179710159294
2018-03-08,9.161187691712529
2018-03-09,9.238366100386555
2018-03-12,9.267550178436126
2018-03-13,9.241893227052746
2018-03-14,9.216934976629268
2018-03-15,9.142541844027521
2018-03-16,9.168812294756046
2018-03-19,9.19471381868219
2018-03-20,9.206437362291409
2018-03-21,9.215695563135949
2018-03-22,9.263430023171422
2018-03-23,9.131997979237134
2018-03-26,9.213115929191154
2018-03-27,9.321016409289925
2018-03-28,9.306344844034612
2018-03-29,9.324063005622023
2018-03-30,9.375632082357722
2018-04-02,9.383462110169932
2018-04-03,9.373939058723124
2018-04-04,9.377882237108015
2018-04-09,9.4016669913609
2018-04-10,9.426044161726232
2018-04-11,9.457400222534833
2018-04-12,9.488107940520395
2018-04-13,9.469938634587022
2018-04-16,9.429194348244849
2018-04-17,9.35036971105498
2018-04-18,9.37976850290058
2018-04-19,9.368736447750623
2018-04-20,9.292664258584557
2018-04-23,9.302557045294286
2018-04-24,9.403036755229444
2018-04-25,9.41766043699986
2018-04-26,9.352418591254578
2018-04-27,9.366646621949151
2018-05-02,9.358401773163186
2018-05-03,9.388656214533563
2018-05-04,9.399270881560998
2018-05-07,9.450671200827035
2018-05-08,9.455650975998354
2018-05-09,9.480416764647346
2018-05-10,9.508378145576748
2018-05-11,9.461229262038817
2018-05-14,9.433798764198643
2018-05-15,9.47567650348892
2018-05-16,9.458773929002481
2018-05-17,9.459230002541489
2018-05-18,9.46492632359819
2018-05-21,9.4997973637194
2018-05-22,9.521439766914378
2018-05-23,9.520944343508525
2018-05-24,9.515953164317201
2018-05-25,9.492576781178016
2018-05-28,9.489767916576945
2018-05-29,9.484680976328567
2018-05-30,9.396144291458501
2018-05-31,9.471580103038946
2018-06-01,9.47603230170924
2018-06-04,9.48364145000977
2018-06-05,9.514727518892379
2018-06-06,9.523996074852256
2018-06-07,9.501158131241949
2018-06-08,9.482248318529125
2018-06-11,9.469004349295705
2018-06-12,9.502930577317837
2018-06-13,9.470488108661227
2018-06-14,9.452642923619312
2018-06-15,9.407094857058528
2018-06-19,9.27360018933966
2018-06-20,9.312609640696346
2018-06-21,9.270151263996702
2018-06-22,9.295737368025595
2018-06-25,9.30304039014483
2018-06-26,9.30904409704646
2018-06-27,9.281424769573908
2018-06-28,9.26085939663345
2018-06-29,9.328270872505296
2018-07-02,9.29082307986094
2018-07-03,9.328376142245029
2018-07-04,9.28769051893153
2018-07-05,9.245283813842201
2018-07-06,9.249495895430579
2018-07-09,9.302112551647129
2018-07-10,9.329056737190736
2018-07-11,9.28135987805793
2018-07-12,9.327127704297014
2018-07-13,9.339378049043537
2018-07-16,9.348592894885117
2018-07-17,9.35338186940748
2018-07-18,9.34858427476138
2018-07-19,9.33012773831862
2018-07-20,9.34986602380237
2018-07-23,9.39323896045663
2018-07-24,9.427521987927417
2018-07-25,9.425388671555664
2018-07-26,9.407019412258377
2018-07-27,9.413116372649762
2018-07-30,9.39121684813262
2018-07-31,9.385499615012494
2018-08-01,9.35655203331891
2018-08-02,9.28623766006863
2018-08-03,9.269151326177678
2018-08-06,9.23438999041256
2018-08-07,9.285380776480519
2018-08-08,9.251835604113396
2018-08-09,9.294065099703264
2018-08-10,9.297068468271311
2018-08-13,9.309959899897859
2018-08-14,9.303689842637953
2018-08-15,9.268407623381014
2018-08-16,9.254002092506928
2018-08-17,9.232316175213516
2018-08-20,9.250362436330567
2018-08-21,9.270112408937502
2018-08-22,9.250125050113635
2018-08-23,9.268336001120575
2018-08-24,9.266109972797285
2018-08-27,9.3027346878275
2018-08-28,9.315299537458928
2018-08-29,9.30117603136221
2018-08-30,9.277706730288545
2018-08-31,9.264660343811222
2018-09-03,9.248866870626061
2018-09-04,9.27778107014204
2018-09-05,9.250291626331405
2018-09-06,9.241399421192718
2018-09-07,9.242702445782573
2018-09-10,9.2094518533419
2018-09-11,9.206015578211373
2018-09-12,9.20316517576914
2018-09-13,9.215069364574502
2018-09-14,9.191866748736437
2018-09-17,9.159281565808792
2018-09-18,9.180558477692081
2018-09-19,9.199032784259888
2018-09-20,9.187593113420135
2018-09-21,9.211326020946046
2018-09-25,9.212593087365624
2018-09-26,9.230313973079095
2018-09-27,9.19958558180129
2018-09-28,9.218222780813177
2018-10-08,9.156893675778749
2018-10-09,9.150782898230162
2018-10-10,9.169057779374786
2018-10-11,9.033125341511091
2018-10-12,9.032890866677844
2018-10-15,9.022014138363165
2018-10-16,8.978319213209543
2018-10-17,8.972126974290875
2018-10-18,8.937064824323242
2018-10-19,8.98350955810934
2018-10-22,9.077222567264378
2018-10-23,9.053270570373973
2018-10-24,9.053353107100099
2018-10-25,9.049217889531544
2018-10-26,9.049696547490658
2018-10-29,9.042781410677236
2018-10-30,9.062128296013377
2018-10-31,9.09476482260843
2018-11-01,9.08037026815344
2018-11-02,9.133462160850026
2018-11-05,9.125843877724098
2018-11-06,9.1253183399233
2018-11-07,9.112801943887652
2018-11-08,9.115715752421085
2018-11-09,9.122238615987415
2018-11-12,9.167118411599692
2018-11-13,9.20031341792259
2018-11-14,9.20313177924538
2018-11-15,9.253879943940092
2018-11-16,9.264426526531555
2018-11-19,9.271676453216623
2018-11-20,9.223265560930788
2018-11-21,9.248414392344712
2018-11-22,9.247846888308695
2018-11-23,9.178401095671092
2018-11-26,9.168287038016702
2018-11-27,9.186334659950884
2018-11-28,9.211719017908711
2018-11-29,9.160239345963394
2018-11-30,9.170758063206868
2018-12-03,9.223878108427712
2018-12-04,9.237528311843898
2018-12-05,9.227467755788835
2018-12-06,9.206517387389178
2018-12-07,9.208076536862539
2018-12-10,9.182589553262666
2018-12-11,9.19347319161777
2018-12-12,9.201740294120283
2018-12-13,9.21823679330399
2018-12-14,9.192432294117204
2018-12-17,9.192576925862053
2018-12-18,9.180249410515955
2018-12-19,9.161105820671027
2018-12-20,9.175590627097709
2018-12-21,9.168385750671465
2018-12-24,9.188996777005471
2018-12-25,9.170731630094819
2018-12-26,9.17064854372155
2018-12-27,9.162109206445344
2018-12-28,9.166827551223385
2019-01-02,9.152490587589492
2019-01-03,9.142884319237478
2019-01-04,9.18726061374792
2019-01-07,9.22145301428606
2019-01-08,9.215254995275286
2019-01-09,9.220567229501343
2019-01-10,9.213648049100808
2019-01-11,9.225499482899927
2019-01-14,9.223129428485638
2019-01-15,9.234458974666534
2019-01-16,9.24080095968412
2019-01-17,9.228554165684645
2019-01-18,9.23850108593843
2019-01-21,9.25717174664315
2019-01-22,9.25004597258433
2019-01-23,9.26215858626229
2019-01-24,9.262618274486236
2019-01-25,9.254450904633694
2019-01-28,9.246841021243883
2019-01-29,9.221938794406874
2019-01-30,9.20708193954871
2019-01-31,9.17859988703049
2019-02-01,9.220771379251135
2019-02-11,9.260177944679095
2019-02-12,9.289007863721498
2019-02-13,9.31133207640602
2019-02-14,9.312198520170828
2019-02-15,9.313072773672527
2019-02-18,9.364036153854634
2019-02-19,9.364201181109951
2019-02-20,9.373789339156705
2019-02-21,9.358402297618104
2019-02-22,9.382283659996087
2019-02-25,9.446340618041184
2019-02-26,9.433348578844145
2019-02-27,9.43563366877729
2019-02-28,9.50820673725862
2019-03-01,9.504934854171857
2019-03-04,9.559099854636237
2019-03-05,9.62623388936226
2019-03-06,9.736055799414098
2019-03-07,9.82374030864724
2019-03-08,9.62575054972787
2019-03-11,9.801802494151303
2019-03-12,9.890066152648512
2019-03-13,9.826013061564279
2019-03-14,9.720646625489646
2019-03-15,9.79912889227123
2019-03-18,9.949922130711741
2019-03-19,9.993918690126439
2019-03-20,10.019561916325083
2019-03-21,10.073222872432618
2019-03-22,10.121864279332902
2019-03-25,10.098294773645565
2019-03-26,10.024647966245206
2019-03-27,10.107130560759892
2019-03-28,10.063348160742333
2019-03-29,10.137640847885745
2019-04-01,10.2837842955003
2019-04-02,10.345020453082297
2019-04-03,10.446024395350566
2019-04-04,10.482305469224777
2019-04-08,10.419556871308387
2019-04-09,10.42303074684296
2019-04-10,10.486846314623083
2019-04-11,10.320901833619619
2019-04-12,10.282811121981952
2019-04-15,10.240243567436911
2019-04-16,10.303517034886612
2019-04-17,10.37253674882073
2019-04-18,10.335627773489113
2019-04-19,10.428189603362044
2019-04-22,10.349150982509753
2019-04-23,10.25690528204449
2019-04-24,10.354178759163835
2019-04-25,10.192913839430904
2019-04-26,10.167082488036487
2019-04-29,10.02776381987956
2019-04-30,10.075294327723896
2019-05-06,9.576543126311549
2019-05-07,9.681781741453284
2019-05-08,9.678443283507603
2019-05-09,9.634894609440247
2019-05-10,9.83908942375394
2019-05-13,9.817696646485478
2019-05-14,9.757604228895387
2019-05-15,9.843610450483789
2019-05-16,9.883897531212002
2019-05-17,9.688815693911309
2019-05-20,9.647597711750903
2019-05-21,9.740767830441483
2019-05-22,9.702541421735528
2019-05-23,9.537422861833823
2019-05-24,9.481664437880474
2019-05-27,9.647704818290823
2019-05-28,9.607489893758213
2019-05-29,9.615589665888965
2019-05-30,9.598324668622846
2019-05-31,9.649211947287242
2019-06-03,9.656595917292705
2019-06-04,9.560687890347577
2019-06-05,9.580549126964934
2019-06-06,9.41636035443548
2019-06-10,9.490271470846658
2019-06-11,9.706317111038496
2019-06-12,9.699272855980073
2019-06-13,9.757925566512448
2019-06-14,9.633254999152912
2019-06-17,9.631552033116936
2019-06-18,9.64251658758089
2019-06-19,9.727039429714615
2019-06-20,9.86388436872699
2019-06-21,9.958065074931165
2019-06-24,9.95835743476114
2019-06-25,9.854193035124327
2019-06-26,9.965361620081621
2019-06-27,10.033786379320533
2019-06-28,10.03449767112918
2019-07-01,10.203259383767385
2019-07-02,10.210286224209986
2019-07-03,10.162732882788482
2019-07-04,10.19134696398216
2019-07-05,10.22452181882893
2019-07-08,10.017261555484692
2019-07-09,10.015280773790238
2019-07-10,9.99123141754995
2019-07-11,9.953809589952105
2019-07-12,9.9385950435127
2019-07-15,9.988047398658898
2019-07-16,9.967911196009187
2019-07-17,9.97443278771171
2019-07-18,9.836289838116794
2019-07-19,9.878038142721921
2019-07-22,9.80270443473334
2019-07-23,9.829209912158007
2019-07-24,9.899729297336455
2019-07-25,9.917041820992665
2019-07-26,9.91925708555966
2019-07-29,9.921126632268397
2019-07-30,9.954863864070637
2019-07-31,9.916864839082885
2019-08-01,9.89168284202942
2019-08-02,9.780375451930622
2019-08-05,9.688924880548903
2019-08-06,9.515366989491032
2019-08-07,9.448813476441252
2019-08-08,9.469485318066367
2019-08-09,9.387357004048377
2019-08-12,9.497594244400075
2019-08-13,9.492243734217205
2019-08-14,9.550830313483566
2019-08-15,9.565013672981676
2019-08-16,9.659292386576013
2019-08-19,9.820767450282808
2019-08-20,9.828021827566193
2019-08-21,9.815700974585077
2019-08-22,9.868081597661332
2019-08-23,9.865151845939733
2019-08-26,9.849041074874808
2019-08-27,9.991414319426841
2019-08-28,9.990030694195676
2019-08-29,9.989928058941455
2019-08-30,9.926035397407517
2019-09-02,10.042384489590196
2019-09-03,10.066121124747884
2019-09-04,10.11690253171295
2019-09-05,10.176030479182431
2019-09-06,10.25736653683438
2019-09-09,10.374168674349193
2019-09-10,10.404616823345075
2019-09-11,10.389106325601928
2019-09-12,10.415477747619295
2019-09-16,10.438619606380481
2019-09-17,10.307095771832985
2019-09-18,10.35005603554356
2019-09-19,10.461905056694828
2019-09-20,10.44859989780621
2019-09-23,10.387840594124057
2019-09-24,10.329240824924042
2019-09-25,10.23859456570158
2019-09-26,10.11509465787482
2019-09-27,10.19165691905065
2019-09-30,10.145460755654929
2019-10-08,10.192834977903017
2019-10-09,10.257509447853305
2019-10-10,10.333287140984785
2019-10-11,10.362706607965142
2019-10-14,10.446959967521307
2019-10-15,10.391278254269153
2019-10-16,10.39992087608313
2019-10-17,10.375944162899206
2019-10-18,10.350114599146735
2019-10-21,10.249980486118346
2019-10-22,10.298081901267537
2019-10-23,10.286725944660478
2019-10-24,10.260069215684116
2019-10-25,10.29455625380231
2019-10-28,10.342738687310026
2019-10-29,10.234881210171446
2019-10-30,10.16604987519708
2019-10-31,10.144020805459915
2019-11-01,10.163572730266635
2019-11-04,10.174210532706104
2019-11-05,10.201098411511351
2019-11-06,10.17023052423428
2019-11-07,10.193539129387597
2019-11-08,10.200478992100015
2019-11-11,10.089807952851487
2019-11-12,10.082288976624488
2019-11-13,10.062813844403335
2019-11-14,10.10862491339181
2019-11-15,10.04580597174741
2019-11-18,10.073980308044835
2019-11-19,10.12354710833773
2019-11-20,10.070715768712663
2019-11-21,10.064391224813317
2019-11-22,10.056625882366223
2019-11-25,10.05252733148717
2019-11-26,10.045041140931152
2019-11-27,10.03150981481539
2019-11-28,10.00844989611579
2019-11-29,10.004737109176169
2019-12-02,10.025941121971767
2019-12-03,10.040541724937496
2019-12-04,10.024908032374157
2019-12-05,10.056754743963007
2019-12-06,10.077330786237575
2019-12-09,10.082852133552372
2019-12-10,10.082562133564961
2019-12-11,10.073494034155349
2019-12-12,10.060229134605589
2019-12-13,10.092322488616142
2019-12-16,10.151932202327519
2019-12-17,10.194718585410765
2019-12-18,10.197888086498358
2019-12-19,10.218123855019948
2019-12-20,10.208118537822005
2019-12-23,10.14959006863201
2019-12-24,10.204311142868484
2019-12-25,10.218079344592276
2019-12-26,10.2672449410329
2019-12-27,10.281725311090687
2019-12-30,10.331521381486942
2019-12-31,10.387732435344903
2020-01-02,10.46978737396495
2020-01-03,10.494982960907981
2020-01-06,10.494838567733847
2020-01-07,10.588848823813374
2020-01-08,10.501001034524391
2020-01-09,10.613992429730825
2020-01-10,10.631422407516311
2020-01-13,10.680372693015105
2020-01-14,10.668948350718225
2020-01-15,10.618916297290573
2020-01-16,10.60924685302441
2020-01-17,10.594258362862083
2020-01-20,10.642678777713733
2020-01-21,10.537184283862139
2020-01-22,10.503386613151807
2020-01-23,10.278470912035559
2020-02-03,9.509456624580585
2020-02-04,9.533509166828786
2020-02-05,9.797369223313304
2020-02-06,9.952554924980461
2020-02-07,9.967260747286211
2020-02-10,10.11017164654778
2020-02-11,10.047748670314412
2020-02-12,10.162958602108521
2020-02-13,10.136018601155996
2020-02-14,10.104232372156446
2020-02-17,10.34775281735178
2020-02-18,10.360139967129596
2020-02-19,10.309660511148714
2020-02-20,10.4346050941446
2020-02-21,10.467254650010107
2020-02-24,10.527530104447198
2020-02-25,10.437486449139758
2020-02-26,10.427481572527746
2020-02-27,10.446139341812879
2020-02-28,10.037781929636001
2020-03-02,10.314293136688477
2020-03-03,10.393686402032925
2020-03-04,10.527212108942537
2020-03-05,10.663111229295312
2020-03-06,10.643936629459501
2020-03-09,10.436791867649516
2020-03-10,10.530481206543266
2020-03-11,10.511245155815182
2020-03-12,10.30236552377531
2020-03-13,10.189201354562487
2020-03-16,9.92666432585308
2020-03-17,9.848068029422551
2020-03-18,9.769659217432238
2020-03-19,9.787267809436416
2020-03-20,9.900211769068948
2020-03-23,9.70505806706421
2020-03-24,9.858141625685525
2020-03-25,10.050889517741439
2020-03-26,9.982817764160597
2020-03-27,10.009955254586842
2020-03-30,9.837620445672629
2020-03-31,9.867831235766488
2020-04-01,9.842883741976046
2020-04-02,9.892781061739559
2020-04-03,9.887270274890883
2020-04-07,9.985240152877942
2020-04-08,10.009691943764238
2020-04-09,10.037067652738399
2020-04-10,10.001278613271694
2020-04-13,9.99263354562695
2020-04-14,10.040312404146885
2020-04-15,10.020953797034592
2020-04-16,10.028262302314664
2020-04-17,10.036584960101692
2020-04-20,10.096616939993165
2020-04-21,10.084174352182036
2020-04-22,10.128971355633325
2020-04-23,10.142830246988703
2020-04-24,10.110064791434617
2020-04-27,10.09495355504947
2020-04-28,10.045988003930198
2020-04-29,10.072090311707026
2020-04-30,10.181970935221246
2020-05-06,10.232719829479569
2020-05-07,10.208777274039944
2020-05-08,10.277495807345256
2020-05-11,10.249893524053174
2020-05-12,10.257186678081482
2020-05-13,10.310096511725579
2020-05-14,10.253387023712358
2020-05-15,10.29612488042644
2020-05-18,10.276547906377733
2020-05-19,10.362068699791376
2020-05-20,10.254844579491497
2020-05-21,10.22182626372612
2020-05-22,10.085701624774378
2020-05-25,10.093675670905425
2020-05-26,10.201928797552561
2020-05-27,10.205229842562517
2020-05-28,10.184612614931563
2020-05-29,10.197687312016116
2020-06-01,10.410864865025902
2020-06-02,10.530520504176492
2020-06-03,10.522176718998475
2020-06-04,10.563402164284165
2020-06-05,10.545110201701798
2020-06-08,10.573370114042994
2020-06-09,10.6022108822161
2020-06-10,10.61442206657963
2020-06-11,10.613080531172063
2020-06-12,10.62556175173581
2020-06-15,10.54798499206025
2020-06-16,10.684667646435154
2020-06-17,10.662929642495937
2020-06-18,10.640698324209358
2020-06-19,10.706838340182447
2020-06-22,10.688902222209075
2020-06-23,10.706754137308865
2020-06-24,10.696275107893781
2020-06-29,10.6131530014066
2020-06-30,10.712989891844769
2020-07-01,10.724525907607218
2020-07-02,10.849317303822584
2020-07-03,10.893835686669625
2020-07-06,11.213073424315928
2020-07-07,11.203372289018288
2020-07-08,11.33455501011294
2020-07-09,11.592796183637535
2020-07-10,11.480264580668099
2020-07-13,11.737119280549798
2020-07-14,11.630456050075987
2020-07-15,11.476469641945403
2020-07-16,11.154344976174015
2020-07-17,11.258832406793308
2020-07-20,11.58981076873271
2020-07-21,11.624723656583084
2020-07-22,11.580184199498069
2020-07-23,11.59521709318956
2020-07-24,11.282662996269597
2020-07-27,11.33173646541752
2020-07-28,11.385870981821993
2020-07-29,11.54521574577704
2020-07-30,11.58713553954287
2020-07-31,11.660977510880594
2020-08-03,11.9974464908067
2020-08-04,11.98280267307462
2020-08-05,11.951850526063199
2020-08-06,11.990843509019168
2020-08-07,11.898494670599549
2020-08-10,12.0349682825377
2020-08-11,11.892468863284236
2020-08-12,11.773192870675366
2020-08-13,11.827447023342343
2020-08-14,11.902615766168621
2020-08-17,12.077238762491172
2020-08-18,12.147713980087657
2020-08-19,12.165031861281498
2020-08-20,12.02832072248261
2020-08-21,12.066133256050463
2020-08-24,12.071130341023542
2020-08-25,11.974420445122783
2020-08-26,11.752163759181245
2020-08-27,11.868111958971955
2020-08-28,11.961809054571992
2020-08-31,11.930030323038398
2020-09-01,12.029728236982569
2020-09-02,12.059925656629567
2020-09-03,11.998487830181299
2020-09-04,11.924787013184604
2020-09-07,11.792663391754202
2020-09-08,11.857865670646525
2020-09-09,11.66025781271714
2020-09-10,11.502694754872328
2020-09-11,11.614093856354467
2020-09-14,11.63578776509465
2020-09-15,11.605731592836285
2020-09-16,11.581999102036875
2020-09-17,11.56332738167672
2020-09-18,11.747088727245577
2020-09-21,11.716253262468102
2020-09-22,11.545688679726727
2020-09-23,11.508992072358632
2020-09-24,11.282236706161083
2020-09-25,11.275069917783654
2020-09-28,11.244249482506506
2020-09-29,11.280701746322782
2020-09-30,11.262123103972046
2020-10-09,11.50744850238313
2020-10-12,11.796377765692013
2020-10-13,11.797422936119924
2020-10-14,11.710844664121192
2020-10-15,11.649444751902319
2020-10-16,11.659119416435583
2020-10-19,11.645126785559395
2020-10-20,11.74780046996573
2020-10-21,11.723706575481176
2020-10-22,11.609139549951669
2020-10-23,11.426398651606972
2020-10-26,11.401306395197372
2020-10-27,11.383142321800092
2020-10-28,11.423063877018302
2020-10-29,11.529502745176655
2020-10-30,11.313978965892137
2020-11-02,11.299438679690237
2020-11-03,11.392701946008009
2020-11-04,11.383125531265122
2020-11-05,11.570715818458742
2020-11-06,11.528763813360289
2020-11-09,11.720613292809
2020-11-10,11.744542530910014
2020-11-11,11.724844314221945
2020-11-12,11.815406350456232
2020-11-13,11.787014716342766
2020-11-16,11.983017831569756
2020-11-17,11.972286933494736
2020-11-18,12.047687332943376
2020-11-19,12.004042085154305
2020-11-20,12.015975181891458
2020-11-23,12.057948009491849
2020-11-24,12.076515689884491
2020-11-25,11.952541575389418
2020-11-26,11.963557025003327
2020-11-27,11.939207069999725
2020-11-30,11.874299927682287
2020-12-01,11.963193022226756
2020-12-02,11.942413468107208
2020-12-03,11.931968076893464
2020-12-04,11.970612020254363
2020-12-07,11.96081919660631
2020-12-08,11.923751527629026
2020-12-09,11.840818528499673
2020-12-10,11.794655723885615
2020-12-11,11.671593612248854
2020-12-14,11.668115291244462
2020-12-15,11.671926821645517
2020-12-16,11.62252856121218
2020-12-17,11.63730431575705
2020-12-18,11.573033434952464
2020-12-21,11.624299594212602
2020-12-22,11.357821800264906
2020-12-23,11.37307629010269
2020-12-24,11.186299447571615
2020-12-25,11.29903306287959
2020-12-28,11.122200179952616
2020-12-29,11.106476252100205
2020-12-30,11.110253789005698
2020-12-31,11.218170874246608
2021-01-04,11.304616606743949
2021-01-05,11.292000927836238
2021-01-06,11.176917827517716
2021-01-07,10.922981211223494
2021-01-08,10.922082970939801
2021-01-11,10.79682339169871
2021-01-12,10.82983277092923
2021-01-13,10.79520159075083
2021-01-14,10.956505185496017
2021-01-15,11.02931503197719
2021-01-18,11.097376633226078
2021-01-19,11.145659809811507
2021-01-20,11.138249505211235
2021-01-21,11.189593457391489
2021-01-22,11.145575452534002
2021-01-25,11.013496320600636
2021-01-26,10.977009677200197
2021-01-27,11.023799271495022
2021-01-28,10.918883762672603
2021-01-29,10.852201342578804
2021-02-01,10.884889006180012
2021-02-02,10.934672676175348
2021-02-03,10.931528818161945
2021-02-04,10.839573005237257
2021-02-05,10.837735356300387
2021-02-08,10.84676656297982
2021-02-09,10.939370554897172
2021-02-10,10.957864542121866
2021-02-18,11.027471348304351
2021-02-19,11.10342828048088
2021-02-22,11.170125086634958
2021-02-23,11.14248695121956
2021-02-24,11.131663679475421
2021-02-25,11.117581593151348
2021-02-26,11.095844266445381
2021-03-01,11.18989471313772
2021-03-02,11.191391593708731
2021-03-03,11.242399047683774
2021-03-04,11.219500110492332
2021-03-05,11.23820476732415
2021-03-08,11.235813272275632
2021-03-09,11.194284111662089
2021-03-10,11.171591170152308
2021-03-11,11.237198770902495
2021-03-12,11.266686265102983
2021-03-15,11.258941953877555
2021-03-16,11.314252574155336
2021-03-17,11.299241613192763
2021-03-18,11.330321412302533
2021-03-19,11.349970153534935
2021-03-22,11.41946767472216
2021-03-23,11.425897921219805
2021-03-24,11.407753996890028
2021-03-25,11.392923243380649
2021-03-26,11.428100854946253
2021-03-29,11.452425490598085
2021-03-30,11.44854598817438
2021-03-31,11.455410295879204
2021-04-01,11.434049975557102
2021-04-02,11.428159819547883
2021-04-06,11.442197893844304
2021-04-07,11.463040887213584
2021-04-08,11.44327283102229
2021-04-09,11.431999294351328
2021-04-12,11.371244916739686
2021-04-13,11.344567085419573
2021-04-14,11.3478714883618
2021-04-15,11.329058482522395
2021-04-16,11.357366593056797
2021-04-19,11.386348255149237
2021-04-20,11.38292584608714
2021-04-21,11.368568539995616
2021-04-22,11.39912867935686
2021-04-23,11.395803586822666
2021-04-26,11.374940382693865
2021-04-27,11.341651581584571
2021-04-28,11.330350067672596
2021-04-29,11.343676457280425
2021-04-30,11.303298619665876
2021-05-06,11.290720724481327
2021-05-07,11.292575775410429
2021-05-10,11.314646916572489
2021-05-11,11.31984247937101
2021-05-12,11.348742366489368
2021-05-13,11.347983897397128
2021-05-14,11.386238686271804
2021-05-17,11.339692791613384
2021-05-18,11.341133999266829
2021-05-19,11.33851937330231
2021-05-20,11.331887881155716
2021-05-21,11.337619872344609
2021-05-24,11.363249004989937
2021-05-25,11.38451792853359
2021-05-26,11.402833668349704
2021-05-27,11.398496200343953
2021-05-28,11.381811433016685
2021-05-31,11.413933149386827
2021-06-01,11.411450849737943
2021-06-02,11.342139729294022
2021-06-03,11.321021257327061
2021-06-04,11.297695070642384
2021-06-07,11.332504559011678
2021-06-08,11.36060337388887
2021-06-09,11.363163456782857
2021-06-10,11.390092084420942
2021-06-11,11.45685750825767
2021-06-15,11.344272796916538
2021-06-16,11.210588138901576
2021-06-17,11.23092891364636
2021-06-18,11.242955372611346
2021-06-21,11.315514140809906
2021-06-22,11.361983546331135
2021-06-23,11.346915679588891
2021-06-24,11.282648947515952
2021-06-25,11.272088271953319
2021-06-28,11.30452202716105
2021-06-29,11.239705679375634
2021-06-30,11.209269419329559
2021-07-01,11.179858511014103
2021-07-02,11.162719215619363
2021-07-05,11.267351065681225
2021-07-06,11.283762213764923
2021-07-07,11.320649468719477
2021-07-08,11.20224057348479
2021-07-09,11.235813439133556
2021-07-12,11.351479198981917
2021-07-13,11.383567862408395
2021-07-14,11.376308524843099
2021-07-15,11.305635215759105
2021-07-16,11.295313024406331
2021-07-19,11.262882981725207
2021-07-20,11.259363186660108
2021-07-21,11.306488907304628
2021-07-22,11.306524223592804
2021-07-23,11.152961148138866
2021-07-26,11.08163365363192
2021-07-27,10.999223205968137
2021-07-28,10.85439378445069
2021-07-29,10.951258428046557
2021-07-30,11.034474303689187
2021-08-02,11.15819121057483
2021-08-03,11.173472640393872
2021-08-04,11.236177433271786
2021-08-05,11.212557438246767
2021-08-06,11.172048378901401
2021-08-09,11.330025892162418
2021-08-10,11.341367740601601
2021-08-11,11.32344953002799
2021-08-12,11.35138301551866
2021-08-13,11.337510903138309
2021-08-16,11.386986915521152
2021-08-17,11.27999598133951
2021-08-18,11.357563782825347
2021-08-19,11.345559111724924
2021-08-20,11.297367138529367
2021-08-23,11.431553357846086
2021-08-24,11.463406488716481
2021-08-25,11.588697951066353
2021-08-26,11.5152638432568
2021-08-27,11.502491831154801
2021-08-30,11.390446356521101
2021-08-31,11.452197222054698
2021-09-01,11.476398295933512
2021-09-02,11.490465886968083
2021-09-03,11.554324122607433
2021-09-06,11.639722791867847
2021-09-07,11.712989577544018
2021-09-08,11.799829465477819
2021-09-09,11.898884658796971
2021-09-10,11.84266779191855
2021-09-13,11.930499883720273
2021-09-14,11.82667201314922
2021-09-15,11.843922543232692
2021-09-16,11.794085288208208
2021-09-17,11.782239935764533
2021-09-22,11.810001134290568
2021-09-23,11.929058312634096
2021-09-24,11.780878117433089
2021-09-27,11.563382293506665
2021-09-28,11.538777747039669
2021-09-29,11.349685416040325
2021-09-30,11.483088404624791
2021-10-08,11.63600054797219
2021-10-11,11.676144131827382
2021-10-12,11.618751751130338
2021-10-13,11.671513191575068
2021-10-14,11.706199994573055
2021-10-15,11.60139343287657
2021-10-18,11.586222609429337
2021-10-19,11.64923167011035
2021-10-20,11.636512351924896
2021-10-21,11.607275667042172
2021-10-22,11.528575706026482
2021-10-25,11.674636447744119
2021-10-26,11.616829745665365
2021-10-27,11.500666110134084
2021-10-28,11.415585728468587
2021-10-29,11.443631171721364
2021-11-01,11.556168974224589
2021-11-02,11.449348204155399
2021-11-03,11.510595093932652
2021-11-04,11.582911395569655
2021-11-05,11.63826466250235
2021-11-08,11.65003777951945
2021-11-09,11.76877110953265
2021-11-10,11.839085084729522
2021-11-11,11.85008934674542
2021-11-12,11.935537851994564
2021-11-15,12.13994096789935
2021-11-16,12.193545031261037
2021-11-17,12.350905744238036
2021-11-18,12.34912952020723
2021-11-19,12.415701370880722
2021-11-22,12.495905266194448
2021-11-23,12.600493912207307
2021-11-24,12.662139347660077
2021-11-25,12.648334856695305
2021-11-26,12.676078578415874
2021-11-29,12.664784156536102
2021-11-30,12.724536348687195
2021-12-01,12.825687143984455
2021-12-02,12.801816142175712
2021-12-03,12.82193451557879
2021-12-06,12.770520946796017
2021-12-07,12.725153061031046
2021-12-08,12.823503480849268
2021-12-09,12.888408476804713
2021-12-10,12.917872830509243
2021-12-13,12.895337253015489
2021-12-14,12.873585837295739
2021-12-15,12.922819430193659
2021-12-16,13.009524762395053
2021-12-17,12.970774408295762
2021-12-20,12.953176462609964
2021-12-21,13.102557309017367
2021-12-22,13.075895066324867
2021-12-23,12.993668957997231
2021-12-24,12.832086178227867
2021-12-27,12.952367605272372
2021-12-28,13.004663248092507
2021-12-29,13.044890764233706
2021-12-30,13.084618229625216
2021-12-31,13.220357309544996
2022-01-04,13.560635413535504
2022-01-05,13.556270521725063
2022-01-06,13.681382102324552
2022-01-07,13.615265434952258
2022-01-10,13.84045498767868
2022-01-11,13.904774072200434
2022-01-12,13.876229284380942
2022-01-13,13.82926576795301
2022-01-14,13.73279137093587
2022-01-17,13.880192035915654
2022-01-18,13.745613793103823
2022-01-19,13.867627441595223
2022-01-20,13.664143830393419
2022-01-21,13.482779093652374
2022-01-24,13.416339309513884
2022-01-25,12.99337537862123
2022-01-26,13.081811150998563
2022-01-27,12.853793554177019
2022-01-28,12.984468833136631
2022-02-07,13.157851948822005
2022-02-08,13.303398143736178
2022-02-09,13.349298840038085
2022-02-10,13.352382052363355
2022-02-11,13.198749429538095
2022-02-14,13.150583182596872
2022-02-15,13.123367503459765
2022-02-16,13.255821036455949
2022-02-17,13.265175857788895
2022-02-18,13.314195444508366
2022-02-21,13.374417553682296
2022-02-22,13.296331538853117
2022-02-23,13.36986107105669
2022-02-24,13.183687683566376
2022-02-25,13.27107400855997
2022-02-28,13.25911833637048
2022-03-01,13.271612284437337
2022-03-02,13.28783362401472
2022-03-03,13.328359469387843
2022-03-04,13.221105107379078
2022-03-07,13.108319331287422
2022-03-08,12.874155062455577
2022-03-09,12.733582617011509
2022-03-10,12.865503961663135
2022-03-11,12.944643048269233
2022-03-14,12.780803072973836
2022-03-15,12.472746964377823
2022-03-16,12.600849251731038
2022-03-17,12.693667007138961
2022-03-18,12.791686874366244
2022-03-21,12.905303713518471
2022-03-22,12.918225653861978
2022-03-23,12.91199730381756
2022-03-24,12.839108422085136
2022-03-25,12.904688057092226
2022-03-28,12.89932963094115
2022-03-29,12.882855943264989
2022-03-30,13.010852227081344
2022-03-31,13.092416307182665
2022-04-01,13.08184924298349
2022-04-06,13.127490696170119
2022-04-07,13.068869928659108
2022-04-08,13.02819624650855
2022-04-11,12.930247580265814
2022-04-12,12.978140122821845
2022-04-13,12.926446609747497
2022-04-14,12.964713300180751
2022-04-15,12.923591680245917
2022-04-18,12.955673154717502
2022-04-19,12.98447150281347
2022-04-20,12.989682039391528
2022-04-21,12.932714941954638
2022-04-22,12.965559087121315
2022-04-25,12.725488883871389
2022-04-26,12.533492103974204
2022-04-27,12.611797533646941
2022-04-28,12.516056883429005
2022-04-29,12.664720707981127
2022-05-05,12.712282093775169
2022-05-06,12.685387903261867
2022-05-09,12.727732432657902
2022-05-10,12.75852182435556
2022-05-11,12.749172271299603
2022-05-12,12.77509544802008
2022-05-13,12.773461697506951
2022-05-16,12.77522958429468
2022-05-17,12.75152201398773
2022-05-18,12.766377153755577
2022-05-19,12.771363038977308
2022-05-20,12.799991161585128
2022-05-23,12.868408549856387
2022-05-24,12.776763832908935
2022-05-25,12.822640832066966
2022-05-26,12.860011688379215
2022-05-27,12.842796952008854
2022-05-30,12.855287519745787
2022-05-31,12.879875422529272
2022-06-01,12.89644707396169
2022-06-02,12.902315375952389
2022-06-06,12.918022807602217
2022-06-07,12.899098835063937
2022-06-08,12.899589984619812
2022-06-09,12.865220179386347
2022-06-10,12.886006227624673
2022-06-13,12.880973745900034
2022-06-14,12.89370883066002
2022-06-15,12.887134838659925
2022-06-16,12.886986811076037
2022-06-17,12.904885939348242
2022-06-20,12.925589083819892
2022-06-21,12.898487865602206
2022-06-22,12.862975928725957
2022-06-23,12.897780306879419
2022-06-24,12.911714927495108
2022-06-27,12.933952437076607
2022-06-28,12.980019465287624
2022-06-29,12.92524929831415
2022-06-30,12.945992947440406
2022-07-01,13.048141948328164
2022-07-04,13.109625953679243
2022-07-05,13.065881647037832
2022-07-06,12.972586229830101
2022-07-07,12.983682430420608
2022-07-08,12.991448593969674
2022-07-11,12.91027866988514
2022-07-12,12.808464287251113
2022-07-13,12.901643854419872
2022-07-14,12.904135080447283
2022-07-15,12.764784429722079
2022-07-18,13.016686865036917
2022-07-19,13.057493356584219
2022-07-20,13.10868648832046
2022-07-21,13.120386284361574
2022-07-22,13.089570188648311
2022-07-25,13.076973716790349
2022-07-26,13.083347752096039
2022-07-27,13.157315176010059
2022-07-28,13.245249230655363
2022-07-29,13.271797913203311
2022-08-01,13.30166300614115
2022-08-02,13.029417007260793
2022-08-03,13.072080752623812
2022-08-04,13.163188356158114
2022-08-05,13.202554994012997
2022-08-08,13.284947695236644
2022-08-09,13.280243632413521
2022-08-10,13.40563566101303
2022-08-11,13.538339972933729
2022-08-12,13.578559813084095
2022-08-15,13.556764879784755
2022-08-16,13.571111804976045
2022-08-17,13.58655912433392
2022-08-18,13.63080118362792
2022-08-19,13.596157664539193
2022-08-22,13.644946940842747
2022-08-23,13.747927663894968
2022-08-24,13.571619832519398
2022-08-25,13.569548335702867
2022-08-26,13.569969318897863
2022-08-29,13.658477511024136
2022-08-30,13.594412083684372
2022-08-31,13.494755107526183
2022-09-01,13.45214733117001
2022-09-02,13.517812253368318
2022-09-05,13.541994625671343
2022-09-06,13.577932947474823
2022-09-07,13.58259575467687
2022-09-08,13.55750127630161
2022-09-09,13.552684521818037
2022-09-13,13.571120572737774
2022-09-14,13.555943136920721
2022-09-15,13.506626727905063
2022-09-16,13.403873765165716
2022-09-19,13.330152802717455
2022-09-20,13.377514418952495
2022-09-21,13.405720344429964
2022-09-22,13.398997713153882
2022-09-23,13.343707741353507
2022-09-26,13.25105873865151
2022-09-27,13.330993626111967
2022-09-28,13.264681103382104
2022-09-29,13.264453418853499
2022-09-30,13.234283135507905
2022-10-10,13.177619924657876
2022-10-11,13.193092635769537
2022-10-12,13.26864036128544
2022-10-13,13.325242968385744
2022-10-14,13.38717712970875
2022-10-17,13.487434748598401
2022-10-18,13.515152529813783
2022-10-19,13.505420593335742
2022-10-20,13.484490959309097
2022-10-21,13.501094415485193
2022-10-24,13.491170023387392
2022-10-25,13.475227538659711
2022-10-26,13.557841628275318
2022-10-27,13.535499680233396
2022-10-28,13.4169969758209
2022-10-31,13.448899745105601
2022-11-01,13.517960876334445
2022-11-02,13.56812835063833
2022-11-03,13.577096066489126
2022-11-04,13.619892920629253
2022-11-07,13.646582176499361
2022-11-08,13.630447803001415
2022-11-09,13.639480920492927
2022-11-10,13.614139010207273
2022-11-11,13.648129235004077
2022-11-14,13.661126657157766
2022-11-15,13.731788541379467
2022-11-16,13.721311928736522
2022-11-17,13.735096625526275
2022-11-18,13.71613642686859
2022-11-21,13.772043005090664
2022-11-22,13.784618809388476
2022-11-23,13.766616896130424
2022-11-24,13.786720538927382
2022-11-25,13.78948437152344
2022-11-28,13.79177635606475
2022-11-29,13.838456801800238
2022-11-30,13.8422420301763
2022-12-01,13.85018224242008
2022-12-02,13.869367509659677
2022-12-05,13.923112509036203
2022-12-06,13.895502924487744
2022-12-07,13.940963807801088
2022-12-08,13.924503229193
2022-12-09,13.930342501957023
2022-12-12,13.855869613758298
2022-12-13,13.91694621660374
2022-12-14,13.878551107020918
2022-12-15,13.883125156465507
2022-12-16,13.840081348850491
2022-12-19,13.695641768653639
2022-12-20,13.722629238854775
2022-12-21,13.718106586002037
2022-12-22,13.676999260121088
2022-12-23,13.66556001566263
2022-12-26,13.740682227475899
2022-12-27,13.777363496839824
2022-12-28,13.724577316903543
2022-12-29,13.688276310564513
2022-12-30,13.758045107065106
2023-01-03,13.830110822736
2023-01-04,13.880525883366172
2023-01-05,13.92788049301985
2023-01-06,13.90318358622394
2023-01-09,13.909843279583542
2023-01-10,13.890637139237434
2023-01-11,13.85990671116599
2023-01-12,13.883129048110614
2023-01-13,13.879760188352089
2023-01-16,13.927684446404594
2023-01-17,13.926775481463029
2023-01-18,13.928170446660916
2023-01-19,13.954157159053848
2023-01-20,14.000271569410721
2023-01-30,14.049104507031416
2023-01-31,14.14315572519147
2023-02-01,14.225089243073983
2023-02-02,14.225554925078548
2023-02-03,14.193485716170546
2023-02-06,14.206784681629241
2023-02-07,14.258011114954009
2023-02-08,14.251680136577306
2023-02-09,14.332729652056951
2023-02-10,14.357390009064115
2023-02-13,14.478251433632144
2023-02-14,14.598978690662785
2023-02-15,14.585986315508995
2023-02-16,14.385851743383734
2023-02-17,14.423358859847008
2023-02-20,14.524903805999767
2023-02-21,14.54389105751918
2023-02-22,14.576536595731168
2023-02-23,14.593979922644614
2023-02-24,14.597043089733747
2023-02-27,14.562670778154192
2023-02-28,14.660570390842313
2023-03-01,14.756196047484853
2023-03-02,14.73398303228676
2023-03-03,14.769360684321061
2023-03-06,14.779539597082582
2023-03-07,14.658999022112107
2023-03-08,14.673183441713848
2023-03-09,14.6927952879449
2023-03-10,14.527153697458612
2023-03-13,14.502569856411798
2023-03-14,14.347414541964467
2023-03-15,14.502376749387839
2023-03-16,14.379425850511627
2023-03-17,14.331162257868318
2023-03-20,14.339282981277078
2023-03-21,14.444728247279846
2023-03-22,14.50792453895885
2023-03-23,14.499026026688895
2023-03-24,14.467012021552213
2023-03-27,14.468929056575595
2023-03-28,14.453799190244037
2023-03-29,14.393353625452377
2023-03-30,14.390423422288967
2023-03-31,14.488605484074263
2023-04-03,14.504698812753373
2023-04-04,14.313309607831256
2023-04-06,14.245205168132737
2023-04-07,14.299456817981026
2023-04-10,14.169975498431112
2023-04-11,14.156919678289123
2023-04-12,14.20494613080264
2023-04-13,14.157600625289986
2023-04-14,14.2194065105925
2023-04-17,14.343757387072484
2023-04-18,14.341659237215463
2023-04-19,14.293689958985658
2023-04-20,14.187875516647738
2023-04-21,13.921168661526028
2023-04-24,13.823819891128734
2023-04-25,13.6640825828318
2023-04-26,13.780308753215525
2023-04-27,13.78923019849625
2023-04-28,13.98710341276499
2023-05-04,14.058326301547666
2023-05-05,13.950569622292912
2023-05-08,13.918864698595009
2023-05-09,13.777335009166121
2023-05-10,13.74782867397263
2023-05-11,13.828246684744581
2023-05-12,13.730217048161926
2023-05-15,13.819083787413446
2023-05-16,13.755409964816694
2023-05-17,13.842990669574775
2023-05-18,13.878347873721198
2023-05-19,13.949029907152255
2023-05-22,14.097961258350585
2023-05-23,14.0157262877192
2023-05-24,13.95283066954765
2023-05-25,13.909806830186971
2023-05-26,13.955959847872627
2023-05-29,13.899871063235562
2023-05-30,13.89164184133923
2023-05-31,13.806208997014206
2023-06-01,13.810407976118734
2023-06-02,13.948054091076466
2023-06-05,13.919649087012976
2023-06-06,13.72212534211155
2023-06-07,13.686224817603629
2023-06-08,13.696413566326683
2023-06-09,13.65138390837973
2023-06-12,13.704111992021595
2023-06-13,13.685555133547272
2023-06-14,13.643033327302186
2023-06-15,13.692968654064183
2023-06-16,13.79343624857705
2023-06-19,13.695550584735692
2023-06-20,13.641595741544386
2023-06-21,13.600011477665232
2023-06-26,13.452053945562398
2023-06-27,13.723674755160689
2023-06-28,13.814214593540282
2023-06-29,13.901831508356778
2023-06-30,13.999029220343912
2023-07-03,14.027918854826193
2023-07-04,14.05344877551826
2023-07-05,14.044653959050574
2023-07-06,14.028856070596772
2023-07-07,14.043424036723604
2023-07-10,14.066654952399597
2023-07-11,14.113278805662212
2023-07-12,14.093316093530705
2023-07-13,14.150513554937026
2023-07-14,14.136154699592844
2023-07-17,14.127921313479453
2023-07-18,14.177786099257254
2023-07-19,14.17112516491774
2023-07-20,14.135162693623
2023-07-21,14.14289347401656
2023-07-24,14.134727648560752
2023-07-25,14.283265323776313
2023-07-26,14.317129766257203
2023-07-27,14.254771081014793
2023-07-28,14.344153927412865
2023-07-31,14.360484372673918
2023-08-01,14.327633182469349
2023-08-02,14.308390706448733
2023-08-03,14.298705306183972
2023-08-04,14.22444824189715
2023-08-07,14.096913354552541
2023-08-08,14.110912259563019
2023-08-09,14.045052971808529
2023-08-10,14.131627852561365
2023-08-11,14.016516347971958
2023-08-14,14.03407139895465
2023-08-15,13.993053229694741
2023-08-16,13.937555994627067
2023-08-17,13.995955113000583
2023-08-18,13.918963158944463
2023-08-21,13.889309930915617
2023-08-22,13.821945435630521
2023-08-23,13.725515338450894
2023-08-24,13.748942447805302
2023-08-25,13.666043837977455
2023-08-28,13.764724283146665
2023-08-29,13.972687151881354
2023-08-30,14.023152647970864
2023-08-31,13.98629326242082
2023-09-01,14.007384221762408
2023-09-04,14.06808836874519
2023-09-05,14.06726153174223
2023-09-06,14.04064745775136
2023-09-07,13.970191111746988
2023-09-08,13.951496321298464
2023-09-11,13.996799022041765
2023-09-12,13.998099840850182
2023-09-13,13.950420885962192
2023-09-14,13.93149333965247
2023-09-15,13.964268238830085
2023-09-18,14.01908899964081
2023-09-19,13.997967432870785
2023-09-20,13.987901838645662
2023-09-21,13.945545241402025
2023-09-22,13.998448684014994
2023-09-25,14.016480812330485
2023-09-26,13.99848163067488
2023-09-27,14.042558301185101
2023-09-28,14.076984101361361
2023-10-09,14.032979886500552
2023-10-10,14.001052771088487
2023-10-11,14.00264845841433
2023-10-12,14.027510411433004
2023-10-13,13.982380186290408
2023-10-16,13.960830682638068
2023-10-17,13.951483239493074
2023-10-18,13.87865030543947
2023-10-19,13.844128621546451
2023-10-20,13.817126867294103
2023-10-23,13.72537816994667
2023-10-24,13.816168313962486
2023-10-25,13.845266227076527
2023-10-26,13.849351786237495
2023-10-27,13.925472073986269
2023-10-30,13.949446390134248
2023-10-31,13.94485745906744
2023-11-01,13.943464174172878
2023-11-02,13.915411802207405
2023-11-03,13.937055823750356
2023-11-06,13.98544810404993
2023-11-07,13.98009401095418
2023-11-08,13.969860128095686
2023-11-09,13.974474305059628
2023-11-10,13.984882357960743
2023-11-13,13.998255030846822
2023-11-14,13.995300006935224
2023-11-15,14.024039390063269
2023-11-16,13.988737202139717
2023-11-17,14.014124455866101
2023-11-20,14.030669135623892
2023-11-21,14.024345977571059
2023-11-22,13.987655707471683
2023-11-23,14.031398972827008
2023-11-24,14.008481269865797
2023-11-27,14.000943020144403
2023-11-28,14.031764448037054
2023-11-29,14.019554372579886
2023-11-30,14.004469320164707
2023-12-01,13.991447574559954
2023-12-04,13.964234544790983
2023-12-05,13.882462371982893
2023-12-06,13.916639779999665
2023-12-07,13.895847108355072
2023-12-08,13.815444557045797
2023-12-11,13.855533062693604
2023-12-12,13.883018391195188
2023-12-13,13.853611575950115
2023-12-14,13.864670337640995
2023-12-15,13.853814238917849
2023-12-18,13.794024227033704
2023-12-19,13.793061720895858
2023-12-20,13.751490967817478
2023-12-21,13.798799470953226
2023-12-22,13.753517566283948
2023-12-25,13.743454322261023
2023-12-26,13.700170853224279
2023-12-27,13.728263176723303
2023-12-28,13.789704657329864
2023-12-29,13.846559248058176
2024-01-02,13.880952727790623
2024-01-03,13.892249453453443
2024-01-04,13.896248199505157
2024-01-05,13.8563750974911
2024-01-08,13.802687959893785
2024-01-09,13.81754836126238
2024-01-10,13.805055872059105
2024-01-11,13.83269056804874
2024-01-12,13.831546639313693
2024-01-15,13.846625227804376
2024-01-16,13.845747278120818
2024-01-17,13.79099060033315
2024-01-18,13.758992640437356
2024-01-19,13.729722518027272
2024-01-22,13.559866775517039
2024-01-23,13.581121551554046
2024-01-24,13.628990804216667
2024-01-25,13.725937413059643
2024-01-26,13.728078988137064
2024-01-29,13.686784027984581
2024-01-30,13.59760595148681
2024-01-31,13.516581196006571
2024-02-01,13.480255759570245
2024-02-02,13.355947093880983
2024-02-05,13.162305342768178
2024-02-06,13.206723705503094
2024-02-07,13.14320709595194
2024-02-08,13.354927509781698
2024-02-19,13.452764131526482
2024-02-20,13.464057701536577
2024-02-21,13.515421252134384
2024-02-22,13.563429233606175
2024-02-23,13.61385742813353
2024-02-26,13.652830563241817
2024-02-27,13.705881870735588
2024-02-28,13.556100084925674
2024-02-29,13.667800320950917
2024-03-01,13.705014255272577
2024-03-04,13.734919621908057
2024-03-05,13.687069022531778
2024-03-06,13.72801390989579
2024-03-07,13.710327747834766
2024-03-08,13.762404944018636
2024-03-11,13.81406077301148
2024-03-12,13.879293041190847
2024-03-13,13.888444422168037
2024-03-14,13.894206165755413
2024-03-15,13.953263100279276
2024-03-18,14.055171945653262
2024-03-19,14.073031581528477
2024-03-20,14.12259867137715
2024-03-21,14.132501990777168
2024-03-22,14.078270814038902
2024-03-25,14.010096325410332
2024-03-26,14.047718767199544
2024-03-27,13.994633524021667
2024-03-28,14.054331298786662
2024-03-29,14.088851951284541
2024-04-01,14.169847693602263
2024-04-02,14.199698186375183
2024-04-03,14.183400319175194
2024-04-08,14.11796105781305
2024-04-09,14.166846940443408
2024-04-10,14.091781007673967
2024-04-11,14.105877771209055
2024-04-12,14.113755280821144
2024-04-15,14.021182135226141
2024-04-16,13.83487885132774
2024-04-17,14.056320351834996
2024-04-18,14.094188805029912
2024-04-19,14.119601227386402
2024-04-22,14.083931155054307
2024-04-23,14.075131731742415
2024-04-24,14.142503743570686
2024-04-25,14.20298954543004
2024-04-26,14.202227094782998
2024-04-29,14.258361842625959
2024-04-30,14.32332896930721
2024-05-06,14.454329286313408
2024-05-07,14.461743454870271
2024-05-08,14.412394462222778
2024-05-09,14.46262553711464
2024-05-10,14.439870178646887
2024-05-13,14.447830307029541
2024-05-14,14.52135440081869
2024-05-15,14.495730997295919
2024-05-16,14.492229284745534
2024-05-17,14.506496325259056
2024-05-20,14.573278731619897
2024-05-21,14.550149860098054
2024-05-22,14.511846244974155
2024-05-23,14.435550055685393
2024-05-24,14.395622298210457
2024-05-27,14.441648299639356
2024-05-28,14.383086144812047
2024-05-29,14.39283022430933
2024-05-30,14.36107454741805
2024-05-31,14.363640108075092
2024-06-03,14.284676602463186
2024-06-04,14.38543482350537
2024-06-05,14.270669505856096
2024-06-06,14.142193387086936
2024-06-07,14.242374655422765
2024-06-11,14.216953626462518
2024-06-12,14.284089172571322
2024-06-13,14.211500898005301
2024-06-14,14.21770243547427
2024-06-17,14.185719306771814
2024-06-18,14.20288489191538
2024-06-19,14.14454242157623
2024-06-20,14.049174226817284
2024-06-21,14.064223208194589
2024-06-24,13.891922010224025
2024-06-25,13.930284888393315
2024-06-26,14.032196049572999
2024-06-27,13.919503238749753
2024-06-28,13.944115654135734
