date,nav,num_held
2006-01-04,1.0,0
2006-01-05,1.0,0
2006-01-06,1.0,0
2006-01-09,1.0,0
2006-01-10,1.0,0
2006-01-11,1.0,0
2006-01-12,1.0,0
2006-01-13,1.0,0
2006-01-16,1.0,0
2006-01-17,1.0,0
2006-01-18,1.0,0
2006-01-19,1.0,0
2006-01-20,1.0,0
2006-01-23,1.0,0
2006-01-24,1.0,0
2006-01-25,1.0,0
2006-02-06,0.9995036632355648,0
2006-02-07,0.9993927078333068,4
2006-02-08,1.0085484230274753,4
2006-02-09,0.9936635789461725,4
2006-02-10,1.024659920621708,4
2006-02-13,1.0564152850496094,4
2006-02-14,1.0535277484371444,4
2006-02-15,1.0455820356788617,4
2006-02-16,0.9903183093095926,4
2006-02-17,0.971644591892654,4
2006-02-20,0.9677670202356345,4
2006-02-21,0.9887924711101279,4
2006-02-22,0.9871003203284834,4
2006-02-23,0.9784314743939327,4
2006-02-24,0.9883732553331797,4
2006-02-27,0.9849400701587494,4
2006-02-28,0.9800571152202279,4
2006-03-01,0.9927870071876957,4
2006-03-02,0.9632034243634218,6
2006-03-03,0.9599772557910882,6
2006-03-06,0.9463127242889402,6
2006-03-07,0.9133750834951311,6
2006-03-08,0.9073344381821139,6
2006-03-09,0.91276231924995,6
2006-03-10,0.9234954666842643,6
2006-03-13,0.9419798056505477,6
2006-03-14,0.9400556173343434,6
2006-03-15,0.9572540287027691,6
2006-03-16,0.9562751028570022,6
2006-03-17,0.9482499463237221,6
2006-03-20,0.9636695800643835,6
2006-03-21,0.9632332654431416,6
2006-03-22,0.9820102191232611,6
2006-03-23,0.9852849436045332,6
2006-03-24,0.9739063313093453,6
2006-03-27,0.9846465032701462,6
2006-03-28,0.9435058294506092,6
2006-03-29,0.9426919345236715,6
2006-03-30,0.9315097350663051,6
2006-03-31,0.9451493049127764,6
2006-04-03,0.9610668624784713,6
2006-04-04,0.9819063651831689,6
2006-04-05,0.9916765964610751,6
2006-04-06,0.9905772099212331,6
2006-04-07,0.9839283186035965,6
2006-04-10,1.0286724107564735,6
2006-04-11,1.0415088810309332,6
2006-04-12,1.029380308991076,6
2006-04-13,0.9867696981230689,6
2006-04-14,1.0224106272894187,6
2006-04-17,1.0376277871514692,6
2006-04-18,1.0242958372841118,6
2006-04-19,1.0288176262702762,6
2006-04-20,1.0038906861884238,6
2006-04-21,1.0140890391208461,6
2006-04-24,0.9958243969606602,6
2006-04-25,0.985542527770556,6
2006-04-26,0.9995065615895508,6
2006-04-27,0.9951023158777769,6
2006-04-28,1.0031663812127898,6
2006-05-08,1.013396337479545,6
2006-05-09,1.0241063507446482,10
2006-05-10,1.0294699476153182,10
2006-05-11,1.0223171337564376,10
2006-05-12,1.0288675417130069,10
2006-05-15,1.050055559248987,10
2006-05-16,1.0341805718241524,10
2006-05-17,1.0389625729601906,10
2006-05-18,1.0383964652452191,10
2006-05-19,1.0480537028430041,10
2006-05-22,1.0536645986213116,10
2006-05-23,1.0298398681984147,10
2006-05-24,1.0214932019940737,10
2006-05-25,1.0279112941248894,10
2006-05-26,1.0348252620445215,10
2006-05-29,1.0421831735897493,10
2006-05-30,1.0492931185023877,10
2006-05-31,1.0516253292181945,10
2006-06-01,1.0660855434564735,10
2006-06-02,1.0625995934646522,20
2006-06-05,1.0686495777011853,20
2006-06-06,1.06396912097061,20
2006-06-07,1.0403598385221682,20
2006-06-08,1.0417655529540366,20
2006-06-09,1.0343422572669003,20
2006-06-12,1.036543034613925,20
2006-06-13,1.0397632436940045,20
2006-06-14,1.0357409319574158,20
2006-06-15,1.0381337385989773,20
2006-06-16,1.0475288250138937,20
2006-06-19,1.051612221548609,20
2006-06-20,1.0518620886133245,20
2006-06-21,1.0506976287278096,20
2006-06-22,1.047432554778671,20
2006-06-23,1.0495300325023194,20
2006-06-26,1.056009382310159,20
2006-06-27,1.0553669877751488,20
2006-06-28,1.0537373415124096,20
2006-06-29,1.0620079358144052,20
2006-06-30,1.0613386187451486,20
2006-07-03,1.0667661761701892,20
2006-07-04,1.0630429877606613,20
2006-07-05,1.060581224079836,20
2006-07-06,1.0689835663435185,20
2006-07-07,1.0688655699397183,20
2006-07-10,1.0721162613771458,20
2006-07-11,1.0740413852608541,20
2006-07-12,1.0761346077471776,20
2006-07-13,1.0554559604441855,20
2006-07-14,1.0598858121221142,20
2006-07-17,1.0675242900502429,20
2006-07-18,1.0680647239752745,20
2006-07-19,1.0610451869502178,20
2006-07-20,1.0619729376573945,20
2006-07-21,1.063397515308906,20
2006-07-24,1.06065074285781,20
2006-07-25,1.062973443267943,20
2006-07-26,1.0648814797338804,20
2006-07-27,1.0627969516662756,20
2006-07-28,1.0578442590226682,20
2006-07-31,1.0302264294337908,20
2006-08-01,1.0243924928347972,20
2006-08-02,1.0240791111372096,20
2006-08-03,1.0256558242214164,20
2006-08-04,1.011497578802138,20
2006-08-07,0.9985417059693722,20
2006-08-08,1.0085622996984345,20
2006-08-09,1.0048171488377355,20
2006-08-10,1.0144336992220857,20
2006-08-11,1.0164732878250766,20
2006-08-14,1.0054564728921502,20
2006-08-15,1.0117238479533062,20
2006-08-16,1.0212763485032719,20
2006-08-17,1.0171407762574178,20
2006-08-18,1.018579417118082,20
2006-08-21,1.0246215570675892,20
2006-08-22,1.0290602476339623,20
2006-08-23,1.0276558391035389,20
2006-08-24,1.0321533173740114,20
2006-08-25,1.0335105962579876,20
2006-08-28,1.042121015527081,20
2006-08-29,1.0447072291688408,20
2006-08-30,1.0434331188550476,20
2006-08-31,1.0440576286342027,20
2006-09-01,1.0318352274917064,20
2006-09-04,1.0483254538623474,20
2006-09-05,1.04162986264491,20
2006-09-06,1.045431505835537,20
2006-09-07,1.0388954548966167,20
2006-09-08,1.0390564813350385,20
2006-09-11,1.0403293274984393,20
2006-09-12,1.04672592599766,20
2006-09-13,1.036088210524601,20
2006-09-14,1.0299777578345677,20
2006-09-15,1.0383032138081414,20
2006-09-18,1.0471553640180193,20
2006-09-19,1.0529362604648225,20
2006-09-20,1.0542083261706368,20
2006-09-21,1.0610979871709314,20
2006-09-22,1.0544439833280912,20
2006-09-25,1.0511792821377604,20
2006-09-26,1.0436988771087883,20
2006-09-27,1.0475466877845327,20
2006-09-28,1.0577279888358868,20
2006-09-29,1.0650864038352867,20
2006-10-09,1.0793303877252916,20
2006-10-10,1.0934004174237144,20
2006-10-11,1.1009466071628524,20
2006-10-12,1.0872709939616103,20
2006-10-13,1.086564850396989,20
2006-10-16,1.0850765052959888,20
2006-10-17,1.0893065262321198,20
2006-10-18,1.0963855731851333,20
2006-10-19,1.1042259496543736,20
2006-10-20,1.0949392867739571,20
2006-10-23,1.0742938499818249,20
2006-10-24,1.0932054887351506,20
2006-10-25,1.092302018752154,20
2006-10-26,1.0946090452715105,20
2006-10-27,1.083140598681255,20
2006-10-30,1.0924330695018027,20
2006-10-31,1.0983992328205527,20
2006-11-01,1.1063738924182829,20
2006-11-02,1.107153284359847,20
2006-11-03,1.1013248799621558,20
2006-11-06,1.0964983446103926,20
2006-11-07,1.0910492118085824,20
2006-11-08,1.0879514688588092,20
2006-11-09,1.0951615635123315,20
2006-11-10,1.0798575104042483,20
2006-11-13,1.0473502375989796,20
2006-11-14,1.0526171455620958,20
2006-11-15,1.068848989566204,20
2006-11-16,1.0552207544727579,20
2006-11-17,1.0600180350723551,20
2006-11-20,1.051344129560417,20
2006-11-21,1.072186724965066,20
2006-11-22,1.081954879317339,20
2006-11-23,1.0818084153870127,20
2006-11-24,1.0875796181845987,20
2006-11-27,1.1152584245667576,20
2006-11-28,1.1152572699294545,20
2006-11-29,1.133544340520398,20
2006-11-30,1.1522416622375107,20
2006-12-01,1.1662413475361113,20
2006-12-04,1.192284123832752,20
2006-12-05,1.1848277541576122,20
2006-12-06,1.1700545759586796,20
2006-12-07,1.157675337025425,20
2006-12-08,1.1279891018103232,20
2006-12-11,1.1612652459315724,20
2006-12-12,1.1704129094600724,20
2006-12-13,1.169861163064618,20
2006-12-14,1.2021580763448505,20
2006-12-15,1.2213457920946944,20
2006-12-18,1.2469156111600852,20
2006-12-19,1.248304444347435,20
2006-12-20,1.2843858377331385,20
2006-12-21,1.282609261576373,20
2006-12-22,1.267254853950155,20
2006-12-25,1.2784473465337114,20
2006-12-26,1.2740746669674587,20
2006-12-27,1.287571440582752,20
2006-12-28,1.2696179388225677,20
2006-12-29,1.2964686102870842,20
2007-01-04,1.295890232064683,20
2007-01-05,1.3357219174669956,20
2007-01-08,1.3779574720596233,20
2007-01-09,1.39808264762782,20
2007-01-10,1.4310456141993726,20
2007-01-11,1.4202748731730281,20
2007-01-12,1.3869437889247846,20
2007-01-15,1.4592923328732406,20
2007-01-16,1.505862019827817,20
2007-01-17,1.504964447714078,20
2007-01-18,1.5426383821956604,20
2007-01-19,1.587390927400549,20
2007-01-22,1.6466776272580887,20
2007-01-23,1.6286155441489665,20
2007-01-24,1.63592406183077,20
2007-01-25,1.565524889176275,20
2007-01-26,1.5748263810122367,20
2007-01-29,1.6085433701226637,20
2007-01-30,1.6253254005655748,20
2007-01-31,1.5637617423917645,20
2007-02-01,1.5813324022445832,20
2007-02-02,1.5684140010897776,20
2007-02-05,1.568796598397791,20
2007-02-06,1.5901562344089417,20
2007-02-07,1.6068804859462789,20
2007-02-08,1.620504132861942,20
2007-02-09,1.6256006565027332,20
2007-02-12,1.6651318245463134,20
2007-02-13,1.6931283361285803,20
2007-02-14,1.7181433186951571,20
2007-02-15,1.759620360549631,20
2007-02-16,1.7725902043976651,20
2007-02-26,1.7905185412881652,20
2007-02-27,1.6664336083996918,20
2007-02-28,1.6920669815495213,20
2007-03-01,1.646478159976399,20
2007-03-02,1.6630404630823394,20
2007-03-05,1.6622859571302635,20
2007-03-06,1.6735150743759284,20
2007-03-07,1.7043497275390074,20
2007-03-08,1.7235756754125688,20
2007-03-09,1.7138850713624427,20
2007-03-12,1.7146254530107246,20
2007-03-13,1.7219819940810501,20
2007-03-14,1.7072142849790686,20
2007-03-15,1.7215017049647736,20
2007-03-16,1.7145305773044694,20
2007-03-19,1.7250287136484508,20
2007-03-20,1.735167556037359,20
2007-03-21,1.756949070463091,20
2007-03-22,1.7605453649725462,20
2007-03-23,1.7670539978313522,20
2007-03-26,1.7927694206244882,20
2007-03-27,1.799948002381973,20
2007-03-28,1.783731632401009,20
2007-03-29,1.764628838458857,20
2007-03-30,1.7732972867616865,20
2007-04-02,1.7939888957595969,20
2007-04-03,1.8036166301397585,20
2007-04-04,1.825484103268013,20
2007-04-05,1.836071036622802,20
2007-04-06,1.8591846311402203,20
2007-04-09,1.882120909068612,20
2007-04-10,1.9057697035758074,20
2007-04-11,1.921400814450717,20
2007-04-12,1.9446882811243016,20
2007-04-13,1.948232979519548,20
2007-04-16,1.9819628460925531,20
2007-04-17,2.01564121786752,20
2007-04-18,2.040880777509264,20
2007-04-19,1.966208705950987,20
2007-04-20,2.025798542942003,20
2007-04-23,2.053840922681503,20
2007-04-24,2.0605098595430054,20
2007-04-25,2.05911464121181,20
2007-04-26,2.074985978714566,20
2007-04-27,2.050931944169181,20
2007-04-30,2.0456981843941953,20
2007-05-08,2.0833041181977694,20
2007-05-09,2.061785767649323,20
2007-05-10,2.061369199148446,20
2007-05-11,2.0495612589804697,20
2007-05-14,2.0511926956698168,20
2007-05-15,2.034900564067208,20
2007-05-16,2.0680784340021963,20
2007-05-17,2.094605446135107,20
2007-05-18,2.1103124369765958,20
2007-05-21,2.1489864334781226,20
2007-05-22,2.1674136566895776,20
2007-05-23,2.198001333169045,20
2007-05-24,2.1823585160390744,20
2007-05-25,2.202633975710125,20
2007-05-28,2.2490156964867003,20
2007-05-29,2.298369094738264,20
2007-05-30,2.1906169919703187,20
2007-05-31,2.2358432460443454,20
2007-06-01,2.19903834622363,20
2007-06-04,2.0960095982772957,20
2007-06-05,2.1350157149880005,20
2007-06-06,2.2002094659808202,20
2007-06-07,2.2611507212252513,20
2007-06-08,2.284696843845808,20
2007-06-11,2.342541602531566,20
2007-06-12,2.3893092663253666,20
2007-06-13,2.4025591111010036,20
2007-06-14,2.391591488472248,20
2007-06-15,2.403802731965318,20
2007-06-18,2.4464276448943383,20
2007-06-19,2.4532437179519073,20
2007-06-20,2.4048422643731913,20
2007-06-21,2.3927736846449648,20
2007-06-22,2.3290254593768234,20
2007-06-25,2.278050465009124,20
2007-06-26,2.314311528182605,20
2007-06-27,2.3419406053294787,20
2007-06-28,2.269400503634864,20
2007-06-29,2.234585399246146,20
2007-07-02,2.2438963745929916,20
2007-07-03,2.2812159660232694,20
2007-07-04,2.258151455315803,20
2007-07-05,2.1953598572673316,20
2007-07-06,2.2507307763321864,20
2007-07-09,2.284067559676125,20
2007-07-10,2.2496949539701605,20
2007-07-11,2.2555407330583117,20
2007-07-12,2.2663802134642728,20
2007-07-13,2.2646105381487276,20
2007-07-16,2.2377823476541914,20
2007-07-17,2.2519963261109317,20
2007-07-18,2.2500724078482386,20
2007-07-19,2.254454694868779,20
2007-07-20,2.2907877602472815,20
2007-07-23,2.3477899961825246,20
2007-07-24,2.3412453676387774,20
2007-07-25,2.3650111774965037,20
2007-07-26,2.3766705474258387,20
2007-07-27,2.3960673170451363,20
2007-07-30,2.421821392386177,20
2007-07-31,2.4326074062308014,20
2007-08-01,2.3759870837439685,20
2007-08-02,2.422039784576908,20
2007-08-03,2.4459989543438314,20
2007-08-06,2.464966713549383,20
2007-08-07,2.4835758754727015,20
2007-08-08,2.465598749708682,20
2007-08-09,2.470230986885685,20
2007-08-10,2.435120008402362,20
2007-08-13,2.4233063941709045,20
2007-08-14,2.454313221053742,20
2007-08-15,2.450628362226997,20
2007-08-16,2.4461718176826395,20
2007-08-17,2.4268391354852548,20
2007-08-20,2.4932876692387276,20
2007-08-21,2.509046065352792,20
2007-08-22,2.53529135790356,20
2007-08-23,2.554108338767831,20
2007-08-24,2.5662434948503225,20
2007-08-27,2.556237990275172,20
2007-08-28,2.5552762988287863,20
2007-08-29,2.549479567192952,20
2007-08-30,2.570527597782067,20
2007-08-31,2.577999928766399,20
2007-09-03,2.6066898072727382,20
2007-09-04,2.6028878327392952,20
2007-09-05,2.612659905565343,20
2007-09-06,2.6251871094592887,20
2007-09-07,2.5819660532456123,20
2007-09-10,2.602293786162307,20
2007-09-11,2.532998840995394,20
2007-09-12,2.542415832663916,20
2007-09-13,2.5654507356247556,20
2007-09-14,2.5805910192653463,20
2007-09-17,2.600105584692181,20
2007-09-18,2.602481425067268,20
2007-09-19,2.5709937251352835,20
2007-09-20,2.5843061363282205,20
2007-09-21,2.577943895046119,20
2007-09-24,2.582582965307584,20
2007-09-25,2.5681724729513733,20
2007-09-26,2.562907778916196,20
2007-09-27,2.573163459801828,20
2007-09-28,2.6058208443092306,20
2007-10-08,2.6195531728378967,20
2007-10-09,2.619731619761032,20
2007-10-10,2.6191878734713017,20
2007-10-11,2.5896269026438965,20
2007-10-12,2.551829289503904,20
2007-10-15,2.5421047064250293,20
2007-10-16,2.591596978798078,20
2007-10-17,2.588736954322712,20
2007-10-18,2.564188048471792,20
2007-10-19,2.5670890378026394,20
2007-10-22,2.5471211602249397,20
2007-10-23,2.5599073226932143,20
2007-10-24,2.534864991967545,20
2007-10-25,2.454195369620763,20
2007-10-26,2.453131173749342,20
2007-10-29,2.4672734363706126,20
2007-10-30,2.489668759439125,20
2007-10-31,2.5385487382321883,20
2007-11-01,2.5076059113729037,20
2007-11-02,2.4730263604765574,20
2007-11-05,2.5016236831475456,20
2007-11-06,2.533244952942039,20
2007-11-07,2.510354254973382,20
2007-11-08,2.4545815082569744,20
2007-11-09,2.447388313143434,20
2007-11-12,2.4313722947875065,20
2007-11-13,2.4298015675257965,20
2007-11-14,2.4739852758393175,20
2007-11-15,2.442698848213076,20
2007-11-16,2.4504473865043495,20
2007-11-19,2.5002580755344437,20
2007-11-20,2.5264723516659697,20
2007-11-21,2.5258048730231066,20
2007-11-22,2.4844710994134838,20
2007-11-23,2.5025097920907835,20
2007-11-26,2.5010219168009105,20
2007-11-27,2.488535387772829,20
2007-11-28,2.4768470885169473,20
2007-11-29,2.51036344073919,20
2007-11-30,2.49454634403938,20
2007-12-03,2.5078368255476944,20
2007-12-04,2.5198057276708252,20
2007-12-05,2.5384749192591576,20
2007-12-06,2.5374369719388143,20
2007-12-07,2.5543548590984693,20
2007-12-10,2.5964965038129653,20
2007-12-11,2.6070044289772607,20
2007-12-12,2.6308190485822673,20
2007-12-13,2.6060514940081334,20
2007-12-14,2.6252317073384366,20
2007-12-17,2.6399331534679256,20
2007-12-18,2.6256287841884114,20
2007-12-19,2.649313851012494,20
2007-12-20,2.664885116836698,20
2007-12-21,2.6839336023356215,20
2007-12-24,2.7049467386768264,20
2007-12-25,2.7282947330494274,20
2007-12-26,2.7776340110046287,20
2007-12-27,2.7781661129926767,20
2007-12-28,2.7907655493423,20
2008-01-02,2.863941288531685,20
2008-01-03,2.887762667197434,20
2008-01-04,2.8691934623329094,20
2008-01-07,2.8879595895977896,20
2008-01-08,2.8467830279675335,20
2008-01-09,2.887433155893327,20
2008-01-10,2.8805853303889073,20
2008-01-11,2.8946318767389156,20
2008-01-14,2.9234308127618576,20
2008-01-15,2.9724663311551676,20
2008-01-16,2.9730498117653417,20
2008-01-17,2.951097310785482,20
2008-01-18,2.9383017508326756,20
2008-01-21,2.8627841290246625,20
2008-01-22,2.720743769588303,20
2008-01-23,2.8125320904077995,20
2008-01-24,2.8620212673454755,20
2008-01-25,2.8591137861230806,20
2008-01-28,2.7377432206407653,20
2008-01-29,2.757536069551037,20
2008-01-30,2.7755695005836816,20
2008-01-31,2.741553591736427,20
2008-02-01,2.6762490320493564,20
2008-02-04,2.7796248045798313,20
2008-02-05,2.774616788390909,20
2008-02-13,2.7544069566512195,20
2008-02-14,2.780453919911899,20
2008-02-15,2.7815614315383588,20
2008-02-18,2.8364573310339614,20
2008-02-19,2.8580698890045353,20
2008-02-20,2.842352882346437,20
2008-02-21,2.848234821723466,20
2008-02-22,2.805300792793454,20
2008-02-25,2.753590131835041,20
2008-02-26,2.7525333311191837,20
2008-02-27,2.7734231353254954,20
2008-02-28,2.775239253336672,20
2008-02-29,2.7920900438056213,20
2008-03-03,2.832078697856071,20
2008-03-04,2.816612899667266,20
2008-03-05,2.8160433179417104,20
2008-03-06,2.819296699679247,20
2008-03-07,2.7971374471641277,20
2008-03-10,2.7476218861132815,20
2008-03-11,2.751781701929107,20
2008-03-12,2.72628061533962,20
2008-03-13,2.686262495022885,20
2008-03-14,2.681172404593132,20
2008-03-17,2.5989570336921424,20
2008-03-18,2.5163220649307347,20
2008-03-19,2.5680632369357856,20
2008-03-20,2.617122971276161,20
2008-03-21,2.6171386689487424,20
2008-03-24,2.5932111955725925,20
2008-03-25,2.6090418984480235,20
2008-03-26,2.60887585720869,20
2008-03-27,2.5525470474511067,20
2008-03-28,2.5832858353743267,20
2008-03-31,2.559555875501909,20
2008-04-01,2.5037361219391108,20
2008-04-02,2.4634632477820455,20
2008-04-03,2.4765164427672537,20
2008-04-07,2.5124961474977248,20
2008-04-08,2.5225333677893054,20
2008-04-09,2.4933391345452005,20
2008-04-10,2.50161220510687,20
2008-04-11,2.515026333355446,20
2008-04-14,2.47096922314473,20
2008-04-15,2.4842820184677232,20
2008-04-16,2.477243990854131,20
2008-04-17,2.4603865171533155,20
2008-04-18,2.425383350745175,20
2008-04-21,2.415794009048341,20
2008-04-22,2.3993978056441287,20
2008-04-23,2.4304694605644857,20
2008-04-24,2.488488284573804,20
2008-04-25,2.4930692984345537,20
2008-04-28,2.4909953786882246,20
2008-04-29,2.494157309545679,20
2008-04-30,2.5187800227902133,20
2008-05-05,2.5381821185054942,20
2008-05-06,2.535483463139623,20
2008-05-07,2.50958942049574,20
2008-05-08,2.528000805987968,20
2008-05-09,2.5300592673245093,20
2008-05-12,2.5449288648997217,20
2008-05-13,2.5587688506146415,20
2008-05-14,2.570908093220395,20
2008-05-15,2.5641644047406373,20
2008-05-16,2.5562455654542044,20
2008-05-19,2.5584329660360154,20
2008-05-20,2.522785307810814,20
2008-05-21,2.5371974845615965,20
2008-05-22,2.523527133677132,20
2008-05-23,2.5154381847997684,20
2008-05-26,2.4989354403447166,20
2008-05-27,2.5036508905823847,20
2008-05-28,2.5158092176592604,20
2008-05-29,2.5054549907868537,20
2008-05-30,2.5152481325777543,20
2008-06-02,2.5163797423310497,20
2008-06-03,2.5110274291165333,20
2008-06-04,2.5016742665346774,20
2008-06-05,2.4968603318836795,20
2008-06-06,2.4923898691953643,20
2008-06-10,2.4465864398919814,20
2008-06-11,2.4330466801058113,20
2008-06-12,2.420548183822293,20
2008-06-13,2.405148299872492,20
2008-06-16,2.401371312465753,20
2008-06-17,2.38021597186718,20
2008-06-18,2.404664183849267,20
2008-06-19,2.366097551673457,20
2008-06-20,2.374612602409634,20
2008-06-23,2.362984093290077,20
2008-06-24,2.3765167830925695,20
2008-06-25,2.402538326824341,20
2008-06-26,2.408273776305739,20
2008-06-27,2.373805157876541,20
2008-06-30,2.374120836002879,20
2008-07-01,2.362001156576847,20
2008-07-02,2.3669040872512404,17
2008-07-03,2.377622805919276,17
2008-07-04,2.361306074371806,17
2008-07-07,2.3761351239276127,17
2008-07-08,2.3827604940756575,17
2008-07-09,2.3968886798379523,17
2008-07-10,2.3903755641787603,17
2008-07-11,2.3911419790044066,17
2008-07-14,2.396571334184206,17
2008-07-15,2.382812520605271,17
2008-07-16,2.36414646144504,17
2008-07-17,2.359561788139289,17
2008-07-18,2.363448218037701,17
2008-07-21,2.379822991664521,17
2008-07-22,2.3799470200940496,17
2008-07-23,2.368017269224976,17
2008-07-24,2.374066564296677,17
2008-07-25,2.366645722597108,17
2008-07-28,2.372713383468058,17
2008-07-29,2.372948319796471,17
2008-07-30,2.366357744077484,17
2008-07-31,2.3499044507719544,17
2008-08-01,2.3447163467240912,17
2008-08-04,2.3346454551124207,20
2008-08-05,2.31757273179372,20
2008-08-06,2.316648658502748,20
2008-08-07,2.318918655392099,20
2008-08-08,2.2992346478474484,20
2008-08-11,2.273846881759437,20
2008-08-12,2.2780778459071476,20
2008-08-13,2.285074237969369,20
2008-08-14,2.288148085247165,20
2008-08-15,2.2837776658207565,20
2008-08-18,2.254812081187287,20
2008-08-19,2.2535769280782665,20
2008-08-20,2.286075565764244,20
2008-08-21,2.2672829461721045,20
2008-08-22,2.2586220197191134,20
2008-08-25,2.251417702654735,20
2008-08-26,2.233738514419508,20
2008-08-27,2.2239042878596016,20
2008-08-28,2.2237257720301673,20
2008-08-29,2.2334852049952105,20
2008-09-01,2.214400698619765,20
2008-09-02,2.2073590154799407,12
2008-09-03,2.1966405039935326,12
2008-09-04,2.202687270250317,12
2008-09-05,2.1912181728086337,12
2008-09-08,2.1792326016707464,12
2008-09-09,2.1810330760139913,12
2008-09-10,2.1807418722502647,12
2008-09-11,2.1747517051009964,12
2008-09-12,2.174963146874182,12
2008-09-16,2.1707552585715426,12
2008-09-17,2.1683994380127127,12
2008-09-18,2.161095538937642,12
2008-09-19,2.2023834196046397,12
2008-09-22,2.205335261295213,12
2008-09-23,2.1735144022900377,12
2008-09-24,2.1795734793586328,12
2008-09-25,2.190824181615132,12
2008-09-26,2.194789952176947,12
2008-10-06,2.180332826681835,12
2008-10-07,2.180797136370655,20
2008-10-08,2.1724997808101354,20
2008-10-09,2.172519562025425,20
2008-10-10,2.1583159045441804,20
2008-10-13,2.1610149795641367,20
2008-10-14,2.1518779061930724,20
2008-10-15,2.1494816292031644,20
2008-10-16,2.1299540570567874,20
2008-10-17,2.1340427137364633,20
2008-10-20,2.142084979477318,20
2008-10-21,2.142351723422957,20
2008-10-22,2.136295683437886,20
2008-10-23,2.1386169057637554,20
2008-10-24,2.135257154340619,20
2008-10-27,2.111803481356118,20
2008-10-28,2.1180306616726488,20
2008-10-29,2.1072506701403837,20
2008-10-30,2.109146036880815,20
2008-10-31,2.103231567001356,20
2008-11-03,2.090224065847704,20
2008-11-04,2.0895007649909982,6
2008-11-05,2.0952533585017195,6
2008-11-06,2.089191519140213,6
2008-11-07,2.087125174198738,6
2008-11-10,2.1093890262471686,6
2008-11-11,2.1086922581890235,6
2008-11-12,2.110651241709839,6
2008-11-13,2.130953856781701,6
2008-11-14,2.149430652124759,6
2008-11-17,2.1704097973312693,6
2008-11-18,2.1492385974417534,6
2008-11-19,2.1776965113849918,6
2008-11-20,2.17922495116294,6
2008-11-21,2.176314880701479,6
2008-11-24,2.1712249376047765,6
2008-11-25,2.168705414412424,6
2008-11-26,2.1681648244073104,6
2008-11-27,2.180640644332838,6
2008-11-28,2.190486236718919,6
2008-12-01,2.1971442319972505,6
2008-12-02,2.203366096447073,20
2008-12-03,2.2116051782195982,20
2008-12-04,2.2099557490751542,20
2008-12-05,2.2144533656116097,20
2008-12-08,2.2294912759897163,20
2008-12-09,2.22052842028163,20
2008-12-10,2.229559126436156,20
2008-12-11,2.2211285273464307,20
2008-12-12,2.2023208700918846,20
2008-12-15,2.211992621949036,20
2008-12-16,2.221115026305309,20
2008-12-17,2.228139037436588,20
2008-12-18,2.2344249210553633,20
2008-12-19,2.2434171773961786,20
2008-12-22,2.245851541961607,20
2008-12-23,2.2267818411636995,20
2008-12-24,2.221406521370914,20
2008-12-25,2.2228882766141775,20
2008-12-26,2.220973919478441,20
2008-12-29,2.222721601443446,20
2008-12-30,2.2252923704774625,20
2008-12-31,2.224699430756002,20
2009-01-05,2.236545067738562,20
2009-01-06,2.2433054029455044,20
2009-01-07,2.243393455309629,20
2009-01-08,2.237035946714909,20
2009-01-09,2.2554499726632113,20
2009-01-12,2.2600099469475428,20
2009-01-13,2.238741785044316,20
2009-01-14,2.25435066097159,20
2009-01-15,2.253324728613944,20
2009-01-16,2.2517722117491994,20
2009-01-19,2.251661884520213,20
2009-01-20,2.258015000153879,20
2009-01-21,2.255812477367009,20
2009-01-22,2.2628768753285593,20
2009-01-23,2.258992750811589,20
2009-02-02,2.2665865943751875,20
2009-02-03,2.2758547844102535,20
2009-02-04,2.2811343857276367,20
2009-02-05,2.2789569339163402,20
2009-02-06,2.298960705743432,20
2009-02-09,2.3114959912071193,20
2009-02-10,2.3231892051861536,20
2009-02-11,2.315157113060535,20
2009-02-12,2.323712273972862,20
2009-02-13,2.341671997172437,20
2009-02-16,2.3451821592067468,20
2009-02-17,2.3301945211189756,20
2009-02-18,2.307931230765897,20
2009-02-19,2.324540367219883,20
2009-02-20,2.3392755792771247,20
2009-02-23,2.3544882199889487,20
2009-02-24,2.33223207478012,20
2009-02-25,2.343419862503943,20
2009-02-26,2.3060348514916904,20
2009-02-27,2.27402991360551,20
2009-03-02,2.2821037609000454,20
2009-03-03,2.2843980780602706,20
2009-03-04,2.3426266898181964,20
2009-03-05,2.3553144741157097,20
2009-03-06,2.348171001396644,20
2009-03-09,2.3125860444102835,20
2009-03-10,2.3433930473406255,20
2009-03-11,2.3434150334291246,20
2009-03-12,2.347129255248496,20
2009-03-13,2.3600541934729344,20
2009-03-16,2.3802030001258196,20
2009-03-17,2.404515567319401,20
2009-03-18,2.4118885459134223,20
2009-03-19,2.4316589051428315,20
2009-03-20,2.4125902838967592,20
2009-03-23,2.435881860260658,20
2009-03-24,2.454208114979631,20
2009-03-25,2.4273553526910945,20
2009-03-26,2.447733654004191,20
2009-03-27,2.443921507653691,20
2009-03-30,2.46092614275412,20
2009-03-31,2.4754524454201503,20
2009-04-01,2.492284412311888,20
2009-04-02,2.5106041405754045,20
2009-04-03,2.528900781268995,20
2009-04-07,2.5558654432186825,20
2009-04-08,2.5278433649594723,20
2009-04-09,2.564575207955786,20
2009-04-10,2.6005085504705874,20
2009-04-13,2.6349742534833145,20
2009-04-14,2.6997023388094195,20
2009-04-15,2.7301671186085117,20
2009-04-16,2.7195173074883883,20
2009-04-17,2.676399939346339,20
2009-04-20,2.7033247963234848,20
2009-04-21,2.6891366712592886,20
2009-04-22,2.6285074851495316,20
2009-04-23,2.6547378392658865,20
2009-04-24,2.6432131075453285,20
2009-04-27,2.598991191578982,20
2009-04-28,2.605193398485609,20
2009-04-29,2.6199280620471015,20
2009-04-30,2.627773826941218,20
2009-05-04,2.680068025230627,20
2009-05-05,2.691705320877629,20
2009-05-06,2.709258484518838,20
2009-05-07,2.7071308203533606,20
2009-05-08,2.6964230920894274,20
2009-05-11,2.6408979359603375,20
2009-05-12,2.6704790314654994,20
2009-05-13,2.6856573080679267,20
2009-05-14,2.6934723049291858,20
2009-05-15,2.6869927956806023,20
2009-05-18,2.6797545799071183,20
2009-05-19,2.6852579182971663,20
2009-05-20,2.6757097902477254,20
2009-05-21,2.648554579977903,20
2009-05-22,2.654739467297041,20
2009-05-25,2.6519615614825627,20
2009-05-26,2.6747848939565713,20
2009-05-27,2.6695629733301436,20
2009-06-01,2.688660755270885,20
2009-06-02,2.698768835123649,20
2009-06-03,2.7055900124142758,20
2009-06-04,2.696377494877823,20
2009-06-05,2.688787884621204,20
2009-06-08,2.691862830220957,20
2009-06-09,2.698345646870191,20
2009-06-10,2.719351725894071,20
2009-06-11,2.715687004701569,20
2009-06-12,2.694157473331495,20
2009-06-15,2.716796014128114,20
2009-06-16,2.71290243780775,20
2009-06-17,2.7248508788821906,20
2009-06-18,2.7253311639650466,20
2009-06-19,2.7322778234139227,20
2009-06-22,2.7149463948382073,20
2009-06-23,2.7181877262111995,20
2009-06-24,2.7393074462469467,20
2009-06-25,2.7722758373384755,20
2009-06-26,2.7778814328733135,20
2009-06-29,2.7862745981235397,20
2009-06-30,2.7793889137818857,20
2009-07-01,2.7676712135607557,20
2009-07-02,2.771967344272052,20
2009-07-03,2.776421185441904,20
2009-07-06,2.768297712953951,20
2009-07-07,2.840704614483324,20
2009-07-08,2.8788606320105856,20
2009-07-09,2.940510633417526,20
2009-07-10,2.9363692056707946,20
2009-07-13,2.9637189961262527,20
2009-07-14,3.0080893622651357,20
2009-07-15,3.0533729168128874,20
2009-07-16,3.044535250355399,20
2009-07-17,3.070703218447417,20
2009-07-20,3.1052826639249935,20
2009-07-21,3.057084560788874,20
2009-07-22,3.084217815955956,20
2009-07-23,3.0899089191157803,20
2009-07-24,3.0828346052796154,20
2009-07-27,3.110056687007245,20
2009-07-28,3.132434915652434,20
2009-07-29,3.03486949737735,20
2009-07-30,3.0643620734104404,20
2009-07-31,3.1189419214504577,20
2009-08-03,3.16108822838498,20
2009-08-04,3.1676351215579768,20
2009-08-05,3.192909639772362,20
2009-08-06,3.1678129926932317,20
2009-08-07,3.115068622685844,20
2009-08-10,3.1414284038713602,20
2009-08-11,3.1570603672886572,20
2009-08-12,3.0205708116806655,20
2009-08-13,3.025401586965241,20
2009-08-14,2.9287470269221956,20
2009-08-17,2.8137857590599267,20
2009-08-18,2.8556090497634536,20
2009-08-19,2.802634739755039,20
2009-08-20,2.8795153206638466,20
2009-08-21,2.9624770031307732,20
2009-08-24,3.0263663346188596,20
2009-08-25,3.001509820770048,20
2009-08-26,3.0614084823923653,20
2009-08-27,3.079160056643,20
2009-08-28,3.040843715474856,20
2009-08-31,2.912674038131948,20
2009-09-01,2.8850093985277927,20
2009-09-02,2.9180604987450787,20
2009-09-03,2.9954044052239475,20
2009-09-04,3.0288413498815654,20
2009-09-07,3.0622281372146856,20
2009-09-08,3.0727046350763434,20
2009-09-09,3.0883551795583086,20
2009-09-10,3.075674038086872,20
2009-09-11,3.09928390899842,20
2009-09-14,3.1441648309898405,20
2009-09-15,3.1778845061516687,20
2009-09-16,3.1987855709749464,20
2009-09-17,3.263104544727531,20
2009-09-18,3.189203172781107,20
2009-09-21,3.2402891508813436,20
2009-09-22,3.2269268069445554,20
2009-09-23,3.1961619897924405,20
2009-09-24,3.143800385820223,20
2009-09-25,3.1532992129671986,20
2009-09-28,3.112367472105905,20
2009-09-29,3.0632272051754765,20
2009-09-30,3.09031026649279,20
2009-10-09,3.1723484529497408,20
2009-10-12,3.186478169054928,20
2009-10-13,3.198959480464459,20
2009-10-14,3.2054315743660506,20
2009-10-15,3.238596439129835,20
2009-10-16,3.2414611149469024,20
2009-10-19,3.27226580268102,20
2009-10-20,3.299351351589031,20
2009-10-21,3.2745086932189964,20
2009-10-22,3.3011131741154305,20
2009-10-23,3.336885763093568,20
2009-10-26,3.3479312773842516,20
2009-10-27,3.352701019534468,20
2009-10-28,3.3775386002438563,20
2009-10-29,3.3543810647204686,20
2009-10-30,3.3557645109521594,20
2009-11-02,3.4020945650502883,20
2009-11-03,3.4205017895423757,20
2009-11-04,3.455136842411147,20
2009-11-05,3.4661482311599316,20
2009-11-06,3.4817509016398303,20
2009-11-09,3.500432111596626,20
2009-11-10,3.487669871080157,20
2009-11-11,3.495768353005209,20
2009-11-12,3.5089380454165635,20
2009-11-13,3.5406138731000367,20
2009-11-16,3.597558636974636,20
2009-11-17,3.612753983510671,20
2009-11-18,3.6306003590888807,20
2009-11-19,3.6523980627648864,20
2009-11-20,3.6627742030223818,20
2009-11-23,3.6888439031683875,20
2009-11-24,3.564483978097784,20
2009-11-25,3.643466456633856,20
2009-11-26,3.5313079733099886,20
2009-11-27,3.5192021555741966,20
2009-11-30,3.6219542756675507,20
2009-12-01,3.694803541668808,20
2009-12-02,3.745890756070051,20
2009-12-03,3.7604772570481244,20
2009-12-04,3.6781282527791723,20
2009-12-07,3.7427251282334253,20
2009-12-08,3.7532390560504036,20
2009-12-09,3.7356652161817,20
2009-12-10,3.7827667689598985,20
2009-12-11,3.792276021874826,20
2009-12-14,3.7854418570453556,20
2009-12-15,3.7862935925792462,20
2009-12-16,3.749790781645248,20
2009-12-17,3.675317210345151,20
2009-12-18,3.6278079634031895,20
2009-12-21,3.6661654213523502,20
2009-12-22,3.6292723272114973,20
2009-12-23,3.669562841410961,20
2009-12-24,3.7623468597904237,20
2009-12-25,3.7706495484851374,20
2009-12-28,3.8042904414288836,20
2009-12-29,3.840008180615888,20
2009-12-30,3.8130423964206743,20
2009-12-31,3.855336536661085,20
2010-01-04,3.9008636570540447,20
2010-01-05,3.951138362132784,20
2010-01-06,3.9250899926936165,20
2010-01-07,3.9009107641920746,20
2010-01-08,3.9309765103139545,20
2010-01-11,3.9902721908213805,20
2010-01-12,4.062024202477742,20
2010-01-13,4.056117685722051,20
2010-01-14,4.118877289976048,20
2010-01-15,4.157732061627487,20
2010-01-18,4.207066504568215,20
2010-01-19,4.168911807064316,20
2010-01-20,4.028645963531103,20
2010-01-21,4.035550755538504,20
2010-01-22,3.963987402065582,20
2010-01-25,3.938317569245009,20
2010-01-26,3.8495753771756296,20
2010-01-27,3.8564452714966184,20
2010-01-28,3.886871886757437,20
2010-01-29,3.9234958527580233,20
2010-02-01,3.8870838359978315,20
2010-02-02,3.8556861817320205,20
2010-02-03,3.8661328283885594,20
2010-02-04,3.858085043308498,20
2010-02-05,3.7944169249612414,20
2010-02-08,3.7834298617837776,20
2010-02-09,3.8030152236966317,20
2010-02-10,3.858343642214738,20
2010-02-11,3.8582133004291923,20
2010-02-12,3.8964212453686953,20
2010-02-22,3.8912936999185206,20
2010-02-23,3.881072998126145,20
2010-02-24,3.974491174228828,20
2010-02-25,4.014258339230211,20
2010-02-26,4.022343610876049,20
2010-03-01,4.051757491619273,20
2010-03-02,4.040907947215105,20
2010-03-03,4.050169286639627,20
2010-03-04,3.9871185530992657,20
2010-03-05,4.0071903983066255,20
2010-03-08,4.026271425998216,20
2010-03-09,4.017226941236497,20
2010-03-10,3.971721053116741,20
2010-03-11,3.971341835890312,20
2010-03-12,3.942300843140302,20
2010-03-15,3.924950954752032,20
2010-03-16,3.9394414980167705,20
2010-03-17,4.013301725952892,20
2010-03-18,4.018685909334011,20
2010-03-19,4.027181274788902,20
2010-03-22,4.041160812996101,20
2010-03-23,4.075365111803087,20
2010-03-24,4.1139961471579305,20
2010-03-25,4.0871034359181,20
2010-03-26,4.096291656310484,20
2010-03-29,4.093214138127866,20
2010-03-30,4.111967649803109,20
2010-03-31,4.145876655686463,20
2010-04-01,4.190731129542513,20
2010-04-02,4.192123090517059,20
2010-04-06,4.22253285762845,20
2010-04-07,4.2320306345253496,20
2010-04-08,4.232547836039429,20
2010-04-09,4.2856360209135245,20
2010-04-12,4.336486342405202,20
2010-04-13,4.256311911753055,20
2010-04-14,4.282955307711058,20
2010-04-15,4.2469061754478155,20
2010-04-16,4.2611989242070365,20
2010-04-19,4.190603331406791,20
2010-04-20,4.246162801839794,20
2010-04-21,4.320326021875974,20
2010-04-22,4.357782395945287,20
2010-04-23,4.345910521366772,20
2010-04-26,4.3376902429482245,20
2010-04-27,4.256986813941995,20
2010-04-28,4.228001230431295,20
2010-04-29,4.1479193577328966,20
2010-04-30,4.081500099869402,20
2010-05-04,4.098065399256699,20
2010-05-05,4.189944114931306,20
2010-05-06,4.138479061800419,20
2010-05-07,4.092772454463814,20
2010-05-10,4.029355797083383,20
2010-05-11,3.9633363221204556,20
2010-05-12,3.885856253900178,20
2010-05-13,3.978687997254961,20
2010-05-14,3.998232062419066,20
2010-05-17,3.882424188395661,20
2010-05-18,3.913349354997248,20
2010-05-19,3.9191969448754467,20
2010-05-20,3.8959896878277807,20
2010-05-21,3.9472274199587885,20
2010-05-24,4.0372711801765,20
2010-05-25,4.01481823172516,20
2010-05-26,4.006283946844696,20
2010-05-27,4.0443850539133095,20
2010-05-28,4.072282082437236,20
2010-05-31,4.05545362586885,20
2010-06-01,4.034509143221037,20
2010-06-02,4.048833342321504,20
2010-06-03,4.053114038219203,20
2010-06-04,4.067983887028403,20
2010-06-07,4.0768952145081006,20
2010-06-08,4.101334512060264,20
2010-06-09,4.121178571423967,20
2010-06-10,4.128721075355403,20
2010-06-11,4.134168229028898,20
2010-06-17,4.101586118904006,20
2010-06-18,4.049830291201045,20
2010-06-21,4.08138562249994,20
2010-06-22,4.092562622656238,20
2010-06-23,4.093010010299243,20
2010-06-24,4.097114349104584,20
2010-06-25,4.077605115024228,20
2010-06-28,4.057935984633233,20
2010-06-29,4.0078174012684515,20
2010-06-30,4.006349679408835,20
2010-07-01,3.9967019177673655,20
2010-07-02,3.975337876433324,20
2010-07-05,3.9692276785897396,20
2010-07-06,3.997875528989367,20
2010-07-07,4.016320740336294,20
2010-07-08,4.010014232108752,20
2010-07-09,4.032359562752608,20
2010-07-12,4.041420401736559,20
2010-07-13,4.027799725853873,20
2010-07-14,4.036752968481044,20
2010-07-15,4.01716617001801,20
2010-07-16,4.020035896082689,20
2010-07-19,4.041114730153465,20
2010-07-20,4.069461752775688,20
2010-07-21,4.074777537590701,20
2010-07-22,4.084161968028526,20
2010-07-23,4.084535543900931,20
2010-07-26,4.102356890115649,20
2010-07-27,4.1064454777008805,20
2010-07-28,4.123638738407358,20
2010-07-29,4.126118868295975,20
2010-07-30,4.13142858946957,20
2010-08-02,4.142418855459144,20
2010-08-03,4.132203620674429,20
2010-08-04,4.139838757710454,20
2010-08-05,4.145183473226155,20
2010-08-06,4.164914369506059,20
2010-08-09,4.184234330143325,20
2010-08-10,4.155195354582072,20
2010-08-11,4.1703752433721,20
2010-08-12,4.159010094530176,20
2010-08-13,4.177105858589871,20
2010-08-16,4.196072798194558,20
2010-08-17,4.205098226758128,20
2010-08-18,4.200362677665296,20
2010-08-19,4.198570640397698,20
2010-08-20,4.178746439352124,20
2010-08-23,4.190804062880687,20
2010-08-24,4.205650432564732,20
2010-08-25,4.202392200178473,20
2010-08-26,4.210475844080386,20
2010-08-27,4.2203071504899485,20
2010-08-30,4.255640299386886,20
2010-08-31,4.271877751150885,20
2010-09-01,4.233995864258401,20
2010-09-02,4.282784617678016,20
2010-09-03,4.305062563932691,20
2010-09-06,4.277778101594829,20
2010-09-07,4.288126397040032,20
2010-09-08,4.319631882728427,20
2010-09-09,4.302288686240783,20
2010-09-10,4.309445031430807,20
2010-09-13,4.3410287963107566,20
2010-09-14,4.3653717955185005,20
2010-09-15,4.340462942763057,20
2010-09-16,4.276993110222345,20
2010-09-17,4.270530426643213,20
2010-09-20,4.240229503374979,20
2010-09-21,4.23722739545685,20
2010-09-27,4.275590958187532,20
2010-09-28,4.265765445495002,20
2010-09-29,4.247223998912565,20
2010-09-30,4.282050330119919,20
2010-10-08,4.323294916023405,20
2010-10-11,4.285897405498866,20
2010-10-12,4.285713841110857,20
2010-10-13,4.298497881693944,20
2010-10-14,4.213229068049501,20
2010-10-15,4.183967868913684,20
2010-10-18,4.145553204305909,20
2010-10-19,4.242814331325378,20
2010-10-20,4.257683185445123,20
2010-10-21,4.267708471621435,20
2010-10-22,4.319143832520073,20
2010-10-25,4.388856054716923,20
2010-10-26,4.411567528867575,20
2010-10-27,4.4093264740845575,20
2010-10-28,4.445194113273069,20
2010-10-29,4.473009505696435,20
2010-11-01,4.572571857566684,20
2010-11-02,4.462950788062805,18
2010-11-03,4.344258686522686,18
2010-11-04,4.384502067108878,18
2010-11-05,4.4339030329051745,18
2010-11-08,4.51840977653338,18
2010-11-09,4.558666269101003,18
2010-11-10,4.63784730549806,18
2010-11-11,4.6080234039671994,18
2010-11-12,4.430844098769046,18
2010-11-15,4.620146348041811,18
2010-11-16,4.59858096982472,18
2010-11-17,4.4705845991241,18
2010-11-18,4.532942260056781,18
2010-11-19,4.678321767386891,18
2010-11-22,4.729464900403059,18
2010-11-23,4.741035079980592,18
2010-11-24,4.834456254202026,18
2010-11-25,4.779714566705528,18
2010-11-26,4.797863617264995,18
2010-11-29,4.839771724638133,18
2010-11-30,4.705665338269827,18
2010-12-01,4.694831527717404,18
2010-12-02,4.68670117342151,20
2010-12-03,4.650582502966602,20
2010-12-06,4.608724828415581,20
2010-12-07,4.661571498973682,20
2010-12-08,4.663638505318516,20
2010-12-09,4.63657224818933,20
2010-12-10,4.701739119838451,20
2010-12-13,4.81666744646017,20
2010-12-14,4.8361556824317615,20
2010-12-15,4.8092855737961955,20
2010-12-16,4.82101711140759,20
2010-12-17,4.862874978703562,20
2010-12-20,4.825518708785828,20
2010-12-21,4.859910631116705,20
2010-12-22,4.831316232179811,20
2010-12-23,4.762547256487717,20
2010-12-24,4.678986579093632,20
2010-12-27,4.55447797307493,20
2010-12-28,4.4982501945283175,20
2010-12-29,4.5657170486138545,20
2010-12-30,4.576046147990005,20
2010-12-31,4.638750068528987,20
2011-01-04,4.700423889400092,20
2011-01-05,4.7028364621408745,20
2011-01-06,4.660218311790696,20
2011-01-07,4.646706214680187,20
2011-01-10,4.539493393690747,20
2011-01-11,4.480677784550375,20
2011-01-12,4.496256544995065,20
2011-01-13,4.495687168063345,20
2011-01-14,4.416157443710328,20
2011-01-17,4.251617555267096,20
2011-01-18,4.254941464296412,20
2011-01-19,4.321720474864475,20
2011-01-20,4.203898292729136,20
2011-01-21,4.213417356363599,20
2011-01-24,4.1666869050755295,20
2011-01-25,4.128247761823946,20
2011-01-26,4.191309909491753,20
2011-01-27,4.246749025939757,20
2011-01-28,4.294450070172149,20
2011-01-31,4.31209460348497,20
2011-02-01,4.319098544441418,20
2011-02-09,4.282462092362519,19
2011-02-10,4.383850325666008,19
2011-02-11,4.414051248266619,19
2011-02-14,4.450855784453967,19
2011-02-15,4.463415344708588,19
2011-02-16,4.5121862694100425,19
2011-02-17,4.542963716465071,19
2011-02-18,4.495693534131188,19
2011-02-21,4.5407349795896454,19
2011-02-22,4.4822174237686365,19
2011-02-23,4.498807852804863,19
2011-02-24,4.495372758707589,19
2011-02-25,4.494013932904987,19
2011-02-28,4.534951970647366,19
2011-03-01,4.564618782167981,19
2011-03-02,4.558180048885733,20
2011-03-03,4.499428805353659,20
2011-03-04,4.511741316430159,20
2011-03-07,4.52124336808738,20
2011-03-08,4.54227571006814,20
2011-03-09,4.545337064944562,20
2011-03-10,4.541149906947498,20
2011-03-11,4.557875559548705,20
2011-03-14,4.5900991248205925,20
2011-03-15,4.540313807316813,20
2011-03-16,4.573357993840415,20
2011-03-17,4.500212685420368,20
2011-03-18,4.521205759609447,20
2011-03-21,4.485354351658786,20
2011-03-22,4.475448160019796,20
2011-03-23,4.506621971166797,20
2011-03-24,4.490336069595835,20
2011-03-25,4.5029286035921,20
2011-03-28,4.473196765341458,20
2011-03-29,4.3702012026806445,20
2011-03-30,4.36060488546973,20
2011-03-31,4.36026445488837,20
2011-04-01,4.39405975161086,20
2011-04-06,4.382097253163762,20
2011-04-07,4.418240373769738,20
2011-04-08,4.475254356857655,20
2011-04-11,4.424257821285831,20
2011-04-12,4.380557095023007,20
2011-04-13,4.43682449769155,20
2011-04-14,4.416607492344477,20
2011-04-15,4.424564992539746,20
2011-04-18,4.423464637325259,20
2011-04-19,4.395377638237995,20
2011-04-20,4.421027124064104,20
2011-04-21,4.43887257538402,20
2011-04-22,4.425318142030907,20
2011-04-25,4.353852093238471,20
2011-04-26,4.300304861031196,20
2011-04-27,4.243199289360353,20
2011-04-28,4.11904525495088,20
2011-04-29,4.1666741423141955,20
2011-05-03,4.188519190208377,20
2011-05-04,4.131745966859334,20
2011-05-05,4.140873151119134,20
2011-05-06,4.174128887943013,20
2011-05-09,4.199416384202585,20
2011-05-10,4.228571157215369,20
2011-05-11,4.235164308247987,20
2011-05-12,4.199646913461323,20
2011-05-13,4.209633672609085,20
2011-05-16,4.218979019550485,20
2011-05-17,4.21092580870665,20
2011-05-18,4.213610292325911,20
2011-05-19,4.222197480930195,20
2011-05-20,4.219205770103365,20
2011-05-23,4.135335805018052,20
2011-05-24,4.109076584739448,20
2011-05-25,4.070977054725758,20
2011-05-26,4.04555533947902,20
2011-05-27,3.973592163753261,20
2011-05-30,3.9486158315072073,20
2011-05-31,3.9737564034958583,20
2011-06-01,3.9951911715532407,20
2011-06-02,3.9735587783088717,20
2011-06-03,3.9976728303274576,20
2011-06-07,4.007281926669739,20
2011-06-08,4.011107467356591,20
2011-06-09,3.9906361656382576,20
2011-06-10,3.9796313324479136,20
2011-06-13,3.9735968490748945,20
2011-06-14,3.9912920376226433,20
2011-06-15,3.9776742155811964,20
2011-06-16,3.94820593913619,20
2011-06-17,3.929999191755244,20
2011-06-20,3.9137723125365422,20
2011-06-21,3.928987384515914,20
2011-06-22,3.9287960203705854,20
2011-06-23,3.952749841407486,20
2011-06-24,3.988860680290115,20
2011-06-27,4.006796255947207,20
2011-06-28,4.017298978526748,20
2011-06-29,4.0073378551924845,20
2011-06-30,4.020240551948231,20
2011-07-01,4.021446536713748,20
2011-07-04,4.050265823192043,20
2011-07-05,4.053074519965954,20
2011-07-06,4.062495948371102,20
2011-07-07,4.061211558284653,20
2011-07-08,4.059454625118311,20
2011-07-11,4.079634778611104,20
2011-07-12,4.06700013690971,20
2011-07-13,4.091133481533473,20
2011-07-14,4.0968735526873035,20
2011-07-15,4.104125603307125,20
2011-07-18,4.110316820035594,20
2011-07-19,4.0876565721024365,20
2011-07-20,4.089013535725326,20
2011-07-21,4.072706952171662,20
2011-07-22,4.0784797975210685,20
2011-07-25,4.0411269575488475,20
2011-07-26,4.047434860000782,20
2011-07-27,4.0780850816120155,20
2011-07-28,4.086203122574366,20
2011-07-29,4.07766111533869,20
2011-08-01,4.0717943542571,20
2011-08-02,4.058651073038525,20
2011-08-03,4.0714690600102665,20
2011-08-04,4.072422744414152,20
2011-08-05,4.057699357701595,20
2011-08-08,4.008756113574433,20
2011-08-09,4.005736040802158,20
2011-08-10,4.0233240114651725,20
2011-08-11,4.046489432626201,20
2011-08-12,4.0623907798272665,20
2011-08-15,4.071333950712807,20
2011-08-16,4.059220453157541,20
2011-08-17,4.059924196783971,20
2011-08-18,4.036993840004812,20
2011-08-19,4.034265930592186,20
2011-08-22,4.028264183001547,20
2011-08-23,4.047468326965062,20
2011-08-24,4.048092082393692,20
2011-08-25,4.0651168606180486,20
2011-08-26,4.065816428236246,20
2011-08-29,4.0632104411919485,20
2011-08-30,4.049844233353575,20
2011-08-31,4.0418464012578665,20
2011-09-01,4.0323867376676565,20
2011-09-02,4.020133580853104,20
2011-09-05,3.998177460762638,20
2011-09-06,3.9823969317320107,20
2011-09-07,4.004459137768848,20
2011-09-08,3.996339189428426,20
2011-09-09,3.9932166804724534,20
2011-09-13,3.9737858883857977,20
2011-09-14,3.98530289085172,20
2011-09-15,3.9851848878796496,20
2011-09-16,3.9828220858968457,20
2011-09-19,3.9606812542801415,20
2011-09-20,3.9712404739750085,20
2011-09-21,3.9977225442299087,20
2011-09-22,3.973150626600078,20
2011-09-23,3.963519858881553,20
2011-09-26,3.9501257584047575,20
2011-09-27,3.950898064349689,20
2011-09-28,3.938591153022818,20
2011-09-29,3.912143808774992,20
2011-09-30,3.912820570634526,20
2011-10-10,3.903314004365764,20
2011-10-11,3.8988385508303756,20
2011-10-12,3.9253123844565625,20
2011-10-13,3.9368463832452987,20
2011-10-14,3.932154032101683,20
2011-10-17,3.9446068406021753,20
2011-10-18,3.9198555493193252,20
2011-10-19,3.9149580870762617,20
2011-10-20,3.8918517547362232,20
2011-10-21,3.8751045577778074,20
2011-10-24,3.8840715319886825,20
2011-10-25,3.904777295026438,20
2011-10-26,3.9155481566785406,20
2011-10-27,3.9127901222332846,20
2011-10-28,3.924245512061103,20
2011-10-31,3.932245778753445,20
2011-11-01,3.930760099474261,20
2011-11-02,3.955130999595008,19
2011-11-03,3.9602709019950706,19
2011-11-04,3.958000149594905,19
2011-11-07,3.955704701514052,19
2011-11-08,3.9478015539613076,19
2011-11-09,3.968018765899475,19
2011-11-10,3.9678495497900474,19
2011-11-11,3.968931423154133,19
2011-11-14,3.9885902554460992,19
2011-11-15,3.9957988072095207,19
2011-11-16,3.9759576692063603,19
2011-11-17,3.977559511332782,19
2011-11-18,3.954605217512175,19
2011-11-21,3.9507147410104433,19
2011-11-22,3.9524173258038906,19
2011-11-23,3.952751226665922,19
2011-11-24,3.951897148581564,19
2011-11-25,3.9487272828611673,19
2011-11-28,3.9517016896556547,19
2011-11-29,3.970723573817716,19
2011-11-30,3.9414336421317673,19
2011-12-01,3.955093952264286,19
2011-12-02,3.933502523546012,19
2011-12-05,3.909656005047471,19
2011-12-06,3.9124024878224173,19
2011-12-07,3.9131274399071527,19
2011-12-08,3.917132506424396,19
2011-12-09,3.9054975260197513,19
2011-12-12,3.893256937333769,19
2011-12-13,3.8675350199222613,19
2011-12-14,3.856936876290373,19
2011-12-15,3.847374136129442,19
2011-12-16,3.8725792546396547,19
2011-12-19,3.871357360217412,19
2011-12-20,3.8669995048523647,19
2011-12-21,3.851226891460819,19
2011-12-22,3.8326159596555436,19
2011-12-23,3.834348242352067,19
2011-12-26,3.8274741652315174,19
2011-12-27,3.8034405570790466,19
2011-12-28,3.794460045660535,19
2011-12-29,3.79207284517247,19
2011-12-30,3.80471743892904,19
2012-01-04,3.77862089829225,19
2012-01-05,3.742740447962629,20
2012-01-06,3.745335354190503,20
2012-01-09,3.7714133322622407,20
2012-01-10,3.7975608952375812,20
2012-01-11,3.804403716412295,20
2012-01-12,3.79963909093878,20
2012-01-13,3.760395928911982,20
2012-01-16,3.7258031501877387,20
2012-01-17,3.7591911077557856,20
2012-01-18,3.7292770841218994,20
2012-01-19,3.7252875108258316,20
2012-01-20,3.743011467836902,20
2012-01-30,3.7434323568681025,20
2012-01-31,3.7434158219846525,20
2012-02-01,3.7384107177694172,20
2012-02-02,3.751506832297481,20
2012-02-03,3.7676763948426695,20
2012-02-06,3.7724242186309724,20
2012-02-07,3.759059119212136,20
2012-02-08,3.7770543181818725,20
2012-02-09,3.7817162213782067,20
2012-02-10,3.7817883159442256,20
2012-02-13,3.7937747880499737,20
2012-02-14,3.7936692760645054,20
2012-02-15,3.804077131346048,20
2012-02-16,3.803236147629443,20
2012-02-17,3.795009668634757,20
2012-02-20,3.80181982949056,20
2012-02-21,3.818916688061167,20
2012-02-22,3.841058077301394,20
2012-02-23,3.8494823680608365,20
2012-02-24,3.8548669468864682,20
2012-02-27,3.853597562480946,20
2012-02-28,3.8481427463226114,20
2012-02-29,3.834042414528838,20
2012-03-01,3.835192492216642,20
2012-03-02,3.8499985556681273,20
2012-03-05,3.8509984789098413,20
2012-03-06,3.8375006503172417,20
2012-03-07,3.8328344744037888,20
2012-03-08,3.8443747468127025,20
2012-03-09,3.860233705943183,20
2012-03-12,3.863969241140021,20
2012-03-13,3.8776930934443046,20
2012-03-14,3.8365257517641793,20
2012-03-15,3.8365678595336807,20
2012-03-16,3.8513668262487695,20
2012-03-19,3.859350613958138,20
2012-03-20,3.8345178964804933,20
2012-03-21,3.8359823098921018,20
2012-03-22,3.831512884888323,20
2012-03-23,3.81582477902251,20
2012-03-26,3.810831756834318,20
2012-03-27,3.8077615498616457,20
2012-03-28,3.7657274913714147,20
2012-03-29,3.752928211819444,20
2012-03-30,3.7509578658024307,20
2012-04-05,3.7700138983071714,20
2012-04-06,3.77613950565951,20
2012-04-09,3.7647464604681296,20
2012-04-10,3.7717241549265186,20
2012-04-11,3.773996075795841,20
2012-04-12,3.792788052892241,20
2012-04-13,3.797824069616992,20
2012-04-16,3.7911453767886885,20
2012-04-17,3.791903305053906,20
2012-04-18,3.8041159881791264,20
2012-04-19,3.8072258227967843,20
2012-04-20,3.814306827863131,20
2012-04-23,3.7872437694310355,20
2012-04-24,3.7748119278877916,20
2012-04-25,3.78227074125482,20
2012-04-26,3.779053427298434,20
2012-04-27,3.7804781751504657,20
2012-05-02,3.796549120672336,20
2012-05-03,3.8050028612605438,20
2012-05-04,3.8231326614655727,20
2012-05-07,3.8441842216013753,20
2012-05-08,3.845209551375264,20
2012-05-09,3.8291277055352,20
2012-05-10,3.8309993829640807,20
2012-05-11,3.8270224999004165,20
2012-05-14,3.829714651413083,20
2012-05-15,3.827012065039271,20
2012-05-16,3.8066749508534317,20
2012-05-17,3.820167698088438,20
2012-05-18,3.7987542461826505,20
2012-05-21,3.7970975908985296,20
2012-05-22,3.811474317039813,20
2012-05-23,3.8104009884475403,20
2012-05-24,3.813659963420272,20
2012-05-25,3.795910750020021,20
2012-05-28,3.8040639825428424,20
2012-05-29,3.8358244565304678,20
2012-05-30,3.8406512509373694,20
2012-05-31,3.852032791434807,20
2012-06-01,3.86021844075546,20
2012-06-04,3.8240996180730837,20
2012-06-05,3.821167895756738,20
2012-06-06,3.814043067482751,20
2012-06-07,3.8029668831833243,20
2012-06-08,3.796222646182119,20
2012-06-11,3.8297421939398597,20
2012-06-12,3.816260968830218,20
2012-06-13,3.8526014341207184,20
2012-06-14,3.865013967316071,20
2012-06-15,3.857656554917011,20
2012-06-18,3.875160917585127,20
2012-06-19,3.8692428247087998,20
2012-06-20,3.879977459248604,20
2012-06-21,3.8529186904780732,20
2012-06-25,3.810315808013532,20
2012-06-26,3.8135039611712167,20
2012-06-27,3.8116330960535763,20
2012-06-28,3.794574008509903,20
2012-06-29,3.8176459242337524,20
2012-07-02,3.829625034506254,20
2012-07-03,3.8552926522061015,20
2012-07-04,3.8460464845472666,20
2012-07-05,3.8204741097687998,20
2012-07-06,3.833580494830566,20
2012-07-09,3.7965404069228676,20
2012-07-10,3.7689742336069196,20
2012-07-11,3.766019004082016,20
2012-07-12,3.7858528343125872,20
2012-07-13,3.766227537098046,20
2012-07-16,3.706881870550591,20
2012-07-17,3.7112840242016056,20
2012-07-18,3.718371660309572,20
2012-07-19,3.7334501673776788,20
2012-07-20,3.7278395243201596,20
2012-07-23,3.7130417493448085,20
2012-07-24,3.721282541137183,20
2012-07-25,3.7237498184042597,20
2012-07-26,3.7148841114611977,20
2012-07-27,3.7052959187650547,20
2012-07-30,3.6877186059548235,20
2012-07-31,3.6600615600565183,20
2012-08-01,3.674737591048497,20
2012-08-02,3.663780550032259,20
2012-08-03,3.689084223967715,20
2012-08-06,3.7153232822189963,20
2012-08-07,3.7345831646518084,20
2012-08-08,3.7297114033568994,20
2012-08-09,3.748018009375576,20
2012-08-10,3.743353053504995,20
2012-08-13,3.7201174896295406,20
2012-08-14,3.731316997923594,20
2012-08-15,3.7204124248129027,20
2012-08-16,3.719315165858307,20
2012-08-17,3.7183133983917243,20
2012-08-20,3.731499456310058,20
2012-08-21,3.750971094716332,20
2012-08-22,3.7421415237243605,20
2012-08-23,3.771666436688298,20
2012-08-24,3.746838917263019,20
2012-08-27,3.7237265231772,20
2012-08-28,3.7372741953097863,20
2012-08-29,3.7342311236730974,20
2012-08-30,3.7034493804248316,20
2012-08-31,3.7091900551701245,20
2012-09-03,3.729219668807905,20
2012-09-04,3.7273432697714335,20
2012-09-05,3.7462436641870815,20
2012-09-06,3.752730349850719,20
2012-09-07,3.7783750757853785,20
2012-09-10,3.7867893177708667,20
2012-09-11,3.7787823413590362,20
2012-09-12,3.78477434253252,20
2012-09-13,3.766464528209122,20
2012-09-14,3.759669158744281,20
2012-09-17,3.7225814929853094,20
2012-09-18,3.731170770035374,20
2012-09-19,3.741310925336607,20
2012-09-20,3.713062620002551,20
2012-09-21,3.6993285431605853,20
2012-09-24,3.7103614963933933,20
2012-09-25,3.702789360448316,20
2012-09-26,3.6769954117076376,20
2012-09-27,3.702821481746834,20
2012-09-28,3.7260760571616576,20
2012-10-08,3.7301242570692894,20
2012-10-09,3.761788070736211,20
2012-10-10,3.776007486058638,20
2012-10-11,3.7488948899700434,20
2012-10-12,3.748780316413352,20
2012-10-15,3.725907778094502,20
2012-10-16,3.730462521441478,20
2012-10-17,3.735038512024135,20
2012-10-18,3.751737798676673,20
2012-10-19,3.746443992706925,20
2012-10-22,3.750795813068149,20
2012-10-23,3.7361096225369415,20
2012-10-24,3.733192219579521,20
2012-10-25,3.724528564977562,20
2012-10-26,3.700512853396291,20
2012-10-29,3.6966178319876644,20
2012-10-30,3.6970059561337307,20
2012-10-31,3.7012047087764612,20
2012-11-01,3.713404992726643,20
2012-11-02,3.7165782782142194,20
2012-11-05,3.710715239433856,20
2012-11-06,3.7078945445014977,20
2012-11-07,3.7149774360372656,20
2012-11-08,3.697046255944459,20
2012-11-09,3.697413970883141,20
2012-11-12,3.7060996173198997,20
2012-11-13,3.692072165546479,20
2012-11-14,3.7013117744277313,20
2012-11-15,3.6788796408333737,20
2012-11-16,3.6755828261574943,20
2012-11-19,3.6826580944776417,20
2012-11-20,3.6906783346668885,20
2012-11-21,3.6972418860648477,20
2012-11-22,3.6888454308582226,20
2012-11-23,3.686009867018588,20
2012-11-26,3.67438962302133,20
2012-11-27,3.6383693330380114,20
2012-11-28,3.6181855174111672,20
2012-11-29,3.612304101843382,20
2012-11-30,3.6194472748762827,20
2012-12-03,3.5957343291489297,20
2012-12-04,3.601865125304928,20
2012-12-05,3.6317194156892225,20
2012-12-06,3.6323244794406606,20
2012-12-07,3.651816062341902,20
2012-12-10,3.66983705165304,20
2012-12-11,3.664473035960398,20
2012-12-12,3.664176160765555,20
2012-12-13,3.653804529346019,20
2012-12-14,3.682351846313379,20
2012-12-17,3.6812773514263912,20
2012-12-18,3.6771664729639517,20
2012-12-19,3.6835834967256345,20
2012-12-20,3.692177524315722,20
2012-12-21,3.7084182562874615,20
2012-12-24,3.7155920643512537,20
2012-12-25,3.7376126934952003,20
2012-12-26,3.760405911853831,20
2012-12-27,3.7390142543488127,20
2012-12-28,3.753077100820946,20
2012-12-31,3.766594919560369,20
2013-01-04,3.7408394891598635,20
2013-01-07,3.772347576933492,20
2013-01-08,3.7965316247875043,20
2013-01-09,3.8011821634220815,20
2013-01-10,3.8121657191105776,20
2013-01-11,3.780224923406225,20
2013-01-14,3.84968653397994,20
2013-01-15,3.899774513821774,20
2013-01-16,3.869907758134683,20
2013-01-17,3.843919616522854,20
2013-01-18,3.8637004668307333,20
2013-01-21,3.9012278584580313,20
2013-01-22,3.844173490366512,20
2013-01-23,3.8340242526510013,20
2013-01-24,3.7751101869615478,20
2013-01-25,3.7757283085846667,20
2013-01-28,3.833364485747055,20
2013-01-29,3.8446037816658643,20
2013-01-30,3.835030748822355,20
2013-01-31,3.8006523709847544,20
2013-02-01,3.830144777778081,20
2013-02-04,3.8125088332599337,20
2013-02-05,3.835572863944528,20
2013-02-06,3.845282979361783,20
2013-02-07,3.8665595364927907,20
2013-02-08,3.892686037910654,20
2013-02-18,3.9198364546833613,20
2013-02-19,3.8973877449862373,20
2013-02-20,3.9463555522352003,20
2013-02-21,3.8932230296131074,20
2013-02-22,3.89915316354741,20
2013-02-25,3.9512195255887645,20
2013-02-26,3.93732582982491,20
2013-02-27,3.940017319532661,20
2013-02-28,4.00722569933393,20
2013-03-01,4.059576169314767,20
2013-03-04,3.943634837899515,20
2013-03-05,4.053210479628168,20
2013-03-06,4.099520143006994,20
2013-03-07,4.029173741203849,20
2013-03-08,3.9970483532154097,20
2013-03-11,4.022048716066044,20
2013-03-12,3.909843951511219,20
2013-03-13,3.8931658258050184,20
2013-03-14,3.8874289828440456,20
2013-03-15,3.902313620986413,20
2013-03-18,3.8661833523899833,20
2013-03-19,3.8668978234516898,20
2013-03-20,3.982480583769972,20
2013-03-21,4.024405377052663,20
2013-03-22,4.043439620643144,20
2013-03-25,4.027485638085488,20
2013-03-26,4.005840275734372,20
2013-03-27,4.019136703055302,20
2013-03-28,3.9011846247253144,20
2013-03-29,3.8872055061095647,20
2013-04-01,3.9175328292980374,20
2013-04-02,3.853870047528087,20
2013-04-03,3.8141603213873974,20
2013-04-08,3.797172166278166,20
2013-04-09,3.822375918779385,20
2013-04-10,3.8043739654356403,20
2013-04-11,3.795862699300141,20
2013-04-12,3.784244215706369,20
2013-04-15,3.752072729807945,20
2013-04-16,3.7909167940465944,20
2013-04-17,3.834364737746924,20
2013-04-18,3.8631613839339183,20
2013-04-19,3.9423607684702624,20
2013-04-22,3.9871225671303274,20
2013-04-23,3.910546071117245,20
2013-04-24,4.028888153720456,20
2013-04-25,3.9725757614555914,20
2013-04-26,3.912966253021558,20
2013-05-02,3.9476740445187755,20
2013-05-03,4.005968999981853,20
2013-05-06,4.071227233481263,20
2013-05-07,4.060776440353114,20
2013-05-08,4.105488260107142,20
2013-05-09,4.168469441008167,20
2013-05-10,4.164215291149229,20
2013-05-13,4.188012004509395,20
2013-05-14,4.099293496523025,20
2013-05-15,4.200639726355931,20
2013-05-16,4.190749723961378,20
2013-05-17,4.23409530446972,20
2013-05-20,4.34431986375358,20
2013-05-21,4.409508336137963,20
2013-05-22,4.358674881718976,20
2013-05-23,4.318713195413721,20
2013-05-24,4.386167031570764,20
2013-05-27,4.420577633369766,20
2013-05-28,4.361146426413257,20
2013-05-29,4.39287478844647,20
2013-05-30,4.412711597076123,20
2013-05-31,4.421456460960926,20
2013-06-03,4.359701540724834,20
2013-06-04,4.242162743949177,20
2013-06-05,4.23347448174093,20
2013-06-06,4.182199840005144,20
2013-06-07,4.125181188175993,20
2013-06-13,4.0285524270863915,20
2013-06-14,4.10674378927524,20
2013-06-17,4.13494917355648,20
2013-06-18,4.146269399880495,20
2013-06-19,4.119426577742938,20
2013-06-20,3.9974315541332377,20
2013-06-21,3.9670701772875505,20
2013-06-24,3.758277293689562,20
2013-06-25,3.752966149328111,20
2013-06-26,3.8242060050943145,20
2013-06-27,3.742710254446099,20
2013-06-28,3.725599929076273,20
2013-07-01,3.781173098501581,20
2013-07-02,3.811041285027714,20
2013-07-03,3.810548656707498,20
2013-07-04,3.8154153327218894,20
2013-07-05,3.793086632321226,20
2013-07-08,3.711660830820803,20
2013-07-09,3.7216314795883165,20
2013-07-10,3.764061009638202,20
2013-07-11,3.819108707713837,20
2013-07-12,3.8282073174052584,20
2013-07-15,3.883440954471731,20
2013-07-16,3.9163935375553836,20
2013-07-17,3.9020870286782796,20
2013-07-18,3.9036936609078694,20
2013-07-19,3.8739778164502603,20
2013-07-22,3.9153324580546918,20
2013-07-23,3.97575014806341,20
2013-07-24,4.003630730360589,20
2013-07-25,3.9618625383237833,20
2013-07-26,3.967040002648383,20
2013-07-29,3.918405338481693,20
2013-07-30,3.899838723871412,20
2013-07-31,3.911793430879787,20
2013-08-01,4.010777287887842,20
2013-08-02,4.0267858166847885,20
2013-08-05,4.087861004390123,20
2013-08-06,4.113036721322433,20
2013-08-07,4.0703616635181605,20
2013-08-08,4.088358070793363,20
2013-08-09,4.086901682232896,20
2013-08-12,4.104562926216372,20
2013-08-13,4.119494527517957,20
2013-08-14,4.117396366646584,20
2013-08-15,4.074793141130544,20
2013-08-16,4.0142946234402865,20
2013-08-19,4.0754382865613845,20
2013-08-20,4.077303219259313,20
2013-08-21,4.107758308158502,20
2013-08-22,4.125901884177233,20
2013-08-23,4.096609139899191,20
2013-08-26,4.1458097053500556,20
2013-08-27,4.162599498968356,20
2013-08-28,4.116995672984695,20
2013-08-29,4.13403665545683,20
2013-08-30,4.041080013525185,20
2013-09-02,4.075834137425156,20
2013-09-03,4.130073562766733,20
2013-09-04,4.1285055384112335,20
2013-09-05,4.1590050410699995,20
2013-09-06,4.1720513507664565,20
2013-09-09,4.164528180928874,20
2013-09-10,4.148067086552562,20
2013-09-11,4.101721389842954,20
2013-09-12,4.091619521643092,20
2013-09-13,4.1312787145626695,20
2013-09-16,4.169241635148846,20
2013-09-17,4.119043282616448,20
2013-09-18,4.147484194734408,20
2013-09-23,4.211393334256046,20
2013-09-24,4.22559676972886,20
2013-09-25,4.219850908616671,20
2013-09-26,4.198504319298729,20
2013-09-27,4.217930844507616,20
2013-09-30,4.25954980316119,20
2013-10-08,4.332776320929007,20
2013-10-09,4.394926116174588,20
2013-10-10,4.385337723846336,20
2013-10-11,4.445502341839226,20
2013-10-14,4.547689252845949,20
2013-10-15,4.555305812177892,20
2013-10-16,4.483424874071495,20
2013-10-17,4.496161701544346,20
2013-10-18,4.5627161461799295,20
2013-10-21,4.662572158799773,20
2013-10-22,4.6177684024389,20
2013-10-23,4.479310807127861,20
2013-10-24,4.4846958792159075,20
2013-10-25,4.400652020147617,20
2013-10-28,4.395334716104988,20
2013-10-29,4.2857460512919205,20
2013-10-30,4.37983011574105,20
2013-10-31,4.34825578231025,20
2013-11-01,4.314529807303776,20
2013-11-04,4.342445952141895,19
2013-11-05,4.379366712837951,19
2013-11-06,4.347888930369096,19
2013-11-07,4.288595809933212,19
2013-11-08,4.241525834659364,19
2013-11-11,4.31415998616809,19
2013-11-12,4.330228797172853,19
2013-11-13,4.333466546565274,19
2013-11-14,4.449706244095835,19
2013-11-15,4.509786269003744,19
2013-11-18,4.564569190913848,19
2013-11-19,4.564673737105534,19
2013-11-20,4.584802750875661,19
2013-11-21,4.578069096966882,19
2013-11-22,4.580696753321468,19
2013-11-25,4.671772573006426,19
2013-11-26,4.738849908205767,19
2013-11-27,4.791642228260033,19
2013-11-28,4.844211418542748,19
2013-11-29,4.932990967022007,19
2013-12-02,4.59221416317454,19
2013-12-03,4.618455173441657,20
2013-12-04,4.643922432202402,20
2013-12-05,4.6402287024762945,20
2013-12-06,4.6179048723040435,20
2013-12-09,4.716976911656118,20
2013-12-10,4.686247579203346,20
2013-12-11,4.698578671343918,20
2013-12-12,4.751863576695984,20
2013-12-13,4.757303019315027,20
2013-12-16,4.699237831064102,20
2013-12-17,4.641746016861364,20
2013-12-18,4.6312273906696095,20
2013-12-19,4.633856887833765,20
2013-12-20,4.613776662365048,20
2013-12-23,4.61935788014282,20
2013-12-24,4.6624288795098865,20
2013-12-25,4.818223873183726,20
2013-12-26,4.719499274104181,20
2013-12-27,4.811940354327923,20
2013-12-30,4.853478420908711,20
2013-12-31,4.804365464930274,20
2014-01-02,4.871986832620958,20
2014-01-03,4.883763389069798,20
2014-01-06,4.728498816511315,20
2014-01-07,4.807237847840203,20
2014-01-08,4.91378007371393,20
2014-01-09,4.848367278734644,20
2014-01-10,4.8001300011792445,20
2014-01-13,4.797295662604373,20
2014-01-14,4.89767913013913,20
2014-01-15,4.915696541682069,20
2014-01-16,4.927636844332224,20
2014-01-17,4.9016003775140184,20
2014-01-20,4.817018314959298,20
2014-01-21,4.884374646922412,20
2014-01-22,4.928399188810993,20
2014-01-23,4.965610547663077,20
2014-01-24,5.029565641761239,20
2014-01-27,5.035382120423989,20
2014-01-28,5.002105367939532,20
2014-01-29,5.0766289249255045,20
2014-01-30,5.054704756202037,20
2014-02-07,5.123527127769012,20
2014-02-10,5.234874295996263,20
2014-02-11,5.2142511965245175,20
2014-02-12,5.354436320627793,20
2014-02-13,5.257612538215969,20
2014-02-14,5.360798243187182,20
2014-02-17,5.478729354658731,20
2014-02-18,5.485328815588664,20
2014-02-19,5.45388989151815,20
2014-02-20,5.3572416754916805,20
2014-02-21,5.350470565988026,20
2014-02-24,5.388108140336988,20
2014-02-25,5.160922405321645,20
2014-02-26,5.139848076554291,20
2014-02-27,5.0413894231398695,20
2014-02-28,5.093009046862895,20
2014-03-03,5.145191323223101,20
2014-03-04,5.095840759073291,20
2014-03-05,5.136454291468208,20
2014-03-06,5.133430792135504,20
2014-03-07,5.121979613788526,20
2014-03-10,4.969869405109517,20
2014-03-11,4.984710197475689,20
2014-03-12,4.980491567151397,20
2014-03-13,5.045352973097414,20
2014-03-14,5.042901339866847,20
2014-03-17,5.1079886780173815,20
2014-03-18,5.113418561901184,20
2014-03-19,5.090665663824524,20
2014-03-20,4.991079909752807,20
2014-03-21,5.0349955854605275,20
2014-03-24,5.016535622172661,20
2014-03-25,4.994201743951439,20
2014-03-26,5.019705265985889,20
2014-03-27,4.914302074007841,20
2014-03-28,4.810261608270369,20
2014-03-31,4.75038801417558,20
2014-04-01,4.798231185989665,20
2014-04-02,4.787612281393199,20
2014-04-03,4.792918868622677,20
2014-04-04,4.8273716555212784,20
2014-04-08,4.873449839654633,20
2014-04-09,4.913972431729509,20
2014-04-10,4.916524128146934,20
2014-04-11,4.884678654249091,20
2014-04-14,4.908585486449683,20
2014-04-15,4.891462122797512,20
2014-04-16,4.9012307511124735,20
2014-04-17,4.92516849482666,20
2014-04-18,4.933233778750652,20
2014-04-21,4.905764750833777,20
2014-04-22,4.85477153547687,20
2014-04-23,4.8579045043750435,20
2014-04-24,4.853028801999612,20
2014-04-25,4.802654410781509,20
2014-04-28,4.685891867902519,20
2014-04-29,4.72679835055537,20
2014-04-30,4.7666061985848796,20
2014-05-05,4.7956915908054185,20
2014-05-06,4.805859647658387,20
2014-05-07,4.765984560641721,20
2014-05-08,4.756159665436627,20
2014-05-09,4.7185006755572765,20
2014-05-12,4.778913833573437,20
2014-05-13,4.788174047661951,20
2014-05-14,4.797738397934174,20
2014-05-15,4.762066821969598,20
2014-05-16,4.739001407939471,20
2014-05-19,4.734625797086524,20
2014-05-20,4.724650930138442,20
2014-05-21,4.74096746590571,20
2014-05-22,4.742006990904164,20
2014-05-23,4.770959452198973,20
2014-05-26,4.814642916216603,20
2014-05-27,4.80481265777871,20
2014-05-28,4.839492146802348,20
2014-05-29,4.810802124334637,20
2014-05-30,4.81337920734688,20
2014-06-03,4.800537812812999,20
2014-06-04,4.7798428686456145,20
2014-06-05,4.797357940258218,20
2014-06-06,4.7959021785986895,20
2014-06-09,4.782272619703856,20
2014-06-10,4.809386249111553,20
2014-06-11,4.807424562762378,20
2014-06-12,4.8050656835509455,20
2014-06-13,4.841644090282513,20
2014-06-16,4.86007273831062,20
2014-06-17,4.8405679163161395,20
2014-06-18,4.81276546413237,20
2014-06-19,4.747619398909357,20
2014-06-20,4.773462270225673,20
2014-06-23,4.797647464481807,20
2014-06-24,4.809645892512386,20
2014-06-25,4.804945702086717,20
2014-06-26,4.828649318700588,20
2014-06-27,4.840515362184953,20
2014-06-30,4.858971635397572,20
2014-07-01,4.864868452859307,20
2014-07-02,4.866864101019373,20
2014-07-03,4.886345450192638,20
2014-07-04,4.876248402882959,20
2014-07-07,4.876237080148003,20
2014-07-08,4.893418300808247,20
2014-07-09,4.8543633214427215,20
2014-07-10,4.848051628988546,20
2014-07-11,4.870193289093805,20
2014-07-14,4.9136594287387965,20
2014-07-15,4.8967108037306755,20
2014-07-16,4.85777685407147,20
2014-07-17,4.840891244764215,20
2014-07-18,4.847726731673116,20
2014-07-21,4.849798598589841,20
2014-07-22,4.880456798709847,20
2014-07-23,4.841204149734775,20
2014-07-24,4.821328158515567,20
2014-07-25,4.836742953801692,20
2014-07-28,4.875152636736624,20
2014-07-29,4.899407426215106,20
2014-07-30,4.900805630767033,20
2014-07-31,4.931117668493751,20
2014-08-01,4.917641230181922,20
2014-08-04,4.965710637807389,20
2014-08-05,4.973768849768008,20
2014-08-06,5.005777929194999,20
2014-08-07,4.994733490235666,20
2014-08-08,5.022490637806522,20
2014-08-11,5.093291467496666,20
2014-08-12,5.103821105941609,20
2014-08-13,5.087014517013691,20
2014-08-14,5.0867962332180445,20
2014-08-15,5.11927438985982,20
2014-08-18,5.182964974834115,20
2014-08-19,5.175774926468043,20
2014-08-20,5.183774815630507,20
2014-08-21,5.202698858652694,20
2014-08-22,5.223327990560527,20
2014-08-25,5.202141878135518,20
2014-08-26,5.1495013289456715,20
2014-08-27,5.153843785831486,20
2014-08-28,5.121718420854955,20
2014-08-29,5.166847886569968,20
2014-09-01,5.220246994237784,20
2014-09-02,5.269151810413493,20
2014-09-03,5.332943153865487,20
2014-09-04,5.37976628485557,20
2014-09-05,5.38715265698522,20
2014-09-09,5.384258426557059,20
2014-09-10,5.434335933269657,20
2014-09-11,5.451720502687938,20
2014-09-12,5.5079149228596,20
2014-09-15,5.542945084894252,20
2014-09-16,5.378346407108253,20
2014-09-17,5.365546412805045,20
2014-09-18,5.3975485125401885,20
2014-09-19,5.455388364069053,20
2014-09-22,5.421896253299162,20
2014-09-23,5.486459430999391,20
2014-09-24,5.5192652184762485,20
2014-09-25,5.492028693996908,20
2014-09-26,5.4906780875475025,20
2014-09-29,5.539826557235802,20
2014-09-30,5.583645592990538,20
2014-10-08,5.662381683394084,20
2014-10-09,5.680790569482127,19
2014-10-10,5.639041055101506,19
2014-10-13,5.655979524484755,19
2014-10-14,5.666359303939058,19
2014-10-15,5.697197134362908,19
2014-10-16,5.641443241188583,19
2014-10-17,5.592361445043668,19
2014-10-20,5.684572041450524,19
2014-10-21,5.672127741229435,19
2014-10-22,5.628451119571256,19
2014-10-23,5.552812004827673,19
2014-10-24,5.558738848167521,19
2014-10-27,5.632439014093693,19
2014-10-28,5.7316265509033855,19
2014-10-29,5.757786533112638,19
2014-10-30,5.76607588676085,19
2014-10-31,5.721760519022084,19
2014-11-03,5.753756416095953,19
2014-11-04,5.724452362790138,20
2014-11-05,5.703681854999117,20
2014-11-06,5.766974364772792,20
2014-11-07,5.756095524095361,20
2014-11-10,5.799512134778741,20
2014-11-11,5.638607842052959,20
2014-11-12,5.705874816921773,20
2014-11-13,5.596932965709786,20
2014-11-14,5.53883103102142,20
2014-11-17,5.630943126073759,20
2014-11-18,5.672535211988751,20
2014-11-19,5.739749479423851,20
2014-11-20,5.715988435365514,20
2014-11-21,5.764112862713741,20
2014-11-24,5.825263287095337,20
2014-11-25,5.91449932041477,20
2014-11-26,5.983791809242629,20
2014-11-27,6.008245381001952,20
2014-11-28,6.024383953431544,20
2014-12-01,5.997500719469263,20
2014-12-02,6.048254444321436,20
2014-12-03,6.086476403996265,20
2014-12-04,6.1271768640653885,20
2014-12-05,5.937954597399834,20
2014-12-08,5.878695206730433,20
2014-12-09,5.701434363680834,20
2014-12-10,5.912546361586171,20
2014-12-11,6.059913775033376,20
2014-12-12,6.185059304116032,20
2014-12-15,6.312459400203645,20
2014-12-16,6.266127136225121,20
2014-12-17,6.213174528530594,20
2014-12-18,6.181614919128803,20
2014-12-19,6.092447754780357,20
2014-12-22,5.853476968921833,20
2014-12-23,5.834615642426979,20
2014-12-24,6.0037868020389125,20
2014-12-25,6.0911724488805055,20
2014-12-26,6.099468258585779,20
2014-12-29,5.9715094475167065,20
2014-12-30,5.8663352913522875,20
2014-12-31,5.939736244708612,20
2015-01-05,5.941197225854313,20
2015-01-06,6.101959967310066,20
2015-01-07,6.0612385524182715,20
2015-01-08,6.0987599732330064,20
2015-01-09,6.140392954940025,20
2015-01-12,6.1992905930421065,20
2015-01-13,6.3256452685277145,20
2015-01-14,6.267461395774698,20
2015-01-15,6.250135425012691,20
2015-01-16,6.345257056758043,20
2015-01-19,6.220668742703938,20
2015-01-20,6.494307924323238,20
2015-01-21,6.639191514161498,20
2015-01-22,6.708029959088075,20
2015-01-23,6.621522303070921,20
2015-01-26,6.731259172975418,20
2015-01-27,6.802799401254343,20
2015-01-28,6.774403324714538,20
2015-01-29,6.712867604395978,20
2015-01-30,6.673876034255161,20
2015-02-02,6.671493550298369,20
2015-02-03,6.773750045440349,20
2015-02-04,6.785773681593954,20
2015-02-05,6.815984291009781,20
2015-02-06,6.640826926840203,20
2015-02-09,6.58457441422642,20
2015-02-10,6.650565105792561,20
2015-02-11,6.683709772711673,20
2015-02-12,6.722594681879845,20
2015-02-13,6.844847125991474,20
2015-02-16,6.993886329806859,20
2015-02-17,7.028895074812905,20
2015-02-25,6.9740509581430405,20
2015-02-26,6.995859110366184,20
2015-02-27,7.070064815130621,20
2015-03-02,7.177323292974312,20
2015-03-03,7.08334764257904,20
2015-03-04,7.198988547277072,20
2015-03-05,7.246406865105177,20
2015-03-06,7.129102619047578,20
2015-03-09,7.203344337203321,20
2015-03-10,7.25793481306839,20
2015-03-11,7.24147149692584,20
2015-03-12,7.212157296276277,20
2015-03-13,7.319157883460589,20
2015-03-16,7.5142882537535165,20
2015-03-17,7.6231120063057665,20
2015-03-18,7.754069617157456,20
2015-03-19,7.7520221714047555,20
2015-03-20,7.850536841605383,20
2015-03-23,8.098742212277546,20
2015-03-24,8.118354822816974,20
2015-03-25,8.238369473260613,20
2015-03-26,8.049085172610368,20
2015-03-27,8.083797445611884,20
2015-03-30,8.112134810911016,20
2015-03-31,8.222653004476747,20
2015-04-01,8.457825968336168,20
2015-04-02,8.633603311989585,20
2015-04-03,8.793048319203365,20
2015-04-07,8.967937063476164,20
2015-04-08,8.855287683968406,20
2015-04-09,8.77665663454902,20
2015-04-10,9.029619321298247,20
2015-04-13,9.278963271910726,20
2015-04-14,9.262629208092548,20
2015-04-15,8.876978306628894,20
2015-04-16,8.928035694372324,20
2015-04-17,8.87563390456556,20
2015-04-20,8.604274617889525,20
2015-04-21,8.899910460940449,20
2015-04-22,9.098841034470734,20
2015-04-23,9.178434289130916,20
2015-04-24,9.173463070810772,20
2015-04-27,9.160315045218699,20
2015-04-28,8.908137342888677,20
2015-04-29,9.070158311145384,20
2015-04-30,9.051225640264503,20
2015-05-04,9.044754892050786,20
2015-05-05,8.858377235587735,20
2015-05-06,8.790528923023045,20
2015-05-07,8.678867169021654,20
2015-05-08,8.955135536727202,20
2015-05-11,9.219219828106406,20
2015-05-12,9.317289620677922,20
2015-05-13,9.36247391063251,20
2015-05-14,9.449220018191282,20
2015-05-15,9.333960663235112,20
2015-05-18,9.48791435539594,20
2015-05-19,9.643030029353426,20
2015-05-20,9.800318255391128,20
2015-05-21,10.071464088124301,20
2015-05-22,10.130853548072647,20
2015-05-25,10.296818531891438,20
2015-05-26,10.608680847207442,20
2015-05-27,10.754886236700129,20
2015-05-28,10.331241198856763,20
2015-05-29,10.415068824487667,20
2015-06-01,10.715846561391004,20
2015-06-02,10.874945139634297,11
2015-06-03,10.878573266510001,11
2015-06-04,10.933482835415091,11
2015-06-05,11.222309194667684,11
2015-06-08,11.341035366283323,11
2015-06-09,11.269460667774307,11
2015-06-10,11.40186379901501,11
2015-06-11,11.555646536223811,11
2015-06-12,11.704850483389206,11
2015-06-15,11.553535973285966,11
2015-06-16,11.255891046935693,11
2015-06-17,11.436565344151397,11
2015-06-18,11.227480977448918,11
2015-06-19,10.673584440431139,11
2015-06-23,10.772256356199765,11
2015-06-24,10.966168174076465,11
2015-06-25,10.658723214120105,11
2015-06-26,10.046608741297668,11
2015-06-29,9.706007328274195,11
2015-06-30,10.146159224173172,11
2015-07-01,9.890168065146533,11
2015-07-02,9.578629836355606,19
2015-07-03,9.190954027255048,19
2015-07-06,9.14925326656382,19
2015-07-07,8.668379286485912,19
2015-07-08,8.504970217268653,19
2015-07-09,8.975633682024322,19
2015-07-10,9.4721588199297,19
2015-07-13,9.991677814726014,19
2015-07-14,10.068708763532838,19
2015-07-15,9.610927826743769,19
2015-07-16,9.737000009636247,19
2015-07-17,10.114633550880935,19
2015-07-20,10.19880746092984,19
2015-07-21,10.287633907900442,19
2015-07-22,10.327145485055206,19
2015-07-23,10.522064550753111,19
2015-07-24,10.413003879704945,19
2015-07-27,9.871340028018928,19
2015-07-28,9.758603827551399,19
2015-07-29,10.094430751805707,19
2015-07-30,9.903706830219278,19
2015-07-31,9.79630973512974,19
2015-08-03,9.634070000185716,19
2015-08-04,9.920527430994339,20
2015-08-05,9.865311514629198,20
2015-08-06,9.807460310712026,20
2015-08-07,9.963201374027596,20
2015-08-10,10.214436585203288,20
2015-08-11,10.22179323451481,20
2015-08-12,10.143290470419206,20
2015-08-13,10.274583739925516,20
2015-08-14,10.269470698046835,20
2015-08-17,10.341294756310203,20
2015-08-18,9.976344106485548,20
2015-08-19,10.167530294308472,20
2015-08-20,9.958263590205014,20
2015-08-21,9.658365571942836,20
2015-08-24,9.19941182869722,20
2015-08-25,8.790856415555819,20
2015-08-26,8.704324503630113,20
2015-08-27,8.962866880807185,20
2015-08-28,9.254668653913761,20
2015-08-31,9.153778264445174,20
2015-09-01,8.979789411177515,20
2015-09-02,8.939543282315228,20
2015-09-07,8.9749771038355,20
2015-09-08,9.11808973625478,20
2015-09-09,9.203611931669679,20
2015-09-10,9.137837524311625,20
2015-09-11,9.15787074798183,20
2015-09-14,8.951360931979552,20
2015-09-15,8.813202360576447,20
2015-09-16,9.01753234530505,20
2015-09-17,8.970607790762964,20
2015-09-18,9.00712062611115,20
2015-09-21,9.128944500850015,20
2015-09-22,9.15333955695261,20
2015-09-23,9.152328942557114,20
2015-09-24,9.178913502702931,20
2015-09-25,9.074973394565585,20
2015-09-28,9.156927331068063,20
2015-09-29,9.113417511260687,20
2015-09-30,9.135691968110779,20
2015-10-08,9.2350596549275,20
2015-10-09,9.271361183063318,20
2015-10-12,9.37746065426588,20
2015-10-13,9.413194666960472,20
2015-10-14,9.378371499569246,20
2015-10-15,9.445951679913293,20
2015-10-16,9.458785341711119,20
2015-10-19,9.468390536793656,20
2015-10-20,9.520696322769036,20
2015-10-21,9.370379381786103,20
2015-10-22,9.483495494794555,20
2015-10-23,9.570322279968948,20
2015-10-26,9.585982170142708,20
2015-10-27,9.589042206631593,20
2015-10-28,9.530703750810305,20
2015-10-29,9.547423639618307,20
2015-10-30,9.5606743825551,20
2015-11-02,9.51671639435115,20
2015-11-03,9.525279091476484,20
2015-11-04,9.723041783540307,20
2015-11-05,9.686661055063702,20
2015-11-06,9.795326095665034,20
2015-11-09,9.860115718533816,20
2015-11-10,9.831812702212966,20
2015-11-11,9.955572675181676,20
2015-11-12,10.00704117731961,20
2015-11-13,9.892076252647103,20
2015-11-16,9.981334693293514,20
2015-11-17,9.961074585413856,20
2015-11-18,9.861701687291252,20
2015-11-19,9.97422064716072,20
2015-11-20,10.01919988540704,20
2015-11-23,9.978941319725685,20
2015-11-24,10.11005511923212,20
2015-11-25,10.200166811079841,20
2015-11-26,10.165967399326354,20
2015-11-27,9.938805168271683,20
2015-11-30,10.06337704139889,20
2015-12-01,10.061469422099567,20
2015-12-02,10.068446021611656,20
2015-12-03,10.150337131812766,20
2015-12-04,10.107890471270531,20
2015-12-07,10.158105853635634,20
2015-12-08,10.094089653237408,20
2015-12-09,10.062848641371065,20
2015-12-10,10.029066819362251,20
2015-12-11,10.00975628620879,20
2015-12-14,10.092979183585165,20
2015-12-15,10.11359467098746,20
2015-12-16,10.121301092358287,20
2015-12-17,10.206322263215494,20
2015-12-18,10.169189348156326,20
2015-12-21,10.224608252655438,20
2015-12-22,10.249677192169889,20
2015-12-23,10.216741705701182,20
2015-12-24,10.22210479487504,20
2015-12-25,10.246165439217258,20
2015-12-28,10.180178601658966,20
2015-12-29,10.244595920803205,20
2015-12-30,10.276896987549275,20
2015-12-31,10.240853628970589,20
2016-01-04,9.807089587024356,20
2016-01-05,9.77650967355936,20
2016-01-06,9.874999050997253,20
2016-01-07,9.426228773112852,20
2016-01-08,9.491274613180627,20
2016-01-11,9.18541497805559,20
2016-01-12,9.216116956598777,20
2016-01-13,9.099627402249995,20
2016-01-14,9.309239721919683,20
2016-01-15,9.159195616206475,20
2016-01-18,9.221486976269427,20
2016-01-19,9.38314936345958,20
2016-01-20,9.303488246682099,20
2016-01-21,9.094726680957619,20
2016-01-22,9.152903316875307,20
2016-01-25,9.193329364828385,20
2016-01-26,8.823551798080814,20
2016-01-27,8.819030051699793,20
2016-01-28,8.64891894492862,20
2016-01-29,8.823494112204115,20
2016-02-01,8.81548747713409,20
2016-02-02,8.910035377395044,20
2016-02-03,8.915910595269935,20
2016-02-04,8.968323720258676,20
2016-02-05,8.93593106659388,20
2016-02-15,8.933249556865364,20
2016-02-16,9.032525525927406,20
2016-02-17,9.05760338800424,20
2016-02-18,9.050232248662963,20
2016-02-19,9.058813887493256,20
2016-02-22,9.094167078067553,20
2016-02-23,9.07067979764516,20
2016-02-24,9.055287528569565,20
2016-02-25,8.860916688194598,20
2016-02-26,8.848754426216807,20
2016-02-29,8.703832718338232,20
2016-03-01,8.753941309652651,20
2016-03-02,8.861952174384157,20
2016-03-03,8.862264277019742,20
2016-03-04,8.761021480912616,20
2016-03-07,8.818042051516384,20
2016-03-08,8.839552586504645,20
2016-03-09,8.784182745557285,20
2016-03-10,8.751777262380434,20
2016-03-11,8.757592153609849,20
2016-03-14,8.854025651166264,20
2016-03-15,8.844173889139856,20
2016-03-16,8.811771179804799,20
2016-03-17,8.913828626761873,20
2016-03-18,9.009925835091442,20
2016-03-21,9.070743077041012,20
2016-03-22,9.062095055198169,20
2016-03-23,9.105447181632963,20
2016-03-24,9.105135777789673,20
2016-03-25,9.123822486083817,20
2016-03-28,9.095148182000775,20
2016-03-29,9.026554698991594,20
2016-03-30,9.13579140802037,20
2016-03-31,9.167551527798805,20
2016-04-01,9.154133013106108,20
2016-04-05,9.218092960086397,20
2016-04-06,9.249187685951254,20
2016-04-07,9.219140830761319,20
2016-04-08,9.198354494167674,20
2016-04-11,9.287526416280047,20
2016-04-12,9.26565841826123,20
2016-04-13,9.303017252569719,20
2016-04-14,9.329807097131303,20
2016-04-15,9.325814540811354,20
2016-04-18,9.276778252274212,20
2016-04-19,9.29151334999855,20
2016-04-20,9.17447917136223,20
2016-04-21,9.138848037704374,20
2016-04-22,9.16757504426487,20
2016-04-25,9.146750577732957,20
2016-04-26,9.182436365238258,20
2016-04-27,9.174437528846475,20
2016-04-28,9.179151693608144,20
2016-04-29,9.186128577934044,20
2016-05-03,9.280559310194421,20
2016-05-04,9.28047463450245,20
2016-05-05,9.29635908393015,20
2016-05-06,9.15813124715467,20
2016-05-09,9.065321462292985,20
2016-05-10,9.06896655959427,20
2016-05-11,9.076176096651873,20
2016-05-12,9.093890206651329,20
2016-05-13,9.103315153940663,20
2016-05-16,9.165153217569618,20
2016-05-17,9.14368164910057,20
2016-05-18,9.06134181529431,20
2016-05-19,9.063207665091243,20
2016-05-20,9.101347644296638,20
2016-05-23,9.143485426262185,20
2016-05-24,9.10039356942472,20
2016-05-25,9.109712421437676,20
2016-05-26,9.101610727970757,20
2016-05-27,9.110537126188497,20
2016-05-30,9.104539417325563,20
2016-05-31,9.233241882354891,20
2016-06-01,9.239017650290098,20
2016-06-02,9.276587512215015,19
2016-06-03,9.308985278539065,19
2016-06-06,9.34657032096904,19
2016-06-07,9.372045969933072,19
2016-06-08,9.35609373070369,19
2016-06-13,9.200416647755898,19
2016-06-14,9.21782985847989,19
2016-06-15,9.356204860035957,19
2016-06-16,9.344475638017988,19
2016-06-17,9.386132307242816,19
2016-06-20,9.454178418657547,19
2016-06-21,9.400717537329058,19
2016-06-22,9.460879093346803,19
2016-06-23,9.431020622105299,19
2016-06-24,9.415853249681625,19
2016-06-27,9.499207424775417,19
2016-06-28,9.52994973100706,19
2016-06-29,9.535661468105088,19
2016-06-30,9.503654124594485,19
2016-07-01,9.497156354103948,19
2016-07-04,9.605688001239368,20
2016-07-05,9.620018865440203,20
2016-07-06,9.651432973403457,20
2016-07-07,9.655526573176813,20
2016-07-08,9.635063029224124,20
2016-07-11,9.621283530418408,20
2016-07-12,9.689035047543817,20
2016-07-13,9.724618411109402,20
2016-07-14,9.720458904203905,20
2016-07-15,9.707924672037857,20
2016-07-18,9.671235892109678,20
2016-07-19,9.70850865738552,20
2016-07-20,9.709931347089237,20
2016-07-21,9.694079442209409,20
2016-07-22,9.627411260370257,20
2016-07-25,9.631746374690408,20
2016-07-26,9.706845150169846,20
2016-07-27,9.472161413624928,20
2016-07-28,9.49514522321408,20
2016-07-29,9.524581215850942,20
2016-08-01,9.423782151365856,20
2016-08-02,9.469172337463915,20
2016-08-03,9.49617402905546,20
2016-08-04,9.548322712363078,20
2016-08-05,9.480957583381066,20
2016-08-08,9.570801626705174,20
2016-08-09,9.605253636758729,20
2016-08-10,9.57118435407419,20
2016-08-11,9.456633659294704,20
2016-08-12,9.530491569771042,20
2016-08-15,9.709830275298893,20
2016-08-16,9.759559907331344,20
2016-08-17,9.803921358421945,20
2016-08-18,9.765567607589203,20
2016-08-19,9.761020906172877,20
2016-08-22,9.656486148307675,20
2016-08-23,9.675570708929053,20
2016-08-24,9.69043458342584,20
2016-08-25,9.642529148781938,20
2016-08-26,9.654538753636352,20
2016-08-29,9.701221007316974,20
2016-08-30,9.713276672253683,20
2016-08-31,9.700622294297652,20
2016-09-01,9.649876511540638,20
2016-09-02,9.668161841089091,20
2016-09-05,9.684738855810782,20
2016-09-06,9.854939733261066,20
2016-09-07,9.824868493575714,20
2016-09-08,9.886218641662715,20
2016-09-09,9.819045411557925,20
2016-09-12,9.591722360604413,20
2016-09-13,9.639531524713146,20
2016-09-14,9.59745940237194,20
2016-09-19,9.697459210120607,20
2016-09-20,9.679116255726557,20
2016-09-21,9.696460207693733,20
2016-09-22,9.73759593373935,20
2016-09-23,9.711177318632986,20
2016-09-26,9.538569052928626,20
2016-09-27,9.632269057448676,20
2016-09-28,9.67371073243834,20
2016-09-29,9.714954286789867,20
2016-09-30,9.723221273067143,20
2016-10-10,9.86876680163993,20
2016-10-11,9.87196420364614,19
2016-10-12,9.930281606644419,19
2016-10-13,9.919615541917018,19
2016-10-14,9.918984638665666,19
2016-10-17,9.85456669363643,19
2016-10-18,10.048480693992639,19
2016-10-19,10.016566256070702,19
2016-10-20,10.061508862774373,19
2016-10-21,9.96050956428717,19
2016-10-24,10.009985432388577,19
2016-10-25,10.015205636778655,19
2016-10-26,9.942179561099366,19
2016-10-27,9.977235870070809,19
2016-10-28,9.891221738243043,19
2016-10-31,9.942233336380012,19
2016-11-01,10.061900185577114,19
2016-11-02,10.10280391780989,20
2016-11-03,10.13648069109198,20
2016-11-04,10.138949484697925,20
2016-11-07,10.110668053997077,20
2016-11-08,10.144192459435907,20
2016-11-09,10.04273532743121,20
2016-11-10,10.2656140804227,20
2016-11-11,10.340120089642403,20
2016-11-14,10.362125601776206,20
2016-11-15,10.380591280966142,20
2016-11-16,10.395440923743092,20
2016-11-17,10.316258647243053,20
2016-11-18,10.314128186007698,20
2016-11-21,10.364182693792555,20
2016-11-22,10.47259842650073,20
2016-11-23,10.34651645635425,20
2016-11-24,10.245849179187399,20
2016-11-25,10.204022214517703,20
2016-11-28,10.170081977784868,20
2016-11-29,10.114892610573849,20
2016-11-30,10.1402060464978,20
2016-12-01,10.193044686869927,20
2016-12-02,10.016135009453484,20
2016-12-05,10.04230581922266,20
2016-12-06,10.068423495650709,20
2016-12-07,10.17992576572039,20
2016-12-08,10.175409353516098,20
2016-12-09,10.121974699229884,20
2016-12-12,9.579346836287288,20
2016-12-13,9.605132989440763,20
2016-12-14,9.506088834644713,20
2016-12-15,9.585474930775877,20
2016-12-16,9.721840189974309,20
2016-12-19,9.740867233171397,20
2016-12-20,9.68483869685495,20
2016-12-21,9.759524934146711,20
2016-12-22,9.727678482915723,20
2016-12-23,9.590667878130635,20
2016-12-26,9.666524905237932,20
2016-12-27,9.66771339132227,20
2016-12-28,9.651057742548529,20
2016-12-29,9.577150670065203,20
2016-12-30,9.616076466317006,20
2017-01-03,9.649885041089716,20
2017-01-04,9.731335167251004,20
2017-01-05,9.693306788960538,20
2017-01-06,9.659712923958189,20
2017-01-09,9.701137738029283,20
2017-01-10,9.678293853538978,20
2017-01-11,9.587181596550217,20
2017-01-12,9.51527779880435,20
2017-01-13,9.420109363749107,20
2017-01-16,9.18613368261934,20
2017-01-17,9.268120797473664,20
2017-01-18,9.240527393025573,20
2017-01-19,9.206057046899092,20
2017-01-20,9.312162403599888,20
2017-01-23,9.398334862202574,20
2017-01-24,9.378873613007732,20
2017-01-25,9.401256372408197,20
2017-01-26,9.436399949674263,20
2017-02-03,9.41605393792246,20
2017-02-06,9.48907071857127,20
2017-02-07,9.494600805883952,20
2017-02-08,9.538839524604622,20
2017-02-09,9.65902951979493,20
2017-02-10,9.633145154721378,20
2017-02-13,9.706429138264873,20
2017-02-14,9.697288041293891,20
2017-02-15,9.653902795914005,20
2017-02-16,9.707193119777882,20
2017-02-17,9.650590042630505,20
2017-02-20,9.774857212181546,20
2017-02-21,9.85252448932646,20
2017-02-22,9.88634128172997,20
2017-02-23,9.893429485685614,20
2017-02-24,9.901830655333157,20
2017-02-27,9.812823826966174,20
2017-02-28,9.857164683718393,20
2017-03-01,9.924841124968381,20
2017-03-02,9.900797230172438,20
2017-03-03,10.004126318278281,20
2017-03-06,10.097999375337086,20
2017-03-07,10.097845162568772,20
2017-03-08,10.039352060279883,20
2017-03-09,10.035025325169446,20
2017-03-10,10.135490639465232,20
2017-03-13,10.17787025861379,20
2017-03-14,10.157826677159228,20
2017-03-15,10.175162526520571,20
2017-03-16,10.277248762924884,20
2017-03-17,10.204096848007898,20
2017-03-20,10.258498939767975,20
2017-03-21,10.278230295036696,20
2017-03-22,10.258203154708639,20
2017-03-23,10.231138096082322,20
2017-03-24,10.227794775928427,20
2017-03-27,10.249966910249892,20
2017-03-28,10.229056925275472,20
2017-03-29,10.098503958077684,20
2017-03-30,9.9225283208889,20
2017-03-31,10.002907519904943,20
2017-04-05,10.154070046576054,20
2017-04-06,10.206534696936503,20
2017-04-07,10.189098399290907,20
2017-04-10,10.008078980794828,20
2017-04-11,10.0451455344008,20
2017-04-12,10.03315903053493,20
2017-04-13,10.092493692350034,20
2017-04-14,9.994119044818634,20
2017-04-17,9.912229883117627,20
2017-04-18,9.859560451536856,20
2017-04-19,9.846190374670863,20
2017-04-20,9.849503362167466,20
2017-04-21,9.800832505676563,20
2017-04-24,9.594933849715567,20
2017-04-25,9.588577624791156,20
2017-04-26,9.59982259230767,20
2017-04-27,9.617637334662323,20
2017-04-28,9.671016682066941,20
2017-05-02,9.633024811771246,20
2017-05-03,9.632706934129427,20
2017-05-04,9.646837249222884,20
2017-05-05,9.603413795086384,20
2017-05-08,9.532667425999291,20
2017-05-09,9.557923978511264,20
2017-05-10,9.469955313726546,20
2017-05-11,9.456775344437993,20
2017-05-12,9.452013531017506,20
2017-05-15,9.454714457031432,20
2017-05-16,9.55424802572523,20
2017-05-17,9.55185319939115,20
2017-05-18,9.52951465707421,20
2017-05-19,9.507758126579082,20
2017-05-22,9.436934700125297,20
2017-05-23,9.327427619175515,20
2017-05-24,9.343833207143044,20
2017-05-25,9.374877924990127,20
2017-05-26,9.39688137267514,20
2017-05-31,9.402159118156206,20
2017-06-01,9.311580968115836,20
2017-06-02,9.312289587297814,20
2017-06-05,9.354417624798524,20
2017-06-06,9.385956443423881,20
2017-06-07,9.470500104021536,20
2017-06-08,9.476995526407388,20
2017-06-09,9.480355338717127,20
2017-06-12,9.441025277149064,20
2017-06-13,9.495620139532619,20
2017-06-14,9.497788428762329,20
2017-06-15,9.526805379577487,20
2017-06-16,9.525533099130344,20
2017-06-19,9.523917689163579,20
2017-06-20,9.525060185933429,20
2017-06-21,9.541980810803816,20
2017-06-22,9.485959936676705,20
2017-06-23,9.50056684136832,20
2017-06-26,9.5640904320792,20
2017-06-27,9.574876916711343,20
2017-06-28,9.568304259478637,20
2017-06-29,9.581096940646706,20
2017-06-30,9.611193437991428,20
2017-07-03,9.64221876869117,20
2017-07-04,9.610812752075104,20
2017-07-05,9.637058602342123,20
2017-07-06,9.641280261515238,20
2017-07-07,9.660953607846038,20
2017-07-10,9.638133871081154,20
2017-07-11,9.570653728877904,20
2017-07-12,9.60748953533791,20
2017-07-13,9.625977565834148,20
2017-07-14,9.606297609457458,20
2017-07-17,9.450473255865047,20
2017-07-18,9.50554698331115,20
2017-07-19,9.565082896097778,20
2017-07-20,9.582959908452164,20
2017-07-21,9.574637189100656,20
2017-07-24,9.570714756548002,20
2017-07-25,9.56736554069791,20
2017-07-26,9.56085922366037,20
2017-07-27,9.612904496375714,20
2017-07-28,9.632496817800035,20
2017-07-31,9.728863899257473,20
2017-08-01,9.715855097456746,20
2017-08-02,9.689834002953774,20
2017-08-03,9.688340800870622,20
2017-08-04,9.619870697627467,20
2017-08-07,9.6536736048482,20
2017-08-08,9.719112126360248,20
2017-08-09,9.74979776603775,20
2017-08-10,9.69622917929905,20
2017-08-11,9.664169896763214,20
2017-08-14,9.75550444339587,20
2017-08-15,9.758256943700806,20
2017-08-16,9.787152185251681,20
2017-08-17,9.795195880395015,20
2017-08-18,9.790630512710694,20
2017-08-21,9.81700583441652,20
2017-08-22,9.82398564758038,20
2017-08-23,9.790232358293393,20
2017-08-24,9.773588376537434,20
2017-08-25,9.819179625204143,20
2017-08-28,9.892339858789969,20
2017-08-29,9.867266845537271,20
2017-08-30,9.870295081344556,20
2017-08-31,9.95036682616479,20
2017-09-01,9.969240698892687,20
2017-09-04,10.0263397188512,20
2017-09-05,10.071418915995753,20
2017-09-06,10.102076379083918,20
2017-09-07,10.055110148203074,20
2017-09-08,10.121323625568662,20
2017-09-11,10.296116203056723,20
2017-09-12,10.187755862817745,20
2017-09-13,10.248867604499145,20
2017-09-14,10.242587300601285,20
2017-09-15,10.240384423608845,20
2017-09-18,10.273859097742442,20
2017-09-19,10.214092283342422,20
2017-09-20,10.277538422999717,20
2017-09-21,10.210231329703513,20
2017-09-22,10.171405046882448,20
2017-09-25,10.108507238385531,20
2017-09-26,10.106803933067436,20
2017-09-27,10.191064285347036,20
2017-09-28,10.184659603632962,20
2017-09-29,10.290923089824236,20
2017-10-09,10.349853904750553,20
2017-10-10,10.442731872592491,20
2017-10-11,10.407971335378457,20
2017-10-12,10.359099648063983,20
2017-10-13,10.454906649776524,20
2017-10-16,10.309730069782823,20
2017-10-17,10.298288346512537,20
2017-10-18,10.183325705097431,20
2017-10-19,10.144295846085914,20
2017-10-20,10.257395559658484,20
2017-10-23,10.321563360223443,20
2017-10-24,10.29062133221573,20
2017-10-25,10.414246492664967,20
2017-10-26,10.402453781188095,20
2017-10-27,10.36035510904936,20
2017-10-30,10.085865933283864,20
2017-10-31,10.196679160951861,20
2017-11-01,10.226269397470695,20
2017-11-02,10.08796068866629,20
2017-11-03,10.04962407867728,20
2017-11-06,10.12520430098943,20
2017-11-07,10.131789261854575,20
2017-11-08,10.16388816291915,20
2017-11-09,10.213224512021503,20
2017-11-10,10.245199440760477,20
2017-11-13,10.300307320933047,20
2017-11-14,10.195873315592607,20
2017-11-15,10.091094485199811,20
2017-11-16,10.016603385112019,20
2017-11-17,9.636646945952016,20
2017-11-20,9.655654395515498,20
2017-11-21,9.68141857924012,20
2017-11-22,9.657554906229384,20
2017-11-23,9.479298695599805,20
2017-11-24,9.503354540701682,20
2017-11-27,9.336341173200672,20
2017-11-28,9.422604455825361,20
2017-11-29,9.415209922456237,20
2017-11-30,9.381432857097023,20
2017-12-01,9.438819988270593,20
2017-12-04,9.317543951732018,20
2017-12-05,9.186961935977276,20
2017-12-06,9.248176761502927,20
2017-12-07,9.229244644030832,20
2017-12-08,9.308664476851762,20
2017-12-11,9.378550518833121,20
2017-12-12,9.305849544647769,20
2017-12-13,9.332499107896354,20
2017-12-14,9.316628579145094,20
2017-12-15,9.28495637493911,20
2017-12-18,9.24840064240055,20
2017-12-19,9.293220893358754,20
2017-12-20,9.222680032298795,20
2017-12-21,9.228372565826273,20
2017-12-22,9.241129205108823,20
2017-12-25,9.16981278918581,20
2017-12-26,9.203928393843634,20
2017-12-27,9.19560390691115,20
2017-12-28,9.225015518957878,20
2017-12-29,9.282622307374538,20
2018-01-02,9.333388445037821,20
2018-01-03,9.368183527291558,19
2018-01-04,9.35096705863667,19
2018-01-05,9.361296149357658,19
2018-01-08,9.354496087876687,19
2018-01-09,9.362791605686585,19
2018-01-10,9.316300989239537,19
2018-01-11,9.356943149399315,19
2018-01-12,9.346715166776113,19
2018-01-15,9.229438142569458,19
2018-01-16,9.27673667233333,19
2018-01-17,9.293557822480988,19
2018-01-18,9.28406663371916,19
2018-01-19,9.289188758232672,19
2018-01-22,9.369991281516208,19
2018-01-23,9.363639115866363,19
2018-01-24,9.392236237511515,19
2018-01-25,9.39046847908117,19
2018-01-26,9.369729574625486,19
2018-01-29,9.32651735636105,19
2018-01-30,9.302994527536582,19
2018-01-31,9.204896001376897,19
2018-02-01,9.024326504910817,19
2018-02-02,8.974726447844347,20
2018-02-05,8.931459806287089,20
2018-02-06,8.771448446825545,20
2018-02-07,8.836592412457348,20
2018-02-08,8.92104956821489,20
2018-02-09,8.861124562205005,20
2018-02-12,9.013906501043463,20
2018-02-13,8.986622960584349,20
2018-02-14,9.000366372995718,20
2018-02-22,9.091962736622392,20
2018-02-23,9.120052181714076,20
2018-02-26,9.255898662944384,20
2018-02-27,9.297229761222752,20
2018-02-28,9.281095003363095,20
2018-03-01,9.316527827578852,20
2018-03-02,9.2989422664477,20
2018-03-05,9.332137129022591,20
2018-03-06,9.360499620646541,20
2018-03-07,9.336741236485347,20
2018-03-08,9.43284698505269,20
2018-03-09,9.50825033713484,20
2018-03-12,9.55624424169693,20
2018-03-13,9.528013558020252,20
2018-03-14,9.498208981681934,20
2018-03-15,9.420129097506438,20
2018-03-16,9.447545058810729,20
2018-03-19,9.48009506872176,20
2018-03-20,9.4782585752635,20
2018-03-21,9.493816472963111,20
2018-03-22,9.535719472282508,20
2018-03-23,9.398733026230877,20
2018-03-26,9.48556040320731,20
2018-03-27,9.593201145806763,20
2018-03-28,9.572842322749748,20
2018-03-29,9.596458984182451,20
2018-03-30,9.631745997295734,20
2018-04-02,9.639190415700806,20
2018-04-03,9.613117178260172,20
2018-04-04,9.615225130578994,20
2018-04-09,9.624497012415787,20
2018-04-10,9.651132597992786,20
2018-04-11,9.702263663726244,20
2018-04-12,9.73447047495813,20
2018-04-13,9.729533356534976,20
2018-04-16,9.680818242508046,20
2018-04-17,9.581013758883286,20
2018-04-18,9.61618687384432,20
2018-04-19,9.604635441310387,20
2018-04-20,9.52372424464695,20
2018-04-23,9.533414580794053,20
2018-04-24,9.638348208739151,20
2018-04-25,9.660144296541224,20
2018-04-26,9.606072949720522,20
2018-04-27,9.613994865386292,20
2018-05-02,9.594579262235952,20
2018-05-03,9.622932839629673,20
2018-05-04,9.628093034256398,20
2018-05-07,9.685405647657278,20
2018-05-08,9.687590454691435,20
2018-05-09,9.71050345934324,20
2018-05-10,9.745994671701752,20
2018-05-11,9.691938479085719,20
2018-05-14,9.660202399204671,20
2018-05-15,9.704777435419704,20
2018-05-16,9.69289279788707,20
2018-05-17,9.688935578852563,20
2018-05-18,9.695666324115267,20
2018-05-21,9.734803368523949,20
2018-05-22,9.758224887753132,20
2018-05-23,9.750271587771687,20
2018-05-24,9.748281601563965,20
2018-05-25,9.720347650803005,20
2018-05-28,9.723793583762523,20
2018-05-29,9.708972768089438,20
2018-05-30,9.607638100571263,20
2018-05-31,9.685449348167392,20
2018-06-01,9.690871181893534,20
2018-06-04,9.695491454289972,20
2018-06-05,9.731317885103852,20
2018-06-06,9.74969255177942,20
2018-06-07,9.722869781854211,20
2018-06-08,9.697040115944459,20
2018-06-11,9.690802630793105,20
2018-06-12,9.729244270453227,20
2018-06-13,9.688908982383243,20
2018-06-14,9.681571270922028,20
2018-06-15,9.631307719109449,20
2018-06-19,9.469538857571209,20
2018-06-20,9.521666772336147,20
2018-06-21,9.482120909300974,20
2018-06-22,9.516305406276349,20
2018-06-25,9.517201319574742,20
2018-06-26,9.520532928355868,20
2018-06-27,9.484213605394865,20
2018-06-28,9.459768742452468,20
2018-06-29,9.538694321471812,20
2018-07-02,9.50023931603442,20
2018-07-03,9.546604641169287,20
2018-07-04,9.491989762052835,20
2018-07-05,9.4425886847527,20
2018-07-06,9.452821061373909,20
2018-07-09,9.514905269883625,20
2018-07-10,9.548279530178196,20
2018-07-11,9.489398301871946,20
2018-07-12,9.556807643016118,20
2018-07-13,9.574059024759446,20
2018-07-16,9.581959530100134,20
2018-07-17,9.591334001736792,20
2018-07-18,9.59173784472239,20
2018-07-19,9.583045003348145,20
2018-07-20,9.595797004857554,20
2018-07-23,9.628689288361093,20
2018-07-24,9.66527032859529,20
2018-07-25,9.657725571954701,20
2018-07-26,9.631095340428184,20
2018-07-27,9.631089833693107,20
2018-07-30,9.591340582513116,20
2018-07-31,9.599902423990729,20
2018-08-01,9.568313840902626,20
2018-08-02,9.487697463407967,20
2018-08-03,9.460272677067895,20
2018-08-06,9.408698921945478,20
2018-08-07,9.46126382472694,20
2018-08-08,9.411972547480357,20
2018-08-09,9.460317576579097,20
2018-08-10,9.47523485748186,20
2018-08-13,9.485915678694314,20
2018-08-14,9.476484344578665,20
2018-08-15,9.439240897599477,20
2018-08-16,9.430563265935314,20
2018-08-17,9.400782369294674,20
2018-08-20,9.421913844435263,20
2018-08-21,9.438628182376787,20
2018-08-22,9.40601956536244,20
2018-08-23,9.425040192391249,20
2018-08-24,9.420656782529145,20
2018-08-27,9.465322328096109,20
2018-08-28,9.465506225672174,20
2018-08-29,9.447458286998312,20
2018-08-30,9.40684304848258,20
2018-08-31,9.382030459985469,20
2018-09-03,9.364706532771928,20
2018-09-04,9.395239420303675,20
2018-09-05,9.362211247880007,20
2018-09-06,9.35400173108086,20
2018-09-07,9.35802114016989,20
2018-09-10,9.320209734734627,20
2018-09-11,9.319559210278337,20
2018-09-12,9.309483430335698,20
2018-09-13,9.319308463131893,20
2018-09-14,9.287615106997036,20
2018-09-17,9.242356631051392,20
2018-09-18,9.25837618602625,20
2018-09-19,9.279745420207709,20
2018-09-20,9.260359682808955,20
2018-09-21,9.288317213069758,20
2018-09-25,9.286857373044091,20
2018-09-26,9.317673920056512,20
2018-09-27,9.285941963880743,20
2018-09-28,9.304136837015495,20
2018-10-08,9.23048439693696,20
2018-10-09,9.229520549558915,20
2018-10-10,9.240546729783565,20
2018-10-11,9.10352545596992,20
2018-10-12,9.111707655013527,20
2018-10-15,9.1022961485465,20
2018-10-16,9.053471378241047,20
2018-10-17,9.051276113177272,20
2018-10-18,9.0088211931734,20
2018-10-19,9.062831726723791,20
2018-10-22,9.163155772608931,20
2018-10-23,9.130133630333404,20
2018-10-24,9.121445701271622,20
2018-10-25,9.104880756843032,20
2018-10-26,9.101285796280406,20
2018-10-29,9.096820368151615,20
2018-10-30,9.128044742917,20
2018-10-31,9.166388602837323,20
2018-11-01,9.156558326705635,20
2018-11-02,9.211553372205268,20
2018-11-05,9.21136338226475,20
2018-11-06,9.20176977603136,20
2018-11-07,9.188815593820518,20
2018-11-08,9.187394531907472,20
2018-11-09,9.196811946603084,20
2018-11-12,9.245803152320713,20
2018-11-13,9.277377025688217,20
2018-11-14,9.287161374153165,20
2018-11-15,9.356788573630773,20
2018-11-16,9.366797002484521,20
2018-11-19,9.373026197687281,20
2018-11-20,9.322633464877756,20
2018-11-21,9.350992300077596,20
2018-11-22,9.346768681646179,20
2018-11-23,9.261531962085169,20
2018-11-26,9.246933152583175,20
2018-11-27,9.267070341747708,20
2018-11-28,9.291642311359977,20
2018-11-29,9.235140065753349,20
2018-11-30,9.256621064445067,20
2018-12-03,9.314837168592254,20
2018-12-04,9.314524052544655,20
2018-12-05,9.300348770221879,20
2018-12-06,9.263169053331703,20
2018-12-07,9.269067191314374,20
2018-12-10,9.247084957968069,20
2018-12-11,9.263007943040074,20
2018-12-12,9.277081739582524,20
2018-12-13,9.306036701639975,20
2018-12-14,9.263019471248413,20
2018-12-17,9.265255165045147,20
2018-12-18,9.243194693831203,20
2018-12-19,9.227655932278784,20
2018-12-20,9.250306315222392,20
2018-12-21,9.257453676570936,20
2018-12-24,9.301037627323137,20
2018-12-25,9.299218275522271,20
2018-12-26,9.282820459681334,20
2018-12-27,9.26100344693532,20
2018-12-28,9.23758148431952,20
2019-01-02,9.228877241171393,20
2019-01-03,9.203378394390086,20
2019-01-04,9.244335812893148,20
2019-01-07,9.284723477697868,20
2019-01-08,9.269038560609488,20
2019-01-09,9.270768469430594,20
2019-01-10,9.271242634128106,20
2019-01-11,9.301059964075174,20
2019-01-14,9.307000109368367,20
2019-01-15,9.320668894862255,20
2019-01-16,9.315276187845681,20
2019-01-17,9.295682640184825,20
2019-01-18,9.309322922649338,20
2019-01-21,9.339489421866931,20
2019-01-22,9.335201171423195,20
2019-01-23,9.342304399345561,20
2019-01-24,9.342843955302984,20
2019-01-25,9.32320968583631,20
2019-01-28,9.319223872723468,20
2019-01-29,9.298877772387911,20
2019-01-30,9.275343506262825,20
2019-01-31,9.2261802415779,20
2019-02-01,9.26706438404911,20
2019-02-11,9.309074063230545,20
2019-02-12,9.335298331806305,20
2019-02-13,9.361864743351564,20
2019-02-14,9.36175847504197,20
2019-02-15,9.36781844059819,20
2019-02-18,9.416985463937364,20
2019-02-19,9.411476296881245,20
2019-02-20,9.416587267243074,20
2019-02-21,9.415289472487872,20
2019-02-22,9.454670807821321,20
2019-02-25,9.532354125132358,20
2019-02-26,9.552404437717612,20
2019-02-27,9.567513526840328,20
2019-02-28,9.66352121312304,20
2019-03-01,9.644755161795864,20
2019-03-04,9.727706077048973,20
2019-03-05,9.782553023407303,20
2019-03-06,9.912116407572391,20
2019-03-07,10.007655187271196,20
2019-03-08,9.806659754849594,20
2019-03-11,10.001246546274825,20
2019-03-12,10.110286728948388,20
2019-03-13,10.031618269060187,20
2019-03-14,9.908139005347401,20
2019-03-15,10.002138947035586,20
2019-03-18,10.104522224417678,20
2019-03-19,10.153072828265474,20
2019-03-20,10.129247466003251,20
2019-03-21,10.192697265987789,20
2019-03-22,10.227680420080006,20
2019-03-25,10.251102050869454,20
2019-03-26,10.167003059255457,20
2019-03-27,10.249487193768593,20
2019-03-28,10.217302755876714,20
2019-03-29,10.314275010184362,20
2019-04-01,10.480132283462524,20
2019-04-02,10.531630998097365,20
2019-04-03,10.653738317370514,20
2019-04-04,10.671712300737848,20
2019-04-08,10.593821289240068,20
2019-04-09,10.582597064338158,20
2019-04-10,10.6529087671237,20
2019-04-11,10.524580611538699,20
2019-04-12,10.49816807247951,20
2019-04-15,10.447073619758706,20
2019-04-16,10.548289924244905,20
2019-04-17,10.606110045082167,20
2019-04-18,10.558829893491133,20
2019-04-19,10.644567840180262,20
2019-04-22,10.595145914510345,20
2019-04-23,10.532106089845968,20
2019-04-24,10.617573831706375,20
2019-04-25,10.439370005031472,20
2019-04-26,10.394298069569176,20
2019-04-29,10.301843140185966,20
2019-04-30,10.370313670868526,20
2019-05-06,9.85482293417397,20
2019-05-07,9.977797775498898,20
2019-05-08,10.059815529168116,20
2019-05-09,10.000420119803652,20
2019-05-10,10.252933251998362,20
2019-05-13,10.205241674223553,20
2019-05-14,10.157502528174444,20
2019-05-15,10.260739840764158,20
2019-05-16,10.250414917175872,20
2019-05-17,10.021367722546175,20
2019-05-20,9.963752830595185,20
2019-05-21,10.06815549519876,20
2019-05-22,10.048753638570995,20
2019-05-23,9.827998071185608,20
2019-05-24,9.752770590805596,20
2019-05-27,9.971519168539041,20
2019-05-28,9.924249857598207,20
2019-05-29,9.95218194866975,20
2019-05-30,9.911364191095235,20
2019-05-31,9.9333441650459,20
2019-06-03,9.951254522397747,20
2019-06-04,9.889905565034741,20
2019-06-05,9.924331158102177,20
2019-06-06,9.699992621337621,20
2019-06-10,9.791384022383538,20
2019-06-11,10.018140539251602,20
2019-06-12,9.995812193556477,20
2019-06-13,10.077452118234525,20
2019-06-14,9.931591657714305,20
2019-06-17,9.928659775326322,20
2019-06-18,9.939745235209651,20
2019-06-19,10.040707639368955,20
2019-06-20,10.170569231692863,20
2019-06-21,10.342211770687424,20
2019-06-24,10.331324167551307,20
2019-06-25,10.221193450643455,20
2019-06-26,10.308924540085995,20
2019-06-27,10.422640657940049,20
2019-06-28,10.384782218679712,20
2019-07-01,10.604437455618294,20
2019-07-02,10.657238916989321,20
2019-07-03,10.622438405777716,20
2019-07-04,10.645251500045669,20
2019-07-05,10.647895782354302,20
2019-07-08,10.4126853138447,20
2019-07-09,10.446305158635306,20
2019-07-10,10.41470558918508,20
2019-07-11,10.400669933387668,20
2019-07-12,10.389696186420563,20
2019-07-15,10.515564180593726,20
2019-07-16,10.4954045034979,20
2019-07-17,10.494716218694329,20
2019-07-18,10.329605619023575,20
2019-07-19,10.370339128930894,20
2019-07-22,10.240551200843079,20
2019-07-23,10.297394427510703,20
2019-07-24,10.40955079031103,20
2019-07-25,10.438049309067063,20
2019-07-26,10.432930267672216,20
2019-07-29,10.47749014557806,20
2019-07-30,10.518380408756201,20
2019-07-31,10.46201503828481,20
2019-08-01,10.448944056386232,20
2019-08-02,10.343022612689326,20
2019-08-05,10.28425443857459,20
2019-08-06,10.100310232070388,20
2019-08-07,10.031211406740045,20
2019-08-08,10.07972349498695,20
2019-08-09,9.994077310276996,20
2019-08-12,10.116386436752961,20
2019-08-13,10.113624070411698,20
2019-08-14,10.20399573000591,20
2019-08-15,10.218796254607087,20
2019-08-16,10.301285663534259,20
2019-08-19,10.496669136315925,20
2019-08-20,10.47083721883287,20
2019-08-21,10.469635884964966,20
2019-08-22,10.504856454798679,20
2019-08-23,10.480013497893651,20
2019-08-26,10.440580297144619,20
2019-08-27,10.564352889378625,20
2019-08-28,10.542495909459182,20
2019-08-29,10.544040083573702,20
2019-08-30,10.448404037269022,20
2019-09-02,10.597203614190443,20
2019-09-03,10.587327189683924,20
2019-09-04,10.662950874859593,20
2019-09-05,10.708276231288444,20
2019-09-06,10.772989953404586,20
2019-09-09,10.909457089857586,20
2019-09-10,10.942420255487892,20
2019-09-11,10.902501751251634,20
2019-09-12,10.940469788962229,20
2019-09-16,10.973744477323168,20
2019-09-17,10.850120731964687,20
2019-09-18,10.866981004840268,20
2019-09-19,11.032663009564052,20
2019-09-20,11.036662376928629,20
2019-09-23,11.00130446174705,20
2019-09-24,11.023813711074107,20
2019-09-25,10.929810244843878,20
2019-09-26,10.744080084590442,20
2019-09-27,10.797364359564837,20
2019-09-30,10.738063631123913,20
2019-10-08,10.808919719765047,20
2019-10-09,10.869114378837294,20
2019-10-10,10.961518052037414,20
2019-10-11,10.983427879130403,20
2019-10-14,11.07820602377448,20
2019-10-15,11.010125391356501,20
2019-10-16,11.054288184658219,20
2019-10-17,11.042208020742844,20
2019-10-18,11.007273317438779,20
2019-10-21,10.900030805679682,20
2019-10-22,10.96142988626457,20
2019-10-23,10.950276045499317,20
2019-10-24,10.926767438863768,20
2019-10-25,10.961714180277008,20
2019-10-28,11.036856949727362,20
2019-10-29,10.91019792758988,20
2019-10-30,10.818454292788767,20
2019-10-31,10.788542813180872,20
2019-11-01,10.803720037769127,20
2019-11-04,10.820199289608933,20
2019-11-05,10.830177848150665,20
2019-11-06,10.826040217306774,20
2019-11-07,10.841918949234099,20
2019-11-08,10.855549006706516,20
2019-11-11,10.731304023532775,20
2019-11-12,10.742076158619806,20
2019-11-13,10.729499960547873,20
2019-11-14,10.793134505613601,20
2019-11-15,10.727865026162544,20
2019-11-18,10.774923916354401,20
2019-11-19,10.837802778300002,20
2019-11-20,10.783253968051179,20
2019-11-21,10.739728305070836,20
2019-11-22,10.695209423930066,20
2019-11-25,10.65082085208587,20
2019-11-26,10.664372535817066,20
2019-11-27,10.655988972088156,20
2019-11-28,10.626859284199954,20
2019-11-29,10.617439254232114,20
2019-12-02,10.622793685003415,20
2019-12-03,10.649192767590181,20
2019-12-04,10.634849858150774,20
2019-12-05,10.662037083698976,20
2019-12-06,10.673607794852327,20
2019-12-09,10.671790778265617,20
2019-12-10,10.674434604123636,20
2019-12-11,10.65669790809786,20
2019-12-12,10.636042615260607,20
2019-12-13,10.6787454257163,20
2019-12-16,10.75274162643249,20
2019-12-17,10.802892647983558,20
2019-12-18,10.815168235630493,20
2019-12-19,10.83648783728544,20
2019-12-20,10.840892902457858,20
2019-12-23,10.80095121965904,20
2019-12-24,10.862475789367632,20
2019-12-25,10.853227881421445,20
2019-12-26,10.888038645754136,20
2019-12-27,10.882436159185936,20
2019-12-30,10.945682240140158,20
2019-12-31,11.007312595452573,20
2020-01-02,11.114998176452245,20
2020-01-03,11.117170948516382,20
2020-01-06,11.128755754578778,20
2020-01-07,11.223346837289421,20
2020-01-08,11.127250486306052,20
2020-01-09,11.269032905753933,20
2020-01-10,11.314786074091248,20
2020-01-13,11.360484660520191,20
2020-01-14,11.338486372917659,20
2020-01-15,11.313759606166698,20
2020-01-16,11.310311142410537,20
2020-01-17,11.266076169760534,20
2020-01-20,11.33789097355332,20
2020-01-21,11.262234225140524,20
2020-01-22,11.226474471716157,20
2020-01-23,10.942280313172292,20
2020-02-03,10.123109194219449,20
2020-02-04,10.240192121379128,20
2020-02-05,10.542657126782663,20
2020-02-06,10.73409198820328,20
2020-02-07,10.7626589262126,20
2020-02-10,10.882454578120537,20
2020-02-11,10.799002847933219,20
2020-02-12,10.917373440006228,20
2020-02-13,10.851909770081411,20
2020-02-14,10.797326126217255,20
2020-02-17,11.027511667355252,20
2020-02-18,11.12496628283704,20
2020-02-19,11.120453074443029,20
2020-02-20,11.268830995952097,20
2020-02-21,11.30800355248979,20
2020-02-24,11.384350311803841,20
2020-02-25,11.298811210146413,20
2020-02-26,11.21255417876909,20
2020-02-27,11.247173593280884,20
2020-02-28,10.734257706654947,20
2020-03-02,11.024480761166545,20
2020-03-03,11.161817723118224,20
2020-03-04,11.269145533000428,20
2020-03-05,11.398782926528053,20
2020-03-06,11.380608700493031,20
2020-03-09,11.13574658930584,20
2020-03-10,11.263213070421841,20
2020-03-11,11.24597007359326,20
2020-03-12,11.00242606037221,20
2020-03-13,10.89575370139453,20
2020-03-16,10.628274112098138,20
2020-03-17,10.555893283538698,20
2020-03-18,10.451377610272244,20
2020-03-19,10.50602732558413,20
2020-03-20,10.617969605896254,20
2020-03-23,10.386918333541628,20
2020-03-24,10.52194116250941,20
2020-03-25,10.700208617895212,20
2020-03-26,10.661791232016297,20
2020-03-27,10.66497788651426,20
2020-03-30,10.494772331645626,20
2020-03-31,10.512699692325876,20
2020-04-01,10.488155137567498,20
2020-04-02,10.561209734616659,20
2020-04-03,10.553580213218433,20
2020-04-07,10.64330391030566,20
2020-04-08,10.666569905207316,20
2020-04-09,10.710441967564542,20
2020-04-10,10.681639404708845,20
2020-04-13,10.704776633283066,20
2020-04-14,10.78039666435031,20
2020-04-15,10.7518538758362,20
2020-04-16,10.762271888414096,20
2020-04-17,10.820681523241886,20
2020-04-20,10.91017392167752,20
2020-04-21,10.909848703740213,20
2020-04-22,10.953700720410827,20
2020-04-23,10.980952824329982,20
2020-04-24,10.920320635106659,20
2020-04-27,10.902620633572562,20
2020-04-28,10.83070702343837,20
2020-04-29,10.862461721802992,20
2020-04-30,10.976376579338586,20
2020-05-06,11.073288941154958,20
2020-05-07,11.04743023212984,19
2020-05-08,11.120795033069072,19
2020-05-11,11.090390310956812,19
2020-05-12,11.09629742290756,19
2020-05-13,11.162137899793834,19
2020-05-14,11.10321894791972,19
2020-05-15,11.130898142929984,19
2020-05-18,11.122727683232142,19
2020-05-19,11.215192458369259,19
2020-05-20,11.091372326814733,19
2020-05-21,11.04947849811844,19
2020-05-22,10.906167527399736,19
2020-05-25,10.906390511704979,19
2020-05-26,11.022651426538106,19
2020-05-27,11.01859113336722,19
2020-05-28,11.014939100658577,19
2020-05-29,11.029475063592884,19
2020-06-01,11.253845056757655,19
2020-06-02,11.361059279665819,20
2020-06-03,11.344164945996562,20
2020-06-04,11.40075811404578,20
2020-06-05,11.404020144710232,20
2020-06-08,11.449155571714154,20
2020-06-09,11.477220873499855,20
2020-06-10,11.4924667877824,20
2020-06-11,11.509856903922264,20
2020-06-12,11.522974381978544,20
2020-06-15,11.435837982822674,20
2020-06-16,11.59368483340759,20
2020-06-17,11.563913081766346,20
2020-06-18,11.536462091424347,20
2020-06-19,11.602583246160634,20
2020-06-22,11.588701073503069,20
2020-06-23,11.628677388719511,20
2020-06-24,11.629570419848765,20
2020-06-29,11.531520726618494,20
2020-06-30,11.648695487337783,20
2020-07-01,11.670722505423765,20
2020-07-02,11.799602065658917,20
2020-07-03,11.845624949393207,20
2020-07-06,12.160791190312365,20
2020-07-07,12.167607976362929,20
2020-07-08,12.268520939014556,20
2020-07-09,12.548117160424436,20
2020-07-10,12.455268277258757,20
2020-07-13,12.7896291420208,20
2020-07-14,12.73723734523851,20
2020-07-15,12.549977104042831,20
2020-07-16,12.234632956616556,20
2020-07-17,12.338152782557398,20
2020-07-20,12.692166213088468,20
2020-07-21,12.774413616078089,20
2020-07-22,12.715934506685814,20
2020-07-23,12.762848414189673,20
2020-07-24,12.399745405762898,20
2020-07-27,12.427067534579677,20
2020-07-28,12.494275636301216,20
2020-07-29,12.718666658735291,20
2020-07-30,12.788716442801746,20
2020-07-31,12.83184543790947,20
2020-08-03,13.181828746317857,20
2020-08-04,13.175813829443664,20
2020-08-05,13.163044012126067,20
2020-08-06,13.200651246146949,20
2020-08-07,13.090759121066963,20
2020-08-10,13.233774100831383,20
2020-08-11,13.070325959044583,20
2020-08-12,12.936995284663304,20
2020-08-13,12.998318872648591,20
2020-08-14,13.076337404731298,20
2020-08-17,13.252433777796647,20
2020-08-18,13.332956638302473,20
2020-08-19,13.351335800381767,20
2020-08-20,13.200829855293568,20
2020-08-21,13.255235833461319,20
2020-08-24,13.27456969928064,20
2020-08-25,13.175699553342765,20
2020-08-26,12.916814033374967,20
2020-08-27,13.033171746410355,20
2020-08-28,13.138765737015182,20
2020-08-31,13.107044640192148,20
2020-09-01,13.196790392357476,20
2020-09-02,13.229917409827943,20
2020-09-03,13.162519202501258,20
2020-09-04,13.081668312565041,20
2020-09-07,12.93672673919384,20
2020-09-08,13.008254606714633,20
2020-09-09,12.791475854143997,20
2020-09-10,12.61862684151506,20
2020-09-11,12.740833308959372,20
2020-09-14,12.76463184877634,20
2020-09-15,12.731659781787258,20
2020-09-16,12.70562488719957,20
2020-09-17,12.685141732883567,20
2020-09-18,12.886730655917962,20
2020-09-21,12.852903693471024,20
2020-09-22,12.665791815093094,20
2020-09-23,12.62553509224722,20
2020-09-24,12.376781090568965,20
2020-09-25,12.368919017366633,20
2020-09-28,12.335108542504587,20
2020-09-29,12.375097216848154,20
2020-09-30,12.354716170489725,20
2020-10-09,12.624592318927144,20
2020-10-12,12.914618957477225,20
2020-10-13,12.906618590202177,20
2020-10-14,12.80157106375659,20
2020-10-15,12.731989966399617,20
2020-10-16,12.734644987602415,20
2020-10-19,12.710495221851343,20
2020-10-20,12.833237804437003,20
2020-10-21,12.781474241539385,20
2020-10-22,12.648337309922669,20
2020-10-23,12.436445728965609,20
2020-10-26,12.395655182822289,20
2020-10-27,12.383187119227351,20
2020-10-28,12.4121115753686,20
2020-10-29,12.543412877489738,20
2020-10-30,12.303131459650757,20
2020-11-02,12.316664284829725,20
2020-11-03,12.407555447132632,19
2020-11-04,12.407332685403906,19
2020-11-05,12.61646875760772,19
2020-11-06,12.581865109586372,19
2020-11-09,12.787490823286088,19
2020-11-10,12.760117223805485,19
2020-11-11,12.755210657485335,19
2020-11-12,12.841965159598505,19
2020-11-13,12.80241365707699,19
2020-11-16,13.033298707278801,19
2020-11-17,13.03516677987061,19
2020-11-18,13.09491625907373,19
2020-11-19,13.049529741123719,19
2020-11-20,13.05697350883316,19
2020-11-23,13.139929847609531,19
2020-11-24,13.177082069716876,19
2020-11-25,13.018675061312322,19
2020-11-26,12.993938533526478,19
2020-11-27,12.949299501581738,19
2020-11-30,12.857397623908655,19
2020-12-01,12.937940058795446,19
2020-12-02,12.942850371905699,20
2020-12-03,12.902470178021794,20
2020-12-04,12.951432666495382,20
2020-12-07,12.921828902188105,20
2020-12-08,12.880613491570683,20
2020-12-09,12.787081791589141,20
2020-12-10,12.739792679591142,20
2020-12-11,12.603076665849963,20
2020-12-14,12.60478646722152,20
2020-12-15,12.602747098753506,20
2020-12-16,12.539637420747116,20
2020-12-17,12.5532311126193,20
2020-12-18,12.478233352883978,20
2020-12-21,12.506585302413344,20
2020-12-22,12.23430865614078,20
2020-12-23,12.230036639786178,20
2020-12-24,12.013313966962803,20
2020-12-25,12.114372987560671,20
2020-12-28,11.923167798620828,20
2020-12-29,11.928610179195143,20
2020-12-30,11.928379343064053,20
2020-12-31,12.047447039289569,20
2021-01-04,12.149934645856584,20
2021-01-05,12.152477848174568,20
2021-01-06,12.002783392882096,20
2021-01-07,11.770305958686803,20
2021-01-08,11.773525903632322,20
2021-01-11,11.608183503053588,20
2021-01-12,11.669766379027806,20
2021-01-13,11.618772675307163,20
2021-01-14,11.788368095068366,20
2021-01-15,11.867665154876697,20
2021-01-18,11.945159024171556,20
2021-01-19,11.983976093751755,20
2021-01-20,11.978694665922971,20
2021-01-21,12.031419465749387,20
2021-01-22,11.986702423130886,20
2021-01-25,11.832778225730044,20
2021-01-26,11.77924946250446,20
2021-01-27,11.843474274926812,20
2021-01-28,11.739264802928002,20
2021-01-29,11.675534485085118,20
2021-02-01,11.728806223727004,20
2021-02-02,11.782449675502189,20
2021-02-03,11.779062070776668,20
2021-02-04,11.679976824218196,20
2021-02-05,11.677996700371681,20
2021-02-08,11.68772810627296,20
2021-02-09,11.787511785842456,20
2021-02-10,11.807439631899442,20
2021-02-18,11.882443129050708,20
2021-02-19,11.96428908433252,20
2021-02-22,12.036156966005775,20
2021-02-23,12.006376016058718,20
2021-02-24,11.994713604350002,20
2021-02-25,11.979539718642293,20
2021-02-26,11.956117073486116,20
2021-03-01,12.057099399864448,20
2021-03-02,12.047283620223412,20
2021-03-03,12.106116557358323,20
2021-03-04,12.080166661353362,20
2021-03-05,12.095635169421977,20
2021-03-08,12.078693509693537,20
2021-03-09,12.047013270744358,20
2021-03-10,12.00748756008221,20
2021-03-11,12.07432433511379,20
2021-03-12,12.082787046609248,20
2021-03-15,12.077683907154796,20
2021-03-16,12.132256610976016,20
2021-03-17,12.131440350394236,20
2021-03-18,12.148778602822931,20
2021-03-19,12.133561602483592,20
2021-03-22,12.183844720024238,20
2021-03-23,12.165264578621832,20
2021-03-24,12.117034528911464,20
2021-03-25,12.113749370462706,20
2021-03-26,12.144597757841433,20
2021-03-29,12.16233456401758,20
2021-03-30,12.145201574731587,20
2021-03-31,12.15875188149081,20
2021-04-01,12.1415422740823,20
2021-04-02,12.137708501124157,20
2021-04-06,12.162131046769836,20
2021-04-07,12.184890240444027,20
2021-04-08,12.161802924137175,20
2021-04-09,12.156249018446792,20
2021-04-12,12.10151154865336,20
2021-04-13,12.077424176808739,20
2021-04-14,12.08597504935082,20
2021-04-15,12.068710741554593,20
2021-04-16,12.098028738674413,20
2021-04-19,12.121873255349174,20
2021-04-20,12.108939256895244,20
2021-04-21,12.095463583693883,20
2021-04-22,12.11375824178671,20
2021-04-23,12.124243234532512,20
2021-04-26,12.09610039105728,20
2021-04-27,12.076025635780248,20
2021-04-28,12.074742214157787,20
2021-04-29,12.063820653898034,20
2021-04-30,12.031343283017893,20
2021-05-06,12.022009358551655,20
2021-05-07,12.012594269316505,20
2021-05-10,12.052736637227206,20
2021-05-11,12.055907841728056,20
2021-05-12,12.081899669310415,20
2021-05-13,12.091066698166806,20
2021-05-14,12.13643825373676,20
2021-05-17,12.092731524506279,20
2021-05-18,12.088629530075513,20
2021-05-19,12.082292785020853,20
2021-05-20,12.074437429408668,20
2021-05-21,12.081896107118515,20
2021-05-24,12.123448726738395,20
2021-05-25,12.155522997288642,20
2021-05-26,12.169814270452486,20
2021-05-27,12.165765530404402,20
2021-05-28,12.159032388922894,20
2021-05-31,12.208295686610144,20
2021-06-01,12.190304947883698,20
2021-06-02,12.120873491530253,20
2021-06-03,12.091279472241286,20
2021-06-04,12.077767137865692,20
2021-06-07,12.12525585299863,20
2021-06-08,12.15134108351417,20
2021-06-09,12.161218757509838,20
2021-06-10,12.212608901429146,20
2021-06-11,12.282968218421484,20
2021-06-15,12.195832192574155,20
2021-06-16,12.048127000772741,20
2021-06-17,12.075084951587515,20
2021-06-18,12.09825100418018,20
2021-06-21,12.195255453185212,20
2021-06-22,12.245337691078866,20
2021-06-23,12.239000475987774,20
2021-06-24,12.154319421695625,20
2021-06-25,12.148456018964252,20
2021-06-28,12.170330116918082,20
2021-06-29,12.09744438494297,20
2021-06-30,12.073794082108122,20
2021-07-01,12.012230987289646,20
2021-07-02,12.00191428336258,20
2021-07-05,12.146326981598724,20
2021-07-06,12.16926844536521,20
2021-07-07,12.22207444734954,20
2021-07-08,12.112593780574711,20
2021-07-09,12.181624191652169,20
2021-07-12,12.350039290433418,20
2021-07-13,12.361987865481858,20
2021-07-14,12.343763452664701,20
2021-07-15,12.263575709149286,20
2021-07-16,12.253470703079326,20
2021-07-19,12.265371305847392,20
2021-07-20,12.263151661734348,20
2021-07-21,12.315023498517863,20
2021-07-22,12.317271149268125,20
2021-07-23,12.186701006012933,20
2021-07-26,12.12721472317053,20
2021-07-27,12.085590646272326,20
2021-07-28,11.935154208989362,20
2021-07-29,12.096156718998632,20
2021-07-30,12.16333770000147,20
2021-08-02,12.324011506872855,20
2021-08-03,12.365716069407409,20
2021-08-04,12.430551549456073,20
2021-08-05,12.397896381142841,20
2021-08-06,12.350945667012365,20
2021-08-09,12.52627836700697,20
2021-08-10,12.550330825330184,20
2021-08-11,12.52430492568151,20
2021-08-12,12.560292428884656,20
2021-08-13,12.543238390171433,20
2021-08-16,12.597464581949193,20
2021-08-17,12.453637217241308,20
2021-08-18,12.524691162552035,20
2021-08-19,12.504935247860438,20
2021-08-20,12.423746435230232,20
2021-08-23,12.582659821223746,20
2021-08-24,12.627694030169671,20
2021-08-25,12.780302891776417,20
2021-08-26,12.698671988418994,20
2021-08-27,12.692383172712383,20
2021-08-30,12.583273930095613,20
2021-08-31,12.62408385518,20
2021-09-01,12.612147395355978,20
2021-09-02,12.624004470302546,20
2021-09-03,12.73958005263971,20
2021-09-06,12.807681797394174,20
2021-09-07,12.882602821587312,20
2021-09-08,12.973268433968148,20
2021-09-09,13.065587998105894,20
2021-09-10,12.991803038430183,20
2021-09-13,13.097505245960438,20
2021-09-14,13.004109843817744,20
2021-09-15,13.063810670190795,20
2021-09-16,13.03565830531229,20
2021-09-17,13.043443923577094,20
2021-09-22,13.101370635087891,20
2021-09-23,13.192595177291619,20
2021-09-24,13.019716783286485,20
2021-09-27,12.74989838375499,20
2021-09-28,12.714148375271549,20
2021-09-29,12.494511914306324,20
2021-09-30,12.655721798151605,20
2021-10-08,12.822736513861791,20
2021-10-11,12.836307446414684,20
2021-10-12,12.723538515668176,20
2021-10-13,12.841443423869423,20
2021-10-14,12.853040534716918,20
2021-10-15,12.769253696468056,20
2021-10-18,12.746223924640434,20
2021-10-19,12.790393976205557,20
2021-10-20,12.832089170643279,20
2021-10-21,12.785342521497643,20
2021-10-22,12.677978990550178,20
2021-10-25,12.854323160625594,20
2021-10-26,12.803401715453571,20
2021-10-27,12.65416901196988,20
2021-10-28,12.575610309523093,20
2021-10-29,12.591986984530957,20
2021-11-01,12.768278902211769,20
2021-11-02,12.615208999776446,20
2021-11-03,12.719087126632193,20
2021-11-04,12.796686490870513,20
2021-11-05,12.824234057555854,20
2021-11-08,12.826944460156202,20
2021-11-09,12.935470426097979,20
2021-11-10,13.043214256563944,20
2021-11-11,13.043403057900875,20
2021-11-12,13.15208365305504,20
2021-11-15,13.383579047970922,20
2021-11-16,13.453018174408218,20
2021-11-17,13.577296277157805,20
2021-11-18,13.521773250703664,20
2021-11-19,13.602050045124212,20
2021-11-22,13.687745856988354,20
2021-11-23,13.815691934756032,20
2021-11-24,13.889005924739115,20
2021-11-25,13.887238078338912,20
2021-11-26,13.903100012881799,20
2021-11-29,13.924907226546665,20
2021-11-30,13.999126953988736,20
2021-12-01,14.074759106212332,20
2021-12-02,13.977595799857994,20
2021-12-03,13.990882505800885,20
2021-12-06,13.865220200005005,20
2021-12-07,13.796684060802729,20
2021-12-08,13.883327911536666,20
2021-12-09,13.959812454997495,20
2021-12-10,13.965537772448307,20
2021-12-13,13.958965433232217,20
2021-12-14,13.942230418898763,20
2021-12-15,14.003767576133749,20
2021-12-16,14.090325597240389,20
2021-12-17,14.044135503045878,20
2021-12-20,14.024109522452646,20
2021-12-21,14.143458410765021,20
2021-12-22,14.142045859395173,20
2021-12-23,14.054265961163978,20
2021-12-24,13.876217039591793,20
2021-12-27,14.053570449576155,20
2021-12-28,14.117566795738867,20
2021-12-29,14.18785835622094,20
2021-12-30,14.295839275629241,20
2021-12-31,14.450663612404815,20
2022-01-04,14.920756158358502,20
2022-01-05,14.856697027147733,20
2022-01-06,15.000694748903324,20
2022-01-07,14.902460387147597,20
2022-01-10,15.169759727643935,20
2022-01-11,15.123051725971235,20
2022-01-12,15.169129040009706,20
2022-01-13,15.151752532885475,20
2022-01-14,15.031644158360209,20
2022-01-17,15.16638190924825,20
2022-01-18,15.030725033517665,20
2022-01-19,15.1553232049178,20
2022-01-20,14.846456974741791,20
2022-01-21,14.658766151879787,20
2022-01-24,14.614049088215129,20
2022-01-25,14.089067429637389,20
2022-01-26,14.199613986632299,20
2022-01-27,13.917250217240065,20
2022-01-28,14.04909599538628,20
2022-02-07,14.221573008768228,20
2022-02-08,14.358304426210807,20
2022-02-09,14.45656053584447,20
2022-02-10,14.422576785186658,20
2022-02-11,14.237407870921748,20
2022-02-14,14.21574811042027,20
2022-02-15,14.189785559909405,20
2022-02-16,14.324189887195576,20
2022-02-17,14.310717427839716,20
2022-02-18,14.359717744416695,20
2022-02-21,14.461744426907654,20
2022-02-22,14.342842552695698,20
2022-02-23,14.503289788278446,20
2022-02-24,14.305708038046866,20
2022-02-25,14.426645163785851,20
2022-02-28,14.43600925222593,20
2022-03-01,14.438708711869765,20
2022-03-02,14.45370107554148,20
2022-03-03,14.502370510884576,20
2022-03-04,14.386057611415596,20
2022-03-07,14.266242744952727,20
2022-03-08,13.992992710441282,20
2022-03-09,13.841990370276228,20
2022-03-10,14.005132661682046,20
2022-03-11,14.132541477699869,20
2022-03-14,13.93346166110981,20
2022-03-15,13.613189974136567,20
2022-03-16,13.723004725475981,20
2022-03-17,13.830256572035339,20
2022-03-18,13.923136365746357,20
2022-03-21,14.04658094966018,20
2022-03-22,14.025123320150012,20
2022-03-23,14.01837912617935,20
2022-03-24,13.94878573780244,20
2022-03-25,14.006491958000225,20
2022-03-28,13.986077834222117,20
2022-03-29,13.97137515043286,20
2022-03-30,14.103232713488556,20
2022-03-31,14.195534746415648,20
2022-04-01,14.15626798032727,20
2022-04-06,14.221472699764169,20
2022-04-07,14.156783173815212,20
2022-04-08,14.121345536357108,20
2022-04-11,14.000331238466266,20
2022-04-12,14.056916307611978,20
2022-04-13,13.983645152265733,20
2022-04-14,14.02592935308259,20
2022-04-15,13.962688224612172,20
2022-04-18,14.038392043949006,20
2022-04-19,14.049976105822568,20
2022-04-20,14.059018304650483,20
2022-04-21,13.986374734598323,20
2022-04-22,14.021536244921416,20
2022-04-25,13.745197601208641,20
2022-04-26,13.55531291769009,20
2022-04-27,13.637041108126844,20
2022-04-28,13.530643917191897,20
2022-04-29,13.681733027045066,20
2022-05-05,13.728157402149067,20
2022-05-06,13.706319455524614,19
2022-05-09,13.756029302671857,19
2022-05-10,13.782633181662803,19
2022-05-11,13.774786063324875,19
2022-05-12,13.810922041973347,19
2022-05-13,13.819489065728453,19
2022-05-16,13.816785100952346,19
2022-05-17,13.783737942363189,19
2022-05-18,13.793220103416393,19
2022-05-19,13.79705016632428,19
2022-05-20,13.82826150817678,19
2022-05-23,13.909172194057083,19
2022-05-24,13.80127676682242,19
2022-05-25,13.85063917977506,19
2022-05-26,13.886091225489485,19
2022-05-27,13.868021817959056,19
2022-05-30,13.874582168428962,19
2022-05-31,13.899557709416694,19
2022-06-01,13.913496147654289,19
2022-06-02,13.917179848156847,20
2022-06-06,13.947159321467309,20
2022-06-07,13.927942774667939,20
2022-06-08,13.924998716519214,20
2022-06-09,13.888852290195148,20
2022-06-10,13.915688899673606,20
2022-06-13,13.92699472166028,20
2022-06-14,13.938611400607233,20
2022-06-15,13.938960051121443,20
2022-06-16,13.941654333894709,20
2022-06-17,13.95279208152035,20
2022-06-20,13.97893189152646,20
2022-06-21,13.952386891621783,20
2022-06-22,13.899034342930367,20
2022-06-23,13.938016090305608,20
2022-06-24,13.952924938155425,20
2022-06-27,13.976884511381128,20
2022-06-28,14.029558120878455,20
2022-06-29,13.971376447404364,20
2022-06-30,14.007861191615618,20
2022-07-01,14.061655751806127,20
2022-07-04,14.135323738988689,18
2022-07-05,14.109949112145756,18
2022-07-06,14.00694903239791,18
2022-07-07,14.028354653285776,18
2022-07-08,14.054835565390484,18
2022-07-11,13.990715885902516,18
2022-07-12,13.867337953384729,18
2022-07-13,13.934430627057163,18
2022-07-14,13.982980543240021,18
2022-07-15,13.838104022251418,18
2022-07-18,14.110784273171793,18
2022-07-19,14.154711742506315,18
2022-07-20,14.220003843960114,18
2022-07-21,14.238191400109457,18
2022-07-22,14.192743678220248,18
2022-07-25,14.142182768614095,18
2022-07-26,14.157824547954785,18
2022-07-27,14.245295431512874,18
2022-07-28,14.313556470258094,18
2022-07-29,14.315416572268397,18
2022-08-01,14.337054261704056,18
2022-08-02,13.996307000304208,20
2022-08-03,14.021289684993633,20
2022-08-04,14.120695851847469,20
2022-08-05,14.175431070521299,20
2022-08-08,14.255267679394027,20
2022-08-09,14.237625657775569,20
2022-08-10,14.372889215528305,20
2022-08-11,14.537891641636486,20
2022-08-12,14.575553817670317,20
2022-08-15,14.543367156006342,20
2022-08-16,14.557403834005745,20
2022-08-17,14.57807914755295,20
2022-08-18,14.604675462408213,20
2022-08-19,14.576222875529341,20
2022-08-22,14.62479224601124,20
2022-08-23,14.702428087616683,20
2022-08-24,14.49393305724901,20
2022-08-25,14.503183415070378,20
2022-08-26,14.501308335416528,20
2022-08-29,14.631830046781332,20
2022-08-30,14.567487798896835,20
2022-08-31,14.462333767683875,20
2022-09-01,14.429250585587882,20
2022-09-02,14.503614764519282,20
2022-09-05,14.520443660339945,20
2022-09-06,14.57255910012072,20
2022-09-07,14.584017821398103,20
2022-09-08,14.543082159519159,20
2022-09-09,14.51841908857291,20
2022-09-13,14.563875672839902,20
2022-09-14,14.530341440767051,20
2022-09-15,14.448789287643567,20
2022-09-16,14.356705740121285,20
2022-09-19,14.286339561595266,20
2022-09-20,14.341361214928671,20
2022-09-21,14.362846379270106,20
2022-09-22,14.369628231285182,20
2022-09-23,14.300710709411927,20
2022-09-26,14.216872662569623,20
2022-09-27,14.312872798473157,20
2022-09-28,14.228306926734422,20
2022-09-29,14.245875634610394,20
2022-09-30,14.189417010807736,20
2022-10-10,14.123997405317327,20
2022-10-11,14.159150352530443,20
2022-10-12,14.243181030883392,20
2022-10-13,14.322802887373495,20
2022-10-14,14.381285451865383,20
2022-10-17,14.487288048575833,20
2022-10-18,14.524154533242614,20
2022-10-19,14.51211152546182,20
2022-10-20,14.488471219737123,20
2022-10-21,14.51001884959621,20
2022-10-24,14.510677745348206,20
2022-10-25,14.470753349037762,20
2022-10-26,14.558052113547623,20
2022-10-27,14.525517910517141,20
2022-10-28,14.384718148862865,20
2022-10-31,14.434122305036194,20
2022-11-01,14.511392634530715,20
2022-11-02,14.57892221313414,20
2022-11-03,14.586377822498138,20
2022-11-04,14.645509879165871,20
2022-11-07,14.674752540512532,20
2022-11-08,14.664775391418894,20
2022-11-09,14.706377719491643,20
2022-11-10,14.677077683688685,20
2022-11-11,14.687463263009526,20
2022-11-14,14.69812367245937,20
2022-11-15,14.783078540747473,20
2022-11-16,14.758940994616253,20
2022-11-17,14.767450643671307,20
2022-11-18,14.756061611698911,20
2022-11-21,14.817860500234524,20
2022-11-22,14.801507270438425,20
2022-11-23,14.768295546214318,20
2022-11-24,14.804087883659665,20
2022-11-25,14.791094368634075,20
2022-11-28,14.788163577935261,20
2022-11-29,14.836023140359869,20
2022-11-30,14.873352679827981,20
2022-12-01,14.88051515892185,20
2022-12-02,14.920291542606545,19
2022-12-05,14.951973447414076,19
2022-12-06,14.90571358883341,19
2022-12-07,14.961185560251774,19
2022-12-08,14.948015612401496,19
2022-12-09,14.941981067433034,19
2022-12-12,14.897782440344107,19
2022-12-13,14.916641663620217,19
2022-12-14,14.861674269592898,19
2022-12-15,14.911359396401885,19
2022-12-16,14.843999242882086,19
2022-12-19,14.680369443212097,19
2022-12-20,14.708451759768133,19
2022-12-21,14.680924616155957,19
2022-12-22,14.586028840148273,19
2022-12-23,14.552700468389535,19
2022-12-26,14.596076931334576,19
2022-12-27,14.609250981914657,19
2022-12-28,14.574566764609706,19
2022-12-29,14.565828691856185,19
2022-12-30,14.616809646814513,19
2023-01-03,14.726893698782673,19
2023-01-04,14.79306386916662,20
2023-01-05,14.834663496068995,20
2023-01-06,14.806348534817037,20
2023-01-09,14.81960104514568,20
2023-01-10,14.799491694681018,20
2023-01-11,14.755904014804035,20
2023-01-12,14.782698278064382,20
2023-01-13,14.7890093527862,20
2023-01-16,14.842294521152867,20
2023-01-17,14.8350482716745,20
2023-01-18,14.84734585702253,20
2023-01-19,14.867191594732047,20
2023-01-20,14.8820255162783,20
2023-01-30,14.947226643129504,20
2023-01-31,15.017186393270256,20
2023-02-01,15.096190967820053,20
2023-02-02,15.1121282532913,20
2023-02-03,15.075749286866543,20
2023-02-06,15.071630541522385,20
2023-02-07,15.134511955131211,20
2023-02-08,15.130647622871047,20
2023-02-09,15.197607697688944,20
2023-02-10,15.255069139154878,20
2023-02-13,15.418292659187621,20
2023-02-14,15.52995691677646,20
2023-02-15,15.529369487300846,20
2023-02-16,15.30430107529619,20
2023-02-17,15.341227312148137,20
2023-02-20,15.463394790821479,20
2023-02-21,15.523981775346872,20
2023-02-22,15.542333462254375,20
2023-02-23,15.529551691081661,20
2023-02-24,15.508132651823766,20
2023-02-27,15.414366418066756,20
2023-02-28,15.541650036213955,20
2023-03-01,15.636430891154491,20
2023-03-02,15.576132766333343,20
2023-03-03,15.609849249426954,20
2023-03-06,15.652881261229668,20
2023-03-07,15.562374838296526,20
2023-03-08,15.577725081951856,20
2023-03-09,15.580294856351625,20
2023-03-10,15.398011196857126,20
2023-03-13,15.440263961658458,20
2023-03-14,15.29107616638697,20
2023-03-15,15.503825302246106,20
2023-03-16,15.348831603168453,20
2023-03-17,15.293731533090332,20
2023-03-20,15.240947421761291,20
2023-03-21,15.376050203997186,20
2023-03-22,15.445831824003367,20
2023-03-23,15.467053885882223,20
2023-03-24,15.44324926072842,20
2023-03-27,15.453321274105956,20
2023-03-28,15.448675200622628,20
2023-03-29,15.38921324077924,20
2023-03-30,15.375765726991025,20
2023-03-31,15.505607913202695,20
2023-04-03,15.533230036898656,20
2023-04-04,15.308046781497065,20
2023-04-06,15.283830436140713,20
2023-04-07,15.367555676711603,20
2023-04-10,15.25501389429204,20
2023-04-11,15.224195997162646,20
2023-04-12,15.295790705116495,20
2023-04-13,15.221405789472557,20
2023-04-14,15.321105904913896,20
2023-04-17,15.45399262981268,20
2023-04-18,15.409839638807544,20
2023-04-19,15.356779251984086,20
2023-04-20,15.243863592555265,20
2023-04-21,15.022110848020839,20
2023-04-24,14.963321315565977,20
2023-04-25,14.737698169598893,20
2023-04-26,14.895470086015058,20
2023-04-27,14.900871507037555,20
2023-04-28,15.149898564583793,20
2023-05-04,15.297042710890068,20
2023-05-05,15.196941649510888,20
2023-05-08,15.174343695193105,20
2023-05-09,14.930261009849461,20
2023-05-10,14.915768310196052,20
2023-05-11,15.024355138935105,20
2023-05-12,14.891206597603961,20
2023-05-15,15.00792485468436,20
2023-05-16,14.944033536444662,20
2023-05-17,14.981190001574413,20
2023-05-18,15.011484750253405,20
2023-05-19,15.093861655789848,20
2023-05-22,15.275308166576073,20
2023-05-23,15.163600698845434,20
2023-05-24,15.097320679224259,20
2023-05-25,15.04444578642607,20
2023-05-26,15.079034470772692,20
2023-05-29,15.002938024329648,20
2023-05-30,14.988244169812356,20
2023-05-31,14.913332327099921,20
2023-06-01,14.955817240500885,20
2023-06-02,15.055626719663438,20
2023-06-05,15.016389670612813,20
2023-06-06,14.792110260967771,20
2023-06-07,14.772774507419031,20
2023-06-08,14.762885446411012,20
2023-06-09,14.718611515488515,20
2023-06-12,14.791410111493182,20
2023-06-13,14.797390447958044,20
2023-06-14,14.773715270093389,20
2023-06-15,14.8280526620399,20
2023-06-16,14.909701246142095,20
2023-06-19,14.813869144210026,20
2023-06-20,14.745986255245294,20
2023-06-21,14.654183657198434,20
2023-06-26,14.489831933430251,20
2023-06-27,14.797676140205558,20
2023-06-28,14.879581975888089,20
2023-06-29,15.021076585012397,20
2023-06-30,15.134212257163739,20
2023-07-03,15.156201093868678,20
2023-07-04,15.170734509767215,20
2023-07-05,15.16194714894049,20
2023-07-06,15.15499789963722,20
2023-07-07,15.159788844789713,20
2023-07-10,15.212128478984296,20
2023-07-11,15.292503353484902,20
2023-07-12,15.262070922995537,20
2023-07-13,15.312869220406775,20
2023-07-14,15.310562340528893,20
2023-07-17,15.291179760677322,20
2023-07-18,15.34737745234016,20
2023-07-19,15.338054376267293,20
2023-07-20,15.271747456404587,20
2023-07-21,15.272341600670112,20
2023-07-24,15.270093959649337,20
2023-07-25,15.421625809217456,20
2023-07-26,15.43224572749016,20
2023-07-27,15.367706083436138,20
2023-07-28,15.468807850010073,20
2023-07-31,15.479479567794383,20
2023-08-01,15.461598871546075,20
2023-08-02,15.463570036048358,20
2023-08-03,15.43779990303818,20
2023-08-04,15.373218431598188,20
2023-08-07,15.24357568781078,20
2023-08-08,15.27057961927665,20
2023-08-09,15.189619730027863,20
2023-08-10,15.257677225084835,20
2023-08-11,15.140510704506175,20
2023-08-14,15.163073538317576,20
2023-08-15,15.100105471969956,20
2023-08-16,15.027243384677224,20
2023-08-17,15.137505981826456,20
2023-08-18,15.03191821593474,20
2023-08-21,15.001733944989397,20
2023-08-22,14.943100380667513,20
2023-08-23,14.82374879557888,20
2023-08-24,14.872626118608249,20
2023-08-25,14.75493075078234,20
2023-08-28,14.853231849140709,20
2023-08-29,15.127850527509658,20
2023-08-30,15.220889806558038,20
2023-08-31,15.199316336472286,20
2023-09-01,15.209578297554273,20
2023-09-04,15.274728570496533,20
2023-09-05,15.279419716354028,20
2023-09-06,15.25727199302446,20
2023-09-07,15.172601412201304,20
2023-09-08,15.163827854534434,20
2023-09-11,15.213247049586123,20
2023-09-12,15.219124963487127,20
2023-09-13,15.15669106196954,20
2023-09-14,15.12793628594303,20
2023-09-15,15.157931829392085,20
2023-09-18,15.221922682660502,20
2023-09-19,15.187781554493696,20
2023-09-20,15.171836078873033,20
2023-09-21,15.131485053766202,20
2023-09-22,15.204528496826667,20
2023-09-25,15.221741527595341,20
2023-09-26,15.194600513977285,20
2023-09-27,15.233685700740825,20
2023-09-28,15.291303993943565,20
2023-10-09,15.254528388114254,20
2023-10-10,15.21734761843371,20
2023-10-11,15.222590765194298,20
2023-10-12,15.26118443061735,20
2023-10-13,15.229624367852125,20
2023-10-16,15.196504581342815,20
2023-10-17,15.184343806824145,20
2023-10-18,15.105555609501613,20
2023-10-19,15.07150295397824,20
2023-10-20,15.041707119529066,20
2023-10-23,14.942415136966996,20
2023-10-24,15.04729985171215,20
2023-10-25,15.083902967725173,20
2023-10-26,15.082090919533773,20
2023-10-27,15.163730572464,20
2023-10-30,15.194026973689363,20
2023-10-31,15.186002331512467,20
2023-11-01,15.188414865622622,20
2023-11-02,15.146997396552479,20
2023-11-03,15.169403858959269,20
2023-11-06,15.239828201331793,20
2023-11-07,15.235258565565703,20
2023-11-08,15.226709092747967,20
2023-11-09,15.221732880644343,20
2023-11-10,15.235865004539427,20
2023-11-13,15.242649400194717,20
2023-11-14,15.23990320634976,20
2023-11-15,15.27008613446536,20
2023-11-16,15.23610133423325,20
2023-11-17,15.269325187748798,20
2023-11-20,15.289980735020562,20
2023-11-21,15.279827628906178,20
2023-11-22,15.238834348322076,20
2023-11-23,15.288928479497972,20
2023-11-24,15.265486134644139,20
2023-11-27,15.252386311932746,20
2023-11-28,15.285183389889077,20
2023-11-29,15.25678519635863,20
2023-11-30,15.233850188194566,20
2023-12-01,15.229572905349338,20
2023-12-04,15.18689942377423,20
2023-12-05,15.095297646713938,20
2023-12-06,15.128352002098861,20
2023-12-07,15.112511376226818,20
2023-12-08,15.046850742149939,20
2023-12-11,15.101152415954738,20
2023-12-12,15.127889308241846,20
2023-12-13,15.110425346427963,20
2023-12-14,15.103309489201086,20
2023-12-15,15.07507879013348,20
2023-12-18,15.014347025877644,20
2023-12-19,15.003684783324031,20
2023-12-20,14.954853955077747,20
2023-12-21,15.010628532270559,20
2023-12-22,14.947807590306066,20
2023-12-25,14.944207639807766,20
2023-12-26,14.88724955854602,20
2023-12-27,14.916617575761473,20
2023-12-28,14.989017201334157,20
2023-12-29,15.062984600517565,20
2024-01-02,15.10011444679951,20
2024-01-03,15.108065112020338,20
2024-01-04,15.109324545660506,20
2024-01-05,15.070921482231599,20
2024-01-08,15.008005507581245,20
2024-01-09,15.029876997628026,20
2024-01-10,15.01417205870409,20
2024-01-11,15.043845108238386,20
2024-01-12,15.035534719812938,20
2024-01-15,15.05660350853659,20
2024-01-16,15.05933875985565,20
2024-01-17,14.997736042583387,20
2024-01-18,14.972393544127417,20
2024-01-19,14.942004480531887,20
2024-01-22,14.753033776317903,20
2024-01-23,14.765276499316167,20
2024-01-24,14.808624492019682,20
2024-01-25,14.912196574279626,20
2024-01-26,14.912391748290624,20
2024-01-29,14.86901348752589,20
2024-01-30,14.776137251355168,20
2024-01-31,14.692084912473259,20
2024-02-01,14.64363641742332,20
2024-02-02,14.498819294143473,20
2024-02-05,14.259717882581066,20
2024-02-06,14.30146763839499,20
2024-02-07,14.21273811377733,20
2024-02-08,14.465338287730253,20
2024-02-19,14.584728224390462,20
2024-02-20,14.605944253610042,20
2024-02-21,14.658241183566735,20
2024-02-22,14.717454944891436,20
2024-02-23,14.78345233917954,20
2024-02-26,14.838005796712658,20
2024-02-27,14.903221874755008,20
2024-02-28,14.713567021124557,20
2024-02-29,14.846327323181775,20
2024-03-01,14.882079950475294,20
2024-03-04,14.895011668938006,20
2024-03-05,14.81900099984255,20
2024-03-06,14.849387042655609,20
2024-03-07,14.84314639247258,20
2024-03-08,14.88586864463728,20
2024-03-11,14.952342386464293,20
2024-03-12,15.012090222030805,20
2024-03-13,15.031773859910839,20
2024-03-14,15.060596422832637,20
2024-03-15,15.120002215274418,20
2024-03-18,15.21410115155394,20
2024-03-19,15.21124986744351,20
2024-03-20,15.249375875653213,20
2024-03-21,15.269260621506858,20
2024-03-22,15.205481168652009,20
2024-03-25,15.135273387736296,20
2024-03-26,15.170271729549517,20
2024-03-27,15.104934864527175,20
2024-03-28,15.166182891015694,20
2024-03-29,15.194480939985322,20
2024-04-01,15.294340674884605,20
2024-04-02,15.330639839424371,20
2024-04-03,15.3121054174619,20
2024-04-08,15.242180778677858,20
2024-04-09,15.30045429661446,20
2024-04-10,15.214159332639875,20
2024-04-11,15.235223455597716,20
2024-04-12,15.246787954793794,20
2024-04-15,15.130006877952646,20
2024-04-16,14.902900264479367,20
2024-04-17,15.141380568636388,20
2024-04-18,15.185074352781514,20
2024-04-19,15.214113597229026,20
2024-04-22,15.169315025857065,20
2024-04-23,15.165272351688467,20
2024-04-24,15.23531931288892,20
2024-04-25,15.295917511220571,20
2024-04-26,15.284773518846665,20
2024-04-29,15.34986403433254,20
2024-04-30,15.41694441466343,20
2024-05-06,15.561728545880875,20
2024-05-07,15.573741917593706,20
2024-05-08,15.514123809453894,20
2024-05-09,15.568222452480649,20
2024-05-10,15.540729810425644,20
2024-05-13,15.549885987731338,20
2024-05-14,15.637594516704638,20
2024-05-15,15.60596321629734,20
2024-05-16,15.606597603082351,20
2024-05-17,15.619690387751156,20
2024-05-20,15.6893606452879,20
2024-05-21,15.665424043106228,20
2024-05-22,15.620106773666189,20
2024-05-23,15.534500358773611,20
2024-05-24,15.493322544157262,20
2024-05-27,15.542268847646309,20
2024-05-28,15.47782381058702,20
2024-05-29,15.487965863092825,20
2024-05-30,15.45701325348885,20
2024-05-31,15.461182121689271,20
2024-06-03,15.376642146343656,20
2024-06-04,15.461145909583728,20
2024-06-05,15.342373525428625,20
2024-06-06,15.201465735982406,20
2024-06-07,15.309677690861033,20
2024-06-11,15.306785241348146,20
2024-06-12,15.371800889695294,20
2024-06-13,15.298333019935567,20
2024-06-14,15.304029311766223,20
2024-06-17,15.269730062788298,20
2024-06-18,15.285860070907386,20
2024-06-19,15.224980882182969,20
2024-06-20,15.124283095389599,20
2024-06-21,15.13610080522367,20
2024-06-24,14.948249553514302,20
2024-06-25,14.9891717725597,20
2024-06-26,15.10495720222779,20
2024-06-27,14.983572981832024,20
2024-06-28,15.002999419325196,20
2024-07-01,15.08838972510089,20
2024-07-02,15.050406819265076,20
2024-07-03,15.003637255274407,20
2024-07-04,14.925450875894883,20
2024-07-05,14.93875741180661,20
2024-07-08,14.781098218143946,20
2024-07-09,14.843560708012443,20
2024-07-10,14.795276583728281,20
2024-07-11,14.88663583422012,20
2024-07-12,14.8684748859382,20
2024-07-15,14.803294767671753,20
2024-07-16,14.76538519092367,20
2024-07-17,14.747778940703919,20
2024-07-18,14.779900165774647,20
2024-07-19,14.76285828494614,20
2024-07-22,14.741732383035451,20
2024-07-23,14.618047438534592,20
2024-07-24,14.536175768080655,20
2024-07-25,14.56030975824708,20
2024-07-26,14.664524752279043,20
2024-07-29,14.618686841386191,20
2024-07-30,14.633339809332954,20
2024-07-31,14.824073905789868,20
2024-08-01,14.794948217581087,20
2024-08-02,14.75726683051532,20
2024-08-05,14.679602205232335,20
2024-08-06,14.804545782758671,20
2024-08-07,14.818419712748673,20
2024-08-08,14.818716704741675,20
2024-08-09,14.782533804979337,20
2024-08-12,14.801324780403347,20
2024-08-13,14.846842205733054,20
2024-08-14,14.857214511400917,20
2024-08-15,14.91141379408865,20
2024-08-16,14.923997031811934,20
2024-08-19,14.88810024334568,20
2024-08-20,14.782899912191693,20
2024-08-21,14.769383831436562,20
2024-08-22,14.694674349733852,20
2024-08-23,14.631926607812385,20
2024-08-26,14.663529007240484,20
2024-08-27,14.59738581904659,20
2024-08-28,14.615305015497494,20
2024-08-29,14.674025017727121,20
2024-08-30,14.728604262816086,20
2024-09-02,14.666330055178873,20
2024-09-03,14.711066405516574,20
2024-09-04,14.689257472858321,20
2024-09-05,14.6867798953448,20
2024-09-06,14.606316930176645,20
2024-09-09,14.586795611495809,20
2024-09-10,14.597876509585323,20
2024-09-11,14.587431303121276,20
2024-09-12,14.573077535730478,20
2024-09-13,14.51056655948402,20
2024-09-18,14.488770804326835,20
2024-09-19,14.56936480907874,20
2024-09-20,14.536760234001319,20
2024-09-23,14.545007852480142,20
2024-09-24,14.676763458707926,20
2024-09-25,14.725306743511629,20
2024-09-26,14.853523869590425,20
2024-09-27,15.006302934538308,20
2024-09-30,15.688430967717041,20
2024-10-08,16.137448657112376,20
2024-10-09,15.459990315355643,19
2024-10-10,15.548666635248635,19
2024-10-11,15.293584100722258,19
2024-10-14,15.485237677459615,19
2024-10-15,15.306795177605666,19
2024-10-16,15.3315556541174,19
2024-10-17,15.241628191278926,19
2024-10-18,15.38416134221866,19
2024-10-21,15.416048675816416,19
2024-10-22,15.55290663917923,19
2024-10-23,15.534101979251147,19
2024-10-24,15.565084639761007,19
2024-10-25,15.696555886335226,19
2024-10-28,15.818792218873504,19
2024-10-29,15.735310928713496,19
2024-10-30,15.674190741215869,19
2024-10-31,15.713202677250749,19
2024-11-01,15.555094805485279,19
2024-11-04,15.640944545169406,18
2024-11-05,15.774049255364691,18
2024-11-06,15.820614292825859,18
2024-11-07,16.041077676677496,18
2024-11-08,15.97419421305616,18
2024-11-11,16.05662783348517,18
2024-11-12,16.034091271938486,18
2024-11-13,16.062630010002763,18
2024-11-14,15.846284487341604,18
2024-11-15,15.816756671768069,18
2024-11-18,15.750359727391599,18
2024-11-19,15.928050714159356,18
2024-11-20,16.030002333919143,18
2024-11-21,16.014378608640804,18
2024-11-22,15.706989816576431,18
2024-11-25,15.839088777451474,18
2024-11-26,15.754025081563835,18
2024-11-27,15.864100735071167,18
2024-11-28,15.795655032821317,18
2024-11-29,15.947074619785282,18
2024-12-02,16.077450568197406,18
2024-12-03,16.148323710505082,14
2024-12-04,16.109733497875695,14
2024-12-05,16.178913700202312,14
2024-12-06,16.202507705659237,14
2024-12-09,16.215838764151307,14
2024-12-10,16.363843686890988,14
2024-12-11,16.5333435003587,14
2024-12-12,16.599379693649347,14
2024-12-13,16.38186632413708,14
2024-12-16,16.397533369792477,14
2024-12-17,16.207441499287054,14
2024-12-18,16.183270719494416,14
2024-12-19,16.129961682675695,14
2024-12-20,16.172535249868545,14
2024-12-23,16.0865713642187,14
2024-12-24,16.17999541326585,14
2024-12-25,16.050326097337912,14
2024-12-26,16.03507880108851,14
2024-12-27,16.049216209368595,14
2024-12-30,15.979347858904502,14
2024-12-31,15.865955324687967,14
2025-01-02,15.71803024288353,14
2025-01-03,15.583331251004862,15
2025-01-06,15.626016919962519,15
2025-01-07,15.685348031959528,15
2025-01-08,15.634333201818421,15
2025-01-09,15.559690772063659,15
2025-01-10,15.35217860530761,15
2025-01-13,15.373234128606825,15
2025-01-14,15.638917394234012,15
2025-01-15,15.561522940490695,15
2025-01-16,15.673374691042156,15
2025-01-17,15.743759763238312,15
2025-01-20,15.817124719303324,15
2025-01-21,15.835840158472932,15
2025-01-22,15.759024492968443,15
2025-01-23,15.72314315015243,15
2025-01-24,15.780011518849701,15
2025-01-27,15.874644850961829,15
2025-02-05,15.81780168068585,15
2025-02-06,15.883096341574175,18
2025-02-07,15.943869836044998,18
2025-02-10,16.03633099034078,18
2025-02-11,16.173419169031458,18
2025-02-12,16.170814380873935,18
2025-02-13,16.141660698264328,18
2025-02-14,16.184323444840533,18
2025-02-17,16.226074764576087,18
2025-02-18,15.982913693306902,18
2025-02-19,16.041141215343757,18
2025-02-20,16.097470218551976,18
2025-02-21,16.04696000876703,18
2025-02-24,16.039397382361575,18
2025-02-25,15.921051636966633,18
2025-02-26,16.13717921654158,18
2025-02-27,16.221403449609603,18
2025-02-28,15.935206582698404,18
2025-03-03,16.04885538780495,18
2025-03-04,16.128147482224396,17
2025-03-05,16.1293743952893,17
2025-03-06,16.356241862583786,17
2025-03-07,16.37068180362606,17
2025-03-10,16.511008707537666,17
2025-03-11,16.682267985124405,17
2025-03-12,16.65249905808178,17
2025-03-13,16.634547014636176,17
2025-03-14,16.9055302158272,17
2025-03-17,16.919705062635277,17
2025-03-18,17.05262714819406,17
2025-03-19,17.069492479868053,17
2025-03-20,17.019214657116446,17
2025-03-21,16.919585041650176,17
2025-03-24,16.859288615234977,17
2025-03-25,16.944708865520205,17
2025-03-26,17.005083179629356,17
2025-03-27,16.99820024195402,17
2025-03-28,16.890249940909264,17
2025-03-31,16.688584021095288,17
2025-04-01,16.852771066908915,17
2025-04-02,16.882789008463323,14
2025-04-03,16.837483487058993,14
2025-04-07,15.66404008324301,14
2025-04-08,15.932134918072283,14
2025-04-09,16.045277589546785,14
2025-04-10,16.328996371603246,14
2025-04-11,16.27430068338397,14
2025-04-14,16.46016448535311,14
2025-04-15,16.502561871519735,14
2025-04-16,16.470992741931795,14
2025-04-17,16.54890795681354,14
2025-04-18,16.505846866852302,14
2025-04-21,16.652536673972307,14
2025-04-22,16.885118777534156,14
2025-04-23,16.86983669417159,14
2025-04-24,16.928930367362252,14
2025-04-25,16.8398766731876,14
2025-04-28,16.533131741242244,14
2025-04-29,16.61566130773119,14
2025-04-30,16.584597246640055,14
2025-05-06,16.728830947116865,14
2025-05-07,16.743687702629973,15
2025-05-08,16.781315475697916,15
2025-05-09,16.772719230116415,15
2025-05-12,16.792852146338507,15
2025-05-13,16.830892009576022,15
2025-05-14,16.881631838208364,15
2025-05-15,16.871683558314427,15
2025-05-16,16.941350283213566,15
2025-05-19,16.95280415467168,15
2025-05-20,17.04374622045866,15
2025-05-21,17.124480292700667,15
2025-05-22,17.014352117671695,15
2025-05-23,17.000565825440237,15
2025-05-26,16.99022741002446,15
2025-05-27,16.98799491370891,15
2025-05-28,17.05650796996283,15
2025-05-29,17.188264452869547,15
2025-05-30,17.15827287829508,15
2025-06-03,17.285415945191595,15
2025-06-04,17.38026669372435,11
2025-06-05,17.32366985863409,11
2025-06-06,17.362217053165335,11
2025-06-09,17.42656912805378,11
2025-06-10,17.375432817018382,11
2025-06-11,17.441061095903333,11
2025-06-12,17.465731623743917,11
2025-06-13,17.323037549697837,11
2025-06-16,17.310690240191075,11
2025-06-17,17.28552032102243,11
2025-06-18,17.240805708084256,11
2025-06-19,17.055312201172022,11
2025-06-20,17.055555347771314,11
2025-06-23,17.116460798809268,11
2025-06-24,17.298260980686507,11
2025-06-25,17.346585853975974,11
2025-06-26,17.323214997547158,11
2025-06-27,17.43348139120263,11
2025-06-30,17.58705808410115,11
2025-07-01,17.620591209114057,11
2025-07-02,17.738045004060048,11
2025-07-03,17.862244277547454,11
2025-07-04,17.67414527356797,11
2025-07-07,17.650182374312312,11
2025-07-08,17.707489115997255,11
2025-07-09,17.621042480400845,11
2025-07-10,17.66187226453352,11
2025-07-11,17.663209712790145,11
2025-07-14,17.81264455181316,11
2025-07-15,17.81453373736754,11
2025-07-16,17.915223307088926,11
2025-07-17,17.904604004816296,11
2025-07-18,17.87549932074931,11
2025-07-21,18.08989838953698,11
2025-07-22,18.227545181914753,11
2025-07-23,18.130750380742786,11
2025-07-24,18.25521503689028,11
2025-07-25,18.288575306628733,11
2025-07-28,18.223364710783144,11
2025-07-29,18.188840651717978,11
2025-07-30,18.247164407037157,11
2025-07-31,18.0802426956145,11
2025-08-01,18.058794962605194,11
2025-08-04,18.282507662891213,10
2025-08-05,18.472403285818437,10
2025-08-06,18.57471738072463,10
2025-08-07,18.506205576785405,10
2025-08-08,18.718772615802536,10
2025-08-11,18.811564749681217,10
2025-08-12,19.002044195493088,10
2025-08-13,19.04653782414987,10
2025-08-14,18.86635517342637,10
2025-08-15,19.08828342692757,10
2025-08-18,19.246758327978984,10
2025-08-19,19.543403275423216,10
2025-08-20,19.590082471227767,10
2025-08-21,19.470302057917635,10
2025-08-22,19.453568630198056,10
2025-08-25,19.68756783147528,10
2025-08-26,19.67203144191009,10
2025-08-27,19.266316838312765,10
2025-08-28,19.216347447952014,10
2025-08-29,19.28086841450147,10
2025-09-01,19.460815496117608,10
2025-09-02,19.479183651139177,7
2025-09-03,19.104716548286415,7
2025-09-04,19.07903204738334,7
2025-09-05,19.322259576872973,7
2025-09-08,19.450851037594422,7
2025-09-09,19.3554889242382,7
2025-09-10,19.273791082053663,7
2025-09-11,19.49722653310789,7
2025-09-12,19.472446866065805,7
2025-09-15,19.528574630616184,7
2025-09-16,19.670483547956795,7
2025-09-17,19.75034262721317,7
2025-09-18,19.40386633186946,7
2025-09-19,19.36833174600712,7
2025-09-22,19.42524867954797,7
2025-09-23,19.19897853151571,7
2025-09-24,19.454065006953893,7
2025-09-25,19.373980231979154,7
2025-09-26,19.24644359034228,7
2025-09-29,19.489433977245774,7
2025-09-30,19.504152033418777,7
2025-10-09,19.639186817340082,7
2025-10-10,19.66325511463916,8
2025-10-13,19.5593309094369,8
2025-10-14,19.654787179391185,8
2025-10-15,19.954621188982486,8
2025-10-16,19.765710954186357,8
2025-10-17,19.602550465930385,8
2025-10-20,19.595832666287425,8
2025-10-21,19.765217278372003,8
2025-10-22,19.78072499130011,8
2025-10-23,19.96461904369025,8
2025-10-24,20.02435823260507,8
2025-10-27,20.16171619657984,8
2025-10-28,19.9747500778045,8
2025-10-29,20.004942993784372,8
2025-10-30,20.2792349288964,8
2025-10-31,20.47004648929743,8
2025-11-03,20.6002998805144,8
2025-11-04,20.438758330692348,6
2025-11-05,20.447591508702146,6
2025-11-06,20.378738917108986,6
2025-11-07,20.46000598397191,6
2025-11-10,20.563738892624535,6
2025-11-11,20.61075555232062,6
2025-11-12,20.7322650201734,6
2025-11-13,20.87406709229029,6
2025-11-14,20.692964053190597,6
2025-11-17,20.512506423232082,6
2025-11-18,20.30160543857648,6
2025-11-19,20.196789644893983,6
2025-11-20,20.10346772222497,6
2025-11-21,19.622265894875326,6
2025-11-24,19.683234669024092,6
2025-11-25,19.756796980206172,6
2025-11-26,19.678590748347748,6
2025-11-27,19.680853133990762,6
2025-11-28,19.74941162648083,6
2025-12-01,19.900478353153236,6
2025-12-02,19.799147494092686,7
2025-12-03,19.76930381519992,7
2025-12-04,19.67104092989043,7
2025-12-05,19.733936327245868,7
2025-12-08,19.691212214578844,7
2025-12-09,19.528516743682452,7
2025-12-10,19.553336550180582,7
2025-12-11,19.32100191741963,7
2025-12-12,19.38681457192825,7
2025-12-15,19.409723643953786,7
2025-12-16,19.262750296280718,7
2025-12-17,19.405068169333312,7
2025-12-18,19.53202543839012,7
2025-12-19,19.67393440833336,7
2025-12-22,19.631909038653887,7
2025-12-23,19.55208498320677,7
2025-12-24,19.62100221902726,7
2025-12-25,19.61872087408826,7
2025-12-26,19.58779718753657,7
2025-12-29,19.496776686104436,7
2025-12-30,19.513613220679407,7
2025-12-31,19.484736717648328,7
2026-01-05,19.692952217739045,7
2026-01-06,19.877880815036626,7
2026-01-07,19.790147617116585,7
2026-01-08,19.932012903462702,7
2026-01-09,20.073439689543797,7
2026-01-12,20.239970780914106,7
2026-01-13,20.290737902366683,7
2026-01-14,20.3600449698298,7
2026-01-15,20.38260156728936,7
2026-01-16,20.143937470782607,7
2026-01-19,20.308790338460305,7
2026-01-20,20.419417440067658,7
2026-01-21,20.44096050793496,7
2026-01-22,20.59916518614735,7
2026-01-23,20.735549537911318,7
2026-01-26,20.932823864566803,7
2026-01-27,20.65049531065058,7
2026-01-28,20.657426085969696,7
2026-01-29,20.922204854881414,7
2026-01-30,20.747817381867307,7
2026-02-02,20.262728514519267,7
2026-02-03,20.415752429113486,6
2026-02-04,20.519227028028826,6
2026-02-05,20.707291863507045,6
2026-02-06,20.641541971519327,6
2026-02-09,20.69791658216528,6
2026-02-10,20.732218350626827,6
2026-02-11,20.831356190591933,6
2026-02-12,20.63688794791041,6
2026-02-13,20.466019239657864,6
2026-02-24,20.564995766914365,6
2026-02-25,20.54454160410982,6
2026-02-26,20.41904618400923,6
2026-02-27,20.44109843016995,6
2026-03-02,20.309035219186292,6
2026-03-03,20.105436980782688,6
2026-03-04,19.909518818234528,6
2026-03-05,19.98460467561586,6
2026-03-06,20.209901548241273,6
2026-03-09,20.116081724561777,6
2026-03-10,20.212380019316257,6
2026-03-11,20.295007907995107,6
2026-03-12,20.245793977024142,6
2026-03-13,20.408071480004157,6
2026-03-16,20.308198366810522,6
2026-03-17,20.28374188528833,6
2026-03-18,20.381198884347057,6
2026-03-19,20.097927551774372,6
2026-03-20,19.81573033957554,6
2026-03-23,19.008006357573596,6
2026-03-24,19.47694075491618,6
2026-03-25,19.585555376965058,6
2026-03-26,19.631483926026856,6
2026-03-27,19.830710700736756,6
2026-03-30,19.934278176066776,6
2026-03-31,19.90131619184509,6
2026-04-01,20.0505751335916,6
2026-04-02,19.966830273828904,6
2026-04-03,19.641790936470816,6
2026-04-07,19.695128984727692,6
2026-04-08,19.998636601816465,6
2026-04-09,19.752369924607,6
2026-04-10,19.922104995625297,6
2026-04-13,19.838889314436653,6
2026-04-14,19.87386132994881,6
2026-04-15,19.97957478223525,6
2026-04-16,19.921268948842595,6
2026-04-17,19.84057166038342,6
2026-04-20,19.85054418450411,6
2026-04-21,20.080433085515963,6
2026-04-22,20.0088550181306,6
2026-04-23,20.054127123296354,6
2026-04-24,20.049921844031857,6
2026-04-27,20.004530544875507,6
2026-04-28,20.118933190932573,6
2026-04-29,20.393689220122884,6
2026-04-30,20.183877429823408,6
2026-05-06,20.180947590342033,6
2026-05-07,20.24787769420321,5
2026-05-08,20.14345887368082,5
2026-05-11,20.104356518066147,5
2026-05-12,19.997412949176063,5
2026-05-13,20.107058840103683,5
2026-05-14,19.859883867473005,5
2026-05-15,19.670711097815374,5
2026-05-18,19.479190495228053,5
2026-05-19,19.589334114128196,5
2026-05-20,19.390581106470616,5
2026-05-21,19.023059414861265,5
2026-05-22,19.089331568375066,5
2026-05-25,19.02143821497221,5
2026-05-26,18.942933105186015,5
2026-05-27,18.807700366428634,5
2026-05-28,18.74853250669625,5
2026-05-29,18.886834310290723,5
2026-06-01,19.06047786882136,5
2026-06-02,18.86607561387522,9
2026-06-03,18.719278830466184,9
2026-06-04,18.433898058705907,9
2026-06-05,18.49876616308863,9
2026-06-08,18.269298084610153,9
2026-06-09,18.1707514183225,9
2026-06-10,18.140155753140778,9
2026-06-11,18.161796914239268,9
2026-06-12,18.382393860527483,9
2026-06-15,18.392212005447277,9
2026-06-16,18.236208352009918,9
2026-06-17,18.170996547230708,9
2026-06-18,18.035058730593285,9
2026-06-22,17.989207998383417,9
2026-06-23,18.285658131004944,9
2026-06-24,18.069790646206567,9
2026-06-25,17.87608051831562,9
2026-06-26,17.662390170577755,9
2026-06-29,18.006626689683916,9
2026-06-30,17.95272473301915,9
2026-07-01,18.151438086387145,9
2026-07-02,18.286152800090036,9
2026-07-03,18.43887729346419,9
2026-07-06,18.50907650115126,9
2026-07-07,18.24771253824693,9
2026-07-08,18.212207942798482,9
2026-07-09,18.120648329301158,9
2026-07-10,18.21120393283863,9
2026-07-13,18.251088317497896,9
2026-07-14,18.428110922891427,9
2026-07-15,18.710025091943532,9
2026-07-16,18.642478127014993,9
2026-07-17,18.36950609407284,9
2026-07-20,18.404466317970087,9
2026-07-21,18.28298972198469,9
2026-07-22,18.264325993588315,9
2026-07-23,18.296468406098068,9
2026-07-24,18.02558449257346,9
2026-07-27,18.205015871534744,9
2026-07-28,18.34491084545203,9
2026-07-29,18.61218001337432,9
2026-07-30,18.664379554224094,9
2026-07-31,18.665454690933462,9
2026-08-03,18.729518304245797,9
2026-08-04,18.676558489227613,10
2026-08-05,18.62093018123878,10
2026-08-06,18.550384913369808,10
2026-08-07,18.646611075781447,10
2026-08-10,18.734569407595178,10
2026-08-11,18.693742448893936,10
2026-08-12,18.6965874728913,10
2026-08-13,18.80032150649847,10
2026-08-14,18.80032150649847,0
