date,micro_turnover_share,micro_turnover_share_roll20,micro_turnover_share_monthly,micro_turnover_mean,micro_turnover_pct60,excess_slope_60d,excess_slope_tstat_60d,snowball_dist_zz500_12m
2019-01-02,0.1144365462765848,0.11371531532774977,0.10648358782208606,,,0.0018126232855215875,11.65470304206607,-0.17377278787159423
2019-01-03,0.11727575445799236,0.11449973284010857,0.10648358782208606,,,0.0018250309616231759,11.815653028101902,-0.17071983847372718
2019-01-04,0.09705164375795114,0.11444017842018794,0.10648358782208606,,,0.001860627006807603,12.407242473581285,-0.15627160475620827
2019-01-07,0.09956160091263884,0.11471641178664937,0.10648358782208606,,,0.0018627948220911429,12.429736035676903,-0.14135792185824347
2019-01-08,0.10557167287013171,0.11495422832078835,0.10648358782208606,,,0.0018247336671440302,12.152655470302541,-0.13563291688700418
2019-01-09,0.10346303965306146,0.11509540290406513,0.10648358782208606,,,0.001782088576987673,11.736499318073326,-0.13812888987993377
2019-01-10,0.10700067135806193,0.11514774545711129,0.10648358782208606,,,0.0017202963307880706,11.257622874572911,-0.13296718062876478
2019-01-11,0.12937562132916094,0.11595406453880805,0.10648358782208606,,,0.0016729237605061632,10.913698081134383,-0.13066404266738885
2019-01-14,0.12076920014901327,0.11670991225337471,0.10648358782208606,,,0.0016035611514310828,10.468216808780214,-0.14280320137146807
2019-01-15,0.09969567183177601,0.11627979821068139,0.10648358782208606,,,0.00150261054241096,9.89131496983078,-0.1418192999082314
2019-01-16,0.10794262150513256,0.11617437631315616,0.10648358782208606,,,0.0014089618573100214,9.344074912099705,-0.15139592937224
2019-01-17,0.10886130424065474,0.11593106883858653,0.10648358782208606,,,0.001319874169768579,8.642905505287823,-0.16172428354500612
2019-01-18,0.09409303752522283,0.11504023661588217,0.10648358782208606,,,0.0012021044336313663,7.709268714411616,-0.15310134989202562
2019-01-21,0.09867245393409133,0.1146979569026727,0.10648358782208606,,,0.001054544771717383,6.907001827179326,-0.15189467967240144
2019-01-22,0.11731500886165988,0.11524671305743386,0.10648358782208606,,,0.0009410005157540989,6.3202294568881365,-0.1645164112889338
2019-01-23,0.13009621493950152,0.11464583825845114,0.10648358782208606,,,0.0008615716803469011,5.833676654539638,-0.1578743712866496
2019-01-24,0.11631472333524878,0.11398699219976285,0.10648358782208606,,,0.000781765565233233,5.349313760134608,-0.15612151685200926
2019-01-25,0.10609723200120408,0.11161528700240683,0.10648358782208606,,,0.000669541350591811,4.522514647599191,-0.1564717892718882
2019-01-28,0.09946107901198067,0.10985444151736574,0.10648358782208606,,,0.0005366336378383244,3.5760799128532916,-0.13902106638078382
2019-01-29,0.10597699754744473,0.10895160477492567,0.10648358782208606,,,0.0003369674848261939,2.1316333614200222,-0.15604701567162615
2019-01-30,0.10873745968484493,0.10866665044533867,0.10648358782208606,,,0.00014836391966535864,0.8764578612386869,-0.1600217632023182
2019-01-31,0.09498590366774544,0.10755215790582633,0.10830706631141383,,,-0.00011130379560883257,-0.5851590270617875,-0.16959475892429232
2019-02-01,0.08785071679035868,0.10709211155744673,0.10830706631141383,,,-0.0003325602001426466,-1.67239443972938,-0.1442104113590057
2019-02-11,0.0842426812287752,0.10632616557325354,0.10830706631141383,,,-0.0005312612361376019,-2.652063387065685,-0.13297139030297578
2019-02-12,0.0921394433220125,0.10565455409584759,0.10830706631141383,,,-0.0006919630708285481,-3.4440001850563307,-0.1267729352550545
2019-02-13,0.08486915860040319,0.10472486004321466,0.10830706631141383,,,-0.0008206676448183224,-4.0396999043913855,-0.11788448305522126
2019-02-14,0.09129461151434987,0.10393955705102906,0.10830706631141383,,,-0.000935315120527688,-4.58483142722205,-0.11241364766759987
2019-02-15,0.0871575736872344,0.10182865466893273,0.10830706631141383,,,-0.0009933311254608787,-4.884118346050307,-0.11830449629685691
2019-02-18,0.091392941683508,0.10035984174565746,0.10830706631141383,,,-0.0010104118452723826,-4.962776245150992,-0.07664724898270725
2019-02-19,0.08918985623059456,0.0998345509655984,0.10830706631141383,,,-0.0010146258519759938,-4.982506303388627,-0.07592324440455789
2019-02-20,0.09089214149863599,0.09898202696527356,0.10830706631141383,,,-0.0010324683862427363,-5.070809642060813,-0.05732613536723874
2019-02-21,0.08850113982837556,0.09796401874465961,0.10830706631141383,,,-0.0010542547449822104,-5.182297105458655,-0.026870702718562955
2019-02-22,0.0788952956370735,0.09720413165025214,0.10830706631141383,,,-0.001066395293225407,-5.239751841607877,-0.005533278189010393
2019-02-25,0.07406805307239701,0.09597391160716742,0.10830706631141383,,,-0.0010886585887658182,-5.329997859520346,0.05121678516840977
2019-02-26,0.07149362791202794,0.09368284255968583,0.10830706631141383,,,-0.0011399744689296082,-5.612139148632068,0.10411790197648618
2019-02-27,0.0720175961577558,0.09077891162059855,0.10830706631141383,,,-0.0012067405410890854,-6.011274575836171,0.09822979998361125
2019-02-28,0.07540966789610036,0.08873365884864112,0.08396096700397351,,,-0.0012320049257834424,-6.168701213093184,0.08933244370916049
2019-03-01,0.06880448075064916,0.08686902128611337,0.08396096700397351,,,-0.001283638869318752,-6.45411517339244,0.1402607915142262
2019-03-04,0.06894850544953762,0.08534339260799122,0.08396096700397351,,,-0.001356825623006788,-6.956926941385354,0.1313735524463695
2019-03-05,0.0747876157514146,0.08378392351818971,0.08396096700397351,,,-0.0013991896207056545,-7.31503419168142,0.15376791609340912
2019-03-06,0.07688651439876526,0.08219137625388573,0.08396096700397351,,,-0.0014097162071485282,-7.4107771547696455,0.17076118094805182
2019-03-07,0.08323436425482036,0.08160379928323948,0.08396096700397351,,,-0.0013596773962751966,-6.9088964474994325,0.16126374659680387
2019-03-08,0.07304243581387783,0.08086338523441544,0.08396096700397351,,,-0.0013319562193725306,-6.657966189181785,0.11181487219459463
2019-03-11,0.07160802043098242,0.0802316521945258,0.08396096700397351,,,-0.001259767845659102,-5.994574079902662,0.13115061661647043
2019-03-12,0.07609806102801323,0.07942958307982584,0.08396096700397351,,,-0.0011648635889585123,-5.228313274266426,0.15442774272001736
2019-03-13,0.07310725827457504,0.07884148806353443,0.08396096700397351,,,-0.0010948772164729756,-4.752132005080779,0.12573765160382933
2019-03-14,0.07257046015198523,0.07790528049541619,0.08396096700397351,,,-0.0010532578873327857,-4.5174005986051435,0.08750128279332858
2019-03-15,0.06820960685396682,0.07695788215375281,0.08396096700397351,,,-0.0010054705086625505,-4.2540869386972044,0.10607508501428664
2019-03-18,0.065049625953806,0.07564071636726771,0.08396096700397351,,,-0.0009746967407945633,-4.088485532283438,0.1339656367690627
2019-03-19,0.07267271626795334,0.07481485936913565,0.08396096700397351,,,-0.0009454286894304372,-3.9231356871510346,0.12320210128357356
2019-03-20,0.07309671758986168,0.07392508817369695,0.08396096700397351,,,-0.0009073015462767906,-3.7197945747148062,0.13279343240197483
2019-03-21,0.06784758651617978,0.07289241050808715,0.08396096700397351,,,-0.000851744694676015,-3.4331403780698735,0.13949792824414975
2019-03-22,0.06887287469834737,0.07239128946115084,0.08396096700397351,,,-0.0007897283699020335,-3.123788650383684,0.13222221774697007
2019-03-25,0.06800850642643301,0.07208831212885265,0.08396096700397351,,,-0.0006710852359206748,-2.5704781246895623,0.10186362193838483
2019-03-26,0.07370666259899657,0.07219896386320107,0.08396096700397351,,,-0.0005561786887810391,-2.09545437053399,0.0782605250980708
2019-03-27,0.07531027150520143,0.07236359763057336,0.08396096700397351,,,-0.00042037105561762265,-1.5753444049408538,0.10025871998477354
2019-03-28,0.07889914241411881,0.07253807135647429,0.08396096700397351,,,-0.000292167104244202,-1.0970738223172936,0.08617041829831185
2019-03-29,0.06992366699561393,0.07259403066872251,0.08396096700397351,,,-0.00018190435466754328,-0.6929732231830058,0.12825004156968434
2019-04-01,0.07052193837999483,0.07267270231524538,0.08396096700397351,,,-8.048719181124418e-05,-0.30855718753164374,0.16956315363722818
2019-04-02,0.07218367272898885,0.0725425051641241,0.08396096700397351,,,8.589974769041446e-06,0.032934993636681016,0.16938624143908565
2019-04-03,0.07004311365960503,0.07220033512716609,0.08396096700397351,,,0.00011599959308299466,0.4498767502029456,0.1902110371917789
2019-04-04,0.07039236142205223,0.07155823498552767,0.08396096700397351,,,0.00019200760112931316,0.7509459286858566,0.20294594793048226
2019-04-08,0.06860034881423448,0.0713361306355455,0.08396096700397351,,,0.0002571431201451222,1.0154543834419196,0.2630629884958957
2019-04-09,0.07396329526405819,0.07145389437719929,0.08396096700397351,,,0.00034569517908968446,1.3940549630542944,0.2404893037542699
2019-04-10,0.06704814390136511,0.07100139852086687,0.08396096700397351,,,0.0004230288293790858,1.7455395932713624,0.21188466015717244
2019-04-11,0.07056128252874079,0.07087409973357518,0.08396096700397351,,,0.0004912099784780469,2.064548459414657,0.1984865337505426
2019-04-12,0.07140193922512342,0.07081567368723209,0.08396096700397351,,,0.0005631715079845886,2.4187889918330905,0.18361710973433176
2019-04-15,0.06519417062661022,0.07066490187586426,0.08396096700397351,,,0.0006421728058728722,2.843803743399433,0.15621940792884326
2019-04-16,0.06699742152556702,0.0707622916544523,0.08396096700397351,,,0.0007012993828170994,3.192902974590489,0.1795665165623319
2019-04-17,0.06840531656019232,0.07054892166906425,0.08396096700397351,,,0.0007611077087735078,3.5554337000771756,0.19802143139216755
2019-04-18,0.07080262289281362,0.07043421693421185,0.08396096700397351,,,0.0008192127106580429,3.939341022287397,0.19962453175522965
2019-04-19,0.0676854151986996,0.07042610836833783,0.08396096700397351,,,0.0008570449292554513,4.201724571466296,0.20530170277093784
2019-04-22,0.06341730157456643,0.0701533297121488,0.08396096700397351,,,0.0008958802242967312,4.456030699480015,0.17976696567894868
2019-04-23,0.06624741250081986,0.07006527501586814,0.08396096700397351,,,0.0009076603977064996,4.5429436347864245,0.15582796211949046
2019-04-24,0.06884902926935581,0.0698223933493861,0.08396096700397351,,,0.0009498440476604691,4.872679032817291,0.17323821933507233
2019-04-25,0.06818292281338685,0.06946602591479537,0.08396096700397351,,,0.0009714833519648787,5.068847324557038,0.13204115784029935
2019-04-26,0.0716242762615977,0.0691022826071693,0.08396096700397351,,,0.0009995371047448285,5.333589417670821,0.1243485344051174
2019-04-29,0.07058774274701794,0.06913548639473951,0.08396096700397351,,,0.0009195623681343156,4.554525735250768,0.11732490705511944
2019-04-30,0.0671560365890477,0.06896719130519216,0.06904122688018276,,,0.0008388863179909743,3.9322341617656695,0.1111756861639035
2019-05-06,0.061635039326423655,0.06843975963506391,0.06904122688018276,,,0.0006786212898495793,2.9479640776577285,0.021860172633820563
2019-05-07,0.06606901484127846,0.06824105469414757,0.06904122688018276,,,0.0005187996071972287,2.153885456408758,0.05712096035325587
2019-05-08,0.07468924938401321,0.06845589909224561,0.06904122688018276,,,0.0003250243581805162,1.3620480813365357,0.06194392059919762
2019-05-09,0.07365273014988212,0.068708518159028,0.06904122688018276,,,0.00018231204206476512,0.7754859108204528,0.025737499187956203
2019-05-10,0.07342881525826297,0.06868179415873824,0.06904122688018276,,,5.340660831482701e-05,0.2297697605438582,0.06225129718955991
2019-05-13,0.0793099774295687,0.06929488583514842,0.06904122688018276,,,-4.103090900612012e-05,-0.1794075916212947,0.07000762827897589
2019-05-14,0.07475368438992469,0.06950450592820762,0.06904122688018276,,,-0.00013839774863340392,-0.6176549216993686,0.059039744861954846
2019-05-15,0.07239779715756121,0.06955429882482951,0.06904122688018276,,,-0.00023678573359135763,-1.079847585376104,0.08374785643763794
2019-05-16,0.07579300013766194,0.07008424030038209,0.06904122688018276,,,-0.00030137300970471356,-1.3870071655686147,0.080337405335426
2019-05-17,0.07436071708670727,0.07045240507843911,0.06904122688018276,,,-0.0003838446120239564,-1.7786431116519126,0.04550962433075756
2019-05-20,0.073140435177137,0.07068916100928634,0.06904122688018276,,,-0.00044727359132454964,-2.0905596303255103,0.02247957806603984
2019-05-21,0.07239716546384606,0.07076888813783797,0.06904122688018276,,,-0.000509999207787912,-2.411726654223869,0.03650017196821986
2019-05-22,0.0777197964649837,0.07127060720115216,0.06904122688018276,,,-0.0005730343447098318,-2.747675941259763,0.031721821001112316
2019-05-23,0.08008037686510822,0.07210376096567925,0.06904122688018276,,,-0.0006521534186023372,-3.1884919588258143,0.00837304811531081
2019-05-24,0.08323342872624889,0.0729530617769507,0.06904122688018276,,,-0.0007635826912277663,-3.8880213503632453,0.010157031596593757
2019-05-27,0.08335520043521465,0.07367837033524365,0.06904122688018276,,,-0.0008300021276606361,-4.373421393490452,0.03956893393842775
2019-05-28,0.08422948460329245,0.07448069842473894,0.06904122688018276,,,-0.00091319554071949,-5.040316067145012,0.02886562235801593
2019-05-29,0.09211679358264499,0.07550532429079129,0.06904122688018276,,,-0.0009558326281743301,-5.422226992693054,0.03197997358458493
2019-05-30,0.09389827791416998,0.07667085104914889,0.06904122688018276,,,-0.001025485080228853,-6.216997831034996,0.030838896115842118
2019-05-31,0.10732646170658552,0.07867937230502578,0.07867937230502578,,,-0.0010706973407639169,-6.860173069664365,0.02416140546942125
2019-06-03,0.10964194958768185,0.08107971781808869,0.07867937230502578,,,-0.0011115139404071185,-7.406891210359634,-0.0008119381462958764
2019-06-04,0.11086370209221043,0.0833194521806353,0.07867937230502578,,,-0.0011446493689686473,-7.835498853850035,-0.016189439622170565
2019-06-05,0.11001214327794559,0.08508559687533192,0.07867937230502578,,,-0.0011167503153666043,-7.536215146776246,-0.0056645521577119995
2019-06-06,0.10925244078941719,0.08686558240730866,0.07867937230502578,,,-0.0011340410016317237,-7.702513596206792,-0.02405308128112904
2019-06-10,0.09730433451180621,0.08805935836998582,0.07867937230502578,,,-0.0011064882673138187,-7.503218185309177,-0.0018956375327444652
2019-06-11,0.09084039806954042,0.08863587940198442,0.07867937230502578,,,-0.0010504704457325285,-7.140307965115855,0.03998752050281906
2019-06-12,0.09923835285276346,0.08986011282512635,0.07867937230502578,,,-0.0010006984936491584,-6.748924811793954,0.04179954711259426
2019-06-13,0.10431218880144537,0.09145583240732055,0.07867937230502578,,,-0.0009718604441158034,-6.453991345402943,0.07293784979660689
2019-06-14,0.10105615723611416,0.09271899026224317,0.07867937230502578,,,-0.0009697063842126305,-6.436806974161135,0.041695158984963676
2019-06-17,0.09726592842107165,0.0938642508289614,0.07867937230502578,,,-0.0009662103037122753,-6.406928404473355,0.05600725649221583
2019-06-18,0.10706095456674576,0.09556027679844184,0.07867937230502578,,,-0.0009487991228625477,-6.2776998802957245,0.05512520435413526
2019-06-19,0.09269487860491825,0.09657516245549544,0.07867937230502578,,,-0.0009253832724497066,-6.101016967829918,0.050971279501678124
2019-06-20,0.08230609676538989,0.09680447747051575,0.07867937230502578,,,-0.0009212365678565875,-6.078575458358286,0.07259105845287839
2019-06-21,0.09924416919875884,0.09776266708719827,0.07867937230502578,,,-0.0008661869497014676,-5.709625980417852,0.09386747305428456
2019-06-24,0.10927558993221992,0.09906477514749683,0.07867937230502578,,,-0.0007853456946958323,-5.313889499128675,0.10776514326364284
2019-06-25,0.09373866032428864,0.09958394814195053,0.07867937230502578,,,-0.000716632379336322,-4.923851413200352,0.10410881270487637
2019-06-26,0.10664824193549693,0.10070488600856076,0.07867937230502578,,,-0.0006405878920074494,-4.463066568684748,0.08956007592020576
2019-06-27,0.10017573607930688,0.10110783313339385,0.07867937230502578,,,-0.0005772779090238016,-4.079998238533049,0.11634292351886932
2019-06-28,0.10958496750780575,0.10189216761307565,0.07867937230502578,,,-0.0005609624014494174,-3.979112046649897,0.10760272500233126
2019-07-01,0.08519944231724032,0.10078581664360838,0.07867937230502578,,,-0.0005241648057996143,-3.765405986278352,0.16254402624388087
2019-07-02,0.10752552560099408,0.100679995444274,0.07867937230502578,,,-0.0004720534804889006,-3.476031220000606,0.23606980946027667
2019-07-03,0.10207003381944421,0.10024031203063569,0.07867937230502578,,,-0.0004251936489519142,-3.204969549840427,0.21208660790236356
2019-07-04,0.10199702017298828,0.09983955587538781,0.07867937230502578,,,-0.00038430444357263053,-2.946054424682374,0.23422386040227505
2019-07-05,0.10896106607158154,0.09982498713949603,0.07867937230502578,,,-0.00034756147279001306,-2.6985555695982795,0.22154549416748393
2019-07-08,0.1026299546627154,0.10009126814704147,0.07867937230502578,,,-0.0003313270926789891,-2.598404527121001,0.18798771637177736
2019-07-09,0.10265474419755324,0.10068198545344213,0.07867937230502578,,,-0.00031080779133353296,-2.457217959864673,0.1824990993711002
2019-07-10,0.1086123980034656,0.10115068771097724,0.07867937230502578,,,-0.0002880696660358222,-2.3050893297884714,0.1850148977453363
2019-07-11,0.1099940381732084,0.10143478017956539,0.07867937230502578,,,-0.00025906791079540305,-2.1074294974341115,0.19793336800452743
2019-07-12,0.10894679972007455,0.10182931230376342,0.07867937230502578,,,-0.00024004459837293835,-1.9772993082570998,0.1646674705870177
2019-07-15,0.0972634725801093,0.1018291895117153,0.07867937230502578,,,-0.00022533111305830968,-1.8669185902285301,0.19807647063516765
2019-07-16,0.11048350727150219,0.1020003171469531,0.07867937230502578,,,-0.0001812649441542509,-1.5269912106099286,0.18624246723817417
2019-07-17,0.10313446569340438,0.10252229650137741,0.07867937230502578,,,-0.00013936898137822362,-1.192896854337021,0.203074085630647
2019-07-18,0.10033032898694667,0.10342350811245526,0.07867937230502578,,,-0.00012161635082850781,-1.051717873862284,0.21521658766431417
2019-07-19,0.09578522223469321,0.10325056076425199,0.07867937230502578,,,-9.065335281842029e-05,-0.8097456383686654,0.2204951137066382
2019-07-22,0.10667780649583387,0.10312067159243268,0.07867937230502578,,,-0.0001346857376844081,-1.1387746863303907,0.16899836144563185
2019-07-23,0.1196090620008415,0.10441419167626032,0.07867937230502578,,,-0.0001396735861801051,-1.1750887842068045,0.17392363681884238
2019-07-24,0.1122018546194044,0.1046918723104557,0.07867937230502578,,,-0.00015450352903340623,-1.2915520487437078,0.20951029723656345
2019-07-25,0.12047037093408552,0.10570660405319462,0.07867937230502578,,,-0.0001661345860288192,-1.380589012040594,0.18212667058868792
2019-07-26,0.11285384820925545,0.1058700480882671,0.07867937230502578,,,-0.0002562962322421841,-2.214380539020392,0.17648321946986512
2019-07-29,0.11018076751561445,0.10711911434818581,0.07867937230502578,,,-0.00032772635233665185,-2.941959760857394,0.17825540883892832
2019-07-30,0.10730667813468252,0.10710817197487024,0.07867937230502578,,,-0.00042597021075046473,-4.335108416851714,0.1842598538892961
2019-07-31,0.11145536611400057,0.10757743858959805,0.10636277276215825,,,-0.0005023879085895349,-5.846004998975759,0.18856629593401575
2019-08-01,0.10427913712133927,0.10769154443701559,0.10636277276215825,,,-0.000532667211618892,-6.596057791855336,0.19109699888111242
2019-08-02,0.09941755565212829,0.10721436891604294,0.10636277276215825,,,-0.0005357681617933672,-6.666229547273654,0.16175985246708757
2019-08-05,0.09544519393290404,0.10685513087955237,0.10636277276215825,,,-0.0005202251026129703,-6.26631427001104,0.13923603625927394
2019-08-06,0.09564649424348383,0.1065047183818489,0.10636277276215825,,,-0.0005047826952702307,-6.012274060238381,0.09587128516331256
2019-08-07,0.11298437192878621,0.10672331707811493,0.10636277276215825,,,-0.0004908754574809673,-5.7939775378496945,0.08934425411172708
2019-08-08,0.10487168969620526,0.10646719965426477,0.10636277276215825,,,-0.0004926164082403289,-5.81908438753749,0.10365969979211043
2019-08-09,0.10913737605164328,0.10647672847084319,0.10636277276215825,,,-0.0004959529945510607,-5.864732854325529,0.0954702921728463
2019-08-12,0.10735478864010482,0.10698129427384298,0.10636277276215825,,,-0.0005197162573295504,-6.273371035826427,0.129437937294401
2019-08-13,0.11112794913340479,0.10701351636693812,0.10636277276215825,,,-0.0005227302921408527,-6.324670876260309,0.12223985235656509
2019-08-14,0.11595871619901722,0.10765472889221876,0.10636277276215825,,,-0.0005149076439228598,-6.188107719806062,0.14679159646286455
2019-08-15,0.10467156618403291,0.10787179075207307,0.10636277276215825,,,-0.0005072595778914156,-6.059456266482799,0.17757673520399875
2019-08-16,0.10199750418014467,0.10818240484934565,0.10636277276215825,,,-0.0005100361001799998,-6.1090754284928535,0.19749049140422925
2019-08-19,0.09399442795514158,0.10754823592231103,0.10636277276215825,,,-0.0005084805885244351,-6.0761388207627585,0.26289699748261786
2019-08-20,0.10699863878673538,0.10691771476160572,0.10636277276215825,,,-0.000467600785938784,-5.400648434131111,0.22875020779233335
2019-08-21,0.11059254133146504,0.10683724909720875,0.10636277276215825,,,-0.0004367129963215289,-4.891026837578866,0.2505511652432326
2019-08-22,0.10352560814291084,0.10599001095765001,0.10636277276215825,,,-0.0003843923614270077,-4.216836138332665,0.2208131118034724
2019-08-23,0.10242296499357777,0.10546846679686614,0.10636277276215825,,,-0.0003493280256002131,-3.8744710477839543,0.21456302187748166
2019-08-26,0.08959386793344831,0.10443912181775783,0.10636277276215825,,,-0.0002805567254038302,-3.2631376980467657,0.20059195592722445
2019-08-27,0.08291038232902516,0.10321930702747498,0.10636277276215825,,,-0.00022946480251713174,-2.6883401310773247,0.22475154742577375
2019-08-28,0.09209905204600553,0.10225149132407521,0.10636277276215825,,,-0.0001822902668672116,-2.1173843205434366,0.24883129399372295
2019-08-29,0.0968154337019582,0.10187830615310615,0.10636277276215825,,,-0.00012223903648257502,-1.4322021180751539,0.2617147921055909
2019-08-30,0.0903070214030066,0.10142277944065008,0.10636277276215825,,,-0.00012681143715390162,-1.4840420787573827,0.2717219696154236
2019-09-02,0.08251963467318132,0.10077650147766393,0.10636277276215825,,,-0.00011014090642520754,-1.2855393645421884,0.29543184475767026
2019-09-03,0.09234836223665055,0.10061159487732227,0.10636277276215825,,,-7.169099756516245e-05,-0.8297312832185068,0.288890439045131
2019-09-04,0.08281708385993188,0.09910323047387956,0.10636277276215825,,,-2.6317471335899146e-05,-0.3075407396817004,0.3162205515877756
2019-09-05,0.08096044984390985,0.09790766848126478,0.10636277276215825,,,3.283668172409968e-05,0.40199627745158456,0.3206103319204754
2019-09-06,0.0956218932840296,0.0972318943428841,0.10636277276215825,,,5.843837156318444e-05,0.7160544243950211,0.32788823996262373
2019-09-09,0.09128071910835955,0.09642819086629684,0.10636277276215825,,,0.00011605911337755274,1.3901997383641582,0.3264589120386705
2019-09-10,0.08962195344403968,0.09535289108182858,0.10636277276215825,,,0.00017630799414284878,2.042343308706326,0.31812593444543014
2019-09-11,0.08806174003239799,0.09395804227349762,0.10636277276215825,,,0.0002429887039413566,2.7498320004858567,0.31964087737640967
2019-09-12,0.09646476558702807,0.09354770224364738,0.10636277276215825,,,0.0002693339210070138,2.9804103582248485,0.3464356033063489
2019-09-16,0.0945674680288534,0.09317620043608281,0.10636277276215825,,,0.00035072304699445346,3.802879787934505,0.3630664381501796
2019-09-17,0.10135223428453635,0.09354409075255256,0.10636277276215825,,,0.00041704480886808095,4.48275858520085,0.3279047621212625
2019-09-18,0.11018745048174548,0.09370353133730307,0.10636277276215825,,,0.0004854883757133172,5.235682266718264,0.3140957544157481
2019-09-19,0.11224901742756353,0.09378635514210798,0.10636277276215825,,,0.000580797413454501,6.25307305081762,0.34777578932983655
2019-09-20,0.10907808801841488,0.09406397913588319,0.10636277276215825,,,0.0006638844264837407,7.210388239487034,0.35721635934822116
2019-09-23,0.09974086971741299,0.09392987437207495,0.10636277276215825,,,0.000734538456671535,7.735975809465428,0.3490514376918128
2019-09-24,0.10535507123277545,0.0947179345370413,0.10636277276215825,,,0.0008063332722915682,8.352309898815765,0.37642835797230023
2019-09-25,0.10013912365334779,0.09557937160325744,0.10636277276215825,,,0.0008570426669768638,9.012477629987785,0.35209279247307435
2019-09-26,0.10161347303207355,0.09605509265256083,0.10636277276215825,,,0.0008647206176572409,9.16941321102369,0.3235693252668206
2019-09-27,0.11459123696551626,0.09694388281573874,0.10636277276215825,,,0.000889860762895035,9.65310508306175,0.3253032272221623
2019-09-30,0.11942331118104045,0.09839969730464043,0.09839969730464043,,,0.0009125900983788501,10.155565050673538,0.32248885458064946
2019-10-08,0.11077628833249661,0.09981252998760619,0.09839969730464043,,,0.0009030933140051799,9.969681511324263,0.34217249081455514
2019-10-09,0.10723105467123521,0.10055666460933543,0.09839969730464043,,,0.0009217601277583951,10.321717667329574,0.3299208968665779
2019-10-10,0.10716321163695677,0.10177397099818668,0.09839969730464043,,,0.0009424407995206821,10.66702968848343,0.33166376145714094
2019-10-11,0.1001170060503428,0.10273179880850832,0.09839969730464043,,,0.0009449416664246966,10.722245600780994,0.33504206523697877
2019-10-14,0.09482501995815368,0.10269195514221452,0.09839969730464043,,,0.0009450247890821989,10.723769644540774,0.33478184638980757
2019-10-15,0.11131676822141975,0.10369375759786754,0.09839969730464043,,,0.0009418033532074438,10.64982927489577,0.320018034236881
2019-10-16,0.10380450769285339,0.10440288531030821,0.09839969730464043,,,0.0009489493110988979,10.851913344828374,0.3078130363393705
2019-10-17,0.11404047787175843,0.10570182220227624,0.09839969730464043,,,0.0009496371026554384,10.872934764593216,0.32214828257678674
2019-10-18,0.1047687692377698,0.10611702238481333,0.09839969730464043,,,0.0009349184241721485,10.517319464486906,0.29194102604000327
2019-10-21,0.10986790409432604,0.10688204418808696,0.09839969730464043,,,0.0008911007334553843,9.502577107648152,0.3319279185398534
2019-10-22,0.10412057832331369,0.10702046139002583,0.09839969730464043,,,0.0008113667388997555,8.78497901042668,0.3499642602398241
2019-10-23,0.10654618115178872,0.106838397923528,0.09839969730464043,,,0.000760758825242956,8.240204169867306,0.34106780768778844
2019-10-24,0.10349893599018187,0.10640089385165892,0.09839969730464043,,,0.0007237505486822059,7.771590004513696,0.43886765421815044
2019-10-25,0.09185480076092797,0.10553972948878457,0.09839969730464043,,,0.0006750686187326858,7.177811760219539,0.4593639369476876
2019-10-28,0.08601482302531879,0.10485342715417985,0.09839969730464043,,,0.0006319629563119335,6.771545976814003,0.513539754326646
2019-10-29,0.08532058254207982,0.10385170271964508,0.09839969730464043,,,0.0005686789071022869,5.945831715236129,0.5268598206251556
2019-10-30,0.09283772949705488,0.10348663301183043,0.09839969730464043,,,0.0004916420150242772,4.9127635657152355,0.4963212337206595
2019-10-31,0.0974173699653224,0.10327682785849286,0.10175122272351671,,,0.00040008647217781645,3.676253521142399,0.5296331729983197
2019-11-01,0.0891212901265222,0.10200333051654316,0.10175122272351671,,,0.0003149879248581082,2.6381385230386996,0.502655048407395
2019-11-04,0.08267547165886648,0.10016593854043446,0.10175122272351671,,,0.0002269871124906185,1.7582242927285,0.4388613812831095
2019-11-05,0.08836590730360404,0.09904541948898984,0.10175122272351671,,,0.00014769437109623298,1.054951148300221,0.47679465134583876
2019-11-06,0.09340498364540387,0.09835411593769827,0.10175122272351671,,,3.9477455574852e-05,0.26274134822673084,0.4647120660805071
2019-11-07,0.103248814247339,0.09815839606821739,0.10175122272351671,,,-5.587694773560291e-05,-0.35774155865749085,0.4780849022806186
2019-11-08,0.10051014281680437,0.09817805290654046,0.10175122272351671,,,-0.00015515643941394646,-0.9750007070005424,0.47270379802922036
2019-11-11,0.09950917424772741,0.09841226062101914,0.10175122272351671,,,-0.0002736449744805027,-1.6814652940607417,0.464302865615734
2019-11-12,0.10002070156690641,0.09784745728829349,0.10175122272351671,,,-0.00038417002517374094,-2.344099121741654,0.4512918410614042
2019-11-13,0.0977824216759682,0.09754635298744921,0.10175122272351671,,,-0.00048662552551569034,-2.9548563629167153,0.42641417822416194
2019-11-14,0.09918746831981232,0.09680370250985192,0.10175122272351671,,,-0.0005696528132031293,-3.469830860532037,0.428275843780763
2019-11-15,0.10110516350263328,0.09662052222309508,0.10175122272351671,,,-0.0006681334938603384,-4.070249396629418,0.37125288365383446
2019-11-18,0.09794685041345276,0.09602446953905143,0.10175122272351671,,,-0.0007673460797283961,-4.706341689035795,0.37712553314956865
2019-11-19,0.09605663346497306,0.0956212722961344,0.10175122272351671,,,-0.0008374225331030196,-5.183475898429642,0.4012517639880335
2019-11-20,0.09746768621361176,0.09516734754922554,0.10175122272351671,,,-0.0008955666052335396,-5.588920490143736,0.40037475629289765
2019-11-21,0.10855511974282689,0.0954201567368578,0.10175122272351671,,,-0.0009440075391666884,-5.951547301736373,0.41069936784755323
2019-11-22,0.08762663959943343,0.09520874867878307,0.10175122272351671,,,-0.0009912565740198855,-6.3230422520672604,0.4032147839108695
2019-11-25,0.08815100778350594,0.09531555791669243,0.10175122272351671,,,-0.0010925098731413294,-7.147453919464772,0.36709148428003013
2019-11-26,0.07690689284105628,0.09489487343164124,0.10175122272351671,,,-0.0011873087620912107,-7.921827340954941,0.33727527015789294
2019-11-27,0.08589190165658071,0.09454758203961754,0.10175122272351671,,,-0.0012703993875363717,-8.66298287727673,0.3486545181188727
2019-11-28,0.09646085608101429,0.09449975634540214,0.10175122272351671,,,-0.0013423797192525903,-9.345348849368126,0.32290499141307416
2019-11-29,0.0859764479956313,0.09434251423885759,0.10175122272351671,,,-0.0013889182641377033,-9.902693736819208,0.31327540508386065
2019-12-02,0.08913832922705689,0.09466565711726711,0.10175122272351671,,,-0.0014676980924379817,-11.263720574408143,0.3128070045476763
2019-12-03,0.09322240285447192,0.0949084818948105,0.10175122272351671,,,-0.0015203427509773292,-12.282049906351238,0.3571653918314013
2019-12-04,0.08981300030728778,0.0947288827279047,0.10175122272351671,,,-0.0015514817537646331,-12.93756911413707,0.35044432368939593
2019-12-05,0.08952457348527264,0.09404267068980139,0.10175122272351671,,,-0.0015779949921179712,-13.601926187314476,0.36432821995172393
2019-12-06,0.09621876210644796,0.09382810165428355,0.10175122272351671,,,-0.0016055294400050637,-14.383549834220284,0.4316515130873346
2019-12-09,0.08766246262221578,0.09323576607300797,0.10175122272351671,,,-0.0016217434595290725,-14.923530977229914,0.43807891173409175
2019-12-10,0.09975724030503148,0.09322259300991423,0.10175122272351671,,,-0.0015960628022319483,-14.153413940685923,0.43842623571787365
2019-12-11,0.09294367650562639,0.09298065575139715,0.10175122272351671,,,-0.0015696131719532486,-13.530650999720095,0.4147455670004685
2019-12-12,0.09462195438786952,0.0927523800548,0.10175122272351671,,,-0.0015371631437287071,-12.854484241580517,0.44165426169252675
2019-12-13,0.07648693868924733,0.09152146881413072,0.10175122272351671,,,-0.0015231726325503133,-12.606848208246758,0.44907773089515235
2019-12-16,0.08018637334074329,0.09063344496049523,0.10175122272351671,,,-0.0014660702973682581,-11.646096089849477,0.4301882385927984
2019-12-17,0.07537899102235311,0.08959956283836423,0.10175122272351671,,,-0.0014175506460991471,-10.92834703630809,0.44285152142427253
2019-12-18,0.08842640675993504,0.0891474988656804,0.10175122272351671,,,-0.0013481280500616663,-9.914271600533604,0.4533287457175712
2019-12-19,0.0922669409425868,0.08833308992566839,0.10175122272351671,,,-0.0012443780941572846,-8.716662824720244,0.48538693855121484
2019-12-20,0.09133567786682605,0.08851854183903803,0.10175122272351671,,,-0.001147552331510823,-7.782393239079695,0.46925957597882895
2019-12-23,0.08916932213526871,0.08856945755662617,0.10175122272351671,,,-0.0010478938330598633,-7.074567160073085,0.45789949193817736
2019-12-24,0.09276280094575308,0.089362252961861,0.10175122272351671,,,-0.0009268360028897129,-6.190433383024264,0.46797514315549504
2019-12-25,0.09504501428745138,0.08981990859340454,0.10175122272351671,,,-0.0008140731707314619,-5.30334794801266,0.4747088423253101
2019-12-26,0.10228942476072223,0.09011133702738994,0.10175122272351671,,,-0.0007363739339685909,-4.63434248969202,0.4683084572523546
2019-12-27,0.09168448475339043,0.0903967388652779,0.10175122272351671,,,-0.0006523223950445309,-4.038614804899881,0.4926994470733115
2019-12-30,0.08366211218546095,0.09012292801319809,0.10175122272351671,,,-0.0005945752976416994,-3.679708669158728,0.5130354656013294
2019-12-31,0.08371806012169154,0.08964771087655907,0.0897870431642141,,,-0.0005403887395583749,-3.337265711867655,0.5287132121799711
2020-01-02,0.07469455124961859,0.08889178842367562,0.0897870431642141,,,-0.0004568854811193912,-2.8338322773171245,0.5790564935748235
2020-01-03,0.08469502963192063,0.08865031123100801,0.0897870431642141,,,-0.00035292869581031883,-2.2149165857227393,0.5789139930620517
2020-01-06,0.07656858492815213,0.08766780237209323,0.0897870431642141,,,-0.0002511280204212027,-1.5694806054521104,0.6056089086072229
2020-01-07,0.08497472084055814,0.08753341528301034,0.0897870431642141,,,-0.0001313127097068082,-0.8229525091506029,0.6082449338225973
2020-01-08,0.08190595593366551,0.08664085106444205,0.0897870431642141,,,-2.496394248718218e-05,-0.15729242031320376,0.6044792323391814
2020-01-09,0.08279356904867059,0.08613334569159425,0.0897870431642141,,,8.48429466671827e-05,0.536753206269828,0.6329057564564244
2020-01-10,0.08455588119974723,0.08563004203218813,0.0897870431642141,,,0.00018901632441736124,1.2034861100687857,0.6462005589639699
2020-01-13,0.07911545286780962,0.08576146774111625,0.0897870431642141,,,0.00030098724387482025,1.9480823437197239,0.6673401453346373
2020-01-14,0.08605631246599582,0.08605496469737887,0.0897870431642141,,,0.0004031545322497212,2.6183603163131934,0.6766667707335772
2020-01-15,0.08742879700749982,0.08665745499663621,0.0897870431642141,,,0.0005188027264562169,3.457620347381242,0.6807338029720333
2020-01-16,0.0882056603726305,0.08664641767727099,0.0897870431642141,,,0.0006461028857437623,4.514351242435022,0.6408889925357626
2020-01-17,0.09153273591470638,0.08660970742587697,0.0897870431642141,,,0.0007685367862524043,5.754907344382656,0.6061188138113662
2020-01-20,0.08215588793418652,0.08615071792924499,0.0897870431642141,,,0.0008866335958510881,7.2063718596034825,0.6329050800073037
2020-01-21,0.08063989485964936,0.08572424656546403,0.0897870431642141,,,0.0010211974976428448,9.643170813122268,0.6100010679047521
2020-01-22,0.07686478734333693,0.08492934588534322,0.0897870431642141,,,0.0011221570127288225,12.133961485914462,0.6276547160218418
2020-01-23,0.07335593262775329,0.08384489180235831,0.0897870431642141,,,0.001199077162782384,14.826605072126954,0.5579071681318304
2020-02-03,0.050669101076737895,0.08126387561815909,0.0897870431642141,,,0.0012218225938614691,15.948885376893376,0.4320678742120405
2020-02-04,0.06677987353548853,0.080018645057264,0.0897870431642141,,,0.0011638682471658444,12.551035387195263,0.4366416046902992
2020-02-05,0.06658071355327416,0.07916457512565467,0.0897870431642141,,,0.0011290041828340806,11.41485587407723,0.4768578917829833
2020-02-06,0.06513211224502873,0.07823527773182151,0.0897870431642141,,,0.001088891934908218,10.507694513126435,0.5343930649940714
2020-02-07,0.06635276644447896,0.07781818849156454,0.0897870431642141,,,0.001064646039755563,10.137485949770749,0.5315284519037282
2020-02-10,0.06883861130772119,0.07702536757535457,0.0897870431642141,,,0.001069817951958999,10.208856673784334,0.5400340517825801
2020-02-11,0.0734999161391139,0.07687193413590265,0.0897870431642141,,,0.001052556653348157,9.885852702703623,0.5555255936746502
2020-02-12,0.06994654648473143,0.07612052541811132,0.0897870431642141,,,0.001029994306225045,9.582508385611616,0.5814250808388468
2020-02-13,0.06783613503927514,0.0754170343733918,0.0897870431642141,,,0.0010063592671396202,9.23982760861546,0.5596559148212263
2020-02-14,0.06596804700301732,0.07457575827110914,0.0897870431642141,,,0.0009687382848490061,8.682673511813027,0.569085274272527
2020-02-17,0.06785101171211917,0.07374051479672773,0.0897870431642141,,,0.0009627449208404076,8.606690850086405,0.6235637487753121
2020-02-18,0.07550442671774499,0.0735599634892245,0.0897870431642141,,,0.000979580060391729,8.704375200316072,0.6632671553970961
2020-02-19,0.07429236292634968,0.07297176601224219,0.0897870431642141,,,0.0009861737914964453,8.74634940413532,0.6630351498614311
2020-02-20,0.06715385607898693,0.07195801896581655,0.0897870431642141,,,0.000988795120643269,8.77203354123048,0.7079936927657153
2020-02-21,0.06461156146649254,0.07077831402050964,0.0897870431642141,,,0.0010003699711512604,8.876060228291998,0.6836482102895252
2020-02-24,0.062792211954214,0.06934128782248503,0.0897870431642141,,,0.001043748484885147,9.155775462556788,0.665240796508275
2020-02-25,0.0607405112093433,0.06827051898624288,0.0897870431642141,,,0.0010736238620449984,9.390857524252683,0.6605873203761248
2020-02-26,0.05992511434919737,0.06723477996072028,0.0897870431642141,,,0.0010607400228299405,9.329801648724317,0.5909996744532686
2020-02-27,0.06002449467481311,0.06639276532729407,0.0897870431642141,,,0.0010338384818961834,9.220720095163843,0.5869131122618965
2020-02-28,0.061604023965678836,0.06580516989419036,0.0897870431642141,,,0.0009663763756686814,8.624944919242937,0.5133274554243143
2020-03-02,0.058178983926387304,0.06618066403667283,0.0897870431642141,,,0.0009157334639489364,8.319769629702373,0.5169545734723393
2020-03-03,0.060310873963517496,0.06585721405807429,0.0897870431642141,,,0.0008944345527533205,8.177353912066016,0.5292684139212442
2020-03-04,0.0632474224206066,0.0656905495014409,0.0897870431642141,,,0.0008804755803138231,8.106704109164982,0.530894251550682
2020-03-05,0.06354088049693023,0.06561098791403598,0.0897870431642141,,,0.000859951812023223,7.975201196410127,0.5563806476856366
2020-03-06,0.0710174978082557,0.06584422448222481,0.0897870431642141,,,0.0008691599134207413,8.00985287734487,0.5081380730278913
2020-03-09,0.06604997299507366,0.06570479256659242,0.0897870431642141,,,0.0008821537176585693,8.067323973017494,0.3693092981113313
2020-03-10,0.06656095784652075,0.06535784465196277,0.0897870431642141,,,0.0008897190038803308,8.101499103127749,0.40792434282602263
2020-03-11,0.07292863821178733,0.06550694923831557,0.0897870431642141,,,0.0009128975248750319,8.205812608684415,0.39240240507751856
2020-03-12,0.06910807933779126,0.06557054645324137,0.0897870431642141,,,0.0009452413400289173,8.409084147025876,0.3665586729206327
2020-03-13,0.06372555668798746,0.06545842193748988,0.0897870431642141,,,0.0009616005172592189,8.499753256250253,0.34620058315942126
2020-03-16,0.06328098316234267,0.06522992051000107,0.0897870431642141,,,0.0009855047409528719,8.605331849882347,0.26014564637947735
2020-03-17,0.06762201263387929,0.06483579980580778,0.0897870431642141,,,0.0009941852849426358,8.623275456218492,0.23035375979550143
2020-03-18,0.06892386061737801,0.0645673746903592,0.0897870431642141,,,0.0010337690880016298,8.756976540500302,0.18725520771780624
2020-03-19,0.0641690590746924,0.06441813484014446,0.0897870431642141,,,0.0010993690035498522,8.731586182270945,0.1811201192976606
2020-03-20,0.0701543468944841,0.06469527411154405,0.0897870431642141,,,0.0011760851048934838,8.9088925853193,0.24370460567703067
2020-03-23,0.07351280082405479,0.06523130355503608,0.0897870431642141,,,0.0012549834419741974,9.25292708049937,0.14519816339804703
2020-03-24,0.07646301744560127,0.06601742886684898,0.0897870431642141,,,0.0013076444527616944,9.5503886313036,0.14754959599193174
2020-03-25,0.07387915007764295,0.06671513065327125,0.0897870431642141,,,0.001333201228971532,9.694297174854025,0.2022015667120871
2020-03-26,0.07841840071812811,0.067634825955437,0.0897870431642141,,,0.0013648460298517505,9.948157568499436,0.21876640793945135
2020-03-27,0.08013011392568264,0.0685611304534372,0.0897870431642141,,,0.0013888438598719706,10.199390849345662,0.19829454475631603
2020-03-30,0.07840729142923888,0.06957254582857977,0.0897870431642141,,,0.0013858775911244371,10.15923154935372,0.14236474227452534
2020-03-31,0.07998117644882893,0.07055606095284535,0.06952777622485508,,,0.0013607474846265427,9.830475165016919,0.1411826941533958
2020-04-01,0.07573756493033854,0.07118056807833195,0.06952777622485508,,,0.0013039858688167038,9.236373077757392,0.1374668542253088
2020-04-02,0.07474330022170729,0.0717406890645708,0.06952777622485508,,,0.0012566666473452874,8.80574096015735,0.15109183719839314
2020-04-03,0.08045512683490774,0.07221257051590341,0.06952777622485508,,,0.0012183664454100914,8.453714229138633,0.1354748814508353
2020-04-07,0.07583877803432004,0.07270201076786573,0.06952777622485508,,,0.0011977564160172889,8.274239357612053,0.18634802855880994
2020-04-08,0.08045085416889364,0.07339650558398438,0.06952777622485508,,,0.0012056931886268722,8.341671034993187,0.22148151978941533
2020-04-09,0.08119850850887028,0.07380999909883851,0.06952777622485508,,,0.0012257308524220903,8.51994141894894,0.22122298031527854
2020-04-10,0.08462979322680567,0.07458608479328924,0.06952777622485508,,,0.0012064901682630267,8.30929968780251,0.21238144824615768
2020-04-13,0.08188100728577381,0.07549385732317855,0.06952777622485508,,,0.0011842050077800713,8.049241833690532,0.1647207397142143
2020-04-14,0.07079083108743785,0.07586934971943331,0.06952777622485508,,,0.001158287920572241,7.754707686408263,0.14812908074176434
2020-04-15,0.07346299139602055,0.07616139865754037,0.06952777622485508,,,0.0011370914430118716,7.523334769108808,0.1403134766385885
2020-04-16,0.0745915409970525,0.0764447826765241,0.06952777622485508,,,0.0011264558621853708,7.407324452051583,0.13882310033332534
2020-04-17,0.07116996773819802,0.07679482810969938,0.06952777622485508,,,0.0010987427901045467,7.092833507734617,0.13224952389127376
2020-04-20,0.07708002435651176,0.07714111198280077,0.06952777622485508,,,0.0010896525488563538,6.998716040667643,0.15042034123225978
2020-04-21,0.07597864803905156,0.0772644043435506,0.06952777622485508,,,0.001089638337176237,6.998583549726223,0.14028658190802878
2020-04-22,0.08168922525814064,0.07752571473417756,0.06952777622485508,,,0.0010893285553945221,6.9956453522534146,0.1510517606171229
2020-04-23,0.07950265113409319,0.0778068897870001,0.06952777622485508,,,0.0010904320524622918,7.0065788389181085,0.169378882258705
2020-04-24,0.08324972398513368,0.07804845595035037,0.06952777622485508,,,0.0010709895593109908,6.810998959223936,0.15357179481615435
2020-04-27,0.08021630957508677,0.07805276573282058,0.06952777622485508,,,0.0010135662904876528,6.212819829210953,0.16375106679068874
2020-04-28,0.07920080978142824,0.07809244165043003,0.06952777622485508,,,0.0008643782219974242,4.775762300377626,0.13117449490748734
2020-04-29,0.0784280987264326,0.07801478776431023,0.06952777622485508,,,0.0006383957746265008,3.3551333497370774,0.12496898529528488
2020-04-30,0.0704722118352974,0.07775152010955817,0.07765561748197627,,,0.0004598538551884081,2.353092848416821,0.1588098430332192
2020-05-06,0.06841336899505027,0.0774350235482253,0.07765561748197627,,,0.0003183495614218508,1.629545913203664,0.17279413030233126
2020-05-07,0.082916925946286,0.07755811350379423,0.07765561748197627,,,0.0002065128062589135,1.0543791248516154,0.1894356183302517
2020-05-08,0.08058562043449628,0.07779545562380304,0.07765561748197627,,,0.00011545156303385278,0.5864031935800487,0.22326677460198563
2020-05-11,0.08717411310315758,0.07813161857051623,0.07765561748197627,,,6.244906467997409e-06,0.032249086697541916,0.20960764656604924
2020-05-12,0.09132167967499914,0.07863777712882267,0.07765561748197627,,,-8.860780592068141e-05,-0.46427995663526866,0.2623765233119699
2020-05-13,0.0955428516397512,0.07918343004946996,0.07765561748197627,,,-0.0001796908617185703,-0.9660823546805415,0.2796431825187393
2020-05-14,0.09209109162215216,0.07969393426628887,0.07765561748197627,,,-0.00027400579328295817,-1.5384471906748072,0.3025832663735819
2020-05-15,0.08758444359404144,0.08053361489161906,0.07765561748197627,,,-0.00033613228174398524,-1.9439003823362653,0.2971907053335241
2020-05-18,0.08331251253512852,0.08102609094857445,0.07765561748197627,,,-0.0003738000899459207,-2.1766127815109835,0.3951536608350965
2020-05-19,0.08509917864431192,0.08155147283093742,0.07765561748197627,,,-0.00040635776137953915,-2.3891141763023924,0.3943860181075174
2020-05-20,0.09040727685249941,0.08251333828665249,0.07765561748197627,,,-0.0004547116872564481,-2.7273972053884696,0.38692104398329574
2020-05-21,0.09438880088454007,0.0833787771130539,0.07765561748197627,,,-0.0005012192326585459,-3.0556609348325234,0.3875093511943448
2020-05-22,0.09153419995415298,0.08415655470880898,0.07765561748197627,,,-0.0005048684233196603,-3.080937709000423,0.31513802535896684
2020-05-25,0.0958580022187308,0.08486499355683849,0.07765561748197627,,,-0.0005261753973095085,-3.230305181547657,0.32758338953363864
2020-05-26,0.09823841353771226,0.08580178167701943,0.07765561748197627,,,-0.0005300693291689641,-3.2604060590222903,0.3644373040020039
2020-05-27,0.10141447224798186,0.08671001909016184,0.07765561748197627,,,-0.0005246613929472132,-3.216861205227835,0.3221315931768687
2020-05-28,0.09205296318029135,0.08730185177042207,0.07765561748197627,,,-0.0005798750408640208,-3.708480848388208,0.3118613531272958
2020-05-29,0.08710283192993792,0.08769695287784755,0.07765561748197627,,,-0.0006108418624971012,-3.9986060537998163,0.367287199658316
2020-06-01,0.07935853098790681,0.08774347449092126,0.07765561748197627,,,-0.0006287062358340158,-4.168773245897539,0.4139873209603051
2020-06-02,0.08165671954775094,0.08830269987654395,0.07765561748197627,,,-0.0006266059988737932,-4.148629200982357,0.3888685401805596
2020-06-03,0.08417193877099366,0.08909062836534112,0.07765561748197627,,,-0.0006309259566723651,-4.191539234646702,0.3996867309314196
2020-06-04,0.092883894762989,0.08958897680617627,0.07765561748197627,,,-0.0005951760560413623,-3.8624757370558562,0.4305472899206224
2020-06-05,0.09329878443854317,0.0902246350063786,0.07765561748197627,,,-0.0005682653788495424,-3.6360058275279172,0.4419928034389169
2020-06-08,0.08366864223015556,0.0900493614627285,0.07765561748197627,,,-0.0005551214090578338,-3.532569172061037,0.4042322031647727
2020-06-09,0.08095096314411512,0.08953082563618431,0.07765561748197627,,,-0.000539881172518009,-3.421651206965014,0.4151934341051513
2020-06-10,0.08592592252504161,0.08904997918044882,0.07765561748197627,,,-0.0005274853268416571,-3.3334296182787484,0.41602684681282365
2020-06-11,0.08094535967282575,0.08849269258298251,0.07765561748197627,,,-0.000500369525642948,-3.133004132653187,0.4181498143777518
2020-06-12,0.07751545608810112,0.08798924320768549,0.07765561748197627,,,-0.0004640870917914598,-2.8830330805349047,0.42291476528608185
2020-06-15,0.07839074602255416,0.08774315488205678,0.07765561748197627,,,-0.00040494116137942406,-2.4786289872705742,0.43975512045679555
2020-06-16,0.08041572853991215,0.0875089823768368,0.07765561748197627,,,-0.00032811295555334747,-1.9866699681302258,0.4845699942841213
2020-06-17,0.0809117438470874,0.08703420572656619,0.07765561748197627,,,-0.0002051607161314434,-1.2591639797771064,0.49864857096570203
2020-06-18,0.07483684831271994,0.08605660809797518,0.07765561748197627,,,-9.656624831741261e-05,-0.6119450502127272,0.5320227969489508
2020-06-19,0.06812474850413286,0.08488613552547417,0.07765561748197627,,,-9.667592726213816e-06,-0.0639854522284506,0.5309059980564048
2020-06-22,0.06769100242866943,0.0834777855359711,0.07765561748197627,,,6.744081546739162e-05,0.4623993831579074,0.47507396757545495
2020-06-23,0.06894688544384688,0.08201320913127784,0.07765561748197627,,,0.00012543432636487136,0.8886900789274459,0.49181467760201913
2020-06-24,0.07320010831390641,0.08060249093457407,0.07765561748197627,,,0.00016862599553899385,1.2300882336978816,0.4835750343761782
2020-06-29,0.06647007456174191,0.0793233465036466,0.07765561748197627,,,0.000202111842433882,1.5044809055857997,0.5020346043302435
2020-06-30,0.07269346573888118,0.07860287819409376,0.07860287819409376,,,0.00021317573150090617,1.5928241849472164,0.5262952861642296
2020-07-01,0.06637239281116915,0.07795357128525686,0.07860287819409376,,,0.0001830211313930397,1.3452368784154047,0.5326526370778297
2020-07-02,0.0561243559515227,0.07667695310544545,0.07860287819409376,,,0.00013124362611874536,0.9345749372162454,0.5371944585994077
2020-07-03,0.055018711422587116,0.07521929173802513,0.07860287819409376,,,7.299621003162708e-05,0.4972028869123477,0.5266990114908285
2020-07-06,0.05706554336977572,0.07342837416836447,0.07860287819409376,,,-1.998302395259855e-05,-0.12492586258962378,0.5682813033663556
2020-07-07,0.05812965638732395,0.0716699177658035,0.07860287819409376,,,-8.722986756255783e-05,-0.5181282984710529,0.5873227704681636
2020-07-08,0.05953471309880816,0.07046322130923613,0.07860287819409376,,,-0.0001316252765776808,-0.7560013808618162,0.6420680311188687
2020-07-09,0.062292630518338284,0.0695303046779473,0.07860287819409376,,,-0.0001427657902664221,-0.8143962067946697,0.6860499267117155
2020-07-10,0.060879655976602005,0.06827799135052531,0.07860287819409376,,,-0.00016423564755519576,-0.9308260023830641,0.6666149939999795
2020-07-13,0.059822492966986114,0.06722184801523333,0.07860287819409376,,,-0.00017609921694073372,-0.9963457196581307,0.7421335910861169
2020-07-14,0.06322214044213469,0.06650718223293502,0.07860287819409376,,,-0.000177614733977941,-1.0048318646789096,0.6684748254109298
2020-07-15,0.06156570137871636,0.06566593000074313,0.07860287819409376,,,-0.000200088674299513,-1.12682707400487,0.6321554516649914
2020-07-16,0.05334463224316724,0.06431237518590587,0.07860287819409376,,,-0.00021400317707455957,-1.202019716063286,0.5672349978366196
2020-07-17,0.05243561985784999,0.062888568986444,0.07860287819409376,,,-0.0002504076618454779,-1.399797001604197,0.5782498719905849
2020-07-20,0.051728324443057916,0.0617331427929609,0.07860287819409376,,,-0.00026784960999686055,-1.4923414951724165,0.6179042905926633
2020-07-21,0.0522746025674008,0.060940635496124294,0.07860287819409376,,,-0.00026574387605676514,-1.481390863282517,0.6843612964738097
2020-07-22,0.054657217473100386,0.06028894624834584,0.07860287819409376,,,-0.00026644604527572717,-1.4850245575087346,0.6953090303554719
2020-07-23,0.054247082075436694,0.05955395607992534,0.07860287819409376,,,-0.00027291988349036517,-1.518333102273808,0.7083687303424022
2020-07-24,0.05615487861731391,0.05870169459509571,0.07860287819409376,,,-0.00028022565690501427,-1.5571874553436866,0.621406242936646
2020-07-27,0.05550852702068438,0.05815361721804283,0.07860287819409376,,,-0.0003276065163323322,-1.8171753001272029,0.6195224976797606
2020-07-28,0.0571676623943154,0.05737732705081454,0.07860287819409376,,,-0.00042593504664762923,-2.4615041202352748,0.6140217374532111
2020-07-29,0.05551321285475446,0.05683436805299382,0.07860287819409376,,,-0.0005380726389387012,-3.317056967313093,0.6550613579029878
2020-07-30,0.05778122671417068,0.05691721159112621,0.07860287819409376,,,-0.0006227487371514449,-4.052510334444472,0.6512790913526547
2020-07-31,0.058650957728826336,0.05709882390643818,0.05736921470930619,,,-0.0006740628062899455,-4.521501389406209,0.6978535165084021
2020-08-03,0.057185589954073655,0.05710482623565307,0.05736921470930619,,,-0.0006970448698534099,-4.76036368749844,0.7268490619408081
2020-08-04,0.05884806452950222,0.05714074664276199,0.05736921470930619,,,-0.000726716063551075,-5.076098639825364,0.752748308149668
2020-08-05,0.06237615740716873,0.057282818858180005,0.05736921470930619,,,-0.0007297505137267031,-5.110696894659032,0.7550158398214895
2020-08-06,0.0567820961108789,0.057007292137807045,0.05736921470930619,,,-0.0007300687088208597,-5.1143271923571865,0.7366777364459502
2020-08-07,0.05628305619373692,0.05677746214866379,0.05736921470930619,,,-0.000725783703961714,-5.068543060632159,0.709262613808898
2020-08-10,0.05733121661406042,0.0566528983310175,0.05736921470930619,,,-0.0007036089848617757,-4.839019763964116,0.7162987356347654
2020-08-11,0.06335501623233092,0.05665954212052732,0.05736921470930619,,,-0.0006860677622561694,-4.682547092020542,0.6849149319034562
2020-08-12,0.06282899649305906,0.05672270687624446,0.05736921470930619,,,-0.00068417931353102,-4.664692925702947,0.6576550736778473
2020-08-13,0.06591295817574372,0.057351123172873275,0.05736921470930619,,,-0.0006560707758695718,-4.399760915144298,0.6705042091873412
2020-08-14,0.06643611734841821,0.05805114804740169,0.05736921470930619,,,-0.0006430709328084931,-4.2872430634049445,0.6999294626451784
2020-08-17,0.05649407387309789,0.058289435518903684,0.05736921470930619,,,-0.0006497409280264354,-4.343586886812932,0.7527700564666355
2020-08-18,0.06188953037637721,0.0587701819093525,0.05736921470930619,,,-0.0006298510530830115,-4.177429913003711,0.7859373503914682
2020-08-19,0.06252087352796717,0.059163364712095844,0.05736921470930619,,,-0.0006209187120664953,-4.102396934402295,0.7917921980629012
2020-08-20,0.06758252521034315,0.059830136868841165,0.05736921470930619,,,-0.0005799759642808928,-3.7875582423200673,0.7815786328096967
2020-08-21,0.07164881411055964,0.060604833643503456,0.05736921470930619,,,-0.0005222740375048116,-3.377890989456082,0.7836662048353333
2020-08-24,0.08296299699657775,0.06197755714229812,0.05736921470930619,,,-0.0004878425146170032,-3.129187517776261,0.8175140581603195
2020-08-25,0.08695984059304503,0.0634671660522346,0.05736921470930619,,,-0.00043065712153903164,-2.7202635043725207,0.7749423964977924
2020-08-26,0.08597721744935852,0.0649903662819648,0.05736921470930619,,,-0.00038840731334599093,-2.443370026193213,0.751109772307502
2020-08-27,0.09372060054220632,0.06678733497336659,0.05736921470930619,,,-0.000326137862774699,-2.04325339021714,0.7557151290394206
2020-08-28,0.08211786020173449,0.06796068009701199,0.05736921470930619,,,-0.0002966917364175994,-1.8715271795868513,0.7771005301122902
2020-08-31,0.07266118304728378,0.0687344597516725,0.06818451357083447,,,-0.00023768802795617107,-1.522736255921905,0.7650086931885676
2020-09-01,0.08235501364307961,0.06990980720735138,0.06818451357083447,,,-0.0001867243883967903,-1.210957645445106,0.7206180631281491
2020-09-02,0.08232376303039239,0.07090718748851256,0.06818451357083447,,,-0.0001401339759147756,-0.9145316915978758,0.7232970406390338
2020-09-03,0.07877737515760287,0.07200695144084876,0.06818451357083447,,,-0.00010945260114840251,-0.717848461955616,0.7055684729887293
2020-09-04,0.07868865264385447,0.07312723126335463,0.06818451357083447,,,-5.702565527491238e-05,-0.3737676605531665,0.6925870627020034
2020-09-07,0.07412905354741178,0.07396712311002221,0.06818451357083447,,,3.1555481551518325e-05,0.2070849198236376,0.6568488893598929
2020-09-08,0.07707922053774051,0.07465333332529267,0.06818451357083447,,,0.00011532215565869564,0.7615186294666254,0.6798358671828693
2020-09-09,0.08329775106571664,0.07567677105392555,0.06818451357083447,,,0.00020853881975910134,1.4204341449812448,0.607846308155954
2020-09-10,0.08781696501387648,0.0767719713958322,0.06818451357083447,,,0.00022304007214757647,1.544023014371722,0.5816060102341749
2020-09-11,0.08429218106295908,0.07766477458155924,0.06818451357083447,,,0.00026239299947609116,1.9017556411715992,0.5990402364403109
2020-09-14,0.0824881988645207,0.07896448083113038,0.06818451357083447,,,0.0003151049821951201,2.3986041716769186,0.6246929802840238
2020-09-15,0.08709122660303414,0.08022456564246323,0.06818451357083447,,,0.00034311746267705573,2.6796673070524846,0.5943249460495146
2020-09-16,0.09986196377722334,0.08209162015492603,0.06818451357083447,,,0.00038548621336789875,3.134753571575221,0.5745459966642752
2020-09-17,0.11150882169674428,0.0842879349792461,0.06818451357083447,,,0.00044542555685077664,3.7595853622625746,0.5626076175876147
2020-09-18,0.08546835446001581,0.08497891199671889,0.06818451357083447,,,0.0004670114219204611,4.023180718679981,0.5738028142974327
2020-09-21,0.08291835473614001,0.08497667988369702,0.06818451357083447,,,0.0005030221804593935,4.477059480389645,0.5631468688974861
2020-09-22,0.0828137490244959,0.08476937530526955,0.06818451357083447,,,0.0005369324931068963,4.973372689111531,0.5100934575532934
2020-09-23,0.09124238676833894,0.08503263377121857,0.06818451357083447,,,0.0005566658817113152,5.209276808018507,0.5232748619956322
2020-09-24,0.09644211848823861,0.08516870966852019,0.06818451357083447,,,0.0005449569728147737,5.074384403721657,0.49614019037849344
2020-09-25,0.09904745686627772,0.08601518950174736,0.06818451357083447,,,0.0004952783191895875,4.5296369374474255,0.48706646610506366
2020-09-28,0.09898299764819554,0.08733128023179294,0.06818451357083447,,,0.0003628755317329397,3.2149961648275482,0.47096878487869365
2020-09-29,0.09033227633399149,0.08773014336633853,0.06818451357083447,,,0.00024624944364699716,2.1525634248877026,0.5146463344648815
2020-09-30,0.08964712142438094,0.08809631128603797,0.08757295465428325,,,0.00012875365581732076,1.1251100974960326,0.5056553268036534
2020-10-09,0.08009986117322915,0.08816243558681927,0.08757295465428325,,,5.621045960728621e-05,0.49537592294420923,0.5308109492342441
2020-10-12,0.07564655814876127,0.08801033086206461,0.08757295465428325,,,5.7536498382419524e-06,0.05063264457472667,0.5710430522904766
2020-10-13,0.08224815659295227,0.08841628601434164,0.08757295465428325,,,-2.494630876325407e-05,-0.21842169989825147,0.5835394153786417
2020-10-14,0.09307444417686868,0.08921604719629805,0.08757295465428325,,,-3.2928462541800814e-05,-0.2879320547964331,0.5703286324622996
2020-10-15,0.09749758117152144,0.0899260387015883,0.08757295465428325,,,-7.290634352953664e-05,-0.6400981967505377,0.5873868613167383
2020-10-16,0.09475098338381581,0.09027273962008527,0.08757295465428325,,,-0.000103156765265178,-0.9107991845254874,0.616793655839557
2020-10-19,0.08804901098401867,0.09046058111613824,0.08757295465428325,,,-0.00013691162582684185,-1.2257724003177224,0.5877923957623714
2020-10-20,0.10276870782427074,0.09147460656412573,0.08757295465428325,,,-0.00015706142470337046,-1.4237547849443248,0.6249845928972901
2020-10-21,0.11529701347174544,0.0928848959075613,0.08757295465428325,,,-0.00018858209153775426,-1.7335518638198084,0.6062120871486902
2020-10-22,0.1171157544441229,0.09374758544090628,0.08757295465428325,,,-0.0002227816838756351,-2.090771249215302,0.5846885201027343
2020-10-23,0.11315859031167215,0.09383007387165267,0.08757295465428325,,,-0.0002659898309418165,-2.577951247237973,0.5390460230831773
2020-10-26,0.09955592323461145,0.09453445231038246,0.08757295465428325,,,-0.0002847712536700013,-2.8086582196076972,0.5365337511475088
2020-10-27,0.10037606357023322,0.09540733775208712,0.08757295465428325,,,-0.00032075191323606666,-3.2958317150593173,0.5155871580748961
2020-10-28,0.09751559843726167,0.09614243022272541,0.08757295465428325,,,-0.000355823412137004,-3.76839436006635,0.5426781509515011
2020-10-29,0.09407208077338804,0.09628391492297786,0.08757295465428325,,,-0.0004158441539979393,-4.568181068822936,0.5518933656137042
2020-10-30,0.09039760353195493,0.09598168917516367,0.08757295465428325,,,-0.000492583968587543,-5.429725800684579,0.5188015397663628
2020-11-02,0.07726535848007576,0.09489258425585358,0.08757295465428325,,,-0.000569068338998545,-6.222127157514194,0.5476005011883776
2020-11-03,0.08203102020147383,0.0940449853835175,0.08757295465428325,,,-0.0006056691664809243,-6.585834368762353,0.5758745393639917
2020-11-04,0.08996857018516964,0.0940268000760764,0.08757295465428325,,,-0.0006623412766333833,-7.119793669332602,0.556810506251757
2020-11-05,0.0872979746729145,0.09390934273850307,0.08757295465428325,,,-0.0006954211206631797,-7.375007606862508,0.5984823929803442
2020-11-06,0.08066829142842309,0.09393776425126278,0.08757295465428325,,,-0.0007424372532668814,-7.622134402179485,0.5885775759053549
2020-11-09,0.07270837498476923,0.09379085509306317,0.08757295465428325,,,-0.0007841227087537507,-7.9307359673040745,0.607158767284778
2020-11-10,0.07390044696690964,0.09337346961176105,0.08757295465428325,,,-0.0008205211809578291,-8.136597723212436,0.566802318354644
2020-11-11,0.07423650144076183,0.0924315724749557,0.08757295465428325,,,-0.0008760161041650268,-8.55095774129252,0.5712277241127837
2020-11-12,0.07923358023423337,0.09151837242809129,0.08757295465428325,,,-0.0009327499983693536,-8.957667683681779,0.595500207664067
2020-11-13,0.07163034240472842,0.09036234037913692,0.08757295465428325,,,-0.0009490732655582462,-9.092155807772908,0.6032222811284866
2020-11-16,0.07193511939110579,0.08955664579949127,0.08757295465428325,,,-0.0009811821890128817,-9.41259707974651,0.6089582052858018
2020-11-17,0.07249110020089046,0.08804276541832226,0.08757295465428325,,,-0.0010319667276494236,-9.98139554851652,0.5880987767039652
2020-11-18,0.07574866913940584,0.08606534820170528,0.08757295465428325,,,-0.001053727914938587,-10.243352222405473,0.5772715595457627
2020-11-19,0.08003832887662195,0.08421147692333024,0.08757295465428325,,,-0.0010841635453534624,-10.59206090560191,0.5982261564135889
2020-11-20,0.07684240282571912,0.08239566754903259,0.08757295465428325,,,-0.0011050484594598417,-10.808925819314823,0.6034798915213235
2020-11-23,0.06682202314098501,0.08075897254435127,0.08757295465428325,,,-0.0011460043468209656,-11.038137224311193,0.6220299966281058
2020-11-24,0.06838360865662885,0.07915934979867104,0.08757295465428325,,,-0.0011797264354313198,-11.316422046395767,0.659909982426742
2020-11-25,0.07096545242704362,0.07783184249816015,0.08757295465428325,,,-0.0011925761900011117,-11.391945853495995,0.6260930810998169
2020-11-26,0.07243201560592664,0.07674983923978708,0.08757295465428325,,,-0.0012300771934956798,-11.66501901751144,0.6239996242469812
2020-11-27,0.07468227588898348,0.0759640728576385,0.08757295465428325,,,-0.0012842415530534665,-11.70145369029069,0.6163152357399306
2020-11-30,0.05353949238037315,0.07477777955265337,0.07489623569205445,,,-0.0013684705916725476,-12.403732924513166,0.6229397648567703
2020-12-01,0.05634462577545185,0.07349345983135228,0.07489623569205445,,,-0.001449952352075751,-12.756065855551608,0.6419691439543409
2020-12-02,0.06519002413024634,0.07225453252860611,0.07489623569205445,,,-0.0015220520064172787,-13.204379932707957,0.6167921713536957
2020-12-03,0.06790125646541115,0.07128469661823095,0.07489623569205445,,,-0.0015848982074442846,-13.547809991144586,0.627709664806412
2020-12-04,0.06434140006131828,0.0704683520498757,0.07489623569205445,,,-0.0016501485180582917,-14.065774987917903,0.6339219332922066
2020-12-07,0.067669379192944,0.07021640226028444,0.07489623569205445,,,-0.0016815595293642703,-14.22557680367326,0.6375849470736934
2020-12-08,0.07090161907813995,0.07006646086584596,0.07489623569205445,,,-0.0016889591260071184,-14.23695266162434,0.6381843259474338
2020-12-09,0.0694447804942054,0.06982687481851813,0.07489623569205445,,,-0.001702862142882698,-14.238934345260676,0.6148637120193878
2020-12-10,0.06724473109520411,0.06922743236156667,0.07489623569205445,,,-0.001721410151902041,-14.258458387444845,0.6108699034328746
2020-12-11,0.062025955071847855,0.06874721299492265,0.07489623569205445,,,-0.001837230716628917,-15.907423439400707,0.58751707824906
2020-12-14,0.06383595213789817,0.06834225463226226,0.07489623569205445,,,-0.0019398596950978672,-17.34588798307535,0.5983381416981037
2020-12-15,0.06086831604352236,0.06776111542439386,0.07489623569205445,,,-0.002018866899639411,-18.016321073094534,0.5965963981480895
2020-12-16,0.06745233230873326,0.06734629858286023,0.07489623569205445,,,-0.0021353302606229242,-18.405378139230017,0.5821303046511133
2020-12-17,0.057420493650426535,0.06621540682155046,0.07489623569205445,,,-0.002246252133608675,-18.541240270417646,0.6026535929674588
2020-12-18,0.05769742237187372,0.06525815779885819,0.07489623569205445,,,-0.0023338071166685687,-18.11020590559468,0.5832382505683829
2020-12-21,0.05006421551983362,0.06442026741780062,0.07489623569205445,,,-0.002449454606034532,-18.290871857744623,0.5962943392987938
2020-12-22,0.05605191404031305,0.06380368268698483,0.07489623569205445,,,-0.0025580117155857614,-18.21134434387789,0.5548640748604265
2020-12-23,0.05249716106337138,0.06288026811880121,0.07489623569205445,,,-0.0026871356469741867,-18.076889892716473,0.5615815724578737
2020-12-24,0.06378306688478796,0.06244782068274428,0.07489623569205445,,,-0.002831001998848613,-17.176324498541028,0.542888865505349
2020-12-25,0.056105418287558315,0.06151897780267303,0.07489623569205445,,,-0.002973761281497519,-16.9241818699072,0.565866108167177
2020-12-28,0.05305449053781508,0.06149472771054513,0.07489623569205445,,,-0.0031681357394659285,-16.54757945993406,0.5384480829125018
2020-12-29,0.04818746575629226,0.06108686970958714,0.07489623569205445,,,-0.003384887651410184,-17.38235796346628,0.5001464371445901
2020-12-30,0.046676596745589764,0.060161198340354306,0.07489623569205445,,,-0.0036034359231740145,-18.12114626719722,0.4966514911397151
2020-12-31,0.04342404472014401,0.05893733775309094,0.05948620267099689,,,-0.003819606003558957,-19.09331818055957,0.5202872424249658
2021-01-04,0.040554995742200575,0.057748017537135064,0.05948620267099689,,,-0.003991703700267721,-19.941569738623645,0.545953603556683
2021-01-05,0.040135327604201666,0.05637131495769795,0.05948620267099689,,,-0.0041836876525698785,-20.539449007375058,0.5766976715030352
2021-01-06,0.043997814415749556,0.05502612472457843,0.05948620267099689,,,-0.004409499444635667,-20.612523067002815,0.6049597578924037
2021-01-07,0.04705729503217821,0.05390675045147708,0.05948620267099689,,,-0.004712695647588514,-19.10791059728095,0.5832108049677747
2021-01-08,0.03995182464910998,0.052542105129172366,0.05948620267099689,,,-0.005003860791897695,-18.693443841614076,0.5814853237416453
2021-01-11,0.039106685434511464,0.05139614164730555,0.05948620267099689,,,-0.0053027193222421115,-18.30479537487054,0.5460878133179028
2021-01-12,0.03682265888975195,0.05004547698489823,0.05948620267099689,,,-0.005619712620898175,-17.85639384641712,0.5792105546172928
2021-01-13,0.037226737227085964,0.04886339804407642,0.05948620267099689,,,-0.005940680023493463,-17.388589311700443,0.5492631255844689
2021-01-14,0.04010805314131309,0.04749618408570541,0.05948620267099689,,,-0.006196916235599123,-17.720138950735432,0.528164914529444
2021-01-15,0.047912411226660685,0.04702077996451712,0.05948620267099689,,,-0.006373171137759358,-18.28144602799988,0.49490681193812014
2021-01-18,0.046344610832877,0.04645313938756728,0.05948620267099689,,,-0.006526764686865312,-18.87344387486767,0.5134044537849327
2021-01-19,0.04737293228299056,0.04631857522572513,0.05948620267099689,,,-0.006601267979884057,-19.2470345044436,0.4895475496103847
2021-01-20,0.048956612237404176,0.04596381013557968,0.05948620267099689,,,-0.006668961511261177,-19.602366972452742,0.4853657106388549
2021-01-21,0.043883897894922,0.04553314697715721,0.05948620267099689,,,-0.0067521489312958455,-20.032422787602126,0.5262591870602829
2021-01-22,0.0447402600071083,0.04458100663327323,0.05948620267099689,,,-0.006861084053808913,-20.642692216941732,0.5092662758617807
2021-01-25,0.03922910532688045,0.04373719098523934,0.05948620267099689,,,-0.007027102611112237,-21.5513404547034,0.5157476112307735
2021-01-26,0.0431113840407594,0.043240035660386554,0.05948620267099689,,,-0.007147339876298822,-22.493021183838334,0.46883977108536223
2021-01-27,0.046266079129659056,0.04314396632905489,0.05948620267099689,,,-0.007236252735077583,-23.203899733797993,0.47888131746708784
2021-01-28,0.04664472374662757,0.04314237267910678,0.05948620267099689,,,-0.007294828137668695,-23.81447456714922,0.4498982102619029
2021-01-29,0.04880254989787709,0.043411297937993434,0.05948620267099689,,,-0.007349423856173312,-24.373418306609775,0.4350846052982922
2021-02-01,0.05300994997939241,0.044034045649853026,0.05948620267099689,,,-0.00740372377920287,-25.01761724879356,0.4503688263888952
2021-02-02,0.053638794641312326,0.04470921900170856,0.05948620267099689,,,-0.007467763830058268,-25.695141854874844,0.4440141862173237
2021-02-03,0.047197122918994756,0.04486918442687082,0.05948620267099689,,,-0.007549739111642944,-26.530746629983952,0.4480899690836724
2021-02-04,0.046333414939428934,0.04483299042223336,0.05948620267099689,,,-0.007645221741387952,-27.490214647660864,0.41888019990268166
2021-02-05,0.04536906956927808,0.04510385266824176,0.05948620267099689,,,-0.0077530030968769904,-28.55320286367837,0.45039315764742116
2021-02-08,0.04538112963764737,0.04541757487839856,0.05948620267099689,,,-0.007864272582765496,-29.26660489876626,0.6094709504426989
2021-02-09,0.043684456153461386,0.04576066474158403,0.05948620267099689,,,-0.007972201487741066,-29.966386529704724,0.6156095778743169
2021-02-10,0.042597855660236404,0.046029220663241555,0.05948620267099689,,,-0.008096047866142419,-30.683394343927468,0.5918263055034365
2021-02-18,0.03855074888513787,0.04595135545043279,0.05948620267099689,,,-0.008118824276444137,-30.916229896220965,0.5650859415638252
2021-02-19,0.04155871895762302,0.0456336708369809,0.05948620267099689,,,-0.008080360131275627,-30.3647860294535,0.5729856015642467
2021-02-22,0.04117598783447955,0.04537523968706103,0.05948620267099689,,,-0.007953922326230154,-28.1949422589467,0.5442925450525058
2021-02-23,0.04301930417162163,0.04515755828149259,0.05948620267099689,,,-0.007839703726083074,-26.443571705920608,0.5460936359005513
2021-02-24,0.04069333943451745,0.04474439464134826,0.05948620267099689,,,-0.007650983544743024,-23.8026029942746,0.4963943782594187
2021-02-25,0.04617399084261849,0.04485889928873307,0.05948620267099689,,,-0.007470801949195404,-22.01526462886173,0.5008642871896134
2021-02-26,0.047400654142307264,0.04499191899549303,0.05948620267099689,,,-0.00723864786918705,-19.821449698882123,0.4675761598420014
2021-03-01,0.05023159661522088,0.045542043559910046,0.05948620267099689,,,-0.007007162871911931,-17.89079436922982,0.4497524505146808
2021-03-02,0.047588479398839555,0.04576589832781405,0.05948620267099689,,,-0.006750747658945973,-16.182587419124424,0.42058368284137226
2021-03-03,0.050088175974663085,0.04595700317006425,0.05948620267099689,,,-0.0065110692501345315,-14.885260170823745,0.45556950476891767
2021-03-04,0.050093438189113944,0.046129438892188575,0.05948620267099689,,,-0.006211471785949293,-13.425926425729545,0.4022941052055711
2021-03-05,0.05063625294529955,0.0462211240445597,0.05948620267099689,,,-0.0058790408180226135,-12.035293719459961,0.38387374067086744
2021-03-08,0.0526048039752324,0.0462008667443517,0.05948620267099689,,,-0.005486597559171387,-10.576226219609728,0.33331433797172494
2021-03-09,0.051696731776585625,0.04610376360111536,0.05948620267099689,,,-0.005095718850158626,-9.438956938773105,0.2945682672055414
2021-03-10,0.053392103328090516,0.046413512621570154,0.05948620267099689,,,-0.004730787156660332,-8.590606789877594,0.3193975669086202
2021-03-11,0.04499436145530863,0.04634655994736413,0.05948620267099689,,,-0.004379908004307282,-7.869756243871909,0.34995780127249687
2021-03-12,0.04744109477430273,0.04645016120761537,0.05948620267099689,,,-0.004037656245595289,-7.247675015643722,0.4268136532820672
2021-03-15,0.0423062508079374,0.04629641726612987,0.05948620267099689,,,-0.0036765112126063214,-6.583550307951556,0.36435083751751796
2021-03-16,0.0495938845000698,0.04659188868346029,0.05948620267099689,,,-0.0032941793016998014,-5.906055669075019,0.35622109469242136
2021-03-17,0.061457622121762506,0.047534877006536594,0.05948620267099689,,,-0.002890657877138563,-5.203917478110026,0.36126716978240747
2021-03-18,0.07124956490809826,0.04916981780768461,0.05948620267099689,,,-0.0025208024138262102,-4.56265068853061,0.35186308850704684
2021-03-19,0.07435942141382974,0.05080985293049495,0.05948620267099689,,,-0.0020965048124447984,-3.7917779009257466,0.34601681859031963
2021-03-22,0.07530662552952318,0.05251638481524713,0.05948620267099689,,,-0.0016654933578109867,-3.0212783384505597,0.4264162204430584
2021-03-23,0.07891956147361093,0.05431139768034661,0.05948620267099689,,,-0.0012400453600940329,-2.2772821973558237,0.3698337794626396
2021-03-24,0.06879207326068495,0.05571633437165498,0.05948620267099689,,,-0.0008067490407403844,-1.5056485345273989,0.37367160142774036
2021-03-25,0.0770783089469359,0.05726155027687084,0.05948620267099689,,,-0.0004041136734071675,-0.771739914596702,0.4009685588556291
2021-03-26,0.06754056982372439,0.05826854606094171,0.05948620267099689,,,-6.12146955827365e-05,-0.11966000366253088,0.43200561973070073
2021-03-29,0.06976167316072007,0.05924504988821666,0.05948620267099689,,,0.0002817676001660879,0.5698373209678024,0.5035591046657824
2021-03-30,0.07366438200004212,0.06054884501827679,0.05948620267099689,,,0.0005470980181436893,1.1424425159074332,0.5062078597683606
2021-03-31,0.07173731140081176,0.061631301789584224,0.060023229903496,,,0.0008434275459239964,1.836831902879654,0.5270300335659615
2021-04-01,0.07743913674135133,0.06299858671719608,0.060023229903496,,,0.0010992554745960861,2.5082027922503807,0.5296334268094454
2021-04-02,0.07679544439809265,0.06430654628983574,0.060023229903496,,,0.0013543374486747162,3.263694548842299,0.5152005611500894
2021-04-06,0.08096005612722461,0.06572430889743536,0.060023229903496,,,0.0016512710931158793,4.286155716270478,0.586119774110756
2021-04-07,0.08831607939283578,0.06755527627824787,0.060023229903496,,,0.00195047478557764,5.431828672874873,0.5571097249806272
2021-04-08,0.09667983923883369,0.06971966307378503,0.060023229903496,,,0.002176784698900914,6.431585479845993,0.5229625290181514
2021-04-09,0.08513580559569671,0.07172673528080442,0.060023229903496,,,0.002323450479280838,6.971287526831573,0.5328845655405257
2021-04-12,0.07722616808344382,0.07321598894626148,0.060023229903496,,,0.002467839603597436,7.538922690843131,0.514991619198818
2021-04-13,0.08215465073853201,0.07520840894279121,0.060023229903496,,,0.002557028336520128,7.892354781375038,0.5439575565202965
2021-04-14,0.0811419099463567,0.07678581021510555,0.060023229903496,,,0.0026018184185907416,8.045461207269872,0.5563992662432833
2021-04-15,0.08429906327969611,0.07792788227300224,0.060023229903496,,,0.0025946846224907233,8.024381015872986,0.5631069793926107
2021-04-16,0.08093216620470668,0.07841201233783265,0.060023229903496,,,0.002657643214691574,8.238597304912572,0.5395721306449599
2021-04-19,0.0761542423168668,0.07850175338298451,0.060023229903496,,,0.0027569323241970717,8.691087860692372,0.5726483095194692
2021-04-20,0.0813546477389763,0.07880415449345717,0.060023229903496,,,0.0028461055377204483,9.147610026656624,0.5256436069900683
2021-04-21,0.08051804368184301,0.07888407860386877,0.060023229903496,,,0.00295992065724356,9.90890322770912,0.522313031460246
2021-04-22,0.0755687848277781,0.07922291418222342,0.060023229903496,,,0.0030738960133625563,10.738896400026967,0.5137419513266512
2021-04-23,0.07674602319977585,0.07920629989486541,0.060023229903496,,,0.0031218197171203462,11.141327064259322,0.5510088297804938
2021-04-26,0.06399672430160044,0.07902910761875923,0.060023229903496,,,0.0031531776805439203,11.39327246973302,0.5579477754288109
2021-04-27,0.07519252417224663,0.07930065016933555,0.060023229903496,,,0.0031004783097470174,11.00447786618909,0.5236287799042205
2021-04-28,0.06505396100721285,0.07887012911969409,0.060023229903496,,,0.0030632652280302933,10.703591113479211,0.5396782918149465
2021-04-29,0.06336098888210114,0.07845131299375856,0.060023229903496,,,0.0029923616161281544,10.135497924454922,0.526227997105871
2021-04-30,0.05639504115846514,0.07739910821461425,0.07740101433493506,,,0.0029317902098414434,9.64797471407675,0.5243402454284185
2021-05-06,0.047762206470373464,0.07594744631822829,0.07740101433493506,,,0.0028776653316289922,9.286076336113252,0.5072480120911531
2021-05-07,0.050896796927395405,0.07444428335823683,0.07740101433493506,,,0.002831009435534921,8.999413982346072,0.5074350925853326
2021-05-10,0.04952948545636532,0.07250495366141331,0.07740101433493506,,,0.002746953913686882,8.56305260730298,0.5025165086718206
2021-05-11,0.05398461813451025,0.07037019260619712,0.07740101433493506,,,0.0026280387583187473,8.04591142014351,0.5062269144554004
2021-05-12,0.058768112456382325,0.06905180794923141,0.07740101433493506,,,0.002478547583695464,7.50486394305081,0.5435649857676437
2021-05-13,0.057093376858242846,0.06804516838797137,0.07740101433493506,,,0.0023034482425613933,6.993275472636609,0.5285233752237344
2021-05-14,0.05301428687238386,0.06658815019466396,0.07740101433493506,,,0.002057451772849931,6.409509754956519,0.5603472252243087
2021-05-17,0.056593728238584155,0.06536074110927534,0.07740101433493506,,,0.0017414944205914233,5.622321151705937,0.573172136284986
2021-05-18,0.06336088885007524,0.06431383238779428,0.07740101433493506,,,0.0013930195704037183,4.95013808999383,0.5408506666218393
2021-05-19,0.059858695053097793,0.06326015883021384,0.07740101433493506,,,0.0011034134290711572,4.236314688248314,0.5098159325197804
2021-05-20,0.056347192785168004,0.06226980635362891,0.07740101433493506,,,0.0008435907225521956,3.433291721077666,0.503169580619903
2021-05-21,0.05748880784075467,0.061076514358717825,0.07740101433493506,,,0.0006643172813440007,2.7824387218930244,0.4815321176891174
2021-05-24,0.05458927182084409,0.05978007576566787,0.07740101433493506,,,0.00047570561328502486,2.087407256819353,0.4883309207538602
2021-05-25,0.048288350243394514,0.05841605403644871,0.07740101433493506,,,0.00029079692776446813,1.2809328797109891,0.5010689865729736
2021-05-26,0.05466368154692142,0.05731193695380597,0.07740101433493506,,,9.400413735058361e-05,0.43481508819496756,0.49653896659851005
2021-05-27,0.06149893125202463,0.05718704730132719,0.07740101433493506,,,-4.740538391616845e-05,-0.22569418636277216,0.5229803701659181
2021-05-28,0.05554197955377651,0.056204520070403684,0.07740101433493506,,,-0.00018159517347843358,-0.8864048403559548,0.5133101631210542
2021-05-31,0.05325722281910802,0.055614683160998435,0.05514097962107792,,,-0.00028470790291377867,-1.4357415674197145,0.5352276000205882
2021-06-01,0.05772244289413562,0.05533275586160016,0.05514097962107792,,,-0.0003893739280886317,-2.0776687032626278,0.518545565906664
2021-06-02,0.0664099649837926,0.05583350205286654,0.05514097962107792,,,-0.0004375462882464081,-2.392043637004942,0.5213551209154885
2021-06-03,0.06838893756060507,0.05686483860737811,0.05514097962107792,,,-0.0004584268997851958,-2.529997664854008,0.5360097121821539
2021-06-04,0.05967016631048727,0.057303507076532714,0.05514097962107792,,,-0.0004527489103234596,-2.497207080905575,0.5701885918148755
2021-06-07,0.0561885024718811,0.057636457927308496,0.05514097962107792,,,-0.00045029453686639315,-2.4820898149380555,0.5803090657118715
2021-06-08,0.05545195737194107,0.05770982488918005,0.05514097962107792,,,-0.00047406801954570394,-2.6455727530357387,0.5415821758296215
2021-06-09,0.05905664631377223,0.05772425158204954,0.05514097962107792,,,-0.0005144977126381407,-2.9478895127343994,0.5580841434182222
2021-06-10,0.05260912351915689,0.05750003891509524,0.05514097962107792,,,-0.0005768156421433075,-3.481526261796006,0.5774653167864383
2021-06-11,0.05339430739583381,0.05751903994126774,0.05514097962107792,,,-0.0006136025633165487,-3.8157636701724176,0.5550989671385818
2021-06-15,0.05751198524038981,0.05756495279135802,0.05514097962107792,,,-0.0006383326058267655,-4.046334162796884,0.4955754397178911
2021-06-16,0.05602874925380225,0.05719834581154436,0.05514097962107792,,,-0.0006383735082521489,-4.046713738477122,0.47452440013768205
2021-06-17,0.05615493013636704,0.05701315756570783,0.05514097962107792,,,-0.0006443356677240361,-4.103860117869408,0.4841624115515406
2021-06-18,0.0523106673941565,0.05681133129615725,0.05514097962107792,,,-0.0005803494893543534,-3.589820848949153,0.4923026907767494
2021-06-21,0.05294053171047078,0.05658391748964307,0.05514097962107792,,,-0.000475348155115262,-2.8013359770960533,0.5010447731532601
2021-06-22,0.05825019817329962,0.056766963807265834,0.05514097962107792,,,-0.0003730123905089476,-2.1114792695991547,0.5110821759674451
2021-06-23,0.05418531746196072,0.05706181216819415,0.05514097962107792,,,-0.000262984685041038,-1.458828539286128,0.5128096561068889
2021-06-24,0.05426326549338572,0.05704179136551737,0.05514097962107792,,,-0.00017989115716678195,-0.9885695389451544,0.5036898676851325
2021-06-25,0.0470142382215327,0.056317556713992765,0.05514097962107792,,,-0.00015015514206358875,-0.8248836591329207,0.5238167956140358
2021-06-28,0.049481402611626764,0.05601452786688528,0.05514097962107792,,,-0.00011414782038310318,-0.6253496156422305,0.5265429392932504
2021-06-29,0.05348449117231314,0.056025891284545534,0.05514097962107792,,,-0.00011149828900351721,-0.6103989841477784,0.5126656249262158
2021-06-30,0.05662871062409057,0.05597120467104329,0.056054596967381014,,,-8.957553268584772e-05,-0.48866420816917716,0.49425443009948
2021-07-01,0.053724762235180974,0.05533694453361271,0.056054596967381014,,,-0.00011746657337953796,-0.6436573615212302,0.46385712427585934
2021-07-02,0.049600571965078714,0.054397526253836384,0.056054596967381014,,,-0.00010531077472126126,-0.5747083106425664,0.4513378724864643
2021-07-05,0.05074417410891143,0.0539512266437576,0.056054596967381014,,,-3.911215079422622e-05,-0.20945208672060409,0.4495512297249007
2021-07-06,0.05131737742555802,0.05370767039144144,0.056054596967381014,,,6.428299122269822e-05,0.34208063660098903,0.45000576587903196
2021-07-07,0.05226671531172039,0.053548408288430396,0.056054596967381014,,,0.0001437241786065663,0.7583676078791421,0.4566963048186503
2021-07-08,0.05132942014950231,0.05316204698021691,0.056054596967381014,,,0.00025509472205247156,1.3552732146456765,0.4571925738229279
2021-07-09,0.051325868266825815,0.05309788421760035,0.056054596967381014,,,0.00038191406397696795,2.0495279428702218,0.47605470982941567
2021-07-12,0.04373404251179086,0.052614870973398196,0.056054596967381014,,,0.0004895956127564015,2.650374838279847,0.47166870494862567
2021-07-13,0.047259289150752025,0.052102236168916315,0.056054596967381014,,,0.0006020481043888025,3.3296176156481287,0.4795096404419805
2021-07-14,0.044018125227976615,0.05150170496762504,0.056054596967381014,,,0.0007151564178716135,4.054544665139324,0.4431857491507927
2021-07-15,0.0484839210287706,0.051118154512245204,0.056054596967381014,,,0.0008019029336309758,4.848393955134618,0.4319578915014597
2021-07-16,0.04346730477911652,0.05067598638149321,0.056054596967381014,,,0.0008864558588115285,5.708819892686502,0.374063966551611
2021-07-19,0.043822300051329297,0.05022007479853614,0.056054596967381014,,,0.0009516824445926204,6.5030507962093225,0.3497860040739631
2021-07-20,0.04586496867359909,0.04960081332355111,0.056054596967381014,,,0.0010040085339357123,7.201093498605415,0.3199490774495575
2021-07-21,0.04205202592324237,0.048994148746615195,0.056054596967381014,,,0.0010783578965476747,8.408602330206078,0.30430386876105975
2021-07-22,0.045017609730059756,0.0485318659584489,0.056054596967381014,,,0.0011155713330084243,8.997201277832627,0.3155497460696475
2021-07-23,0.04335853755541324,0.04834908092514293,0.056054596967381014,,,0.0011544522588607651,9.774153112592582,0.26562283046438884
2021-07-26,0.040850201189882404,0.047917520854055706,0.056054596967381014,,,0.0011934020768855074,10.370156410183855,0.26110502815403747
2021-07-27,0.04016754920113318,0.04725167375549671,0.056054596967381014,,,0.001252041958682352,10.93846331595805,0.265141580499479
2021-07-28,0.043509493802072016,0.04659571291439578,0.056054596967381014,,,0.0012284704192869456,10.623301814577585,0.30972846035710755
2021-07-29,0.04193516075056503,0.04600623284016499,0.056054596967381014,,,0.0012017113799842906,10.378305327241852,0.33162385881138734
2021-07-30,0.04621303428289398,0.04583685595605575,0.056054596967381014,,,0.0012296342191301143,10.612981388284416,0.29605660203041806
2021-08-02,0.041702451702972515,0.0453847698357588,0.056054596967381014,,,0.0012542870323262328,10.901966214986992,0.3087880470322659
2021-08-03,0.04551768342915134,0.04509478513593847,0.056054596967381014,,,0.0012774798923968161,11.199998534575649,0.28687720417013995
2021-08-04,0.04469737186633091,0.044716317963669,0.056054596967381014,,,0.0013008174403451747,11.51795696925028,0.30877019573461717
2021-08-05,0.04683368684298275,0.04449153129834302,0.056054596967381014,,,0.001325846023858517,11.891812050383129,0.3748901373539679
2021-08-06,0.04437400520103286,0.044143938145053366,0.056054596967381014,,,0.0013571213585929106,12.461571964767618,0.377036023900037
2021-08-09,0.043009419927753235,0.04410770701585149,0.056054596967381014,,,0.0013776809435944286,12.78368100062444,0.37183465981850605
2021-08-10,0.045478754546653725,0.04401868028564657,0.056054596967381014,,,0.001351314762971708,12.593427083768933,0.34359431637676296
2021-08-11,0.04671149142179278,0.044153348595337386,0.056054596967381014,,,0.001345193777612035,12.559666807796754,0.357903617573758
2021-08-12,0.04625309171135732,0.04404180712946672,0.056054596967381014,,,0.0013538771080665796,12.591358620886767,0.3479403222350055
2021-08-13,0.04697348115475612,0.044217115948248696,0.056054596967381014,,,0.0013555082257804998,12.591417726255644,0.3147420053001502
2021-08-16,0.050401652545825876,0.04454608357297353,0.056054596967381014,,,0.001383149666192621,12.616173026636622,0.316213145782579
2021-08-17,0.05323269927147419,0.044914470102867275,0.056054596967381014,,,0.001401078915989591,12.653267111195786,0.27243555954797105
2021-08-18,0.052093010254312774,0.0454165193194208,0.056054596967381014,,,0.0013633445345854571,12.830744417938165,0.28151742713988237
2021-08-19,0.04985947758757048,0.045658612712296334,0.056054596967381014,,,0.001337107818864972,12.899463107584298,0.2982468520150303
2021-08-20,0.04572542398030509,0.04577695703354093,0.056054596967381014,,,0.0013269627775865068,12.930153656156543,0.28619338836535957
2021-08-23,0.0507894614332993,0.04627392004571178,0.056054596967381014,,,0.0013346256034869211,12.847535567844131,0.3302393238322294
2021-08-24,0.05065267379484981,0.046798176275397604,0.056054596967381014,,,0.0013521420307798255,12.78471355020727,0.3576799062557441
2021-08-25,0.05292102445782976,0.047268752808185495,0.056054596967381014,,,0.0013879002082696477,12.74121410078752,0.3645235818081123
2021-08-26,0.05092013336288415,0.04771800143880145,0.056054596967381014,,,0.0014509542075211684,12.760127009495,0.3434695193508388
2021-08-27,0.04988813211834586,0.047901756330574044,0.056054596967381014,,,0.00149165079231016,13.01328252916863,0.33072484334381547
2021-08-30,0.04130066551815144,0.04788166702133299,0.056054596967381014,,,0.0015004519715563528,13.048533051852324,0.3305454327467616
2021-08-31,0.04118926873287301,0.047665246286519074,0.047296593675568425,,,0.0015093512823893171,13.117351715972426,0.36045675590292237
2021-09-01,0.03798892423105342,0.047329823904755194,0.047296593675568425,,,0.001496309253193734,12.930445090251219,0.3636136149419491
2021-09-02,0.0391833958000429,0.046947309352608206,0.047296593675568425,,,0.0014923359551868981,12.881494963796404,0.3747496968668005
2021-09-03,0.039029965031008515,0.04668010734410699,0.047296593675568425,,,0.0014962028052139629,12.91953579552443,0.3602031480206578
2021-09-06,0.040724098278095325,0.046565841261624094,0.047296593675568425,,,0.0014901935297374777,12.846963682504486,0.3820646239606238
2021-09-07,0.041294971908957756,0.046356652129739294,0.047296593675568425,,,0.0014664128056085077,12.518156718009452,0.4363823632034858
2021-09-08,0.040453716113683494,0.04604376336433383,0.047296593675568425,,,0.0014568618230869949,12.39395192796431,0.43340185909538675
2021-09-09,0.04193413270639317,0.04582781541408562,0.047296593675568425,,,0.0014371888433816213,12.114294053401974,0.42303316589973994
2021-09-10,0.03780306045627131,0.04536929437916139,0.047296593675568425,,,0.0014011995091099236,11.435298611283754,0.42606122757775333
2021-09-13,0.03739432341293963,0.04471892792251707,0.047296593675568425,,,0.0013962188820917112,11.332028570976094,0.4247808645010922
2021-09-14,0.03912576482036074,0.0440135811999614,0.047296593675568425,,,0.0014022443380534114,11.449991332645801,0.4061315138626269
2021-09-15,0.03823330578064716,0.04332059597627812,0.047296593675568425,,,0.0014173783813456083,11.700367233640765,0.42450067934986513
2021-09-16,0.039789968874855475,0.042817120540642364,0.047296593675568425,,,0.0014155136089011242,11.67296373608566,0.4064458502856203
2021-09-17,0.042866695430680515,0.04267418411316114,0.047296593675568425,,,0.0013512815957607588,10.857188054176309,0.4268752126161399
2021-09-22,0.04081415279616864,0.0421754186813046,0.047296593675568425,,,0.0013002446270701587,10.244859273214033,0.4278760640836352
2021-09-23,0.0380802855787122,0.041546799270497724,0.047296593675568425,,,0.001251121060845779,9.698336429842499,0.47711755438421344
2021-09-24,0.0429939889922612,0.0410504474972193,0.047296593675568425,,,0.0011703334018150257,8.684199324620122,0.4794928899030706
2021-09-27,0.04134076477472784,0.04057147906781148,0.047296593675568425,,,0.001006437377058541,6.7332997050454315,0.42003871376387125
2021-09-28,0.03924642783921924,0.040039393853855146,0.047296593675568425,,,0.0008768119766360303,5.35866136753655,0.41682859037649633
2021-09-29,0.04088842508239746,0.040018781832067446,0.047296593675568425,,,0.0007402040617631779,4.036859457258129,0.37178099435477874
2021-09-30,0.03743652921257273,0.039831144856052436,0.039831144856052436,,,0.0006289351429908623,3.22987497614097,0.39750380714894096
2021-10-08,0.037810368813229404,0.03982221708516124,0.039831144856052436,,,0.000527017799150757,2.601546811088795,0.3922005283161467
2021-10-11,0.040636904210897364,0.03989489250570396,0.039831144856052436,,,0.00043013426371075775,2.0555853947041025,0.36998627708085463
2021-10-12,0.04311714068074758,0.04009925128819091,0.039831144856052436,,,0.00034252367853255107,1.5885684279970733,0.3481670316236589
2021-10-13,0.05020086999163113,0.0405730898738677,0.039831144856052436,,,0.00025335033819214584,1.1461093671861324,0.3724597210226317
2021-10-14,0.05212064526207326,0.04111437354152348,0.039831144856052436,,,0.00018370764485784607,0.8216790205764677,0.3705211237176025
2021-10-15,0.04815281681461466,0.04149932857657004,0.039831144856052436,,,9.629042547130633e-05,0.4222548444953967,0.40603804319192816
2021-10-18,0.04481826329393694,0.041643535105947226,0.039831144856052436,,,-1.7133113114891823e-05,-0.07565796894398334,0.4165924443111868
2021-10-19,0.04742554185260716,0.042124659175764016,0.039831144856052436,,,-0.00013488584210399017,-0.5972081336009563,0.44056298574938224
2021-10-20,0.04975929457581909,0.042742907733907994,0.039831144856052436,,,-0.00026720769392052645,-1.1970207765219596,0.42861167957531254
2021-10-21,0.04929580326069093,0.0432514096559245,0.039831144856052436,,,-0.00041984860875276836,-1.8980556568539013,0.4328317054245412
2021-10-22,0.046508731046823244,0.043665180919233305,0.039831144856052436,,,-0.000583718021735826,-2.6385501898643113,0.3813502766841812
2021-10-25,0.04444430275388225,0.04389789761318465,0.039831144856052436,,,-0.000744833034473811,-3.396470151403252,0.3575513791403868
2021-10-26,0.046199870849089886,0.04406455638410511,0.039831144856052436,,,-0.0009152555423582357,-4.2725774852927865,0.35513689518834046
2021-10-27,0.04758735101504584,0.04440321629504897,0.039831144856052436,,,-0.001072012635111515,-5.0237030500877955,0.35375671404255504
2021-10-28,0.04554910959818826,0.04477665749602277,0.039831144856052436,5.118020434698249,,-0.0012114886059902696,-5.564803790489945,0.3448593050725217
2021-10-29,0.04052516095526265,0.044653216094172846,0.039831144856052436,4.594615927503786,,-0.001390449719530712,-6.546371633118731,0.36546243071285844
2021-11-01,0.040364301833748374,0.04460439294712388,0.039831144856052436,4.727653519092547,,-0.00151925138123479,-7.422400962984118,0.3880936492511151
2021-11-02,0.0444977241597078,0.0448669577631483,0.039831144856052436,5.460288805395124,,-0.0016138805209375212,-8.044714843630562,0.35936811324975904
2021-11-03,0.04512203708387825,0.04507863836322234,0.039831144856052436,4.446379477263459,,-0.0016944811086760435,-8.724834179304349,0.3814644946396173
2021-11-04,0.046951934217713064,0.045554408613479355,0.039831144856052436,4.934023298039568,,-0.001763861823483896,-9.414737308240829,0.3997330122599705
2021-11-05,0.04983850960823954,0.04615581565322986,0.039831144856052436,5.600066193522329,,-0.0018137241222334014,-10.00627307359238,0.40664977484455433
2021-11-08,0.050243273935393865,0.04663613413945469,0.039831144856052436,5.1878042768274995,,-0.0018519612194586334,-10.525494166616763,0.4134503887597438
2021-11-09,0.052518351975212124,0.047106194704177914,0.039831144856052436,5.297270941383698,,-0.0018675877788197418,-10.776393274280009,0.4228753093585449
2021-11-10,0.05335703947265573,0.047264003178229146,0.039831144856052436,5.653097925424438,,-0.0018512412238350076,-10.496390268666483,0.4133709835688413
2021-11-11,0.05956193232472414,0.047636067531361695,0.039831144856052436,6.545856968926174,,-0.0018393174843087832,-10.305767566216593,0.4227896325501068
2021-11-12,0.06529145222045685,0.048492999301653794,0.039831144856052436,7.04443939840464,,-0.0017806376252640125,-9.418592229358541,0.46376430095492416
2021-11-15,0.07349426836631662,0.04992679955527278,0.039831144856052436,8.008136359265265,,-0.001671986305283723,-8.026028139825382,0.4443429441996536
2021-11-16,0.07020146835921291,0.05106559588060307,0.039831144856052436,7.386479168838818,,-0.0015812746507513885,-7.191329984030115,0.4110463173254757
2021-11-17,0.06729165081473855,0.05194221369254905,0.039831144856052436,6.461991502824186,,-0.0014473185760373246,-6.127532596863912,0.4245175531322751
2021-11-18,0.06429876495685571,0.052692361777357276,0.039831144856052436,6.724226163531281,,-0.001322241081940889,-5.304582089807526,0.39418813412323916
2021-11-19,0.06171543563530949,0.05345269700678159,0.039831144856052436,6.410483796786769,,-0.001199955035016155,-4.590494815486172,0.4223126910732604
2021-11-22,0.0555230500415788,0.05400663437116643,0.039831144856052436,6.41426144979484,,-0.0010732572525386438,-3.934842566120234,0.41222911366562887
2021-11-23,0.0614380094156078,0.05476854129949231,0.039831144856052436,6.866358136143023,,-0.0009241968641244371,-3.248712557036321,0.4242276307314272
2021-11-24,0.06862914627453637,0.05582063106246684,0.039831144856052436,7.540085652159578,,-0.0007257616028953425,-2.45200659758415,0.44093847970786415
2021-11-25,0.07444083207027465,0.05726521718607116,0.039831144856052436,7.512636471796063,,-0.0005257801450232245,-1.713677277023374,0.43170550078901204
2021-11-26,0.0694639886344996,0.058712158570033014,0.039831144856052436,6.929810403769306,,-0.00031508250472416356,-1.0008380298666182,0.4309291942089464
2021-11-29,0.062184328601581566,0.05980315990842468,0.039831144856052436,6.4256938086788455,,-8.833685430009311e-05,-0.27724017442800736,0.4133158227383378
2021-11-30,0.06373888205817463,0.060765217803348016,0.059098471911837105,6.842801483091685,,0.00013263944187562955,0.4088184090289758,0.4306498592933088
2021-12-01,0.06771724374170217,0.06189497813623921,0.059098471911837105,6.659543754001663,,0.00036254088505861646,1.0975145241480768,0.433689666983861
2021-12-02,0.068340230023598,0.06296439292653346,0.059098471911837105,6.9363668946739185,,0.0005461535664623932,1.6538263044034618,0.4208541647014432
2021-12-03,0.05667168651715914,0.06330605177197943,0.059098471911837105,5.6602702248000885,,0.0006784604000704768,2.058620389530007,0.42105208870953303
2021-12-06,0.05544538210375462,0.06356615718039747,0.059098471911837105,6.07069530835891,,0.0007794048041734533,2.3940567903346843,0.3982184265857962
2021-12-07,0.051931095716723455,0.06353679436747303,0.059098471911837105,5.646250841259956,,0.0008710120547607411,2.7256333347996424,0.39123875631101357
2021-12-08,0.050855385189304665,0.06341171165330547,0.059098471911837105,5.038500910758972,,0.0009469649275246652,3.0134587838681353,0.437513572050245
2021-12-09,0.050792840816859204,0.06297325707791224,0.059098471911837105,5.706625377399581,,0.0009925215332552734,3.1940821635318852,0.44457820464568787
2021-12-10,0.05113679696466559,0.06226552431512268,0.059098471911837105,5.611739489977082,,0.0010693587273616202,3.5074042284836624,0.4379511059554644
2021-12-13,0.049901645191351506,0.061085893156374416,0.059098471911837105,5.674432535387882,,0.0011317155798954075,3.77417900625481,0.4541006454099259
2021-12-14,0.06010975262464064,0.06058130736964581,0.059098471911837105,6.156366893860031,,0.0011990022555549956,4.045317311626117,0.4245702948487975
2021-12-15,0.06630190113759041,0.060531819885788395,0.059098471911837105,6.687604439517134,,0.0012903826068894893,4.418545424583147,0.42080086819242135
2021-12-16,0.06700176052791723,0.060666969664341486,0.059098471911837105,6.686850100126304,,0.0013953590933762665,4.880460257834741,0.4324509721573804
2021-12-17,0.06457577475054464,0.06080998662010324,0.059098471911837105,6.695264435021744,,0.0015240635828052051,5.518245006329445,0.4143193804541099
2021-12-20,0.059288773216673266,0.060998272778857957,0.059098471911837105,5.999165567290144,,0.0016592400061886047,6.262615481806997,0.40006404208021507
2021-12-21,0.06396249860969103,0.061124497238562114,0.059098471911837105,5.558134662962286,,0.001780554281727052,6.940684713408581,0.41575795447168606
2021-12-22,0.06642918610228976,0.061014499229949795,0.059098471911837105,6.10339555958952,,0.0019108544727921587,7.765909637757875,0.44724257323470984
2021-12-23,0.06610187022834167,0.06059755113785313,0.059098471911837105,6.295556637546444,,0.0020097908300931986,8.568647921549749,0.4511626880351185
2021-12-24,0.06284382759175815,0.060266543085716065,0.059098471911837105,6.364762278459966,,0.0020440693985138924,8.88227034826953,0.4652632199396176
2021-12-27,0.05913457480310629,0.0601140553957923,0.059098471911837105,4.9901726227931,,0.002030751284430599,8.783600388390807,0.4524540830526447
2021-12-28,0.06069859002869845,0.059962040794318494,0.059098471911837105,5.156485117845043,,0.002012476728607299,8.652496051260266,0.45358284354111067
2021-12-29,0.058209118867446306,0.059486634550605696,0.059098471911837105,4.915266633372031,,0.0019801452036082743,8.476944940149613,0.45294073308437977
2021-12-30,0.062126299677643854,0.05917593803330799,0.059098471911837105,5.3176033967401874,,0.001969222951757823,8.4133769622872,0.4485407204836467
2021-12-31,0.05969582485444439,0.05932714495017226,0.05996835040373498,5.241770363084033,,0.001961642827314762,8.36705575483023,0.46207444216533
2022-01-04,0.057888652927072855,0.05944930849133816,0.05996835040373498,6.002469234853543,,0.0019790777014522553,8.460500300469944,0.4367316970480568
2022-01-05,0.058060699223056296,0.059755788666654805,0.05996835040373498,6.361476277114314,,0.001981642264062678,8.474424249097849,0.44452090147600143
2022-01-06,0.05785898429187098,0.060105968621783135,0.05996835040373498,5.481947968133182,,0.0020142595860405577,8.622343688829575,0.43278652242594795
2022-01-07,0.05963243702690362,0.06054794843228535,0.05996835040373498,6.042789579992121,,0.0020292834069210604,8.713518613332486,0.44549069534142594
2022-01-10,0.059825731965200885,0.06098239518231211,0.05996835040373498,5.286708510601196,,0.0020337559883160483,8.735710119105217,0.4317618242452257
2022-01-11,0.06599048618327727,0.061786837231908406,0.05996835040373498,5.74121618605011,,0.0020697518691949203,8.928734810035504,0.42830562246796444
2022-01-12,0.06651088728233163,0.06210689396479294,0.05996835040373498,5.891292644654098,,0.0020966531380526075,9.057627163468972,0.45102919392269336
2022-01-13,0.06850455766550849,0.06221702679118886,0.05996835040373498,6.096000120533147,,0.0021298551601459646,9.199774691474975,0.4151934570143021
2022-01-14,0.06736517141233064,0.06223519733540952,0.05996835040373498,6.142892982182119,,0.0021372776139936467,9.226426165817594,0.39017847957827057
2022-01-17,0.06937745978971334,0.062475281587367947,0.05996835040373498,6.29101811975477,,0.0021291540192051135,9.2065439232434,0.38016623868715715
2022-01-18,0.070408949506713,0.06303129040186994,0.05996835040373498,6.975126020812611,,0.0020577088252984373,8.921844259050411,0.3691614197646018
2022-01-19,0.06484183501860627,0.06307525722231572,0.05996835040373498,5.767724774204767,,0.0019957467934487248,8.72533405232631,0.3630909280020367
2022-01-20,0.06715819347904783,0.06311170759115362,0.05996835040373498,6.46692929750654,73.33333333333333,0.0018331935127836058,7.9923246480353685,0.3491625492726038
2022-01-21,0.06264950538510008,0.06293908934899153,0.05996835040373498,5.199182910903682,16.666666666666664,0.0016308400801061066,7.238438634989142,0.32987302053984413
2022-01-24,0.05573988234930853,0.06258389208686906,0.05996835040373498,4.161908591113521,1.6666666666666667,0.0014161745108357893,6.404287288959958,0.3514358291408477
2022-01-25,0.060528827721145664,0.06265360473277101,0.05996835040373498,5.171090510336019,13.333333333333334,0.001196541613115001,5.326126605238448,0.28834651056840577
2022-01-26,0.05506708578536033,0.06237202952060411,0.05996835040373498,3.9705012370216646,1.6666666666666667,0.0009717219424364402,4.331507711413237,0.30496129469488054
2022-01-27,0.05806484877734422,0.062364816016099014,0.05996835040373498,4.4656619669083275,5.0,0.0007321529785114661,3.187270791191572,0.28222708945889563
2022-01-28,0.05351133382599911,0.06193406772351677,0.05996835040373498,4.0821567137957695,3.3333333333333335,0.0005489166798294802,2.4344303860331777,0.2817547671593661
2022-02-07,0.05405969929265398,0.06165226144542725,0.05996835040373498,4.097538218826156,5.0,0.0003764655323892775,1.6986966525910538,0.2811130739228891
2022-02-08,0.0516641906349177,0.0613410383308195,0.05996835040373498,4.189362453097287,8.333333333333332,0.00023972674529830427,1.116578826052302,0.3013053291857448
2022-02-09,0.053755568328077125,0.06112578178607053,0.05996835040373498,4.50788209855825,11.666666666666666,0.00012711060290891303,0.6067272871777385,0.30883478932261266
2022-02-10,0.05858494491591208,0.061162079817272584,0.05996835040373498,4.842412606578085,13.333333333333334,2.895455010493448e-05,0.14001059906367366,0.29114555146579146
2022-02-11,0.05568898994435362,0.06096490746314509,0.05996835040373498,4.982944028242281,16.666666666666664,-0.00010714297969470063,-0.5236982404221454,0.27019097427538163
2022-02-14,0.05248566330611899,0.060597904030191,0.05996835040373498,4.015313070191926,3.3333333333333335,-0.00018992850615633412,-0.9357499732322402,0.25947697881544785
2022-02-15,0.05490883433860265,0.06004382143795726,0.05996835040373498,4.147200564984798,8.333333333333332,-0.00024617632444482167,-1.208601272671288,0.29349425168771104
2022-02-16,0.0700848291343462,0.060222518530558,0.05996835040373498,5.189442747137409,28.333333333333332,-0.00030155597005521157,-1.495916484888223,0.29096151520452196
2022-02-17,0.06979019767328218,0.060286800530946684,0.05996835040373498,5.68419662293956,46.666666666666664,-0.00033516998799805307,-1.6658700006819862,0.31906512101479456
2022-02-18,0.06853795275405423,0.06034543959803286,0.05996835040373498,4.87887584450707,18.333333333333332,-0.00037418532745005174,-1.866246533645379,0.3462957859245712
2022-02-21,0.06390208246739797,0.06007167073191708,0.05996835040373498,4.982657537031709,21.666666666666668,-0.00038126312014369714,-1.9041452743308442,0.34264320275138993
2022-02-22,0.06375538007462507,0.05973899226031269,0.05996835040373498,5.413016528544131,40.0,-0.0003852253009058752,-1.9252201910107893,0.313901624918568
2022-02-23,0.059470668362312386,0.05947043392749799,0.05996835040373498,5.339129771158267,40.0,-0.00036248713690437124,-1.8045712055440246,0.3453404199063277
2022-02-24,0.06001189610635847,0.05911311905886353,0.05996835040373498,7.128792491625455,98.33333333333333,-0.0003281834431764226,-1.6313710696415387,0.3361318154439683
2022-02-25,0.058230022280595206,0.05889214490363829,0.05996835040373498,5.041996518586889,28.333333333333332,-0.00027794686470528323,-1.381153373632479,0.36610015655772354
2022-02-28,0.05822811206578836,0.05901655638946227,0.05957243947996226,4.626265324459868,16.666666666666664,-0.0002353966233280392,-1.1735303104238137,0.354802391588259
2022-03-01,0.057698722106616675,0.058875051108735824,0.05957243947996226,4.631226940203864,18.333333333333332,-0.00018773669978833986,-0.9397069041860087,0.3305535128318404
2022-03-02,0.0625925327868047,0.05925132345880805,0.05957243947996226,4.658818843154661,20.0,-9.784019780117443e-05,-0.4938629581081735,0.3170622785688517
2022-03-03,0.05909944351435419,0.05930305319565855,0.05957243947996226,5.10808978172063,35.0,1.021081941067393e-05,0.05274864793794428,0.2963009997363384
2022-03-04,0.064942221741985,0.059874597591457836,0.05957243947996226,5.5326119095973425,53.333333333333336,8.688354551650645e-05,0.4514181306273956,0.26871266306077946
2022-03-07,0.05914620857663844,0.06012892305565707,0.05957243947996226,5.187138607807031,40.0,0.0001719318219660544,0.8838483899314659,0.25043825679098997
2022-03-08,0.05816674577346592,0.06045405081258447,0.05957243947996226,5.745334781731419,68.33333333333333,0.0001881651584594766,0.9644717314098188,0.21204700516299457
2022-03-09,0.05516914916963374,0.060524729854662306,0.05957243947996226,5.887568696212822,70.0,0.00016756824315123633,0.8631417024333584,0.2059037564108488
2022-03-10,0.058714269558110516,0.060531196086772224,0.05957243947996226,5.590907720832212,56.666666666666664,0.00013504401086994456,0.7019626701522428,0.23380308172464903
2022-03-11,0.05714530772355852,0.06060401197573247,0.05957243947996226,5.360890696652134,50.0,8.481597377445336e-05,0.45006629074288934,0.271560321999738
2022-03-14,0.056416215817257045,0.06080053960128937,0.05957243947996226,4.905779152307638,25.0,5.2005818002624994e-05,0.2791444878239352,0.2182394717743359
2022-03-15,0.05188088081191517,0.060649141924955005,0.05957243947996226,5.449358058189119,55.00000000000001,2.5354117086555603e-06,0.013867870092940444,0.15899985979262965
2022-03-16,0.047972667371104595,0.059543533836792915,0.05957243947996226,5.515218912905095,58.333333333333336,-4.743241015063875e-05,-0.2606213947290067,0.17940726780225003
2022-03-17,0.056278312743760724,0.058867939590316845,0.05957243947996226,6.211610061593637,85.0,-7.64304047473826e-05,-0.42006307624620526,0.22374489065278436
2022-03-18,0.06098846467780231,0.05849046518650425,0.05957243947996226,5.314911736323181,48.333333333333336,-9.260507470510596e-05,-0.5093267564883213,0.23608592087822022
2022-03-21,0.06217069941699824,0.05840389603398426,0.05957243947996226,5.773184797767154,73.33333333333333,-7.009376044973401e-05,-0.38388521479158894,0.2704857930483766
2022-03-22,0.06688262011974389,0.05856025803624021,0.05957243947996226,5.722121210685665,68.33333333333333,-5.002431293014808e-05,-0.27342499016590094,0.30118407767645183
2022-03-23,0.06173455264166208,0.05867345225020769,0.05957243947996226,5.143773993161241,36.666666666666664,-2.2951984790968544e-05,-0.1254924161291753,0.31924939647045525
2022-03-24,0.06245075469539968,0.058795395179659746,0.05957243947996226,5.1472246447977215,38.333333333333336,-5.745555390334685e-07,-0.0031491841340710656,0.2762082640792345
2022-03-25,0.06112556090685525,0.058940172110972744,0.05957243947996226,5.155200779288342,40.0,1.1917029849884198e-05,0.06519066415121645,0.2592123110449698
2022-03-28,0.0593943039678318,0.05899848170607493,0.05957243947996226,4.666236121734913,21.666666666666668,-1.8778247553069578e-05,-0.10368407527627585,0.2721516173318783
2022-03-29,0.05695492901777176,0.058961292051632676,0.05957243947996226,4.591685502467015,16.666666666666664,-6.243471912327008e-05,-0.34699236126390276,0.2616672160127995
2022-03-30,0.05233127909140737,0.058448229366862815,0.05957243947996226,4.548683507619228,16.666666666666664,-0.0001326823504314114,-0.7390691615108561,0.28062373591627376
2022-03-31,0.05705565933093706,0.058346040157691945,0.05853528267659194,5.194901449475001,48.333333333333336,-0.0001634349761944483,-0.9106829467545127,0.26018213519723754
2022-04-01,0.05449199928347839,0.05782352903476663,0.05853528267659194,4.6832554045495645,26.666666666666668,-0.0002292210956650199,-1.2607434446006611,0.2818046412513642
2022-04-06,0.05050512446088687,0.057391474828979036,0.05853528267659194,4.3800263054660595,13.333333333333334,-0.00027378494970961526,-1.5033670134323278,0.2601564982875788
2022-04-07,0.057836625382019786,0.05737496880940675,0.05853528267659194,4.970408797695536,35.0,-0.0003012626057534569,-1.6432236745567663,0.25048720351133835
2022-04-08,0.058435754005336814,0.0575382990511919,0.05853528267659194,5.209038518385792,56.666666666666664,-0.0003639673512039321,-1.9419436154658196,0.2666000031908604
2022-04-11,0.05182418374834403,0.057193794760703576,0.05853528267659194,4.901149337368713,33.33333333333333,-0.0003889394475035624,-2.049387081928174,0.2241139005428745
2022-04-12,0.05191905499370517,0.056932482124210905,0.05853528267659194,4.644695762880519,25.0,-0.00044945627082615863,-2.31920825617983,0.2250297674555497
2022-04-13,0.05622926245157714,0.05692313445592691,0.05853528267659194,4.723760004291932,31.666666666666664,-0.0005035960261920699,-2.5347291427904546,0.20790988822759848
2022-04-14,0.0518586101952236,0.05692202092509232,0.05853528267659194,4.234891446299023,13.333333333333334,-0.0005520615245954827,-2.708958948982656,0.21937495929770878
2022-04-15,0.05422484815968843,0.05723462996452152,0.05853528267659194,4.883405334161837,38.333333333333336,-0.0006176627557754839,-2.9051849568983514,0.21335966018928465
2022-04-18,0.055611665962546075,0.05720129762546079,0.05853528267659194,4.2858704029685,15.0,-0.0006262707680791218,-2.9319910418733444,0.2029329745689883
2022-04-19,0.05921531443957334,0.05711264011354934,0.05853528267659194,4.593645338813464,25.0,-0.0006084624578999678,-2.8738982540487052,0.2037251885133986
2022-04-20,0.06365350544970517,0.05718678041518469,0.05853528267659194,5.149827182144092,58.333333333333336,-0.0005485249876940743,-2.671996891102815,0.17389855836960377
2022-04-21,0.06167478634752458,0.056926388726573726,0.05853528267659194,5.341353722536868,75.0,-0.0005631438450089824,-2.7266244177953434,0.13416273686704439
2022-04-22,0.07308378135252934,0.05749385016211709,0.05853528267659194,5.696333383311189,88.33333333333333,-0.0005656845802709387,-2.7351461985507837,0.12891440016624856
2022-04-25,0.06515981981974636,0.05762930341833442,0.05853528267659194,6.420476260972921,98.33333333333333,-0.0006887958169806067,-3.170729584730702,0.05949376969045672
2022-04-26,0.06260530490931847,0.05770329061845758,0.05853528267659194,5.9796957827757575,95.0,-0.000878723473243411,-3.6976388491430434,0.050765865703202184
2022-04-27,0.05539060475294127,0.05750310565771305,0.05853528267659194,5.952207988487379,93.33333333333333,-0.0010900412505339676,-4.263024914700103,0.09445040726080456
2022-04-28,0.05558981508199045,0.057434849960923996,0.05853528267659194,5.529481134027011,78.33333333333333,-0.0013877530093378634,-4.968323530772276,0.07905485413824698
2022-04-29,0.05379087618545387,0.05750782981562631,0.05853528267659194,5.908681391414148,91.66666666666666,-0.0016343849846434813,-5.6946255673148585,0.12083505338438316
2022-05-05,0.054533309382130836,0.05738171231818601,0.05853528267659194,5.496549834970704,73.33333333333333,-0.0018668732116069802,-6.662167150868372,0.1212675234096332
2022-05-06,0.0628265628061995,0.057798440494322055,0.05853528267659194,5.298942096286957,61.66666666666667,-0.0020081876377366584,-7.293698231732032,0.08240136081631544
2022-05-09,0.06585861368461353,0.0585661149555084,0.05853528267659194,4.826092689911755,30.0,-0.0021042239347240214,-7.841431646868174,0.09054993971415892
2022-05-10,0.059687604997383965,0.05865866393627659,0.05853528267659194,5.42825098142885,70.0,-0.002153167701924153,-8.12696961054578,0.10783828970139675
2022-05-11,0.05811222622759575,0.058642487547389544,0.05853528267659194,6.524769118896364,98.33333333333333,-0.0022148785154790618,-8.475411433627553,0.11276225023916009
2022-05-12,0.06182656230992709,0.05914260647546869,0.05853528267659194,5.443952322352381,68.33333333333333,-0.002257559219421685,-8.759915159256815,0.11080725467586872
2022-05-13,0.060302108155410816,0.05956175913355397,0.05853528267659194,4.912653211458891,35.0,-0.00233746030769314,-9.378672230395944,0.12469354589613424
2022-05-16,0.05758155015905934,0.059629373518928094,0.05853528267659194,4.759927101198386,25.0,-0.002380421027577874,-9.726641416870848,0.12294982596169368
2022-05-17,0.053974266213163584,0.05973515631982509,0.05853528267659194,4.601446893570977,11.666666666666666,-0.0024588281364641283,-10.371752739128048,0.12029419034094402
2022-05-18,0.05773705756912681,0.05991076679029701,0.05853528267659194,4.643398664100507,16.666666666666664,-0.0024844241195141593,-10.593753097583132,0.11628818126140628
2022-05-19,0.053255362195182364,0.05979295160192882,0.05853528267659194,4.467457511206776,6.666666666666667,-0.002506643607205049,-10.803848406507903,0.12524473041339523
2022-05-20,0.048312944730268884,0.0592478331164636,0.05853528267659194,4.565063867878519,10.0,-0.002545264112455298,-11.16227749962683,0.14215771104312602
2022-05-23,0.054305139490629026,0.0587804148185098,0.05853528267659194,4.623568079945791,16.666666666666664,-0.0025191216569585588,-10.910511761903793,0.1571457766016393
2022-05-24,0.05943434274233643,0.058668392638250376,0.05853528267659194,6.156495358622232,93.33333333333333,-0.002531691567762237,-11.012186818716039,0.10903341633732211
2022-05-25,0.05418419628679092,0.057723413384963465,0.05853528267659194,4.408647079650539,6.666666666666667,-0.002507866334206497,-10.818117154486877,0.13154828859433598
2022-05-26,0.05207425436214996,0.05706913511208365,0.05853528267659194,4.479842264345018,10.0,-0.0024937179312815123,-10.705113203324713,0.1347350296757548
2022-05-27,0.054095475348380447,0.05664364363403675,0.05853528267659194,4.595927152906032,18.333333333333332,-0.0024730852552348275,-10.550182734068224,0.14534288332693723
2022-05-30,0.053472567533698626,0.05654774177307461,0.05853528267659194,4.4816319955632125,11.666666666666666,-0.0024567416156227413,-10.422298206844971,0.13833329962101226
2022-05-31,0.05110064800897325,0.05632328341942374,0.05645656801068532,5.000705178510787,46.666666666666664,-0.0024333094276759843,-10.246371974854346,0.14512555980869957
2022-06-01,0.06073483842158782,0.05667048153123046,0.05645656801068532,5.501027013740965,73.33333333333333,-0.0023529430528076768,-9.663691515811195,0.14091098565231008
2022-06-02,0.06305410290028807,0.057096521207138304,0.05645656801068532,5.844909611077893,86.66666666666667,-0.0022360165014042336,-8.812010581986085,0.1539485376543026
2022-06-06,0.058494412072475445,0.0568799136704521,0.05645656801068532,6.484430609147848,98.33333333333333,-0.00210396695473816,-7.96712330714952,0.181042345585261
2022-06-07,0.05802543769564722,0.056488254871003785,0.05645656801068532,5.990832611163545,91.66666666666666,-0.001965850027419097,-7.331010993342136,0.18464611854658752
2022-06-08,0.05485986002647037,0.05624686762245812,0.05645656801068532,5.76100022712163,80.0,-0.0018794963553811703,-6.970495925539512,0.18767422123242805
2022-06-09,0.05112344153850469,0.05589742838800356,0.05645656801068532,4.946930944099037,43.333333333333336,-0.0018258640811090058,-6.768772143023902,0.15766440658455672
2022-06-10,0.04258244654072857,0.05493522259954363,0.05645656801068532,4.318141367454471,5.0,-0.0017671247361007816,-6.550194982683245,0.17680826051449494
2022-06-13,0.04409811432096342,0.054125022907821264,0.05645656801068532,4.740171062965991,35.0,-0.0016689434665082643,-6.157543487290741,0.1655275559221916
2022-06-14,0.04704624931671582,0.05359825786570408,0.05645656801068532,5.192084372010823,56.666666666666664,-0.001590513227649488,-5.884355909327264,0.17640315858773836
2022-06-15,0.041185195863800796,0.052958804348235945,0.05645656801068532,5.221863486520266,61.66666666666667,-0.0015395694036540368,-5.724211763143772,0.16307574939541425
2022-06-16,0.04616166593781572,0.0523800347666704,0.05645656801068532,4.7890515923991845,38.333333333333336,-0.0014809516905688331,-5.493062545757352,0.16191454535041427
2022-06-17,0.04561800237497321,0.05199816677565994,0.05645656801068532,4.839528384316217,41.66666666666667,-0.0014343648978727072,-5.323913587484848,0.18169125945961562
2022-06-20,0.0462700536927353,0.051896022223783256,0.05645656801068532,5.198133669801802,63.33333333333333,-0.0013564507747372003,-5.037832445911798,0.18676029878852263
2022-06-21,0.05350763270268242,0.051856146884385924,0.05645656801068532,5.520660548616242,78.33333333333333,-0.0012415984604750574,-4.673651867862746,0.17229709085101175
2022-06-22,0.05455499384902987,0.051612179439720594,0.05645656801068532,5.250983726040627,68.33333333333333,-0.0011330590357350545,-4.32899328970329,0.14921672269085073
2022-06-23,0.051292145206552335,0.05146757688570867,0.05645656801068532,5.3163973485048,70.0,-0.0010200984994497482,-3.960374483537677,0.1781763071123721
2022-06-24,0.05395318451785403,0.05156152339349387,0.05645656801068532,5.880821094768388,86.66666666666667,-0.0009087201971353426,-3.5820783384449744,0.18937199168373064
2022-06-27,0.049406804544789934,0.05132708985331434,0.05645656801068532,5.674432267358222,80.0,-0.0007771658118716656,-3.1688303615357514,0.18387565913902626
2022-06-28,0.05333614789326918,0.05132026887129287,0.05645656801068532,6.076833480799368,93.33333333333333,-0.000638905996722905,-2.703855821427463,0.20826534382310813
2022-06-29,0.05252077471397863,0.051391275206543144,0.05645656801068532,6.457650163367342,96.66666666666667,-0.0005331611920437381,-2.3299560139148427,0.19571959832296404
2022-06-30,0.05190854140731381,0.05094996035582944,0.05141590693038937,5.56921284399624,75.0,-0.0004632118744629035,-2.0678285853468026,0.22863937087114405
2022-07-01,0.051863953196845,0.050390452870657285,0.05141590693038937,5.173218966576091,50.0,-0.000369836711143539,-1.7127509744793534,0.21643906281787606
2022-07-04,0.04741919666918233,0.04983669210049263,0.05141590693038937,4.928997356743111,41.66666666666667,-0.00031690854905251723,-1.491785937328727,0.22472255700262123
2022-07-05,0.047502161212805684,0.04931052827635056,0.05141590693038937,5.254194298693747,58.333333333333336,-0.0002577090416429532,-1.2505893601649707,0.21353793310329094
2022-07-06,0.04740384290294673,0.048937727420174375,0.05141590693038937,4.729139985955297,26.666666666666668,-0.0001876503796344339,-0.9383866941942021,0.1904193585145184
2022-07-07,0.04749439829483884,0.048756275257991075,0.05141590693038937,4.590225730658491,15.0,-0.00015508715539015817,-0.7847672435631575,0.18796710607124112
2022-07-08,0.05028070643204055,0.049141188252556686,0.05141590693038937,4.693404592720372,26.666666666666668,-0.00010622471766548603,-0.5458259382022839,0.18515285869475417
2022-07-11,0.04817839137391296,0.049345202105204156,0.05141590693038937,4.496368811773523,13.333333333333334,-4.8841898891632375e-05,-0.2546369405030081,0.15931968907217442
2022-07-12,0.05066941425035582,0.049526360351886164,0.05141590693038937,4.624560606182926,25.0,-2.8425779257433873e-05,-0.14913012504653914,0.14253942584303836
2022-07-13,0.04760966529506624,0.04984758382344943,0.05141590693038937,4.2701099623214755,1.6666666666666667,-3.046115134140887e-07,-0.0016058707964406946,0.15818640971292242
2022-07-14,0.050874641782516127,0.050083232615684446,0.05141590693038937,4.910172434275077,40.0,1.829432639819597e-05,0.09627190019320592,0.15714280888160603
2022-07-15,0.05333286148154565,0.050468975571013076,0.05141590693038937,5.5432480845946435,73.33333333333333,7.816730629946993e-05,0.4123086120431562,0.15325073481396867
2022-07-18,0.05689307950605164,0.05100012686167889,0.05141590693038937,5.364006120077127,61.66666666666667,0.00017943361284771507,0.949863099734887,0.18509937977289104
2022-07-19,0.05710406166450144,0.05117994830976984,0.05141590693038937,5.1906749951494575,46.666666666666664,0.00032773527898975535,1.750703887737835,0.18009532538599982
2022-07-20,0.055124600532863714,0.05120842864396154,0.05141590693038937,4.833995749433749,35.0,0.0004542586865318096,2.4218962387745795,0.19433469538257553
2022-07-21,0.05423893448017031,0.05135576810764243,0.05141590693038937,5.016161023545604,46.666666666666664,0.0005823392729491632,3.0644349612970463,0.17302523073174814
2022-07-22,0.05754718569459673,0.05153546816647957,0.05141590693038937,4.838977191743632,36.666666666666664,0.0006505759037395972,3.361865194108944,0.16496063511331283
2022-07-25,0.05763809514485133,0.05194703269648263,0.05141590693038937,4.369926424379822,5.0,0.0006519824692295766,3.366558812727631,0.14468371773605826
2022-07-26,0.058702802484446,0.05221536542604148,0.05141590693038937,4.3189985769818104,5.0,0.0006327540247653826,3.306682221997278,0.14202038647340198
2022-07-27,0.06386834771630552,0.052782744076157816,0.05141590693038937,4.798535122037454,36.666666666666664,0.0005749765127562866,3.2104405480784437,0.13695260942209608
2022-07-28,0.061622736094803135,0.05326845381053229,0.05141590693038937,5.445924432401829,75.0,0.0005721067966487392,3.204656280635409,0.1502384489943831
2022-07-29,0.06263410217119934,0.05380696125925001,0.05141590693038937,5.590279947974453,83.33333333333334,0.0006165014228258405,3.315692474572264,0.1349079237424926
2022-08-01,0.06028688757293451,0.05445034580443762,0.05141590693038937,5.337905664556946,68.33333333333333,0.0006982239796255631,3.558971807752841,0.1456874123391021
2022-08-02,0.06015685218616759,0.055083080353105704,0.05141590693038937,6.493801527618063,98.33333333333333,0.0007736545788391603,3.8890606459236237,0.11948274275409343
2022-08-03,0.059411632494487165,0.05568346983268273,0.05141590693038937,5.940802391209073,88.33333333333333,0.0008796743085300886,4.34712946250741,0.1092953663254086
2022-08-04,0.061587856893807906,0.056388142762631176,0.05141590693038937,4.966111632049797,50.0,0.0009757327264408811,4.7040861460117265,0.10220809753882198
2022-08-05,0.06006346043845391,0.05687728046295185,0.05141590693038937,5.295519467022108,66.66666666666666,0.001085971646956229,5.183223452563978,0.11550348051418702
2022-08-08,0.06214647935043362,0.05757568486177789,0.05141590693038937,5.066314889053288,53.333333333333336,0.001214390532472201,5.65075657327736,0.1314237912894105
2022-08-09,0.0633364156541759,0.058209034931968884,0.05141590693038937,5.199959069005053,60.0,0.0013581846748849937,6.198281890409254,0.15413691666544094
2022-08-10,0.06362691408650593,0.05900989737154087,0.05141590693038937,5.248312266509126,61.66666666666667,0.00149442411680758,6.567857506665423,0.17610789051644993
2022-08-11,0.06356809819043205,0.059644570191936676,0.05141590693038937,5.730774703748063,83.33333333333334,0.0016278578186442343,7.070995873126634,0.21552657549058196
2022-08-12,0.06580142486445902,0.060267998361082334,0.05141590693038937,5.590214881880146,78.33333333333333,0.0017443794213061272,7.608050243137183,0.18748341997728324
2022-08-15,0.05613789739851361,0.060230239255705434,0.05141590693038937,4.6067129152055415,18.333333333333332,0.0018426556590158166,8.0273828529122,0.19005987750535058
2022-08-16,0.05836408551371522,0.06029324044816613,0.05141590693038937,4.986302932275867,41.66666666666667,0.0019851963029708045,8.758810459053214,0.17600170983701968
2022-08-17,0.059883014420112256,0.060531161142528545,0.05141590693038937,5.313391545670281,65.0,0.0020663180943370414,9.143256659102642,0.1908550690425821
2022-08-18,0.06322054990649961,0.060980241913845025,0.05141590693038937,5.5426016300755405,75.0,0.002183450833437983,9.711033687985976,0.16658698026080665
2022-08-19,0.06372234819844134,0.06128900003903724,0.05141590693038937,5.915011907714012,90.0,0.0022665149726319132,10.188270931763803,0.15593788561609379
2022-08-22,0.056054662721158985,0.06120982841785263,0.05141590693038937,4.75485075694142,21.666666666666668,0.002330020443051618,10.592248676266726,0.1660187223622065
2022-08-23,0.058097326999091856,0.06117955464358492,0.05141590693038937,4.796158226714893,23.333333333333332,0.0024041511810671237,11.06449331582946,0.15810246283200313
2022-08-24,0.05940243592705439,0.06095625905412237,0.05141590693038937,5.718508437469408,81.66666666666667,0.0024489711654229083,11.409128899294986,0.11917168811157008
2022-08-25,0.06102741775633601,0.060926493137199014,0.05141590693038937,5.31466658999791,61.66666666666667,0.0024817741577857866,11.771295002597741,0.1173175117006775
2022-08-26,0.05761932745118097,0.06067575440119809,0.05141590693038937,4.67332234906262,15.0,0.002530119010893631,12.463290961855861,0.10961851403244038
2022-08-29,0.05779189949710541,0.060551004997406635,0.05141590693038937,4.242652814634161,1.6666666666666667,0.002608853437508859,13.705036207726906,0.11272776491884184
2022-08-30,0.060071417389336385,0.06054673325756508,0.05141590693038937,4.401221378527373,10.0,0.0026620425631216794,14.570176586325065,0.1141328776454491
2022-08-31,0.057979215437325406,0.06047511240470699,0.06040685305859692,5.145901287375981,48.333333333333336,0.0026268251434907464,13.93581879595035,0.11607653105330051
2022-09-01,0.058327996089415565,0.06031211936448737,0.06040685305859692,4.152971523981682,1.6666666666666667,0.002569477540907633,13.143322009264944,0.10336441767535787
2022-09-02,0.06361624686242537,0.06048975868568594,0.06040685305859692,4.207291490478633,3.3333333333333335,0.0025448514215320093,12.879606783894811,0.10648075242232102
2022-09-05,0.0601237076641941,0.06038862010137397,0.06040685305859692,4.118795477512196,1.6666666666666667,0.0025471021717430034,12.907039547522642,0.11680358813732594
2022-09-06,0.055118763519725306,0.05997773749465144,0.06040685305859692,4.211903762120497,6.666666666666667,0.0025163968852114217,12.580979486484923,0.11956594465280057
2022-09-07,0.059519297310315404,0.05977235665584192,0.06040685305859692,4.563918759925933,18.333333333333332,0.0024618286704577,12.135740817129799,0.11087253845908673
2022-09-08,0.06538423552334481,0.05986316352248755,0.06040685305859692,4.598952419534566,21.666666666666668,0.002419385721912968,11.711227513921807,0.0961434874075282
2022-09-09,0.061490737022787095,0.05964762913040396,0.06040685305859692,4.238454298562901,8.333333333333332,0.0023241930956541027,10.79971795736726,0.10919904973335548
2022-09-13,0.06301231446455993,0.059991349983706276,0.06040685305859692,4.211440428722931,6.666666666666667,0.002250152440621199,10.145459550483574,0.09685347395143973
2022-09-14,0.06825517388985446,0.06048590440251324,0.06040685305859692,4.46241032623796,20.0,0.002184777665419469,9.656054929120204,0.08102688683722792
2022-09-15,0.060306211649602516,0.060507064263987755,0.06040685305859692,5.068821625395488,55.00000000000001,0.002081356890311508,8.874981479852076,0.052292917411749906
2022-09-16,0.05610775875869825,0.06015142470659768,0.06040685305859692,4.14237601939709,3.3333333333333335,0.001977837932836672,8.165844732043706,0.034759700268312654
2022-09-19,0.06263430182538543,0.060097022387944884,0.06040685305859692,4.032127605088927,1.6666666666666667,0.0018433842273947267,7.2550634725609235,0.01155442145403418
2022-09-20,0.06097246032929143,0.0603429122683515,0.06040685305859692,3.7641040719925525,1.6666666666666667,0.0017271923157012854,6.635925432200814,0.023243771776782163
2022-09-21,0.06047050506675848,0.060461571171734826,0.06040685305859692,3.707620470342401,1.6666666666666667,0.0016337817330722578,6.189879734685089,0.01601887510959621
2022-09-22,0.06312569511176362,0.0606477341309703,0.06040685305859692,3.8543029010112,5.0,0.0015336137026980697,5.778444936842069,-0.005543427152101654
2022-09-23,0.06864198681786665,0.06102846258404683,0.06040685305859692,4.446187682314062,28.333333333333332,0.0013773007481066636,5.122550887960881,-0.024130104807224773
2022-09-26,0.05977521711764304,0.061136257067369935,0.06040685305859692,3.9648234521774715,6.666666666666667,0.0011966557154022845,4.366016264808607,-0.0472012881999504
2022-09-27,0.06361582591124511,0.061427453388076925,0.06040685305859692,4.1115479607143035,10.0,0.001029632294343458,3.7538090263655506,-0.027289382104256577
2022-09-28,0.06941825769232629,0.06189479540322642,0.06040685305859692,4.425413677582448,31.666666666666664,0.000822677807533287,3.030681489273631,-0.05711366095470782
2022-09-29,0.06497242993014728,0.06224445612786751,0.06040685305859692,4.137996469764786,13.333333333333334,0.000620371753625235,2.295765216852838,-0.04522722207930108
2022-09-30,0.06348467354968115,0.06250229000088078,0.06230351410033482,3.6918282423108657,1.6666666666666667,0.0003818540112071871,1.4248499374728127,-0.059234605401837004
2022-10-10,0.054111063778225006,0.06202703084667076,0.06230351410033482,3.5044985144024987,1.6666666666666667,0.00016016411830633976,0.6060575651983441,-0.05402172168818453
2022-10-11,0.05700854899324557,0.061871272913123346,0.06230351410033482,3.2426345172123265,1.6666666666666667,-4.6353395670145494e-05,-0.17884292021263912,-0.039203563216603454
2022-10-12,0.05606922839770405,0.06191879615702228,0.06230351410033482,3.9706095094896026,13.333333333333334,-0.0002511339779014812,-1.0288870859014974,-0.02388871186838637
2022-10-13,0.06370928013648666,0.06212829529833084,0.06230351410033482,4.4940414527574415,43.333333333333336,-0.0004013312105740054,-1.759821124457146,-0.0286450235704111
2022-10-14,0.05776866629319666,0.06174751683682343,0.06230351410033482,4.775038725443049,53.333333333333336,-0.0005301367110669599,-2.472463711376792,0.011708706484649056
2022-10-17,0.06460337013635427,0.061903148492501794,0.06230351410033482,4.897158446872973,61.66666666666667,-0.000615768001113749,-3.049434404081677,0.04865778129833087
2022-10-18,0.06610813904728881,0.062057939721638235,0.06230351410033482,4.958749300149233,63.33333333333333,-0.0006706563062197572,-3.458226924675612,0.04802062038114996
2022-10-19,0.06757944152185036,0.062024153103238035,0.06230351410033482,4.79705511668979,56.666666666666664,-0.0006892758654811156,-3.602450416696632,0.06500292644209815
2022-10-20,0.06526446808804012,0.062272065925159915,0.06230351410033482,4.765320791856948,53.333333333333336,-0.0006985734728596714,-3.6770467351980773,0.0468029063540667
2022-10-21,0.06820201540755101,0.06287677875760254,0.06230351410033482,4.538300115543642,45.0,-0.0006869423709502081,-3.5859818521937474,0.0500279848536298
2022-10-24,0.05951785878202876,0.06272095660543472,0.06230351410033482,4.795990289814436,58.333333333333336,-0.0006532469210245183,-3.3145763538974955,0.039582971051131066
2022-10-25,0.06485508869233148,0.06291508802358672,0.06230351410033482,4.9406835925115695,65.0,-0.0006319074196230493,-3.155822819048596,0.05538344751797619
2022-10-26,0.06542155118675895,0.06316264032958675,0.06230351410033482,5.541012347791903,86.66666666666667,-0.0005849856957526175,-2.8125611947632834,0.06916847081504995
2022-10-27,0.06454583624959219,0.06323364738647816,0.06230351410033482,5.369313529108406,83.33333333333334,-0.0005101506016914329,-2.3422927584000997,0.0635560553415484
2022-10-28,0.06393235838973493,0.06299816596507159,0.06230351410033482,5.349242660910525,83.33333333333334,-0.00044320439201435766,-1.9826364887348766,0.028912531889933923
2022-10-31,0.06107607935772421,0.06306320907707565,0.06248581215363207,4.956175208773384,63.33333333333333,-0.000316369712524644,-1.3382102374290148,0.026991322285110364
2022-11-01,0.05521813220729635,0.06264332439187821,0.06248581215363207,4.956534579935226,65.0,-0.00020543142743414578,-0.8415203837793216,0.04298257859588661
2022-11-02,0.059019651759952024,0.062123394095259486,0.06248581215363207,5.579499900689784,91.66666666666666,-0.00013834001022389644,-0.5521249494163386,0.053163343913773975
2022-11-03,0.06352916883672559,0.062051231040588406,0.06248581215363207,5.137616262267879,75.0,-2.901646262484565e-05,-0.1113579625480268,0.05602007902224959
2022-11-04,0.05705710157732117,0.06172985244197041,0.06248581215363207,5.541831769421301,90.0,5.755596606237188e-05,0.21724698762442574,0.09119763002578396
2022-11-07,0.06314602369333842,0.06218160043772608,0.06248581215363207,5.697134436412015,95.0,0.0001458231492979812,0.5407531986286073,0.08062730557182962
2022-11-08,0.06820108908974436,0.06274122744255102,0.06248581215363207,5.0928431522896895,71.66666666666667,0.00027325757586869713,0.9981790263249012,0.07960454120376204
2022-11-09,0.0713240322449985,0.06350396763491574,0.06248581215363207,5.039652595357865,70.0,0.00042386887632036267,1.5259964992034876,0.08546830691580909
2022-11-10,0.07008226409147966,0.0638226168326654,0.06248581215363207,5.252586842469096,78.33333333333333,0.0005988072397799516,2.1585933471030314,0.09522523346911194
2022-11-11,0.05939357709242253,0.06390386237262669,0.06248581215363207,6.270131699796194,100.0,0.0007062257838556687,2.575713965354382,0.09267032291496236
2022-11-14,0.05361176118491963,0.06335428192505496,0.06248581215363207,5.015036799922222,70.0,0.0007920949000523885,2.9132203920981596,0.08513751926847468
2022-11-15,0.05842765917994985,0.062970257931688,0.06248581215363207,5.371481103249163,86.66666666666667,0.0008888675250318806,3.308079939791289,0.11601551874704708
2022-11-16,0.0646114088480292,0.06282185629799694,0.06248581215363207,5.343431397877468,81.66666666666667,0.0010137361063880287,3.848645385831474,0.10502387909466337
2022-11-17,0.0634346759786609,0.06273036669252799,0.06248581215363207,5.034172735373517,68.33333333333333,0.0011409054328841534,4.396052708510967,0.0986243774961646
2022-11-18,0.0657383926309178,0.06260718555369633,0.06248581215363207,5.650924926440005,93.33333333333333,0.001283729167663787,5.123127470957239,0.10693104085465643
2022-11-21,0.06895738264539247,0.06307916174686451,0.06248581215363207,4.964392262495171,66.66666666666666,0.0014286297881882111,5.846027025628674,0.10106262697503254
2022-11-22,0.07360560488673328,0.0635166875565846,0.06248581215363207,5.5258126172347595,88.33333333333333,0.0015379394127401635,6.4761273061272195,0.08119400928075149
2022-11-23,0.07287915707387956,0.06388956785094063,0.06248581215363207,5.323512608916671,80.0,0.0016322824938781314,7.168935480644028,0.08243386638207673
2022-11-24,0.07020205179630688,0.06417237862827638,0.06248581215363207,4.509387298078133,41.66666666666667,0.0017211412558637673,7.813451338655366,0.07447106747479104
2022-11-25,0.06734562256266521,0.06434304183692288,0.06248581215363207,4.34622518234152,33.33333333333333,0.0017372281509745412,7.936882601161032,0.06332754754239178
2022-11-28,0.05927359748213915,0.06425291774314362,0.06248581215363207,3.981764548953879,15.0,0.0017412783837885946,7.96618588789734,0.06633951390300608
2022-11-29,0.05314560782936183,0.0641492915242469,0.06248581215363207,4.464373160460787,41.66666666666667,0.0017432971285354201,7.983763308015497,0.09350595428089847
2022-11-30,0.055775604971515784,0.06398708918482508,0.06336270762107955,4.468979495902394,41.66666666666667,0.0017405733035788394,7.958835754625702,0.08313701503856552
2022-12-01,0.05764479751649516,0.06369287061881357,0.06336270762107955,5.176280440758701,78.33333333333333,0.0016853085755479083,7.5546649308386185,0.09145709130528501
2022-12-02,0.07091455486875799,0.06438574328338541,0.06336270762107955,5.2226287578774055,78.33333333333333,0.0016659713672072468,7.4297038830356925,0.07533467105986213
2022-12-05,0.05781405186970763,0.06411914469220387,0.06336270762107955,5.13126849932852,73.33333333333333,0.001651721510449451,7.31594730753609,0.0708236745758899
2022-12-06,0.05755035092236617,0.06358660778383496,0.06336270762107955,4.818579707286827,53.333333333333336,0.0016181753876657792,7.040882231156504,0.06922734648611506
2022-12-07,0.05548139923573884,0.06279447613337198,0.06336270762107955,4.391704326877508,28.333333333333332,0.0015865027373407597,6.798920654760774,0.0687550371328336
2022-12-08,0.06288701432311186,0.062434713644953586,0.06336270762107955,4.6349169209631,45.0,0.0015581835044347844,6.583835859098643,0.06902745570565538
2022-12-09,0.06082571415696578,0.06250632049818075,0.06336270762107955,5.000617639065167,63.33333333333333,0.0014933302313207715,6.1160791102236365,0.0720947644151646
2022-12-12,0.06282720203723936,0.06296709254079673,0.06336270762107955,4.756786049545251,43.333333333333336,0.001419203700308649,5.6902662354172,0.06530322776644026
2022-12-13,0.0673162981417463,0.06341152448888657,0.06336270762107955,4.630014677989319,40.0,0.001342810141412367,5.2631283292168085,0.05505804346072618
2022-12-14,0.06476489631220585,0.06341919886209538,0.06336270762107955,4.503895876211249,35.0,0.0012726461859284696,4.875985088970291,0.047800535059427274
2022-12-15,0.06476220793199106,0.0634855754597619,0.06336270762107955,4.330608966279432,23.333333333333332,0.0011830014480267966,4.456892510674098,0.05496008430442756
2022-12-16,0.06501909836528107,0.06344961074648006,0.06336270762107955,4.38169060994867,25.0,0.0010555903601024857,3.8602647896306466,0.039600799351731775
2022-12-19,0.057789576332098476,0.06289122043081537,0.06336270762107955,3.911446250038892,11.666666666666666,0.0008806908381765663,3.138868312098823,0.02487933771022166
2022-12-20,0.057303303728317725,0.06207610537289458,0.06336270762107955,3.2905078108295593,3.3333333333333335,0.0007590236439728823,2.6682431066830543,0.019524926784689756
2022-12-21,0.06545264824381601,0.06170477993139141,0.06336270762107955,3.456925879105721,5.0,0.0006349355567505575,2.1874771225913063,0.0005891764073102657
2022-12-22,0.057452611688342925,0.06106730792599321,0.06336270762107955,3.488739027126932,6.666666666666667,0.0004894004122754094,1.632607405543037,-0.013182214215284316
2022-12-23,0.06381475709321018,0.060890764652520454,0.06336270762107955,3.4425337313977633,5.0,0.00030445853196510886,0.9950214215869043,-0.014023328898101983
2022-12-26,0.058832793639878804,0.06086872446040744,0.06336270762107955,3.3863902059476922,5.0,0.0001216276215250257,0.3989362772659615,-0.006658614658363371
2022-12-27,0.06110721583973802,0.06126680486092625,0.06336270762107955,3.684881237522945,13.333333333333334,-5.5302478970662896e-05,-0.18092204936062853,0.004498075062263407
2022-12-28,0.05800809931873453,0.06137842957828719,0.06336270762107955,3.4572448817457615,10.0,-0.0002701413080621396,-0.8854262732171523,0.0018268767895692761
2022-12-29,0.05747660693101009,0.06137002004901293,0.06336270762107955,3.217354947932457,1.6666666666666667,-0.0004992867457123691,-1.6629191917858868,-0.008026625671301746
2022-12-30,0.061615046066179256,0.060905044608884,0.06336270762107955,3.41671084849458,8.333333333333332,-0.0007524403780887404,-2.620771378744308,0.002190664920377783
2023-01-03,0.059060388649402946,0.06096736144786876,0.06336270762107955,4.1813071530574755,23.333333333333332,-0.0009608138768274786,-3.5905993322134866,0.03458854695535951
2023-01-04,0.06107193935686317,0.06114344086959361,0.06336270762107955,4.139677071467935,21.666666666666668,-0.001160602654834448,-4.7561918172647335,0.02269262953256046
2023-01-05,0.053867869010112854,0.061062764358312316,0.06336270762107955,3.927767192480692,18.333333333333332,-0.001356769680873718,-6.089007062693181,0.028841912653306156
2023-01-06,0.05455250292520396,0.060646038788416914,0.06336270762107955,3.981344907144016,20.0,-0.0015216063833634879,-7.3368181586913455,0.024372920695797662
2023-01-09,0.05430276742725106,0.06031989145193119,0.06336270762107955,3.7712766287515036,16.666666666666664,-0.0016845905962027837,-8.940523179206236,0.03726842196661062
2023-01-10,0.05642329554532669,0.05999969612733556,0.06336270762107955,3.606699371626199,15.0,-0.001809327023286186,-10.303884458810282,0.03954794122552552
2023-01-11,0.057069919262748764,0.05948737718338567,0.06336270762107955,3.657417349415497,16.666666666666664,-0.0019402267621884224,-11.897214815782727,0.03179538415549543
2023-01-12,0.05593687704495335,0.05904597622002304,0.06336270762107955,3.240257203531942,3.3333333333333335,-0.002056684407234897,-13.604175710043311,0.0374369772015517
2023-01-13,0.053066979400424555,0.05846121479344472,0.06336270762107955,3.1944920101470378,1.6666666666666667,-0.0021817105202938565,-15.600818344966706,0.03572068510838511
2023-01-16,0.04708745916951271,0.0575646328336563,0.06336270762107955,3.650584637335297,20.0,-0.0022985687336299397,-17.956647753538,0.0405358003272549
2023-01-17,0.05579990567873852,0.057465149300988304,0.06336270762107955,3.3472392169678375,8.333333333333332,-0.0023809515562661226,-19.572336362351535,0.04233389254079434
2023-01-18,0.05902697184725147,0.057551332706934986,0.06336270762107955,3.252740488192762,6.666666666666667,-0.002453763635303954,-21.868740364664422,0.06460833416981937
2023-01-19,0.05942477576028629,0.05724993908275851,0.06336270762107955,3.444863085506717,16.666666666666664,-0.0024894460018921034,-22.944698708031268,0.07267640484871274
2023-01-20,0.05332046776081114,0.05704333188638191,0.06336270762107955,3.3176404846172103,10.0,-0.0025188550254313484,-23.902037639030137,0.08899739899070136
2023-01-30,0.05250161740626845,0.05647767490203483,0.06336270762107955,4.622976346127493,56.666666666666664,-0.0025472963984521963,-25.491446891214345,0.09215216094776979
2023-01-31,0.05703227514288029,0.056387648977184915,0.055596625711752265,4.203298533877865,43.333333333333336,-0.002499981751294946,-23.42390341194015,0.10177880915564907
2023-02-01,0.05944888664627984,0.05630473251751199,0.055596625711752265,4.89539894267337,66.66666666666666,-0.0024526617847381955,-21.277961317964248,0.10566282192706256
2023-02-02,0.0623650599451257,0.05652258054883156,0.055596625711752265,5.145779094494441,81.66666666666667,-0.0023815295158031804,-18.683625260235356,0.12185779342465675
2023-02-03,0.06518310301520368,0.05690790535304123,0.055596625711752265,4.791346206697596,65.0,-0.002258574977279226,-15.690369105532877,0.11982059106011289
2023-02-06,0.06462417812626857,0.0570583619560457,0.055596625711752265,4.5006799309850996,55.00000000000001,-0.0021439857448990038,-13.12984331192365,0.10059708496632846
2023-02-07,0.06836777745558362,0.057523731396354735,0.055596625711752265,4.670183195536878,65.0,-0.002005119318960945,-10.975910347758097,0.10238338978654515
2023-02-08,0.07044781981569513,0.05799252541929634,0.055596625711752265,4.542981117760522,60.0,-0.001855468470338924,-9.365399165965925,0.1006611823797452
2023-02-09,0.06969953998480914,0.05878410896803114,0.055596625711752265,5.103789087232488,81.66666666666667,-0.001683028160756955,-7.989396740325134,0.1256120882243117
2023-02-10,0.07361474859319053,0.05973722125143048,0.055596625711752265,5.314465584309629,90.0,-0.0015007208970297201,-6.757416395999038,0.1349076687035664
2023-02-13,0.06701088929360195,0.06037262734474802,0.055596625711752265,5.285756559743461,90.0,-0.001360191829071271,-5.8031451985134135,0.1433591823529361
2023-02-14,0.06968382712318198,0.06103565392364078,0.055596625711752265,5.112587725700697,81.66666666666667,-0.0012208491369524374,-4.9843975918918355,0.18573098108425068
2023-02-15,0.06936835477585965,0.06165057569929633,0.055596625711752265,5.1453896227997555,85.0,-0.0010588737314652832,-4.133757728254677,0.1766082680090868
2023-02-16,0.06666608196067292,0.06218703594508231,0.055596625711752265,6.268279255622344,100.0,-0.0009202631371610841,-3.5485212068444754,0.19012242208347785
2023-02-17,0.06586500940185808,0.06282693744515398,0.055596625711752265,4.773100214853336,70.0,-0.0007442950894495314,-2.846835296719555,0.18482192923670282
2023-02-20,0.061034629762145784,0.06352429597478564,0.055596625711752265,4.585086289734741,61.66666666666667,-0.0005978694139220729,-2.298743072181629,0.18811531956627103
2023-02-21,0.06033998421048102,0.06375129990137277,0.055596625711752265,4.382384712783454,50.0,-0.0004261907748086346,-1.68142785167773,0.1834847257390475
2023-02-22,0.06449424622947632,0.06402466362048401,0.055596625711752265,4.034655182336637,40.0,-0.000251051577231241,-1.003122803548474,0.16451900598960068
2023-02-23,0.06769598990458715,0.06443822432769905,0.055596625711752265,4.388653077427005,53.333333333333336,-0.00010024328022433025,-0.40281526555489505,0.16225676980506498
2023-02-24,0.07337331338159984,0.06544086660873849,0.055596625711752265,4.294381773003733,46.666666666666664,8.547832153320117e-05,0.34953917990707667,0.17509663420026356
2023-02-27,0.07323238514472752,0.06647740499566143,0.055596625711752265,4.57522167613369,65.0,0.00022645192789313789,0.9363965382616805,0.17747393250828591
2023-02-28,0.07179986704719166,0.067215784590877,0.067215784590877,4.335096232241985,48.333333333333336,0.0003767555814716075,1.5876894992150603,0.17553135388810914
2023-03-01,0.0678679772280579,0.0676367391199659,0.067215784590877,4.8467039709373,80.0,0.0004942371956783092,2.111800833393497,0.18172416883908138
2023-03-02,0.06821436870135276,0.06792920455777726,0.067215784590877,4.921859519610719,81.66666666666667,0.0005957216911390277,2.5828341606761556,0.17861407705277843
2023-03-03,0.06721202354667744,0.06803065058435095,0.067215784590877,4.575572807201531,63.33333333333333,0.0006874249373035692,3.0422356572449916,0.16867180529923687
2023-03-06,0.05970900747851525,0.06778489205196328,0.067215784590877,4.3932870400363,56.666666666666664,0.0008214400911360336,3.805234497789659,0.16410254935370938
2023-03-07,0.06050627983390166,0.06739181717087919,0.067215784590877,4.541785276048236,61.66666666666667,0.0009121446258442915,4.363741845025124,0.15779650782149757
2023-03-08,0.06813589219874643,0.06727622079003175,0.067215784590877,3.909063537012447,33.33333333333333,0.001012955425971313,4.949053411519208,0.14366343643138535
2023-03-09,0.07894102595150394,0.06773829508836648,0.067215784590877,4.785083497922124,80.0,0.0011394684603380936,5.702247135369617,0.16150539935987007
2023-03-10,0.07648755833654916,0.06788193557553442,0.067215784590877,5.017465713037842,88.33333333333333,0.0012622008643120395,6.4867076757994795,0.13735643780250895
2023-03-13,0.07007396613365735,0.06803508941753719,0.067215784590877,4.8021700355167924,81.66666666666667,0.0013401797531978586,7.035427241762422,0.13904901837185757
2023-03-14,0.06820919788134593,0.06796135795544539,0.067215784590877,5.194629758503093,95.0,0.0014262625203513425,7.817893843672564,0.12550125144656432
2023-03-15,0.07118869352641038,0.06805237489297292,0.067215784590877,4.647445613677791,71.66666666666667,0.0015148105314977173,8.6639993273853,0.13171322019304066
2023-03-16,0.06454123461137364,0.06794613252550795,0.067215784590877,4.425721093001221,58.333333333333336,0.001588482472333476,9.461819089698938,0.11902934768917861
2023-03-17,0.06204328930493984,0.06775504652066204,0.067215784590877,4.839452921410941,80.0,0.001672575678462066,10.595414178369051,0.13597421689006506
2023-03-20,0.061815326202712836,0.06779408134269041,0.067215784590877,5.128790184824352,90.0,0.0017196680364906728,11.202287567110066,0.15632850756600813
2023-03-21,0.06757515844906634,0.06815584005461967,0.067215784590877,4.767374973227508,70.0,0.0017611739594930698,11.691703302352243,0.21205027800635423
2023-03-22,0.07131800940152815,0.06849702821322226,0.067215784590877,5.352381646570995,98.33333333333333,0.0018310916611357008,12.762441539995091,0.24288906908119423
2023-03-23,0.06550768901874574,0.06838761316893019,0.067215784590877,5.18502188350411,91.66666666666666,0.0018571591290124164,13.21565360643075,0.22872524918393622
2023-03-24,0.06215147042682779,0.06782652102119158,0.067215784590877,5.106920525835627,83.33333333333334,0.001850249634382797,13.124273617144274,0.2183298999231864
2023-03-27,0.058871986696803574,0.06710850109879539,0.067215784590877,5.095234169065952,80.0,0.001840560248647976,13.00490685606026,0.24763227400689902
2023-03-28,0.0626951360388682,0.0666532645483792,0.067215784590877,4.85280718539531,73.33333333333333,0.0018427201334198925,13.040517458524981,0.3159979051064872
2023-03-29,0.06211317218070468,0.06636552429601156,0.067215784590877,4.699335595478501,60.0,0.0018159593958233862,12.625851717751036,0.2711735318344497
2023-03-30,0.060886116503793615,0.06599911168613361,0.067215784590877,4.539585231277126,45.0,0.0017390145139408284,11.552951290120445,0.2537201692406761
2023-03-31,0.059167682054683354,0.0655968946115339,0.06587966355246809,4.324158849567175,33.33333333333333,0.0016631456043261072,10.69828555632962,0.251500461844564
2023-04-03,0.05222940972660106,0.06522291472393818,0.06587966355246809,4.974410510925299,76.66666666666667,0.0015846215794786255,9.90609661815177,0.26078481124929076
2023-04-04,0.053730117567427876,0.06488410661061449,0.06587966355246809,5.541882325234879,98.33333333333333,0.0015148299880899231,8.979238290868837,0.25998528021460454
2023-04-06,0.05495201442218486,0.0642249127217864,0.06587966355246809,5.12963942251518,85.0,0.0014534505296369873,8.260331398289061,0.25366221946168066
2023-04-07,0.05565253635713134,0.0630604882420678,0.06587966355246809,4.520564830901719,38.333333333333336,0.0013737197362807447,7.529876677331573,0.27371311837821355
2023-04-10,0.05478283798051059,0.06197525222426585,0.06587966355246809,5.250696154553076,91.66666666666666,0.0012675450875138086,6.6491725974387865,0.2783740023911023
2023-04-11,0.05195116995200208,0.06106911241518309,0.06587966355246809,4.387031450883127,28.333333333333332,0.0011587918036460826,5.855834820632277,0.27737343754003674
2023-04-12,0.055764397388093224,0.060446872390520455,0.06587966355246809,4.801562715139964,60.0,0.0010673584420611282,5.302432394028518,0.28805531331894785
2023-04-13,0.05797353293632201,0.05978611436101604,0.06587966355246809,4.994007380147342,71.66666666666667,0.0009581993265469545,4.7338798378572085,0.25524704627278605
2023-04-14,0.05609652442344212,0.059363878851619464,0.06587966355246809,4.801951513174044,58.333333333333336,0.0008447223713927244,4.1729494190427,0.27097008977604764
2023-04-17,0.05602217266404272,0.059062823019574606,0.06587966355246809,4.868890129346961,65.0,0.0006830452514225411,3.396641973024252,0.26860293178386874
2023-04-18,0.05605186440553689,0.0587746499297158,0.06587966355246809,4.628052947589153,41.66666666666667,0.0004950045663194276,2.481095163805125,0.268272586738844
2023-04-19,0.05470265237156883,0.05813102462584093,0.06587966355246809,4.614591704224058,38.333333333333336,0.00030990636772594056,1.6023018281483468,0.28925422773692433
2023-04-20,0.05412107985443277,0.05727117814848616,0.06587966355246809,4.83564237213351,58.333333333333336,0.00012639987307327787,0.6715823643221083,0.2876838594133111
2023-04-21,0.05456779854145911,0.05672418362462184,0.06587966355246809,5.301247982711681,93.33333333333333,-7.579116743525577e-05,-0.41458889210525635,0.2957410611198139
2023-04-24,0.05133020684127095,0.056183120445343994,0.06587966355246809,4.490869853502728,20.0,-0.0002691629481053475,-1.5736976158636051,0.26670357490329133
2023-04-25,0.0533771653836662,0.05590837937968712,0.06587966355246809,5.035039228774746,71.66666666666667,-0.00048353159607099225,-2.9058351146428696,0.2652678313512542
2023-04-26,0.052040686877362956,0.05537565692161186,0.06587966355246809,4.666654250681153,38.333333333333336,-0.0006556092826203538,-4.114091541554436,0.2531959572283642
2023-04-27,0.051819397419826975,0.05486096818356798,0.06587966355246809,4.380758308631627,10.0,-0.000824216955179352,-5.348157347761935,0.26795227409336153
2023-04-28,0.04727643250665082,0.054180483983710837,0.06587966355246809,4.326759812496564,8.333333333333332,-0.0009581687359907538,-6.519287743819753,0.2844165309654729
2023-05-04,0.04608438986595956,0.05352631937427464,0.06587966355246809,4.385433782807894,15.0,-0.001067466898617449,-7.526410501929507,0.28487810871125263
2023-05-05,0.04660498392923968,0.053245098084406584,0.06587966355246809,4.063529323352202,5.0,-0.0011650970816502084,-8.309994289958716,0.3011285528211636
2023-05-08,0.04113414498472298,0.05261529945527134,0.06587966355246809,3.81625492731061,1.6666666666666667,-0.0012621899001388837,-8.970490969747207,0.3560761474224541
2023-05-09,0.0395535830723922,0.05184537788778169,0.06587966355246809,4.029423852895553,5.0,-0.0013759149997991992,-9.670883685800108,0.3460183829113612
2023-05-10,0.042814888274946165,0.051203495483672444,0.06587966355246809,3.576813369541588,1.6666666666666667,-0.001454188895130844,-10.367063173263452,0.4371821177913102
2023-05-11,0.04922291935845535,0.05092549955256968,0.06587966355246809,3.64631397075041,3.3333333333333335,-0.0015007154083185494,-10.868008787650025,0.46982779538273345
2023-05-12,0.05382009374377684,0.051018945742158414,0.06587966355246809,3.7508258771374976,5.0,-0.0015258972519150993,-11.177012674688498,0.4004976423739619
2023-05-15,0.0474380861461434,0.05060263018006093,0.06587966355246809,3.6968732956588637,5.0,-0.001554546593629673,-11.521754529810037,0.4208473094602385
2023-05-16,0.05714422462610701,0.05056116476455018,0.06587966355246809,4.104228436931459,16.666666666666664,-0.0015566687892455192,-11.545751971215028,0.3572613293550597
2023-05-17,0.06757856411222278,0.0511352667489892,0.06587966355246809,4.421360385300825,35.0,-0.0015579474579700404,-11.570653894183339,0.34569474539021017
2023-05-18,0.06420159848414585,0.05154423803999436,0.06587966355246809,4.637618696024595,53.333333333333336,-0.0015267513729793655,-11.002975625470155,0.37680410527467956
2023-05-19,0.06818814035812647,0.05215105183762384,0.06587966355246809,4.658428166642155,55.00000000000001,-0.0015047137152242479,-10.557073595764262,0.3633470511629102
2023-05-22,0.07527651015406538,0.05317974472674867,0.06587966355246809,4.921530647743474,75.0,-0.0014787065541415302,-10.054921732562196,0.3434142131745961
2023-05-23,0.08003747664611385,0.054475564566332735,0.06587966355246809,5.098343556587295,85.0,-0.0014116563326883865,-8.978314601876354,0.3185393504184606
2023-05-24,0.08003325177989339,0.05574883722825443,0.06587966355246809,5.369866190420598,98.33333333333333,-0.0013100436656497336,-7.537793428403824,0.30717512194196117
2023-05-25,0.08004902387010389,0.05718477807969609,0.06587966355246809,5.807332480921573,100.0,-0.0011840803920352948,-6.21946983107687,0.2912701764300689
2023-05-26,0.0797287579725463,0.058502357709140085,0.06587966355246809,5.56507185853096,98.33333333333333,-0.001072170395763715,-5.261401525972529,0.3026460431135396
2023-05-29,0.06926488230730014,0.05936356748063696,0.06587966355246809,5.262707313653274,90.0,-0.0009586929570854074,-4.460836844361491,0.2948772492245122
2023-05-30,0.06633462324292427,0.06008932877179181,0.06587966355246809,5.173356368769076,83.33333333333334,-0.0008515786923960141,-3.7876948320309616,0.30688215934826957
2023-05-31,0.06532466803731221,0.06099174054832488,0.06099174054832488,5.05936556152769,73.33333333333333,-0.000740987269474513,-3.1520398285634497,0.29483136410325606
2023-06-01,0.06537548052698479,0.06195629508137614,0.06099174054832488,5.263447838652994,90.0,-0.0006426732169193218,-2.6344581778655543,0.2757130126580911
2023-06-02,0.06902509833828417,0.06307730080182836,0.06099174054832488,5.318534196589438,91.66666666666666,-0.0005451835275711628,-2.1790561026389104,0.27922736336621434
2023-06-05,0.07255856708244857,0.06464852190671465,0.06099174054832488,5.13733883407715,78.33333333333333,-0.00044574316947834403,-1.7282186367266577,0.32645555134949333
2023-06-06,0.07525809823768403,0.06643374766497925,0.06099174054832488,5.82104377904341,100.0,-0.0003359800612268092,-1.2830091545895812,0.2797653422035826
2023-06-07,0.07415413429648822,0.06800070996605635,0.06099174054832488,4.991750889945963,60.0,-0.00018492435200665415,-0.6963952696256468,0.26595390794411156
2023-06-08,0.07538247167980769,0.06930868758212397,0.06099174054832488,5.313048295181793,88.33333333333333,-5.8232429693836726e-05,-0.2198504485003092,0.2640326174190646
2023-06-09,0.06792116760796064,0.07001374127533315,0.06099174054832488,5.513663780227794,93.33333333333333,4.3905662636973186e-05,0.16586496070840642,0.26404023367983465
2023-06-12,0.07062373917875471,0.07117302392696372,0.06099174054832488,5.628659463315098,96.66666666666667,0.00014733573766345274,0.5547215288821716,0.25030595378177134
2023-06-13,0.06926493114526418,0.07177905925292158,0.06099174054832488,5.340429835021496,86.66666666666667,0.0002624609755886433,0.991092125726589,0.25423186529615616
2023-06-14,0.06382097281124324,0.07159117968787261,0.06099174054832488,5.226822233448426,75.0,0.00036674629946069847,1.3928451795182382,0.24293444776492623
2023-06-15,0.06183455222911365,0.07147282737512098,0.06099174054832488,5.380755464143959,90.0,0.0004440912881619747,1.7063290721022264,0.23168953125070701
2023-06-16,0.0608465877500365,0.07110574974471649,0.06099174054832488,5.315199378004045,81.66666666666667,0.0005130222312185096,1.9985186580664185,0.24221013851462359
2023-06-19,0.05995449308262807,0.07033964889114463,0.06099174054832488,5.453049640432536,90.0,0.0006124601529306772,2.437594331727381,0.23262194612009202
2023-06-20,0.06225406421645339,0.0694504782696616,0.06099174054832488,5.552016026651504,93.33333333333333,0.0007135594385335513,2.92280904491888,0.2490676002652885
2023-06-21,0.06461964594418884,0.06867979797787638,0.06099174054832488,5.413397947636106,86.66666666666667,0.0007948275156973798,3.3261628322111947,0.20006953410865158
2023-06-26,0.06295774199605698,0.06782523388417402,0.06099174054832488,5.151754821931802,65.0,0.0008779462299702574,3.77742720497134,0.18050044444487234
2023-06-27,0.06863937226590947,0.0672707645988422,0.06099174054832488,4.887096192867328,48.333333333333336,0.0009830407673884706,4.384574961452358,0.18475448027388763
2023-06-28,0.06969859467427551,0.06729245021719095,0.06099174054832488,5.2860300139921,73.33333333333333,0.0010748554017788515,4.9606386549423975,0.18636262288452388
2023-06-29,0.07430730280588542,0.06769108419533901,0.06099174054832488,5.462086884831613,88.33333333333333,0.0011919328099652218,5.670607557714012,0.18530462637246514
2023-06-30,0.07227999922727076,0.06803885075483694,0.06803885075483694,5.4618552785858645,86.66666666666667,0.001293470121286981,6.265551501046498,0.18715079487086506
2023-07-03,0.060432490032418705,0.06779170123010864,0.06803885075483694,5.0391416682374635,51.66666666666667,0.0013776434575552376,6.869697799076424,0.19311531004231308
2023-07-04,0.06697657194695321,0.0676892749105421,0.06803885075483694,5.019280044516375,48.333333333333336,0.001474971978673826,7.59751188055083,0.2058421688956238
2023-07-05,0.0740952148439927,0.06776610729861929,0.06803885075483694,5.151842012346278,61.66666666666667,0.0015413193598798483,8.058684097975629,0.21788834012722558
2023-07-06,0.06906423906240933,0.06745641433985557,0.06803885075483694,4.651311450700727,31.666666666666664,0.001620107441295977,8.612135549549512,0.1881153801895885
2023-07-07,0.07982113666795171,0.06773976445842873,0.06803885075483694,5.193935469813751,63.33333333333333,0.0016991127979649736,9.238958120759492,0.1701753047092911
2023-07-10,0.07867119321677822,0.06790420053527726,0.06803885075483694,4.991471081835135,45.0,0.0017473300984314107,9.639375955870811,0.16739215589883805
2023-07-11,0.0763352464968954,0.068324904479724,0.06803885075483694,4.908064627619974,41.66666666666667,0.0017976417140371389,10.05974829527097,0.15922657318047073
2023-07-12,0.07704422006371331,0.06864592852397193,0.06803885075483694,5.815330133816195,98.33333333333333,0.0018589876150710896,10.710676545739313,0.16930423856936683
2023-07-13,0.08065259743350478,0.06921531183838396,0.06803885075483694,6.097559377551079,100.0,0.001913371712697047,11.38855663993838,0.17058896716153704
2023-07-14,0.0856186832455936,0.07030519736010148,0.06803885075483694,6.426645718241224,100.0,0.0019672150073091798,12.129375469796464,0.17078578242451936
2023-07-17,0.09187135952461221,0.07180703772487641,0.06803885075483694,6.063491442987921,96.66666666666667,0.002001664941841253,12.555012492619444,0.15218635038909967
2023-07-18,0.08950788742864133,0.07324010270880664,0.06803885075483694,5.706021416336146,90.0,0.0020158726190522515,12.707423438061305,0.15214857337676402
2023-07-19,0.09952707785841863,0.07521873194759618,0.06803885075483694,5.865581551336975,95.0,0.0020333950913286984,12.910325169399703,0.16720631389201124
2023-07-20,0.09282607034311505,0.07674733225392925,0.06803885075483694,6.174142784505415,98.33333333333333,0.002023740905103006,12.796390120030036,0.14781823484507783
2023-07-21,0.09886815836702709,0.07845975787507117,0.06803885075483694,5.966537671258518,93.33333333333333,0.0019728681248203784,12.23806595698093,0.15654665459379014
2023-07-24,0.09006819122973005,0.07981528033675482,0.06803885075483694,5.20964744999671,53.333333333333336,0.0019380861199559893,11.873661781758194,0.1703954177308935
2023-07-25,0.07283193138159827,0.08002490829253926,0.06803885075483694,5.899572439453852,91.66666666666666,0.0018372813661125826,11.065924227909354,0.2049690065447629
2023-07-26,0.09349351193852476,0.08121465415575173,0.06803885075483694,6.325605904643679,98.33333333333333,0.0017501227932102887,10.32730339553973,0.19676671940660695
2023-07-27,0.09495194097421386,0.08224688606416815,0.06803885075483694,6.274954525282036,96.66666666666667,0.001634055040453232,9.463734727963885,0.18231819081903633
2023-07-28,0.07672219559235276,0.08246899588242225,0.06803885075483694,6.238797474031647,95.0,0.0014950741879188744,8.209289462209826,0.21902514200877854
2023-07-31,0.06543831391237745,0.08271928707642019,0.08165801102670583,6.04439582375855,88.33333333333333,0.0013504378792491085,7.09025051086873,0.20562017573153368
2023-08-01,0.07552771894616979,0.08314684442638101,0.08165801102670583,6.0180110902169615,86.66666666666667,0.0011845468263073963,6.040499949611434,0.20327476372415454
2023-08-02,0.07642625826078506,0.08326339659722062,0.08165801102670583,5.279034850649475,48.333333333333336,0.0010103510017411283,5.171359143075551,0.18502200770616795
2023-08-03,0.07533563387044014,0.08357696633762217,0.08165801102670583,5.212629949970899,41.66666666666667,0.0007898010382222354,4.128349108763082,0.20098323019195607
2023-08-04,0.06468874455446286,0.08282034673194774,0.08165801102670583,5.562914733944205,70.0,0.0005817771712175589,3.052726771008998,0.21800696490502514
2023-08-07,0.06895601952483568,0.0823345880473506,0.08165801102670583,5.080045906117725,26.666666666666668,0.00039594482705510974,2.095045053701992,0.22181438000422382
2023-08-08,0.08365609070178437,0.08270063025759505,0.08165801102670583,5.616675031351559,71.66666666666667,0.00023187480111187743,1.2516843354710687,0.20207361941015423
2023-08-09,0.09186372118028208,0.08344160531342348,0.08165801102670583,5.717404651336568,75.0,5.3573137354995904e-05,0.30155097053629304,0.188710009565346
2023-08-10,0.1031527617369631,0.0845666135285964,0.08165801102670583,6.1789217944848245,93.33333333333333,-0.00011186152087351091,-0.6695678529989771,0.18768771169499954
2023-08-11,0.09669971946629081,0.08512066533963127,0.08165801102670583,6.28662148663589,96.66666666666667,-0.00022415008301228414,-1.402010675433821,0.17438093749175843
2023-08-14,0.09266514490940349,0.08516035460887082,0.08165801102670583,5.907682750797235,80.0,-0.00030294366141903967,-1.9789464415338873,0.16523495085487028
2023-08-15,0.10490449385479164,0.08593018493017834,0.08165801102670583,6.333720455506652,98.33333333333333,-0.0003705903003061603,-2.510606167059149,0.1912037706345351
2023-08-16,0.1087614962112414,0.08639190584781949,0.08165801102670583,6.5429928266983985,100.0,-0.0004364374235061926,-3.0661756937815436,0.1905853960810311
2023-08-17,0.11161549441233087,0.08733137705128027,0.08165801102670583,7.045289761329252,100.0,-0.00046362654562720365,-3.318163979209332,0.1922823842883319
2023-08-18,0.1283843845944653,0.08880718836265218,0.08165801102670583,8.249379154128826,100.0,-0.00043907053137328767,-3.0986503041517617,0.15177953598996918
2023-08-21,0.1250006018307992,0.09055380889270565,0.08165801102670583,7.336217103518456,98.33333333333333,-0.000386199207378792,-2.6405366449399823,0.12895584822258166
2023-08-22,0.1166877622653539,0.09274660043689342,0.08165801102670583,8.24497227280246,98.33333333333333,-0.00036033089016695405,-2.4406335910496386,0.13164830896757396
2023-08-23,0.11793713400031351,0.09396878153998287,0.08165801102670583,7.108266299356695,95.0,-0.0003394924369844313,-2.28351979317807,0.11306748943698053
2023-08-24,0.10332076187262669,0.09438722258490351,0.08165801102670583,7.119114782133324,95.0,-0.00034473467100773985,-2.319836298739018,0.09728953611687108
2023-08-25,0.10666988660602669,0.09588460713558719,0.08165801102670583,7.172966624731603,95.0,-0.00037916943227654984,-2.5252906944632536,0.0865402151396395
2023-08-28,0.08507852959166905,0.09686661791955178,0.08165801102670583,8.13982833049536,96.66666666666667,-0.00041988333596161467,-2.757604531648319,0.09504662484950255
2023-08-29,0.09945598327581628,0.0980630311360341,0.08165801102670583,8.936115974362627,100.0,-0.00039501802049181947,-2.5741602417364153,0.11565141116567834
2023-08-30,0.10341552087874793,0.09941249426693224,0.08165801102670583,8.507405772503876,98.33333333333333,-0.0003258847669762726,-2.0757965809949193,0.111717208194958
2023-08-31,0.10224055919176138,0.10075774053299831,0.09749758355379833,7.0247292141792625,83.33333333333334,-0.00026693742666604686,-1.6542494930756366,0.10905281438336534
2023-09-01,0.10763044419184574,0.10290482551486746,0.09749758355379833,6.6121349911778955,81.66666666666667,-0.00020647707722705913,-1.2659793070311427,0.12465944200274204
2023-09-04,0.08286627246945089,0.10360033816209821,0.09749758355379833,6.087514761153559,63.33333333333333,-0.00018927381532467342,-1.1558490733210738,0.12584431796411977
2023-09-05,0.09095177229749946,0.10396512224188396,0.09749758355379833,6.0168750565611955,56.666666666666664,-0.0001723370366273879,-1.0475605106437331,0.11899792079215588
2023-09-06,0.09150584281090822,0.10394722832341527,0.09749758355379833,5.7361148477955295,46.666666666666664,-0.00012648700480201035,-0.7596805031869241,0.15170460159848465
2023-09-07,0.08959867009584273,0.10326952374135927,0.09749758355379833,5.541144243018194,36.666666666666664,-9.21744896271744e-05,-0.5503904202934943,0.12742669424561903
2023-09-08,0.09136665378360835,0.10300287045722514,0.09749758355379833,5.019251315130128,8.333333333333332,-4.799929907906059e-05,-0.28313135539296,0.1329557041230005
2023-09-11,0.08358053358393751,0.10254863989095184,0.09749758355379833,5.516227374820396,35.0,-3.857682392761485e-05,-0.22671497793803272,0.14389126873375102
2023-09-12,0.09076883501692244,0.10184185694905838,0.09749758355379833,4.970488487018479,6.666666666666667,-4.435016112444789e-05,-0.2612896207529964,0.1475884941075516
2023-09-13,0.09232280275342342,0.10101992227616748,0.09749758355379833,5.126573846948268,16.666666666666664,-4.390434051146005e-05,-0.2586318660252999,0.16058171503502572
2023-09-14,0.08967005779605564,0.09992265044535371,0.09749758355379833,4.7415269425911335,3.3333333333333335,-7.265535658980468e-05,-0.43009888505305993,0.16335828884686188
2023-09-15,0.08175190982799514,0.09759102670703021,0.09749758355379833,4.5662776999679275,1.6666666666666667,-9.329787428579079e-05,-0.5550225702221537,0.15959238966492295
2023-09-18,0.08840482206314963,0.09576123771864772,0.09749758355379833,4.840067603242867,6.666666666666667,-0.00010653827485894473,-0.6368163309290391,0.1563997184377499
2023-09-19,0.08821633724150527,0.0943376664674553,0.09749758355379833,4.364224319787006,1.6666666666666667,-0.0001245608780745063,-0.7463319829269667,0.13006373924731984
2023-09-20,0.09105688102827272,0.09299365381885326,0.09749758355379833,4.108878709969799,1.6666666666666667,-0.00014931914281041128,-0.8977389624752854,0.12095306815895213
2023-09-21,0.08525991779249373,0.09209061161484661,0.09749758355379833,3.9426994962630912,1.6666666666666667,-0.00013754646226326182,-0.8277873643571017,0.11834434024304197
2023-09-22,0.07587330815120814,0.09055078269210567,0.09749758355379833,4.564265787330815,6.666666666666667,-0.0001066157473338184,-0.6439994117653027,0.12767972534942373
2023-09-25,0.08102313161455775,0.09034801279325012,0.09749758355379833,4.464758767791453,6.666666666666667,-9.206648724498296e-05,-0.5558205056010527,0.12426278747677544
2023-09-26,0.08637665088994385,0.0896940461739565,0.09749758355379833,4.479861591191542,8.333333333333332,-5.722308624551334e-05,-0.3461012543822363,0.12933748567791525
2023-09-27,0.0902500099487116,0.08903577062745469,0.09749758355379833,5.046302005828869,25.0,-1.8094489317621883e-05,-0.10985408004265726,0.16129144621071156
2023-09-28,0.08625102589359646,0.08823629396254642,0.09749758355379833,4.893118160133044,16.666666666666664,5.775559545462751e-05,0.3527974995739419,0.19463560692880555
2023-10-09,0.08100632602854829,0.08690508805438156,0.09749758355379833,4.827307861790768,15.0,0.00012675271481576208,0.7831311502155553,0.19608076001467212
2023-10-10,0.08118132686614316,0.08682084077421617,0.09749758355379833,4.835837084259237,16.666666666666664,0.00018950637082149537,1.1793430186138323,0.18120490737949724
2023-10-11,0.07610655924057391,0.0860785801213699,0.09749758355379833,4.893375505482958,21.666666666666668,0.0002630795786802325,1.6610637747465362,0.17707466872155764
2023-10-12,0.07132189792456296,0.08506938287705264,0.09749758355379833,4.533275409902055,10.0,0.000313736862260648,2.0139875510466876,0.18834883676101688
2023-10-13,0.0742465278230952,0.08430177576341526,0.09749758355379833,4.633701701483298,15.0,0.00035619189364212087,2.3191636472392094,0.19562047656191361
2023-10-16,0.07316194012786514,0.08339154008062809,0.09749758355379833,4.575524187646806,15.0,0.00040810526555683745,2.7063424897811266,0.20142123631533804
2023-10-17,0.075557152478115,0.08299037102533698,0.09749758355379833,4.299570594279308,5.0,0.000460169896572583,3.1404831700837685,0.18143832496094192
2023-10-18,0.07159219836553747,0.08203153919276772,0.09749758355379833,4.323170165230911,6.666666666666667,0.0004961060487350686,3.4903692257334624,0.19693644358629459
2023-10-19,0.06900210712100922,0.08086550441114701,0.09749758355379833,4.3522899239385,8.333333333333332,0.000561652571845517,4.1439241212758855,0.18332892691308067
2023-10-20,0.07129945161314723,0.0799469741020016,0.09749758355379833,4.139018621494523,5.0,0.0006091045067188987,4.666905496964215,0.18647514911893692
2023-10-23,0.07367360558934957,0.07954305889006931,0.09749758355379833,4.365535149581483,13.333333333333334,0.0006093241706112215,4.669611646975629,0.1733954242863056
2023-10-24,0.07466923852108621,0.07885627971296615,0.09749758355379833,4.960403822189852,36.666666666666664,0.000672004533378785,5.348470034435699,0.17688590706034968
2023-10-25,0.0733437991362349,0.07811265280770263,0.09749758355379833,5.116793043303706,45.0,0.000729503024821109,5.911188415785012,0.15454868297215296
2023-10-26,0.07457593989797447,0.0772886057511877,0.09749758355379833,5.024718431682746,41.66666666666667,0.0007822280130103164,6.473027421247466,0.15750918986487217
2023-10-27,0.07701439118983554,0.0768763294210548,0.09749758355379833,5.821197177528255,63.33333333333333,0.0008216287753496046,6.8877224305237945,0.1492598735837094
2023-10-30,0.07301388447816766,0.07673335823740277,0.09749758355379833,5.765996984154556,63.33333333333333,0.0008282442870730333,6.935165205297146,0.15250176374876245
2023-10-31,0.07441478362237888,0.07640294083779384,0.0744224194131544,5.185789523560037,50.0,0.0008242257244170049,6.906998562015779,0.14490920980821675
2023-11-01,0.07730911063506811,0.07594956382505005,0.0744224194131544,4.751113882846756,28.333333333333332,0.0008193170461195262,6.877775079581116,0.15315200453796374
2023-11-02,0.07980381410079793,0.07542725403265436,0.0744224194131544,4.642140650173548,26.666666666666668,0.0008082640101799602,6.790627737868831,0.1471631044727546
2023-11-03,0.08124467370092855,0.07517693642302098,0.0744224194131544,5.040075554904083,46.666666666666664,0.0007840183647376034,6.6755429599856475,0.15630079734679936
2023-11-06,0.0710824983660293,0.07468074503989502,0.0744224194131544,5.689081178751117,61.66666666666667,0.0007550082826146595,6.597445158632476,0.18813680672719202
2023-11-07,0.07357784477123633,0.07430057093514968,0.0744224194131544,5.353491138554435,55.00000000000001,0.0007420435347560067,6.577742087421189,0.19491212704528493
2023-11-08,0.07070152476907772,0.07403031921157487,0.0744224194131544,5.342791252108047,55.00000000000001,0.0007390121774765163,6.571717450256543,0.17389310672297098
2023-11-09,0.07319608059322016,0.07412402834500773,0.0744224194131544,5.114368608480008,50.0,0.0007137799297591163,6.507367163157558,0.1722399062620117
2023-11-10,0.07456512479465469,0.07413995819358571,0.0744224194131544,4.504192661576468,18.333333333333332,0.0007047342652985321,6.489542149470636,0.20488059335185937
2023-11-13,0.08052620006199011,0.07450817119029196,0.0744224194131544,5.227776765793382,58.333333333333336,0.0007368786306854485,6.532935235889046,0.20661845160050474
2023-11-14,0.07696537157691666,0.07457858214523203,0.0744224194131544,5.131033591881125,56.666666666666664,0.0007915628564631877,6.707306145730986,0.18465232711876234
2023-11-15,0.07674712597009974,0.07483632852546016,0.0744224194131544,5.603041642793348,68.33333333333333,0.0008394496710056837,6.876389031555426,0.18056062685609597
2023-11-16,0.07942019925640922,0.07535723313223015,0.0744224194131544,4.9923623718876,45.0,0.0008797478007665013,7.016433476432105,0.169256263299981
2023-11-17,0.08333552513594658,0.07595903680837011,0.0744224194131544,4.9360473820006465,41.66666666666667,0.0009556309586832097,7.340002790757246,0.14768422830626005
2023-11-20,0.08309175710207764,0.07642994438400652,0.0744224194131544,5.516963920491425,70.0,0.001063630245800435,7.871807344823105,0.15196956431333586
2023-11-21,0.07957323341957723,0.07667514412893107,0.0744224194131544,5.616629254578346,75.0,0.0011669919799447248,8.77254641588582,0.1495045201895715
2023-11-22,0.07967787960081174,0.07699184815215991,0.0744224194131544,5.179000095132008,61.66666666666667,0.0012416728086383293,9.339089450353116,0.13810135032362458
2023-11-23,0.08620279463869725,0.07757319088919605,0.0744224194131544,5.184256179069155,63.33333333333333,0.001318598164263287,9.892246891773198,0.1542016882618915
2023-11-24,0.08315891153215699,0.07788041690631212,0.0744224194131544,5.005603206382325,48.333333333333336,0.0013432531716111445,10.058867636288925,0.134298118421059
2023-11-27,0.0761303280548085,0.07803623908514416,0.0744224194131544,4.604477495943482,26.666666666666668,0.0013372073078217553,10.051553280174758,0.13518541358832237
2023-11-28,0.08710687369917376,0.07867084358898391,0.0744224194131544,4.879599103668527,40.0,0.0013326504188640967,10.058897286506618,0.12074080107959984
2023-11-29,0.08518842512438209,0.07906480931344961,0.0744224194131544,4.7843349362802075,35.0,0.0014020504286027051,10.45094880185573,0.11891708899393705
2023-11-30,0.08644554952663977,0.07939689608474171,0.07932049301957728,4.870775305602445,41.66666666666667,0.0014722438229144998,11.249332666547403,0.11485989282965581
2023-12-01,0.08017041131708323,0.07934318296554943,0.07932049301957728,4.773442160757072,35.0,0.0015591651594595165,12.387514657231206,0.12386657800960243
2023-12-04,0.07392458673209247,0.0794852873838526,0.07932049301957728,4.463192966329046,15.0,0.0016347124600881793,13.263233972385887,0.1226432454255928
2023-12-05,0.07708842164653006,0.07966081622761728,0.07932049301957728,4.515133231968047,21.666666666666668,0.0016909767216103492,13.864786682307153,0.11429641329545825
2023-12-06,0.07391040514963865,0.07982126024664533,0.07932049301957728,4.435464762839447,15.0,0.0017513680458274236,14.582728768313178,0.1204582375742056
2023-12-07,0.07136461313911147,0.07972968687393989,0.07932049301957728,4.280368875981455,6.666666666666667,0.0018167507336745345,15.756976625756556,0.11950099884543719
2023-12-08,0.06903771707417522,0.07945331648791591,0.07932049301957728,4.831472182608992,46.666666666666664,0.0018402597155827295,16.320210001010764,0.12888414465578113
2023-12-11,0.06824795578315125,0.07883940427397397,0.07932049301957728,4.6035475840111335,33.33333333333333,0.0018842619520937052,17.611918784633765,0.14875990952695206
2023-12-12,0.07430737695090968,0.07870650454267362,0.07932049301957728,4.142512034310634,6.666666666666667,0.0019215448605158733,18.829113024691974,0.12880021986362022
2023-12-13,0.07512094244985305,0.0786251953666613,0.07932049301957728,4.194576725677598,8.333333333333332,0.001971587800443649,20.381510614712372,0.11829546143066416
2023-12-14,0.07469460807701053,0.07838891580769136,0.07932049301957728,3.9814410190524883,3.3333333333333335,0.0020093958431891355,21.609256205729977,0.10920556272754633
2023-12-15,0.06986951045834312,0.07771561507381118,0.07932049301957728,3.7463583763587915,1.6666666666666667,0.0020193761093237794,21.860939290698052,0.10444522409404766
2023-12-18,0.07652580245570555,0.07738731734149258,0.07932049301957728,3.9145852458273755,3.3333333333333335,0.0020164373733600784,21.753515047384063,0.08309785935083513
2023-12-19,0.08390417755839036,0.07760386454843324,0.07932049301957728,3.92359034999846,5.0,0.0020312426349591265,22.336947816840237,0.0826871136447207
2023-12-20,0.09307548666793848,0.07827374490178958,0.07932049301957728,4.625405108408559,43.333333333333336,0.0020353575888936433,22.434433734513565,0.06972975521457503
2023-12-21,0.08779287808513245,0.07835324907411133,0.07932049301957728,4.913627972335012,63.33333333333333,0.002021190420500204,22.07490719736931,0.07874977935057603
2023-12-22,0.08535913523235132,0.07846326025912106,0.07932049301957728,5.000376227880672,68.33333333333333,0.001969710977294438,20.26945603164531,0.07223671782104879
2023-12-25,0.09015063193037402,0.07916427545289932,0.07932049301957728,4.2431861604736705,13.333333333333334,0.0019030560772249506,17.921556983690504,0.07951664300224426
2023-12-26,0.08835223547382612,0.07922654354163194,0.07932049301957728,4.206370506805547,13.333333333333334,0.0018234841962802468,15.523393012843185,0.07370433062132475
2023-12-27,0.08311837725942413,0.07912304114838405,0.07932049301957728,4.0721663332624525,8.333333333333332,0.0017548796927622015,14.024959048841827,0.08374248284147345
2023-12-28,0.07494339171988267,0.07854793325804618,0.07932049301957728,5.121666200944748,78.33333333333333,0.001681496263298845,12.705324759669796,0.10269250668523577
2023-12-29,0.07943111937407912,0.07851096866089599,0.07932049301957728,4.8819548024652235,58.333333333333336,0.0016478330264095497,12.172964187031706,0.11751841758985826
2024-01-02,0.08013041470154082,0.0788212600593684,0.07932049301957728,4.648685571440834,45.0,0.0016327794302452984,12.00734168290317,0.13902926399925875
2024-01-03,0.08682129701481985,0.07930790382778288,0.07932049301957728,4.697538479893862,46.666666666666664,0.0016059348816408578,11.67720439187226,0.14864037804496122
2024-01-04,0.08000248948502048,0.07961250804455199,0.07932049301957728,4.029371740539112,8.333333333333332,0.0015939867072174852,11.551900864374922,0.14511485527730406
2024-01-05,0.08377962201111816,0.08023325848815231,0.07932049301957728,4.770838873539277,50.0,0.0015423135079892247,11.033997896339903,0.14245972871693935
2024-01-08,0.08161223822245114,0.08086198454556612,0.07932049301957728,4.2571631311653615,20.0,0.0014740377835796127,10.355116489648509,0.12081159104450778
2024-01-09,0.08548223921880166,0.08172369871734864,0.07932049301957728,4.583190976602879,36.666666666666664,0.0014149283821989296,9.822248614235347,0.10825475556778619
2024-01-10,0.08888188197463628,0.08245242396853497,0.07932049301957728,4.5120272248595565,33.33333333333333,0.0013296425138863911,9.099201704341729,0.09547532630993749
2024-01-11,0.08114790690551955,0.08275377219131828,0.07932049301957728,4.56556115292751,35.0,0.001238026409650291,8.676176571298118,0.11390663614061669
2024-01-12,0.09018742401698214,0.08352841298831687,0.07932049301957728,4.758872379143317,48.333333333333336,0.001159445712540962,8.142314167206576,0.11102541707057134
2024-01-15,0.08503679399202803,0.08428677716500112,0.07932049301957728,4.084219424216239,11.666666666666666,0.001063537571031139,7.545932219374034,0.10694117641040535
2024-01-16,0.07948048635839448,0.08443451136013556,0.07932049301957728,4.3207060044055225,23.333333333333332,0.0009108851415953348,6.787235082277746,0.089340111153702
2024-01-17,0.07713051587242166,0.08409582827583713,0.07932049301957728,3.9104936930003227,3.3333333333333335,0.0008007718984761933,5.893407521820546,0.06291035596411154
2024-01-18,0.06723546755322643,0.08280382732010153,0.07932049301957728,4.779135997772217,55.00000000000001,0.0006594447173543318,4.5091117027098875,0.053778460365123015
2024-01-19,0.07644024071855543,0.08223619545177267,0.07932049301957728,4.157244401395321,16.666666666666664,0.0004891774602992325,3.0667255158933915,0.04327860577782627
2024-01-22,0.07239475806330602,0.0815879765933204,0.07932049301957728,4.887435808569193,66.66666666666666,0.00023768585447993116,1.239249352950868,-0.010562922070278313
2024-01-23,0.07122358501115572,0.08064162424735949,0.07932049301957728,4.441230604752898,30.0,-2.4991168488024322e-05,-0.11300383757517882,0.005601866112064258
2024-01-24,0.0727414292798247,0.07986108393765942,0.07932049301957728,4.896445893466472,70.0,-0.0002901963163165343,-1.1961894902378083,0.025434861444421974
2024-01-25,0.0677075594399399,0.07909054304668521,0.07932049301957728,5.10754375201422,80.0,-0.0005098500493517181,-2.0277484956807297,0.05422609095792086
2024-01-26,0.06876002660735042,0.0787813747910586,0.07932049301957728,4.718295995078981,50.0,-0.0007477139685519487,-2.918317915014392,0.03733704596966825
2024-01-29,0.07036192321341778,0.07832791498302553,0.07932049301957728,4.826777520266685,60.0,-0.0010109599910998323,-3.7891914868833383,0.005503513855378284
2024-01-30,0.07299721791548298,0.07797125514372263,0.07932049301957728,4.317761842723374,26.666666666666668,-0.001296143720953659,-4.600283211329717,-0.018572795496359817
2024-01-31,0.06935275837782645,0.07709782821187297,0.07767764890699182,4.954525581558237,76.66666666666667,-0.0016454415233370001,-5.250777263484235,-0.04555523115177951
2024-02-01,0.06910612317329863,0.07655300989628687,0.07767764890699182,4.692408187212525,50.0,-0.002011558666524343,-5.856544752796889,-0.05736517552430376
2024-02-02,0.06690722828875477,0.07570939021016872,0.07767764890699182,5.478932268167664,95.0,-0.0024529750118615964,-6.438139952952432,-0.0875649490980791
2024-02-05,0.06285318361528779,0.07477143747981053,0.07767764890699182,6.422289811309192,100.0,-0.0030933936145660463,-6.506816912036844,-0.11267868121458591
2024-02-06,0.0644894385329754,0.07372179744551924,0.07767764890699182,7.385486520357899,100.0,-0.0037499368217200476,-6.676342780041428,-0.04480315304929916
2024-02-07,0.06123934570810892,0.07233967063219285,0.07767764890699182,7.913582827691194,100.0,-0.004504583450787308,-6.825551548255097,0.0033076601048869225
2024-02-08,0.06650521921715034,0.07160753624777441,0.07767764890699182,8.411196904268094,100.0,-0.005079896950887005,-7.307665701562923,0.010619113454474638
2024-02-19,0.06843667324159511,0.07051999870900505,0.07767764890699182,7.390556400125017,96.66666666666667,-0.0055667442916093315,-7.84204706985087,0.013134162062876431
2024-02-20,0.06694748025160198,0.06961553302198374,0.07767764890699182,5.70434281792856,91.66666666666666,-0.00598319123167898,-8.353576677617536,0.019653430038231612
2024-02-21,0.06843864839216834,0.06906344112367244,0.07767764890699182,6.906023264764074,93.33333333333333,-0.006338038899441176,-8.829562682426124,0.01686785427428883
2024-02-22,0.07334674446206099,0.06887425255315441,0.07767764890699182,6.1230930122370255,90.0,-0.0066505045935510276,-9.341525158362021,0.032250135443940176
2024-02-23,0.07457253945745143,0.06924110614836566,0.07767764890699182,6.75903816308294,91.66666666666666,-0.0068778684573029955,-9.793230317887136,0.02243710896203388
2024-02-26,0.08227107292505313,0.06953264775869054,0.07767764890699182,7.693900908147181,96.66666666666667,-0.0070208788754314525,-10.120176592190905,0.025271807941963598
2024-02-27,0.07642053698796453,0.06973393670492348,0.07767764890699182,7.018224867460849,91.66666666666666,-0.007132978005234157,-10.412283124727052,0.03930666678362882
2024-02-28,0.07942393334722288,0.07014395412172683,0.07767764890699182,10.133793115318118,100.0,-0.0073495990295123406,-10.879854181236043,0.01294997119840402
2024-02-29,0.06951343045530808,0.06998255418050099,0.07003143987040016,7.164419890253932,90.0,-0.007491323769133165,-11.217640656166612,0.04685572434334717
2024-03-01,0.06296020987517689,0.06974518670226285,0.07003143987040016,6.236825441082795,81.66666666666667,-0.007598220931049652,-11.488571266568563,0.0690567533495221
2024-03-04,0.05968201028452593,0.06929128588612161,0.07003143987040016,5.999611960883864,78.33333333333333,-0.007712638108687467,-11.801420129517268,0.07994029568386196
2024-03-05,0.056364172240118464,0.06859139833745664,0.07003143987040016,5.679292213655041,75.0,-0.007850879748679873,-12.156904024339095,0.0541620023611471
2024-03-06,0.06490308478584522,0.06818669168097477,0.07003143987040016,5.77629980273716,76.66666666666667,-0.007920131370154957,-12.354019170705659,0.04765505978373663
2024-03-07,0.07003479953783684,0.06822079373897529,0.07003143987040016,6.521433780615504,83.33333333333334,-0.007968899401951177,-12.49699648710306,0.03475347243354876
2024-03-08,0.0643118414226663,0.06798107965144366,0.07003143987040016,5.22990947822016,68.33333333333333,-0.007988189978578811,-12.554648135238127,0.05136121295783869
2024-03-11,0.05892941826742824,0.06758218915037734,0.07003143987040016,5.505092905534731,70.0,-0.007984368075788657,-12.5428134218003,0.07261963076208788
2024-03-12,0.061587318853533954,0.06751889591228966,0.07003143987040016,6.451232137556324,81.66666666666667,-0.007962896926506716,-12.470356613477287,0.074905037190794
2024-03-13,0.06473378396568484,0.06753111318392511,0.07003143987040016,6.1488157760597275,76.66666666666667,-0.007905422573269733,-12.278678096941304,0.06470373344385827
2024-03-14,0.06506358229153136,0.06772232501309625,0.07003143987040016,5.944034835728938,71.66666666666667,-0.007837957078718896,-12.063884103260223,0.05295380873367206
2024-03-15,0.0651167273353993,0.06765290041900869,0.07003143987040016,5.581824152620729,65.0,-0.007708145493339546,-11.665687320408562,0.06822856016515844
2024-03-18,0.06723991413652641,0.06759306246375525,0.07003143987040016,6.713913965115172,83.33333333333334,-0.007532794028056902,-11.144304191829479,0.08141077642771433
2024-03-19,0.07155624185123538,0.06782350054373693,0.07003143987040016,6.625185429722725,81.66666666666667,-0.007329154398725005,-10.578369548367842,0.07076571576360391
2024-03-20,0.07430949817911503,0.06811704303308426,0.07003143987040016,6.2790832332300095,75.0,-0.007108870197542499,-9.991438401976954,0.0926863123476458
2024-03-21,0.07171415904981286,0.06803541376247185,0.07003143987040016,6.427875444545836,76.66666666666667,-0.006866417007436878,-9.410711635974826,0.08422897759840642
2024-03-22,0.06781776668018698,0.06769767512360862,0.07003143987040016,6.180068454669859,70.0,-0.006608322722371962,-8.867533969919206,0.07075388103504432
2024-03-25,0.06644716692957175,0.06690647982383456,0.07003143987040016,5.892670551162518,61.66666666666667,-0.00638709435040401,-8.455231957272844,0.06664629029416913
2024-03-26,0.06726412051824947,0.06644865900034881,0.07003143987040016,5.578052699238716,53.333333333333336,-0.006189166234172676,-8.094457134700056,0.057729475870548
2024-03-27,0.06935330150289734,0.06594512740813253,0.07003143987040016,5.446981348788156,48.333333333333336,-0.006038241022504661,-7.840334482035392,0.041435054174097985
2024-03-28,0.06783211137382916,0.0658610614540586,0.07003143987040016,5.62304745464477,55.00000000000001,-0.005848383221569897,-7.511372745684068,0.04901769419596946
2024-03-29,0.0736577837184567,0.06639594014622258,0.07003143987040016,5.505150255465793,50.0,-0.005618228078532166,-7.129482002447884,0.07602703509882702
2024-04-01,0.06641432693223445,0.06673255597860801,0.07003143987040016,5.677100206404954,55.00000000000001,-0.0053640862402349054,-6.7237003160268465,0.09191821721624316
2024-04-02,0.07123055923210728,0.06747587532820745,0.07003143987040016,5.863687537556675,60.0,-0.005070281738616455,-6.288294827172324,0.09190742122936424
2024-04-03,0.07216632178632523,0.06783903717823145,0.07003143987040016,5.7146325962579,56.666666666666664,-0.004748815824884211,-5.859460008855626,0.07756048867952936
2024-04-08,0.06844112786782576,0.06775935359473088,0.07003143987040016,5.702169087136968,53.333333333333336,-0.004473281061662695,-5.522240081273246,0.0563820609409833
2024-04-09,0.06826344081109723,0.06795693356415244,0.07003143987040016,4.735531276937915,21.666666666666668,-0.0041354193646889375,-5.115487550802371,0.059130629635544274
2024-04-10,0.07291116109586962,0.0686560207055745,0.07003143987040016,5.473682869181215,38.333333333333336,-0.003831033059461462,-4.764929957698525,0.045045774249464765
2024-04-11,0.06717107609581309,0.06893520856768845,0.07003143987040016,5.000481373418968,31.666666666666664,-0.0035200652459416557,-4.409686017402857,0.050012873122504464
2024-04-12,0.06926539521829629,0.06916178913031903,0.07003143987040016,5.152322424019119,33.33333333333333,-0.003183714905301371,-4.0332560074554955,0.050414917573816886
2024-04-15,0.07084187703866797,0.06945070386767586,0.07003143987040016,6.801933383734236,85.0,-0.0029907056740043937,-3.847341998020717,0.06614457737026647
2024-04-16,0.060344260478868275,0.06921208052484931,0.07003143987040016,6.039883767905835,63.33333333333333,-0.002897733568305802,-3.77418861504351,0.032335312861855536
2024-04-17,0.06440994966868673,0.06907058230145732,0.07003143987040016,6.0172516890167005,61.66666666666667,-0.002684298339991968,-3.5775563087619324,0.05281945790872866
2024-04-18,0.05786903535290387,0.06838622197654075,0.07003143987040016,5.40959024162169,30.0,-0.00246483759928886,-3.3734128019797294,0.042640509762766454
2024-04-19,0.05554350892598228,0.06744792251388412,0.07003143987040016,4.752833966759453,13.333333333333334,-0.002246646999087666,-3.1621549424185305,0.036618575203010595
2024-04-22,0.056373280147728806,0.06668087856877991,0.07003143987040016,4.638848446298424,6.666666666666667,-0.0020248824392524894,-2.943267383093162,0.02612346470524618
2024-04-23,0.06194492184077727,0.06638723632680943,0.07003143987040016,4.751402098570364,13.333333333333334,-0.0017811031044073459,-2.6712447259610737,0.0070961391087831505
2024-04-24,0.06720613673597284,0.06642518481712947,0.07003143987040016,5.111391035065515,25.0,-0.0015090846764520193,-2.339122182010911,0.026250085406461343
2024-04-25,0.06879942837195814,0.06650195020981492,0.07003143987040016,5.068664305870341,21.666666666666668,-0.0012976577765221224,-2.054198463325628,0.02387395833933592
2024-04-26,0.05410733196439435,0.06573965173288977,0.07003143987040016,5.547963673750798,38.333333333333336,-0.0011098864768712,-1.7933841249817652,0.042168824753365364
2024-04-29,0.0504942446290739,0.06487275839565201,0.07003143987040016,5.609214777893551,41.66666666666667,-0.0008789513954938018,-1.4553412467441988,0.0692415708846359
2024-04-30,0.054375658771126,0.06390865214828548,0.06390865214828548,5.088928623786858,20.0,-0.0006034443951952884,-1.0392243332948459,0.05758875390700968
2024-05-06,0.05327408352284831,0.06325163997781616,0.06390865214828548,5.315692424566178,25.0,-0.00030493339824693393,-0.5501938005666512,0.06990218663496028
2024-05-07,0.06265779989689448,0.06282300201105553,0.06390865214828548,5.4288440591443035,26.666666666666668,-2.1554664745567203e-05,-0.04060724494828715,0.07116491647173961
2024-05-08,0.06707604191945601,0.06256848801771206,0.06390865214828548,5.153018046891018,20.0,0.00022103405980866879,0.43336021196480984,0.06334375881451826
2024-05-09,0.0634109101975517,0.062316977134198356,0.06390865214828548,5.021653785155085,11.666666666666666,0.00038723737788335836,0.7751658973755023,0.08331691817343012
2024-05-10,0.061777461726843445,0.06199267817998566,0.06390865214828548,5.042125596019228,11.666666666666666,0.000495385982850015,1.0066647059465101,0.10698247112851744
2024-05-13,0.05932821654294074,0.061313530952339226,0.06390865214828548,4.934098796725853,8.333333333333332,0.000489750239116223,0.9945283746317493,0.10836186819310711
2024-05-14,0.060927525992594156,0.06100135344717829,0.06390865214828548,4.53145119283289,1.6666666666666667,0.0002819350712760355,0.580745539646959,0.12385592514603672
2024-05-15,0.06277577212335991,0.06067687229243146,0.06390865214828548,4.345293232518067,1.6666666666666667,8.36852917232955e-06,0.017942063439936474,0.10845804256943081
2024-05-16,0.059141205204042896,0.06009183870070021,0.06390865214828548,4.55028725281892,5.0,-0.000391878805285565,-0.9605565855148007,0.10115325167393752
2024-05-17,0.0635060169578113,0.060249926524647356,0.06390865214828548,5.059276014046959,20.0,-0.0006407168103531917,-1.6857239871476193,0.0999197435639434
2024-05-20,0.05960037499973411,0.060009447791199724,0.06390865214828548,5.229352289729147,30.0,-0.0008348781960552351,-2.3113194189766864,0.10251475115966113
2024-05-21,0.06959104265481006,0.060595548156295045,0.06390865214828548,4.891918029064736,13.333333333333334,-0.0010132618374682908,-2.935204871098729,0.10451694326462557
2024-05-22,0.06846707039289028,0.061241726229640435,0.06390865214828548,5.013779491542345,18.333333333333332,-0.0011582144092318225,-3.4970040936766615,0.09396942474797898
2024-05-23,0.07516084712967096,0.062181104578737545,0.06390865214828548,5.637009071130528,56.666666666666664,-0.0012744402587894297,-3.9560437639805137,0.08426193340122978
2024-05-24,0.07575506937152565,0.06287161195527496,0.06390865214828548,5.15524660398167,33.33333333333333,-0.0013220697127699862,-4.132942970597059,0.07580567361251367
2024-05-27,0.07134067103000909,0.06307833866997678,0.06390865214828548,4.961498892031224,16.666666666666664,-0.0013185535788297624,-4.121445700347783,0.0909487331971719
2024-05-28,0.06814567671665778,0.06304565108721175,0.06390865214828548,4.572843534018532,6.666666666666667,-0.0012833535006558084,-4.017600131539356,0.09086464479387013
2024-05-29,0.07551826539125552,0.06411619775855482,0.06390865214828548,4.837456191930757,15.0,-0.0013711541861406815,-4.3739027960121595,0.08133818143325544
2024-05-30,0.07261422256721667,0.06522219665546194,0.06390865214828548,4.809589651609915,15.0,-0.001425728701278845,-4.58610318010347,0.0859127577985761
2024-05-31,0.07832132968623308,0.06641948020121731,0.06641948020121731,5.057227981154365,30.0,-0.001437932121036008,-4.635991442582609,0.08389719656089167
2024-06-03,0.07152274221741592,0.06733191313594569,0.06641948020121731,5.351284759824138,48.333333333333336,-0.00150080272971668,-4.873507299732032,0.07578278593826271
2024-06-04,0.07752009522463467,0.06807502790233269,0.06641948020121731,5.3627783825539375,50.0,-0.0016662797482882407,-5.535121200021242,0.0916048547976216
2024-06-05,0.0718562799931205,0.06831403980601593,0.06641948020121731,4.636727292788219,8.333333333333332,-0.0018173466567509072,-6.067563554866865,0.07883669933601145
2024-06-06,0.06969745433382324,0.06862836701282951,0.06641948020121731,5.797150993207655,78.33333333333333,-0.002049199021933583,-6.678688428067796,0.07989683482502064
2024-06-07,0.06718794291124855,0.06889889107204976,0.06641948020121731,4.7009522005678175,11.666666666666666,-0.002203289114747959,-7.2226405509417475,0.08415777372206246
2024-06-11,0.061168522660375105,0.06899090637792148,0.06641948020121731,4.128316232429973,1.6666666666666667,-0.002311320964141485,-7.652976560475426,0.08911684317245161
2024-06-12,0.06682400594890982,0.06928573037573725,0.06641948020121731,4.305143220335305,3.3333333333333335,-0.0023478444692681026,-7.808920102479664,0.08387898524320603
2024-06-13,0.07071190634837006,0.06968253708698777,0.06641948020121731,5.013488060295285,31.666666666666664,-0.002346400512569329,-7.802558689518047,0.07768804288022468
2024-06-14,0.06031231951507153,0.06974109280253919,0.06641948020121731,4.761050746767824,21.666666666666668,-0.002358189148927483,-7.853950696730412,0.07507573859045946
2024-06-17,0.06161046048959876,0.06964631497912857,0.06641948020121731,4.320503480393273,5.0,-0.002346996269569728,-7.8113467916262636,0.07624389819640243
2024-06-18,0.07213219341076625,0.07027290589968017,0.06641948020121731,4.884487951980598,28.333333333333332,-0.0022702514994062477,-7.525045364608178,0.08050185409801913
2024-06-19,0.0784079227097447,0.0707137499024269,0.06641948020121731,5.008043773672474,36.666666666666664,-0.0021636376836287672,-7.1506328686146805,0.058279163823470315
2024-06-20,0.08079298257140753,0.07133004551135277,0.06641948020121731,5.381113130625208,65.0,-0.0020492333834582956,-6.825849302122396,0.0444637587078196
2024-06-21,0.07897727048974511,0.07152086667935648,0.06641948020121731,4.584514327584511,13.333333333333334,-0.0019311588157646224,-6.510721016709288,0.06593073025126106
2024-06-24,0.07341118794675998,0.0714036726081182,0.06641948020121731,4.924062872978289,33.33333333333333,-0.001884252661195986,-6.420471762602811,0.04244630584443532
2024-06-25,0.068087701848326,0.07124102414903404,0.06641948020121731,4.368962557132975,8.333333333333332,-0.0018530956710466747,-6.337174385421833,0.03681512761667993
2024-06-26,0.07563768866060469,0.07161562474623138,0.06641948020121731,4.742713814775347,23.333333333333332,-0.0017741921649318366,-6.078012337659035,0.04425548328394835
2024-06-27,0.08523273709589868,0.07210134833146355,0.06641948020121731,5.0828567171423,56.666666666666664,-0.0017424909980507475,-5.963081362787699,0.021957211957041034
2024-06-28,0.07458730490071407,0.07220000244813841,0.06641948020121731,5.044630816424817,51.66666666666667,-0.001663204025881016,-5.715642858672551,0.022243493876692
2024-07-01,0.07418206994094029,0.07199303946087378,0.06641948020121731,4.751063091370893,25.0,-0.0015614886196685328,-5.4269744002985885,0.034723953715347866
2024-07-02,0.07568350616858133,0.07220107765843205,0.06641948020121731,4.66068089462687,20.0,-0.0014297388504343575,-5.06571014875884,0.014768096682723275
2024-07-03,0.08126178536752578,0.07238816216557661,0.06641948020121731,4.490807750789082,10.0,-0.0013012770149671451,-4.751995370337342,-0.0015219144787105288
2024-07-04,0.0775729225946522,0.07267399429565319,0.06641948020121731,4.443397818336904,10.0,-0.0012280354675946999,-4.602153351391271,-0.01439519782235188
2024-07-05,0.06990407048596431,0.07268432510326023,0.06641948020121731,3.9663257566141796,1.6666666666666667,-0.0011685020215781048,-4.430216779054566,-0.007065124329244332
2024-07-08,0.0686108336412652,0.07275546963976107,0.06641948020121731,3.9474054803747443,1.6666666666666667,-0.0011068843268711868,-4.298365351976041,-0.0018903423656692064
2024-07-09,0.06677767312754275,0.07303592716311945,0.06641948020121731,4.799187571565745,38.333333333333336,-0.0010547838507037163,-4.161354330332609,0.03551734558262987
2024-07-10,0.068218798458405,0.0731056667885942,0.06641948020121731,4.400974260544531,13.333333333333334,-0.0010043598542854963,-4.035836066277498,0.018022771676476923
2024-07-11,0.06911205426154422,0.07302567418425292,0.06641948020121731,5.133902392214975,73.33333333333333,-0.0009030807329034278,-3.7401574963477224,0.0391016222476408
2024-07-12,0.06820481682672641,0.07342029904983567,0.06641948020121731,4.442413919051705,15.0,-0.0009540566181097066,-3.970834697389336,0.035118973271624165
2024-07-15,0.06626904942760778,0.07365322849673611,0.06641948020121731,3.829331311654618,1.6666666666666667,-0.0011822926788916924,-5.542702033312925,0.01769412320509889
2024-07-16,0.060828270640842924,0.07308803235823995,0.06641948020121731,3.7163743537667377,1.6666666666666667,-0.0013129029095585018,-6.336921291083865,0.013346174444484049
2024-07-17,0.05810437932041889,0.07207285518877365,0.06641948020121731,3.803010835543749,3.3333333333333335,-0.001478796156025852,-7.399797896438324,0.002554102566727945
2024-07-18,0.06007883098787779,0.07103714760959717,0.06641948020121731,4.03970825327764,10.0,-0.0016615620251725523,-8.679104010605942,0.012671693777310589
2024-07-19,0.06081620222104867,0.07012909419616234,0.06641948020121731,3.9274535748300328,6.666666666666667,-0.001837171275018421,-10.444680288396203,0.016951215093195193
2024-07-22,0.061314446897340426,0.06952425714369137,0.06641948020121731,3.791218882437729,3.3333333333333335,-0.0019314408356354209,-11.541205126809729,0.020274150958651038
2024-07-23,0.06636966251797305,0.06943835517717373,0.06641948020121731,4.197569381482677,16.666666666666664,-0.0019754179426562223,-12.02389324346134,-0.01349907365646763
2024-07-24,0.07041235209894708,0.06917708834909084,0.06641948020121731,4.347861716364535,23.333333333333332,-0.0020205806480254815,-12.476468384522946,-0.03220219424298165
2024-07-25,0.0671583823515974,0.06827337061187577,0.06641948020121731,3.9422043739831,10.0,-0.002054513384319955,-12.94349139233531,-0.021966673676803272
2024-07-26,0.07255511410056238,0.0681717610718682,0.06641948020121731,4.289924948015223,20.0,-0.002028641759728143,-12.617733652800203,-0.02044764461227866
2024-07-29,0.07249741714422281,0.06808752843203232,0.06641948020121731,4.063223452864596,16.666666666666664,-0.001985153658786659,-12.049997065357715,-0.023955483765161878
2024-07-30,0.07567189566273703,0.06808694790674011,0.06641948020121731,4.280603885554355,21.666666666666668,-0.0018953787671648187,-10.995491020205469,-0.02304916767702969
2024-07-31,0.06586548404142537,0.06731713284043508,0.06858565296894562,5.526107149231979,96.66666666666667,-0.001772455205932863,-9.82575746171995,0.017697607384451253
2024-08-01,0.07169129905048288,0.06702305166322661,0.06858565296894562,5.079259739659179,83.33333333333334,-0.0016395160946088398,-8.605554317405002,0.01214721061271784
2024-08-02,0.07406935021467458,0.06723131564966214,0.06858565296894562,4.952460453151234,68.33333333333333,-0.00150701499314717,-7.653291141026234,0.010174021227633112
2024-08-05,0.06727920778033945,0.06716473435661585,0.06858565296894562,5.0810804175838795,83.33333333333334,-0.0014293426616994902,-7.140956758700132,-0.009841323093965237
2024-08-06,0.07033632641679659,0.06734266702107854,0.06858565296894562,4.338500879335013,28.333333333333332,-0.001353590693084185,-6.505953792720511,0.003677041006207027
2024-08-07,0.07521838574625897,0.06769264638547125,0.06858565296894562,4.1394520343356245,20.0,-0.0012488599184239304,-5.793000886215616,-0.012748787485887259
2024-08-08,0.07462448181975213,0.06796826776338163,0.06858565296894562,4.319072793632776,28.333333333333332,-0.0011463307745238193,-5.197964890752706,-0.009459447075250815
2024-08-09,0.07460321050739606,0.0682881874474151,0.06858565296894562,3.9161669233482788,8.333333333333332,-0.0010332841790007298,-4.6272122144282735,-0.010198728977330651
2024-08-12,0.08033972966223785,0.06899172145914662,0.06858565296894562,3.825898112612661,6.666666666666667,-0.0009217824555513915,-4.124856527265979,-0.02491133073561158
2024-08-13,0.07941940100951972,0.06992127797758045,0.06858565296894562,3.6391426039103125,1.6666666666666667,-0.0007971989704674171,-3.553169329946561,-0.02848921273346039
2024-08-14,0.0827120258254636,0.0711516603028327,0.06858565296894562,3.731803579631427,5.0,-0.0006717309339277521,-2.968855613862049,-0.04345679755246823
2024-08-15,0.07914227429924056,0.07210483246840083,0.06858565296894562,4.341687388133624,40.0,-0.0005403778507364602,-2.4046177447033252,-0.033648280985575485
2024-08-16,0.08258876926719498,0.07319346082070814,0.06858565296894562,4.503207441478494,51.66666666666667,-0.0004277195247569042,-1.9211747251262163,-0.04274907861315069
2024-08-19,0.07626809323016753,0.0739411431373495,0.06858565296894562,4.069694937340908,25.0,-0.00033550495146702125,-1.536161498430948,-0.0448477993837374
2024-08-20,0.07142828989477705,0.0741940745061897,0.06858565296894562,3.7452018875702624,6.666666666666667,-0.00026824137785271115,-1.2507346518087255,-0.05553003407965307
2024-08-21,0.07311669830480289,0.07432929181648248,0.06858565296894562,3.4667583319713318,1.6666666666666667,-0.000200166842028437,-0.9492434822038522,-0.05476325653607528
2024-08-22,0.07206248520880892,0.07457449695934307,0.06858565296894562,3.720483630407779,6.666666666666667,-0.00014124522645937205,-0.6866784710084287,-0.05895934587796814
2024-08-23,0.07384469980626718,0.07463897624462831,0.06858565296894562,3.5870381311958335,3.3333333333333335,-0.00010974021868864418,-0.5426218988023318,-0.05974295684922559
2024-08-26,0.06920934770416401,0.07447457277262537,0.06858565296894562,3.3957813480307184,1.6666666666666667,-1.6880144944696258e-05,-0.08828196255933986,-0.039385669713444926
2024-08-27,0.07299568924065925,0.07434076245152146,0.06858565296894562,3.526878472365853,5.0,1.5588616964476243e-05,0.0829083739873421,-0.050313573056260275
2024-08-28,0.07320227889318287,0.07470760219410935,0.06858565296894562,3.486911606176623,5.0,1.988524780129626e-05,0.1058355804928281,-0.04332931447411792
2024-08-29,0.0650430714226769,0.07437519081271905,0.06858565296894562,3.7456453847731237,18.333333333333332,2.0801199168229038e-05,0.11069870803846385,-0.023287282692772138
2024-08-30,0.06021251681401224,0.07368234914268593,0.06858565296894562,4.890117681576928,81.66666666666667,-6.249554316974882e-05,-0.35105938273372705,-0.01284709945473228
2024-09-02,0.06320236240863844,0.07347850687410089,0.06858565296894562,4.099348654872493,40.0,-8.170771320382856e-05,-0.46244309257374056,-0.016302623647040493
2024-09-03,0.06434424035038254,0.07317890257078018,0.06858565296894562,3.4629670718078693,3.3333333333333335,-6.473202239090824e-05,-0.36453740043422067,0.006098030776191976
2024-09-04,0.06566498888558282,0.07270123272774638,0.06858565296894562,3.444196322334132,3.3333333333333335,-1.939817333460457e-05,-0.10908300385121922,-0.0023438176323157256
2024-09-05,0.06707113906208914,0.07232356558986322,0.06858565296894562,3.3217909715862737,1.6666666666666667,5.881212644112812e-05,0.3315670995988554,0.021647348787636522
2024-09-06,0.06978010571870794,0.07208241035042882,0.06858565296894562,3.589875587424825,15.0,9.977921402770383e-05,0.5659417306203248,0.0033868047912908317
2024-09-09,0.05690539870168423,0.07091069380240114,0.06858565296894562,2.847293445405799,1.6666666666666667,0.00015115323437071523,0.8575160469567011,0.009455249146601119
2024-09-10,0.05999026429295447,0.06993923696657288,0.06858565296894562,2.99614667031237,3.3333333333333335,0.00024774430762015243,1.422470851810647,-0.0016844458705052023
2024-09-11,0.05973497207815522,0.06879038427920744,0.06858565296894562,2.8068067474837695,1.6666666666666667,0.0003480194158896456,2.0544347629603372,-0.02195217731576571
2024-09-12,0.06229324964780267,0.06794793304663557,0.06858565296894562,2.9863420679633106,5.0,0.00042638424859889936,2.564657861420774,-0.026737473448755544
2024-09-13,0.060003276763395785,0.0668186584214456,0.06858565296894562,3.0413781777319926,8.333333333333332,0.0004744543874670559,2.9122725118462554,-0.030612836050052605
2024-09-18,0.060125269916365846,0.06601151725575552,0.06858565296894562,2.8358827179007404,3.3333333333333335,0.00042584365985885156,2.5900859791984514,-0.02994633966769511
2024-09-19,0.05227526807958303,0.06505386616499582,0.06858565296894562,3.1040248055129296,11.666666666666666,0.00042217406869880076,2.5667651523037716,-0.03075439844769534
2024-09-20,0.05379018979348749,0.06408754073943004,0.06858565296894562,2.931946330918147,6.666666666666667,0.0004531448258598092,2.797460048829744,-0.02862941084506676
2024-09-23,0.05651401954239758,0.06331011745610948,0.06858565296894562,2.870943054859896,6.666666666666667,0.00047282246023616414,2.9461237357852856,-0.029708062388295486
2024-09-24,0.047626612017211155,0.06199921306665668,0.06858565296894562,4.300405655200229,70.0,0.00047306759132328925,2.948121783645049,0.02793307943025569
2024-09-25,0.05006480614275071,0.06104198598858601,0.06858565296894562,5.251382751805695,98.33333333333333,0.00047039430607343614,2.9263026224765207,0.03603706182734423
2024-09-26,0.04816312223307372,0.05980035763820675,0.06858565296894562,4.950845788695413,90.0,0.0004520718526755751,2.767024651261768,0.06892078609375907
2024-09-27,0.05440771477111213,0.058860629432103205,0.06858565296894562,6.816857481026437,100.0,0.0004257886382883882,2.5593338321411707,0.12669656481472802
2024-09-30,0.054158349711512066,0.05831639334654496,0.058216597374573,11.323914564045735,100.0,0.00040497324442308,2.4331993129933296,0.25608444172819467
2024-10-08,0.05305265441673347,0.05795840022668103,0.058216597374573,13.167464999334207,100.0,0.0004606066415736296,2.750422289290956,0.34941070854221845
2024-10-09,0.04448816156802868,0.05702269018465054,0.058216597374573,9.653753369425734,96.66666666666667,0.00041610281884753845,2.479302942841701,0.25678786810018406
2024-10-10,0.04352664932488308,0.05598181063337556,0.058216597374573,7.004170531894834,95.0,0.00038003889948704493,2.254094034306482,0.24370442169145878
2024-10-11,0.04935862991919007,0.055166492685055926,0.058216597374573,6.067019652456991,91.66666666666666,0.0003069476052808899,1.7972209806673651,0.20229171534455315
2024-10-14,0.042183547391551994,0.05392211310152907,0.058216597374573,5.429048794099972,88.33333333333333,0.00029571299158312426,1.7264030958694,0.24052093556439313
2024-10-15,0.04518262617778975,0.052692239124483155,0.058216597374573,5.640910808351778,90.0,0.00029958172701201,1.7494263083912003,0.21895914748591339
2024-10-16,0.04677910234093454,0.052185924306445676,0.058216597374573,4.956531619071606,80.0,0.0002855431881998833,1.6732158138087967,0.1978556251236001
2024-10-17,0.04756861902598603,0.05156484204309725,0.058216597374573,5.304896246486961,85.0,0.0002719789867785079,1.6021368523900588,0.19536556252497084
2024-10-18,0.042897531859742336,0.05072297003217661,0.058216597374573,6.755629437736524,91.66666666666666,0.0002163915500863249,1.3135472612180732,0.24853143118030596
2024-10-21,0.04518797260077844,0.049867706179825395,0.058216597374573,7.239036182700347,95.0,0.00016364092341515364,1.0427167246828462,0.25658225751165986
2024-10-22,0.048780558620707,0.049306570272690954,0.058216597374573,6.661933094879651,88.33333333333333,0.0001264112087416076,0.8353626464692248,0.26385576995731674
2024-10-23,0.04718514955793998,0.048659564254769666,0.058216597374573,6.444493259204509,86.66666666666667,0.0001086049187155871,0.7275685737159032,0.27613517687881206
2024-10-24,0.04814156658333605,0.04845287917995732,0.058216597374573,5.286270072766763,76.66666666666667,0.00011088089348117655,0.7413944697736204,0.2713869121590744
2024-10-25,0.05106232451581549,0.048316485916073716,0.058216597374573,6.401754892483812,85.0,0.00011874965947695415,0.7870264107667871,0.289943548505992
2024-10-28,0.05234703016426105,0.04810813644716689,0.058216597374573,6.771582547604801,90.0,0.000179904879761246,1.112656692042451,0.2967408732779677
2024-10-29,0.050032294483574435,0.048228420570485056,0.058216597374573,7.123088805804286,93.33333333333333,0.00023054356252449318,1.3766876997989135,0.28975098089371887
2024-10-30,0.04385672416879729,0.04791801647178738,0.058216597374573,5.808285018591772,78.33333333333333,0.00029729545091922074,1.7108832798203737,0.3076246083129488
2024-10-31,0.040391906571587984,0.0475294556887131,0.04677905829397987,6.281347281248766,80.0,0.0004062660331225367,2.2237911510987782,0.3183488158543304
2024-11-01,0.04261596763467855,0.04693986833189141,0.04677905829397987,6.866265903851913,90.0,0.00045589008544824925,2.4976354852392855,0.3195125112247965
2024-11-04,0.0409029242653292,0.046277097059582266,0.04677905829397987,5.07477621257128,63.33333333333333,0.0005393815721661304,2.967386413926337,0.35635059087372745
2024-11-05,0.039046357558814665,0.04557678221668633,0.04677905829397987,6.420136588992047,80.0,0.0006141998012009918,3.387666146694975,0.40863229267977874
2024-11-06,0.041175772181494805,0.04541116274735964,0.04677905829397987,7.298222609905469,95.0,0.0006783690362661932,3.7019350226036773,0.4474008162811649
2024-11-07,0.04106394941787172,0.04528802775200907,0.04677905829397987,7.062925958361687,90.0,0.0007659920741970817,4.235358560227014,0.4572930703443865
2024-11-08,0.042527880321082276,0.04494649027210368,0.04677905829397987,7.652996051724594,95.0,0.0008779013790480585,4.896586932402187,0.44681159665609993
2024-11-11,0.04585551807522633,0.0451300888062874,0.04677905829397987,7.634361343589363,93.33333333333333,0.0010130489299120422,5.570294198872741,0.4657094807975055
2024-11-12,0.04815009572354701,0.04527846228357526,0.04677905829397987,8.071958455859846,95.0,0.001146487678260569,6.220641851885332,0.42567648520300416
2024-11-13,0.04947926539819393,0.04541347043643823,0.04677905829397987,6.593079792850672,73.33333333333333,0.0012618545218089341,6.782793153300673,0.4107922579523826
2024-11-14,0.04744008627565399,0.045407043798921624,0.04677905829397987,5.750248955117818,61.66666666666667,0.0013654910195078792,7.464252616621561,0.3743764063022601
2024-11-15,0.04598302785978445,0.045561318598923733,0.04677905829397987,5.6219391965925105,58.333333333333336,0.0014725755590614094,8.318776714803562,0.3440380122127795
2024-11-18,0.045178634539177184,0.04556085169584367,0.04677905829397987,5.511813676688078,56.666666666666664,0.001525072707332163,8.874289683711691,0.3355360574651083
2024-11-19,0.04483882457495641,0.04536376499355614,0.04677905829397987,4.938763955869887,43.333333333333336,0.0015999735999980395,9.579355243482254,0.3466917842165216
2024-11-20,0.049532889558532814,0.04548115199358578,0.04677905829397987,5.535851877691722,56.666666666666664,0.0016827385186519454,10.135714982598966,0.33637906235470716
2024-11-21,0.05241646706690632,0.045694897017764295,0.04677905829397987,5.729492864322545,60.0,0.001750327924276069,10.515060220576197,0.33336492251605643
2024-11-22,0.05132094747952819,0.04570782816594993,0.04677905829397987,6.168627910419266,65.0,0.0018036137088176065,10.912138656573395,0.2817021596047231
2024-11-25,0.05006518593588164,0.045593735954530965,0.04677905829397987,5.088306735411729,43.333333333333336,0.0018710964563793003,11.129678844601417,0.2820973123128039
2024-11-26,0.05604342076788299,0.04589429226874638,0.04677905829397987,4.921219983688094,35.0,0.0018909571347731772,11.184176645243666,0.27632713391110864
2024-11-27,0.052288070495890175,0.04631585958510103,0.04677905829397987,5.278237627225347,45.0,0.0019229773395082674,11.358269268603134,0.29445757424446994
2024-11-28,0.05439093434628657,0.04701581097383596,0.04677905829397987,5.489244165190375,50.0,0.0019540174062518656,11.455048672723997,0.27820415685635136
2024-11-29,0.052585988891472674,0.047514312036675665,0.04677905829397987,6.050882989262497,61.66666666666667,0.002004654141875752,11.687353061211905,0.29133598087920154
2024-12-02,0.054318421482578545,0.048185086897538136,0.04677905829397987,6.336928195285986,66.66666666666666,0.0020952995357624727,12.19168153243514,0.32448798535162915
2024-12-03,0.05703386629846717,0.04908446233452076,0.04677905829397987,6.265340539338445,63.33333333333333,0.0021903187745627413,12.819644185627753,0.31674556324396175
2024-12-04,0.05891612593606569,0.049971480022249305,0.04677905829397987,6.2655748714030555,63.33333333333333,0.002268153166414602,13.508991818805315,0.29847743010187866
2024-12-05,0.05883747486101794,0.050860156294406614,0.04677905829397987,5.708978427756434,50.0,0.002378425277342541,14.440740812841325,0.30781291326277005
2024-12-06,0.05321074477182512,0.051394299516943756,0.04677905829397987,6.024429575448927,55.00000000000001,0.002460461763728201,15.290227048013216,0.34113255058094527
2024-12-09,0.05810347441218772,0.05200669733379183,0.04677905829397987,6.034753974150903,55.00000000000001,0.0025590253749202705,16.53017410593497,0.32205242620961916
2024-12-10,0.054078395137642656,0.052303112304496614,0.04677905829397987,7.434152926464817,90.0,0.0026200117603829335,17.25257629283955,0.34462323404281303
2024-12-11,0.05507633845327811,0.052582965957250816,0.04677905829397987,6.079207819246279,56.666666666666664,0.0027127165322108414,18.55385742614819,0.35792180805664997
2024-12-12,0.05514373298749035,0.05296814829284263,0.04677905829397987,6.3831228521881895,65.0,0.0028145043476467124,20.612913895617172,0.3637662890217572
2024-12-13,0.04960666438927138,0.05314933011931698,0.04677905829397987,6.382766954298661,63.33333333333333,0.0029150025352833813,22.898515677132696,0.34790445741162723
2024-12-16,0.054603834637123816,0.053620590124214315,0.04677905829397987,5.7719061347571285,43.333333333333336,0.0030113375188541664,25.622169386680152,0.33285565504368764
2024-12-17,0.06047519904067751,0.054402408847500375,0.04677905829397987,5.965240656268349,45.0,0.002987120501942753,24.41682441388289,0.31316252457171156
2024-12-18,0.052005441316254494,0.05452603643538645,0.04677905829397987,4.6985337932708235,8.333333333333332,0.002922528272294155,22.165419532571143,0.324101450099189
2024-12-19,0.04766761125804367,0.05428859364494333,0.04677905829397987,4.5405466897020705,6.666666666666667,0.0028813353778507442,20.779994263799463,0.35107003889269106
2024-12-20,0.05395452437027782,0.0544202724894808,0.04677905829397987,5.256934290553034,20.0,0.002860595541347006,20.34381180515401,0.3492714742392313
2024-12-23,0.05717418560655263,0.054775722473014356,0.04677905829397987,5.803673229787661,41.66666666666667,0.002732996712971848,16.612747991999356,0.32694914886257154
2024-12-24,0.0552324227158774,0.05473517257041407,0.04677905829397987,4.858551586598982,5.0,0.0025681111882736784,13.739654984228979,0.3403216448192885
2024-12-25,0.05395034365981008,0.05481828622861007,0.04677905829397987,4.767703160687795,5.0,0.0023516794398809222,10.849846237772079,0.3118693230765801
2024-12-26,0.051577293217047175,0.0546776041721481,0.04677905829397987,4.443086263396052,1.6666666666666667,0.0021326644475233667,9.242265359857353,0.32206089169264795
2024-12-27,0.04802869062369058,0.05444973925875899,0.04677905829397987,4.504859875637316,3.3333333333333335,0.001932012589349603,8.102076272916563,0.33889084782913814
2024-12-30,0.04761136969703794,0.05411438666948196,0.04677905829397987,4.151603863306498,1.6666666666666667,0.001749736758080714,6.896885368874227,0.3432621157384137
2024-12-31,0.04673273007411832,0.05359932985826452,0.053788131133924375,4.282141693996582,3.3333333333333335,0.0016057570703064677,5.962159047814624,0.3132928522330969
2025-01-02,0.04432372799455829,0.05286970996118916,0.053788131133924375,4.3492264038672195,5.0,0.0014197031924680832,5.126345163758387,0.28726530888887636
2025-01-03,0.050372485104525015,0.0524464604733645,0.053788131133924375,4.618746143762066,11.666666666666666,0.0011709128204634438,4.017171452903397,0.2611364132319829
2025-01-06,0.04887598319069972,0.05222972239430823,0.053788131133924375,3.848884684707336,1.6666666666666667,0.000887618111146645,2.9580753978393086,0.27773771694768046
2025-01-07,0.049370649987665174,0.05179308117308211,0.053788131133924375,3.931504044107533,3.3333333333333335,0.0006656753976747461,2.2124727689144645,0.28416592648258154
2025-01-08,0.04768051825646985,0.051473187329023465,0.053788131133924375,4.294287248915834,8.333333333333332,0.00046613620733609406,1.5441683754817435,0.2852750254627059
2025-01-09,0.047866159654302735,0.0511126783890747,0.053788131133924375,3.7653715418791585,1.6666666666666667,0.00029531756339344346,0.9796437927693266,0.28320814617971446
2025-01-10,0.053545740018588174,0.05103277874062959,0.053788131133924375,4.346735049667975,11.666666666666666,0.00010532080408286626,0.34670127040989374,0.27638622219720355
2025-01-13,0.05059386290978201,0.05108213866665512,0.053788131133924375,3.6024875601446524,1.6666666666666667,-8.426011991991147e-05,-0.2791346309744402,0.27274298887717974
2025-01-14,0.049219533757374166,0.050812923622667636,0.053788131133924375,4.801720049132952,26.666666666666668,-0.00020910439613206218,-0.7005079310866953,0.2940001266999295
2025-01-15,0.05048820082371431,0.05031357371181948,0.053788131133924375,4.2589923076522656,10.0,-0.0003248131598581821,-1.1020661102584828,0.27146483414127487
2025-01-16,0.04949248388994896,0.0501879258405042,0.053788131133924375,4.411747634521074,18.333333333333332,-0.00044353996009373445,-1.5337768235500073,0.2814678188468154
2025-01-17,0.04817616472415872,0.050213353513809955,0.053788131133924375,3.839374357794046,5.0,-0.0005563671942094419,-1.954167793144292,0.29302106215153656
2025-01-20,0.05207122914795593,0.050119188752693854,0.053788131133924375,4.315942449879493,16.666666666666664,-0.000627599623921962,-2.2276095188657754,0.31045598191854773
2025-01-21,0.050299968436260736,0.049775477894179264,0.053788131133924375,4.169951878682778,11.666666666666666,-0.0006696772704854887,-2.3829182479813555,0.3333165936843214
2025-01-22,0.05071323041610399,0.04954951827919059,0.053788131133924375,3.898805612736735,8.333333333333332,-0.0007382127501700864,-2.6493755922181297,0.3562752772026241
2025-01-23,0.04958812655418126,0.04933140742390916,0.053788131133924375,4.474219811696725,28.333333333333332,-0.0008047765399931641,-2.9116358884813764,0.3473820288677891
2025-01-24,0.049258704228503654,0.04921547797448198,0.053788131133924375,4.088697736006399,11.666666666666666,-0.0008423179283118362,-3.0581132361391106,0.3691994382403676
2025-01-27,0.051386898602041084,0.0493833883733995,0.053788131133924375,3.9871055306150365,11.666666666666666,-0.00095614816411144,-3.5734483752719988,0.3374544374536621
2025-02-05,0.045582174839581525,0.049281928630526675,0.053788131133924375,3.99854798369807,13.333333333333334,-0.0010167670217367825,-3.877761337392532,0.3480107191878572
2025-02-06,0.046273142079740585,0.0492589492308078,0.053788131133924375,4.754939316910476,41.66666666666667,-0.0010646424208803683,-4.136409701073914,0.3834906098169639
2025-02-07,0.04463798755743793,0.049274662208951776,0.053788131133924375,5.733963942116705,66.66666666666666,-0.001102003989117377,-4.33689908513985,0.40499533947107724
2025-02-10,0.04787810571922987,0.049149943239687015,0.053788131133924375,5.210265615920128,53.333333333333336,-0.0011248803084371935,-4.475516629339246,0.4542389766750832
2025-02-11,0.04809797061191379,0.049111042610747724,0.053788131133924375,4.936231930766787,50.0,-0.001121274614018633,-4.454349666061852,0.4452164888676797
2025-02-12,0.04397953603137706,0.048841486912933316,0.053788131133924375,4.666696745509585,40.0,-0.0010901164213119607,-4.291098529103095,0.4796775208516284
2025-02-13,0.03963750628570979,0.048439336314395315,0.053788131133924375,4.5859376334057655,38.333333333333336,-0.001069181454882118,-4.189864169773046,0.5421177165745479
2025-02-14,0.041555645553645854,0.04812381060936247,0.053788131133924375,4.510363841967043,36.666666666666664,-0.0010589562619338193,-4.1417615712554445,0.5279773304919722
2025-02-17,0.044032843162647335,0.04764816576656543,0.053788131133924375,5.30456879852325,65.0,-0.0010440854518011238,-4.064553106149419,0.5071647025225079
2025-02-18,0.048288363741513504,0.047532890808152,0.053788131133924375,5.436125488379809,66.66666666666666,-0.0010593334663641337,-4.1401828690969085,0.4391154321807751
2025-02-19,0.04683484725185937,0.047413656482876265,0.053788131133924375,5.092510632789276,60.0,-0.0010915461391071942,-4.32934551188432,0.4779620150253834
2025-02-20,0.05057315603871027,0.04741790424362606,0.053788131133924375,5.413205031950877,66.66666666666666,-0.0010689469542632401,-4.19851073378564,0.511173642640679
2025-02-21,0.043641361732998464,0.04712534813577854,0.053788131133924375,5.862714666462555,80.0,-0.0010272118362349713,-3.987850892722234,0.5724497200513976
2025-02-24,0.04585560223105214,0.04700932001112321,0.053788131133924375,5.807678242681062,78.33333333333333,-0.0009670846497173,-3.694991464000435,0.6087392856686638
2025-02-25,0.045191074717888614,0.04666531228961984,0.053788131133924375,5.303347180864494,65.0,-0.0009073571542500739,-3.4018664224460666,0.5976460818114997
2025-02-26,0.04815675620269568,0.04655815167794159,0.053788131133924375,5.689481277653736,71.66666666666667,-0.000798372626536555,-2.9311252965339207,0.6577486258612883
2025-02-27,0.048552194098666,0.04645009986206969,0.053788131133924375,5.921293007358542,81.66666666666667,-0.0007106834465987519,-2.568143947620025,0.6896382142402331
2025-02-28,0.049157020750021076,0.04642854457186168,0.04599584936703827,5.61974294969601,68.33333333333333,-0.0006521766654342586,-2.3381154633600896,0.524134340262107
2025-03-03,0.05134409676179783,0.04653281419852638,0.04599584936703827,5.169444035984612,56.666666666666664,-0.0005602341161011726,-1.9910769779862048,0.4398890591359075
2025-03-04,0.052016169327957704,0.04656427773482222,0.04599584936703827,4.616084629033,41.66666666666667,-0.00043796892675246855,-1.5348476795007349,0.4411082497496712
2025-03-05,0.052565027127029464,0.046913420349194615,0.04599584936703827,4.889144134359994,55.00000000000001,-0.00030371987517395293,-1.060507410882002,0.44670393713712664
2025-03-06,0.0499570790940457,0.04709761719990987,0.04599584936703827,5.874935901464795,85.0,-0.00016103959952294626,-0.5622417184682582,0.47048784487249273
2025-03-07,0.05230254823714061,0.04748084523389501,0.04599584936703827,5.764760552337889,78.33333333333333,-3.449091559906971e-05,-0.12044858931167143,0.4627679757900165
2025-03-10,0.056590379786273494,0.047916458937247185,0.04599584936703827,5.218433732934722,63.33333333333333,0.00014351132800380955,0.5055134487233028,0.45218810847735535
2025-03-11,0.057767550865251066,0.048399937949914054,0.04599584936703827,5.2056796124709654,61.66666666666667,0.00030976748206791653,1.1008360107450958,0.453758403697627
2025-03-12,0.05582388710378216,0.04899215550353431,0.04599584936703827,5.639321869171312,76.66666666666667,0.0005003456112716542,1.806104639081529,0.45331028181506006
2025-03-13,0.05784838586001321,0.04990269948224947,0.04599584936703827,5.600818519433731,75.0,0.000673221426192849,2.4928706071248916,0.41159295821774866
2025-03-14,0.05282704110299349,0.05046626925971685,0.04599584936703827,5.709696352335032,81.66666666666667,0.0008521278273706494,3.3179855243379213,0.47085399688698826
2025-03-17,0.058462515141977305,0.05118775285868336,0.04599584936703827,5.460007382966028,75.0,0.0010487264302936055,4.350174752154177,0.4279629864107326
2025-03-18,0.06104431035676943,0.05182555018944616,0.04599584936703827,5.444520759234924,75.0,0.0012653235094796061,5.797263943633151,0.4252759038402334
2025-03-19,0.06172240338323713,0.052569927996015044,0.04599584936703827,5.366307597095376,71.66666666666667,0.0014782765085689954,7.949853033465137,0.4152998708437099
2025-03-20,0.06494096738955693,0.05328831856355738,0.04599584936703827,5.555706592482023,80.0,0.0016197809174042985,9.322909032882212,0.41528444398520326
2025-03-21,0.06316636844184231,0.054264568898999575,0.04599584936703827,5.92446664547709,100.0,0.0017493444389528046,10.945708188423394,0.39528414598450645
2025-03-24,0.06827195428998414,0.055385386501946174,0.04599584936703827,6.232254132335111,100.0,0.0018177571715974777,12.4332391128868,0.4138574960410617
2025-03-25,0.06339480653229805,0.05629557309266664,0.04599584936703827,5.020825866979776,55.00000000000001,0.001918549600133209,16.59342815080145,0.3895797251941502
2025-03-26,0.06911797200480117,0.057343633882771916,0.04599584936703827,4.995890459999984,55.00000000000001,0.0019536477134561208,17.751477362229107,0.36657858013093403
2025-03-27,0.06713940903054866,0.05827299462936605,0.04599584936703827,5.052877977043536,56.666666666666664,0.0019557955230835736,17.833882041830527,0.37304382344362286
2025-03-28,0.06622071260174123,0.059126179221952055,0.04599584936703827,4.715004035681047,45.0,0.0018847751605203522,15.774505272325294,0.3656296276735129
2025-03-31,0.06216985150227704,0.059667466958976026,0.05927111599720563,4.92432222584942,50.0,0.0018373953192460971,14.439511492588043,0.3577441341223422
2025-04-01,0.06653380292877684,0.06039334863901698,0.05927111599720563,4.804000979424811,46.666666666666664,0.0018299546149376832,14.262759709366431,0.3505436964833726
2025-04-02,0.07010637614654268,0.06127041608999263,0.05927111599720563,4.265080253844294,20.0,0.001793796835736582,13.653301269198286,0.33380291969878706
2025-04-03,0.06395989308034658,0.06197055678930767,0.05927111599720563,4.585448136000596,33.33333333333333,0.0017426857176751423,12.947818588037771,0.3338045169740196
2025-04-07,0.05407963293078936,0.06205941102399011,0.05927111599720563,6.11217788682998,98.33333333333333,0.0015777670142532185,9.255859832693877,0.20303899360215705
2025-04-08,0.05110478040138591,0.061785131054745736,0.05927111599720563,6.102465330646877,96.66666666666667,0.0013390354403618433,6.699347782353452,0.218231031376942
2025-04-09,0.05165998704445979,0.06147975286370616,0.05927111599720563,6.452937128794451,100.0,0.001119623686136711,5.247581907630874,0.26281579611058725
2025-04-10,0.05146061619176566,0.06126158931810534,0.05927111599720563,5.695526912017983,80.0,0.0009729214130091122,4.40384430730738,0.3088600000831012
2025-04-11,0.052923407426739615,0.061015340396441665,0.05927111599720563,4.797183882013285,36.666666666666664,0.0008315186564679177,3.6823572133623337,0.32022981145136287
2025-04-14,0.05529655688300015,0.061138816185442,0.05927111599720563,4.640287031417746,30.0,0.0007321681124395976,3.2277668601107887,0.3640398558453455
2025-04-15,0.06062322076430548,0.06124685146655841,0.05927111599720563,4.359904324566334,18.333333333333332,0.0006057647534399122,2.7119363233211122,0.34062549413205634
2025-04-16,0.06117250818453205,0.06125326135794653,0.05927111599720563,4.692271651753148,31.666666666666664,0.0004528482469571303,2.032662418811554,0.31401219145614334
2025-04-17,0.06564298419737977,0.06144929039865367,0.05927111599720563,4.519672620094677,23.333333333333332,0.0003536145637739588,1.583881420258063,0.28605339529458584
2025-04-18,0.07137025147241984,0.06177075460279682,0.05927111599720563,4.515718352642415,21.666666666666668,0.00025003056605073237,1.1171956876733302,0.2916940070753351
2025-04-21,0.06475468270208454,0.06185017031580892,0.05927111599720563,4.524525225425726,23.333333333333332,0.0001711396947107004,0.7685783235257151,0.3122805067172503
2025-04-22,0.06388546828254182,0.0616308460154368,0.05927111599720563,4.629208256371597,28.333333333333332,8.830324622420052e-05,0.4014736047342062,0.3268171198720564
2025-04-23,0.0650950934310366,0.06171586036037373,0.05927111599720563,5.340496464927035,61.66666666666667,3.846840030142699e-05,0.1764181993261505,0.31832691733961593
2025-04-24,0.07021079868448393,0.06177050169435787,0.05927111599720563,5.240521494485621,56.666666666666664,-3.716810958051441e-05,-0.1727785037044269,0.3282884776398247
2025-04-25,0.06938736051292158,0.061882899268476524,0.05927111599720563,5.094258977281217,48.333333333333336,-0.00011641004967264179,-0.5506357111058701,0.3267122599097778
2025-04-28,0.07173143968005803,0.06215843562239236,0.05927111599720563,5.0374892002816924,43.333333333333336,-0.00022274186144904498,-1.0756855545229524,0.3260523677338385
2025-04-29,0.07325737179233596,0.06271281163689531,0.05927111599720563,4.988396841713046,38.333333333333336,-0.0002998710453925533,-1.485313261763811,0.3120781381502631
2025-04-30,0.06508691530751157,0.06264046725583204,0.06282586419263894,5.027469662870533,41.66666666666667,-0.00036679564541959245,-1.8794207992278176,0.3560065541069206
2025-05-06,0.06396377943691792,0.06233333742035081,0.06282586419263894,5.554373397090645,70.0,-0.00036604436045672615,-1.8748264756505097,0.34377480805738525
2025-05-07,0.06580623906143483,0.06242565471940522,0.06282586419263894,6.112251717911647,96.66666666666667,-0.00034975801685733143,-1.7771207583888398,0.3435671205622004
2025-05-08,0.06882919126651589,0.06316313263619154,0.06282586419263894,5.578725213289144,71.66666666666667,-0.0003253738789680083,-1.6299501514459191,0.3579375551636568
2025-05-09,0.07045690974216237,0.06413073910323036,0.06282586419263894,5.216825801444124,50.0,-0.0002869948552126381,-1.4174489204587961,0.35776815771793546
2025-05-12,0.06419810238255512,0.06475764487013515,0.06282586419263894,5.175476160174614,46.666666666666664,-0.00024290558777466457,-1.1814781448749725,0.39049840148486914
2025-05-13,0.06463411635745434,0.06541631987841957,0.06282586419263894,5.146647252434609,43.333333333333336,-0.00021796700979742254,-1.0516710633812556,0.3731771700722719
2025-05-14,0.06111724776031605,0.06582601189509839,0.06282586419263894,4.974670974121374,28.333333333333332,-0.00023683679503403669,-1.1491862028715525,0.3782918848105321
2025-05-15,0.06861391160494151,0.06649187963119546,0.06282586419263894,4.90884209854914,25.0,-0.00025403073762712256,-1.241195224922604,0.32985114259339987
2025-05-16,0.07479913043337329,0.06720067511464886,0.06282586419263894,5.112536871462476,43.333333333333336,-0.00022871390603461202,-1.1072179028511682,0.30415679244521887
2025-05-19,0.07691996708052594,0.06798804805944855,0.06282586419263894,5.189366532670621,50.0,-0.00020931601208060233,-1.0027067657650723,0.31424525664745695
2025-05-20,0.07668857561365586,0.06854032763026235,0.06282586419263894,5.5498089070413625,66.66666666666666,-0.00015285743550902305,-0.7136319493319837,0.29946162720281655
2025-05-21,0.07496173385580424,0.06871990174943157,0.06282586419263894,5.4331047128414385,61.66666666666667,-9.589147189681842e-05,-0.4411532952026852,0.302206090552253
2025-05-22,0.07756113831849629,0.06936022453025216,0.06282586419263894,5.326377128946419,58.333333333333336,-7.994449878461755e-05,-0.36654953751946234,0.3059935267302658
2025-05-23,0.07531827736632157,0.06993186498444115,0.06282586419263894,5.442597744860289,65.0,-5.573171957690261e-05,-0.25453523159970154,0.271656686950029
2025-05-26,0.07360234352983884,0.07035722748938125,0.06282586419263894,4.608957015862643,11.666666666666666,9.55280150407269e-06,0.04310429278503833,0.28027471390930536
2025-05-27,0.07671540813385122,0.07068245796184962,0.06282586419263894,4.6927302252205125,20.0,9.507818018761671e-05,0.4220291347144541,0.28335105880557854
2025-05-28,0.07536345341233602,0.07098126260682033,0.06282586419263894,4.711480557728259,21.666666666666668,0.0001663845412202071,0.7299110663187475,0.2810185651452588
2025-05-29,0.0740149623330169,0.07109543873946829,0.06282586419263894,5.335776845448384,63.33333333333333,0.0002329864225936389,1.0043680801833808,0.3127114141227203
2025-05-30,0.07300464649220303,0.07108280247446164,0.06282586419263894,5.078691851548755,45.0,0.0002900475394217616,1.2402614198321298,0.30677931263958236
2025-06-03,0.06648630137226408,0.07115277177769927,0.06282586419263894,4.598717480897903,11.666666666666666,0.00038009183551023477,1.615584636774063,0.2961919421605732
2025-06-04,0.06974773964365348,0.07144196978803605,0.06282586419263894,4.812018251147074,28.333333333333332,0.00047061222952304323,1.9830971605730343,0.29877001923236746
2025-06-05,0.0685911202949494,0.07158121384971176,0.06282586419263894,5.275203531235457,61.66666666666667,0.000562758739595013,2.360220347511031,0.31640345448084317
2025-06-06,0.07270935994675078,0.07177522228372352,0.06282586419263894,4.946828334836983,33.33333333333333,0.0006606878078430884,2.7545247836487774,0.3170808397824163
2025-06-09,0.0695302430232381,0.0717288889477773,0.06282586419263894,5.234136014884307,60.0,0.0007960870763463053,3.3132469378562863,0.3533485133725143
2025-06-10,0.071936746003702,0.07211582112883465,0.06282586419263894,6.006038232162303,91.66666666666666,0.0009235866232420535,3.87004204412694,0.35457814171758306
2025-06-11,0.06912734035454345,0.0723404823286891,0.06282586419263894,5.110977172399128,50.0,0.001062504518277453,4.543515920605335,0.3481074377872755
2025-06-12,0.06993439513876523,0.07278133969761155,0.06282586419263894,5.281183752268698,65.0,0.0011936183429112348,5.190966535984512,0.36375829104222257
2025-06-13,0.06502660064199738,0.07260197414946436,0.06282586419263894,5.738024025980164,88.33333333333333,0.0012858413201078276,5.698849214486871,0.346638124762354
2025-06-16,0.06566856840840679,0.07214544604821602,0.06282586419263894,4.781432119131555,25.0,0.001407428874716807,6.436834170216076,0.358112970128055
2025-06-17,0.06795929549697895,0.07169741246903868,0.06282586419263894,4.855823870843054,31.666666666666664,0.0015298020515674548,7.323005153165965,0.35416517535894987
2025-06-18,0.06438170385278845,0.0710820688809953,0.06282586419263894,4.5960083069924975,11.666666666666666,0.0016313111756011555,8.172241445227714,0.36182115744029875
2025-06-19,0.06848338325775648,0.07075815135109292,0.06282586419263894,5.122290114746401,58.333333333333336,0.0017278318097965913,9.285316677429321,0.3283613661677851
2025-06-20,0.07151203868280719,0.07045569636930847,0.06282586419263894,4.5996566617500525,15.0,0.0018049744412824025,10.423665846935778,0.33563282537641115
2025-06-23,0.06757012962543717,0.07006828898226425,0.06282586419263894,4.539916851202959,10.0,0.001847733202594393,10.916085563616955,0.3564704138616892
2025-06-24,0.06843902354374336,0.06981012298295948,0.06282586419263894,5.649445832884861,88.33333333333333,0.001899245075742338,11.469608245346036,0.3836290886123579
2025-06-25,0.06139746135687745,0.0690442256441108,0.06282586419263894,5.697552197652045,90.0,0.001965531994488251,12.54618266796376,0.40454880430553475
2025-06-26,0.06207889957933517,0.06837999795246075,0.06282586419263894,5.559122417085675,83.33333333333334,0.0020126952825242927,13.335042526930067,0.39458662250549503
2025-06-27,0.06326206072896631,0.0678423528722582,0.06282586419263894,5.518023514373996,78.33333333333333,0.0020532430565775106,13.884781871481835,0.41101800142070877
2025-06-30,0.06547024269849021,0.06746563268257258,0.06746563268257258,5.522483451125904,78.33333333333333,0.002106073851703632,14.534494347504147,0.41839690947389574
2025-07-01,0.07142942239417031,0.06771278873366789,0.06746563268257258,5.897618905921174,91.66666666666666,0.0021834089224806543,15.86020897885274,0.42465049831692236
2025-07-02,0.07347235721513612,0.06789901961224201,0.06746563268257258,5.8118729708127015,90.0,0.0022574932304077733,17.580904759167584,0.40820918463030487
2025-07-03,0.07344900746723577,0.06814191397085634,0.06746563268257258,5.442357082733562,70.0,0.0023277447701470218,19.690830113535988,0.43230466528143774
2025-07-04,0.06884569509815466,0.06794873072842653,0.06746563268257258,5.518359934577279,75.0,0.0022314240343773344,18.96192375712416,0.45042682741313556
2025-07-07,0.07211557039850018,0.06807799709718963,0.06746563268257258,4.91175102387773,33.33333333333333,0.0021351942102523294,19.501330977174792,0.44551782137137774
2025-07-08,0.07052482674819051,0.06800740113441406,0.06746563268257258,5.766201280356621,93.33333333333333,0.002062074460119528,19.685146340855482,0.49655811941332795
2025-07-09,0.07070024265119154,0.06808604624924645,0.06746563268257258,6.0102276785149735,98.33333333333333,0.002013539485156304,19.43257616721786,0.5038208018616854
2025-07-10,0.06673168180742232,0.06792591058267931,0.06746563268257258,5.567463890067986,83.33333333333334,0.0019539198504942524,18.910919215370114,0.4896753406878134
2025-07-11,0.05392505215285171,0.06737083315822204,0.06746563268257258,5.158016333345564,50.0,0.0019159332645211525,18.23813839638629,0.5287684218365434
2025-07-14,0.06297895831199846,0.06723635265340162,0.06746563268257258,5.092010279311826,40.0,0.0018941780068459603,17.93156172431155,0.5226392242263567
2025-07-15,0.06077380200355929,0.06687707797873063,0.06746563268257258,5.462369781111435,71.66666666666667,0.0018121848122596366,17.227115202509076,0.5037388363076862
2025-07-16,0.06123377082980532,0.06671968132758146,0.06746563268257258,4.829575537293858,21.666666666666668,0.0017572093117176877,16.87835277129364,0.5196542483175495
2025-07-17,0.058172518910859186,0.06620413811023661,0.06746563268257258,4.865187280011271,23.333333333333332,0.0016877698029926233,16.66584911495834,0.5481971319048855
2025-07-18,0.060311036340009935,0.06564408799309675,0.06746563268257258,5.080603126618727,36.666666666666664,0.0016288423595666555,16.171070985057696,0.5771053168291722
2025-07-21,0.06177586063449828,0.0653543745435498,0.06746563268257258,5.7112232852880265,88.33333333333333,0.0015811602530767894,15.886755366735033,0.5826586201121391
2025-07-22,0.05834906073646185,0.06484987640318572,0.06746563268257258,5.947441289175863,95.0,0.0015285251040149433,15.159501971626147,0.6236163451212753
2025-07-23,0.05669742231251847,0.06461487445096778,0.06746563268257258,5.723811326765128,86.66666666666667,0.001444801067629811,14.250026868854667,0.5882936062444595
2025-07-24,0.05452364305105217,0.06423711162455363,0.06746563268257258,5.432595309825093,60.0,0.00135898652492136,13.557455379525146,0.6240161869070437
2025-07-25,0.05872574266292456,0.06401029572125154,0.06746563268257258,5.591424432318232,80.0,0.0012629192079309872,13.941729594508406,0.5941125449720754
2025-07-28,0.05931004954770824,0.06370228606371245,0.06746563268257258,5.532914956570954,70.0,0.0011968565824898943,14.19464338414997,0.6067676634621875
2025-07-29,0.05802271942864916,0.06303195091543638,0.06746563268257258,5.616479011834599,80.0,0.0011367706386072366,13.985165831410141,0.6268087246721215
2025-07-30,0.05726759132287361,0.06222171262082325,0.06746563268257258,5.663257809734205,81.66666666666667,0.0010987906826562866,13.348033214490714,0.6114278892764784
2025-07-31,0.05689826957765796,0.06139417572634437,0.06287975224362738,5.8414138907736,93.33333333333333,0.0010770452942233662,13.069557023550592,0.6025537214570174
2025-08-01,0.06389082321953875,0.061146432132413574,0.06287975224362738,5.424316433459549,55.00000000000001,0.0010952591377890693,13.254337089847938,0.5922492133574648
2025-08-04,0.06825572868109396,0.06095344004654326,0.06287975224362738,5.4027785645130795,53.333333333333336,0.0011145027668522467,13.259810744702433,0.6065432272596376
2025-08-05,0.07065816103157707,0.06096010676071258,0.06287975224362738,5.926664021911276,95.0,0.0011376845023265672,13.2869784449242,0.619210978759049
2025-08-06,0.06966225831531106,0.06090820754391857,0.06287975224362738,6.281430311785066,100.0,0.0011535482699778366,13.242142313350888,0.6826295698800648
2025-08-07,0.06573723107644618,0.06085848500736977,0.06287975224362738,6.180377412110363,98.33333333333333,0.0011395146604895761,13.383973940763036,0.6970487431400867
2025-08-08,0.06919456121202579,0.06162196046032846,0.06287975224362738,6.0402594185120195,96.66666666666667,0.0011403281038054383,13.376660110115633,0.6942367176235342
2025-08-11,0.0693751155936411,0.0619417683244106,0.06287975224362738,6.4246409220504574,100.0,0.0011701056390843593,13.156763030905024,0.6868800773249257
2025-08-12,0.06355599238178232,0.062080877843321745,0.06287975224362738,6.050756838580128,95.0,0.0012038276660664804,13.310657432494601,0.7037514939972527
2025-08-13,0.057023362805903394,0.061870357442126656,0.06287975224362738,6.2484324402881395,96.66666666666667,0.0012344684119905331,13.701257286972002,0.7311415871616129
2025-08-14,0.05675972402253656,0.06179971769771052,0.06287975224362738,6.663360547507182,100.0,0.00120235944913484,13.122365194098473,0.64482737238392
2025-08-15,0.05286253819434308,0.061427292790427176,0.06287975224362738,6.087924835444196,91.66666666666666,0.001155873467274761,12.803925795411887,0.6918932992209104
2025-08-18,0.05227156094187085,0.06095207780579581,0.06287975224362738,7.2869021520819715,100.0,0.0011107501704434952,12.6412222874366,0.740631583321778
2025-08-19,0.05082917605872982,0.06057608357190921,0.06287975224362738,6.626316595415119,96.66666666666667,0.001108732805385998,12.631454989173172,0.7723494135302207
2025-08-20,0.0513773612027392,0.06031008051642024,0.06287975224362738,6.094815056162903,88.33333333333333,0.0011102581094727662,12.649800186202869,0.7702552698759109
2025-08-21,0.05409782922655737,0.0602887898251955,0.06287975224362738,6.405013079252967,93.33333333333333,0.0010961252897851016,12.477495636701116,0.76353357501703
2025-08-22,0.04788202345223317,0.05974660386466093,0.06287975224362738,5.94711640485184,75.0,0.0010613314357032682,11.598083383479999,0.7932906872954477
2025-08-25,0.04424570492374391,0.05899338663346271,0.06287975224362738,6.801079690147162,98.33333333333333,0.000979349348291426,9.7856568593536,0.8409532424777184
2025-08-26,0.050812561321766814,0.0586328787281186,0.06287975224362738,6.618610751291271,93.33333333333333,0.0009229213780606964,8.859147359599167,0.8465820202500596
2025-08-27,0.048810306856963255,0.058210014504823084,0.06287975224362738,7.6592712861602195,100.0,0.0008469935365113719,7.472530834427368,0.8128701655911499
2025-08-28,0.04785953649939568,0.05775807785090996,0.06287975224362738,7.284572550881421,96.66666666666667,0.0007386297729723914,5.745411790420864,0.8778257807409482
2025-08-29,0.0387801609547998,0.05650254473767301,0.06287975224362738,5.455925013021523,33.33333333333333,0.000616477384599155,4.183806649533487,0.8740367680315002
2025-09-01,0.040131310656050245,0.05509632383642084,0.06287975224362738,5.555088849769193,41.66666666666667,0.0005212267484042051,3.247482459333317,0.9030275701393824
2025-09-02,0.04094071335587399,0.053610451452635675,0.06287975224362738,6.01031065164716,73.33333333333333,0.0004085488111944588,2.3448454991726626,0.858248986806003
2025-09-03,0.03902327878973284,0.05207850247635677,0.06287975224362738,4.720174324233085,6.666666666666667,0.0002708212929886265,1.4162869666505071,0.8656146987946571
2025-09-04,0.039885529866403105,0.05078591741585461,0.06287975224362738,5.246695320645813,23.333333333333332,0.00017732154337584254,0.891584475832891,0.8253403223197462
2025-09-05,0.041158087478446494,0.04938409372917565,0.06287975224362738,4.932581752771512,16.666666666666664,6.121436877348809e-05,0.29888834183048496,0.9064054445147871
2025-09-08,0.04232506878160022,0.0480315913885736,0.06287975224362738,5.195919726975262,23.333333333333332,-1.3273534308816434e-05,-0.06403280233216908,0.9263783678822994
2025-09-09,0.04459395655913158,0.04708348959744107,0.06287975224362738,4.747719720719033,8.333333333333332,-9.471286100770237e-05,-0.4524556845190682,0.9059247409810711
2025-09-10,0.04573526829797134,0.04651908487204447,0.06287975224362738,4.5176926787452,1.6666666666666667,-0.00018148297647601998,-0.8638763760486687,0.9276051067718494
2025-09-11,0.04116450475536171,0.04573932390868572,0.06287975224362738,5.018658097862499,16.666666666666664,-0.00031026876433517023,-1.4768902947553564,0.9785252096162473
2025-09-12,0.037881217673895344,0.04499025788266334,0.06287975224362738,4.739672192713109,6.666666666666667,-0.00045007007371069364,-2.178306010511824,0.9602633427097254
2025-09-15,0.03724627860324021,0.0442389937657318,0.06287975224362738,4.246823317175958,1.6666666666666667,-0.0005683493110162833,-2.7590403706815803,0.9231482024369311
2025-09-16,0.04159629738516993,0.043777349832053815,0.06287975224362738,4.817821947568801,10.0,-0.0006398001515895981,-3.126960850285502,0.976901813835984
2025-09-17,0.04069598861938635,0.04324328120288616,0.06287975224362738,4.761263796963343,10.0,-0.0007380828493667958,-3.661628661340529,0.9743455429608991
2025-09-18,0.03794343231840297,0.04243556135747845,0.06287975224362738,5.8918987326469505,63.33333333333333,-0.000844947859393793,-4.250135438691889,0.9641398433551196
2025-09-19,0.03961443449105039,0.04202218190941931,0.06287975224362738,4.606943135465063,5.0,-0.0009403449239046483,-4.739357425082662,0.9480023868252114
2025-09-22,0.03726251432704218,0.04167302237958422,0.06287975224362738,3.9733544011687627,1.6666666666666667,-0.0010242079671997615,-5.129172573113425,0.9904135667270675
2025-09-23,0.039060731070680914,0.041085430867029926,0.06287975224362738,5.068505962316583,25.0,-0.0011222212598728126,-5.540855330389537,0.9914621913845598
2025-09-24,0.03743982036056573,0.04051690654221005,0.06287975224362738,4.405359274009243,5.0,-0.001209698913500912,-5.956351175788779,1.0308853814145418
2025-09-25,0.03665989459171111,0.039956924446825824,0.06287975224362738,4.347972692934478,5.0,-0.0013165696574873635,-6.419842211735465,1.032519541891809
2025-09-26,0.03884823039002526,0.0399603279185871,0.06287975224362738,4.163023809238178,3.3333333333333335,-0.0014348484673451707,-7.093189581819207,1.0128885942954131
2025-09-29,0.03814321677737993,0.03986092322465358,0.06287975224362738,4.105173630698118,3.3333333333333335,-0.00153512812564511,-7.593334496850011,1.0643191725648338
2025-09-30,0.03577949190586147,0.03960286215215295,0.0396876939570447,3.8370864485531317,1.6666666666666667,-0.0016346330492126005,-8.083740276943269,1.0761214196245912
2025-10-09,0.03412301969782762,0.03935784919755769,0.0396876939570447,4.441398840164766,13.333333333333334,-0.0017531983118343638,-8.607544399138519,1.0874626747137524
2025-10-10,0.03493743842585371,0.03911044462553022,0.0396876939570447,4.333760259934934,10.0,-0.0018432982956774245,-9.187102391181215,1.0557977409695467
2025-10-13,0.03834242268722802,0.038969661385969294,0.0396876939570447,4.48405638453437,16.666666666666664,-0.0019313309727648279,-9.826344239389286,1.051467198613118
2025-10-14,0.03532149902533597,0.03861948289815608,0.0396876939570447,4.467756288807567,16.666666666666664,-0.001993847281513144,-10.29459196991195,0.9177694091346036
2025-10-15,0.038152273520427105,0.03829739874622086,0.0396876939570447,3.9630968745452604,3.3333333333333335,-0.0020744379279751582,-11.026331794626124,0.9269887979987641
2025-10-16,0.0417354117299148,0.03809740591781804,0.0396876939570447,4.01003570949159,6.666666666666667,-0.002154389250139208,-11.656391044729174,0.8305145170775328
2025-10-17,0.042046639165678565,0.03814151263833388,0.0396876939570447,4.07655700547421,8.333333333333332,-0.0022218791460632335,-12.2796002976995,0.6860141539268378
2025-10-20,0.04728313395303074,0.03861160845229065,0.0396876939570447,3.987634013561245,6.666666666666667,-0.0022657907325987427,-12.803984336975878,0.5386936015128803
2025-10-21,0.0486904128525916,0.03918381516475822,0.0396876939570447,4.3136000111118165,16.666666666666664,-0.0022903234255588893,-13.105760962455493,0.45916828010738864
2025-10-22,0.05435169661468748,0.03982158512623409,0.0396876939570447,4.265173099484825,16.666666666666664,-0.002317905420565579,-13.5201762945324,0.5535486792147557
2025-10-23,0.05667966561172423,0.04062076897585099,0.0396876939570447,4.4537091609417345,26.666666666666668,-0.002351441169041177,-14.101281716071716,0.5689470454667658
2025-10-24,0.05118756823470899,0.04128297577166629,0.0396876939570447,4.801152829567359,41.66666666666667,-0.0023884904808800064,-14.762655730365404,0.6584678547777083
2025-10-27,0.04584621297828806,0.04159456469602817,0.0396876939570447,5.073827298644923,50.0,-0.0024173699007197097,-15.236414611605662,0.6447915204881176
2025-10-28,0.046751135571923834,0.042068995758272255,0.0396876939570447,4.703051951109317,35.0,-0.002421635090204702,-15.309043315792026,0.6767815245515807
2025-10-29,0.04428046773154893,0.04232998259131566,0.0396876939570447,4.664300001736505,35.0,-0.002465050162832878,-15.96692605549209,0.7123343828189548
2025-10-30,0.03975810702347373,0.04244589692446106,0.0396876939570447,4.4886649152805,31.666666666666664,-0.0025164152150354627,-16.850978492317857,0.7036647340794997
2025-10-31,0.03948412444106123,0.04258710841692857,0.04346889583913556,4.288423191937555,18.333333333333332,-0.0025027075719502305,-16.54820636377077,0.6247732720805952
2025-11-03,0.04539936442201148,0.04291466511852787,0.04346889583913556,4.476939670523705,31.666666666666664,-0.0024459851912188822,-15.494735643228504,0.6070546393243603
2025-11-04,0.04932359496924327,0.043473684028121046,0.04346889583913556,4.462015587306395,30.0,-0.0023581697349875203,-14.209199871496361,0.5665217636886604
2025-11-05,0.051981440510498994,0.04428378145835292,0.04346889583913556,4.567688887317975,40.0,-0.002250443099430851,-12.859142091412552,0.5644177766605851
2025-11-06,0.046140501934697174,0.0448846555701964,0.04346889583913556,4.463149806902132,31.666666666666664,-0.0021512483516210284,-11.991868302398649,0.6033924138562077
2025-11-07,0.04707472255466963,0.04549151977663719,0.04346889583913556,4.437950975946051,26.666666666666668,-0.0020465942297043494,-11.186702114665032,0.5766576019228571
2025-11-10,0.043794484504726915,0.045764122867512136,0.04346889583913556,4.412094554482091,26.666666666666668,-0.0019262715552011936,-10.40752539580085,0.5601953356040055
2025-11-11,0.04730373409090793,0.046363234620790734,0.04346889583913556,4.336939331735353,23.333333333333332,-0.0017613135716661747,-9.441250193363812,0.568079918396966
2025-11-12,0.05004498241252488,0.046957870065395625,0.04346889583913556,4.448736376306658,33.33333333333333,-0.0016069100501460106,-8.58518483559201,0.5509013976519774
2025-11-13,0.04941203508492291,0.04734170123314603,0.04346889583913556,4.616283349453417,51.66666666666667,-0.0014680353436688435,-7.879049940622006,0.5579837205085667
2025-11-14,0.05670543772252391,0.04807464116098829,0.04346889583913556,5.076675460482526,73.33333333333333,-0.0013326103966970913,-6.920894967659652,0.5508579479963551
2025-11-17,0.05334024353276328,0.048377496639974926,0.04346889583913556,4.623276039682321,53.333333333333336,-0.0011675755342746682,-5.90209911670612,0.5254389551264829
2025-11-18,0.051915518279114746,0.04853875191130108,0.04346889583913556,4.552153460253411,48.333333333333336,-0.000996073076929181,-5.000825988752163,0.462502439883959
2025-11-19,0.056745652293943634,0.04865844969526389,0.04346889583913556,4.580408469683233,51.66666666666667,-0.0008383918149515458,-4.414761626216507,0.45343508515722153
2025-11-20,0.05437131440089608,0.04854303213472248,0.04346889583913556,4.340842455364364,25.0,-0.0006903415194682167,-3.8561937753262225,0.41475320375154623
2025-11-21,0.054691997898949,0.04871825361793448,0.04346889583913556,5.210976267197252,83.33333333333334,-0.0005784585738194596,-3.4937756971119325,0.3695199395093085
2025-11-24,0.05039041223184553,0.04894546358061235,0.04346889583913556,4.221695522370566,15.0,-0.00046455395437433974,-2.9396377508249505,0.35629911153971605
2025-11-25,0.0486658437914542,0.049041198991588875,0.04346889583913556,4.126883150917181,13.333333333333334,-0.00036705062964288466,-2.38365634344787,0.3878378235991955
2025-11-26,0.05095340715959771,0.04937484596299131,0.04346889583913556,4.2574310913159135,20.0,-0.00027178116023692287,-1.8835625186182132,0.39081907192211407
2025-11-27,0.05308496020315736,0.0500411886219755,0.04346889583913556,4.153051753577433,15.0,-0.00018778943190204337,-1.352592599699887,0.4295276396956058
2025-11-28,0.05330648748035972,0.05073230677394042,0.04346889583913556,3.86506540020365,3.3333333333333335,-0.00011702653336347517,-0.8493611966331429,0.48357903128424873
2025-12-01,0.05061810745240789,0.050993243925460244,0.04346889583913556,4.331593572454378,30.0,-8.524699321754096e-05,-0.6197183971217365,0.5218987162088489
2025-12-02,0.05292888220152326,0.05117350828707423,0.04346889583913556,3.898315888297604,5.0,-4.6439310054411176e-05,-0.33959415869869636,0.4823928317916546
2025-12-03,0.05184143413398232,0.05116650796824841,0.04346889583913556,3.9820542421696135,10.0,-2.65009254069839e-05,-0.1942894582291257,0.4594249957028831
2025-12-04,0.05177470230069637,0.05144821798654836,0.04346889583913556,3.7629560930064962,1.6666666666666667,-6.31328878434582e-05,-0.4601276997545898,0.4645863131969874
2025-12-05,0.04631344538860751,0.051410154128245254,0.04346889583913556,3.727997662711747,1.6666666666666667,-5.472559207345335e-05,-0.4000887770122556,0.5429424671570571
2025-12-08,0.042892112333638856,0.05136503551969086,0.04346889583913556,4.003057836557665,16.666666666666664,-4.485738901326634e-05,-0.3291121316360983,0.5631114717793921
2025-12-09,0.04262400779703154,0.05113104920499704,0.04346889583913556,3.7596944492190585,3.3333333333333335,-1.2949040122296093e-05,-0.0970824476940254,0.564307240216509
2025-12-10,0.04673468513070519,0.050965534340906046,0.04346889583913556,3.8812587702715837,10.0,1.0538463245312654e-05,0.08046823986954092,0.5409284372939791
2025-12-11,0.04754196706228052,0.050872030939773924,0.04346889583913556,4.192615191839425,31.666666666666664,1.7676920391510055e-05,0.1360019927792061,0.5377276752784192
2025-12-12,0.03962192703585346,0.0500178554054404,0.04346889583913556,4.0254944465399705,23.333333333333332,-1.530920690782108e-05,-0.11386710713597167,0.5314990040053389
2025-12-15,0.042604606716264246,0.04948107356461546,0.04346889583913556,3.6342812105061117,1.6666666666666667,-3.062272566883476e-05,-0.22475921714043542,0.496132831394982
2025-12-16,0.043675624882515945,0.04906907889478552,0.04346889583913556,3.6109402701867914,1.6666666666666667,-6.259129039818129e-05,-0.4471202745613544,0.4752984219303684
2025-12-17,0.04281924786844138,0.0483727586735104,0.04346889583913556,3.7758124540587126,10.0,-8.966953284233065e-05,-0.6198047854523178,0.5175850913463746
2025-12-18,0.04692940537983321,0.04800066322245726,0.04346889583913556,3.768480261403647,10.0,-9.840352359595339e-05,-0.6751462737114767,0.5039081759936399
2025-12-19,0.04530635930372603,0.047531381292696115,0.04346889583913556,3.741783263444437,6.666666666666667,-9.332901807797258e-05,-0.6420930656222464,0.4988532322985846
2025-12-22,0.04295066313991446,0.047159393838099556,0.04346889583913556,3.7937177164478277,15.0,-0.0001106395861336547,-0.7543284515612789,0.5250395192016826
2025-12-23,0.04504979105006417,0.046978591201030054,0.04346889583913556,4.094285705340628,35.0,-0.00015127635530543326,-1.0103430949503782,0.5138251335843529
2025-12-24,0.044102405092952955,0.046636041097697825,0.04346889583913556,3.9329912507267575,23.333333333333332,-0.00019920980775843127,-1.3181397488104212,0.5197437451474713
2025-12-25,0.04565761275241425,0.04626467372516066,0.04346889583913556,4.161863074966492,43.333333333333336,-0.00021959686242788138,-1.4487569989606701,0.5184901961266442
2025-12-26,0.040423711052773,0.045620534903781325,0.04346889583913556,4.150661127893408,41.66666666666667,-0.00027903332426320926,-1.834860907852397,0.5569629453607139
2025-12-29,0.04015509617147914,0.04509738433973489,0.04346889583913556,4.036074137237318,35.0,-0.00031847431326028996,-2.0902325565559936,0.5709277101566637
2025-12-30,0.03915242213488814,0.04440856133640313,0.04346889583913556,4.045187282355195,36.666666666666664,-0.00038408620734974676,-2.5148163425669536,0.5942903780212694
2025-12-31,0.039868178655381316,0.04380989856247309,0.04485158239292936,3.936094275464132,23.333333333333332,-0.0004454416877153302,-2.944547024630872,0.5847471630006098
2026-01-05,0.03977162006268609,0.043209744450572574,0.04485158239292936,4.869119703308543,95.0,-0.0005389163163614572,-3.683334662737456,0.6204902780724091
2026-01-06,0.037815401170874306,0.04278484223968591,0.04485158239292936,4.9688239795128695,95.0,-0.0006154705471598768,-4.215677265249251,0.6507319793651529
2026-01-07,0.03745467063092366,0.04251297015455015,0.04485158239292936,5.023149173838203,95.0,-0.0006846007106521329,-4.726087745444849,0.6918047981361681
2026-01-08,0.0378527844305231,0.042274408986224726,0.04485158239292936,4.967812327573582,91.66666666666666,-0.0007103977305304524,-4.95604725342129,0.673917901839783
2026-01-09,0.036181412411955,0.04174674535028722,0.04485158239292936,5.223949903486414,100.0,-0.0007306498213845208,-5.151844947827513,0.7243765676664287
2026-01-12,0.036822636619116146,0.041210778828129,0.04485158239292936,6.022821647738947,100.0,-0.0007605122135577379,-5.503310602554576,0.7515378216736672
2026-01-13,0.038213996368866854,0.04114038229477967,0.04485158239292936,6.33649836041837,100.0,-0.0007813231702020916,-5.757703902913702,0.7255148057344363
2026-01-14,0.03719890296447486,0.0408700971071902,0.04485158239292936,6.671673367855268,100.0,-0.000762179061899555,-5.528764753212424,0.7434859288638325
2026-01-15,0.03774505105141701,0.04057356841563525,0.04485158239292936,4.999594264629397,86.66666666666667,-0.0007435998758373684,-5.3243020158151095,0.7952438220999514
2026-01-16,0.03771723875827877,0.04031846796012713,0.04485158239292936,5.182618839865171,91.66666666666666,-0.0007071688644835674,-4.947013129906406,0.8556044132000749
2026-01-19,0.04103632589030202,0.040023813985650566,0.04485158239292936,5.083525995018411,90.0,-0.0006504080396971324,-4.3733063028894295,0.9086786755748735
2026-01-20,0.04056843200122396,0.03978691762052546,0.04485158239292936,5.092963080679954,90.0,-0.0006055861947285554,-3.949971547065439,0.8996801883731296
2026-01-21,0.040328995092104296,0.039655834218134955,0.04485158239292936,4.727586612929197,76.66666666666667,-0.0005590658509973903,-3.5122292161020323,0.9007730161349281
2026-01-22,0.03890779382243339,0.039348734356753415,0.04485158239292936,4.664418139900546,75.0,-0.0004915675997044457,-2.9407790521483097,0.9196793294109069
2026-01-23,0.03701577274179391,0.03899440273919546,0.04485158239292936,5.014489715947777,83.33333333333334,-0.000440103446133871,-2.506908849507983,0.9678435380657424
2026-01-26,0.04003596231170967,0.03871332021716024,0.04485158239292936,5.728548404938612,95.0,-0.0004164677810733284,-2.3280244568149926,0.9804078516285513
2026-01-27,0.039654623725507675,0.03867486585079697,0.04485158239292936,5.121702136632658,88.33333333333333,-0.00035457979203231093,-1.9258241533383624,0.9856496937675978
2026-01-28,0.03614089530343523,0.03847415580739477,0.04485158239292936,4.728877701161558,71.66666666666667,-0.00031106822623349516,-1.6745041955924622,0.9294562433420335
2026-01-29,0.03507911442128778,0.03827049042171475,0.04485158239292936,4.988641507352705,76.66666666666667,-0.00028995250745826064,-1.5609566174953078,0.9280005066583565
2026-01-30,0.03907508311209252,0.03823083564455031,0.04485158239292936,4.859647434764875,70.0,-0.0002286367541370306,-1.2257840185696067,0.8867364849537493
2026-02-02,0.04039703742631976,0.038262106512732,0.04485158239292936,4.695311252508316,65.0,-0.00017972868890503841,-0.9550796347130026,0.7980631590175851
2026-02-03,0.03726918718703622,0.0382347958135401,0.04485158239292936,4.2914796434703835,46.666666666666664,-0.00012043079412328223,-0.6322674066067813,0.8449885213394075
2026-02-04,0.03861945125241903,0.03829303484461486,0.04485158239292936,4.2847858419887315,46.666666666666664,-6.698999792259447e-05,-0.3492722030526472,0.8413133383919738
2026-02-05,0.04286565235548178,0.03854367824086279,0.04485158239292936,4.162136821422813,41.66666666666667,1.4199679962608346e-05,0.07388865353454398,0.8160382742539358
2026-02-06,0.04556766641040683,0.039012990940785384,0.04485158239292936,4.35106783292379,55.00000000000001,0.00011092728658321905,0.5726382967645397,0.8235227886262355
2026-02-09,0.043097293705022306,0.0393267237950807,0.04485158239292936,4.280765994177597,48.333333333333336,0.00019753204136731102,1.0130241106154867,0.8387956973070556
2026-02-10,0.04344262182845912,0.03958815506806031,0.04485158239292936,4.01645948765655,28.333333333333332,0.00031333851520167015,1.6302271274173379,0.857652366297792
2026-02-11,0.044277985346012745,0.039942109187137205,0.04485158239292936,3.819271900640555,16.666666666666664,0.0004430128466335426,2.3826167289702704,0.8536776588432538
2026-02-12,0.0426594280295716,0.04018782803604493,0.04485158239292936,3.9940614724587666,28.333333333333332,0.0005558255059205074,3.125575814986509,0.8318795852607759
2026-02-13,0.04122608951463229,0.04036327057386261,0.04485158239292936,3.5571196481571077,1.6666666666666667,0.0006477263644525758,3.6978299222647264,0.778282925847636
2026-02-24,0.043077850127382473,0.04046534678571663,0.04485158239292936,4.106409578419147,41.66666666666667,0.0007432176265937874,4.294802131296021,0.7816161395222692
2026-02-25,0.04013400974085128,0.04044362567269799,0.04485158239292936,4.208809685655112,53.333333333333336,0.000801735868761928,4.62446412564263,0.8195523140661907
2026-02-26,0.04005845901021456,0.040430098868603506,0.04485158239292936,4.312958916057219,61.66666666666667,0.0008973752879922461,5.261206972003317,0.8006002831397199
2026-02-27,0.03787827334294825,0.04037862284462925,0.04485158239292936,3.9853565946163596,30.0,0.0010112361168346515,6.07428890377695,0.8349582190411715
2026-03-02,0.03937454090076877,0.040496561252577994,0.04485158239292936,5.1456850748075995,90.0,0.0010431805848650098,6.363547804044044,0.8196517668057208
2026-03-03,0.0371774132796319,0.040353633800974106,0.04485158239292936,5.098328677229872,86.66666666666667,0.0010597700367459388,6.551205559796151,0.7402092382899175
2026-03-04,0.03705529888439408,0.04022366755891842,0.04485158239292936,3.982550674255273,28.333333333333332,0.0011053316581995931,7.12123331436909,0.7653982965430064
2026-03-05,0.03694347446421203,0.040263796516957266,0.04485158239292936,3.9358205246123315,25.0,0.001139679051806264,7.56851242729744,0.7474209195270027
2026-03-06,0.042162436167964175,0.04061796260429108,0.04485158239292936,4.09205586772632,41.66666666666667,0.0012100399824344877,8.440573148125813,0.754147932026386
2026-03-09,0.03704394351958939,0.04051640562466593,0.04485158239292936,4.356935525563657,61.66666666666667,0.0012729003767107162,9.314462562711729,0.7086412726295657
2026-03-10,0.03923082550745559,0.04045809502872272,0.04485158239292936,4.07125546274723,38.333333333333336,0.0013224257560658292,9.867246648669978,0.7391109521911843
2026-03-11,0.038719560953244664,0.04053061371703314,0.04485158239292936,4.179185302045405,48.333333333333336,0.0013602587947179254,10.43920027281264,0.7565591939083254
2026-03-12,0.038526236615667384,0.040525952985195554,0.04485158239292936,4.109148557919368,41.66666666666667,0.0013831221568397652,10.853146061163027,0.7266670412145928
2026-03-13,0.03836614726151149,0.04030097773049705,0.04485158239292936,4.043104067718879,31.666666666666664,0.001398755003437008,11.145154208175486,0.7083714409023343
2026-03-16,0.0391577245535402,0.03998048063765371,0.04485158239292936,3.9533259402545817,20.0,0.0014096926773705203,11.3406610731915,0.746017958415808
2026-03-17,0.04380408625474743,0.040015820265139966,0.04485158239292936,4.288409099574241,55.00000000000001,0.0013750625414825255,10.743042268482522,0.7024165912021703
2026-03-18,0.0433648577258488,0.040011932060009456,0.04485158239292936,3.961054984130333,21.666666666666668,0.0013340336165700384,10.273296602646738,0.7044738388885801
2026-03-19,0.0415682168328514,0.03987644363435139,0.04485158239292936,3.8961881878646047,13.333333333333334,0.0012822588191857796,9.57116928917759,0.654655340721928
2026-03-20,0.041516494808231386,0.03981929697328438,0.04485158239292936,4.344087315032697,58.333333333333336,0.001168168196967521,7.973556266732791,0.6039038254246645
2026-03-23,0.04334951785978646,0.03992546839054208,0.04485158239292936,5.089313161684721,83.33333333333334,0.0009784625654955276,5.862560881372639,0.5466044622554054
2026-03-24,0.044553906673787655,0.03999927121786234,0.04485158239292936,4.479755565495251,60.0,0.0008670034422603286,5.008997065995427,0.5792015174223708
2026-03-25,0.03850936560923444,0.0399180390112815,0.04485158239292936,3.8799409427520497,6.666666666666667,0.0007886491707568326,4.4398429633438905,0.6062238232951869
2026-03-26,0.03936418778228245,0.03988332544988489,0.04485158239292936,3.536953630919378,1.6666666666666667,0.0006918463815541475,3.8070069728525002,0.5814365109361035
2026-03-27,0.03958822596714365,0.03996882308109466,0.04485158239292936,3.377916762807457,1.6666666666666667,0.0005967059998703571,3.2791891953975068,0.6136254170234836
2026-03-30,0.04007921879393795,0.04000405697575313,0.04485158239292936,3.507922313608786,3.3333333333333335,0.0005270498820989535,2.904638231066608,0.5888826129130567
2026-03-31,0.04142026933539262,0.04021619977854116,0.0400398158977829,3.7856922466163487,8.333333333333332,0.0004587321773788731,2.5179959501899356,0.5588784283215928
2026-04-01,0.04165400004055846,0.04044613483634939,0.0400398158977829,3.7792897288473855,8.333333333333332,0.0003679116301173068,2.0271636316403296,0.5795105148906738
2026-04-02,0.042916932810019105,0.040744807753639735,0.0400398158977829,3.6150615639328265,8.333333333333332,0.00026875101921337825,1.477488238507599,0.5580946341001309
2026-04-03,0.04541727896260269,0.04090754989337166,0.0400398158977829,3.5108558569547053,5.0,0.00011746731841987714,0.6396732048196652,0.5543682252917161
2026-04-07,0.04694017479798123,0.04140236145729125,0.0400398158977829,3.504685960342208,3.3333333333333335,1.3808766214167721e-05,0.07625972525524853,0.5847286806777705
2026-04-08,0.03774697266594509,0.04132816881521573,0.0400398158977829,4.1405113070295325,41.66666666666667,-9.627633355871687e-05,-0.5467547675488431,0.6638146772726579
2026-04-09,0.03764563337922154,0.04127447243651457,0.0400398158977829,3.593379599011613,11.666666666666666,-0.00024267176203208334,-1.4505138853407626,0.6602274426004182
2026-04-10,0.03582190242421347,0.041139255726941874,0.0400398158977829,3.724714973381752,15.0,-0.00039272905205907295,-2.4983766095562703,0.6746588088860734
2026-04-13,0.03595851848892115,0.04101887428831236,0.0400398158977829,3.512341395337531,8.333333333333332,-0.000509645059138141,-3.3466390877531333,0.6717500178763198
2026-04-14,0.034448999650040904,0.040783438043137395,0.0400398158977829,3.684249277290515,16.666666666666664,-0.0006291164546879345,-4.249204585761002,0.709036218708117
2026-04-15,0.03441739573666104,0.04031410351723307,0.0400398158977829,3.726182218471875,20.0,-0.0007373262185122945,-5.100606555133996,0.7165393685517294
2026-04-16,0.03790669246491681,0.04004119525418647,0.0400398158977829,3.9500710155940864,31.666666666666664,-0.0008323679105115896,-5.97763171514531,0.7351710123284996
2026-04-17,0.03651210685436017,0.03978838975526191,0.0400398158977829,3.9219682205414426,30.0,-0.0009125032913329496,-6.7156763492672225,0.7405646839926243
2026-04-20,0.03287939511604545,0.03935653477065261,0.0400398158977829,3.7531185598478327,21.666666666666668,-0.0009929984924157468,-7.594333022737558,0.7727343488714833
2026-04-21,0.03619641709499521,0.03899887973241305,0.0400398158977829,3.83652879687899,28.333333333333332,-0.0010714898782157567,-8.473448020883374,0.9553327452278053
2026-04-22,0.03315237178173019,0.03842880298781018,0.0400398158977829,3.721149854009278,18.333333333333332,-0.0011425064848393806,-9.146510966390075,0.9655331867569101
2026-04-23,0.03290606591848981,0.03814863800327295,0.0400398158977829,4.070963760361003,51.66666666666667,-0.0012324723579858277,-9.904588229655246,0.9061476749393174
2026-04-24,0.03362976429909225,0.03786191682911344,0.0400398158977829,3.9465730462457245,38.333333333333336,-0.001293226376600421,-10.424660911561027,0.8596183486304727
2026-04-27,0.038450423251763434,0.03780502669334443,0.0400398158977829,4.399206677448127,81.66666666666667,-0.0013149451935488997,-10.645142241793492,0.8586669403176814
2026-04-28,0.03840107784406071,0.037721119645850565,0.0400398158977829,4.316820040099965,76.66666666666667,-0.0013218701521925276,-10.689670021928393,0.8224097667411034
2026-04-29,0.03861916697443118,0.037581064527802494,0.0400398158977829,4.411463719502758,85.0,-0.0013399153126550142,-10.856352412831319,0.8613055271061276
2026-04-30,0.03506630064628743,0.03725167955808894,0.037461313866777965,4.2210635559124725,68.33333333333333,-0.0013486995757629096,-10.957327978815952,0.8781969470550297
2026-05-06,0.03374189002940402,0.03679292741905819,0.037461313866777965,4.815349600993414,91.66666666666666,-0.0014000317092178096,-11.684513827410393,0.9318928827025894
2026-05-07,0.031936735895226595,0.03611890026568938,0.037461313866777965,4.339379341221094,80.0,-0.0014780883587737095,-13.423914045005358,0.9549620903476368
2026-05-08,0.03339998294035052,0.03544189067280785,0.037461313866777965,4.385992766179964,86.66666666666667,-0.0014930055432961493,-13.828594657238307,0.9260864783856317
2026-05-11,0.032067846890127996,0.035157934384016994,0.037461313866777965,4.808441605334418,93.33333333333333,-0.0015139485726023238,-14.326815813738161,0.9646633864424314
2026-05-12,0.030622196003131548,0.034806762515212496,0.037461313866777965,4.223151104231388,70.0,-0.0015444920262632248,-14.865728877061263,0.9489925729585127
2026-05-13,0.030496642758312067,0.03454049953191742,0.037461313866777965,4.134727896457272,61.66666666666667,-0.00158836310491905,-15.691362569000866,0.9885903283694975
2026-05-14,0.029164839096871006,0.03420081556231492,0.037461313866777965,4.159581370493505,65.0,-0.0016142004875339708,-16.240242501113922,0.9259551409409328
2026-05-15,0.030409953423100447,0.03399886325096789,0.037461313866777965,4.349324521214906,83.33333333333334,-0.0016065405148056647,-16.090098951769455,0.9060142418361301
2026-05-18,0.03283452589553665,0.03391971975891168,0.037461313866777965,4.105933665115613,58.333333333333336,-0.0015836325071628835,-15.586015299885121,0.9077565707614008
2026-05-19,0.03167761060742409,0.033608265666037036,0.037461313866777965,3.885467657876924,33.33333333333333,-0.0015561964462127344,-14.996488163422754,0.9149978026660985
2026-05-20,0.030440840488271916,0.033304702347732626,0.037461313866777965,3.8712243000180133,30.0,-0.0015418427797048609,-14.763413129479524,0.88497437605547
2026-05-21,0.03131391004013539,0.033226428093937124,0.037461313866777965,4.726485834747065,91.66666666666666,-0.0015713413872996303,-15.106160332674728,0.8303067183904254
2026-05-22,0.03087188654260215,0.032960201566317474,0.037461313866777965,3.9265855476690854,36.666666666666664,-0.00156832067417493,-15.075768030779116,0.856864432230664
2026-05-25,0.029087962009914266,0.03275698107772667,0.037461313866777965,4.113056167615631,60.0,-0.0015964976154789136,-14.97583327817294,0.9015010862986548
2026-05-26,0.02800684484366282,0.03251202002398533,0.037461313866777965,4.077772252907643,55.00000000000001,-0.0016609068753014478,-14.296245661410222,0.8681192193416476
2026-05-27,0.027897637193123267,0.03222541366868688,0.037461313866777965,4.09524402130388,58.333333333333336,-0.0017377901900240383,-13.42347369954451,0.8444028609045002
2026-05-28,0.027562364576058828,0.03168101073490165,0.037461313866777965,3.712184974999097,16.666666666666664,-0.0017848090150062073,-13.040738226923846,0.8458023537713231
2026-05-29,0.02622989415715979,0.031072451550556594,0.037461313866777965,4.043262779942589,51.66666666666667,-0.001915916640513479,-12.66467659453689,0.8283301812661705
2026-06-01,0.02971227729199097,0.030627107066434588,0.037461313866777965,3.9405371226593062,41.66666666666667,-0.0020121049273602145,-13.36026448342008,0.8094888440894779
2026-06-02,0.029048977450268465,0.03032624090663364,0.037461313866777965,3.7916425223980483,28.333333333333332,-0.0021461672692119015,-13.57494703028438,0.8182427005337543
2026-06-03,0.02477514054040448,0.029877903432183668,0.037461313866777965,3.6612162876852676,15.0,-0.0022975871776292392,-13.61122715250521,0.8186928031566456
2026-06-04,0.025536119217445263,0.0295578725982946,0.037461313866777965,3.4002193624516215,3.3333333333333335,-0.0024179925781772815,-13.325766316682822,0.8141836908899271
2026-06-05,0.02537127850825553,0.029156437376689846,0.037461313866777965,3.769267153734187,28.333333333333332,-0.002480618426773916,-13.444962149826361,0.8084201108835618
2026-06-08,0.027751175305253388,0.02894060379744612,0.037461313866777965,3.769395376848118,30.0,-0.0025270565190553354,-13.447082614636761,0.7608771928893532
2026-06-09,0.025354904666686467,0.028677239230623857,0.037461313866777965,3.249107523948701,1.6666666666666667,-0.0026028165354743987,-13.47918873777889,0.8026799637566957
2026-06-10,0.025961019147522277,0.028450458050084376,0.037461313866777965,3.3420784950773648,3.3333333333333335,-0.0026891597499965453,-13.602246439448164,0.7833636610525736
2026-06-11,0.024856719736739585,0.0282350520820778,0.037461313866777965,3.1474751216236396,1.6666666666666667,-0.002779901778178046,-13.703963290147662,0.7818519902831846
2026-06-12,0.02189675668428947,0.027809392245137253,0.037461313866777965,3.4593636516549893,10.0,-0.002853182407157749,-13.80655075363587,0.7714883188721502
2026-06-15,0.023833300590273974,0.02735933097987412,0.037461313866777965,3.529975865194466,18.333333333333332,-0.0029686863018027897,-13.96297240964174,0.8529891703014878
2026-06-16,0.023577647480823045,0.02695433282354407,0.037461313866777965,3.531103182447537,20.0,-0.003043119051783894,-14.07253962507272,0.8674759725428582
2026-06-17,0.022179364955455035,0.026541259046903222,0.037461313866777965,3.387904246600208,8.333333333333332,-0.0031729295082432323,-14.14822492778151,0.879046214623229
2026-06-18,0.020609361247701727,0.026006031607281536,0.037461313866777965,3.3681482674561183,6.666666666666667,-0.0033502081218455037,-14.708380099555495,0.8789293978753434
2026-06-22,0.020993967250868342,0.02551213564269485,0.037461313866777965,3.9488017415793246,63.33333333333333,-0.003605826431383186,-15.88717016861565,0.9239547781199766
2026-06-23,0.02278222169520435,0.025196848626959357,0.037461313866777965,3.8314847687372477,50.0,-0.0037296252586052,-16.689033985221446,0.8707177520396496
2026-06-24,0.022267293246025367,0.02490987104707748,0.037461313866777965,3.664547929595958,31.666666666666664,-0.0038914486527423845,-17.226033071312592,0.919709596678842
2026-06-25,0.019864141933224163,0.024508196284082524,0.037461313866777965,3.684212732402717,31.666666666666664,-0.004116801286108087,-17.36362112983306,0.9286411007456308
2026-06-26,0.01817787089407303,0.024038971599983236,0.037461313866777965,3.428130572505489,11.666666666666666,-0.004301061160856075,-17.593247619419337,0.875790310989853
2026-06-29,0.019407406051667183,0.023697847194708604,0.037461313866777965,3.6711910220157917,30.0,-0.0044792030401922854,-17.628596996489364,0.9208896317923987
2026-06-30,0.018733011964704338,0.023148883928344275,0.023461426469470307,3.2872525038319895,5.0,-0.004665285847845758,-17.819356551276822,0.9572814750421652
2026-07-01,0.020372628059059213,0.022715066458783812,0.023461426469470307,3.8720515934874373,55.00000000000001,-0.004787790373148056,-18.345259773278983,0.9625002521339223
2026-07-02,0.021277432653776754,0.022540181064452425,0.023461426469470307,3.7474331327199017,41.66666666666667,-0.004856813019709708,-18.902297232503805,0.8913964479884768
2026-07-03,0.02335709573388586,0.022431229890274455,0.023461426469470307,3.7921191903698754,48.333333333333336,-0.004926762056703042,-19.73661681729989,0.9256473064554314
2026-07-06,0.02241332765793773,0.022283332347758568,0.023461426469470307,3.5131935438209414,18.333333333333332,-0.004971859829597773,-20.165988166285768,0.9175268325474202
2026-07-07,0.023743190294038707,0.022082933097197832,0.023461426469470307,3.2055107884482266,3.3333333333333335,-0.005040238216310131,-20.692656559724057,0.8744567487403445
2026-07-08,0.021631753897737874,0.0218967755587504,0.023461426469470307,2.9420854548828563,1.6666666666666667,-0.0051188465564227245,-21.406644496211445,0.8189074283577562
2026-07-09,0.019754047422176253,0.0215864269724831,0.023461426469470307,3.1246297669763856,3.3333333333333335,-0.005237086668354228,-22.28711493939937,0.8449272441545517
2026-07-10,0.019539916081260586,0.02132058678970915,0.023461426469470307,3.5003629126092544,21.666666666666668,-0.005283789287946152,-22.885937630318097,0.8207464315046729
2026-07-13,0.022448455371579242,0.02134817172407364,0.023461426469470307,3.4137863155332373,18.333333333333332,-0.005364536156394635,-23.86031869967715,0.7348485468630197
2026-07-14,0.021723775409972966,0.021242695465058588,0.023461426469470307,3.222886238480211,8.333333333333332,-0.005438011256518199,-24.84366571969053,0.7488157581548327
2026-07-15,0.02302671715127024,0.021215148948580946,0.023461426469470307,3.167114629753515,6.666666666666667,-0.005472010264688817,-25.355503587699697,0.716097735847149
2026-07-16,0.025664626757088332,0.021389412038662615,0.023461426469470307,3.281412125307855,13.333333333333334,-0.0054575252157494725,-25.077340986543682,0.6875382130277341
2026-07-17,0.027471283206058728,0.02173250813658046,0.023461426469470307,3.9504184712574273,68.33333333333333,-0.005443555663130224,-24.84093571994669,0.5858083614457019
2026-07-20,0.028402001941714113,0.022102909871122754,0.023461426469470307,4.3544532294681835,90.0,-0.005521918440490248,-25.55063191937406,0.5671560712415851
2026-07-21,0.026555974708015122,0.02229159752176329,0.023461426469470307,4.689616649023493,95.0,-0.005657980907623045,-26.338472818817312,0.6525576799291439
2026-07-22,0.021293313022273257,0.022242898510575683,0.023461426469470307,3.333420314188756,16.666666666666664,-0.005816202449860637,-27.547390572391805,0.6209421982607486
2026-07-23,0.025159822787260578,0.022507682553277505,0.023461426469470307,3.2234320429882484,11.666666666666666,-0.005900209306708593,-28.69284614606186,0.623903352774601
2026-07-24,0.025552901098788525,0.02287643406351328,0.023461426469470307,2.8855799811464644,1.6666666666666667,-0.005956475482381449,-29.321545874470893,0.5737583132752837
2026-07-27,0.02539411854931593,0.023175769688395718,0.023461426469470307,3.050383624141616,5.0,-0.00596983392402692,-29.55915903528028,0.6012312929696126
2026-07-28,0.026970453882818844,0.023587641784301443,0.023461426469470307,3.085380831090931,6.666666666666667,-0.00591268306518653,-28.268214668333247,0.5453428240056775
2026-07-29,0.02638163625630402,0.023888092194163685,0.023461426469470307,3.4289384428447613,35.0,-0.005815610436854762,-26.37307008393666,0.5627202489284333
2026-07-30,0.028415904169492752,0.024245015769949484,0.023461426469470307,3.7589751736864203,55.00000000000001,-0.005729612805839519,-24.924657993473105,0.5184764246463676
2026-07-31,0.026086973408599032,0.02438150965368514,0.024027710848714114,3.709752062029054,51.66666666666667,-0.005594868337550568,-22.75686784012367,0.5400800152701273
2026-08-03,0.031833301266868765,0.024852508334131693,0.024027710848714114,3.519325794424428,41.66666666666667,-0.005354328673958587,-19.575802218705658,0.5194666134392198
2026-08-04,0.02972902294559894,0.025151799966709704,0.024027710848714114,3.5729202081711966,46.666666666666664,-0.005113626525882637,-17.14519902074045,0.5433990974969765
2026-08-05,0.025371818781138904,0.025338803210879758,0.024027710848714114,3.6024858477714545,48.333333333333336,-0.004892342403379573,-15.356206395011045,0.5710396486178999
2026-08-06,0.026856602090615862,0.025693930944301734,0.024027710848714114,3.5793351880632915,48.333333333333336,-0.00465505324202069,-13.717989266985267,0.5793262380102628
2026-08-07,0.025361454239746627,0.025985007852226037,0.024027710848714114,3.567851921213934,46.666666666666664,-0.004411870381332466,-12.457721111369548,0.5849687650847732
2026-08-10,0.029122018052867387,0.026318685986290447,0.024027710848714114,3.78699039777349,70.0,-0.004110030860946826,-11.059301947016992,0.5935455770065072
2026-08-11,0.02973945701763273,0.026719470066673433,0.024027710848714114,3.458963649505033,36.666666666666664,-0.0037754386486806516,-9.800582744506649,0.5750058117284631
2026-08-12,0.028863420646289457,0.027011305241424394,0.024027710848714114,3.095444319339899,8.333333333333332,-0.0034204868185219463,-8.668950536277588,0.5821942956511452
2026-08-13,0.02676683928102449,0.0270664158676212,0.024027710848714114,3.411066916670937,33.33333333333333,-0.0030845546666713004,-7.7318970653778765,0.577350726172176
2026-08-14,0.02815828857260979,0.027100766135948758,0.024027710848714114,3.0841051960793826,6.666666666666667,-0.0027727772457206237,-6.874654170409605,0.6041373925272024
2026-08-17,0.027392751495737555,0.027050303613649927,0.024027710848714114,3.292981827473984,26.666666666666668,-0.0024374854163236783,-6.052545930503794,0.6466231939060074
2026-08-18,0.028627369605866083,0.027153873358542475,0.024027710848714114,3.39676355882906,35.0,-0.002140740691603867,-5.29254682041017,0.6323713442816372
2026-08-19,0.029060191778122413,0.027542217296334937,0.024027710848714114,3.640839993710128,63.33333333333333,-0.0018951583070903858,-4.663835625601085,0.543543625845518
2026-08-20,0.03249098057525962,0.027908775185734886,0.024027710848714114,3.367812805788464,31.666666666666664,-0.001643500524746881,-3.9927248183976602,0.5435612438903652
2026-08-21,0.03283092428671633,0.028272676345131274,0.024027710848714114,3.101439333205613,11.666666666666666,-0.0013905994150366376,-3.3731869202428966,0.5491677137338553
2026-08-24,0.03138443864770711,0.028572192350050835,0.024027710848714114,3.197929621444872,18.333333333333332,-0.001168413278768406,-2.821517339693301,0.5254774057088638
2026-08-25,0.038331565846195334,0.02914024794821966,0.024027710848714114,3.4702099042299848,53.333333333333336,-0.0008413537580826965,-2.045353923548074,0.5079838143171833
2026-08-26,0.03732805368946816,0.029687568819877865,0.024027710848714114,3.3279349980446007,31.666666666666664,-0.0005835636466236567,-1.422021253104498,0.5133883192379123
2026-08-27,0.030433952240045907,0.029788471223405527,0.024027710848714114,3.2168449967956314,21.666666666666668,-0.00036124147544818564,-0.882902149901827,0.5262380614121054
2026-08-28,0.03351931016918352,0.030160088061434748,0.024027710848714114,3.4339986567886975,51.66666666666667,-0.00013631489630258793,-0.3332765079815273,0.5349222788539569
2026-08-31,0.03648968869469204,0.030392907432825918,0.03046149761539938,3.751799907649939,83.33333333333334,0.00015068181848523405,0.3750540096352397,0.5132857303796718
2026-09-01,0.03751539789438681,0.030782226180265305,0.03046149761539938,3.6425383995081853,75.0,0.000441865288413931,1.1201891255100733,0.4731391941990706
2026-09-02,0.039215304782191894,0.03147440048031795,0.03046149761539938,3.3594272361568125,36.666666666666664,0.0007283479107251152,1.8762186170796982,0.4517039849828204
2026-09-03,0.03995370823395122,0.032129255787484726,0.03046149761539938,3.3651757675867815,36.666666666666664,0.0009838771425075376,2.6063192140861715,0.4408594055738726
2026-09-04,0.03721376469322926,0.032721871310158857,0.03046149761539938,3.571610399085358,66.66666666666666,0.001225821358612668,3.348263829265948,0.42685322454724406
2026-09-07,0.03479098067592676,0.033005319441311826,0.03046149761539938,3.2129242563327995,20.0,0.0014725397181305747,4.189154921860156,0.42157804505948904
2026-09-08,0.03603853906011284,0.03332027354343583,0.03046149761539938,3.3171635291201205,31.666666666666664,0.0017039945556808693,5.006401657341443,0.3972323881139763
2026-09-09,0.03595628251655573,0.033674916636949145,0.03046149761539938,3.1445194437913417,15.0,0.0019233401595269558,5.952701918312329,0.3943195353575819
2026-09-10,0.036375248467830565,0.03415533709628944,0.03046149761539938,2.8649049157811497,1.6666666666666667,0.0020739825019862935,6.65636532756269,0.4057793576218327
2026-09-11,0.033298657890971056,0.03441235556220751,0.03046149761539938,3.2683242740027016,30.0,0.002185124044285997,7.260095860363422,0.35151264198791643
2026-09-14,0.03712762470377335,0.0348990992226093,0.03046149761539938,2.982772543078902,6.666666666666667,0.002276765445962675,7.721244622157102,0.34356589676632754
2026-09-15,0.037963045917799275,0.03536588303820596,0.03046149761539938,3.0358655113073674,8.333333333333332,0.0024024921720009903,8.64511327011602,0.3293397714691726
2026-09-16,0.031764578122578574,0.03550110235542876,0.03046149761539938,2.9141793839044885,5.0,0.0024794698101779284,9.179177395967184,0.37959879420066
2026-09-17,0.034401926664642195,0.035596649659897894,0.03046149761539938,3.089484966573573,16.666666666666664,0.0024992535642119756,9.284569674204473,0.3931391227031611
2026-09-18,0.032578582893107645,0.03558403259021746,0.03046149761539938,3.310036708782059,43.333333333333336,0.0025203615770118207,9.403015936642655,0.45548902977063177
2026-09-21,0.03816707017533165,0.035923164166598694,0.03046149761539938,3.6754919063436273,83.33333333333334,0.0025372939833394545,9.479119800370322,0.41931829736187054
