date,nav,num_held
2006-01-04,0.999,0
2006-01-05,0.999,0
2006-01-06,0.999,0
2006-01-09,0.999,0
2006-01-10,0.999,0
2006-01-11,0.999,0
2006-01-12,0.999,0
2006-01-13,0.999,0
2006-01-16,0.999,0
2006-01-17,0.999,0
2006-01-18,0.999,0
2006-01-19,0.999,0
2006-01-20,0.999,0
2006-01-23,0.999,0
2006-01-24,0.999,0
2006-01-25,0.999,0
2006-02-06,0.998001,0
2006-02-07,1.0045287179896074,6
2006-02-08,1.0129247807503696,6
2006-02-09,0.998938685068716,6
2006-02-10,1.0198856512677148,6
2006-02-13,1.0381835091016063,6
2006-02-14,1.037034565403316,6
2006-02-15,1.0303616454596858,6
2006-02-16,0.9758143221949614,6
2006-02-17,0.9633635064006907,6
2006-02-20,0.9512308021575226,6
2006-02-21,0.9741316258042599,6
2006-02-22,0.9777429994832357,6
2006-02-23,0.9762217178769674,6
2006-02-24,0.9859518323014306,6
2006-02-27,0.9796522629912228,6
2006-02-28,0.9780733448531221,6
2006-03-01,0.9839953130415159,6
2006-03-02,0.9569576277909112,8
2006-03-03,0.9529903385317672,8
2006-03-06,0.9420380195436014,8
2006-03-07,0.9070597289388767,8
2006-03-08,0.9034340635078616,8
2006-03-09,0.9096486325457663,8
2006-03-10,0.9192263152907663,8
2006-03-13,0.9268857268218376,8
2006-03-14,0.9260331071482883,8
2006-03-15,0.94318410637051,8
2006-03-16,0.9419756332756853,8
2006-03-17,0.9341630011406885,8
2006-03-20,0.947785339030776,8
2006-03-21,0.9492418394521891,8
2006-03-22,0.9646883782995167,8
2006-03-23,0.9732562049493813,8
2006-03-24,0.9600510712601973,8
2006-03-27,0.9722492622009731,8
2006-03-28,0.9567253829319332,8
2006-03-29,0.95186562895899,8
2006-03-30,0.9367818871314243,8
2006-03-31,0.9485201633896817,8
2006-04-03,0.961256586862991,8
2006-04-04,0.9819532779240396,8
2006-04-05,0.9902802237045593,8
2006-04-06,0.9861251690748832,8
2006-04-07,0.9824543800952755,8
2006-04-10,1.0220635858322757,8
2006-04-11,1.028946753029953,8
2006-04-12,1.0214790080583855,8
2006-04-13,0.9889980959143099,8
2006-04-14,1.0261370955718911,8
2006-04-17,1.0415026900842483,8
2006-04-18,1.0272230424087618,8
2006-04-19,1.0254864175800618,8
2006-04-20,0.9990248112609728,8
2006-04-21,1.010268435156277,8
2006-04-24,0.9947167251511821,8
2006-04-25,0.9768994361858319,8
2006-04-26,0.9884355584429126,8
2006-04-27,0.982755832689485,8
2006-04-28,0.9907411357866782,8
2006-05-08,0.9999612672959166,8
2006-05-09,1.0113065421101661,9
2006-05-10,1.0170515415357149,9
2006-05-11,1.0098590808092403,9
2006-05-12,1.0165974238902413,9
2006-05-15,1.0360937119916656,9
2006-05-16,1.0220769448172213,9
2006-05-17,1.028044492769048,9
2006-05-18,1.0276249163666804,9
2006-05-19,1.0365581647496833,9
2006-05-22,1.0452247530898475,9
2006-05-23,1.0212581436477746,9
2006-05-24,1.0130677464224191,9
2006-05-25,1.0192727863833324,9
2006-05-26,1.0260491385040722,9
2006-05-29,1.0342080942117362,9
2006-05-30,1.0423915733302094,9
2006-05-31,1.0436440967713163,9
2006-06-01,1.0556720618043929,9
2006-06-02,1.0529350165797275,22
2006-06-05,1.0586226878073155,22
2006-06-06,1.0546991497322276,22
2006-06-07,1.031673854694583,22
2006-06-08,1.0332710501791347,22
2006-06-09,1.0258704150088311,22
2006-06-12,1.0278051313199528,22
2006-06-13,1.0307138877971467,22
2006-06-14,1.027478070650328,22
2006-06-15,1.0297439070446643,22
2006-06-16,1.0385247978831522,22
2006-06-19,1.0422721125501504,22
2006-06-20,1.0431030675764983,22
2006-06-21,1.0415441699456205,22
2006-06-22,1.038211203370113,22
2006-06-23,1.0395547476553415,22
2006-06-26,1.0461140802509792,22
2006-06-27,1.045322193358361,22
2006-06-28,1.0436518877509338,22
2006-06-29,1.05202814923612,22
2006-06-30,1.0514213923948739,22
2006-07-03,1.0570528536786077,22
2006-07-04,1.0544827912494565,30
2006-07-05,1.0521880067211784,30
2006-07-06,1.0599401158601507,30
2006-07-07,1.0594925407513869,30
2006-07-10,1.0623339793771112,30
2006-07-11,1.0626880720751346,30
2006-07-12,1.066142213005608,30
2006-07-13,1.0465734126802304,30
2006-07-14,1.0518303015485373,30
2006-07-17,1.0604510226022075,30
2006-07-18,1.0595761589265111,30
2006-07-19,1.0522606794885365,30
2006-07-20,1.0532145431787443,30
2006-07-21,1.0541526415563547,30
2006-07-24,1.0517152177121123,30
2006-07-25,1.055157224266661,30
2006-07-26,1.0558927989011004,30
2006-07-27,1.05452816056754,30
2006-07-28,1.0513517234778873,30
2006-07-31,1.0262592385426301,30
2006-08-01,1.0189090278838995,30
2006-08-02,1.0171721435667016,30
2006-08-03,1.0175017272931848,30
2006-08-04,1.0036622981998804,30
2006-08-07,0.9905988656560498,30
2006-08-08,1.0020129153780344,30
2006-08-09,0.9986176037624103,30
2006-08-10,1.0080009829474195,30
2006-08-11,1.011433352360295,30
2006-08-14,0.9998541329973765,30
2006-08-15,1.0064675599546784,30
2006-08-16,1.0153892710823393,30
2006-08-17,1.0117355154148817,30
2006-08-18,1.0122154211803225,30
2006-08-21,1.016396268036834,30
2006-08-22,1.020483425416722,30
2006-08-23,1.0197387968768388,30
2006-08-24,1.0224173254372724,30
2006-08-25,1.0251906758395386,30
2006-08-28,1.0354806573629154,30
2006-08-29,1.0366670585443458,30
2006-08-30,1.0366767195412239,30
2006-08-31,1.036124787194363,30
2006-09-01,1.0216718658440553,30
2006-09-04,1.0348514955632482,30
2006-09-05,1.0296406393566477,30
2006-09-06,1.0341059487837878,30
2006-09-07,1.0291031310306074,30
2006-09-08,1.0296329356032599,30
2006-09-11,1.0293391547302624,30
2006-09-12,1.034354456563757,30
2006-09-13,1.025402644672254,30
2006-09-14,1.0188650071109926,30
2006-09-15,1.027551838228729,30
2006-09-18,1.036641779759883,30
2006-09-19,1.042515307275965,30
2006-09-20,1.0419473679443572,30
2006-09-21,1.0475478927098232,30
2006-09-22,1.041425180257817,30
2006-09-25,1.0409715158485362,30
2006-09-26,1.0323778948663451,30
2006-09-27,1.0388119277738328,30
2006-09-28,1.0477278517488955,30
2006-09-29,1.0566075671869073,30
2006-10-09,1.070304257904289,30
2006-10-10,1.0769177325195178,30
2006-10-11,1.0793031555985697,30
2006-10-12,1.0717860953153149,30
2006-10-13,1.0741798536636131,30
2006-10-16,1.071608787411276,30
2006-10-17,1.075863557180326,30
2006-10-18,1.0815566187952161,30
2006-10-19,1.0905830886295806,30
2006-10-20,1.0845789623769941,30
2006-10-23,1.0651863719554304,30
2006-10-24,1.085710126214398,30
2006-10-25,1.0853952252439014,30
2006-10-26,1.0860045955080995,30
2006-10-27,1.0756390945502516,30
2006-10-30,1.0807360593425128,30
2006-10-31,1.0909592681722509,30
2006-11-01,1.100683645749599,30
2006-11-02,1.1015628557008499,30
2006-11-03,1.099783784547612,30
2006-11-06,1.094163165655345,30
2006-11-07,1.0885240746828748,30
2006-11-08,1.085369272910678,30
2006-11-09,1.0937146088933518,30
2006-11-10,1.076710482772824,30
2006-11-13,1.0426407269125826,30
2006-11-14,1.0476607986232978,30
2006-11-15,1.0647935985011898,30
2006-11-16,1.0535503862172853,30
2006-11-17,1.0597632974501017,30
2006-11-20,1.0517513364919473,30
2006-11-21,1.069184538023628,30
2006-11-22,1.0821098065040677,30
2006-11-23,1.0800291241360498,30
2006-11-24,1.0887081748944174,30
2006-11-27,1.1132027039456311,30
2006-11-28,1.1170887664846545,30
2006-11-29,1.1318985473685577,30
2006-11-30,1.1494012631932533,30
2006-12-01,1.1598456558638854,30
2006-12-04,1.1853490893199798,30
2006-12-05,1.1788922916451392,30
2006-12-06,1.1611861751607517,30
2006-12-07,1.1463985261798086,30
2006-12-08,1.117263031458981,30
2006-12-11,1.1509887709124609,30
2006-12-12,1.1582795522933877,30
2006-12-13,1.1647725248136123,30
2006-12-14,1.1888556281199885,30
2006-12-15,1.2082234520775008,30
2006-12-18,1.2339472003013476,30
2006-12-19,1.2364485333754114,30
2006-12-20,1.2714384298464918,30
2006-12-21,1.2687618105894662,30
2006-12-22,1.2513048331398355,30
2006-12-25,1.2650062038534016,30
2006-12-26,1.2552827155565462,30
2006-12-27,1.2639660308332747,30
2006-12-28,1.246205860346269,30
2006-12-29,1.2695590252065327,30
2007-01-04,1.2670446527832533,30
2007-01-05,1.3016338508560046,30
2007-01-08,1.3434009233919606,30
2007-01-09,1.365056728042612,30
2007-01-10,1.3955495392027222,30
2007-01-11,1.3817980864306725,30
2007-01-12,1.3468293973857504,30
2007-01-15,1.4109789692125143,30
2007-01-16,1.4575819483318397,30
2007-01-17,1.4520209389158196,30
2007-01-18,1.478704445208166,30
2007-01-19,1.517769551794289,30
2007-01-22,1.577456601420841,30
2007-01-23,1.5653218482683258,30
2007-01-24,1.5753157841761642,30
2007-01-25,1.510216569503181,30
2007-01-26,1.5180556778031509,30
2007-01-29,1.5470537531049466,30
2007-01-30,1.5555603687959538,30
2007-01-31,1.5012233146631988,30
2007-02-01,1.5177869079875326,30
2007-02-02,1.4983502406193134,30
2007-02-05,1.4987967707824077,30
2007-02-06,1.5142513139589473,30
2007-02-07,1.5315311503819036,30
2007-02-08,1.5473262711422997,30
2007-02-09,1.5454876994449214,30
2007-02-12,1.5787538483993107,30
2007-02-13,1.5988747077330356,30
2007-02-14,1.6248320496299944,30
2007-02-15,1.657620968776432,30
2007-02-16,1.6654297875174602,30
2007-02-26,1.6867851293550813,30
2007-02-27,1.5778511267989477,30
2007-02-28,1.6042707607947542,30
2007-03-01,1.5643349593735871,30
2007-03-02,1.578646694141501,30
2007-03-05,1.5767142035713562,30
2007-03-06,1.5814377437968807,30
2007-03-07,1.6043359521945113,30
2007-03-08,1.6192070026988048,30
2007-03-09,1.6136630950447577,30
2007-03-12,1.6190237323214955,30
2007-03-13,1.6219073229495091,30
2007-03-14,1.6073259412037635,30
2007-03-15,1.6235862629764695,30
2007-03-16,1.615567018005348,30
2007-03-19,1.6188019717998685,30
2007-03-20,1.6325831167773603,30
2007-03-21,1.6489468390193243,30
2007-03-22,1.651767353921381,30
2007-03-23,1.6598374132008147,30
2007-03-26,1.6853200588320196,30
2007-03-27,1.6941379437212236,30
2007-03-28,1.6778173281101894,30
2007-03-29,1.6605294015277685,30
2007-03-30,1.6648763974115517,30
2007-04-02,1.681679164852533,30
2007-04-03,1.690785464229282,30
2007-04-04,1.7018739333944604,30
2007-04-05,1.714733438101225,30
2007-04-06,1.7389503036823868,30
2007-04-09,1.7569404685611252,30
2007-04-10,1.771390585482577,30
2007-04-11,1.7820579924187656,30
2007-04-12,1.8080178816244519,30
2007-04-13,1.804638247080983,30
2007-04-16,1.8229810350811737,30
2007-04-17,1.8406143936770984,30
2007-04-18,1.864662078277351,30
2007-04-19,1.8094558515012673,30
2007-04-20,1.8579217417231237,30
2007-04-23,1.8868797666871864,30
2007-04-24,1.8922000174580018,30
2007-04-25,1.8849134804867473,30
2007-04-26,1.8968193484381373,30
2007-04-27,1.8799051631215586,30
2007-04-30,1.875095892115996,30
2007-05-08,1.9073382089328006,30
2007-05-09,1.8879687516016477,29
2007-05-10,1.8906637346895476,29
2007-05-11,1.882672895318477,29
2007-05-14,1.887674717972439,29
2007-05-15,1.8721270845228473,29
2007-05-16,1.8946759499554435,29
2007-05-17,1.9170639553110336,29
2007-05-18,1.9263853602648284,29
2007-05-21,1.9526251095735954,29
2007-05-22,1.9611064570911956,29
2007-05-23,1.9788293506535723,29
2007-05-24,1.9675670037609208,29
2007-05-25,1.9796692383035537,29
2007-05-28,2.009497772951876,29
2007-05-29,2.039221986928572,29
2007-05-30,1.9604198278500826,29
2007-05-31,1.9828607019895963,29
2007-06-01,1.952995296709226,29
2007-06-04,1.881372077393061,30
2007-06-05,1.9048038708899935,30
2007-06-06,1.9361253663955076,30
2007-06-07,1.9803027117492813,30
2007-06-08,1.993482638314034,30
2007-06-11,2.0223147680835103,30
2007-06-12,2.045075809303835,30
2007-06-13,2.062642899534969,30
2007-06-14,2.055007896340744,30
2007-06-15,2.0794323500550354,30
2007-06-18,2.1085268049796606,30
2007-06-19,2.1078253888312335,30
2007-06-20,2.0726720374851957,30
2007-06-21,2.0709699172197733,30
2007-06-22,2.020168191081507,30
2007-06-25,1.973890416615147,30
2007-06-26,2.0078856187627068,30
2007-06-27,2.0272042956629397,30
2007-06-28,1.9732000993863048,30
2007-06-29,1.9481432724377592,30
2007-07-02,1.9580690018983247,30
2007-07-03,1.9787304679851514,30
2007-07-04,1.9575248063065456,30
2007-07-05,1.9099340988267735,30
2007-07-06,1.9513203421412597,30
2007-07-09,1.9743103676645246,30
2007-07-10,1.9453970577911337,30
2007-07-11,1.9541299625704736,30
2007-07-12,1.9597780782482983,30
2007-07-13,1.9630803233892522,30
2007-07-16,1.946453248651191,30
2007-07-17,1.9609303150460768,30
2007-07-18,1.96323658920633,30
2007-07-19,1.9680665056141846,30
2007-07-20,1.9967980063304684,30
2007-07-23,2.0334139283570627,30
2007-07-24,2.028279080881369,30
2007-07-25,2.048159528885362,30
2007-07-26,2.054074161954005,30
2007-07-27,2.0713288144970345,30
2007-07-30,2.0886918604759996,30
2007-07-31,2.0970776837509644,30
2007-08-01,2.0519963790311135,30
2007-08-02,2.078352781235768,30
2007-08-03,2.0940054174154494,30
2007-08-06,2.1020631796961013,30
2007-08-07,2.106394889687431,30
2007-08-08,2.085214595463954,30
2007-08-09,2.0898928172325024,30
2007-08-10,2.0641567485234114,30
2007-08-13,2.0638996500241853,30
2007-08-14,2.0873446341686783,30
2007-08-15,2.0815189044433526,30
2007-08-16,2.0863484635055696,30
2007-08-17,2.080504515423314,30
2007-08-20,2.113660689528833,30
2007-08-21,2.117639602577149,30
2007-08-22,2.122360363179741,30
2007-08-23,2.1322915183361664,30
2007-08-24,2.137271724482791,30
2007-08-27,2.1274960040088398,30
2007-08-28,2.1186567446326188,30
2007-08-29,2.116131863381477,30
2007-08-30,2.1349902681147466,30
2007-08-31,2.1395888157689016,30
2007-09-03,2.1522350141731574,30
2007-09-04,2.147284782584855,30
2007-09-05,2.1499595282999233,30
2007-09-06,2.1551291935626464,30
2007-09-07,2.1309725792687,30
2007-09-10,2.1392643928557202,30
2007-09-11,2.08827510953415,30
2007-09-12,2.09477337919422,30
2007-09-13,2.1065972105854534,30
2007-09-14,2.1166575998724464,30
2007-09-17,2.1234747297556535,30
2007-09-18,2.1247153132141725,30
2007-09-19,2.1094986070305706,30
2007-09-20,2.118554584219036,30
2007-09-21,2.1088217570083923,30
2007-09-24,2.1082372642992513,30
2007-09-25,2.1029183745802187,30
2007-09-26,2.103968465501689,30
2007-09-27,2.1129843408327726,30
2007-09-28,2.1290000772731728,30
2007-10-08,2.1282704077668115,30
2007-10-09,2.1351310824587753,30
2007-10-10,2.1313246663214143,30
2007-10-11,2.1205591937548443,30
2007-10-12,2.096174571534018,30
2007-10-15,2.0965546483587945,30
2007-10-16,2.1128356330633067,30
2007-10-17,2.1153975303072046,30
2007-10-18,2.1036490241297705,30
2007-10-19,2.105903841592797,30
2007-10-22,2.0910831011210598,30
2007-10-23,2.098378470016743,30
2007-10-24,2.0860294422245893,30
2007-10-25,2.032103157672937,30
2007-10-26,2.0235709454148596,30
2007-10-29,2.0295016208814984,30
2007-10-30,2.0418867285102262,30
2007-10-31,2.0729890335113366,30
2007-11-01,2.044467962855896,30
2007-11-02,2.0225732683677764,30
2007-11-05,2.0416555640477467,30
2007-11-06,2.0480089431849584,30
2007-11-07,2.0384070313396645,30
2007-11-08,2.0101060146236747,30
2007-11-09,2.0113676614261577,30
2007-11-12,1.9967598246806275,30
2007-11-13,2.00238768766331,30
2007-11-14,2.02799039279557,30
2007-11-15,2.0188144640149517,30
2007-11-16,2.019364272529917,30
2007-11-19,2.0518411849969453,30
2007-11-20,2.0627952404356233,30
2007-11-21,2.0604270434500234,30
2007-11-22,2.030094112244247,30
2007-11-23,2.040502113372985,30
2007-11-26,2.0360449855452254,30
2007-11-27,2.026316253775071,30
2007-11-28,2.02351059918302,30
2007-11-29,2.0445030839742673,30
2007-11-30,2.0315932224429236,30
2007-12-03,2.0378358679580693,30
2007-12-04,2.043350305284954,30
2007-12-05,2.0551978097530617,30
2007-12-06,2.054944264540002,30
2007-12-07,2.0678144499114466,30
2007-12-10,2.0936873781806713,30
2007-12-11,2.099423814255914,30
2007-12-12,2.111943672487045,30
2007-12-13,2.1002659206279732,30
2007-12-14,2.1086231510433517,30
2007-12-17,2.1218033813985753,30
2007-12-18,2.1071626139852935,30
2007-12-19,2.122768695856663,30
2007-12-20,2.1327186371257105,30
2007-12-21,2.1430860199396005,30
2007-12-24,2.1578530380630574,30
2007-12-25,2.172941580248379,30
2007-12-26,2.1984795726100885,30
2007-12-27,2.2029963497586382,30
2007-12-28,2.204322179311728,30
2008-01-02,2.2464015247383498,30
2008-01-03,2.260371006644594,29
2008-01-04,2.2528127001385125,29
2008-01-07,2.270485864402636,29
2008-01-08,2.2421910295071545,29
2008-01-09,2.2680683687499394,29
2008-01-10,2.265520549232959,29
2008-01-11,2.2681492548972413,29
2008-01-14,2.2841852336814905,29
2008-01-15,2.30784315624183,29
2008-01-16,2.3040312730896875,29
2008-01-17,2.284513348084473,29
2008-01-18,2.2900973646177714,29
2008-01-21,2.2496018352851888,29
2008-01-22,2.1576275745789664,29
2008-01-23,2.204205584887064,29
2008-01-24,2.2302285298534192,29
2008-01-25,2.2310810279725564,29
2008-01-28,2.1586203210453685,29
2008-01-29,2.171573751707584,29
2008-01-30,2.1821441205610173,29
2008-01-31,2.1606203826549146,29
2008-02-01,2.1191374921584547,29
2008-02-04,2.186466324961063,30
2008-02-05,2.1829409180298054,30
2008-02-13,2.175984023180776,30
2008-02-14,2.1910970507481475,30
2008-02-15,2.190258301968515,30
2008-02-18,2.224803000529894,30
2008-02-19,2.2405312836056512,30
2008-02-20,2.2301968412833473,30
2008-02-21,2.2355001012338405,30
2008-02-22,2.209827646603943,30
2008-02-25,2.178146073658936,30
2008-02-26,2.171995558681111,30
2008-02-27,2.1863287820936184,30
2008-02-28,2.1935279635436378,30
2008-02-29,2.20756037662525,30
2008-03-03,2.2326059502291185,30
2008-03-04,2.223877698906359,30
2008-03-05,2.2196737441813923,30
2008-03-06,2.2236441407492165,30
2008-03-07,2.21018312522172,30
2008-03-10,2.182087319234483,30
2008-03-11,2.1861089225389456,30
2008-03-12,2.170296014418377,30
2008-03-13,2.145242116669854,30
2008-03-14,2.1380558356367088,30
2008-03-17,2.0823535465921332,30
2008-03-18,2.0253971096582855,30
2008-03-19,2.057347587573554,30
2008-03-20,2.0877899899972445,30
2008-03-21,2.087128926252065,30
2008-03-24,2.0675962708304696,30
2008-03-25,2.077243076129898,30
2008-03-26,2.0785183390054867,30
2008-03-27,2.0435802559000567,30
2008-03-28,2.0633688752460166,30
2008-03-31,2.030631030794889,30
2008-04-01,1.9673002256844918,30
2008-04-02,1.9228865200956584,30
2008-04-03,1.9356294246267638,30
2008-04-07,1.9789568507736417,30
2008-04-08,1.9918709036683133,30
2008-04-09,1.9540805198599425,30
2008-04-10,1.9657878327711455,30
2008-04-11,1.9838583762748951,30
2008-04-14,1.9399820332989994,30
2008-04-15,1.95539206799183,30
2008-04-16,1.9413139499040852,30
2008-04-17,1.9163634876879676,30
2008-04-18,1.876713499264522,30
2008-04-21,1.8668457127184896,30
2008-04-22,1.8459279195368488,30
2008-04-23,1.8785656564763575,30
2008-04-24,1.9439536605648404,30
2008-04-25,1.9500788228296775,30
2008-04-28,1.9421806416156686,30
2008-04-29,1.9514749318622795,30
2008-04-30,1.9768376665796694,30
2008-05-05,2.0034343812493813,30
2008-05-06,1.9999842195678084,28
2008-05-07,1.9662321453375857,28
2008-05-08,1.9878255051227136,28
2008-05-09,1.9873702544150775,28
2008-05-12,2.0000946802258395,28
2008-05-13,2.0076775986847752,28
2008-05-14,2.026989203135583,28
2008-05-15,2.024906707041227,28
2008-05-16,2.01757637981126,28
2008-05-19,2.018030376090848,28
2008-05-20,1.9786573158616565,28
2008-05-21,1.9926815761826424,28
2008-05-22,1.9763137271109554,28
2008-05-23,1.9711773408698494,28
2008-05-26,1.9496725286196475,28
2008-05-27,1.9539072411520675,28
2008-05-28,1.970195202542004,28
2008-05-29,1.9538787080469233,28
2008-05-30,1.962199460121843,28
2008-06-02,1.9675156543365167,28
2008-06-03,1.967779762463973,30
2008-06-04,1.964231376380009,30
2008-06-05,1.9736241291316758,30
2008-06-06,1.9880791458600429,30
2008-06-10,1.9292422990652272,30
2008-06-11,1.9105999579444117,30
2008-06-12,1.908384954470595,30
2008-06-13,1.889892795580671,30
2008-06-16,1.887316435178282,30
2008-06-17,1.8871003363216747,30
2008-06-18,1.911372391590307,30
2008-06-19,1.8547669763096473,30
2008-06-20,1.8517365176691984,30
2008-06-23,1.8223988998668805,30
2008-06-24,1.8335232087675337,30
2008-06-25,1.8653538096951636,30
2008-06-26,1.8799445135917408,30
2008-06-27,1.8335293885557054,30
2008-06-30,1.840108487342326,30
2008-07-01,1.8291851630830724,30
2008-07-02,1.8385843379354339,30
2008-07-03,1.8641522343737815,30
2008-07-04,1.8599150218592166,30
2008-07-07,1.8877668555944873,30
2008-07-08,1.896931898367583,30
2008-07-09,1.9161980676336772,30
2008-07-10,1.9119753680092406,30
2008-07-11,1.9018084308615946,30
2008-07-14,1.915798398203938,30
2008-07-15,1.9008707237972793,30
2008-07-16,1.8697138234304138,30
2008-07-17,1.8628043725732613,30
2008-07-18,1.8816415515588785,30
2008-07-21,1.902520697897793,30
2008-07-22,1.9047410331094516,30
2008-07-23,1.900545651393271,30
2008-07-24,1.9128145081853465,30
2008-07-25,1.9125236237393326,30
2008-07-28,1.9188258486394225,30
2008-07-29,1.9061238497164699,30
2008-07-30,1.904914018441049,30
2008-07-31,1.8857997611280952,30
2008-08-01,1.8848964366430574,30
2008-08-04,1.8711630218145607,30
2008-08-05,1.8651939660217736,30
2008-08-06,1.8675486219673012,30
2008-08-07,1.8716119997054748,30
2008-08-08,1.83115500591927,30
2008-08-11,1.7923127936252876,30
2008-08-12,1.7864941098611327,30
2008-08-13,1.7787293305157992,30
2008-08-14,1.782697698686517,30
2008-08-15,1.7864799013982362,30
2008-08-18,1.7524230942434071,30
2008-08-19,1.761410645164537,30
2008-08-20,1.8063893661842632,30
2008-08-21,1.7844813000292359,30
2008-08-22,1.7762202245318057,30
2008-08-25,1.777237352596807,30
2008-08-26,1.751861529564167,30
2008-08-27,1.7519920688912418,30
2008-08-28,1.7516664127658408,30
2008-08-29,1.766343958333074,30
2008-09-01,1.7467736526855275,30
2008-09-02,1.7489257217951706,30
2008-09-03,1.7442147306660072,30
2008-09-04,1.7508465509354452,30
2008-09-05,1.7259800184056815,30
2008-09-08,1.6988089384824516,30
2008-09-09,1.703120158982073,30
2008-09-10,1.7070906674351467,30
2008-09-11,1.6929365708960784,30
2008-09-12,1.6969878607609725,30
2008-09-16,1.6837669699857234,30
2008-09-17,1.6760714280316908,30
2008-09-18,1.6568926789870473,30
2008-09-19,1.7083637272144536,30
2008-09-22,1.7284156910221309,30
2008-09-23,1.6931695419980937,30
2008-09-24,1.6976268455526102,30
2008-09-25,1.7132058397861298,30
2008-09-26,1.7108214177159884,30
2008-10-06,1.6806986964747492,30
2008-10-07,1.6754658653304761,30
2008-10-08,1.6669851779454978,30
2008-10-09,1.6642492166014262,30
2008-10-10,1.6280304588641183,30
2008-10-13,1.633144995332513,30
2008-10-14,1.6202725994109268,30
2008-10-15,1.6176610736785602,30
2008-10-16,1.584057554646697,30
2008-10-17,1.5901908622425533,30
2008-10-20,1.6080164525810872,30
2008-10-21,1.611164027959176,30
2008-10-22,1.5993523996556964,30
2008-10-23,1.6020782103021634,30
2008-10-24,1.6002881929928514,30
2008-10-27,1.568485196631457,30
2008-10-28,1.581693475720521,30
2008-10-29,1.5776946523892315,30
2008-10-30,1.5851346671254414,30
2008-10-31,1.5781788114234254,30
2008-11-03,1.5756810600868516,30
2008-11-04,1.5735541103414556,30
2008-11-05,1.5909135053379146,30
2008-11-06,1.5805671660773257,30
2008-11-07,1.5911558882374057,30
2008-11-10,1.6268299797260564,30
2008-11-11,1.6246674010720725,30
2008-11-12,1.6388663210398395,30
2008-11-13,1.6619582739304164,30
2008-11-14,1.6843700048470245,30
2008-11-17,1.7087947307311429,30
2008-11-18,1.663691906479943,30
2008-11-19,1.7067562654494846,30
2008-11-20,1.7055382956099676,30
2008-11-21,1.6957348701789692,30
2008-11-24,1.6741734396216337,30
2008-11-25,1.6716797486318256,30
2008-11-26,1.6794053123913277,30
2008-11-27,1.6841876418248094,30
2008-11-28,1.6738483456336106,30
2008-12-01,1.708351497981719,30
2008-12-02,1.724843300227067,30
2008-12-03,1.7506068830420891,30
2008-12-04,1.7488553798120605,30
2008-12-05,1.7708238608619575,30
2008-12-08,1.796681619065764,30
2008-12-09,1.7772288605719826,30
2008-12-10,1.7993356033511205,30
2008-12-11,1.7800632885609176,30
2008-12-12,1.7546588763649564,30
2008-12-15,1.763643303149701,30
2008-12-16,1.7747735237377538,30
2008-12-17,1.7857771056706746,30
2008-12-18,1.799585177241236,30
2008-12-19,1.812262996561441,30
2008-12-22,1.8355746924527463,30
2008-12-23,1.789963011468653,30
2008-12-24,1.7763178230893029,30
2008-12-25,1.785470655493941,30
2008-12-26,1.7984866175116527,30
2008-12-29,1.7943982187860814,30
2008-12-30,1.8060402392287465,30
2008-12-31,1.8069672898251827,30
2009-01-05,1.8278794710378932,30
2009-01-06,1.8363839414432699,30
2009-01-07,1.8363662324771775,30
2009-01-08,1.8300655917584359,30
2009-01-09,1.8561940675202924,30
2009-01-12,1.859848327449581,30
2009-01-13,1.8312375575541855,30
2009-01-14,1.855192925889376,30
2009-01-15,1.8564840850387492,30
2009-01-16,1.8524739253933207,30
2009-01-19,1.8520251202255615,30
2009-01-20,1.8597701325896039,30
2009-01-21,1.856061823242924,30
2009-01-22,1.8625069560647434,30
2009-01-23,1.8580982323399764,30
2009-02-02,1.8697227134081973,30
2009-02-03,1.8839184804485016,30
2009-02-04,1.8900647470029739,30
2009-02-05,1.8840830143699998,30
2009-02-06,1.9108434345343464,30
2009-02-09,1.929129180787486,30
2009-02-10,1.9447813629674238,30
2009-02-11,1.9345208461999883,30
2009-02-12,1.9471768113974808,30
2009-02-13,1.967476684886645,30
2009-02-16,1.9723352874845061,30
2009-02-17,1.9539095750498299,30
2009-02-18,1.9277346119023622,30
2009-02-19,1.946216191633097,30
2009-02-20,1.9655860036608745,30
2009-02-23,1.9846216442722484,30
2009-02-24,1.9543089784942114,30
2009-02-25,1.9674625953938802,30
2009-02-26,1.9177304527952415,30
2009-02-27,1.8776711874713636,30
2009-03-02,1.8861304114146873,30
2009-03-03,1.8906067100661668,30
2009-03-04,1.9356600505441228,30
2009-03-05,1.9433365557505888,30
2009-03-06,1.9413572138330226,30
2009-03-09,1.91081578847182,30
2009-03-10,1.9301267984638564,30
2009-03-11,1.9338413678137298,30
2009-03-12,1.9373173552218172,30
2009-03-13,1.941484365899221,30
2009-03-16,1.9524613101840684,30
2009-03-17,1.975405855974913,30
2009-03-18,1.984248288430711,30
2009-03-19,1.9994506278018176,30
2009-03-20,1.9850095278049893,30
2009-03-23,2.001174548494308,30
2009-03-24,2.0144098032989555,30
2009-03-25,1.9933069809235529,30
2009-03-26,2.009544083982535,30
2009-03-27,2.011146796336198,30
2009-03-30,2.0286749434782068,30
2009-03-31,2.035630177550739,30
2009-04-01,2.0447440830606594,30
2009-04-02,2.059737074908818,30
2009-04-03,2.0725349463639477,30
2009-04-07,2.095485916609128,30
2009-04-08,2.0709827499350864,30
2009-04-09,2.093702761832293,30
2009-04-10,2.121995736743695,30
2009-04-13,2.154242615861419,30
2009-04-14,2.202043640024718,30
2009-04-15,2.224202462149066,30
2009-04-16,2.2236378898649116,30
2009-04-17,2.1900105133942755,30
2009-04-20,2.207496951709699,30
2009-04-21,2.1936975975504525,30
2009-04-22,2.1427062117403746,30
2009-04-23,2.1643748579763353,30
2009-04-24,2.1560787436155193,30
2009-04-27,2.1178814886093456,30
2009-04-28,2.1286269954383785,30
2009-04-29,2.1466196029299875,30
2009-04-30,2.1530366223987465,30
2009-05-04,2.1896593270950286,30
2009-05-05,2.2024028301094467,30
2009-05-06,2.212429279811125,30
2009-05-07,2.202709310701251,30
2009-05-08,2.1929394961863906,30
2009-05-11,2.1542737149295696,30
2009-05-12,2.175972763853097,30
2009-05-13,2.189326406613055,30
2009-05-14,2.19251066319328,30
2009-05-15,2.191925411092766,30
2009-05-18,2.197959310777255,30
2009-05-19,2.205514147587604,30
2009-05-20,2.199146515774855,30
2009-05-21,2.1742868653990777,30
2009-05-22,2.1779047434368217,30
2009-05-25,2.1734838490804815,30
2009-05-26,2.1853216928061854,30
2009-05-27,2.1828161247000626,30
2009-06-01,2.2034079750098745,30
2009-06-02,2.207325922471734,30
2009-06-03,2.215551601368496,30
2009-06-04,2.209644677572069,30
2009-06-05,2.1994874255169066,30
2009-06-08,2.1899472213223987,30
2009-06-09,2.1981389390003265,30
2009-06-10,2.2119098080293287,30
2009-06-11,2.2094516135676687,30
2009-06-12,2.189700374154309,30
2009-06-15,2.2055306623730226,30
2009-06-16,2.206201858655943,30
2009-06-17,2.21317054235442,30
2009-06-18,2.2172292508923026,30
2009-06-19,2.2266230840880503,30
2009-06-22,2.2128871986590926,30
2009-06-23,2.2176980465433846,30
2009-06-24,2.231636008225598,30
2009-06-25,2.2504600573850615,30
2009-06-26,2.255226229732283,30
2009-06-29,2.2519412376462293,30
2009-06-30,2.241955432606274,30
2009-07-01,2.2337670594781005,30
2009-07-02,2.2393436056932585,30
2009-07-03,2.2500984316901804,30
2009-07-06,2.2496300602415875,30
2009-07-07,2.3017222163896784,30
2009-07-08,2.322243080588165,30
2009-07-09,2.3727612606135127,30
2009-07-10,2.3694639071567742,30
2009-07-13,2.3821019744357184,30
2009-07-14,2.414319733912992,30
2009-07-15,2.4440201616372654,30
2009-07-16,2.4343044721847704,30
2009-07-17,2.4547365006594704,30
2009-07-20,2.484472367834251,30
2009-07-21,2.449221890470156,30
2009-07-22,2.4666727204042704,30
2009-07-23,2.4700148266202864,30
2009-07-24,2.45974968509922,30
2009-07-27,2.4848568878105315,30
2009-07-28,2.5035035415519413,30
2009-07-29,2.4286563804059043,30
2009-07-30,2.454009726928307,30
2009-07-31,2.4959710182824786,30
2009-08-03,2.5219257319443615,30
2009-08-04,2.529543840509212,30
2009-08-05,2.553169713021367,30
2009-08-06,2.5285607076352044,30
2009-08-07,2.486958923339274,30
2009-08-10,2.50355677360559,30
2009-08-11,2.5135843777384257,30
2009-08-12,2.411014296972837,30
2009-08-13,2.4122658868857245,30
2009-08-14,2.3398532836134427,30
2009-08-17,2.228717754521307,30
2009-08-18,2.2578220929826425,30
2009-08-19,2.1949631481544514,30
2009-08-20,2.2550982534693507,30
2009-08-21,2.326627151690476,30
2009-08-24,2.376952304279803,30
2009-08-25,2.351478155136474,30
2009-08-26,2.393961214931053,30
2009-08-27,2.399618772155869,30
2009-08-28,2.3747994890686086,30
2009-08-31,2.2679474664247774,30
2009-09-01,2.2467389628935246,30
2009-09-02,2.2673789837026113,30
2009-09-03,2.329343462769829,30
2009-09-04,2.3552524782584756,30
2009-09-07,2.3828343465658004,30
2009-09-08,2.3905591390368475,30
2009-09-09,2.4081004032683553,30
2009-09-10,2.3904239077046063,30
2009-09-11,2.405830556455751,30
2009-09-14,2.4416674292856784,30
2009-09-15,2.4722363858169714,30
2009-09-16,2.4794734307832305,30
2009-09-17,2.536255385722382,30
2009-09-18,2.4781871449079866,30
2009-09-21,2.508917149449567,30
2009-09-22,2.491421272892617,30
2009-09-23,2.467551970557205,30
2009-09-24,2.441679293281918,30
2009-09-25,2.443888899143766,30
2009-09-28,2.4013276095943135,30
2009-09-29,2.3688549723792645,30
2009-09-30,2.3898516050858234,30
2009-10-09,2.453844649216606,30
2009-10-12,2.4655382954830456,30
2009-10-13,2.479142795525981,30
2009-10-14,2.483032819200798,30
2009-10-15,2.504808596047903,30
2009-10-16,2.507800880470973,30
2009-10-19,2.5331119000330964,30
2009-10-20,2.5530956984466266,30
2009-10-21,2.536983933544285,30
2009-10-22,2.5505008560859013,30
2009-10-23,2.5721225480702046,30
2009-10-26,2.590499577000531,30
2009-10-27,2.5785362710214796,30
2009-10-28,2.594042861677448,30
2009-10-29,2.575751624937165,30
2009-10-30,2.578720724147242,30
2009-11-02,2.61199283864775,30
2009-11-03,2.636043941840299,30
2009-11-04,2.6529737314551816,30
2009-11-05,2.6662936713977574,30
2009-11-06,2.67587458106607,30
2009-11-09,2.686792574013566,30
2009-11-10,2.683576101419388,30
2009-11-11,2.692244163837111,30
2009-11-12,2.7037809647207838,30
2009-11-13,2.727189300325819,30
2009-11-16,2.767968048313496,30
2009-11-17,2.7762692853020994,30
2009-11-18,2.7860669797319613,30
2009-11-19,2.8004428126568564,30
2009-11-20,2.8062740214099247,30
2009-11-23,2.8236194435072908,30
2009-11-24,2.734276339345845,30
2009-11-25,2.7833716894861915,30
2009-11-26,2.7036934437173117,30
2009-11-27,2.696358355659085,30
2009-11-30,2.7723038152262753,30
2009-12-01,2.815643814711701,30
2009-12-02,2.8473470912298438,30
2009-12-03,2.8641889332875476,30
2009-12-04,2.8016796992090294,30
2009-12-07,2.8384593991185523,30
2009-12-08,2.847662442504503,30
2009-12-09,2.828374932503341,30
2009-12-10,2.859914266555608,30
2009-12-11,2.86452064236809,30
2009-12-14,2.866428871763381,30
2009-12-15,2.8675010393691096,30
2009-12-16,2.8449879415828137,30
2009-12-17,2.792291624784907,30
2009-12-18,2.7445816408444625,30
2009-12-21,2.774243757678487,30
2009-12-22,2.7365451539372203,30
2009-12-23,2.7758449823862414,30
2009-12-24,2.843776012501751,30
2009-12-25,2.8543851339235617,30
2009-12-28,2.875557883920442,30
2009-12-29,2.9067231578175896,30
2009-12-30,2.889400254085305,30
2009-12-31,2.925928038311603,30
2010-01-04,2.93907258180346,30
2010-01-05,2.9747102885726173,30
2010-01-06,2.9646795199199865,30
2010-01-07,2.9302053010917666,30
2010-01-08,2.948031661682732,30
2010-01-11,2.996483227863937,30
2010-01-12,3.0437638348391745,30
2010-01-13,3.041988230629702,30
2010-01-14,3.089988273584549,30
2010-01-15,3.1226958223783012,30
2010-01-18,3.1493523649640407,30
2010-01-19,3.1298944358911727,30
2010-01-20,3.03728934149926,30
2010-01-21,3.0422921197282733,30
2010-01-22,2.985486627083532,30
2010-01-25,2.9573061280785042,30
2010-01-26,2.8996803376000027,30
2010-01-27,2.8988372085856393,30
2010-01-28,2.9288209741365074,30
2010-01-29,2.9541646525224756,30
2010-02-01,2.931603446540677,30
2010-02-02,2.9127007782760037,30
2010-02-03,2.908796925181956,30
2010-02-04,2.9076694366056817,30
2010-02-05,2.861402691831118,30
2010-02-08,2.8548460432722735,30
2010-02-09,2.8688742594741536,30
2010-02-10,2.9047181656096486,30
2010-02-11,2.9053617725613115,30
2010-02-12,2.9322791590577033,30
2010-02-22,2.9346455860232483,30
2010-02-23,2.934873297988024,30
2010-02-24,2.9974547411896206,30
2010-02-25,3.031318053112852,30
2010-02-26,3.0306698547754376,30
2010-03-01,3.0437034968635843,30
2010-03-02,3.0353668608072564,30
2010-03-03,3.0409807517599017,30
2010-03-04,2.990279168970651,30
2010-03-05,2.997749545195321,30
2010-03-08,3.0069001513734643,30
2010-03-09,3.00024460509207,30
2010-03-10,2.9743557667764606,30
2010-03-11,2.9639267998941388,30
2010-03-12,2.9421453742911,30
2010-03-15,2.931745101835638,30
2010-03-16,2.9436213282140176,30
2010-03-17,2.992566406703129,30
2010-03-18,2.9870328339084966,30
2010-03-19,2.9920769769210653,30
2010-03-22,3.007928622350771,30
2010-03-23,3.0278966975632455,30
2010-03-24,3.048713814795722,30
2010-03-25,3.033234442858354,30
2010-03-26,3.047049945728146,30
2010-03-29,3.0444452565419895,30
2010-03-30,3.0514668654618275,30
2010-03-31,3.0776597189332486,30
2010-04-01,3.1128630829803314,30
2010-04-02,3.1140515647953535,30
2010-04-06,3.1220472787851037,30
2010-04-07,3.14733983988479,30
2010-04-08,3.1492683084877817,30
2010-04-09,3.1997368660854337,30
2010-04-12,3.236808534948806,30
2010-04-13,3.1908189246604532,30
2010-04-14,3.2151356740299675,30
2010-04-15,3.177204072838076,30
2010-04-16,3.1850788957470613,30
2010-04-19,3.133824605374174,30
2010-04-20,3.1835302263620253,30
2010-04-21,3.2536853187820096,30
2010-04-22,3.2806043644285454,30
2010-04-23,3.2546371394519125,30
2010-04-26,3.240393642748683,30
2010-04-27,3.184344723712221,30
2010-04-28,3.1545538826717467,30
2010-04-29,3.086099756764068,30
2010-04-30,3.0429703137982176,30
2010-05-04,3.062931146173903,30
2010-05-05,3.1333046636549566,30
2010-05-06,3.0704240289933256,30
2010-05-07,3.0447804711520865,30
2010-05-10,2.980544273437105,30
2010-05-11,2.9378285598070075,30
2010-05-12,2.8941061458583315,30
2010-05-13,2.9406312031758963,30
2010-05-14,2.9535045233631894,30
2010-05-17,2.8632510061960263,30
2010-05-18,2.8838105520826445,30
2010-05-19,2.910055668332338,30
2010-05-20,2.897225836350906,30
2010-05-21,2.9637444315853383,30
2010-05-24,3.0364648759917734,30
2010-05-25,3.0197462819351517,30
2010-05-26,3.0163564175860045,30
2010-05-27,3.0591365304956506,30
2010-05-28,3.0710901930987093,30
2010-05-31,3.0280538213260715,30
2010-06-01,2.997314968670969,30
2010-06-02,3.028986072184672,30
2010-06-03,3.035336726343251,30
2010-06-04,3.0935457227722902,30
2010-06-07,3.149900234251947,30
2010-06-08,3.153039769612384,30
2010-06-09,3.1639974795023655,30
2010-06-10,3.19980043827461,30
2010-06-11,3.202868997536545,30
2010-06-17,3.1269176094284665,30
2010-06-18,3.0315674611821337,30
2010-06-21,3.0805679486463236,30
2010-06-22,3.079028563614823,30
2010-06-23,3.0902667377357105,30
2010-06-24,3.0991573534923824,30
2010-06-25,3.051324526334533,30
2010-06-28,3.0222456667326516,30
2010-06-29,2.930348383162474,30
2010-06-30,2.942976993813295,30
2010-07-01,2.9043383422390727,30
2010-07-02,2.9033626185515917,30
2010-07-05,2.9008929359588893,30
2010-07-06,2.9426539906538696,30
2010-07-07,2.9565540861455357,30
2010-07-08,2.9648708782993345,30
2010-07-09,2.9941549105727816,30
2010-07-12,2.9897969622222624,30
2010-07-13,2.9880300586108812,30
2010-07-14,2.9806967959334068,30
2010-07-15,2.940715922169174,30
2010-07-16,2.9458858436777025,30
2010-07-19,2.971053327673405,30
2010-07-20,3.003712918114783,30
2010-07-21,3.007944171611394,30
2010-07-22,3.0206188127036127,30
2010-07-23,3.0375293013437754,30
2010-07-26,3.0431222201888235,30
2010-07-27,3.029094406285653,30
2010-07-28,3.04981561267248,30
2010-07-29,3.0602423580895826,30
2010-07-30,3.0667373639551903,30
2010-08-02,3.086179458920527,30
2010-08-03,3.068627919801745,30
2010-08-04,3.081645371399017,30
2010-08-05,3.0883553302072504,30
2010-08-06,3.117086982560559,30
2010-08-09,3.1458512776118153,30
2010-08-10,3.1016382929817734,30
2010-08-11,3.115460607275049,30
2010-08-12,3.106479018867011,30
2010-08-13,3.1287738536273206,30
2010-08-16,3.166840645243043,30
2010-08-17,3.173901567362392,30
2010-08-18,3.16764501135001,30
2010-08-19,3.1681778779718712,30
2010-08-20,3.145240554214593,30
2010-08-23,3.141685365592457,30
2010-08-24,3.1437608602599005,30
2010-08-25,3.1110352146962623,30
2010-08-26,3.1234969022375845,30
2010-08-27,3.1509883580354283,30
2010-08-30,3.1805772220735435,30
2010-08-31,3.185001461256879,30
2010-09-01,3.1412089237901477,30
2010-09-02,3.1640056009095217,30
2010-09-03,3.1896850659228506,30
2010-09-06,3.165618682894271,30
2010-09-07,3.174872288861197,30
2010-09-08,3.1871763256583865,30
2010-09-09,3.191273354776735,30
2010-09-10,3.219905520548539,30
2010-09-13,3.2338029515748175,30
2010-09-14,3.2218508973637747,30
2010-09-15,3.172031036835909,30
2010-09-16,3.1428716765132707,30
2010-09-17,3.1383063237428335,30
2010-09-20,3.111105712782164,30
2010-09-21,3.0914389854681144,30
2010-09-27,3.118874725876822,30
2010-09-28,3.104931589986972,30
2010-09-29,3.096396669177397,30
2010-09-30,3.1210884984020013,30
2010-10-08,3.1578583892558156,30
2010-10-11,3.1456117689571377,30
2010-10-12,3.150293608472007,30
2010-10-13,3.1634120200695452,30
2010-10-14,3.126091327743976,30
2010-10-15,3.103633479804081,30
2010-10-18,3.094492420079158,30
2010-10-19,3.2212788469311886,30
2010-10-20,3.2309233451942765,30
2010-10-21,3.2178505454813213,30
2010-10-22,3.2543895312402986,30
2010-10-25,3.3075388136653716,30
2010-10-26,3.2898531133776854,30
2010-10-27,3.276754418288838,30
2010-10-28,3.289071704447352,30
2010-10-29,3.338211689309735,30
2010-11-01,3.420619234224115,30
2010-11-02,3.3756677108535658,30
2010-11-03,3.2993325482510203,30
2010-11-04,3.327992034770429,30
2010-11-05,3.375870368673101,30
2010-11-08,3.4310454087356215,30
2010-11-09,3.4499630748437013,30
2010-11-10,3.4998355916482247,30
2010-11-11,3.4653436007444838,30
2010-11-12,3.321980589192429,30
2010-11-15,3.4548985523596767,30
2010-11-16,3.428678082697376,30
2010-11-17,3.3609634058745064,30
2010-11-18,3.4036855016594645,30
2010-11-19,3.5134693280417,30
2010-11-22,3.5591435684517445,30
2010-11-23,3.575905446955623,30
2010-11-24,3.6335051748469924,30
2010-11-25,3.5976499496231527,30
2010-11-26,3.6080005715590735,30
2010-11-29,3.6396261640283645,30
2010-11-30,3.5457258534057505,30
2010-12-01,3.5250012632753087,30
2010-12-02,3.527616084282492,30
2010-12-03,3.4968692638557046,30
2010-12-06,3.4468403913509786,30
2010-12-07,3.486913463787912,30
2010-12-08,3.47135167298931,30
2010-12-09,3.439502389912618,30
2010-12-10,3.4788401479477,30
2010-12-13,3.5562446777684737,30
2010-12-14,3.5759881645995217,30
2010-12-15,3.554037383565438,30
2010-12-16,3.577621987608421,30
2010-12-17,3.582413684330143,30
2010-12-20,3.5417444119592028,30
2010-12-21,3.547872702818988,30
2010-12-22,3.52647470758474,30
2010-12-23,3.465520069072567,30
2010-12-24,3.4093827691303717,30
2010-12-27,3.3311358848602484,30
2010-12-28,3.3130143226354747,30
2010-12-29,3.3560601869447826,30
2010-12-30,3.366579284205682,30
2010-12-31,3.406600631168227,30
2011-01-04,3.4278005760697186,30
2011-01-05,3.432243772543794,30
2011-01-06,3.417829572660677,30
2011-01-07,3.3899948988859667,30
2011-01-10,3.315203707960434,30
2011-01-11,3.273516495633244,30
2011-01-12,3.2900657833874885,30
2011-01-13,3.2973427988701407,30
2011-01-14,3.222060598635491,30
2011-01-17,3.1121622482573144,30
2011-01-18,3.1168848790561894,30
2011-01-19,3.157255801345312,30
2011-01-20,3.0714665484143677,30
2011-01-21,3.0785662576582524,30
2011-01-24,3.0424453949116548,30
2011-01-25,3.014904152857851,30
2011-01-26,3.0436243959147204,30
2011-01-27,3.0765251411850314,30
2011-01-28,3.0985094907909176,30
2011-01-31,3.107164810394695,30
2011-02-01,3.1084634237505195,30
2011-02-09,3.0848310620695676,30
2011-02-10,3.1539213577150615,30
2011-02-11,3.1741339913615065,30
2011-02-14,3.2077973523788734,30
2011-02-15,3.208522269553095,30
2011-02-16,3.2433476471603973,30
2011-02-17,3.261347538568291,30
2011-02-18,3.2331975310362675,30
2011-02-21,3.263822428011245,30
2011-02-22,3.2117048838692113,30
2011-02-23,3.2320980200181437,30
2011-02-24,3.2314097477347845,30
2011-02-25,3.2277694483266406,30
2011-02-28,3.2430727310586174,30
2011-03-01,3.2571162769616637,30
2011-03-02,3.243189342355552,30
2011-03-03,3.200940239156819,30
2011-03-04,3.2128353211091984,30
2011-03-07,3.227569895839777,30
2011-03-08,3.2393778307605214,30
2011-03-09,3.241533607701884,30
2011-03-10,3.2475174927936292,30
2011-03-11,3.2569746133574005,30
2011-03-14,3.269095843900778,30
2011-03-15,3.2401902507524345,30
2011-03-16,3.265617178299651,30
2011-03-17,3.2127367753220772,30
2011-03-18,3.2289819649717377,30
2011-03-21,3.2055233355351906,30
2011-03-22,3.198930543876824,30
2011-03-23,3.2269179543728574,30
2011-03-24,3.2199790054757536,30
2011-03-25,3.2240100981667066,30
2011-03-28,3.2115619443579195,30
2011-03-29,3.1395728817075526,30
2011-03-30,3.1302399842862902,30
2011-03-31,3.1215623101200496,30
2011-04-01,3.1414699246166484,30
2011-04-06,3.1156293576397815,30
2011-04-07,3.1391101891358733,30
2011-04-08,3.177768615897822,30
2011-04-11,3.1370734527592474,30
2011-04-12,3.116079188856258,30
2011-04-13,3.1588966511640195,30
2011-04-14,3.1496329392657496,30
2011-04-15,3.1519014809457992,30
2011-04-18,3.1467178419629827,30
2011-04-19,3.137224755365883,30
2011-04-20,3.1731793475653904,30
2011-04-21,3.1872645934042,30
2011-04-22,3.179398988524587,30
2011-04-25,3.1201061013729263,30
2011-04-26,3.0738086462184593,30
2011-04-27,3.0333294108292272,30
2011-04-28,2.9497377308909978,30
2011-04-29,2.982524298135741,30
2011-05-03,3.0025581280457994,30
2011-05-04,2.958465289445869,29
2011-05-05,2.9653704822318887,29
2011-05-06,2.9799332271610615,29
2011-05-09,3.001117164671999,29
2011-05-10,3.008744055729915,29
2011-05-11,3.0094111072635035,29
2011-05-12,2.9649789539839593,29
2011-05-13,2.9704465370718025,29
2011-05-16,2.964923404437401,29
2011-05-17,2.959932074094266,29
2011-05-18,2.9641780455593096,29
2011-05-19,2.9592359834683597,29
2011-05-20,2.937287170066804,29
2011-05-23,2.8663411302697703,29
2011-05-24,2.888574700269122,29
2011-05-25,2.8422469703864652,29
2011-05-26,2.820173223957111,29
2011-05-27,2.7920752118082195,29
2011-05-30,2.794426486022854,29
2011-05-31,2.816378088238106,29
2011-06-01,2.8304176308025855,29
2011-06-02,2.809135661636299,29
2011-06-03,2.8365495944876775,29
2011-06-07,2.851647402820317,29
2011-06-08,2.8446507981117226,29
2011-06-09,2.8147785122439473,29
2011-06-10,2.8091997114174565,29
2011-06-13,2.8169060540139035,29
2011-06-14,2.835102182971849,29
2011-06-15,2.817300273303366,29
2011-06-16,2.7899579226181164,29
2011-06-17,2.77691928983816,29
2011-06-20,2.768783893585314,29
2011-06-21,2.783368658680746,29
2011-06-22,2.7879296295825293,29
2011-06-23,2.8309686481134526,29
2011-06-24,2.8650581586226602,29
2011-06-27,2.8821022653329487,29
2011-06-28,2.889709974295398,29
2011-06-29,2.865330740319625,29
2011-06-30,2.8795172586254956,29
2011-07-01,2.889640625496627,29
2011-07-04,2.9181815886174616,30
2011-07-05,2.9271046736597257,30
2011-07-06,2.9454320988033813,30
2011-07-07,2.958960157543145,30
2011-07-08,2.9444991552503996,30
2011-07-11,2.953571699342638,30
2011-07-12,2.9192303295873963,30
2011-07-13,2.9522072609392076,30
2011-07-14,2.989459674632556,30
2011-07-15,3.0131397188845734,30
2011-07-18,3.005944748357603,30
2011-07-19,2.9791706720766062,30
2011-07-20,2.9981586278147443,30
2011-07-21,2.9821431159635816,30
2011-07-22,2.987678515794656,30
2011-07-25,2.92788510313459,30
2011-07-26,2.9323780174215117,30
2011-07-27,2.969683844034627,30
2011-07-28,2.9895216891982175,30
2011-07-29,2.9739986263624694,30
2011-08-01,2.9890168972536113,30
2011-08-02,3.0072957568421157,30
2011-08-03,3.0229510055962376,30
2011-08-04,3.016097975200818,30
2011-08-05,2.9839127092016624,30
2011-08-08,2.9143256906104216,30
2011-08-09,2.9063403915899775,30
2011-08-10,2.9247118363454514,30
2011-08-11,2.9585376060178503,30
2011-08-12,2.9829831399494116,30
2011-08-15,3.01060118251513,30
2011-08-16,3.0009772120597105,30
2011-08-17,3.0056462681532485,30
2011-08-18,2.983292338289923,30
2011-08-19,2.9886833935778983,30
2011-08-22,2.9986799710137686,30
2011-08-23,3.026057045466022,30
2011-08-24,3.025800279414734,30
2011-08-25,3.032171330889881,30
2011-08-26,3.046168465056215,30
2011-08-29,3.0456279662489427,30
2011-08-30,3.0186667423858755,30
2011-08-31,3.0103587963746965,30
2011-09-01,3.005667179454538,30
2011-09-02,2.994251355593449,30
2011-09-05,2.962621929652279,30
2011-09-06,2.9544804448950748,30
2011-09-07,2.983690525605475,30
2011-09-08,2.9711198526203764,30
2011-09-09,2.956898272937007,30
2011-09-13,2.9427340332602836,30
2011-09-14,2.9556045439740926,30
2011-09-15,2.955445139688273,30
2011-09-16,2.951166256765084,30
2011-09-19,2.9274960354942676,30
2011-09-20,2.9364714886448136,30
2011-09-21,2.9676563545016466,30
2011-09-22,2.935016576933246,30
2011-09-23,2.932197054340713,30
2011-09-26,2.9227990379342366,30
2011-09-27,2.932232680163407,30
2011-09-28,2.9239262612120114,30
2011-09-29,2.8879024748005504,30
2011-09-30,2.881970444174237,30
2011-10-10,2.875049220381182,30
2011-10-11,2.8718125745944825,30
2011-10-12,2.913277346269302,30
2011-10-13,2.930793378986615,30
2011-10-14,2.9312065190037226,30
2011-10-17,2.945217169116054,30
2011-10-18,2.91561069689906,30
2011-10-19,2.9059021639775415,30
2011-10-20,2.884694143563703,30
2011-10-21,2.8570980529340804,30
2011-10-24,2.8715665362267773,30
2011-10-25,2.9055290210708424,30
2011-10-26,2.9232445481606524,30
2011-10-27,2.928055524883506,30
2011-10-28,2.952963894847281,30
2011-10-31,2.9703338518938205,30
2011-11-01,2.975043455411831,30
2011-11-02,3.0012763196723933,30
2011-11-03,2.999018687485116,30
2011-11-04,3.0056825250374954,30
2011-11-07,3.004118169542852,30
2011-11-08,2.988600622074657,30
2011-11-09,3.0134335634827365,30
2011-11-10,3.0078109238994504,30
2011-11-11,3.005813630569544,30
2011-11-14,3.031539567283054,30
2011-11-15,3.034854239228788,30
2011-11-16,3.006313579719647,30
2011-11-17,3.0159829162696634,30
2011-11-18,2.991984915898047,30
2011-11-21,2.9803911321183807,30
2011-11-22,2.9832868516750257,30
2011-11-23,2.989886289310528,30
2011-11-24,2.9896427787199373,30
2011-11-25,2.9819106621492204,30
2011-11-28,2.9849729814488466,30
2011-11-29,2.9946675067395465,30
2011-11-30,2.9427399175829843,30
2011-12-01,2.9611626916657476,30
2011-12-02,2.9357329605011246,30
2011-12-05,2.9031262105915547,30
2011-12-06,2.913951413342351,30
2011-12-07,2.919907769304408,30
2011-12-08,2.927787170950538,30
2011-12-09,2.91936457600244,30
2011-12-12,2.9092401949313564,30
2011-12-13,2.8788252763351005,30
2011-12-14,2.864149429690651,30
2011-12-15,2.8489613037664863,30
2011-12-16,2.8803721027381597,30
2011-12-19,2.892068147442604,30
2011-12-20,2.8850015055207106,30
2011-12-21,2.863826808150933,30
2011-12-22,2.851398795539477,30
2011-12-23,2.854396921969227,30
2011-12-26,2.8460173518595147,30
2011-12-27,2.814717203327139,30
2011-12-28,2.797147529151216,30
2011-12-29,2.799624493904868,30
2011-12-30,2.816613479059965,30
2012-01-04,2.792235406048062,30
2012-01-05,2.7448672844388415,30
2012-01-06,2.743995212464383,30
2012-01-09,2.7811721301894163,30
2012-01-10,2.813168839229301,30
2012-01-11,2.814904568501711,30
2012-01-12,2.809159979078893,30
2012-01-13,2.753719345554167,30
2012-01-16,2.711371451883021,30
2012-01-17,2.7529451965049443,30
2012-01-18,2.70763635475282,30
2012-01-19,2.7154658898573727,30
2012-01-20,2.7284741186358348,30
2012-01-30,2.7365316331387706,30
2012-01-31,2.729893319939129,30
2012-02-01,2.72973657564895,30
2012-02-02,2.740783789387774,30
2012-02-03,2.7590139771944338,30
2012-02-06,2.7705069555257786,30
2012-02-07,2.760498682232528,30
2012-02-08,2.7816323897047717,30
2012-02-09,2.7874646672993872,30
2012-02-10,2.7918772265581446,30
2012-02-13,2.806644039291537,30
2012-02-14,2.805319306868989,30
2012-02-15,2.819534042652075,30
2012-02-16,2.816056054743356,30
2012-02-17,2.808605841686323,30
2012-02-20,2.81402633386294,30
2012-02-21,2.833149586281159,30
2012-02-22,2.862850563707665,30
2012-02-23,2.879641940133054,30
2012-02-24,2.8835271298295364,30
2012-02-27,2.8813016901028567,30
2012-02-28,2.8714855628027562,30
2012-02-29,2.855709642683949,30
2012-03-01,2.8641053467975888,30
2012-03-02,2.8811289947973004,30
2012-03-05,2.881082453579036,30
2012-03-06,2.8690661450198993,30
2012-03-07,2.8674413725907657,30
2012-03-08,2.879499743381502,30
2012-03-09,2.902732143797803,30
2012-03-12,2.9075429381761158,30
2012-03-13,2.919276236817959,30
2012-03-14,2.868997827325176,30
2012-03-15,2.863060504416479,30
2012-03-16,2.8902986473532857,30
2012-03-19,2.907183720086115,30
2012-03-20,2.871930039304151,30
2012-03-21,2.8754932558915636,30
2012-03-22,2.8732408262656786,30
2012-03-23,2.854149914449971,30
2012-03-26,2.8487261054227795,30
2012-03-27,2.8447987863046635,30
2012-03-28,2.7855439480266595,30
2012-03-29,2.7688547545991224,30
2012-03-30,2.76600856910099,30
2012-04-05,2.7916804204855064,30
2012-04-06,2.7959333366318755,30
2012-04-09,2.785307385099821,30
2012-04-10,2.792618224282643,30
2012-04-11,2.7958617702645068,30
2012-04-12,2.816897299063556,30
2012-04-13,2.8270840603943292,30
2012-04-16,2.819992329892821,30
2012-04-17,2.816406813114419,30
2012-04-18,2.8319345735388417,30
2012-04-19,2.831621945460481,30
2012-04-20,2.842278880757815,30
2012-04-23,2.8066321042163778,30
2012-04-24,2.787590582946927,30
2012-04-25,2.79722872990255,30
2012-04-26,2.7942651261973865,30
2012-04-27,2.794897723418926,30
2012-05-02,2.815479368476169,30
2012-05-03,2.832373667883952,30
2012-05-04,2.856640082407645,30
2012-05-07,2.8829562882959583,30
2012-05-08,2.8869779097233224,30
2012-05-09,2.8594728074871956,30
2012-05-10,2.8665963640887195,30
2012-05-11,2.8522846408374254,30
2012-05-14,2.8469948535245146,30
2012-05-15,2.850283905698699,30
2012-05-16,2.823735164959823,30
2012-05-17,2.839207928153759,30
2012-05-18,2.8155916658853095,30
2012-05-21,2.812625055470156,30
2012-05-22,2.838593725744505,30
2012-05-23,2.834125803705414,30
2012-05-24,2.8345495175568622,30
2012-05-25,2.8040699182986057,30
2012-05-28,2.8171334009782103,30
2012-05-29,2.8479371352499028,30
2012-05-30,2.8644849001565182,30
2012-05-31,2.878854483961765,30
2012-06-01,2.8860716206636843,30
2012-06-04,2.8131924497206966,30
2012-06-05,2.7999966118104,30
2012-06-06,2.8004048628830818,30
2012-06-07,2.7930575770902486,30
2012-06-08,2.7838034352199346,30
2012-06-11,2.852260169511023,30
2012-06-12,2.85480788643263,30
2012-06-13,2.8980955074766075,30
2012-06-14,2.8837090040991415,30
2012-06-15,2.9009337454615136,30
2012-06-18,2.9465554183658598,30
2012-06-19,2.938668596218052,30
2012-06-20,2.9672545017726426,30
2012-06-21,2.920859736457315,30
2012-06-25,2.8585534751874717,30
2012-06-26,2.8489793725421837,30
2012-06-27,2.863662872169482,30
2012-06-28,2.86550067004969,30
2012-06-29,2.89616937386501,30
2012-07-02,2.9213509440464462,30
2012-07-03,2.94367497358384,30
2012-07-04,2.920850498257054,30
2012-07-05,2.873452542629355,30
2012-07-06,2.898746309078105,30
2012-07-09,2.852660923291065,30
2012-07-10,2.8276898552210246,30
2012-07-11,2.8323198799426197,30
2012-07-12,2.8553438176649077,30
2012-07-13,2.810919313154323,30
2012-07-16,2.7071851692289837,30
2012-07-17,2.7233801100277026,30
2012-07-18,2.7349068783160755,30
2012-07-19,2.7692579525004573,30
2012-07-20,2.7596685037856368,30
2012-07-23,2.734168594776846,30
2012-07-24,2.760337710584747,30
2012-07-25,2.7625494785132174,30
2012-07-26,2.7426642979050935,30
2012-07-27,2.7470176917386,30
2012-07-30,2.7107799722723684,30
2012-07-31,2.67848292963108,30
2012-08-01,2.6959442113912933,30
2012-08-02,2.6867429179532056,30
2012-08-03,2.7280379686570457,30
2012-08-06,2.7774087013268134,30
2012-08-07,2.7883830438148163,30
2012-08-08,2.7818965243635168,30
2012-08-09,2.8136623169615302,30
2012-08-10,2.801247570952535,30
2012-08-13,2.7633399966245906,30
2012-08-14,2.780114520459222,30
2012-08-15,2.764064497959189,30
2012-08-16,2.759693480926516,30
2012-08-17,2.775497424535031,30
2012-08-20,2.7813774660952864,30
2012-08-21,2.819680177230757,30
2012-08-22,2.8215537260136427,30
2012-08-23,2.846846068053692,30
2012-08-24,2.8100288936029436,30
2012-08-27,2.7647102065965545,30
2012-08-28,2.790745986940443,30
2012-08-29,2.793015021993111,30
2012-08-30,2.764722970227528,30
2012-08-31,2.7771314352343355,30
2012-09-03,2.7984404279032655,30
2012-09-04,2.807719267153216,30
2012-09-05,2.833936762271214,30
2012-09-06,2.845751717456492,30
2012-09-07,2.88040270485074,30
2012-09-10,2.899750908163313,30
2012-09-11,2.886985299121133,30
2012-09-12,2.894127019296862,30
2012-09-13,2.8647412564186348,30
2012-09-14,2.8619268513012757,30
2012-09-17,2.8120381957785394,30
2012-09-18,2.818721114885416,30
2012-09-19,2.8321264531142205,30
2012-09-20,2.784270508791218,30
2012-09-21,2.7639507550973335,30
2012-09-24,2.778685387083473,30
2012-09-25,2.755102511837288,30
2012-09-26,2.714890353117901,30
2012-09-27,2.744311369004764,30
2012-09-28,2.770551513284603,30
2012-10-08,2.7744345171531144,30
2012-10-09,2.8094600694276934,30
2012-10-10,2.821163528844243,30
2012-10-11,2.7936493845621233,30
2012-10-12,2.7943229279276776,30
2012-10-15,2.768733355233185,30
2012-10-16,2.769198669656432,30
2012-10-17,2.774767379843728,30
2012-10-18,2.7902601287206186,30
2012-10-19,2.791791831208745,30
2012-10-22,2.8004987334281863,30
2012-10-23,2.783687263267142,30
2012-10-24,2.77802764228382,30
2012-10-25,2.7728851466572144,30
2012-10-26,2.7445926693576865,30
2012-10-29,2.745810357417947,30
2012-10-30,2.7464996173825336,30
2012-10-31,2.748044516692685,30
2012-11-01,2.7679441131532774,30
2012-11-02,2.7719046366061213,30
2012-11-05,2.765919752805353,30
2012-11-06,2.7550619542385877,30
2012-11-07,2.764335086852411,30
2012-11-08,2.7375036026789887,30
2012-11-09,2.7361316279768855,30
2012-11-12,2.7510916300396704,30
2012-11-13,2.7331644191391047,30
2012-11-14,2.7418978450578324,30
2012-11-15,2.715684377363745,30
2012-11-16,2.708821603093372,30
2012-11-19,2.716429645504726,30
2012-11-20,2.7315971426968964,30
2012-11-21,2.7436211853952654,30
2012-11-22,2.7350041935249467,30
2012-11-23,2.733178007207112,30
2012-11-26,2.7112342018172546,30
2012-11-27,2.667454724095053,30
2012-11-28,2.6446646905796176,30
2012-11-29,2.6263388386449193,30
2012-11-30,2.634320686074963,30
2012-12-03,2.59554051214819,30
2012-12-04,2.604758191475743,30
2012-12-05,2.6382141493595115,30
2012-12-06,2.6362657365529154,30
2012-12-07,2.657546436492053,30
2012-12-10,2.676267703335941,30
2012-12-11,2.6656952766052666,30
2012-12-12,2.6748753662711726,30
2012-12-13,2.657237221946068,30
2012-12-14,2.6959589237973813,30
2012-12-17,2.700510378085753,30
2012-12-18,2.6972042701874246,30
2012-12-19,2.7055571894212003,30
2012-12-20,2.73160124655892,30
2012-12-21,2.7607323724335022,30
2012-12-24,2.7779597422149083,30
2012-12-25,2.7981653416673873,30
2012-12-26,2.842174969264598,30
2012-12-27,2.8053798058921062,30
2012-12-28,2.828787299637285,30
2012-12-31,2.8289679520368707,30
2013-01-04,2.842839880315911,30
2013-01-07,2.8654025773541454,30
2013-01-08,2.8844052518693313,30
2013-01-09,2.8728929910980865,30
2013-01-10,2.8882922816886434,30
2013-01-11,2.8932128183876746,30
2013-01-14,2.961366416190701,30
2013-01-15,2.983912206145073,30
2013-01-16,2.961883746363923,30
2013-01-17,2.9400808968501426,30
2013-01-18,2.947220786579792,30
2013-01-21,2.960055088851262,30
2013-01-22,2.903500695544057,30
2013-01-23,2.9108963806531443,30
2013-01-24,2.860869229377318,30
2013-01-25,2.8627648594132236,30
2013-01-28,2.901056882886576,30
2013-01-29,2.9099740250366537,30
2013-01-30,2.900659793230232,30
2013-01-31,2.872537472265553,30
2013-02-01,2.8872874902932604,30
2013-02-04,2.881525866737065,30
2013-02-05,2.9092406395604478,30
2013-02-06,2.9233072322439098,30
2013-02-07,2.9377902638668423,30
2013-02-08,2.96620827539297,30
2013-02-18,2.9939754377734613,30
2013-02-19,2.966467982558103,30
2013-02-20,3.010924280731823,30
2013-02-21,2.972689196191285,30
2013-02-22,2.9722060890585302,30
2013-02-25,2.9965707209475743,30
2013-02-26,2.9818198376531853,30
2013-02-27,2.984131631250835,30
2013-02-28,3.0345358084117486,30
2013-03-01,3.081873801656647,30
2013-03-04,2.9991822758820352,30
2013-03-05,3.071191365140808,30
2013-03-06,3.126972269559408,30
2013-03-07,3.0700694963844417,30
2013-03-08,3.037103978877187,30
2013-03-11,3.0545509346534914,30
2013-03-12,2.961259076740179,30
2013-03-13,2.946568825218668,30
2013-03-14,2.939915741622965,30
2013-03-15,2.9521176068299964,30
2013-03-18,2.929408763526071,30
2013-03-19,2.9350784379660277,30
2013-03-20,3.0099182304311745,30
2013-03-21,3.031481038846199,30
2013-03-22,3.040916989146421,30
2013-03-25,3.028726629030731,30
2013-03-26,3.0110603587145963,30
2013-03-27,3.018112310444608,30
2013-03-28,2.935932530315018,30
2013-03-29,2.9255351265190117,30
2013-04-01,2.948705587216112,30
2013-04-02,2.906156275462749,30
2013-04-03,2.871260479924876,30
2013-04-08,2.866344877569383,30
2013-04-09,2.8916848295713766,30
2013-04-10,2.879738261888692,30
2013-04-11,2.873870721069041,30
2013-04-12,2.8635533433715925,30
2013-04-15,2.832996366754203,30
2013-04-16,2.859100266561866,30
2013-04-17,2.888273400705845,30
2013-04-18,2.9153769791227506,30
2013-04-19,2.9760829847194703,30
2013-04-22,3.013912326986968,30
2013-04-23,2.9504303849022455,30
2013-04-24,3.0448540880630754,30
2013-04-25,2.995491112403336,30
2013-04-26,2.952280208047892,30
2013-05-02,2.985023918108681,30
2013-05-03,3.035431479649151,30
2013-05-06,3.0954078466201658,30
2013-05-07,3.083070306273769,30
2013-05-08,3.11830618768837,30
2013-05-09,3.1518671107004956,30
2013-05-10,3.1477141057773506,30
2013-05-13,3.181258373611657,30
2013-05-14,3.1187918826316627,30
2013-05-15,3.174902136876511,30
2013-05-16,3.1657842534475553,30
2013-05-17,3.1926931961854716,30
2013-05-20,3.2682382315168392,30
2013-05-21,3.3157737909230365,30
2013-05-22,3.264290291256729,30
2013-05-23,3.2536001302261854,30
2013-05-24,3.3094033647379106,30
2013-05-27,3.3362012727751407,30
2013-05-28,3.2889685143398375,30
2013-05-29,3.3232542339811872,30
2013-05-30,3.3426652183431904,30
2013-05-31,3.337893790310087,30
2013-06-03,3.303224413625636,30
2013-06-04,3.2117979514857167,30
2013-06-05,3.2167853859693,30
2013-06-06,3.1657754609233306,30
2013-06-07,3.146318504363833,30
2013-06-13,3.0931364010171145,30
2013-06-14,3.1607123792570193,30
2013-06-17,3.176650011794166,30
2013-06-18,3.186443157753831,30
2013-06-19,3.154930506950637,30
2013-06-20,3.051142315442809,30
2013-06-21,3.0224581069618655,30
2013-06-24,2.892693915886155,30
2013-06-25,2.905544226277808,30
2013-06-26,2.973539408548446,30
2013-06-27,2.9054007652871525,30
2013-06-28,2.8810152906568285,30
2013-07-01,2.945917223160743,30
2013-07-02,2.995458242005996,30
2013-07-03,2.996423033918853,30
2013-07-04,3.01896582138544,30
2013-07-05,2.9871843876516024,30
2013-07-08,2.88408151827655,30
2013-07-09,2.8986878375872753,30
2013-07-10,2.948254108323967,30
2013-07-11,2.987814571875195,30
2013-07-12,2.99039853743921,30
2013-07-15,3.0577424711888104,30
2013-07-16,3.096749877169294,30
2013-07-17,3.0746003488193225,30
2013-07-18,3.0852536041830474,30
2013-07-19,3.0168549653627297,30
2013-07-22,3.0788696423255626,30
2013-07-23,3.143332266586563,30
2013-07-24,3.1804032028737006,30
2013-07-25,3.1141086721997193,30
2013-07-26,3.1018815758289064,30
2013-07-29,3.0563004389202186,30
2013-07-30,3.046482684347231,30
2013-07-31,3.0466065399044386,30
2013-08-01,3.119423660599881,30
2013-08-02,3.1307156040122632,30
2013-08-05,3.1792357812336487,30
2013-08-06,3.190957058109791,30
2013-08-07,3.1700443380868712,30
2013-08-08,3.1881207520560504,30
2013-08-09,3.1864285983264162,30
2013-08-12,3.1948330899715787,30
2013-08-13,3.203718494919445,30
2013-08-14,3.2058583572782595,30
2013-08-15,3.173497459163582,30
2013-08-16,3.1241144848165407,30
2013-08-19,3.1703669459519253,30
2013-08-20,3.1665790334459514,30
2013-08-21,3.185745164446105,30
2013-08-22,3.1983695896516156,30
2013-08-23,3.1799750133698477,30
2013-08-26,3.2177740241053914,30
2013-08-27,3.227543219570505,30
2013-08-28,3.1915694357156847,30
2013-08-29,3.1932535305614493,30
2013-08-30,3.1349172082461005,30
2013-09-02,3.1636821397555908,30
2013-09-03,3.198854109093953,30
2013-09-04,3.1965629126665793,30
2013-09-05,3.221072960080447,30
2013-09-06,3.234911045971177,30
2013-09-09,3.2299116275202646,30
2013-09-10,3.2180624836024054,30
2013-09-11,3.1842491558363917,30
2013-09-12,3.1753925367645435,30
2013-09-13,3.2047689103091024,30
2013-09-16,3.2266593231825316,30
2013-09-17,3.188489970566597,30
2013-09-18,3.2076226714951215,30
2013-09-23,3.2563745226407588,30
2013-09-24,3.2618921764482174,30
2013-09-25,3.256366741102296,30
2013-09-26,3.2343042114700618,30
2013-09-27,3.239329759133458,30
2013-09-30,3.2685533984648174,30
2013-10-08,3.3145898394047393,30
2013-10-09,3.350012938525485,30
2013-10-10,3.334335266370281,30
2013-10-11,3.383523298852592,30
2013-10-14,3.4558159607983208,30
2013-10-15,3.4643350274959723,30
2013-10-16,3.4187310024313877,30
2013-10-17,3.4302796178102457,30
2013-10-18,3.4688534366541335,30
2013-10-21,3.5559743781431274,30
2013-10-22,3.5287778197073765,30
2013-10-23,3.4349365672109493,30
2013-10-24,3.437635224749061,30
2013-10-25,3.3815598579551893,30
2013-10-28,3.3800412263899964,30
2013-10-29,3.3153398933714393,30
2013-10-30,3.3866915838959355,30
2013-10-31,3.351960603867491,30
2013-11-01,3.3434839505973675,30
2013-11-04,3.3635433562840378,29
2013-11-05,3.402405429690001,29
2013-11-06,3.3789736440591644,29
2013-11-07,3.336732478860247,29
2013-11-08,3.298349730192018,29
2013-11-11,3.348487892697468,29
2013-11-12,3.3611465698968748,29
2013-11-13,3.3548123418490174,29
2013-11-14,3.4269331439403183,29
2013-11-15,3.4789913513171915,29
2013-11-18,3.5313540847069103,29
2013-11-19,3.528088462853646,29
2013-11-20,3.5528990205218336,29
2013-11-21,3.5453786627256965,29
2013-11-22,3.539374409655258,29
2013-11-25,3.5923236508637966,29
2013-11-26,3.6308963104518526,29
2013-11-27,3.6677692792475085,29
2013-11-28,3.7080635436116816,29
2013-11-29,3.765879040202924,29
2013-12-02,3.504385650946021,29
2013-12-03,3.549797785804303,30
2013-12-04,3.542331335715529,30
2013-12-05,3.524821637467728,30
2013-12-06,3.51654018542153,30
2013-12-09,3.592444874748023,30
2013-12-10,3.5758675036809873,30
2013-12-11,3.5744702006506177,30
2013-12-12,3.613904189709291,30
2013-12-13,3.615733636992421,30
2013-12-16,3.574099479088013,30
2013-12-17,3.5419922415393574,30
2013-12-18,3.540870420956843,30
2013-12-19,3.5538847518603207,30
2013-12-20,3.5317112924303395,30
2013-12-23,3.5413853842877985,30
2013-12-24,3.5877911993411704,30
2013-12-25,3.6816187896912886,30
2013-12-26,3.609465459783912,30
2013-12-27,3.688474201995877,30
2013-12-30,3.713756977534515,30
2013-12-31,3.681067384943691,30
2014-01-02,3.725465255203673,30
2014-01-03,3.735239210765434,30
2014-01-06,3.6449040849516567,30
2014-01-07,3.687132862896798,30
2014-01-08,3.7438019656330903,30
2014-01-09,3.676515250109716,30
2014-01-10,3.6130634178343795,30
2014-01-13,3.6185920066226074,30
2014-01-14,3.693023465978198,30
2014-01-15,3.7208759742120576,30
2014-01-16,3.7186512687971582,30
2014-01-17,3.6900584596509325,30
2014-01-20,3.6300229278884157,30
2014-01-21,3.680430194765437,30
2014-01-22,3.728257733654933,30
2014-01-23,3.7656142673350494,30
2014-01-24,3.8127670673504133,30
2014-01-27,3.8056090397876043,30
2014-01-28,3.788890304459174,30
2014-01-29,3.8321879806040857,30
2014-01-30,3.8053574438882807,30
2014-02-07,3.8536675166169503,30
2014-02-10,3.94465940082853,30
2014-02-11,3.9286665565220593,30
2014-02-12,4.016383326626544,30
2014-02-13,3.945791381915669,30
2014-02-14,4.008293750070038,30
2014-02-17,4.084607735573946,30
2014-02-18,4.086969054332724,30
2014-02-19,4.071439790771309,30
2014-02-20,4.004803036988485,30
2014-02-21,3.988554224244831,30
2014-02-24,4.012275929726478,30
2014-02-25,3.846488485149599,30
2014-02-26,3.843288625039746,30
2014-02-27,3.771760821710081,30
2014-02-28,3.807933061007982,30
2014-03-03,3.845276072741037,30
2014-03-04,3.8151897439311555,30
2014-03-05,3.8313965858303476,30
2014-03-06,3.8257760645058916,30
2014-03-07,3.815063436318107,30
2014-03-10,3.7006607533621896,30
2014-03-11,3.711128470037321,30
2014-03-12,3.7141978106161186,30
2014-03-13,3.7637890320467395,30
2014-03-14,3.7560085407336246,30
2014-03-17,3.8093973506780374,30
2014-03-18,3.811640125557148,30
2014-03-19,3.788318852796191,30
2014-03-20,3.7102279069713573,30
2014-03-21,3.7483710839251065,30
2014-03-24,3.757194288503883,30
2014-03-25,3.7444838060493937,30
2014-03-26,3.7632845521514326,30
2014-03-27,3.6955212664792874,30
2014-03-28,3.6280621677230527,30
2014-03-31,3.59518614564506,30
2014-04-01,3.633700002243423,30
2014-04-02,3.6201562151940956,30
2014-04-03,3.625969703512934,30
2014-04-04,3.6555054477409494,30
2014-04-08,3.687892016582181,30
2014-04-09,3.717838316306188,30
2014-04-10,3.715903834477833,30
2014-04-11,3.7038929661162907,30
2014-04-14,3.7268791069675897,30
2014-04-15,3.714296686134212,30
2014-04-16,3.7171335062909634,30
2014-04-17,3.7350445315083283,30
2014-04-18,3.742068764371782,30
2014-04-21,3.7232910166178894,30
2014-04-22,3.68705366842019,30
2014-04-23,3.6863926108018887,30
2014-04-24,3.6769144014558983,30
2014-04-25,3.644942408016982,30
2014-04-28,3.5688071905488785,30
2014-04-29,3.602576853631786,30
2014-04-30,3.634105063969293,30
2014-05-05,3.6556952798346427,30
2014-05-06,3.6669171821374618,30
2014-05-07,3.6361929115827696,30
2014-05-08,3.6241642375414282,30
2014-05-09,3.5981243861436507,30
2014-05-12,3.639473129181935,30
2014-05-13,3.6462064516373536,30
2014-05-14,3.6506909387340243,30
2014-05-15,3.6283466303941267,30
2014-05-16,3.608115572091419,30
2014-05-19,3.599530639986889,30
2014-05-20,3.5994269174108147,30
2014-05-21,3.613647381469454,30
2014-05-22,3.612386651185817,30
2014-05-23,3.6365187239790844,30
2014-05-26,3.669484461407886,30
2014-05-27,3.660166123044433,30
2014-05-28,3.686073274884194,30
2014-05-29,3.6607237345333195,30
2014-05-30,3.6609501531408046,30
2014-06-03,3.648203539485355,30
2014-06-04,3.6349440540132396,30
2014-06-05,3.6461204703581305,30
2014-06-06,3.64412323178918,30
2014-06-09,3.6269575927944055,30
2014-06-10,3.6466832255803863,30
2014-06-11,3.64844522693725,30
2014-06-12,3.640617911712094,30
2014-06-13,3.6649364408206027,30
2014-06-16,3.6890609094043687,30
2014-06-17,3.6612331179658186,30
2014-06-18,3.6410797180403605,30
2014-06-19,3.5896316861076834,30
2014-06-20,3.6105957507513917,30
2014-06-23,3.6390836974528162,30
2014-06-24,3.6447105710480434,30
2014-06-25,3.659145076178257,30
2014-06-26,3.70080144721458,30
2014-06-27,3.707839774838038,30
2014-06-30,3.717278251821976,30
2014-07-01,3.71690413857512,30
2014-07-02,3.70848219939572,30
2014-07-03,3.716666069013909,30
2014-07-04,3.7244493132388783,30
2014-07-07,3.718008490763461,30
2014-07-08,3.7291785900913315,30
2014-07-09,3.685779153223798,30
2014-07-10,3.6820609202978694,30
2014-07-11,3.6855047154453517,30
2014-07-14,3.719342886187671,30
2014-07-15,3.6988885947935173,30
2014-07-16,3.667365444200404,30
2014-07-17,3.6554478460151825,30
2014-07-18,3.661381693964183,30
2014-07-21,3.656570890439448,30
2014-07-22,3.679635990923162,30
2014-07-23,3.6429538026684596,30
2014-07-24,3.637172406051616,30
2014-07-25,3.647799070545513,30
2014-07-28,3.6797120987631775,30
2014-07-29,3.696157016316264,30
2014-07-30,3.7070761636121885,30
2014-07-31,3.7204076548233953,30
2014-08-01,3.6920815168767307,30
2014-08-04,3.719934743783413,30
2014-08-05,3.7381861069563915,30
2014-08-06,3.7526430435693072,30
2014-08-07,3.7458190541941705,30
2014-08-08,3.7784400007747374,30
2014-08-11,3.845986291782155,30
2014-08-12,3.8447916030752487,30
2014-08-13,3.8221800354525897,30
2014-08-14,3.8177333153424957,30
2014-08-15,3.8540953704428524,30
2014-08-18,3.9056486838187428,30
2014-08-19,3.912356879921691,30
2014-08-20,3.9250852050069467,30
2014-08-21,3.939848668314149,30
2014-08-22,3.957831331166349,30
2014-08-25,3.931468151978927,30
2014-08-26,3.882735700289829,30
2014-08-27,3.89337171386621,30
2014-08-28,3.8634601432079987,30
2014-08-29,3.8980918436297247,30
2014-09-01,3.9478361551503918,30
2014-09-02,3.9932765571994424,30
2014-09-03,4.04960501728211,30
2014-09-04,4.096215750899238,30
2014-09-05,4.108961831398134,30
2014-09-09,4.116796065781704,30
2014-09-10,4.152038904270211,30
2014-09-11,4.146640611531697,30
2014-09-12,4.203479926292587,30
2014-09-15,4.239065146510769,30
2014-09-16,4.11144341704745,30
2014-09-17,4.118077307131514,30
2014-09-18,4.142419581911835,30
2014-09-19,4.169852233591229,30
2014-09-22,4.1238925204029275,30
2014-09-23,4.177632550872652,30
2014-09-24,4.205984633966863,30
2014-09-25,4.189496054764274,30
2014-09-26,4.210763366525301,30
2014-09-29,4.246320027826829,30
2014-09-30,4.272860967509734,30
2014-10-08,4.344536720734784,30
2014-10-09,4.33687923752152,29
2014-10-10,4.325793296553643,29
2014-10-13,4.367582293382129,29
2014-10-14,4.3528074448310345,29
2014-10-15,4.382516753945083,29
2014-10-16,4.361799410559548,29
2014-10-17,4.4147087765419775,29
2014-10-20,4.462696017366245,29
2014-10-21,4.475517573906544,29
2014-10-22,4.434828529288389,29
2014-10-23,4.351187538566334,29
2014-10-24,4.337013129248666,29
2014-10-27,4.377941687151694,29
2014-10-28,4.478011270206211,29
2014-10-29,4.513799316051039,29
2014-10-30,4.508272125719808,29
2014-10-31,4.470614017808735,29
2014-11-03,4.51209415580492,29
2014-11-04,4.466824381024186,30
2014-11-05,4.44955299227982,30
2014-11-06,4.5276078723079465,30
2014-11-07,4.516482464073154,30
2014-11-10,4.574413408854529,30
2014-11-11,4.480518795539277,30
2014-11-12,4.558875478419545,30
2014-11-13,4.455631756368654,30
2014-11-14,4.364893523364161,30
2014-11-17,4.428729352171052,30
2014-11-18,4.444944128494616,30
2014-11-19,4.493908221005807,30
2014-11-20,4.4694315862456,30
2014-11-21,4.504587375848513,30
2014-11-24,4.541060450081638,30
2014-11-25,4.612217607925884,30
2014-11-26,4.69250662154499,30
2014-11-27,4.7319410216471525,30
2014-11-28,4.776838744020211,30
2014-12-01,4.7950985486208,30
2014-12-02,4.84672425372289,30
2014-12-03,4.839085544025634,30
2014-12-04,4.889556713147156,30
2014-12-05,4.70969906517645,30
2014-12-08,4.670651666440467,30
2014-12-09,4.517665107884144,30
2014-12-10,4.674362644795662,30
2014-12-11,4.742715485267163,30
2014-12-12,4.820140279584693,30
2014-12-15,4.908569869354186,30
2014-12-16,4.869042256555997,30
2014-12-17,4.793226196876252,30
2014-12-18,4.766460356427186,30
2014-12-19,4.687131891663804,30
2014-12-22,4.498872614861833,30
2014-12-23,4.50349294680267,30
2014-12-24,4.632334771003527,30
2014-12-25,4.6922928380977185,30
2014-12-26,4.693609881322424,30
2014-12-29,4.57602522687122,30
2014-12-30,4.522966185244228,30
2014-12-31,4.587092489759157,30
2015-01-05,4.60559108434872,30
2015-01-06,4.757856543668393,30
2015-01-07,4.714709770279614,30
2015-01-08,4.73159010158134,30
2015-01-09,4.745349228865198,30
2015-01-12,4.7768615880911165,30
2015-01-13,4.883194349001011,30
2015-01-14,4.839022326381916,30
2015-01-15,4.823281800144451,30
2015-01-16,4.919251974083997,30
2015-01-19,4.8844538629121015,30
2015-01-20,5.082537946187422,30
2015-01-21,5.158153901316169,30
2015-01-22,5.218324577507508,30
2015-01-23,5.122874084371304,30
2015-01-26,5.199752036925833,30
2015-01-27,5.245404660621333,30
2015-01-28,5.265500576458489,30
2015-01-29,5.222885584859055,30
2015-01-30,5.190132807276695,30
2015-02-02,5.230009782850484,30
2015-02-03,5.305131319173703,30
2015-02-04,5.309420122050465,30
2015-02-05,5.343201900795483,30
2015-02-06,5.225883769391273,30
2015-02-09,5.20128618637803,30
2015-02-10,5.259305613430227,30
2015-02-11,5.296701282374546,30
2015-02-12,5.311188842614689,30
2015-02-13,5.371191921519298,30
2015-02-16,5.459757737019032,30
2015-02-17,5.483048026348179,30
2015-02-25,5.449580208676555,30
2015-02-26,5.458650697150702,30
2015-02-27,5.501953653731415,30
2015-03-02,5.583881835254752,30
2015-03-03,5.523505949701548,30
2015-03-04,5.619546973811637,30
2015-03-05,5.660132714868929,30
2015-03-06,5.578506293896644,30
2015-03-09,5.634155927215177,30
2015-03-10,5.690805475836715,30
2015-03-11,5.690195403848638,30
2015-03-12,5.655270283763165,30
2015-03-13,5.7235938063988865,30
2015-03-16,5.865786208360457,30
2015-03-17,5.924898668078411,30
2015-03-18,6.026936010032773,30
2015-03-19,6.040737055338299,30
2015-03-20,6.124639315563225,30
2015-03-23,6.2936487239315975,30
2015-03-24,6.335852965011507,30
2015-03-25,6.434347309255727,30
2015-03-26,6.309196028412585,30
2015-03-27,6.333776381107238,30
2015-03-30,6.348140342671216,30
2015-03-31,6.387417269295923,30
2015-04-01,6.565910436530629,30
2015-04-02,6.689952556551057,30
2015-04-03,6.790147135265586,30
2015-04-07,6.906365205474167,30
2015-04-08,6.818264111944029,30
2015-04-09,6.733637492309324,30
2015-04-10,6.902875724393502,30
2015-04-13,7.0550387611208425,30
2015-04-14,7.014569674918122,30
2015-04-15,6.762671260490247,30
2015-04-16,6.827443421344354,30
2015-04-17,6.842820017486979,30
2015-04-20,6.689193126446624,30
2015-04-21,6.8788628778232,30
2015-04-22,7.032613329335723,30
2015-04-23,7.088819502555322,30
2015-04-24,7.093938970474006,30
2015-04-27,7.06935792535243,30
2015-04-28,6.89363579584091,30
2015-04-29,6.956616855063252,30
2015-04-30,6.9638207135061725,30
2015-05-04,6.956675399177462,30
2015-05-05,6.80352028670739,24
2015-05-06,6.7349850609056405,24
2015-05-07,6.66340885810216,24
2015-05-08,6.840338020497186,24
2015-05-11,7.03888200172296,24
2015-05-12,7.09941214008374,24
2015-05-13,7.1265118702084544,24
2015-05-14,7.184735475065139,24
2015-05-15,7.128935006540052,24
2015-05-18,7.270111753241304,24
2015-05-19,7.365914767958676,24
2015-05-20,7.438436890273989,24
2015-05-21,7.668465857716441,24
2015-05-22,7.7417314300681,24
2015-05-25,7.837470591121333,24
2015-05-26,8.077128120108531,24
2015-05-27,8.20472656756946,24
2015-05-28,7.9260594544326235,24
2015-05-29,7.961952596741118,24
2015-06-01,8.149498953342922,24
2015-06-02,8.223494693614324,14
2015-06-03,8.243804075960353,14
2015-06-04,8.201243482100564,14
2015-06-05,8.374681393441806,14
2015-06-08,8.384748575344254,14
2015-06-09,8.3644427330843,14
2015-06-10,8.48018374181118,14
2015-06-11,8.58720119238588,14
2015-06-12,8.68348837447538,14
2015-06-15,8.555152622935728,14
2015-06-16,8.35077907261695,14
2015-06-17,8.502391435077332,14
2015-06-18,8.317701142924776,14
2015-06-19,7.934272815306047,14
2015-06-23,8.076547649162316,14
2015-06-24,8.216464594527821,14
2015-06-25,7.962170372003529,14
2015-06-26,7.508304325523232,14
2015-06-29,7.2174705460226924,14
2015-06-30,7.511850078191098,14
2015-07-01,7.334135900401009,14
2015-07-02,7.127814098330765,29
2015-07-03,6.928377871710087,29
2015-07-06,6.833755159530162,29
2015-07-07,6.480287932178362,29
2015-07-08,6.296012583819235,29
2015-07-09,6.631964463940819,29
2015-07-10,6.984962519574551,29
2015-07-13,7.355257026682075,29
2015-07-14,7.453654819506039,29
2015-07-15,7.145514968835139,29
2015-07-16,7.23714977103454,29
2015-07-17,7.521063971587627,29
2015-07-20,7.592685070247855,29
2015-07-21,7.688205292330254,29
2015-07-22,7.7352207124568535,29
2015-07-23,7.926900899860512,29
2015-07-24,7.8091029445715305,29
2015-07-27,7.4102195237923905,29
2015-07-28,7.30225229790722,29
2015-07-29,7.5658809436056345,29
2015-07-30,7.470700526962129,29
2015-07-31,7.414581255872907,29
2015-08-03,7.253133624217976,29
2015-08-04,7.507160879561925,30
2015-08-05,7.520563009927801,30
2015-08-06,7.524606744642242,30
2015-08-07,7.648619572008595,30
2015-08-10,7.830820408390902,30
2015-08-11,7.826801515093326,30
2015-08-12,7.730373550018333,30
2015-08-13,7.858990306111647,30
2015-08-14,7.859807022074948,30
2015-08-17,7.8657819483495315,30
2015-08-18,7.571878889734472,30
2015-08-19,7.720342075815403,30
2015-08-20,7.567404869055499,30
2015-08-21,7.35108624572368,30
2015-08-24,7.013710822542395,30
2015-08-25,6.720666113211677,30
2015-08-26,6.609047624721554,30
2015-08-27,6.774662421747908,30
2015-08-28,6.99770377198881,30
2015-08-31,6.818644734743857,30
2015-09-01,6.577089060653676,30
2015-09-02,6.49667631850129,30
2015-09-07,6.56090501534546,30
2015-09-08,6.746679334727505,30
2015-09-09,6.878798310217224,30
2015-09-10,6.798726117915173,30
2015-09-11,6.823648771177681,30
2015-09-14,6.556706314107751,30
2015-09-15,6.410953777989543,30
2015-09-16,6.662558137503827,30
2015-09-17,6.616154426927351,30
2015-09-18,6.66792714657519,30
2015-09-21,6.817865207706336,30
2015-09-22,6.875454683489112,30
2015-09-23,6.8589377196105055,30
2015-09-24,6.90335371273502,30
2015-09-25,6.7765415148022665,30
2015-09-28,6.887823154743456,30
2015-09-29,6.848244142754876,30
2015-09-30,6.853714900486679,30
2015-10-08,6.990576114301131,30
2015-10-09,7.0309225211924655,30
2015-10-12,7.165449162327913,30
2015-10-13,7.216719954804873,30
2015-10-14,7.187379186385213,30
2015-10-15,7.304266910811763,30
2015-10-16,7.326008457486153,30
2015-10-19,7.312712155181082,30
2015-10-20,7.3797048630534325,30
2015-10-21,7.173430872679828,30
2015-10-22,7.315078638249257,30
2015-10-23,7.438412672838599,30
2015-10-26,7.479235165771943,30
2015-10-27,7.501780686206007,30
2015-10-28,7.448607029923381,30
2015-10-29,7.4915210156465255,30
2015-10-30,7.520093737191143,30
2015-11-02,7.523437954501806,30
2015-11-03,7.545404424290501,30
2015-11-04,7.683679914603321,30
2015-11-05,7.66959152793045,30
2015-11-06,7.77250587956616,30
2015-11-09,7.828589899092758,30
2015-11-10,7.822947873148218,30
2015-11-11,7.922952913804114,30
2015-11-12,7.977665220537009,30
2015-11-13,7.865700156087934,30
2015-11-16,7.918175800283448,30
2015-11-17,7.9049054451546095,30
2015-11-18,7.82663172959968,30
2015-11-19,7.9411510827150185,30
2015-11-20,7.975950499704348,30
2015-11-23,7.943586935733096,30
2015-11-24,8.042513737101611,30
2015-11-25,8.10627461901365,30
2015-11-26,8.077092449976773,30
2015-11-27,7.905126386656961,30
2015-11-30,7.998210239888084,30
2015-12-01,7.979778797705688,30
2015-12-02,7.9958294723003585,30
2015-12-03,8.05597922070996,30
2015-12-04,8.024695799556577,30
2015-12-07,8.0662238075942,30
2015-12-08,8.016486026708396,30
2015-12-09,7.994977585205436,30
2015-12-10,7.973767231939614,30
2015-12-11,7.949246502378877,30
2015-12-14,8.014214438985334,30
2015-12-15,8.033719315730375,30
2015-12-16,8.044541510560647,30
2015-12-17,8.128321419915979,30
2015-12-18,8.116328906803128,30
2015-12-21,8.16444695136939,30
2015-12-22,8.188573008401267,30
2015-12-23,8.158737897581124,30
2015-12-24,8.164503632775617,30
2015-12-25,8.1854496014305,30
2015-12-28,8.124269197606717,30
2015-12-29,8.160935204315965,30
2015-12-30,8.187820121133448,30
2015-12-31,8.145409364104566,30
2016-01-04,7.786115175280887,30
2016-01-05,7.765900197483431,30
2016-01-06,7.849832568885424,30
2016-01-07,7.494542873108924,30
2016-01-08,7.572492794578132,30
2016-01-11,7.3296441739657086,30
2016-01-12,7.355284639419864,30
2016-01-13,7.237841620926185,30
2016-01-14,7.384481936530758,30
2016-01-15,7.2555790098335,30
2016-01-18,7.301818134388639,30
2016-01-19,7.426862494935599,30
2016-01-20,7.395715337189351,30
2016-01-21,7.225845079537646,30
2016-01-22,7.274357554753786,30
2016-01-25,7.311088502148054,30
2016-01-26,7.0152516204373745,30
2016-01-27,6.986943415748993,30
2016-01-28,6.843468663585886,30
2016-01-29,6.974803528847374,30
2016-02-01,6.95177711261143,30
2016-02-02,7.0721977057773815,30
2016-02-03,7.090845329545359,30
2016-02-04,7.16896101019798,30
2016-02-05,7.128896915422207,30
2016-02-15,7.127887207288332,30
2016-02-16,7.269776303640776,30
2016-02-17,7.315700658858027,30
2016-02-18,7.337230876954591,30
2016-02-19,7.346698819047029,30
2016-02-22,7.420542000485818,30
2016-02-23,7.405166222782068,30
2016-02-24,7.392754207793402,30
2016-02-25,7.12454535172964,30
2016-02-26,7.122677859138494,30
2016-02-29,6.9656376490246705,30
2016-03-01,7.0670276825991944,30
2016-03-02,7.2099721744201535,30
2016-03-03,7.211912012939947,30
2016-03-04,7.085001434017665,30
2016-03-07,7.152478786698369,30
2016-03-08,7.175173855992117,30
2016-03-09,7.112874471974395,30
2016-03-10,7.07479984484394,30
2016-03-11,7.1002841744203105,30
2016-03-14,7.219366505297424,30
2016-03-15,7.192394833623419,30
2016-03-16,7.150304230492467,30
2016-03-17,7.27224623113127,30
2016-03-18,7.387581351452627,30
2016-03-21,7.462886475876298,30
2016-03-22,7.451157425605202,30
2016-03-23,7.499267340457306,30
2016-03-24,7.491532947721838,30
2016-03-25,7.501744592090992,30
2016-03-28,7.482159851082578,30
2016-03-29,7.412798710838092,30
2016-03-30,7.551092706278579,30
2016-03-31,7.586851906455369,30
2016-04-01,7.576715718812517,30
2016-04-05,7.66020363475182,29
2016-04-06,7.690093758602446,29
2016-04-07,7.648958742731249,29
2016-04-08,7.625912126563745,29
2016-04-11,7.727008965779331,29
2016-04-12,7.68984480063963,29
2016-04-13,7.736565881199724,29
2016-04-14,7.765865042146711,29
2016-04-15,7.759741289544457,29
2016-04-18,7.703914462879043,29
2016-04-19,7.714584248977056,29
2016-04-20,7.575915464422635,29
2016-04-21,7.530986575144537,29
2016-04-22,7.568253966858953,29
2016-04-25,7.548485328383322,29
2016-04-26,7.598658040131611,29
2016-04-27,7.595912168431064,29
2016-04-28,7.5795105592064935,29
2016-04-29,7.585052111332079,29
2016-05-03,7.656654861096076,29
2016-05-04,7.657180072159402,27
2016-05-05,7.6609615704082845,27
2016-05-06,7.563723465545928,27
2016-05-09,7.48304820843413,27
2016-05-10,7.488596439979274,27
2016-05-11,7.493313489288323,27
2016-05-12,7.4970407955558125,27
2016-05-13,7.494683639953557,27
2016-05-16,7.5311749347509735,27
2016-05-17,7.5234493421735475,27
2016-05-18,7.467077588002907,27
2016-05-19,7.466154302166066,27
2016-05-20,7.493606318923168,27
2016-05-23,7.524801070514268,27
2016-05-24,7.496955088076269,27
2016-05-25,7.496797629749053,27
2016-05-26,7.4950974312723995,27
2016-05-27,7.493021467358337,27
2016-05-30,7.492569746444819,27
2016-05-31,7.598526385071566,27
2016-06-01,7.595696472926898,27
2016-06-02,7.614347976196942,29
2016-06-03,7.6451738964067415,29
2016-06-06,7.654962958580888,29
2016-06-07,7.668228581585301,29
2016-06-08,7.657367853635027,29
2016-06-13,7.545122535652728,29
2016-06-14,7.558558520748119,29
2016-06-15,7.649241523482123,29
2016-06-16,7.6388465401627155,29
2016-06-17,7.664865121806509,29
2016-06-20,7.700609205307612,29
2016-06-21,7.674730353249115,29
2016-06-22,7.711823668270887,29
2016-06-23,7.694171348364437,29
2016-06-24,7.685143987109089,29
2016-06-27,7.746890232906209,29
2016-06-28,7.773798299981539,29
2016-06-29,7.781514998085761,29
2016-06-30,7.762689841278447,29
2016-07-01,7.755512798388421,29
2016-07-04,7.828892255358449,30
2016-07-05,7.841477693246405,30
2016-07-06,7.865717070723796,30
2016-07-07,7.861643386831969,30
2016-07-08,7.862406513353329,30
2016-07-11,7.8563378119916045,30
2016-07-12,7.922124841245132,30
2016-07-13,7.957310107984721,30
2016-07-14,7.955697462197588,30
2016-07-15,7.9551677636718905,30
2016-07-18,7.929658348862996,30
2016-07-19,7.936358098233431,30
2016-07-20,7.938833373900916,30
2016-07-21,7.9288018715009505,30
2016-07-22,7.881312813873393,30
2016-07-25,7.887080932276265,30
2016-07-26,7.948102438426559,30
2016-07-27,7.783693247065025,30
2016-07-28,7.83220086353737,30
2016-07-29,7.851693159091852,30
2016-08-01,7.745346782231205,30
2016-08-02,7.791129226904714,30
2016-08-03,7.838121346016991,30
2016-08-04,7.864222543863021,30
2016-08-05,7.828978535266306,30
2016-08-08,7.898914703788907,30
2016-08-09,7.932226763296034,30
2016-08-10,7.910201415260115,30
2016-08-11,7.81982867520562,30
2016-08-12,7.871334391064187,30
2016-08-15,8.022267178500252,30
2016-08-16,8.069452606004372,30
2016-08-17,8.08636946548627,30
2016-08-18,8.068772574803615,30
2016-08-19,8.057483564397176,30
2016-08-22,7.977219182471387,30
2016-08-23,7.988601562197206,30
2016-08-24,7.9881478665858445,30
2016-08-25,7.936128014418668,30
2016-08-26,7.9440177719320655,30
2016-08-29,7.963665762843855,30
2016-08-30,7.972449532907863,30
2016-08-31,7.962301062665448,30
2016-09-01,7.907315257476629,30
2016-09-02,7.90889892957883,30
2016-09-05,7.9281796311561745,30
2016-09-06,8.04181822843117,30
2016-09-07,8.02137972537834,30
2016-09-08,8.054286669056237,30
2016-09-09,8.012922756872085,30
2016-09-12,7.841054663908098,30
2016-09-13,7.870670765799022,30
2016-09-14,7.830568557212729,30
2016-09-19,7.912093119538614,30
2016-09-20,7.900065837863147,30
2016-09-21,7.915614295631289,30
2016-09-22,7.942406623384961,30
2016-09-23,7.927426194848476,30
2016-09-26,7.79571246488363,30
2016-09-27,7.866994825233717,30
2016-09-28,7.888112619953618,30
2016-09-29,7.9195069166697625,30
2016-09-30,7.928538819345946,30
2016-10-10,8.035950524832188,30
2016-10-11,8.051168853754742,29
2016-10-12,8.088179808697713,29
2016-10-13,8.098254160393221,29
2016-10-14,8.093397635220706,29
2016-10-17,8.02957347546915,29
2016-10-18,8.140957117196622,29
2016-10-19,8.108829116147179,29
2016-10-20,8.122652014495554,29
2016-10-21,8.078690337118228,29
2016-10-24,8.130770703252763,29
2016-10-25,8.162444890754616,29
2016-10-26,8.138590344656821,29
2016-10-27,8.175296949500531,29
2016-10-28,8.110935275031485,29
2016-10-31,8.123912993284168,29
2016-11-01,8.240914642778932,29
2016-11-02,8.258912841365351,30
2016-11-03,8.30051196236644,30
2016-11-04,8.302545402390582,30
2016-11-07,8.263523283132688,30
2016-11-08,8.293840412540797,30
2016-11-09,8.22816111052271,30
2016-11-10,8.380980908545164,30
2016-11-11,8.459748707038512,30
2016-11-14,8.466793570757378,30
2016-11-15,8.48534790089032,30
2016-11-16,8.468679206923479,30
2016-11-17,8.42985461353662,30
2016-11-18,8.4155881383148,30
2016-11-21,8.465881567253895,30
2016-11-22,8.540166100209865,30
2016-11-23,8.466319220608334,30
2016-11-24,8.405963857590285,30
2016-11-25,8.396573377425474,30
2016-11-28,8.375320674346868,30
2016-11-29,8.337720785271786,30
2016-11-30,8.33751017434819,30
2016-12-01,8.400322849894588,30
2016-12-02,8.277017304566103,30
2016-12-05,8.25673858758313,30
2016-12-06,8.276748993050015,30
2016-12-07,8.392659150154687,30
2016-12-08,8.390012702839103,30
2016-12-09,8.346821104360272,30
2016-12-12,7.9474974617753995,30
2016-12-13,7.977142158257137,30
2016-12-14,7.930943743562856,30
2016-12-15,7.99778825378066,30
2016-12-16,8.07865638810501,30
2016-12-19,8.105148060067828,30
2016-12-20,8.057271577804855,30
2016-12-21,8.098931150019176,30
2016-12-22,8.108593879162392,30
2016-12-23,8.017775817858814,30
2016-12-26,8.049548459275343,30
2016-12-27,8.061484730863489,30
2016-12-28,8.033565727480617,30
2016-12-29,7.96707580898662,30
2016-12-30,7.99332097555629,30
2017-01-03,8.03561316631962,30
2017-01-04,8.111585843735533,30
2017-01-05,8.091906454243517,30
2017-01-06,8.067557606465833,30
2017-01-09,8.101107057264926,30
2017-01-10,8.10044259020029,30
2017-01-11,8.021916288260018,30
2017-01-12,7.948288280033722,30
2017-01-13,7.850571602815184,30
2017-01-16,7.657209040147953,30
2017-01-17,7.719537579973343,30
2017-01-18,7.682416653648929,30
2017-01-19,7.6560463032477895,30
2017-01-20,7.737886907857278,30
2017-01-23,7.7923147633203405,30
2017-01-24,7.776729911592408,30
2017-01-25,7.795733286364031,30
2017-01-26,7.822873366255158,30
2017-02-03,7.79301931020794,30
2017-02-06,7.854210705270383,30
2017-02-07,7.860187141872075,30
2017-02-08,7.897568299278737,30
2017-02-09,7.95952977595327,30
2017-02-10,7.933385363659888,30
2017-02-13,7.984702454020355,30
2017-02-14,7.968745669449522,30
2017-02-15,7.926537895844328,30
2017-02-16,7.950151054357669,30
2017-02-17,7.918811122823729,30
2017-02-20,8.013873041074872,30
2017-02-21,8.069875705297836,30
2017-02-22,8.093028493085601,30
2017-02-23,8.102920765415819,30
2017-02-24,8.120914060064969,30
2017-02-27,8.068656694740584,30
2017-02-28,8.099799904467229,30
2017-03-01,8.124498548349267,30
2017-03-02,8.10176009516948,30
2017-03-03,8.13929130062433,30
2017-03-06,8.242543538735317,30
2017-03-07,8.262226881833202,30
2017-03-08,8.21837648069127,30
2017-03-09,8.190737486256285,30
2017-03-10,8.266139471554244,30
2017-03-13,8.30530026509444,30
2017-03-14,8.286876125336404,30
2017-03-15,8.28919903356642,30
2017-03-16,8.36184518919096,30
2017-03-17,8.311298193007069,30
2017-03-20,8.352340173964464,30
2017-03-21,8.362526643951517,30
2017-03-22,8.359037148635052,30
2017-03-23,8.357561930931418,30
2017-03-24,8.379006693003605,30
2017-03-27,8.386107182211239,30
2017-03-28,8.34689468218138,30
2017-03-29,8.26039395980423,30
2017-03-30,8.15844390602683,30
2017-03-31,8.222878662517207,30
2017-04-05,8.337549180015689,30
2017-04-06,8.367919304654984,30
2017-04-07,8.360283987213247,30
2017-04-10,8.266383673335005,30
2017-04-11,8.29627187049526,30
2017-04-12,8.279845796106631,30
2017-04-13,8.326811909829289,30
2017-04-14,8.250673735959511,30
2017-04-17,8.17756533225997,30
2017-04-18,8.166891858197808,30
2017-04-19,8.120783299211409,30
2017-04-20,8.138065278508023,30
2017-04-21,8.07873346424833,30
2017-04-24,7.92588407032332,30
2017-04-25,7.923712234895596,30
2017-04-26,7.908942794189925,30
2017-04-27,7.911522037909482,30
2017-04-28,7.9243162478252,30
2017-05-02,7.913730091323092,30
2017-05-03,7.897631692343563,30
2017-05-04,7.901861507051023,30
2017-05-05,7.835358258062181,30
2017-05-08,7.750145113165385,30
2017-05-09,7.773293386372184,30
2017-05-10,7.6601621382367995,30
2017-05-11,7.643572256989907,30
2017-05-12,7.62938211593751,30
2017-05-15,7.648459885464604,30
2017-05-16,7.778562411833838,30
2017-05-17,7.788243546604017,30
2017-05-18,7.748674098491872,30
2017-05-19,7.71434096866659,30
2017-05-22,7.622322240479433,30
2017-05-23,7.520336981536138,30
2017-05-24,7.533196628454951,30
2017-05-25,7.572809142274729,30
2017-05-26,7.5919615827443385,30
2017-05-31,7.607545690458683,30
2017-06-01,7.514708088217061,30
2017-06-02,7.574862561435766,30
2017-06-05,7.641578832427916,30
2017-06-06,7.689763433045227,30
2017-06-07,7.846267520990529,30
2017-06-08,7.839110618381713,30
2017-06-09,7.835939374046871,30
2017-06-12,7.726049214241202,30
2017-06-13,7.8513094660120535,30
2017-06-14,7.881893923183489,30
2017-06-15,7.949731540510761,30
2017-06-16,7.929138348047017,30
2017-06-19,7.94347769680094,30
2017-06-20,7.929665255765824,30
2017-06-21,7.930541204792024,30
2017-06-22,7.84920802515538,30
2017-06-23,7.8532586474940835,30
2017-06-26,7.92740100886054,30
2017-06-27,7.931815566503051,30
2017-06-28,7.891068930092476,30
2017-06-29,7.937020069327102,30
2017-06-30,7.993827308796707,30
2017-07-03,8.033847673162832,30
2017-07-04,8.005906819671464,30
2017-07-05,8.081759655398585,30
2017-07-06,8.076314946430921,30
2017-07-07,8.161500577239117,30
2017-07-10,8.08130085733527,30
2017-07-11,7.948413909519308,30
2017-07-12,8.014866866448653,30
2017-07-13,7.967936988519825,30
2017-07-14,7.9178767264317305,30
2017-07-17,7.598159961710126,30
2017-07-18,7.653702363454313,30
2017-07-19,7.697734643888485,30
2017-07-20,7.676387521139062,30
2017-07-21,7.660073828167404,30
2017-07-24,7.6865174439386275,30
2017-07-25,7.6739023154496975,30
2017-07-26,7.678898196208838,30
2017-07-27,7.786329662779953,30
2017-07-28,7.761133239514939,30
2017-07-31,7.814677574264891,30
2017-08-01,7.810473663548804,30
2017-08-02,7.7173825545933825,30
2017-08-03,7.755786627604387,30
2017-08-04,7.672920465153671,30
2017-08-07,7.723893897213427,30
2017-08-08,7.768941756279272,30
2017-08-09,7.795237078847053,30
2017-08-10,7.724248861462849,30
2017-08-11,7.683211941418878,30
2017-08-14,7.80060279231417,30
2017-08-15,7.858664196072863,30
2017-08-16,7.9528547671385015,30
2017-08-17,7.964619592867941,30
2017-08-18,7.916095670911992,30
2017-08-21,7.982111615773239,30
2017-08-22,7.985067931824311,30
2017-08-23,7.957701917929047,30
2017-08-24,7.925137480244879,30
2017-08-25,8.013858480481513,30
2017-08-28,8.144504169394422,30
2017-08-29,8.153598645152288,30
2017-08-30,8.108174312261289,30
2017-08-31,8.223665741255452,30
2017-09-01,8.218787796646916,30
2017-09-04,8.24193494496101,30
2017-09-05,8.253433043691038,30
2017-09-06,8.30380180193744,30
2017-09-07,8.289351454166722,30
2017-09-08,8.334428629371542,30
2017-09-11,8.487027910070987,30
2017-09-12,8.356507721021332,30
2017-09-13,8.428555259868299,30
2017-09-14,8.403891667941213,30
2017-09-15,8.36466567866429,30
2017-09-18,8.404689914008829,30
2017-09-19,8.41416807800231,30
2017-09-20,8.489969226291986,30
2017-09-21,8.43054406577239,30
2017-09-22,8.422426625574941,30
2017-09-25,8.363892042627905,30
2017-09-26,8.34557912866945,30
2017-09-27,8.42535059586873,30
2017-09-28,8.391650714314267,30
2017-09-29,8.464007874356168,30
2017-10-09,8.502873871364542,30
2017-10-10,8.601833845894198,30
2017-10-11,8.600834914345906,30
2017-10-12,8.580261857943043,30
2017-10-13,8.679878439714544,30
2017-10-16,8.478153232504463,30
2017-10-17,8.515802963374165,30
2017-10-18,8.425823807549614,30
2017-10-19,8.372936607807892,30
2017-10-20,8.447758187971113,30
2017-10-23,8.509491886336408,30
2017-10-24,8.462705249233615,30
2017-10-25,8.578782376331981,30
2017-10-26,8.588958458835053,30
2017-10-27,8.598119132265358,30
2017-10-30,8.39071107152083,30
2017-10-31,8.481113737022856,30
2017-11-01,8.5023406141058,30
2017-11-02,8.411022692760303,30
2017-11-03,8.356472092368824,30
2017-11-06,8.44140497846614,30
2017-11-07,8.433691833686806,30
2017-11-08,8.429564275908081,30
2017-11-09,8.436380670796257,30
2017-11-10,8.479800438783341,30
2017-11-13,8.547119123896847,30
2017-11-14,8.459608979504445,30
2017-11-15,8.362271917436678,30
2017-11-16,8.238430684476869,30
2017-11-17,7.789492549144188,30
2017-11-20,7.833302620346044,30
2017-11-21,7.786449856398158,30
2017-11-22,7.769256844609144,30
2017-11-23,7.573156500525941,30
2017-11-24,7.625742951774161,30
2017-11-27,7.516831915636383,30
2017-11-28,7.637096093041677,30
2017-11-29,7.594938577598982,30
2017-11-30,7.565313062535232,30
2017-12-01,7.644623176487545,30
2017-12-04,7.393527075057966,30
2017-12-05,7.159953054931899,30
2017-12-06,7.257664625015345,30
2017-12-07,7.2634951383107556,30
2017-12-08,7.343777019594766,30
2017-12-11,7.401629509229622,30
2017-12-12,7.27753930425953,30
2017-12-13,7.3481669312300255,30
2017-12-14,7.336674362733928,30
2017-12-15,7.311072641451188,30
2017-12-18,7.2411158243344955,30
2017-12-19,7.305569984837124,30
2017-12-20,7.220983047308491,30
2017-12-21,7.190523190171233,30
2017-12-22,7.163314029847116,30
2017-12-25,7.046977963138406,30
2017-12-26,7.15937077018638,30
2017-12-27,7.138619113252194,30
2017-12-28,7.199565115456856,30
2017-12-29,7.257549906099176,30
2018-01-02,7.314884448017452,30
2018-01-03,7.346013307330458,29
2018-01-04,7.316796096704087,29
2018-01-05,7.314966271998002,29
2018-01-08,7.295274059793904,29
2018-01-09,7.297237952218378,29
2018-01-10,7.233081436583368,29
2018-01-11,7.305898905946316,29
2018-01-12,7.286372031009301,29
2018-01-15,7.133971208898247,29
2018-01-16,7.2054396263022324,29
2018-01-17,7.2574056252294445,29
2018-01-18,7.288960914960997,29
2018-01-19,7.243628075251728,29
2018-01-22,7.308146763659583,29
2018-01-23,7.324526525831922,29
2018-01-24,7.404274777020341,29
2018-01-25,7.402005620735736,29
2018-01-26,7.3484725620311675,29
2018-01-29,7.247508608362943,29
2018-01-30,7.235236230975714,29
2018-01-31,7.079051968828948,29
2018-02-01,6.864422996342745,29
2018-02-02,6.7971519710203525,30
2018-02-05,6.726520295248517,30
2018-02-06,6.478894298628462,30
2018-02-07,6.5411565763712405,30
2018-02-08,6.624281863642713,30
2018-02-09,6.520248059845037,30
2018-02-12,6.694608371457823,30
2018-02-13,6.665789910326667,30
2018-02-14,6.66830200523615,30
2018-02-22,6.773927925482772,30
2018-02-23,6.7958151920893215,30
2018-02-26,6.974336325630525,30
2018-02-27,7.028400561608259,30
2018-02-28,7.014111850600184,30
2018-03-01,7.077132011709547,30
2018-03-02,7.051506101561855,30
2018-03-05,7.088561978205734,30
2018-03-06,7.128691165428957,30
2018-03-07,7.099614840526285,30
2018-03-08,7.178742889802198,30
2018-03-09,7.2972162374025356,30
2018-03-12,7.335612931231784,30
2018-03-13,7.304508069027524,30
2018-03-14,7.2895016519387745,30
2018-03-15,7.202433034980445,30
2018-03-16,7.22051194308672,30
2018-03-19,7.266187834776435,30
2018-03-20,7.285460712169524,30
2018-03-21,7.295150449720373,30
2018-03-22,7.341455385520856,30
2018-03-23,7.134669452689992,30
2018-03-26,7.232426408818857,30
2018-03-27,7.3748117847959485,30
2018-03-28,7.375149082928771,30
2018-03-29,7.424984423438282,30
2018-03-30,7.518234592027587,30
2018-04-02,7.532190214268178,30
2018-04-03,7.510177798516122,30
2018-04-04,7.488803718878418,30
2018-04-09,7.515606843736962,30
2018-04-10,7.536717902727211,30
2018-04-11,7.597680714156823,30
2018-04-12,7.622825560964573,30
2018-04-13,7.60694642075454,30
2018-04-16,7.565217331964015,30
2018-04-17,7.445119531567646,30
2018-04-18,7.505865179219615,30
2018-04-19,7.491493923141449,30
2018-04-20,7.384300056640627,30
2018-04-23,7.371444207924447,30
2018-04-24,7.518448363643333,30
2018-04-25,7.556415550865237,30
2018-04-26,7.483363713463524,30
2018-04-27,7.4728262001137145,30
2018-05-02,7.435162091069794,30
2018-05-03,7.467451568500494,30
2018-05-04,7.479036424459828,30
2018-05-07,7.550060966075499,30
2018-05-08,7.565865312929464,30
2018-05-09,7.6094167307912,30
2018-05-10,7.6486986531456695,30
2018-05-11,7.607991042100524,30
2018-05-14,7.586343972651565,30
2018-05-15,7.637039136651496,30
2018-05-16,7.628052739091274,30
2018-05-17,7.622819233536106,30
2018-05-18,7.642690653202115,30
2018-05-21,7.676603264961249,30
2018-05-22,7.708442386279932,30
2018-05-23,7.666052011911306,30
2018-05-24,7.677580795446356,30
2018-05-25,7.656887947840996,30
2018-05-28,7.662481486865401,30
2018-05-29,7.640163147656019,30
2018-05-30,7.5195295558180275,30
2018-05-31,7.595961382476731,30
2018-06-01,7.582013281872373,30
2018-06-04,7.590725924328477,30
2018-06-05,7.640052757156595,30
2018-06-06,7.664193757852853,30
2018-06-07,7.619429680672621,30
2018-06-08,7.591026516296131,30
2018-06-11,7.56543914657626,30
2018-06-12,7.598771728910642,30
2018-06-13,7.534073352826916,30
2018-06-14,7.525032979602422,30
2018-06-15,7.447311369510877,30
2018-06-19,7.234901490517448,30
2018-06-20,7.29795028061994,30
2018-06-21,7.241615202316429,30
2018-06-22,7.300388108746205,30
2018-06-25,7.304255084124349,30
2018-06-26,7.326583113837646,30
2018-06-27,7.289091096249842,30
2018-06-28,7.2613682157572965,30
2018-06-29,7.364276615543261,30
2018-07-02,7.317766961384693,30
2018-07-03,7.386634586272458,30
2018-07-04,7.303185552116794,30
2018-07-05,7.220714679632346,30
2018-07-06,7.244096233544515,30
2018-07-09,7.328368809852706,30
2018-07-10,7.377359718755181,30
2018-07-11,7.2965285799956,30
2018-07-12,7.387076135878233,30
2018-07-13,7.3964057434470485,30
2018-07-16,7.406493906498115,30
2018-07-17,7.417242945526838,30
2018-07-18,7.397106330130976,30
2018-07-19,7.380776500180241,30
2018-07-20,7.4085371928182076,30
2018-07-23,7.427319080778181,30
2018-07-24,7.476717546313952,30
2018-07-25,7.455234679701834,30
2018-07-26,7.42254914348151,30
2018-07-27,7.407792753090464,30
2018-07-30,7.372046981498506,30
2018-07-31,7.3774606276036065,30
2018-08-01,7.327600470726232,30
2018-08-02,7.231774950238569,30
2018-08-03,7.182833785015668,30
2018-08-06,7.098207829418133,30
2018-08-07,7.179517881077682,30
2018-08-08,7.130236988596749,30
2018-08-09,7.195392667676453,30
2018-08-10,7.208994871697906,30
2018-08-13,7.221497190348157,30
2018-08-14,7.214380337122194,30
2018-08-15,7.160035808611613,30
2018-08-16,7.141412070430667,30
2018-08-17,7.0938532847523526,30
2018-08-20,7.118467007282028,30
2018-08-21,7.15443946486154,30
2018-08-22,7.105249218696439,30
2018-08-23,7.134309838164443,30
2018-08-24,7.136119738368889,30
2018-08-27,7.192624674100811,30
2018-08-28,7.191006961306271,30
2018-08-29,7.169681604602619,30
2018-08-30,7.128270845353593,30
2018-08-31,7.095734346736954,30
2018-09-03,7.077169272509629,30
2018-09-04,7.108173196191017,30
2018-09-05,7.065746779502946,30
2018-09-06,7.065457218991068,30
2018-09-07,7.069775909199366,30
2018-09-10,7.0269072929986125,30
2018-09-11,7.038255539736515,30
2018-09-12,7.0451645508662555,30
2018-09-13,7.067009124923621,30
2018-09-14,7.017424496733957,30
2018-09-17,6.955806414148818,30
2018-09-18,6.991794706267893,30
2018-09-19,7.018183762090965,30
2018-09-20,6.990607370209392,30
2018-09-21,7.01823959719728,30
2018-09-25,7.021234328777906,30
2018-09-26,7.040404588604472,30
2018-09-27,6.984173624659627,30
2018-09-28,7.02076469670045,30
2018-10-08,6.931295152791595,30
2018-10-09,6.956530001490997,30
2018-10-10,7.007239108051243,30
2018-10-11,6.8343865296477455,30
2018-10-12,6.836176821462295,30
2018-10-15,6.836583306946061,30
2018-10-16,6.790627869235715,30
2018-10-17,6.824968017218975,30
2018-10-18,6.785060848308545,30
2018-10-19,6.82773037303466,30
2018-10-22,6.94899693396841,30
2018-10-23,6.915174959725389,30
2018-10-24,6.911785266883764,30
2018-10-25,6.8835330332166835,30
2018-10-26,6.8949347441401585,30
2018-10-29,6.887373361313451,30
2018-10-30,6.9246111309156095,30
2018-10-31,6.957438225793905,30
2018-11-01,6.943609054696489,30
2018-11-02,7.00452243136719,30
2018-11-05,7.006186702095668,30
2018-11-06,6.985547406876431,30
2018-11-07,6.986430116154182,30
2018-11-08,6.9826529889086695,30
2018-11-09,6.994808677030359,30
2018-11-12,7.062515760546699,30
2018-11-13,7.0951915086898,30
2018-11-14,7.103080546907078,30
2018-11-15,7.19015801145516,30
2018-11-16,7.208590641787177,30
2018-11-19,7.207894103551956,30
2018-11-20,7.147172982742757,30
2018-11-21,7.181011662481072,30
2018-11-22,7.177032038815731,30
2018-11-23,7.065325264547593,30
2018-11-26,7.030223682176092,30
2018-11-27,7.052796844837538,30
2018-11-28,7.083809854695088,30
2018-11-29,7.0153978812436,30
2018-11-30,7.057134272736201,30
2018-12-03,7.123627778795991,30
2018-12-04,7.130149781728157,30
2018-12-05,7.105826495751813,30
2018-12-06,7.063854017086505,30
2018-12-07,7.068813839016856,30
2018-12-10,7.037470393698755,30
2018-12-11,7.053247230567695,30
2018-12-12,7.07170322494904,30
2018-12-13,7.0998336423949,30
2018-12-14,7.040246380768439,30
2018-12-17,7.04496597656048,30
2018-12-18,7.033059142246308,30
2018-12-19,7.011631218179774,30
2018-12-20,7.036591781803017,30
2018-12-21,7.041213684709127,30
2018-12-24,7.100484528763008,30
2018-12-25,7.097537163978408,30
2018-12-26,7.081958119694569,30
2018-12-27,7.054046120363155,30
2018-12-28,7.026348124279922,30
2019-01-02,7.015438797863432,30
2019-01-03,6.979000898346302,30
2019-01-04,7.029947973614894,30
2019-01-07,7.0706454315879474,30
2019-01-08,7.05388615243124,30
2019-01-09,7.053933957823145,30
2019-01-10,7.050419629550105,30
2019-01-11,7.0871062840023145,30
2019-01-14,7.08269858775452,30
2019-01-15,7.096257242204124,30
2019-01-16,7.090064778809169,30
2019-01-17,7.065326716287857,30
2019-01-18,7.083419869496063,30
2019-01-21,7.118258752141961,30
2019-01-22,7.108627718980589,30
2019-01-23,7.113724279966111,30
2019-01-24,7.1184836518786465,30
2019-01-25,7.093311800485547,30
2019-01-28,7.072942406772166,30
2019-01-29,7.020199317733389,30
2019-01-30,6.988758663782239,30
2019-01-31,6.939454363916883,30
2019-02-01,6.987580435451189,30
2019-02-11,7.04300256587464,30
2019-02-12,7.073854223346421,30
2019-02-13,7.107178451950468,30
2019-02-14,7.10750973149155,30
2019-02-15,7.107520293892524,30
2019-02-18,7.17217917259023,30
2019-02-19,7.162296365305644,30
2019-02-20,7.165141257227437,30
2019-02-21,7.159915965971969,30
2019-02-22,7.202372604360371,30
2019-02-25,7.303401673933569,30
2019-02-26,7.322240501232747,30
2019-02-27,7.333724297526756,30
2019-02-28,7.406479585749577,30
2019-03-01,7.397752276671086,30
2019-03-04,7.449928667209896,30
2019-03-05,7.514565670869287,30
2019-03-06,7.596388222462137,30
2019-03-07,7.663387571129712,30
2019-03-08,7.504140700530653,30
2019-03-11,7.64587915703067,30
2019-03-12,7.710727839445736,30
2019-03-13,7.6415923553343585,30
2019-03-14,7.554799726610987,30
2019-03-15,7.617285484378057,30
2019-03-18,7.705423394928751,30
2019-03-19,7.76972849254297,30
2019-03-20,7.77624586016309,30
2019-03-21,7.80692289541838,30
2019-03-22,7.828636670332329,30
2019-03-25,7.84326239202662,30
2019-03-26,7.75794779734562,30
2019-03-27,7.802858751088135,30
2019-03-28,7.77273442071981,30
2019-03-29,7.849114953929372,30
2019-04-01,7.984347018775337,30
2019-04-02,8.041582032977576,30
2019-04-03,8.10698251917416,30
2019-04-04,8.129942923665169,30
2019-04-08,8.082131631253933,30
2019-04-09,8.060674097714717,30
2019-04-10,8.0951271843915,30
2019-04-11,7.994185252175305,30
2019-04-12,7.967677133018887,30
2019-04-15,7.934937311482892,30
2019-04-16,8.007245198777493,30
2019-04-17,8.054081166097056,30
2019-04-18,8.054971889896612,30
2019-04-19,8.106786935810609,30
2019-04-22,8.07287081961812,30
2019-04-23,8.005878948457298,30
2019-04-24,8.064145398336084,30
2019-04-25,7.900071288892448,30
2019-04-26,7.835892587404452,30
2019-04-29,7.746378908020341,30
2019-04-30,7.802947299641211,30
2019-05-06,7.392571979747978,30
2019-05-07,7.484138829170552,30
2019-05-08,7.518926590432756,30
2019-05-09,7.478690377433998,30
2019-05-10,7.647271056846887,30
2019-05-13,7.61694268416875,30
2019-05-14,7.583370979190091,30
2019-05-15,7.661763501904716,30
2019-05-16,7.684788998471874,30
2019-05-17,7.509884193270198,30
2019-05-20,7.4871615520481996,30
2019-05-21,7.571780280689521,30
2019-05-22,7.544035039153382,30
2019-05-23,7.417746431497984,30
2019-05-24,7.412399217302645,30
2019-05-27,7.5579639291976655,30
2019-05-28,7.524968805791127,30
2019-05-29,7.5621187235293075,30
2019-05-30,7.555092921789676,30
2019-05-31,7.603480531556489,30
2019-06-03,7.568653933989147,30
2019-06-04,7.515761192646902,30
2019-06-05,7.545763356827104,30
2019-06-06,7.384688143361135,30
2019-06-10,7.463073092389354,30
2019-06-11,7.645701574139493,30
2019-06-12,7.624214115659207,30
2019-06-13,7.665879114705676,30
2019-06-14,7.542512735138194,30
2019-06-17,7.546054991098487,30
2019-06-18,7.547792573265051,30
2019-06-19,7.6185534151118635,30
2019-06-20,7.721603724630043,30
2019-06-21,7.842670850319464,30
2019-06-24,7.822777562632156,30
2019-06-25,7.756167798437331,30
2019-06-26,7.812991694680477,30
2019-06-27,7.880501401679718,30
2019-06-28,7.856550367310291,30
2019-07-01,8.013256112379349,30
2019-07-02,8.053948569174926,30
2019-07-03,8.006155400363228,30
2019-07-04,8.01441909907476,30
2019-07-05,8.03657289878436,30
2019-07-08,7.867674030296749,30
2019-07-09,7.887844666438989,30
2019-07-10,7.866467165610201,30
2019-07-11,7.854467862875167,30
2019-07-12,7.844656384989173,30
2019-07-15,7.9189205062678605,30
2019-07-16,7.909295898125977,30
2019-07-17,7.921550887974883,30
2019-07-18,7.80764733654667,30
2019-07-19,7.817584484225176,30
2019-07-22,7.704297422275428,30
2019-07-23,7.760976617602351,30
2019-07-24,7.827217118481822,30
2019-07-25,7.8551856157148725,30
2019-07-26,7.847686369862436,30
2019-07-29,7.865631197845085,30
2019-07-30,7.888217560186117,30
2019-07-31,7.88264986394859,30
2019-08-01,7.869288372628571,30
2019-08-02,7.798842513032199,30
2019-08-05,7.743026596968447,30
2019-08-06,7.589082459326723,30
2019-08-07,7.544661352953715,30
2019-08-08,7.568816655636453,30
2019-08-09,7.510234554205822,30
2019-08-12,7.6009252467650255,30
2019-08-13,7.596171209401143,30
2019-08-14,7.642476939891015,30
2019-08-15,7.651256680509893,30
2019-08-16,7.706392878306383,30
2019-08-19,7.8409198997629534,30
2019-08-20,7.829798706597048,30
2019-08-21,7.832955050446419,30
2019-08-22,7.8537828931348646,30
2019-08-23,7.851375721381061,30
2019-08-26,7.837924665197005,30
2019-08-27,7.953728902999613,30
2019-08-28,7.947205118489393,30
2019-08-29,7.964524256902808,30
2019-08-30,7.901150864418597,30
2019-09-02,8.015156481892319,30
2019-09-03,8.03124676032207,30
2019-09-04,8.081709277698753,30
2019-09-05,8.163892095984474,30
2019-09-06,8.245092959219365,30
2019-09-09,8.352964946954737,30
2019-09-10,8.360139570645243,30
2019-09-11,8.340607203969942,30
2019-09-12,8.363458965229674,30
2019-09-16,8.39178687869421,30
2019-09-17,8.27529155116472,30
2019-09-18,8.307688959721222,30
2019-09-19,8.406053754903411,30
2019-09-20,8.400503381201553,30
2019-09-23,8.36232152081319,30
2019-09-24,8.382175242799903,30
2019-09-25,8.29250034752531,30
2019-09-26,8.170789223111033,30
2019-09-27,8.226403613455146,30
2019-09-30,8.196989360783698,30
2019-10-08,8.239001084826478,30
2019-10-09,8.312990129162976,30
2019-10-10,8.398772612187853,30
2019-10-11,8.418833363836713,30
2019-10-14,8.499673614883246,30
2019-10-15,8.469182805034402,30
2019-10-16,8.47888808452074,30
2019-10-17,8.463151465963453,30
2019-10-18,8.426804182846348,30
2019-10-21,8.370473498267826,30
2019-10-22,8.43230678714807,30
2019-10-23,8.40569625020223,30
2019-10-24,8.3906589520315,30
2019-10-25,8.41456474987293,30
2019-10-28,8.471718714503067,30
2019-10-29,8.355002076121307,30
2019-10-30,8.287868329775483,30
2019-10-31,8.249426359076796,30
2019-11-01,8.274870915112258,30
2019-11-04,8.298400280477166,30
2019-11-05,8.326727369237641,30
2019-11-06,8.301972331306219,30
2019-11-07,8.339523354730366,30
2019-11-08,8.351964481955816,30
2019-11-11,8.185655176955237,30
2019-11-12,8.184820348861727,30
2019-11-13,8.173227978099563,30
2019-11-14,8.243267591769403,30
2019-11-15,8.164509420446512,30
2019-11-18,8.216210196186898,30
2019-11-19,8.308701514489284,30
2019-11-20,8.23689166480135,30
2019-11-21,8.191134279476064,30
2019-11-22,8.14587600575956,30
2019-11-25,8.093106200731949,30
2019-11-26,8.095943448238614,30
2019-11-27,8.087679532296907,30
2019-11-28,8.064371586102178,30
2019-11-29,8.053409746068771,30
2019-12-02,8.058028436571034,30
2019-12-03,8.089843682352793,30
2019-12-04,8.074231268251816,30
2019-12-05,8.11427457522656,30
2019-12-06,8.131655542121242,30
2019-12-09,8.140623158129596,30
2019-12-10,8.157668481079536,30
2019-12-11,8.155282382550588,30
2019-12-12,8.119663819120843,30
2019-12-13,8.163059620066413,30
2019-12-16,8.247311508055812,30
2019-12-17,8.301017788323257,30
2019-12-18,8.309829913916092,30
2019-12-19,8.333228591806538,30
2019-12-20,8.325140113538115,30
2019-12-23,8.266611366369403,30
2019-12-24,8.352528321351844,30
2019-12-25,8.361673417271716,30
2019-12-26,8.413822469105508,30
2019-12-27,8.410791141962015,30
2019-12-30,8.476109079163896,30
2019-12-31,8.50920700845867,30
2020-01-02,8.576969748036436,30
2020-01-03,8.582409879092275,30
2020-01-06,8.58861445085233,30
2020-01-07,8.658561565650123,30
2020-01-08,8.565258890270393,30
2020-01-09,8.682571907871226,30
2020-01-10,8.714617180180348,30
2020-01-13,8.768939667314017,30
2020-01-14,8.77288683822864,30
2020-01-15,8.75242204617834,30
2020-01-16,8.773205334809234,30
2020-01-17,8.76367808201567,30
2020-01-20,8.800800630699054,30
2020-01-21,8.71840399701331,30
2020-01-22,8.681621135393481,30
2020-01-23,8.471933733166223,30
2020-02-03,7.821405503246869,30
2020-02-04,7.837612766341981,30
2020-02-05,8.032877705641924,30
2020-02-06,8.207629150054874,30
2020-02-07,8.26755509926254,30
2020-02-10,8.401923422010986,30
2020-02-11,8.364164818736203,30
2020-02-12,8.459918538350456,30
2020-02-13,8.382964106100292,30
2020-02-14,8.33167628845915,30
2020-02-17,8.558022652373765,30
2020-02-18,8.64513826025278,30
2020-02-19,8.624343970768363,30
2020-02-20,8.705868314841817,30
2020-02-21,8.7226066024586,30
2020-02-24,8.82162020152566,30
2020-02-25,8.781660635432937,30
2020-02-26,8.704105556388386,30
2020-02-27,8.737723375670344,30
2020-02-28,8.354398939247462,30
2020-03-02,8.634118766257698,30
2020-03-03,8.696630001238143,30
2020-03-04,8.804944818837567,30
2020-03-05,8.927681589350303,30
2020-03-06,8.887380393128765,30
2020-03-09,8.705184562464638,30
2020-03-10,8.805760817620552,30
2020-03-11,8.779524212514671,30
2020-03-12,8.613763861462173,30
2020-03-13,8.50874744624713,30
2020-03-16,8.287181039614623,30
2020-03-17,8.226294773842007,30
2020-03-18,8.167616063644758,30
2020-03-19,8.250539451266292,30
2020-03-20,8.329944723636764,30
2020-03-23,8.129709696972565,30
2020-03-24,8.216650981819972,30
2020-03-25,8.334992207075533,30
2020-03-26,8.283727631104268,30
2020-03-27,8.285493813807996,30
2020-03-30,8.14948392215326,30
2020-03-31,8.179051885810384,30
2020-04-01,8.129455331668812,30
2020-04-02,8.23678793973018,30
2020-04-03,8.240114736881079,30
2020-04-07,8.379926931084384,30
2020-04-08,8.421623171387395,30
2020-04-09,8.468765779850672,30
2020-04-10,8.400386147910815,30
2020-04-13,8.398900590165281,30
2020-04-14,8.471708898607035,30
2020-04-15,8.435789312461596,30
2020-04-16,8.445990623229504,30
2020-04-17,8.475340920796743,30
2020-04-20,8.56000086540229,30
2020-04-21,8.563460155601389,30
2020-04-22,8.611668917160774,30
2020-04-23,8.614234763792274,30
2020-04-24,8.547664530763646,30
2020-04-27,8.54925684577653,30
2020-04-28,8.428769852519972,30
2020-04-29,8.447857346674605,30
2020-04-30,8.556718432071577,30
2020-05-06,8.617972673582544,30
2020-05-07,8.607508326588256,29
2020-05-08,8.686806946527852,29
2020-05-11,8.683341944907005,29
2020-05-12,8.684169146508715,29
2020-05-13,8.720962592154066,29
2020-05-14,8.680340886042723,29
2020-05-15,8.693454307437534,29
2020-05-18,8.708670794376351,29
2020-05-19,8.77913835866552,29
2020-05-20,8.721931167733485,29
2020-05-21,8.70267231438249,29
2020-05-22,8.593052816884795,29
2020-05-25,8.588868634889817,29
2020-05-26,8.687270735404766,29
2020-05-27,8.696837069135151,29
2020-05-28,8.67636900642008,29
2020-05-29,8.692663766951382,29
2020-06-01,8.849385508848973,29
2020-06-02,8.915442951030936,30
2020-06-03,8.897524650764286,30
2020-06-04,8.92579676448474,30
2020-06-05,8.915050454989636,30
2020-06-08,8.938599666356565,30
2020-06-09,8.96184008378481,30
2020-06-10,8.97109658171949,30
2020-06-11,8.96411472326629,30
2020-06-12,8.962383778870215,30
2020-06-15,8.90310389164704,30
2020-06-16,9.014570617893112,30
2020-06-17,9.015718016917727,30
2020-06-18,8.994568461527603,30
2020-06-19,9.035005238428377,30
2020-06-22,9.015168890888198,30
2020-06-23,9.024422807955018,30
2020-06-24,9.027543648413987,30
2020-06-29,8.978901795422365,30
2020-06-30,9.065738497716701,30
2020-07-01,9.098840073439442,30
2020-07-02,9.224205941685007,29
2020-07-03,9.281688752584165,29
2020-07-06,9.56245321276165,29
2020-07-07,9.560028149410025,29
2020-07-08,9.672421703368212,29
2020-07-09,9.856929834287135,29
2020-07-10,9.752506645907998,29
2020-07-13,9.991502222566265,29
2020-07-14,9.965223636117443,29
2020-07-15,9.840600900792023,29
2020-07-16,9.555951933841023,29
2020-07-17,9.605811686673194,29
2020-07-20,9.947499032074177,29
2020-07-21,9.988009234369365,29
2020-07-22,9.963423117089519,29
2020-07-23,9.981647264468569,29
2020-07-24,9.706782994887504,29
2020-07-27,9.738150991165888,29
2020-07-28,9.787035876894823,29
2020-07-29,9.927142847718683,29
2020-07-30,9.96225553346914,29
2020-07-31,10.027742357674846,29
2020-08-03,10.246984380122706,29
2020-08-04,10.25030882129528,22
2020-08-05,10.253651856023954,22
2020-08-06,10.243866564010146,22
2020-08-07,10.113359309857861,22
2020-08-10,10.185971609070146,22
2020-08-11,10.05037211137748,22
2020-08-12,9.962548500275588,22
2020-08-13,10.007638140045252,22
2020-08-14,10.063279885141723,22
2020-08-17,10.198369529661743,22
2020-08-18,10.254233711715623,22
2020-08-19,10.263783687760142,22
2020-08-20,10.143876752089856,22
2020-08-21,10.178837932433883,22
2020-08-24,10.187051403517557,22
2020-08-25,10.117707494925444,22
2020-08-26,9.963943809867613,22
2020-08-27,10.074165040729387,22
2020-08-28,10.149844073730424,22
2020-08-31,10.138527528115347,22
2020-09-01,10.191264466106897,22
2020-09-02,10.191418950165557,18
2020-09-03,10.135794727444665,18
2020-09-04,10.074447956532705,18
2020-09-07,9.948169673816134,18
2020-09-08,10.002559092522201,18
2020-09-09,9.871177086021133,18
2020-09-10,9.79746899229353,18
2020-09-11,9.879364926935356,18
2020-09-14,9.870947365180756,18
2020-09-15,9.850372563785678,18
2020-09-16,9.83992647006635,18
2020-09-17,9.814992189813202,18
2020-09-18,9.973710359038398,18
2020-09-21,9.953910381343842,18
2020-09-22,9.817884403517894,18
2020-09-23,9.783406030688282,18
2020-09-24,9.607791981282164,18
2020-09-25,9.595200388785756,18
2020-09-28,9.584090527036558,18
2020-09-29,9.614948558986788,18
2020-09-30,9.60732050534259,18
2020-10-09,9.791056897049277,18
2020-10-12,9.982965762534201,23
2020-10-13,9.98077109816151,23
2020-10-14,9.895589827980768,23
2020-10-15,9.835232813825895,23
2020-10-16,9.834840140975247,23
2020-10-19,9.816503260158326,23
2020-10-20,9.881360946088131,23
2020-10-21,9.83645216153168,23
2020-10-22,9.769215441121393,23
2020-10-23,9.639029768708355,23
2020-10-26,9.598394216827108,23
2020-10-27,9.556931161205936,23
2020-10-28,9.570418080870137,23
2020-10-29,9.643924977191961,23
2020-10-30,9.479833429450386,23
2020-11-02,9.458908552309781,23
2020-11-03,9.54189970057508,30
2020-11-04,9.549310359473012,30
2020-11-05,9.685287427277531,30
2020-11-06,9.658578823474073,30
2020-11-09,9.785173566496603,30
2020-11-10,9.791358981297115,30
2020-11-11,9.809236589007753,30
2020-11-12,9.859502483553303,30
2020-11-13,9.811986018750721,30
2020-11-16,9.979346584047759,30
2020-11-17,9.961450578802587,30
2020-11-18,9.97977185105328,30
2020-11-19,9.96774315765741,30
2020-11-20,9.999713177831786,30
2020-11-23,10.037692458283544,30
2020-11-24,10.072640046203249,30
2020-11-25,9.948512985976642,30
2020-11-26,9.950558741622052,30
2020-11-27,9.946679903044156,30
2020-11-30,9.900858735672607,30
2020-12-01,9.957335856629651,30
2020-12-02,9.949040056247503,30
2020-12-03,9.932421471324002,30
2020-12-04,9.959874799467945,30
2020-12-07,9.950566333330954,30
2020-12-08,9.916003881498439,30
2020-12-09,9.829104635217677,30
2020-12-10,9.823295742401944,30
2020-12-11,9.727997233028507,30
2020-12-14,9.728346641582924,30
2020-12-15,9.731342339796521,30
2020-12-16,9.693813188621757,30
2020-12-17,9.712869709179575,30
2020-12-18,9.68181509342337,30
2020-12-21,9.720331878181867,30
2020-12-22,9.540587477458338,30
2020-12-23,9.554810911161681,30
2020-12-24,9.440480037226042,30
2020-12-25,9.511111907654515,30
2020-12-28,9.400653247618731,30
2020-12-29,9.368559496389988,30
2020-12-30,9.369435900367966,30
2020-12-31,9.439398096142002,30
2021-01-04,9.525294002583118,30
2021-01-05,9.524721176076778,30
2021-01-06,9.435689347884717,30
2021-01-07,9.25878473709316,30
2021-01-08,9.259141751125503,30
2021-01-11,9.132018864216494,30
2021-01-12,9.16371133419568,30
2021-01-13,9.110194909318533,30
2021-01-14,9.239276751629347,30
2021-01-15,9.31593982931878,30
2021-01-18,9.379219962953483,30
2021-01-19,9.394108612234627,30
2021-01-20,9.376905851079407,30
2021-01-21,9.405491632262097,30
2021-01-22,9.347011498163491,30
2021-01-25,9.268054388581925,30
2021-01-26,9.241209301087261,30
2021-01-27,9.25945416570987,30
2021-01-28,9.191567120398748,30
2021-01-29,9.150786868872634,30
2021-02-01,9.196501432945546,30
2021-02-02,9.251236539188122,30
2021-02-03,9.227543640954691,30
2021-02-04,9.118152825210553,30
2021-02-05,9.093571061123829,30
2021-02-08,9.09540200746856,30
2021-02-09,9.214592492544403,30
2021-02-10,9.260462119921662,30
2021-02-18,9.377194039906849,30
2021-02-19,9.506959732458327,30
2021-02-22,9.571434884946148,30
2021-02-23,9.528540215729079,30
2021-02-24,9.513357761345453,30
2021-02-25,9.50074984046382,30
2021-02-26,9.473114071627215,30
2021-03-01,9.580916662886585,30
2021-03-02,9.575160639012685,30
2021-03-03,9.62026930919813,30
2021-03-04,9.572034238591074,30
2021-03-05,9.605677666008347,30
2021-03-08,9.573289204672733,30
2021-03-09,9.496773420754593,30
2021-03-10,9.464872984772041,30
2021-03-11,9.544662280794261,30
2021-03-12,9.576864518949844,30
2021-03-15,9.576512078936101,30
2021-03-16,9.645386110739379,30
2021-03-17,9.63567960581165,30
2021-03-18,9.666601911756615,30
2021-03-19,9.669034460704388,30
2021-03-22,9.76412774415563,30
2021-03-23,9.755731979712769,30
2021-03-24,9.729880003165379,30
2021-03-25,9.707669131548558,30
2021-03-26,9.750432740085339,30
2021-03-29,9.755691021021148,30
2021-03-30,9.73711140120361,30
2021-03-31,9.74994477915903,30
2021-04-01,9.729603974444323,30
2021-04-02,9.720978633229064,30
2021-04-06,9.739253307756051,30
2021-04-07,9.772577327684145,30
2021-04-08,9.768503381660668,30
2021-04-09,9.763793996008149,30
2021-04-12,9.708963744474271,30
2021-04-13,9.68032274719992,30
2021-04-14,9.686732994872088,30
2021-04-15,9.67117938692209,30
2021-04-16,9.707596703562798,30
2021-04-19,9.756966496248271,30
2021-04-20,9.754157579665579,30
2021-04-21,9.727070810427623,30
2021-04-22,9.750635791178704,30
2021-04-23,9.724232103305528,30
2021-04-26,9.693205853173374,30
2021-04-27,9.668815186546023,30
2021-04-28,9.678397841822028,30
2021-04-29,9.66947269715614,30
2021-04-30,9.623679398518025,30
2021-05-06,9.622732531400132,30
2021-05-07,9.617022658606956,29
2021-05-10,9.654940796538186,29
2021-05-11,9.645013625773366,29
2021-05-12,9.684219271325905,29
2021-05-13,9.683966037668299,29
2021-05-14,9.741758534924449,29
2021-05-17,9.694314136309524,29
2021-05-18,9.692333265000208,29
2021-05-19,9.683623636247347,29
2021-05-20,9.67657953608147,29
2021-05-21,9.69096589736811,29
2021-05-24,9.720848728767018,29
2021-05-25,9.758432704779178,29
2021-05-26,9.779201846097425,29
2021-05-27,9.78558854678373,29
2021-05-28,9.767249051757886,29
2021-05-31,9.794070247126632,29
2021-06-01,9.817274647259199,29
2021-06-02,9.788774095017107,30
2021-06-03,9.772348440755467,30
2021-06-04,9.743625855557033,30
2021-06-07,9.763568984578155,30
2021-06-08,9.774155446633147,30
2021-06-09,9.77727925685771,30
2021-06-10,9.778462291358125,30
2021-06-11,9.747864818347736,30
2021-06-15,9.643099996252781,30
2021-06-16,9.57493563948598,30
2021-06-17,9.59847564265462,30
2021-06-18,9.638723628765492,30
2021-06-21,9.700565161868957,30
2021-06-22,9.770324924874831,30
2021-06-23,9.769105089918869,30
2021-06-24,9.733583335741274,30
2021-06-25,9.717754419495906,30
2021-06-28,9.770323544918982,30
2021-06-29,9.712447651595761,30
2021-06-30,9.697886799277546,30
2021-07-01,9.659971057571154,30
2021-07-02,9.628981130903645,30
2021-07-05,9.727359181744713,30
2021-07-06,9.741803688544373,30
2021-07-07,9.786342158953381,30
2021-07-08,9.68524585802783,30
2021-07-09,9.744983358577592,30
2021-07-12,9.851458326454074,30
2021-07-13,9.85690405297939,30
2021-07-14,9.842779016362028,30
2021-07-15,9.786936174914311,30
2021-07-16,9.803104240475623,30
2021-07-19,9.804993285272964,30
2021-07-20,9.792798575248773,30
2021-07-21,9.840852109985027,30
2021-07-22,9.873283780728388,30
2021-07-23,9.796942902875477,30
2021-07-26,9.755443980328137,30
2021-07-27,9.72339565330701,30
2021-07-28,9.668596416625864,30
2021-07-29,9.82025746135202,30
2021-07-30,9.838880090734659,30
2021-08-02,9.932760428158845,30
2021-08-03,9.935241692449958,30
2021-08-04,10.002274061762392,30
2021-08-05,9.979830495893259,30
2021-08-06,9.958145247824268,30
2021-08-09,10.066445198760446,30
2021-08-10,10.096236302973194,30
2021-08-11,10.099349935064849,30
2021-08-12,10.171174735849668,30
2021-08-13,10.209211847828552,30
2021-08-16,10.260773554914573,30
2021-08-17,10.113684074799574,30
2021-08-18,10.18265957513006,30
2021-08-19,10.160854017941244,30
2021-08-20,10.103435794607716,30
2021-08-23,10.278635926010905,30
2021-08-24,10.336750784506858,30
2021-08-25,10.396521647597835,30
2021-08-26,10.388241629932596,30
2021-08-27,10.421755690384664,30
2021-08-30,10.35532295796586,30
2021-08-31,10.370186338827564,30
2021-09-01,10.327371023992695,30
2021-09-02,10.372925355543334,29
2021-09-03,10.425108210001193,29
2021-09-06,10.479117793698865,29
2021-09-07,10.538403145279464,29
2021-09-08,10.600732301193633,29
2021-09-09,10.669359247694462,29
2021-09-10,10.584383860698045,29
2021-09-13,10.644323419110307,29
2021-09-14,10.584020681563203,29
2021-09-15,10.624818877947385,29
2021-09-16,10.608568478034844,29
2021-09-17,10.611163266314467,29
2021-09-22,10.652466176935778,29
2021-09-23,10.726789185277655,29
2021-09-24,10.591997237944133,29
2021-09-27,10.391092241897244,29
2021-09-28,10.376266056408731,29
2021-09-29,10.186679038698333,29
2021-09-30,10.328780917191386,29
2021-10-08,10.426737397329115,29
2021-10-11,10.408738398996649,30
2021-10-12,10.290554597136401,30
2021-10-13,10.34804996198693,30
2021-10-14,10.378403190922686,30
2021-10-15,10.300284960595846,30
2021-10-18,10.30754798549632,30
2021-10-19,10.4072642663994,30
2021-10-20,10.410490113333573,30
2021-10-21,10.36606037464756,30
2021-10-22,10.277449144990022,30
2021-10-25,10.375807563538608,30
2021-10-26,10.356501443646037,30
2021-10-27,10.208938757892996,30
2021-10-28,10.133266608095205,30
2021-10-29,10.143218777246354,30
2021-11-01,10.25523021124291,30
2021-11-02,10.17223449488333,30
2021-11-03,10.261747837760884,30
2021-11-04,10.34831233855193,30
2021-11-05,10.399005441426727,30
2021-11-08,10.429605388548959,30
2021-11-09,10.528297215844443,30
2021-11-10,10.617259842621484,30
2021-11-11,10.639923831769657,30
2021-11-12,10.75918457980957,30
2021-11-15,10.910860901020548,30
2021-11-16,10.891806091644478,30
2021-11-17,10.986318452598995,30
2021-11-18,10.900625407980403,30
2021-11-19,10.971749153557536,30
2021-11-22,11.008317752988807,30
2021-11-23,11.111303029174634,30
2021-11-24,11.149970847630556,30
2021-11-25,11.18188026433075,30
2021-11-26,11.18503785913985,30
2021-11-29,11.19133723252729,30
2021-11-30,11.249103115783276,30
2021-12-01,11.342105062413424,30
2021-12-02,11.301838183078623,30
2021-12-03,11.326054916722827,30
2021-12-06,11.24758842462755,30
2021-12-07,11.201585625731154,30
2021-12-08,11.26174454511828,30
2021-12-09,11.351784983430928,30
2021-12-10,11.376923040240863,30
2021-12-13,11.388856261713979,30
2021-12-14,11.343123689829932,30
2021-12-15,11.37149491576808,30
2021-12-16,11.442136199758341,30
2021-12-17,11.394676661173962,30
2021-12-20,11.346865169395372,30
2021-12-21,11.474577199742368,30
2021-12-22,11.490733675795935,30
2021-12-23,11.411434326880183,30
2021-12-24,11.305981580411578,30
2021-12-27,11.410434391512293,30
2021-12-28,11.475902676976729,30
2021-12-29,11.501055092657287,30
2021-12-30,11.557147184353274,30
2021-12-31,11.662587750426175,30
2022-01-04,11.908480564891805,30
2022-01-05,11.866822175473507,30
2022-01-06,11.982248630810412,30
2022-01-07,11.92348713209438,30
2022-01-10,12.107889078237093,30
2022-01-11,12.103850749052526,30
2022-01-12,12.169574149689623,30
2022-01-13,12.114808723310604,30
2022-01-14,11.97923716763586,30
2022-01-17,12.057731616667665,30
2022-01-18,11.979569459341013,30
2022-01-19,12.05693650102945,30
2022-01-20,11.84978799117104,30
2022-01-21,11.710292781357191,30
2022-01-24,11.656433252795559,30
2022-01-25,11.2675494804294,30
2022-01-26,11.368712473341784,30
2022-01-27,11.168719260695791,30
2022-01-28,11.26317634025233,30
2022-02-07,11.441703653445655,30
2022-02-08,11.554061007808556,30
2022-02-09,11.609467212838421,30
2022-02-10,11.60728032421874,30
2022-02-11,11.442733858235265,30
2022-02-14,11.424095001840964,30
2022-02-15,11.405917281274256,30
2022-02-16,11.527172086857439,30
2022-02-17,11.513845452287772,30
2022-02-18,11.557540124534322,30
2022-02-21,11.626314754001482,30
2022-02-22,11.514784647832917,30
2022-02-23,11.607594123883844,30
2022-02-24,11.433937847925373,30
2022-02-25,11.527785430778618,30
2022-02-28,11.521959633511019,30
2022-03-01,11.533825981009269,30
2022-03-02,11.558931533698068,30
2022-03-03,11.600004833868905,30
2022-03-04,11.506897301928184,30
2022-03-07,11.428736951703142,30
2022-03-08,11.211435358814176,30
2022-03-09,11.104375382129682,30
2022-03-10,11.237519263761161,30
2022-03-11,11.302756119797346,30
2022-03-14,11.142468069725396,30
2022-03-15,10.845592275699019,30
2022-03-16,10.977011346701039,30
2022-03-17,11.050575800350368,30
2022-03-18,11.134396712600351,30
2022-03-21,11.23715733017456,30
2022-03-22,11.220700202673518,30
2022-03-23,11.224430633594078,30
2022-03-24,11.174294921051533,30
2022-03-25,11.232976614536135,30
2022-03-28,11.237030231089888,30
2022-03-29,11.205581556575419,30
2022-03-30,11.322355786204811,30
2022-03-31,11.416321749233774,30
2022-04-01,11.399747733607576,30
2022-04-06,11.475339575168094,30
2022-04-07,11.387944110503161,30
2022-04-08,11.343013807289733,30
2022-04-11,11.220498864816072,30
2022-04-12,11.278097017750776,30
2022-04-13,11.203190021819173,30
2022-04-14,11.236483557477584,30
2022-04-15,11.160783915648414,30
2022-04-18,11.245830961415168,30
2022-04-19,11.293152888997115,30
2022-04-20,11.306996901245286,30
2022-04-21,11.199546493401229,30
2022-04-22,11.24809133420702,30
2022-04-25,10.902489155826029,30
2022-04-26,10.681519110479167,30
2022-04-27,10.782670784945887,30
2022-04-28,10.670701916139242,30
2022-04-29,10.86356771560443,30
2022-05-05,10.939497606894637,30
2022-05-06,10.908161530340724,29
2022-05-09,10.971486689624037,29
2022-05-10,11.023306116252572,29
2022-05-11,11.013069009259194,29
2022-05-12,11.064595604854818,29
2022-05-13,11.06973108312041,29
2022-05-16,11.053061881418682,29
2022-05-17,11.032844846339616,29
2022-05-18,11.057807305582154,29
2022-05-19,11.061260569972793,29
2022-05-20,11.131092229970896,29
2022-05-23,11.222628002267717,29
2022-05-24,11.068861909986481,29
2022-05-25,11.162042389499685,29
2022-05-26,11.204271399868585,29
2022-05-27,11.18479837281084,29
2022-05-30,11.245657785829856,29
2022-05-31,11.29258280371396,29
2022-06-01,11.314444772623625,29
2022-06-02,11.335039551485604,30
2022-06-06,11.384818570548033,30
2022-06-07,11.365062620413086,30
2022-06-08,11.347143691123435,30
2022-06-09,11.291726192209705,30
2022-06-10,11.337322597135408,30
2022-06-13,11.36656614954445,30
2022-06-14,11.36375408711052,30
2022-06-15,11.369937790586699,30
2022-06-16,11.385489693312556,30
2022-06-17,11.437238954635575,30
2022-06-20,11.494167968624225,30
2022-06-21,11.452223963895712,30
2022-06-22,11.40077084668218,30
2022-06-23,11.468830779911794,30
2022-06-24,11.501697676517601,30
2022-06-27,11.53441125411096,30
2022-06-28,11.593048010168465,30
2022-06-29,11.523863259740597,30
2022-06-30,11.584923561409678,30
2022-07-01,11.629328652837664,30
2022-07-04,11.67183631269264,30
2022-07-05,11.626555341542373,30
2022-07-06,11.537531876102454,30
2022-07-07,11.590406580099291,30
2022-07-08,11.586453500404982,30
2022-07-11,11.549978378234789,30
2022-07-12,11.452169097747909,30
2022-07-13,11.527870085723794,30
2022-07-14,11.550256489440962,30
2022-07-15,11.448772110194716,30
2022-07-18,11.635011960742718,30
2022-07-19,11.671927592499792,30
2022-07-20,11.75432947969593,30
2022-07-21,11.7434588242455,30
2022-07-22,11.711881145350747,30
2022-07-25,11.684669205779848,30
2022-07-26,11.729927401983083,30
2022-07-27,11.804870734148603,30
2022-07-28,11.842195627778873,30
2022-07-29,11.893813875544195,30
2022-08-01,11.941529504190562,30
2022-08-02,11.655041172441878,30
2022-08-03,11.646130390373415,30
2022-08-04,11.738071045056566,30
2022-08-05,11.789317578006484,30
2022-08-08,11.850289340500085,30
2022-08-09,11.838179256167189,30
2022-08-10,11.924267379246974,30
2022-08-11,12.077406193997296,30
2022-08-12,12.127550892258466,30
2022-08-15,12.125108201452711,30
2022-08-16,12.148119687905316,30
2022-08-17,12.148790594576505,30
2022-08-18,12.16875215714933,30
2022-08-19,12.132659296573342,30
2022-08-22,12.19082877141344,30
2022-08-23,12.24820909839228,30
2022-08-24,12.0789743937504,30
2022-08-25,12.053814009662535,30
2022-08-26,12.056580711821269,30
2022-08-29,12.128161616283961,30
2022-08-30,12.051086126473207,30
2022-08-31,11.889125509739683,30
2022-09-01,11.841782391889966,30
2022-09-02,11.9281135726444,30
2022-09-05,11.947217893552123,30
2022-09-06,12.018286759573506,30
2022-09-07,12.036508369598343,30
2022-09-08,11.98059333635259,30
2022-09-09,11.959284482723184,30
2022-09-13,11.993885941352813,30
2022-09-14,11.947164972259298,30
2022-09-15,11.836936903801256,30
2022-09-16,11.700624414654001,30
2022-09-19,11.624780312156291,30
2022-09-20,11.697135384682614,30
2022-09-21,11.720530162145382,30
2022-09-22,11.715048666837397,30
2022-09-23,11.611162321312802,30
2022-09-26,11.489809606070583,30
2022-09-27,11.617511810781554,30
2022-09-28,11.50459429121059,30
2022-09-29,11.495389822303887,30
2022-09-30,11.430276334137844,30
2022-10-10,11.343101184140327,30
2022-10-11,11.37180276158868,30
2022-10-12,11.492498692168617,30
2022-10-13,11.589947042690808,30
2022-10-14,11.697588941262241,30
2022-10-17,11.8458086787245,30
2022-10-18,11.89682440309184,30
2022-10-19,11.876557296030086,30
2022-10-20,11.849557362400326,30
2022-10-21,11.877064341563136,30
2022-10-24,11.849710258954754,30
2022-10-25,11.805401102596134,30
2022-10-26,11.919431604243162,30
2022-10-27,11.839387299452836,30
2022-10-28,11.641198838667442,30
2022-10-31,11.690102509272847,30
2022-11-01,11.765947492903504,30
2022-11-02,11.863933690107135,30
2022-11-03,11.867618956867432,30
2022-11-04,11.941350032662552,30
2022-11-07,11.969373173291919,30
2022-11-08,11.952402026078968,30
2022-11-09,11.999050469337488,30
2022-11-10,11.972373721227664,30
2022-11-11,11.984450218541708,30
2022-11-14,11.992902863985199,30
2022-11-15,12.105662073994015,30
2022-11-16,12.074667510164183,30
2022-11-17,12.080799243892374,30
2022-11-18,12.055397647195125,30
2022-11-21,12.14057543075682,30
2022-11-22,12.113077623066323,30
2022-11-23,12.069439654338119,30
2022-11-24,12.122077584433873,30
2022-11-25,12.100390450396837,30
2022-11-28,12.079677635237879,30
2022-11-29,12.162509588365232,30
2022-11-30,12.189251964965337,30
2022-12-01,12.189746485313178,30
2022-12-02,12.20683452629145,30
2022-12-05,12.244973097831426,30
2022-12-06,12.21858016566197,30
2022-12-07,12.235080480622775,30
2022-12-08,12.229596080490072,30
2022-12-09,12.231309173070438,30
2022-12-12,12.199338051127775,30
2022-12-13,12.20303830604622,30
2022-12-14,12.177176886169827,30
2022-12-15,12.206977174723395,30
2022-12-16,12.178454151387037,30
2022-12-19,12.069275547693778,30
2022-12-20,12.077477547823674,30
2022-12-21,12.060430513749,30
2022-12-22,12.008214170059688,30
2022-12-23,11.974503012062577,30
2022-12-26,12.01013654988195,30
2022-12-27,12.041072327219704,30
2022-12-28,12.007662629896341,30
2022-12-29,12.019737796062236,30
2022-12-30,12.06833743775684,30
2023-01-03,12.136587195558585,30
2023-01-04,12.178553404544067,30
2023-01-05,12.189293800812841,30
2023-01-06,12.15838685927706,30
2023-01-09,12.17107465599772,30
2023-01-10,12.160120770266978,30
2023-01-11,12.137035688903673,30
2023-01-12,12.176229945763668,30
2023-01-13,12.183891667697806,30
2023-01-16,12.22181835265902,30
2023-01-17,12.22332981922914,30
2023-01-18,12.225948942431629,30
2023-01-19,12.238251337696951,30
2023-01-20,12.264527545512934,30
2023-01-30,12.316949528131548,30
2023-01-31,12.387874512489518,30
2023-02-01,12.440532795490146,30
2023-02-02,12.432419875639281,30
2023-02-03,12.40558923132782,30
2023-02-06,12.385653976067573,30
2023-02-07,12.41791155680628,30
2023-02-08,12.413149744917465,30
2023-02-09,12.484946416346608,30
2023-02-10,12.502072063211385,30
2023-02-13,12.613086504523189,30
2023-02-14,12.707155916279392,30
2023-02-15,12.70608224833176,30
2023-02-16,12.5944824401668,30
2023-02-17,12.642822357952289,30
2023-02-20,12.72007799117838,30
2023-02-21,12.780092547332632,30
2023-02-22,12.796013051548838,30
2023-02-23,12.777677790715057,30
2023-02-24,12.765610341846795,30
2023-02-27,12.712839052002062,30
2023-02-28,12.81773584008798,30
2023-03-01,12.89128882776032,30
2023-03-02,12.871711206882162,30
2023-03-03,12.87717971628462,30
2023-03-06,12.893358841343797,30
2023-03-07,12.787650418994073,30
2023-03-08,12.80020449406713,30
2023-03-09,12.808276071535007,30
2023-03-10,12.671652289976446,30
2023-03-13,12.685193972372836,30
2023-03-14,12.577808229582384,30
2023-03-15,12.721818165601253,30
2023-03-16,12.611610155354565,30
2023-03-17,12.599951853177478,30
2023-03-20,12.545636476908387,30
2023-03-21,12.649236053799651,30
2023-03-22,12.704132768919742,30
2023-03-23,12.698289530288392,30
2023-03-24,12.656853720594775,30
2023-03-27,12.621335561125193,30
2023-03-28,12.597842759788643,30
2023-03-29,12.54897893627671,30
2023-03-30,12.545435673568681,30
2023-03-31,12.611493317966543,30
2023-04-03,12.616841853209955,30
2023-04-04,12.52095384316838,30
2023-04-06,12.516244532603212,30
2023-04-07,12.562260721199833,30
2023-04-10,12.50222891529297,30
2023-04-11,12.487366845544596,30
2023-04-12,12.535325986124601,30
2023-04-13,12.514347414990187,30
2023-04-14,12.540713657790642,30
2023-04-17,12.611968877143765,30
2023-04-18,12.605803142644627,30
2023-04-19,12.568032988733927,30
2023-04-20,12.474723408217445,30
2023-04-21,12.277339078799807,30
2023-04-24,12.221971563094787,30
2023-04-25,12.133742740932247,30
2023-04-26,12.31135641582183,30
2023-04-27,12.33945084528798,30
2023-04-28,12.511655384338937,30
2023-05-04,12.583061751602386,30
2023-05-05,12.498312078301213,30
2023-05-08,12.577386826322002,30
2023-05-09,12.464719906563595,30
2023-05-10,12.43330685066075,30
2023-05-11,12.498238218154412,30
2023-05-12,12.414835175237716,30
2023-05-15,12.527914582479548,30
2023-05-16,12.477100353233185,30
2023-05-17,12.462621359468546,30
2023-05-18,12.450710739567452,30
2023-05-19,12.47270996865253,30
2023-05-22,12.539362806241318,30
2023-05-23,12.468138180568621,30
2023-05-24,12.384044756553164,30
2023-05-25,12.320364026925871,30
2023-05-26,12.296901673028296,30
2023-05-29,12.286713116307613,30
2023-05-30,12.297973931845142,30
2023-05-31,12.168987272769753,30
2023-06-01,12.164035647045475,30
2023-06-02,12.320020877331185,30
2023-06-05,12.32814674762669,30
2023-06-06,12.192573248477814,30
2023-06-07,12.16774696590772,30
2023-06-08,12.213399837319203,30
2023-06-09,12.215341244630224,30
2023-06-12,12.265766666798392,30
2023-06-13,12.217830820844357,30
2023-06-14,12.20995353808651,30
2023-06-15,12.263548781255897,30
2023-06-16,12.33236894183973,30
2023-06-19,12.238946462239225,30
2023-06-20,12.164079684900223,30
2023-06-21,12.156027779527797,30
2023-06-26,12.042824941475672,30
2023-06-27,12.240702110120612,30
2023-06-28,12.315836549281379,30
2023-06-29,12.342725539757769,30
2023-06-30,12.402717830035135,30
2023-07-03,12.446833762837153,30
2023-07-04,12.456691432713434,30
2023-07-05,12.436254236388177,30
2023-07-06,12.422074405968901,30
2023-07-07,12.426151203626606,30
2023-07-10,12.465304136258494,30
2023-07-11,12.512117341975474,30
2023-07-12,12.476139612253672,30
2023-07-13,12.538517741160545,30
2023-07-14,12.572260382289564,30
2023-07-17,12.580625538978559,30
2023-07-18,12.644422661712953,30
2023-07-19,12.678157160660504,30
2023-07-20,12.641154027642672,30
2023-07-21,12.62282439374795,30
2023-07-24,12.586219929731934,30
2023-07-25,12.71371931859222,30
2023-07-26,12.74966132343974,30
2023-07-27,12.694731220633145,30
2023-07-28,12.778604824878053,30
2023-07-31,12.790083338357958,30
2023-08-01,12.771155435036375,30
2023-08-02,12.745900415409944,30
2023-08-03,12.746512053357037,30
2023-08-04,12.70322828344849,30
2023-08-07,12.60051561261613,30
2023-08-08,12.636205047721026,30
2023-08-09,12.597502680544695,30
2023-08-10,12.666025907679787,30
2023-08-11,12.62114232168062,30
2023-08-14,12.641497713759497,30
2023-08-15,12.589245513748264,30
2023-08-16,12.551069280985793,30
2023-08-17,12.599248565428336,30
2023-08-18,12.519446995713377,30
2023-08-21,12.521732634850748,30
2023-08-22,12.48061182130921,30
2023-08-23,12.367922673702058,30
2023-08-24,12.364935706192215,30
2023-08-25,12.250602029537703,30
2023-08-28,12.324361080267451,30
2023-08-29,12.499027440717773,30
2023-08-30,12.540028408148071,30
2023-08-31,12.507117360489612,30
2023-09-01,12.538448708144305,30
2023-09-04,12.660560301245805,30
2023-09-05,12.660932153018175,30
2023-09-06,12.633887212750063,30
2023-09-07,12.536282031879374,30
2023-09-08,12.510536538813163,30
2023-09-11,12.58256866966389,30
2023-09-12,12.588490771501656,30
2023-09-13,12.548729188814255,30
2023-09-14,12.541531606972317,30
2023-09-15,12.572378563109071,30
2023-09-18,12.619453914592558,30
2023-09-19,12.611222115138286,30
2023-09-20,12.59021299979913,30
2023-09-21,12.551925419414983,30
2023-09-22,12.614280959680643,30
2023-09-25,12.621982950288144,30
2023-09-26,12.58762581145695,30
2023-09-27,12.648351171380053,30
2023-09-28,12.68558199074223,30
2023-10-09,12.647342548157795,30
2023-10-10,12.589951658948292,30
2023-10-11,12.59092210447011,30
2023-10-12,12.653380315048613,30
2023-10-13,12.605306568751109,30
2023-10-16,12.575687311322447,30
2023-10-17,12.57325892531815,30
2023-10-18,12.469899589401463,30
2023-10-19,12.442558012510478,30
2023-10-20,12.414244876335745,30
2023-10-23,12.295556842243577,30
2023-10-24,12.42052944175764,30
2023-10-25,12.445697352496454,30
2023-10-26,12.42698574454877,30
2023-10-27,12.525933285943893,30
2023-10-30,12.560746743295544,30
2023-10-31,12.559901120544815,30
2023-11-01,12.552720044427232,30
2023-11-02,12.509208701949698,30
2023-11-03,12.544054472005039,30
2023-11-06,12.606784686654919,30
2023-11-07,12.603378580606913,30
2023-11-08,12.576409279362203,30
2023-11-09,12.60369733025607,30
2023-11-10,12.617709256991814,30
2023-11-13,12.650782035253886,30
2023-11-14,12.635342639251075,30
2023-11-15,12.68080152259267,30
2023-11-16,12.632674746188496,30
2023-11-17,12.65931138816916,30
2023-11-20,12.677909450850771,30
2023-11-21,12.673199204811699,30
2023-11-22,12.625699143359427,30
2023-11-23,12.684020533993943,30
2023-11-24,12.662653398666613,30
2023-11-27,12.668374703841502,30
2023-11-28,12.703894829875638,30
2023-11-29,12.695819958824101,30
2023-11-30,12.688237716909692,30
2023-12-01,12.680145493502817,30
2023-12-04,12.675188141075859,30
2023-12-05,12.59343724790219,30
2023-12-06,12.610567773973516,30
2023-12-07,12.596824285896533,30
2023-12-08,12.555460625856428,30
2023-12-11,12.612219362968938,30
2023-12-12,12.632120153016986,30
2023-12-13,12.607048141097358,30
2023-12-14,12.601801994286776,30
2023-12-15,12.576284234901944,30
2023-12-18,12.556624306967647,30
2023-12-19,12.549795508451759,30
2023-12-20,12.525952779966318,30
2023-12-21,12.565141644728747,30
2023-12-22,12.562288691092675,30
2023-12-25,12.571983842312028,30
2023-12-26,12.524541936414924,30
2023-12-27,12.54690757888336,30
2023-12-28,12.581185670004539,30
2023-12-29,12.630392439746942,30
2024-01-02,12.692714825006172,30
2024-01-03,12.696836516032072,30
2024-01-04,12.723434535089387,30
2024-01-05,12.681480624410648,30
2024-01-08,12.603142627640468,30
2024-01-09,12.631453114175953,30
2024-01-10,12.615056910532592,30
2024-01-11,12.647009566345954,30
2024-01-12,12.643549847590528,30
2024-01-15,12.669465373607483,30
2024-01-16,12.668626943281332,30
2024-01-17,12.577824711296696,30
2024-01-18,12.549674967952022,30
2024-01-19,12.508335360085765,30
2024-01-22,12.268847973326999,30
2024-01-23,12.316202530892982,30
2024-01-24,12.38637556941301,30
2024-01-25,12.530455987270425,30
2024-01-26,12.533013017122764,30
2024-01-29,12.48136773134363,30
2024-01-30,12.365550628448652,30
2024-01-31,12.285465525818045,30
2024-02-01,12.23147666285717,30
2024-02-02,12.055009261168355,30
2024-02-05,11.785681331885545,30
2024-02-06,11.920723306114837,30
2024-02-07,11.897446426829214,30
2024-02-08,12.206194268880129,30
2024-02-19,12.304875608669292,30
2024-02-20,12.318264833671023,30
2024-02-21,12.383487359863814,30
2024-02-22,12.445374125876517,30
2024-02-23,12.514742389779045,30
2024-02-26,12.572046200152398,30
2024-02-27,12.660397424143232,30
2024-02-28,12.428765053734669,30
2024-02-29,12.595556110883077,30
2024-03-01,12.65199569534085,30
2024-03-04,12.694488247591345,30
2024-03-05,12.641626521258084,30
2024-03-06,12.677248461171123,30
2024-03-07,12.641379892443114,30
2024-03-08,12.708703370652442,30
2024-03-11,12.774305921155216,30
2024-03-12,12.85942168830188,30
2024-03-13,12.866555375416672,30
2024-03-14,12.872893374093282,30
2024-03-15,12.948859523264398,30
2024-03-18,13.055309480023702,30
2024-03-19,13.039626145392392,30
2024-03-20,13.098930023106202,30
2024-03-21,13.103838100048517,30
2024-03-22,13.009011562753505,30
2024-03-25,12.921224104192637,30
2024-03-26,12.963615474306973,30
2024-03-27,12.865903399816045,30
2024-03-28,12.94614521475825,30
2024-03-29,13.000252966077033,30
2024-04-01,13.1281944929538,30
2024-04-02,13.164670025319046,30
2024-04-03,13.165469077861301,30
2024-04-08,13.068469983950383,30
2024-04-09,13.119837162022572,30
2024-04-10,13.024254723774087,30
2024-04-11,13.054639357276514,30
2024-04-12,13.047606482194437,30
2024-04-15,12.979443084338286,30
2024-04-16,12.79035437573498,30
2024-04-17,13.055221470512947,30
2024-04-18,13.11726645142023,30
2024-04-19,13.145129004553338,30
2024-04-22,13.108418229295426,30
2024-04-23,13.056420928119758,30
2024-04-24,13.119645387237242,30
2024-04-25,13.187448868756086,30
2024-04-26,13.169182605264403,30
2024-04-29,13.240625426696942,30
2024-04-30,13.312655104803959,30
2024-05-06,13.509098290352322,30
2024-05-07,13.504314604306472,26
2024-05-08,13.444150311971805,26
2024-05-09,13.545570424170013,26
2024-05-10,13.510370243780187,26
2024-05-13,13.521472525836549,26
2024-05-14,13.642551786746925,26
2024-05-15,13.604094637703026,26
2024-05-16,13.576498925447705,26
2024-05-17,13.598890472590181,26
2024-05-20,13.658449284367167,26
2024-05-21,13.63032785936629,26
2024-05-22,13.587034986027017,26
2024-05-23,13.473152318514627,26
2024-05-24,13.430244321115426,26
2024-05-27,13.498310489186483,26
2024-05-28,13.417018359372605,26
2024-05-29,13.436684038618953,26
2024-05-30,13.4044805956584,26
2024-05-31,13.388032013584713,26
2024-06-03,13.317433101034682,26
2024-06-04,13.503843170776037,21
2024-06-05,13.33390320656316,21
2024-06-06,13.17557395451528,21
2024-06-07,13.28880044704128,21
2024-06-11,13.259924530972611,21
2024-06-12,13.362744873501383,21
2024-06-13,13.261708339440448,21
2024-06-14,13.267097424445568,21
2024-06-17,13.228242650539386,21
2024-06-18,13.251826766989028,21
2024-06-19,13.153130239681161,21
2024-06-20,13.02995353433932,21
2024-06-21,13.05354126563036,21
2024-06-24,12.819106934442944,21
2024-06-25,12.844783474171306,21
2024-06-26,12.994457415232882,21
2024-06-27,12.828159396468028,21
2024-06-28,12.868006372123787,21
2024-07-01,12.977613864785656,21
2024-07-02,12.938075402051735,26
2024-07-03,12.879432595234888,26
2024-07-04,12.761967245347975,26
2024-07-05,12.794831225914365,26
2024-07-08,12.605050200512714,26
2024-07-09,12.675636732551261,26
2024-07-10,12.607201478295746,26
2024-07-11,12.699643985521563,26
2024-07-12,12.684086114951883,26
2024-07-15,12.60671807842819,26
2024-07-16,12.545127445650069,26
2024-07-17,12.52278578739086,26
2024-07-18,12.577961166264865,26
2024-07-19,12.597262601372247,26
2024-07-22,12.57314590013671,26
2024-07-23,12.389000638280633,26
2024-07-24,12.290420737871909,26
2024-07-25,12.332830579305805,26
2024-07-26,12.450053587207728,26
2024-07-29,12.439685783747622,26
2024-07-30,12.47144036801578,26
2024-07-31,12.71255974011363,26
2024-08-01,12.669997815688664,26
2024-08-02,12.618565313811114,30
2024-08-05,12.528669357543837,30
2024-08-06,12.686836295018345,30
2024-08-07,12.685540885139197,30
2024-08-08,12.716367544607051,30
2024-08-09,12.670775220057687,30
2024-08-12,12.677666958263051,30
2024-08-13,12.714951166407166,30
2024-08-14,12.698343367063632,30
2024-08-15,12.764576633773617,30
2024-08-16,12.746278610672597,30
2024-08-19,12.698823135258204,30
2024-08-20,12.55473640246457,30
2024-08-21,12.529888915541553,30
2024-08-22,12.431281894084334,30
2024-08-23,12.373154119167529,30
2024-08-26,12.410648298930191,30
2024-08-27,12.324004890097132,30
2024-08-28,12.32549722762657,30
2024-08-29,12.433121201756688,30
2024-08-30,12.501371964191566,30
2024-09-02,12.365932423450344,30
2024-09-03,12.420592197858332,30
2024-09-04,12.392178331851468,30
2024-09-05,12.4312493834612,30
2024-09-06,12.319029586992828,30
2024-09-09,12.278743485654394,30
2024-09-10,12.273587046360758,30
2024-09-11,12.26300819971419,30
2024-09-12,12.231327606231364,30
2024-09-13,12.146949230003626,30
2024-09-18,12.13389655480058,30
2024-09-19,12.261017972552244,30
2024-09-20,12.216835465559452,30
2024-09-23,12.2221343519457,30
2024-09-24,12.435858804040311,30
2024-09-25,12.483784408317353,30
2024-09-26,12.734037721064581,30
2024-09-27,12.969991015195896,30
2024-09-30,13.558414411053189,30
2024-10-08,13.888849522660706,30
2024-10-09,13.33192570181091,20
2024-10-10,13.409209589619767,20
2024-10-11,13.201296643780312,20
2024-10-14,13.357539935070312,20
2024-10-15,13.20919969636272,20
2024-10-16,13.231523517569947,20
2024-10-17,13.15736434010691,20
2024-10-18,13.265080072348107,20
2024-10-21,13.273039003462944,20
2024-10-22,13.393365472065192,20
2024-10-23,13.372404550264728,20
2024-10-24,13.393587470209756,20
2024-10-25,13.486815892123994,20
2024-10-28,13.566052776772247,20
2024-10-29,13.484483046596294,20
2024-10-30,13.428837079790164,20
2024-10-31,13.413518605541553,20
2024-11-01,13.302719402846288,20
2024-11-04,13.376189891534944,16
2024-11-05,13.483746086062565,16
2024-11-06,13.532662023840732,16
2024-11-07,13.738421020025019,16
2024-11-08,13.680038831850583,16
2024-11-11,13.749188542592568,16
2024-11-12,13.752725844164482,16
2024-11-13,13.77955714891828,16
2024-11-14,13.616872412208652,16
2024-11-15,13.600991680613268,16
2024-11-18,13.556471614309554,16
2024-11-19,13.697160960795358,16
2024-11-20,13.782839711156667,16
2024-11-21,13.772420814853408,16
2024-11-22,13.519188075955842,16
2024-11-25,13.641889499521938,16
2024-11-26,13.568142289868524,16
2024-11-27,13.659838179020339,16
2024-11-28,13.609436377507894,16
2024-11-29,13.733453598185074,16
2024-12-02,13.825754074154869,16
2024-12-03,13.89331959577449,13
2024-12-04,13.852310473822245,13
2024-12-05,13.928325550732195,13
2024-12-06,13.943697997516475,13
2024-12-09,13.959593752010626,13
2024-12-10,14.093329739448496,13
2024-12-11,14.239961368090759,13
2024-12-12,14.301033712088072,13
2024-12-13,14.125708541224311,13
2024-12-16,14.14605698748938,13
2024-12-17,13.978092591712793,13
2024-12-18,13.96286193295922,13
2024-12-19,13.910282681435154,13
2024-12-20,13.964206388349497,13
2024-12-23,13.880763618742787,13
2024-12-24,13.960027774662862,13
2024-12-25,13.849332730172206,13
2024-12-26,13.829707031316067,13
2024-12-27,13.853344098514397,13
2024-12-30,13.791704707584488,13
2024-12-31,13.70838065586734,13
2025-01-02,13.577818543241722,13
2025-01-03,13.43489416399522,14
2025-01-06,13.456641700427422,14
2025-01-07,13.495668132369506,14
2025-01-08,13.451415194876821,14
2025-01-09,13.404723955723979,14
2025-01-10,13.227855645452243,14
2025-01-13,13.257772434891981,14
2025-01-14,13.50090313303223,14
2025-01-15,13.454006553518788,14
2025-01-16,13.523162040758171,14
2025-01-17,13.578747980229046,14
2025-01-20,13.652077184599301,14
2025-01-21,13.643195909250249,14
2025-01-22,13.564374842877626,14
2025-01-23,13.533403565367157,14
2025-01-24,13.578159401897022,14
2025-01-27,13.64106953849281,14
2025-02-05,13.598438430395737,14
2025-02-06,13.656905363786322,15
2025-02-07,13.702779711948404,15
2025-02-10,13.756035923068783,15
2025-02-11,13.836169782658002,15
2025-02-12,13.796432445861159,15
2025-02-13,13.787237047405572,15
2025-02-14,13.832755865303938,15
2025-02-17,13.872587304676971,15
2025-02-18,13.676646301934705,15
2025-02-19,13.703845070857023,15
2025-02-20,13.730017679787462,15
2025-02-21,13.687014086452281,15
2025-02-24,13.681644100998643,15
2025-02-25,13.600892245694075,15
2025-02-26,13.727639254205453,15
2025-02-27,13.823094711350107,15
2025-02-28,13.594169957752971,15
2025-03-03,13.650571474408256,15
2025-03-04,13.709982853710905,14
2025-03-05,13.696121134792786,14
2025-03-06,13.87070832042694,14
2025-03-07,13.868916059811205,14
2025-03-10,13.926863714966881,14
2025-03-11,14.000373039842762,14
2025-03-12,13.980320639804358,14
2025-03-13,13.967861189104784,14
2025-03-14,14.142665961134867,14
2025-03-17,14.188580819444711,14
2025-03-18,14.289678849961089,14
2025-03-19,14.33520929665703,14
2025-03-20,14.27451794403374,14
2025-03-21,14.18046360710579,14
2025-03-24,14.14592945291051,14
2025-03-25,14.17417586364234,14
2025-03-26,14.238232109822102,14
2025-03-27,14.2713906438692,14
2025-03-28,14.217975076097138,14
2025-03-31,14.097489783001102,14
2025-04-01,14.233599909583907,14
2025-04-02,14.260212536480221,11
2025-04-03,14.275133929777033,11
2025-04-07,13.468580587432081,11
2025-04-08,13.747764188102916,11
2025-04-09,13.83686740507217,11
2025-04-10,14.014025599113594,11
2025-04-11,13.956709706076076,11
2025-04-14,14.080878971538294,11
2025-04-15,14.13157966175578,11
2025-04-16,14.150698814642796,11
2025-04-17,14.225736231723495,11
2025-04-18,14.179230971998168,11
2025-04-21,14.273169582847627,11
2025-04-22,14.444836557569342,11
2025-04-23,14.416490475088917,11
2025-04-24,14.490531712833075,11
2025-04-25,14.465497441709632,11
2025-04-28,14.210105054177149,11
2025-04-29,14.288694265839945,11
2025-04-30,14.30683913808196,11
2025-05-06,14.417274381059173,11
2025-05-07,14.417705316445712,13
2025-05-08,14.467000689437661,13
2025-05-09,14.46555032956142,13
2025-05-12,14.46815278528884,13
2025-05-13,14.494127341934817,13
2025-05-14,14.538552700847898,13
2025-05-15,14.541927159717682,13
2025-05-16,14.588816850540262,13
2025-05-19,14.621575495662794,13
2025-05-20,14.681842002618087,13
2025-05-21,14.708819976575073,13
2025-05-22,14.624176151807154,13
2025-05-23,14.59594335917719,13
2025-05-26,14.602924429926325,13
2025-05-27,14.604786754258033,13
2025-05-28,14.600764354671055,13
2025-05-29,14.692343864860039,13
2025-05-30,14.618867917387885,13
2025-06-03,14.6765673741225,13
2025-06-04,14.739866132701938,11
2025-06-05,14.701392021063324,11
2025-06-06,14.701461140253494,11
2025-06-09,14.760157046867311,11
2025-06-10,14.747136556606272,11
2025-06-11,14.77652695391201,11
2025-06-12,14.79761191942007,11
2025-06-13,14.673395379338539,11
2025-06-16,14.670438163920904,11
2025-06-17,14.663165689374395,11
2025-06-18,14.616784693306329,11
2025-06-19,14.470032047949845,11
2025-06-20,14.462250122048633,11
2025-06-23,14.503288767982724,11
2025-06-24,14.651513258392264,11
2025-06-25,14.687630101847025,11
2025-06-26,14.641321450281193,11
2025-06-27,14.759476848195176,11
2025-06-30,14.86093312196495,11
2025-07-01,14.87866106846148,11
2025-07-02,14.962695933296642,10
2025-07-03,15.064772124768927,10
2025-07-04,14.911962483854936,10
2025-07-07,14.90610989038455,10
2025-07-08,14.950388833204702,10
2025-07-09,14.891388968139903,10
2025-07-10,14.906215261191322,10
2025-07-11,14.891023015731832,10
2025-07-14,15.022209712402352,10
2025-07-15,15.029758417228866,10
2025-07-16,15.116037832145905,10
2025-07-17,15.104153035031384,10
2025-07-18,15.067538788556295,10
2025-07-21,15.197560194995091,10
2025-07-22,15.29582757999726,10
2025-07-23,15.231237147206917,10
2025-07-24,15.315476659959092,10
2025-07-25,15.351755384007832,10
2025-07-28,15.308884442968088,10
2025-07-29,15.270548332293533,10
2025-07-30,15.318207316201605,10
2025-07-31,15.21951265228283,10
2025-08-01,15.195774550653683,10
2025-08-04,15.355645308792829,10
2025-08-05,15.49367232445733,10
2025-08-06,15.568646677875172,10
2025-08-07,15.5190892397495,10
2025-08-08,15.671127166548267,10
2025-08-11,15.736450539320684,10
2025-08-12,15.872861263955388,10
2025-08-13,15.903514332643704,10
2025-08-14,15.776967697427294,10
2025-08-15,15.934629692563636,10
2025-08-18,16.0478361432014,10
2025-08-19,16.26207770308738,10
2025-08-20,16.294727212119646,10
2025-08-21,16.209383306957736,10
2025-08-22,16.19795310833194,10
2025-08-25,16.36381428592715,10
2025-08-26,16.35415568977431,10
2025-08-27,16.06379170318229,10
2025-08-28,16.029327863864477,10
2025-08-29,16.07346144172092,10
2025-09-01,16.201563350546593,10
2025-09-02,16.21268943968614,7
2025-09-03,15.941813750895122,7
2025-09-04,15.924581891485168,7
2025-09-05,16.099615786937548,7
2025-09-08,16.190786728180914,7
2025-09-09,16.121738835931858,7
2025-09-10,16.06240770619982,7
2025-09-11,16.22511776497392,7
2025-09-12,16.21006141936515,7
2025-09-15,16.249310830132927,7
2025-09-16,16.351506344513204,7
2025-09-17,16.4083773201817,7
2025-09-18,16.16011220382011,7
2025-09-19,16.132255241416278,7
2025-09-22,16.17461989265615,7
2025-09-23,16.009181746167535,7
2025-09-24,16.194480648423944,7
2025-09-25,16.138215729881644,7
2025-09-26,16.045615407952987,7
2025-09-29,16.22441417258496,7
2025-09-30,16.230654674452587,7
2025-10-09,16.316155769172802,7
2025-10-10,16.33370672913914,8
2025-10-13,16.263414871460387,8
2025-10-14,16.329788992357305,8
2025-10-15,16.54161526079057,8
2025-10-16,16.410208560340124,8
2025-10-17,16.291587986571425,8
2025-10-20,16.286890360392967,8
2025-10-21,16.407923836562247,8
2025-10-22,16.421421777743337,8
2025-10-23,16.55001612406529,8
2025-10-24,16.593669909420676,8
2025-10-27,16.69177665883038,8
2025-10-28,16.557608908703898,8
2025-10-29,16.580177213128227,8
2025-10-30,16.772488228375078,8
2025-10-31,16.906518623679418,8
2025-11-03,16.99791880231807,8
2025-11-04,16.861818450703083,5
2025-11-05,16.825011270799543,5
2025-11-06,16.759575970101384,5
2025-11-07,16.8298072991934,5
2025-11-10,16.90897346240901,5
2025-11-11,16.939436815492382,5
2025-11-12,17.036662566404672,5
2025-11-13,17.166709646954853,5
2025-11-14,16.976425216951682,5
2025-11-17,16.824729755699412,5
2025-11-18,16.676416954165404,5
2025-11-19,16.573436905062167,5
2025-11-20,16.548655124108517,5
2025-11-21,16.26131637661738,5
2025-11-24,16.324349255494425,5
2025-11-25,16.358798543459695,5
2025-11-26,16.318096652777747,5
2025-11-27,16.306481522908324,5
2025-11-28,16.33358761537072,5
2025-12-01,16.400485557015212,5
2025-12-02,16.330203966337603,6
2025-12-03,16.30986493147408,6
2025-12-04,16.248137703997173,6
2025-12-05,16.289206932636997,6
2025-12-08,16.25408231773882,6
2025-12-09,16.15601918006387,6
2025-12-10,16.18540444246168,6
2025-12-11,16.044105947584384,6
2025-12-12,16.11597695480179,6
2025-12-15,16.118183802893945,6
2025-12-16,16.03687704753454,6
2025-12-17,16.13765503416812,6
2025-12-18,16.22122282031126,6
2025-12-19,16.318450710691014,6
2025-12-22,16.278267339984314,6
2025-12-23,16.223386820032577,6
2025-12-24,16.2611797799712,6
2025-12-25,16.264957127672748,6
2025-12-26,16.24101258368588,6
2025-12-29,16.158999720731046,6
2025-12-30,16.15591241250464,6
2025-12-31,16.15803429870818,6
2026-01-05,16.285311401040975,6
2026-01-06,16.397959283050525,6
2026-01-07,16.370312643844805,6
2026-01-08,16.46000599968266,6
2026-01-09,16.519730283596193,6
2026-01-12,16.6674805041333,6
2026-01-13,16.67316031751752,6
2026-01-14,16.692476503981204,6
2026-01-15,16.691801949540196,6
2026-01-16,16.56259897981588,6
2026-01-19,16.6713713607007,6
2026-01-20,16.753508728546542,6
2026-01-21,16.730062433668895,6
2026-01-22,16.78128507448927,6
2026-01-23,16.88766954272058,6
2026-01-26,16.95584512316403,6
2026-01-27,16.771530259021937,6
2026-01-28,16.65502609306149,6
2026-01-29,16.690727378542192,6
2026-01-30,16.647282212167372,6
2026-02-02,16.425678380041884,6
2026-02-03,16.525308193321386,6
2026-02-04,16.58729212330137,6
2026-02-05,16.704890221012292,6
2026-02-06,16.66789128146618,6
2026-02-09,16.7027686710634,6
2026-02-10,16.721514357616307,6
2026-02-11,16.786407236136792,6
2026-02-12,16.66487789401229,6
2026-02-13,16.553161743831488,6
2026-02-24,16.617749203200358,6
2026-02-25,16.605555468077032,6
2026-02-26,16.524849200815137,6
2026-02-27,16.540511798979527,6
2026-03-02,16.440434294874684,6
2026-03-03,16.31787589216258,6
2026-03-04,16.19330990643239,6
2026-03-05,16.24063536910581,6
2026-03-06,16.37996213633074,6
2026-03-09,16.32173103845418,6
2026-03-10,16.38280874535879,6
2026-03-11,16.433600652203392,6
2026-03-12,16.403622503742994,6
2026-03-13,16.499848118014384,6
2026-03-16,16.44141589595561,6
2026-03-17,16.424913825974212,6
2026-03-18,16.48565582348289,6
2026-03-19,16.31245929935383,6
2026-03-20,16.134259500602205,6
2026-03-23,15.632086668724538,6
2026-03-24,15.927603374717801,6
2026-03-25,15.9965942872939,6
2026-03-26,16.0243585630253,6
2026-03-27,16.14977745563528,6
2026-03-30,16.21244044109644,6
2026-03-31,16.193315448480178,6
2026-04-01,16.272429194403095,6
2026-04-02,16.217224006052444,6
2026-04-03,16.009471002144988,6
2026-04-07,16.045505739672173,6
2026-04-08,16.23876843259987,6
2026-04-09,16.081268983261246,6
2026-04-10,16.192346252398977,6
2026-04-13,16.137859778084927,6
2026-04-14,16.160435808236805,6
2026-04-15,16.228133684410942,6
2026-04-16,16.192244932643632,6
2026-04-17,16.13943182575734,6
2026-04-20,16.144178545698633,6
2026-04-21,16.292029170046757,6
2026-04-22,16.246872411027432,6
2026-04-23,16.276759074674953,6
2026-04-24,16.27329087560798,6
2026-04-27,16.2428751286194,6
2026-04-28,16.316550831773988,6
2026-04-29,16.494793774651708,6
2026-04-30,16.36473157690905,6
2026-05-06,16.36527614513253,6
2026-05-07,16.407138244972558,5
2026-05-08,16.34333218224605,5
2026-05-11,16.317215824907606,5
2026-05-12,16.251072335847855,5
2026-05-13,16.3211080219251,5
2026-05-14,16.164146069214993,5
2026-05-15,16.043521104503,5
2026-05-18,15.923919953334215,5
2026-05-19,15.992758111517096,5
2026-05-20,15.86597389870254,5
2026-05-21,15.632161820914847,5
2026-05-22,15.675117753936904,5
2026-05-25,15.63339974269937,5
2026-05-26,15.583605382814653,5
2026-05-27,15.495692655262491,5
2026-05-28,15.458834952194552,5
2026-05-29,15.546265668945045,5
2026-06-01,15.645902651698856,5
2026-06-02,15.518711132415131,6
2026-06-03,15.388240413486162,6
2026-06-04,15.250194770926216,6
2026-06-05,15.247489099522875,6
2026-06-08,15.090192180012249,6
2026-06-09,15.064901986436157,6
2026-06-10,15.088728430186357,6
2026-06-11,15.018021850709987,6
2026-06-12,15.189780491224777,6
2026-06-15,15.161708916945107,6
2026-06-16,15.059410386823213,6
2026-06-17,15.035468986112514,6
2026-06-18,14.976703162930162,6
2026-06-22,14.926559770096333,6
2026-06-23,15.112036429612171,6
2026-06-24,15.035496151486266,6
2026-06-25,14.906438447247016,6
2026-06-26,14.674392867362435,6
2026-06-29,15.021228118346354,6
2026-06-30,14.923203794111437,6
2026-07-01,15.194438572008725,6
2026-07-02,15.298538937046422,13
2026-07-03,15.451126458760475,13
2026-07-06,15.519202775605633,13
2026-07-07,15.248787491099439,13
2026-07-08,15.212121522942969,13
2026-07-09,15.132733625946656,13
2026-07-10,15.242300101308098,13
2026-07-13,15.20632417428022,13
2026-07-14,15.424598686285986,13
2026-07-15,15.698680117826942,13
2026-07-16,15.686374264630112,13
2026-07-17,15.575702617303593,13
2026-07-20,15.706515196599444,13
2026-07-21,15.736959644776313,13
2026-07-22,15.77805981901417,13
2026-07-23,15.77205307703082,13
2026-07-24,15.425885528288362,13
2026-07-27,15.714801393570164,13
2026-07-28,15.866450067137393,13
2026-07-29,16.145941377199108,13
2026-07-30,16.1878801800275,13
2026-07-31,16.308241788975046,13
2026-08-03,16.246816545033774,13
2026-08-04,16.200064365023046,11
2026-08-05,16.15713953522773,11
2026-08-06,16.073281990566812,11
2026-08-07,16.073281990566812,0
