date,nav,num_held
2006-01-04,0.999,0
2006-01-05,0.999,0
2006-01-06,0.999,0
2006-01-09,0.999,0
2006-01-10,0.999,0
2006-01-11,0.999,0
2006-01-12,0.999,0
2006-01-13,0.999,0
2006-01-16,0.999,0
2006-01-17,0.999,0
2006-01-18,0.999,0
2006-01-19,0.999,0
2006-01-20,0.999,0
2006-01-23,0.999,0
2006-01-24,0.999,0
2006-01-25,0.999,0
2006-02-06,0.998001,0
2006-02-07,0.9859768915662651,2
2006-02-08,0.9989193965016693,2
2006-02-09,0.9820905892203806,2
2006-02-10,1.0264164652670644,2
2006-02-13,1.0870157887934446,2
2006-02-14,1.0812643825035322,2
2006-02-15,1.07708961654792,2
2006-02-16,1.0121513705597054,2
2006-02-17,0.9775561665504078,2
2006-02-20,0.9806110295708779,2
2006-02-21,0.9998079940520035,2
2006-02-22,1.0038232872008068,2
2006-02-23,0.9897293827460363,2
2006-02-24,0.988654121194411,2
2006-02-27,0.9888865384607826,2
2006-02-28,0.9829053698813828,2
2006-03-01,0.9949671582898195,2
2006-03-02,0.9648269336411377,2
2006-03-03,0.9569185161522759,2
2006-03-06,0.9306234451124376,2
2006-03-07,0.8963772506558205,2
2006-03-08,0.9058460244303538,2
2006-03-09,0.8984107719162409,2
2006-03-10,0.9168662883725964,2
2006-03-13,0.9244125129682557,2
2006-03-14,0.9303665869384229,2
2006-03-15,0.9500949362868376,2
2006-03-16,0.94764945504482,2
2006-03-17,0.9343035387552074,2
2006-03-20,0.9501593916119039,2
2006-03-21,0.9592289096142055,2
2006-03-22,0.98391643260375,2
2006-03-23,0.974969276370912,2
2006-03-24,0.9539546519681148,2
2006-03-27,0.9652012431652054,2
2006-03-28,0.9601575554003229,2
2006-03-29,0.9570801273381424,2
2006-03-30,0.9607495249707185,2
2006-03-31,0.9818163803633275,2
2006-04-03,0.993834094330287,2
2006-04-04,0.9981430457974744,2
2006-04-05,1.0041802013164105,2
2006-04-06,0.9871048479675728,2
2006-04-07,0.9689985681875363,2
2006-04-10,1.0124456506022756,2
2006-04-11,1.0503555574344186,2
2006-04-12,1.0382928442912873,2
2006-04-13,0.9875214908266167,2
2006-04-14,1.0075432946011715,2
2006-04-17,1.0233797251894248,2
2006-04-18,1.0154156806354215,2
2006-04-19,1.0063255793159744,2
2006-04-20,0.9667507069123723,2
2006-04-21,0.9783517153953207,2
2006-04-24,0.9974353311912574,2
2006-04-25,1.0355538788800953,2
2006-04-26,0.9792036631076436,2
2006-04-27,0.9525468333009317,2
2006-04-28,0.9525335887676545,2
2006-05-08,0.9741140793283843,2
2006-05-09,1.0109541460118194,9
2006-05-10,1.030097471160214,9
2006-05-11,1.0058150714876164,9
2006-05-12,1.0281862688045538,9
2006-05-15,1.0939147313780406,9
2006-05-16,1.0445847402103947,9
2006-05-17,1.0649146170641268,9
2006-05-18,1.0634658696379884,9
2006-05-19,1.094281927809329,9
2006-05-22,1.1247793030617665,9
2006-05-23,1.038810085483382,9
2006-05-24,1.011039544819934,9
2006-05-25,1.031681602240167,9
2006-05-26,1.054544431199084,9
2006-05-29,1.0824962481346787,9
2006-05-30,1.1110481597922244,9
2006-05-31,1.1154982273098548,9
2006-06-01,1.160954661850119,9
2006-06-02,1.1482860779126793,19
2006-06-05,1.170656323646731,19
2006-06-06,1.1541598873024224,19
2006-06-07,1.0661852144168937,19
2006-06-08,1.0742278992575631,19
2006-06-09,1.0477325589033823,19
2006-06-12,1.0501230872111034,19
2006-06-13,1.0579133364484712,19
2006-06-14,1.045680752801347,19
2006-06-15,1.0597474172668995,19
2006-06-16,1.0895899801002735,19
2006-06-19,1.1043565931551045,19
2006-06-20,1.109412576562121,19
2006-06-21,1.1045795106164655,19
2006-06-22,1.0923623472041057,19
2006-06-23,1.0870334170001341,19
2006-06-26,1.108005035706207,19
2006-06-27,1.1044476915248505,19
2006-06-28,1.10013773788622,19
2006-06-29,1.1303211194726956,19
2006-06-30,1.1295527012992932,19
2006-07-03,1.154261680695279,19
2006-07-04,1.1436705810424015,20
2006-07-05,1.1396891487473173,20
2006-07-06,1.1654167533904152,20
2006-07-07,1.1638436332620692,20
2006-07-10,1.1708691084246938,20
2006-07-11,1.1708627929344577,20
2006-07-12,1.1695379962714223,20
2006-07-13,1.0976120114595977,20
2006-07-14,1.1098440822342537,20
2006-07-17,1.1343536114302453,20
2006-07-18,1.1287446957244969,20
2006-07-19,1.1043558873488368,20
2006-07-20,1.1075780438925298,20
2006-07-21,1.1120053801510779,20
2006-07-24,1.102186687347472,20
2006-07-25,1.1133864074641118,20
2006-07-26,1.116377559231101,20
2006-07-27,1.109850999081324,20
2006-07-28,1.094136558019341,20
2006-07-31,1.0367448049388865,20
2006-08-01,1.0258612909474816,20
2006-08-02,1.0242293106903173,20
2006-08-03,1.0247068743793593,20
2006-08-04,0.9967680414811663,20
2006-08-07,0.9662642109536639,20
2006-08-08,0.9867879258024844,20
2006-08-09,0.9791297152595991,20
2006-08-10,1.0000308067360537,20
2006-08-11,1.0016285689574513,20
2006-08-14,0.9772322756854371,20
2006-08-15,0.9912573774546904,20
2006-08-16,1.011029781719805,20
2006-08-17,1.0016050275851847,20
2006-08-18,1.0044871982237056,20
2006-08-21,1.0135191427907388,20
2006-08-22,1.0248225478702238,20
2006-08-23,1.0252792532897623,20
2006-08-24,1.0330423117023806,20
2006-08-25,1.0382071684408491,20
2006-08-28,1.0596139802263784,20
2006-08-29,1.0616584637116382,20
2006-08-30,1.0640027354432608,20
2006-08-31,1.0642765220948804,20
2006-09-01,1.040939214361414,20
2006-09-04,1.0403245469776754,3
2006-09-05,1.022385254254808,3
2006-09-06,1.030686350977857,3
2006-09-07,1.0513132349106284,3
2006-09-08,1.0460356317082466,3
2006-09-11,1.008328676558015,3
2006-09-12,1.0091048986285467,3
2006-09-13,0.9943208174100059,3
2006-09-14,0.9989879448330726,3
2006-09-15,1.010769895942035,3
2006-09-18,1.0083206282343893,3
2006-09-19,1.01709268031341,3
2006-09-20,1.011627298897378,3
2006-09-21,1.0338977976119545,3
2006-09-22,1.0271520129106764,3
2006-09-25,0.9986797144860242,3
2006-09-26,0.972958136637989,3
2006-09-27,0.9910308902698165,3
2006-09-28,1.017390232355973,3
2006-09-29,1.0153521310688842,3
2006-10-09,1.0580556922670916,3
2006-10-10,1.0579793663855117,4
2006-10-11,1.0493592129415141,4
2006-10-12,1.0391236382638953,4
2006-10-13,1.0517551394273725,4
2006-10-16,1.0241431518804058,4
2006-10-17,1.0476983453583646,4
2006-10-18,1.052403411500627,4
2006-10-19,1.0631036821925754,4
2006-10-20,1.068029606605686,4
2006-10-23,1.056575590056599,4
2006-10-24,1.0797013665152015,4
2006-10-25,1.1351333553370389,4
2006-10-26,1.1227567876790276,4
2006-10-27,1.0877313848162302,4
2006-10-30,1.1009998704481976,4
2006-10-31,1.1188258092369372,4
2006-11-01,1.1653128005323459,4
2006-11-02,1.1721761260695982,5
2006-11-03,1.1755323038128964,5
2006-11-06,1.201936887531867,5
2006-11-07,1.2212582729016712,5
2006-11-08,1.1952081245229285,5
2006-11-09,1.2091763631879278,5
2006-11-10,1.199520242866141,5
2006-11-13,1.1407763095996153,5
2006-11-14,1.1645241690417845,5
2006-11-15,1.1844222641777569,5
2006-11-16,1.1838770081238703,5
2006-11-17,1.2032745199677375,5
2006-11-20,1.1907509032007544,5
2006-11-21,1.2182642269273276,5
2006-11-22,1.2244048950717563,5
2006-11-23,1.2207607436655847,5
2006-11-24,1.2790635329339937,5
2006-11-27,1.307434052623305,5
2006-11-28,1.2923580532394603,5
2006-11-29,1.3645336404779205,5
2006-11-30,1.3867968317328923,5
2006-12-01,1.4209319599648074,5
2006-12-04,1.4286179510567056,4
2006-12-05,1.4161971033234617,4
2006-12-06,1.3990643245570435,4
2006-12-07,1.3849441726079565,4
2006-12-08,1.3579507170590184,4
2006-12-11,1.4028483106767446,4
2006-12-12,1.425032022242614,4
2006-12-13,1.4379341341162983,4
2006-12-14,1.4656454310113316,4
2006-12-15,1.5081500659573017,4
2006-12-18,1.5355459044851996,4
2006-12-19,1.512345448698579,4
2006-12-20,1.5117602189471766,4
2006-12-21,1.5078253097159384,4
2006-12-22,1.4953298182873545,4
2006-12-25,1.5024728028667877,4
2006-12-26,1.4643062175551154,4
2006-12-27,1.4661767324012493,4
2006-12-28,1.4530146388691825,4
2006-12-29,1.4826771191968882,4
2007-01-04,1.4656218079122392,4
2007-01-05,1.4647548306412266,3
2007-01-08,1.5009691133228258,3
2007-01-09,1.578974312034298,3
2007-01-10,1.6257361860332782,3
2007-01-11,1.63410477417654,3
2007-01-12,1.5557040899527685,3
2007-01-15,1.6276848502434376,3
2007-01-16,1.7317031617047092,3
2007-01-17,1.6907290541123217,3
2007-01-18,1.7156888514300794,3
2007-01-19,1.842696735708203,3
2007-01-22,1.9690415265487446,3
2007-01-23,2.0352878030330745,3
2007-01-24,2.0208285409318285,3
2007-01-25,1.9850122322862522,3
2007-01-26,2.064026246429754,3
2007-01-29,2.125459200695195,3
2007-01-30,2.1653723752799166,3
2007-01-31,2.012360825266599,3
2007-02-01,2.0104626580374325,3
2007-02-02,1.8628702012390228,2
2007-02-05,1.8048207818699207,2
2007-02-06,1.8577425106230774,2
2007-02-07,1.9215076936783264,2
2007-02-08,1.977600820312512,2
2007-02-09,1.9694289160963445,2
2007-02-12,2.031503321173305,2
2007-02-13,2.1208384186777853,2
2007-02-14,2.1292059240857415,2
2007-02-15,2.185535506341199,2
2007-02-16,2.1843027854214836,2
2007-02-26,2.2505489988677443,2
2007-02-27,2.02374637996646,2
2007-02-28,2.09642018314628,2
2007-03-01,2.01484357581925,2
2007-03-02,2.093492911038368,2
2007-03-05,2.112884508858338,2
2007-03-06,2.1278590836189166,2
2007-03-07,2.177734098589276,2
2007-03-08,2.2991334382061135,2
2007-03-09,2.2847488367362976,2
2007-03-12,2.2417499811144928,2
2007-03-13,2.220588659611697,2
2007-03-14,2.185293710943604,2
2007-03-15,2.2028524395948916,2
2007-03-16,2.1749363650211033,2
2007-03-19,2.1770397851033287,2
2007-03-20,2.2194455279800187,2
2007-03-21,2.2053133715526934,2
2007-03-22,2.2421611242079607,2
2007-03-23,2.266776656738685,2
2007-03-26,2.2881291394236736,2
2007-03-27,2.381597056156735,2
2007-03-28,2.327095591892841,2
2007-03-29,2.3597009890047014,2
2007-03-30,2.3873691748054267,2
2007-04-02,2.3909107025879197,2
2007-04-03,2.4091335400945204,3
2007-04-04,2.4206936296236385,3
2007-04-05,2.4709932581634813,3
2007-04-06,2.5460669555074706,3
2007-04-09,2.6294031110224134,3
2007-04-10,2.699648368420175,3
2007-04-11,2.7349872582799444,3
2007-04-12,2.91927137091328,3
2007-04-13,2.826110912939857,3
2007-04-16,2.8550810397962425,3
2007-04-17,2.86486091083328,3
2007-04-18,2.8645285607778894,3
2007-04-19,2.672665851670098,3
2007-04-20,2.784702933137234,3
2007-04-23,2.8305413797950068,3
2007-04-24,2.9147375025381277,3
2007-04-25,2.864435672023029,3
2007-04-26,2.858218611767127,3
2007-04-27,2.8121536196683374,3
2007-04-30,2.7719961934378743,3
2007-05-08,2.825663604067958,3
2007-05-09,2.781238277515431,19
2007-05-10,2.8012268389477692,19
2007-05-11,2.7822701922279953,19
2007-05-14,2.7850148332736424,19
2007-05-15,2.7436957860662567,19
2007-05-16,2.813309017342737,19
2007-05-17,2.8713088154859996,19
2007-05-18,2.8950929154135325,19
2007-05-21,2.969533616571862,19
2007-05-22,3.0016331713037867,19
2007-05-23,3.0457376410010353,19
2007-05-24,2.986494239042254,19
2007-05-25,3.002281255087562,19
2007-05-28,3.1030348057268013,19
2007-05-29,3.1783474291536398,19
2007-05-30,2.9348060527892574,19
2007-05-31,3.030849196242277,19
2007-06-01,2.979970095839878,19
2007-06-04,2.7521665048494612,20
2007-06-05,2.830548109819074,20
2007-06-06,2.9139283152507436,20
2007-06-07,3.056390142005478,20
2007-06-08,3.083910413487574,20
2007-06-11,3.1703134236136212,20
2007-06-12,3.248872718567937,20
2007-06-13,3.3227140379786286,20
2007-06-14,3.303644315101314,20
2007-06-15,3.4089956494027884,20
2007-06-18,3.50754546815935,20
2007-06-19,3.4970809704371755,20
2007-06-20,3.367100096034067,20
2007-06-21,3.363325881052654,20
2007-06-22,3.16829376951323,20
2007-06-25,3.012006445821287,20
2007-06-26,3.143045331612313,20
2007-06-27,3.201298237785678,20
2007-06-28,3.018071966746933,20
2007-06-29,2.925906288058579,20
2007-07-02,2.9755550826602533,20
2007-07-03,3.046464482837504,20
2007-07-04,2.956302951426399,20
2007-07-05,2.7938301531952856,20
2007-07-06,2.933913852412403,20
2007-07-09,3.0125099934322868,20
2007-07-10,2.9074552668297082,20
2007-07-11,2.9382924425643617,20
2007-07-12,2.9556621153017892,20
2007-07-13,2.9543705132207645,20
2007-07-16,2.8959632930996744,20
2007-07-17,2.9569668171586097,20
2007-07-18,2.9737261722350015,20
2007-07-19,2.999635196156711,20
2007-07-20,3.1073087850538337,20
2007-07-23,3.233493967123881,20
2007-07-24,3.1975446509980086,20
2007-07-25,3.272508721199021,20
2007-07-26,3.3010041810455784,20
2007-07-27,3.364588261682299,20
2007-07-30,3.4128682118371145,20
2007-07-31,3.4418659809309973,20
2007-08-01,3.2467423665735295,20
2007-08-02,3.3435369889507314,20
2007-08-03,3.425439906517155,20
2007-08-06,3.4525014018280364,20
2007-08-07,3.4494834959333507,20
2007-08-08,3.3609501719290495,20
2007-08-09,3.3845149763092093,20
2007-08-10,3.281851616241365,20
2007-08-13,3.303429279984189,20
2007-08-14,3.399285581523066,20
2007-08-15,3.3716746865443032,20
2007-08-16,3.4135023452808984,20
2007-08-17,3.393461321011891,20
2007-08-20,3.515757445625376,20
2007-08-21,3.5121215630505507,20
2007-08-22,3.526983488463076,20
2007-08-23,3.5598195267321473,20
2007-08-24,3.579579065616506,20
2007-08-27,3.5150164481526596,20
2007-08-28,3.460262802739499,20
2007-08-29,3.461587251351673,20
2007-08-30,3.5426488992510876,20
2007-08-31,3.5582867113135834,20
2007-09-03,3.619846004270525,20
2007-09-04,3.6971799349222536,5
2007-09-05,3.6996485584375756,5
2007-09-06,3.6864254517993933,5
2007-09-07,3.5481933884691963,5
2007-09-10,3.5577183424495886,5
2007-09-11,3.344811638002948,5
2007-09-12,3.3872386106307033,5
2007-09-13,3.4336645737744633,5
2007-09-14,3.4890818156220704,5
2007-09-17,3.4957833119043897,5
2007-09-18,3.4902826565797147,5
2007-09-19,3.456125822717495,5
2007-09-20,3.492958044249768,5
2007-09-21,3.5408503051741316,5
2007-09-24,3.5748206390371853,5
2007-09-25,3.5451691555669043,5
2007-09-26,3.535741480482222,5
2007-09-27,3.551667573825325,5
2007-09-28,3.627683296682371,5
2007-10-08,3.649027111200367,5
2007-10-09,3.712494392816626,7
2007-10-10,3.709125766432342,7
2007-10-11,3.7334989906415887,7
2007-10-12,3.8105046628708714,7
2007-10-15,4.01718294264675,7
2007-10-16,4.021485958732437,7
2007-10-17,4.034968412042954,7
2007-10-18,3.903906584921736,7
2007-10-19,3.9433097745232915,7
2007-10-22,3.917078853055265,7
2007-10-23,3.9066063829852573,7
2007-10-24,3.8779329947388264,7
2007-10-25,3.603383592545732,7
2007-10-26,3.6297241117363916,7
2007-10-29,3.626543865769063,7
2007-10-30,3.7203783671778936,7
2007-10-31,3.7739382631306353,7
2007-11-01,3.680183036292364,7
2007-11-02,3.60360595544822,6
2007-11-05,3.5963224870367854,6
2007-11-06,3.563742998362018,6
2007-11-07,3.54597231727895,6
2007-11-08,3.348956118462111,6
2007-11-09,3.3115606427924296,6
2007-11-12,3.3363314700693776,6
2007-11-13,3.3113822571245177,6
2007-11-14,3.431786043227525,6
2007-11-15,3.368889747012928,6
2007-11-16,3.3365712039315047,6
2007-11-19,3.4100350475348082,6
2007-11-20,3.46175318561577,6
2007-11-21,3.437026304871534,6
2007-11-22,3.2588177117459605,6
2007-11-23,3.3109732781036296,6
2007-11-26,3.273039148874268,6
2007-11-27,3.2166914128799804,6
2007-11-28,3.18564452180824,6
2007-11-29,3.3323474751986066,6
2007-11-30,3.2540732348786765,6
2007-12-03,3.285736123799253,6
2007-12-04,3.3104342730615706,7
2007-12-05,3.415860468303545,7
2007-12-06,3.443529873451293,7
2007-12-07,3.503112160562312,7
2007-12-10,3.6292486211695296,7
2007-12-11,3.692817197473201,7
2007-12-12,3.709377344641378,7
2007-12-13,3.603300191288566,7
2007-12-14,3.7057443807921078,7
2007-12-17,3.7052895043964535,7
2007-12-18,3.6441089474302317,7
2007-12-19,3.7365240700973317,7
2007-12-20,3.775315076313521,7
2007-12-21,3.8678946527710196,7
2007-12-24,3.950006604926351,7
2007-12-25,3.9837321129634726,7
2007-12-26,4.0323270455527815,7
2007-12-27,4.084849045167364,7
2007-12-28,4.048960313281572,7
2008-01-02,4.064450803753708,7
2008-01-03,4.117901984344124,5
2008-01-04,4.116200864978998,5
2008-01-07,4.124091054030481,5
2008-01-08,4.092523551700743,5
2008-01-09,4.1592643833481375,5
2008-01-10,4.194235869421548,5
2008-01-11,4.1845249687317585,5
2008-01-14,4.231239274108631,5
2008-01-15,4.234685259220482,5
2008-01-16,4.104906925538462,5
2008-01-17,4.013870570140258,5
2008-01-18,4.038714328259971,5
2008-01-21,3.893794088478748,5
2008-01-22,3.589989052210943,5
2008-01-23,3.8005011876203953,5
2008-01-24,3.890697749716081,5
2008-01-25,3.8703073008017737,5
2008-01-28,3.587264311381887,5
2008-01-29,3.60793426687036,5
2008-01-30,3.6467016141224646,5
2008-01-31,3.449739613920676,5
2008-02-01,3.357085167887776,5
2008-02-04,3.6420639025063477,6
2008-02-05,3.6381833395400625,6
2008-02-13,3.5608670659641506,6
2008-02-14,3.6522005317180772,6
2008-02-15,3.62515017054341,6
2008-02-18,3.706716068937442,6
2008-02-19,3.7358847324281417,6
2008-02-20,3.700647065281928,6
2008-02-21,3.6562648041160717,6
2008-02-22,3.493911922130603,6
2008-02-25,3.378280284358674,6
2008-02-26,3.367785584395616,6
2008-02-27,3.4355302640858993,6
2008-02-28,3.437683974322094,6
2008-02-29,3.4898177526631167,6
2008-03-03,3.5781008888802432,6
2008-03-04,3.542206175089421,5
2008-03-05,3.5016889229462285,5
2008-03-06,3.516300155818905,5
2008-03-07,3.447117688892076,5
2008-03-10,3.2980198380920456,5
2008-03-11,3.2914407457983192,5
2008-03-12,3.2027293114108977,5
2008-03-13,3.1106443145357026,5
2008-03-14,3.085458402426173,5
2008-03-17,2.8695372396189525,5
2008-03-18,2.708867266278025,5
2008-03-19,2.798773444315946,5
2008-03-20,2.896848202563136,5
2008-03-21,2.8732270121206422,5
2008-03-24,2.731547099317264,5
2008-03-25,2.70079936182036,5
2008-03-26,2.6886384717116547,5
2008-03-27,2.544832135090202,5
2008-03-28,2.62927973221806,5
2008-03-31,2.5403950382215186,5
2008-04-01,2.336580395297297,5
2008-04-02,2.2621762274017048,10
2008-04-03,2.312443870971119,10
2008-04-07,2.461465688000524,10
2008-04-08,2.516457996898565,10
2008-04-09,2.454011927851032,10
2008-04-10,2.495899240433131,10
2008-04-11,2.5214309697166866,10
2008-04-14,2.330654834990682,10
2008-04-15,2.3889797235295833,10
2008-04-16,2.3427759069519176,10
2008-04-17,2.2826701356170767,10
2008-04-18,2.1561952741290726,10
2008-04-21,2.1213117758156943,10
2008-04-22,2.0598887691722183,10
2008-04-23,2.1783408738174175,10
2008-04-24,2.3928105933096995,10
2008-04-25,2.42484772899687,10
2008-04-28,2.3668643059869625,10
2008-04-29,2.39763009174459,10
2008-04-30,2.5135978998969986,10
2008-05-05,2.638490599794006,10
2008-05-06,2.619571393673945,17
2008-05-07,2.4791100602324,17
2008-05-08,2.54999524480119,17
2008-05-09,2.527641033996866,17
2008-05-12,2.5609365598655547,17
2008-05-13,2.57357328399414,17
2008-05-14,2.6668658924635738,17
2008-05-15,2.677030564004696,17
2008-05-16,2.6619987446682507,17
2008-05-19,2.669423398334095,17
2008-05-20,2.509204745001146,17
2008-05-21,2.5451190969624298,17
2008-05-22,2.4734576110114084,17
2008-05-23,2.473919856026616,17
2008-05-26,2.3820568219755174,17
2008-05-27,2.393830150859351,17
2008-05-28,2.455518333988915,17
2008-05-29,2.400692462798652,17
2008-05-30,2.4341451888540355,17
2008-06-02,2.461939262694524,17
2008-06-03,2.45381190589381,20
2008-06-04,2.448094846529354,20
2008-06-05,2.4969397129833544,20
2008-06-06,2.536784143449631,20
2008-06-10,2.3107968467876794,20
2008-06-11,2.258164284323183,20
2008-06-12,2.2715799108747166,20
2008-06-13,2.2063254064101314,20
2008-06-16,2.187632810454431,20
2008-06-17,2.214608764095405,20
2008-06-18,2.2974362037073517,20
2008-06-19,2.0759843820561876,20
2008-06-20,2.038014833201789,20
2008-06-23,1.9134592662306686,20
2008-06-24,1.9364385080230913,20
2008-06-25,2.0463909638193973,20
2008-06-26,2.0941556453184864,20
2008-06-27,1.9276807918118177,20
2008-06-30,1.943862532941346,20
2008-07-01,1.9067993830730916,20
2008-07-02,1.9369179487827712,20
2008-07-03,2.014148260170684,20
2008-07-04,1.9996440986437576,20
2008-07-07,2.0954546051235607,20
2008-07-08,2.138363009512038,20
2008-07-09,2.2135973178450006,20
2008-07-10,2.196535111201785,20
2008-07-11,2.160195136568884,20
2008-07-14,2.2059315925883847,20
2008-07-15,2.1444235143322494,20
2008-07-16,2.0338714074922333,20
2008-07-17,2.0104068785930123,20
2008-07-18,2.0745517644406664,20
2008-07-21,2.146662892689845,20
2008-07-22,2.1573567033138716,20
2008-07-23,2.1494972285296687,20
2008-07-24,2.202856236813787,20
2008-07-25,2.2110118412495257,20
2008-07-28,2.2353424802720236,20
2008-07-29,2.178425870868517,20
2008-07-30,2.170192423109543,20
2008-07-31,2.1010771078896284,20
2008-08-01,2.0991558071968166,20
2008-08-04,2.0547890972774505,20
2008-08-05,2.041604275562353,20
2008-08-06,2.0446442456995086,20
2008-08-07,2.055472097161889,20
2008-08-08,1.9201560680777423,20
2008-08-11,1.810319368647195,20
2008-08-12,1.7938618684192222,20
2008-08-13,1.7563456003966065,20
2008-08-14,1.7704827316887073,20
2008-08-15,1.7891722743189158,20
2008-08-18,1.6925977513690686,20
2008-08-19,1.7235031081050638,20
2008-08-20,1.862213851509113,20
2008-08-21,1.7927967921814607,20
2008-08-22,1.7711584462946277,20
2008-08-25,1.7665324564351594,20
2008-08-26,1.6775611577804264,20
2008-08-27,1.6794576345704046,20
2008-08-28,1.6759006605897129,20
2008-08-29,1.7190036640466122,20
2008-09-01,1.6670135669177464,20
2008-09-02,1.6495013644305276,12
2008-09-03,1.58137506053674,12
2008-09-04,1.5733349171188826,12
2008-09-05,1.4982608436887295,12
2008-09-08,1.4312757007968457,12
2008-09-09,1.4186397145053782,12
2008-09-10,1.399341452454977,12
2008-09-11,1.3402914226013336,12
2008-09-12,1.3421705045465067,12
2008-09-16,1.2997019014335756,12
2008-09-17,1.290960651401431,12
2008-09-18,1.2772376003035462,12
2008-09-19,1.4049463783808636,12
2008-09-22,1.521183420271344,12
2008-09-23,1.4692810227967092,12
2008-09-24,1.4570260992157231,12
2008-09-25,1.51041869282606,12
2008-09-26,1.5371949773688092,12
2008-10-06,1.4138815097867354,12
2008-10-07,1.388505671744274,14
2008-10-08,1.3467228350092402,14
2008-10-09,1.3227737501638597,14
2008-10-10,1.2392546782541123,14
2008-10-13,1.26869838322592,14
2008-10-14,1.2303061176789558,14
2008-10-15,1.2084347445355579,14
2008-10-16,1.1222987673845644,14
2008-10-17,1.1394667949802215,14
2008-10-20,1.182520490002022,14
2008-10-21,1.1860297881229587,14
2008-10-22,1.1539252506691569,14
2008-10-23,1.1775221114015277,14
2008-10-24,1.1564365086569743,14
2008-10-27,1.0721836070847113,14
2008-10-28,1.1296851384149877,14
2008-10-29,1.0878294325615854,14
2008-10-30,1.1150528374735873,14
2008-10-31,1.08970475116597,14
2008-11-03,1.0924724048566639,14
2008-11-04,1.0924724048566639,0
2008-11-05,1.0924724048566639,0
2008-11-06,1.0924724048566639,0
2008-11-07,1.0924724048566639,0
2008-11-10,1.0924724048566639,0
2008-11-11,1.0924724048566639,0
2008-11-12,1.0924724048566639,0
2008-11-13,1.0924724048566639,0
2008-11-14,1.0924724048566639,0
2008-11-17,1.0924724048566639,0
2008-11-18,1.0924724048566639,0
2008-11-19,1.0924724048566639,0
2008-11-20,1.0924724048566639,0
2008-11-21,1.0924724048566639,0
2008-11-24,1.0924724048566639,0
2008-11-25,1.0924724048566639,0
2008-11-26,1.0924724048566639,0
2008-11-27,1.0924724048566639,0
2008-11-28,1.0924724048566639,0
2008-12-01,1.0913799324518072,0
2008-12-02,1.0913799324518072,0
2008-12-03,1.0913799324518072,0
2008-12-04,1.0913799324518072,0
2008-12-05,1.0913799324518072,0
2008-12-08,1.0913799324518072,0
2008-12-09,1.0913799324518072,0
2008-12-10,1.0913799324518072,0
2008-12-11,1.0913799324518072,0
2008-12-12,1.0913799324518072,0
2008-12-15,1.0913799324518072,0
2008-12-16,1.0913799324518072,0
2008-12-17,1.0913799324518072,0
2008-12-18,1.0913799324518072,0
2008-12-19,1.0913799324518072,0
2008-12-22,1.0913799324518072,0
2008-12-23,1.0913799324518072,0
2008-12-24,1.0913799324518072,0
2008-12-25,1.0913799324518072,0
2008-12-26,1.0913799324518072,0
2008-12-29,1.0913799324518072,0
2008-12-30,1.0913799324518072,0
2008-12-31,1.0913799324518072,0
2009-01-05,1.0902885525193553,0
2009-01-06,1.0902885525193553,0
2009-01-07,1.0902885525193553,0
2009-01-08,1.0902885525193553,0
2009-01-09,1.0902885525193553,0
2009-01-12,1.0902885525193553,0
2009-01-13,1.0902885525193553,0
2009-01-14,1.0902885525193553,0
2009-01-15,1.0902885525193553,0
2009-01-16,1.0902885525193553,0
2009-01-19,1.0902885525193553,0
2009-01-20,1.0902885525193553,0
2009-01-21,1.0902885525193553,0
2009-01-22,1.0902885525193553,0
2009-01-23,1.0902885525193553,0
2009-02-02,1.089198263966836,0
2009-02-03,1.089198263966836,0
2009-02-04,1.089198263966836,0
2009-02-05,1.089198263966836,0
2009-02-06,1.089198263966836,0
2009-02-09,1.089198263966836,0
2009-02-10,1.089198263966836,0
2009-02-11,1.089198263966836,0
2009-02-12,1.089198263966836,0
2009-02-13,1.089198263966836,0
2009-02-16,1.089198263966836,0
2009-02-17,1.089198263966836,0
2009-02-18,1.089198263966836,0
2009-02-19,1.089198263966836,0
2009-02-20,1.089198263966836,0
2009-02-23,1.089198263966836,0
2009-02-24,1.089198263966836,0
2009-02-25,1.089198263966836,0
2009-02-26,1.089198263966836,0
2009-02-27,1.089198263966836,0
2009-03-02,1.0881090657028691,0
2009-03-03,1.0881090657028691,0
2009-03-04,1.0881090657028691,0
2009-03-05,1.0881090657028691,0
2009-03-06,1.0881090657028691,0
2009-03-09,1.0881090657028691,0
2009-03-10,1.0881090657028691,0
2009-03-11,1.0881090657028691,0
2009-03-12,1.0881090657028691,0
2009-03-13,1.0881090657028691,0
2009-03-16,1.0881090657028691,0
2009-03-17,1.0881090657028691,0
2009-03-18,1.0881090657028691,0
2009-03-19,1.0881090657028691,0
2009-03-20,1.0881090657028691,0
2009-03-23,1.0881090657028691,0
2009-03-24,1.0881090657028691,0
2009-03-25,1.0881090657028691,0
2009-03-26,1.0881090657028691,0
2009-03-27,1.0881090657028691,0
2009-03-30,1.0881090657028691,0
2009-03-31,1.0881090657028691,0
2009-04-01,1.0870209566371662,0
2009-04-02,1.0870209566371662,0
2009-04-03,1.0870209566371662,0
2009-04-07,1.0870209566371662,0
2009-04-08,1.0870209566371662,0
2009-04-09,1.0870209566371662,0
2009-04-10,1.0870209566371662,0
2009-04-13,1.0870209566371662,0
2009-04-14,1.0870209566371662,0
2009-04-15,1.0870209566371662,0
2009-04-16,1.0870209566371662,0
2009-04-17,1.0870209566371662,0
2009-04-20,1.0870209566371662,0
2009-04-21,1.0870209566371662,0
2009-04-22,1.0870209566371662,0
2009-04-23,1.0870209566371662,0
2009-04-24,1.0870209566371662,0
2009-04-27,1.0870209566371662,0
2009-04-28,1.0870209566371662,0
2009-04-29,1.0870209566371662,0
2009-04-30,1.0870209566371662,0
2009-05-04,1.085933935680529,0
2009-05-05,1.085933935680529,0
2009-05-06,1.085933935680529,0
2009-05-07,1.085933935680529,0
2009-05-08,1.085933935680529,0
2009-05-11,1.085933935680529,0
2009-05-12,1.085933935680529,0
2009-05-13,1.085933935680529,0
2009-05-14,1.085933935680529,0
2009-05-15,1.085933935680529,0
2009-05-18,1.085933935680529,0
2009-05-19,1.085933935680529,0
2009-05-20,1.085933935680529,0
2009-05-21,1.085933935680529,0
2009-05-22,1.085933935680529,0
2009-05-25,1.085933935680529,0
2009-05-26,1.085933935680529,0
2009-05-27,1.085933935680529,0
2009-06-01,1.0848480017448485,0
2009-06-02,1.0848480017448485,0
2009-06-03,1.0848480017448485,0
2009-06-04,1.0848480017448485,0
2009-06-05,1.0848480017448485,0
2009-06-08,1.0848480017448485,0
2009-06-09,1.0848480017448485,0
2009-06-10,1.0848480017448485,0
2009-06-11,1.0848480017448485,0
2009-06-12,1.0848480017448485,0
2009-06-15,1.0848480017448485,0
2009-06-16,1.0848480017448485,0
2009-06-17,1.0848480017448485,0
2009-06-18,1.0848480017448485,0
2009-06-19,1.0848480017448485,0
2009-06-22,1.0848480017448485,0
2009-06-23,1.0848480017448485,0
2009-06-24,1.0848480017448485,0
2009-06-25,1.0848480017448485,0
2009-06-26,1.0848480017448485,0
2009-06-29,1.0848480017448485,0
2009-06-30,1.0848480017448485,0
2009-07-01,1.0837631537431036,0
2009-07-02,1.0837631537431036,0
2009-07-03,1.0837631537431036,0
2009-07-06,1.0837631537431036,0
2009-07-07,1.0837631537431036,0
2009-07-08,1.0837631537431036,0
2009-07-09,1.0837631537431036,0
2009-07-10,1.0837631537431036,0
2009-07-13,1.0837631537431036,0
2009-07-14,1.0837631537431036,0
2009-07-15,1.0837631537431036,0
2009-07-16,1.0837631537431036,0
2009-07-17,1.0837631537431036,0
2009-07-20,1.0837631537431036,0
2009-07-21,1.0837631537431036,0
2009-07-22,1.0837631537431036,0
2009-07-23,1.0837631537431036,0
2009-07-24,1.0837631537431036,0
2009-07-27,1.0837631537431036,0
2009-07-28,1.0837631537431036,0
2009-07-29,1.0837631537431036,0
2009-07-30,1.0837631537431036,0
2009-07-31,1.0837631537431036,0
2009-08-03,1.0826793905893606,0
2009-08-04,1.0826793905893606,0
2009-08-05,1.0826793905893606,0
2009-08-06,1.0826793905893606,0
2009-08-07,1.0826793905893606,0
2009-08-10,1.0826793905893606,0
2009-08-11,1.0826793905893606,0
2009-08-12,1.0826793905893606,0
2009-08-13,1.0826793905893606,0
2009-08-14,1.0826793905893606,0
2009-08-17,1.0826793905893606,0
2009-08-18,1.0826793905893606,0
2009-08-19,1.0826793905893606,0
2009-08-20,1.0826793905893606,0
2009-08-21,1.0826793905893606,0
2009-08-24,1.0826793905893606,0
2009-08-25,1.0826793905893606,0
2009-08-26,1.0826793905893606,0
2009-08-27,1.0826793905893606,0
2009-08-28,1.0826793905893606,0
2009-08-31,1.0826793905893606,0
2009-09-01,1.0815967111987712,0
2009-09-02,1.0834136735940474,8
2009-09-03,1.1386668940243871,8
2009-09-04,1.1713052613268415,8
2009-09-07,1.2062789354614758,8
2009-09-08,1.2276668748107735,8
2009-09-09,1.2221215399192753,8
2009-09-10,1.2195048445875354,8
2009-09-11,1.235905047296003,8
2009-09-14,1.2582292614127908,8
2009-09-15,1.2636994829633028,8
2009-09-16,1.2774661357770332,8
2009-09-17,1.3068312937788407,8
2009-09-18,1.2664496722004495,8
2009-09-21,1.2860416715534007,8
2009-09-22,1.2722281966624,8
2009-09-23,1.243735836313061,8
2009-09-24,1.223901880381361,8
2009-09-25,1.2198376656784349,8
2009-09-28,1.200534021481131,8
2009-09-29,1.1882910020791566,8
2009-09-30,1.2101406112873945,8
2009-10-09,1.2738100838881223,8
2009-10-12,1.2679416902506597,7
2009-10-13,1.2740918154804315,7
2009-10-14,1.2846729928167178,7
2009-10-15,1.282382029335117,7
2009-10-16,1.2779699035210323,7
2009-10-19,1.290619605659916,7
2009-10-20,1.3237607655572374,7
2009-10-21,1.3170577488491957,7
2009-10-22,1.3134694992614582,7
2009-10-23,1.3319875795379814,7
2009-10-26,1.3461441660464988,7
2009-10-27,1.322915356202132,7
2009-10-28,1.3386567792026507,7
2009-10-29,1.311984664283598,7
2009-10-30,1.328799109401776,7
2009-11-02,1.3678064833366907,7
2009-11-03,1.3678064833366907,0
2009-11-04,1.3678064833366907,0
2009-11-05,1.3678064833366907,0
2009-11-06,1.3678064833366907,0
2009-11-09,1.3678064833366907,0
2009-11-10,1.3678064833366907,0
2009-11-11,1.3678064833366907,0
2009-11-12,1.3678064833366907,0
2009-11-13,1.3678064833366907,0
2009-11-16,1.3678064833366907,0
2009-11-17,1.3678064833366907,0
2009-11-18,1.3678064833366907,0
2009-11-19,1.3678064833366907,0
2009-11-20,1.3678064833366907,0
2009-11-23,1.3678064833366907,0
2009-11-24,1.3678064833366907,0
2009-11-25,1.3678064833366907,0
2009-11-26,1.3678064833366907,0
2009-11-27,1.3678064833366907,0
2009-11-30,1.3678064833366907,0
2009-12-01,1.366438676853354,0
2009-12-02,1.366438676853354,0
2009-12-03,1.366438676853354,0
2009-12-04,1.366438676853354,0
2009-12-07,1.366438676853354,0
2009-12-08,1.366438676853354,0
2009-12-09,1.366438676853354,0
2009-12-10,1.366438676853354,0
2009-12-11,1.366438676853354,0
2009-12-14,1.366438676853354,0
2009-12-15,1.366438676853354,0
2009-12-16,1.366438676853354,0
2009-12-17,1.366438676853354,0
2009-12-18,1.366438676853354,0
2009-12-21,1.366438676853354,0
2009-12-22,1.366438676853354,0
2009-12-23,1.366438676853354,0
2009-12-24,1.366438676853354,0
2009-12-25,1.366438676853354,0
2009-12-28,1.366438676853354,0
2009-12-29,1.366438676853354,0
2009-12-30,1.366438676853354,0
2009-12-31,1.366438676853354,0
2010-01-04,1.3650722381765008,0
2010-01-05,1.3650722381765008,0
2010-01-06,1.3650722381765008,0
2010-01-07,1.3650722381765008,0
2010-01-08,1.3650722381765008,0
2010-01-11,1.3650722381765008,0
2010-01-12,1.3650722381765008,0
2010-01-13,1.3650722381765008,0
2010-01-14,1.3650722381765008,0
2010-01-15,1.3650722381765008,0
2010-01-18,1.3650722381765008,0
2010-01-19,1.3650722381765008,0
2010-01-20,1.3650722381765008,0
2010-01-21,1.3650722381765008,0
2010-01-22,1.3650722381765008,0
2010-01-25,1.3650722381765008,0
2010-01-26,1.3650722381765008,0
2010-01-27,1.3650722381765008,0
2010-01-28,1.3650722381765008,0
2010-01-29,1.3650722381765008,0
2010-02-01,1.3637071659383242,0
2010-02-02,1.3637071659383242,0
2010-02-03,1.3637071659383242,0
2010-02-04,1.3637071659383242,0
2010-02-05,1.3637071659383242,0
2010-02-08,1.3637071659383242,0
2010-02-09,1.3637071659383242,0
2010-02-10,1.3637071659383242,0
2010-02-11,1.3637071659383242,0
2010-02-12,1.3637071659383242,0
2010-02-22,1.3637071659383242,0
2010-02-23,1.3637071659383242,0
2010-02-24,1.3637071659383242,0
2010-02-25,1.3637071659383242,0
2010-02-26,1.3637071659383242,0
2010-03-01,1.362343458772386,0
2010-03-02,1.362343458772386,0
2010-03-03,1.362343458772386,0
2010-03-04,1.362343458772386,0
2010-03-05,1.362343458772386,0
2010-03-08,1.362343458772386,0
2010-03-09,1.362343458772386,0
2010-03-10,1.362343458772386,0
2010-03-11,1.362343458772386,0
2010-03-12,1.362343458772386,0
2010-03-15,1.362343458772386,0
2010-03-16,1.362343458772386,0
2010-03-17,1.362343458772386,0
2010-03-18,1.362343458772386,0
2010-03-19,1.362343458772386,0
2010-03-22,1.362343458772386,0
2010-03-23,1.362343458772386,0
2010-03-24,1.362343458772386,0
2010-03-25,1.362343458772386,0
2010-03-26,1.362343458772386,0
2010-03-29,1.362343458772386,0
2010-03-30,1.362343458772386,0
2010-03-31,1.362343458772386,0
2010-04-01,1.3609811153136135,0
2010-04-02,1.3609811153136135,0
2010-04-06,1.3609811153136135,0
2010-04-07,1.3609811153136135,0
2010-04-08,1.3609811153136135,0
2010-04-09,1.3609811153136135,0
2010-04-12,1.3609811153136135,0
2010-04-13,1.3609811153136135,0
2010-04-14,1.3609811153136135,0
2010-04-15,1.3609811153136135,0
2010-04-16,1.3609811153136135,0
2010-04-19,1.3609811153136135,0
2010-04-20,1.3609811153136135,0
2010-04-21,1.3609811153136135,0
2010-04-22,1.3609811153136135,0
2010-04-23,1.3609811153136135,0
2010-04-26,1.3609811153136135,0
2010-04-27,1.3609811153136135,0
2010-04-28,1.3609811153136135,0
2010-04-29,1.3609811153136135,0
2010-04-30,1.3609811153136135,0
2010-05-04,1.3596201341982999,0
2010-05-05,1.4108016726259023,19
2010-05-06,1.3408377721590785,19
2010-05-07,1.3101766476923307,19
2010-05-10,1.2655833147144542,19
2010-05-11,1.2230822691540673,19
2010-05-12,1.2279569497368836,19
2010-05-13,1.2547920802144352,19
2010-05-14,1.2527404059348544,19
2010-05-17,1.1810754501633396,19
2010-05-18,1.1917167758083862,19
2010-05-19,1.2236703719111894,19
2010-05-20,1.211438704389115,19
2010-05-21,1.2584109542463267,19
2010-05-24,1.3194095265933452,19
2010-05-25,1.303405973497101,19
2010-05-26,1.3017268230324786,19
2010-05-27,1.3550270110867604,19
2010-05-28,1.3636054287478852,19
2010-05-31,1.3241305960887833,19
2010-06-01,1.2853371124463244,19
2010-06-02,1.321290919302453,20
2010-06-03,1.3322077969871389,20
2010-06-04,1.3974767815678057,20
2010-06-07,1.4703366704963317,20
2010-06-08,1.4718965415051988,20
2010-06-09,1.4793853013841858,20
2010-06-10,1.5298630125398474,20
2010-06-11,1.5423448481635087,20
2010-06-17,1.4553826271310566,20
2010-06-18,1.3508370409477646,20
2010-06-21,1.4037152816091016,20
2010-06-22,1.3957011941290418,20
2010-06-23,1.4065028607404895,20
2010-06-24,1.4085627632145228,20
2010-06-25,1.3520644525360885,20
2010-06-28,1.3234109074583478,20
2010-06-29,1.2224870297856243,20
2010-06-30,1.2428726850133902,20
2010-07-01,1.1916449235873368,20
2010-07-02,1.1893249679466198,20
2010-07-05,1.1740435747619415,20
2010-07-06,1.2199130876687458,20
2010-07-07,1.239467971421637,20
2010-07-08,1.2406548070417638,20
2010-07-09,1.2743671611810121,20
2010-07-12,1.2653668621128857,20
2010-07-13,1.2779057266511749,20
2010-07-14,1.263040632372928,20
2010-07-15,1.2088333381071177,20
2010-07-16,1.211980067482275,20
2010-07-19,1.235424541257076,20
2010-07-20,1.2732108808864038,20
2010-07-21,1.2743331254321615,20
2010-07-22,1.2868232618857152,20
2010-07-23,1.3127318380943522,20
2010-07-26,1.3178417502701312,20
2010-07-27,1.30261127177393,20
2010-07-28,1.3270830678548469,20
2010-07-29,1.333073614309349,20
2010-07-30,1.3358262328151995,20
2010-08-02,1.3677410983808578,20
2010-08-03,1.3380531827288424,20
2010-08-04,1.3543281379176406,20
2010-08-05,1.3652411492749033,20
2010-08-06,1.4040563386919904,20
2010-08-09,1.436047891236368,20
2010-08-10,1.3805008630843403,20
2010-08-11,1.3958198456270612,20
2010-08-12,1.382689411182077,20
2010-08-13,1.4073421403873094,20
2010-08-16,1.4584243554525638,20
2010-08-17,1.4637331639027245,20
2010-08-18,1.4511130931998786,20
2010-08-19,1.449847604778711,20
2010-08-20,1.4154739416062718,20
2010-08-23,1.4122852388034082,20
2010-08-24,1.4082139589412577,20
2010-08-25,1.3585422228083996,20
2010-08-26,1.3641032523201466,20
2010-08-27,1.3912310752500012,20
2010-08-30,1.4223954239804064,20
2010-08-31,1.4194358191805934,20
2010-09-01,1.3691560138308643,20
2010-09-02,1.4097288526053044,5
2010-09-03,1.4177048250887587,5
2010-09-06,1.4018697421060988,5
2010-09-07,1.4036533842221321,5
2010-09-08,1.4213476123310793,5
2010-09-09,1.4016416995463903,5
2010-09-10,1.430358709656553,5
2010-09-13,1.4568593239766114,5
2010-09-14,1.4708995449067899,5
2010-09-15,1.4254799356347783,5
2010-09-16,1.3854120113304604,5
2010-09-17,1.4045860552391112,5
2010-09-20,1.4047877261588302,5
2010-09-21,1.4002045622412922,5
2010-09-27,1.4405574653150606,5
2010-09-28,1.4355525104807725,5
2010-09-29,1.3972568985815752,5
2010-09-30,1.4307112987015622,5
2010-10-08,1.466723237192617,5
2010-10-11,1.4179046087412155,4
2010-10-12,1.4058638618796315,4
2010-10-13,1.4181980057512178,4
2010-10-14,1.336235235370883,4
2010-10-15,1.309913656608119,4
2010-10-18,1.316393145659456,4
2010-10-19,1.3499765821912386,4
2010-10-20,1.361374827438091,4
2010-10-21,1.3943864766187613,4
2010-10-22,1.3923492531192,4
2010-10-25,1.427736804995595,4
2010-10-26,1.435222935228723,4
2010-10-27,1.4234813984613608,4
2010-10-28,1.4578401011514952,4
2010-10-29,1.4971981722322254,4
2010-11-01,1.528289562963354,4
2010-11-02,1.50746792029444,19
2010-11-03,1.4891724909486144,19
2010-11-04,1.51673900332413,19
2010-11-05,1.5510894854471455,19
2010-11-08,1.5810786627178595,19
2010-11-09,1.5987411761131511,19
2010-11-10,1.62431974887896,19
2010-11-11,1.6081126110629456,19
2010-11-12,1.5235371081986322,19
2010-11-15,1.5806745761938747,19
2010-11-16,1.5635382588088371,19
2010-11-17,1.5009801316680795,19
2010-11-18,1.5305667698142997,19
2010-11-19,1.5852746213600273,19
2010-11-22,1.6238305251650742,19
2010-11-23,1.6209920764340442,19
2010-11-24,1.6715493672548185,19
2010-11-25,1.6607872493977214,19
2010-11-26,1.6462108456580054,19
2010-11-29,1.66503890986309,19
2010-11-30,1.6261098051809513,19
2010-12-01,1.6097588587071914,19
2010-12-02,1.6183382737968703,20
2010-12-03,1.595881696789683,20
2010-12-06,1.5699533416303615,20
2010-12-07,1.602950955567819,20
2010-12-08,1.6031910388897777,20
2010-12-09,1.5698825696620344,20
2010-12-10,1.5900272018741985,20
2010-12-13,1.6354717055762478,20
2010-12-14,1.6640738787512408,20
2010-12-15,1.65575315485552,20
2010-12-16,1.668071528479708,20
2010-12-17,1.6647370162347639,20
2010-12-20,1.6513517634435406,20
2010-12-21,1.668517875359274,20
2010-12-22,1.66407955090803,20
2010-12-23,1.6322291761572547,20
2010-12-24,1.6024930637229682,20
2010-12-27,1.5683832443613355,20
2010-12-28,1.5446503150257889,20
2010-12-29,1.5650455826842757,20
2010-12-30,1.580714400543739,20
2010-12-31,1.6257574274170015,20
2011-01-04,1.6386859429766885,20
2011-01-05,1.6250000352191303,20
2011-01-06,1.6065710816673633,20
2011-01-07,1.60738120057191,20
2011-01-10,1.5712745809239144,20
2011-01-11,1.5543082945383275,20
2011-01-12,1.5662120379434965,20
2011-01-13,1.5658917549371953,20
2011-01-14,1.5264394276674191,20
2011-01-17,1.4603073130007704,20
2011-01-18,1.4602834597708063,20
2011-01-19,1.5052379221429966,20
2011-01-20,1.4531931262399798,20
2011-01-21,1.4458887385939394,20
2011-01-24,1.393322113710429,20
2011-01-25,1.388591186395786,20
2011-01-26,1.4169504285956933,20
2011-01-27,1.4459216876899628,20
2011-01-28,1.4601256646328293,20
2011-01-31,1.474341021623273,20
2011-02-01,1.4742155348258643,20
2011-02-09,1.4531360463889618,20
2011-02-10,1.505135484084051,20
2011-02-11,1.5385640527720132,20
2011-02-14,1.5710321364776263,20
2011-02-15,1.566983799465914,20
2011-02-16,1.5880346213467185,20
2011-02-17,1.5917158634161688,20
2011-02-18,1.5694252919780238,20
2011-02-21,1.600453851008764,20
2011-02-22,1.5501151529936716,20
2011-02-23,1.555883135056513,20
2011-02-24,1.568213489654263,20
2011-02-25,1.566227994003669,20
2011-02-28,1.5858213440110793,20
2011-03-01,1.5970426264051663,20
2011-03-02,1.5895965918247021,20
2011-03-03,1.5551420505264377,20
2011-03-04,1.5657094126144062,20
2011-03-07,1.575872006363527,20
2011-03-08,1.580914662501807,20
2011-03-09,1.5888135489557456,20
2011-03-10,1.579608295316792,20
2011-03-11,1.5806844005361398,20
2011-03-14,1.5946191992170187,20
2011-03-15,1.572939289706924,20
2011-03-16,1.600744739993573,20
2011-03-17,1.5762907602073948,20
2011-03-18,1.578334417629012,20
2011-03-21,1.5663956785290087,20
2011-03-22,1.5556705031014404,20
2011-03-23,1.5687085269007106,20
2011-03-24,1.5687720481991134,20
2011-03-25,1.5750177801809173,20
2011-03-28,1.544885543313443,20
2011-03-29,1.50953849591341,20
2011-03-30,1.4987305031481297,20
2011-03-31,1.4872958034268002,20
2011-04-01,1.504529907073525,20
2011-04-06,1.480790334429118,20
2011-04-07,1.492533388449688,20
2011-04-08,1.512324173823914,20
2011-04-11,1.4911104920038707,20
2011-04-12,1.4790268463645089,20
2011-04-13,1.5007497725592125,20
2011-04-14,1.504925339174086,20
2011-04-15,1.4982662613427096,20
2011-04-18,1.4990071847663728,20
2011-04-19,1.4958035526176459,20
2011-04-20,1.5129252404141478,20
2011-04-21,1.533198827751516,20
2011-04-22,1.5207100980440218,20
2011-04-25,1.482853381018073,20
2011-04-26,1.4687945023309759,20
2011-04-27,1.4467367985222535,20
2011-04-28,1.400162743773336,20
2011-04-29,1.4232892484006543,20
2011-05-03,1.4348248683342748,20
2011-05-04,1.4348248683342748,0
2011-05-05,1.4348248683342748,0
2011-05-06,1.4348248683342748,0
2011-05-09,1.4348248683342748,0
2011-05-10,1.4348248683342748,0
2011-05-11,1.4348248683342748,0
2011-05-12,1.4348248683342748,0
2011-05-13,1.4348248683342748,0
2011-05-16,1.4348248683342748,0
2011-05-17,1.4348248683342748,0
2011-05-18,1.4348248683342748,0
2011-05-19,1.4348248683342748,0
2011-05-20,1.4348248683342748,0
2011-05-23,1.4348248683342748,0
2011-05-24,1.4348248683342748,0
2011-05-25,1.4348248683342748,0
2011-05-26,1.4348248683342748,0
2011-05-27,1.4348248683342748,0
2011-05-30,1.4348248683342748,0
2011-05-31,1.4348248683342748,0
2011-06-01,1.4333900434659406,0
2011-06-02,1.4333900434659406,0
2011-06-03,1.4333900434659406,0
2011-06-07,1.4333900434659406,0
2011-06-08,1.4333900434659406,0
2011-06-09,1.4333900434659406,0
2011-06-10,1.4333900434659406,0
2011-06-13,1.4333900434659406,0
2011-06-14,1.4333900434659406,0
2011-06-15,1.4333900434659406,0
2011-06-16,1.4333900434659406,0
2011-06-17,1.4333900434659406,0
2011-06-20,1.4333900434659406,0
2011-06-21,1.4333900434659406,0
2011-06-22,1.4333900434659406,0
2011-06-23,1.4333900434659406,0
2011-06-24,1.4333900434659406,0
2011-06-27,1.4333900434659406,0
2011-06-28,1.4333900434659406,0
2011-06-29,1.4333900434659406,0
2011-06-30,1.4333900434659406,0
2011-07-01,1.4319566534224746,0
2011-07-04,1.4319566534224746,0
2011-07-05,1.4319566534224746,0
2011-07-06,1.4319566534224746,0
2011-07-07,1.4319566534224746,0
2011-07-08,1.4319566534224746,0
2011-07-11,1.4319566534224746,0
2011-07-12,1.4319566534224746,0
2011-07-13,1.4319566534224746,0
2011-07-14,1.4319566534224746,0
2011-07-15,1.4319566534224746,0
2011-07-18,1.4319566534224746,0
2011-07-19,1.4319566534224746,0
2011-07-20,1.4319566534224746,0
2011-07-21,1.4319566534224746,0
2011-07-22,1.4319566534224746,0
2011-07-25,1.4319566534224746,0
2011-07-26,1.4319566534224746,0
2011-07-27,1.4319566534224746,0
2011-07-28,1.4319566534224746,0
2011-07-29,1.4319566534224746,0
2011-08-01,1.4305246967690521,0
2011-08-02,1.4407299575644632,2
2011-08-03,1.4145628536343395,2
2011-08-04,1.4156907193896104,2
2011-08-05,1.3936389968618468,2
2011-08-08,1.3429446587208678,2
2011-08-09,1.3774123151753916,2
2011-08-10,1.3478725592421197,2
2011-08-11,1.3741971477951764,2
2011-08-12,1.3738138008233376,2
2011-08-15,1.3821961809090364,2
2011-08-16,1.3878531911992507,2
2011-08-17,1.357582927586859,2
2011-08-18,1.326033265749,2
2011-08-19,1.3055336518239122,2
2011-08-22,1.3182964202560925,2
2011-08-23,1.3607146041534304,2
2011-08-24,1.3689301924549226,2
2011-08-25,1.367670177158455,2
2011-08-26,1.3823454952498695,2
2011-08-29,1.4253447214846005,2
2011-08-30,1.4055059869529543,2
2011-08-31,1.4101346979782132,2
2011-09-01,1.4104721661110629,2
2011-09-02,1.3969332357284876,3
2011-09-05,1.338555672998325,3
2011-09-06,1.3363559661468765,3
2011-09-07,1.3786376893022716,3
2011-09-08,1.350806435587997,3
2011-09-09,1.335067971066608,3
2011-09-13,1.3187860861403249,3
2011-09-14,1.3265199666626533,3
2011-09-15,1.3246665235081403,3
2011-09-16,1.3112803722647974,3
2011-09-19,1.2890333096209599,3
2011-09-20,1.2807206966747857,3
2011-09-21,1.3240795744560045,3
2011-09-22,1.2713944439104983,3
2011-09-23,1.2802226731552204,3
2011-09-26,1.256496571487905,3
2011-09-27,1.2348611987943747,3
2011-09-28,1.1935662252814783,3
2011-09-29,1.129349112803468,3
2011-09-30,1.138953181842476,3
2011-10-10,1.125383634588683,3
2011-10-11,1.1012011888980535,2
2011-10-12,1.1689498594847287,2
2011-10-13,1.1970942518703709,2
2011-10-14,1.198933902571581,2
2011-10-17,1.2004544184845258,2
2011-10-18,1.1471293944062335,2
2011-10-19,1.1563472620085065,2
2011-10-20,1.1154985874229133,2
2011-10-21,1.123377919476261,2
2011-10-24,1.1468568269263075,2
2011-10-25,1.192424793567146,2
2011-10-26,1.1978568665201674,2
2011-10-27,1.1758294680067616,2
2011-10-28,1.2075512922220653,2
2011-10-31,1.20841094604975,2
2011-11-01,1.1916338463945186,2
2011-11-02,1.2169798307584474,20
2011-11-03,1.2349086278882107,20
2011-11-04,1.2399228444235826,20
2011-11-07,1.227927550422645,20
2011-11-08,1.2109101766477857,20
2011-11-09,1.2313384337021118,20
2011-11-10,1.22577285283522,20
2011-11-11,1.2229522913324444,20
2011-11-14,1.25505126982382,20
2011-11-15,1.262286936171798,20
2011-11-16,1.2267621883128788,20
2011-11-17,1.2258168786808168,20
2011-11-18,1.1885433916049613,20
2011-11-21,1.1900412239907916,20
2011-11-22,1.1874213282875967,20
2011-11-23,1.1818199595648833,20
2011-11-24,1.181770673513433,20
2011-11-25,1.1709149526265108,20
2011-11-28,1.1740032215659106,20
2011-11-29,1.1961548976602678,20
2011-11-30,1.1435327769677668,20
2011-12-01,1.1695323641898954,20
2011-12-02,1.1444121501679354,20
2011-12-05,1.1106081163177304,20
2011-12-06,1.116865921521508,20
2011-12-07,1.12001582586688,20
2011-12-08,1.1173376631090046,20
2011-12-09,1.10190739365964,20
2011-12-12,1.0881119322356898,20
2011-12-13,1.0562763186096857,20
2011-12-14,1.0390371611920675,20
2011-12-15,1.0110576284627422,20
2011-12-16,1.040948145256117,20
2011-12-19,1.0380898600649178,20
2011-12-20,1.0344987323083952,20
2011-12-21,1.0136780827307348,20
2011-12-22,1.0035705760100317,20
2011-12-23,1.0137950106960418,20
2011-12-26,1.0085465833949343,20
2011-12-27,0.9817234376924957,20
2011-12-28,0.9729998942667709,20
2011-12-29,0.9753957423757612,20
2011-12-30,0.9974714024283943,20
2012-01-04,0.9713636993952814,20
2012-01-05,0.9415279317700521,20
2012-01-06,0.9522761199989707,20
2012-01-09,0.9990880260310934,20
2012-01-10,1.0384097087139017,20
2012-01-11,1.0320750878094511,20
2012-01-12,1.0285327279526284,20
2012-01-13,0.9892753204833025,20
2012-01-16,0.9491751940293004,20
2012-01-17,1.0084171438800953,20
2012-01-18,0.9816397927843754,20
2012-01-19,0.997509235069008,20
2012-01-20,1.0131508477745013,20
2012-01-30,1.0089577028394372,20
2012-01-31,1.0072567041272638,20
2012-02-01,1.0018003745998574,20
2012-02-02,1.021858891066558,20
2012-02-03,1.0387357059606486,20
2012-02-06,1.0463202353217653,20
2012-02-07,1.0338760999760113,20
2012-02-08,1.0583313116890403,20
2012-02-09,1.0629437945463982,20
2012-02-10,1.067008815864432,20
2012-02-13,1.0794543319828385,20
2012-02-14,1.081042508496251,20
2012-02-15,1.0941424325709597,20
2012-02-16,1.0910150616072927,20
2012-02-17,1.0896188867737495,20
2012-02-20,1.0889341763267417,20
2012-02-21,1.1016246084369647,20
2012-02-22,1.1225150722483013,20
2012-02-23,1.1226458768506855,20
2012-02-24,1.1337045050892478,20
2012-02-27,1.136540971412868,20
2012-02-28,1.1288294265162808,20
2012-02-29,1.1178335175066656,20
2012-03-01,1.1212476673401517,20
2012-03-02,1.1435658272290228,20
2012-03-05,1.1513966502851356,20
2012-03-06,1.1545770449548272,20
2012-03-07,1.1434904665870866,20
2012-03-08,1.1619511649765932,20
2012-03-09,1.1854398509283144,20
2012-03-12,1.1979162522157787,20
2012-03-13,1.211941527628485,20
2012-03-14,1.173646662936109,20
2012-03-15,1.1689546906468862,20
2012-03-16,1.1941208652685291,20
2012-03-19,1.213918087166558,20
2012-03-20,1.1798143834959858,20
2012-03-21,1.1845413976276433,20
2012-03-22,1.1736017445465734,20
2012-03-23,1.1497486885444659,20
2012-03-26,1.1501420269955296,20
2012-03-27,1.1515168978453976,20
2012-03-28,1.09891337659215,20
2012-03-29,1.0808754336908915,20
2012-03-30,1.075899288590705,20
2012-04-05,1.1110363342707994,20
2012-04-06,1.1116975626893972,20
2012-04-09,1.1005965544320835,20
2012-04-10,1.1109097523625993,20
2012-04-11,1.1145504717087822,20
2012-04-12,1.1359079492051318,20
2012-04-13,1.140253359648556,20
2012-04-16,1.1346999490988134,20
2012-04-17,1.1136105070161273,20
2012-04-18,1.1373531228332714,20
2012-04-19,1.1328473763395928,20
2012-04-20,1.142329856661267,20
2012-04-23,1.1126131389879634,20
2012-04-24,1.0938707541744797,20
2012-04-25,1.0881117453717088,20
2012-04-26,1.0865189901031147,20
2012-04-27,1.0892932905328183,20
2012-05-02,1.1122992528553741,20
2012-05-03,1.1122992528553741,0
2012-05-04,1.1122992528553741,0
2012-05-07,1.1122992528553741,0
2012-05-08,1.1122992528553741,0
2012-05-09,1.1122992528553741,0
2012-05-10,1.1122992528553741,0
2012-05-11,1.1122992528553741,0
2012-05-14,1.1122992528553741,0
2012-05-15,1.1122992528553741,0
2012-05-16,1.1122992528553741,0
2012-05-17,1.1122992528553741,0
2012-05-18,1.1122992528553741,0
2012-05-21,1.1122992528553741,0
2012-05-22,1.1122992528553741,0
2012-05-23,1.1122992528553741,0
2012-05-24,1.1122992528553741,0
2012-05-25,1.1122992528553741,0
2012-05-28,1.1122992528553741,0
2012-05-29,1.1122992528553741,0
2012-05-30,1.1122992528553741,0
2012-05-31,1.1122992528553741,0
2012-06-01,1.1111869536025187,0
2012-06-04,1.1111869536025187,0
2012-06-05,1.1111869536025187,0
2012-06-06,1.1111869536025187,0
2012-06-07,1.1111869536025187,0
2012-06-08,1.1111869536025187,0
2012-06-11,1.1111869536025187,0
2012-06-12,1.1111869536025187,0
2012-06-13,1.1111869536025187,0
2012-06-14,1.1111869536025187,0
2012-06-15,1.1111869536025187,0
2012-06-18,1.1111869536025187,0
2012-06-19,1.1111869536025187,0
2012-06-20,1.1111869536025187,0
2012-06-21,1.1111869536025187,0
2012-06-25,1.1111869536025187,0
2012-06-26,1.1111869536025187,0
2012-06-27,1.1111869536025187,0
2012-06-28,1.1111869536025187,0
2012-06-29,1.1111869536025187,0
2012-07-02,1.1100757666489163,0
2012-07-03,1.1100757666489163,0
2012-07-04,1.1100757666489163,0
2012-07-05,1.1100757666489163,0
2012-07-06,1.1100757666489163,0
2012-07-09,1.1100757666489163,0
2012-07-10,1.1100757666489163,0
2012-07-11,1.1100757666489163,0
2012-07-12,1.1100757666489163,0
2012-07-13,1.1100757666489163,0
2012-07-16,1.1100757666489163,0
2012-07-17,1.1100757666489163,0
2012-07-18,1.1100757666489163,0
2012-07-19,1.1100757666489163,0
2012-07-20,1.1100757666489163,0
2012-07-23,1.1100757666489163,0
2012-07-24,1.1100757666489163,0
2012-07-25,1.1100757666489163,0
2012-07-26,1.1100757666489163,0
2012-07-27,1.1100757666489163,0
2012-07-30,1.1100757666489163,0
2012-07-31,1.1100757666489163,0
2012-08-01,1.1089656908822674,0
2012-08-02,1.0822107231882294,2
2012-08-03,1.118863136273036,2
2012-08-06,1.1586642967109813,2
2012-08-07,1.1676741279451257,2
2012-08-08,1.1658859592958988,2
2012-08-09,1.1814376178396697,2
2012-08-10,1.1698492249632884,2
2012-08-13,1.1456200418643483,2
2012-08-14,1.1618638091323297,2
2012-08-15,1.1197856360873693,2
2012-08-16,1.1063486970702852,2
2012-08-17,1.1145539516438163,2
2012-08-20,1.0649097570182802,2
2012-08-21,1.0827039065005495,2
2012-08-22,1.0666299263927363,2
2012-08-23,1.1045680338332358,2
2012-08-24,1.0672379839440442,2
2012-08-27,1.056019835093364,2
2012-08-28,1.052887808329175,2
2012-08-29,1.0367250568855255,2
2012-08-30,1.0157843842376157,2
2012-08-31,1.0205690227456286,2
2012-09-03,1.0444389235207783,2
2012-09-04,1.0629573441505795,1
2012-09-05,1.0629573441505795,1
2012-09-06,1.0592536600246192,1
2012-09-07,1.0888831330323008,1
2012-09-10,1.107401553662102,1
2012-09-11,1.107401553662102,1
2012-09-12,1.107401553662102,1
2012-09-13,1.1036978695361417,1
2012-09-14,1.0999941854101816,1
2012-09-17,1.0777720806544202,1
2012-09-18,1.0962905012842212,1
2012-09-19,1.0999941854101816,1
2012-09-20,1.0592536600246192,1
2012-09-21,1.0444389235207785,1
2012-09-24,1.0555499758986593,1
2012-09-25,1.051846291772699,1
2012-09-26,1.0296241870169378,1
2012-09-27,1.048142607646739,1
2012-09-28,1.0555499758986595,1
2012-10-08,1.04338337354488,1
2012-10-09,1.0788655454363454,3
2012-10-10,1.0835843980158741,3
2012-10-11,1.0587676124830843,3
2012-10-12,1.047651860468906,3
2012-10-15,1.0117054165173998,3
2012-10-16,1.0077156108762968,3
2012-10-17,1.0202763131471158,3
2012-10-18,1.0308398843843423,3
2012-10-19,1.0473850638734115,3
2012-10-22,1.065893698288563,3
2012-10-23,1.0400574411062322,3
2012-10-24,1.0401432438353742,3
2012-10-25,1.0435268916906388,3
2012-10-26,1.0254245282935779,3
2012-10-29,1.043649451330279,3
2012-10-30,1.0375774653726109,3
2012-10-31,1.0341752466666871,3
2012-11-01,1.0450225708540701,3
2012-11-02,1.042611796689889,20
2012-11-05,1.037083894545291,20
2012-11-06,1.0304521924599872,20
2012-11-07,1.0307425164693862,20
2012-11-08,1.0094688229434527,20
2012-11-09,1.0071127864579241,20
2012-11-12,1.0045661195130497,20
2012-11-13,0.9872797217052419,20
2012-11-14,0.9939835815743555,20
2012-11-15,0.9874746967467256,20
2012-11-16,0.9751917691590728,20
2012-11-19,0.9725053326718042,20
2012-11-20,0.9684351091364629,20
2012-11-21,0.9741607177829934,20
2012-11-22,0.9547806826663018,20
2012-11-23,0.9555266082776374,20
2012-11-26,0.9398711096849134,20
2012-11-27,0.9050421766393322,20
2012-11-28,0.8968985139877779,20
2012-11-29,0.8939103678778246,20
2012-11-30,0.906619621314158,20
2012-12-03,0.8942289514876347,20
2012-12-04,0.9029416002486753,20
2012-12-05,0.9377120761697982,20
2012-12-06,0.9336738967723429,20
2012-12-07,0.9556282388501703,20
2012-12-10,0.9622794342590615,20
2012-12-11,0.9563421468168755,20
2012-12-12,0.9581066783216836,20
2012-12-13,0.9448571526658855,20
2012-12-14,0.983460646921977,20
2012-12-17,0.9816870411997618,20
2012-12-18,0.9752318636200031,20
2012-12-19,0.985411409297146,20
2012-12-20,1.0027697861347076,20
2012-12-21,1.0202190706383163,20
2012-12-24,1.033029720512078,20
2012-12-25,1.0531322202307185,20
2012-12-26,1.0707011127937371,20
2012-12-27,1.0578590001055515,20
2012-12-28,1.0695727236222545,20
2012-12-31,1.0774930533262639,20
2013-01-04,1.0756375307110349,20
2013-01-07,1.1008347190080645,20
2013-01-08,1.1252496304385748,20
2013-01-09,1.1217113059592896,20
2013-01-10,1.1326841179769793,20
2013-01-11,1.1190608269928557,20
2013-01-14,1.1592460478210604,20
2013-01-15,1.1900311000910748,20
2013-01-16,1.1926922073517323,20
2013-01-17,1.1848949639202289,20
2013-01-18,1.2000284267121348,20
2013-01-21,1.2057275787927,20
2013-01-22,1.1801900354894101,20
2013-01-23,1.1877093390223878,20
2013-01-24,1.165390354796555,20
2013-01-25,1.1768306566206015,20
2013-01-28,1.2117169104766212,20
2013-01-29,1.2181789900949629,20
2013-01-30,1.216451393659372,20
2013-01-31,1.2034650782692073,20
2013-02-01,1.208386169908576,20
2013-02-04,1.2008168779251722,20
2013-02-05,1.214298790970386,20
2013-02-06,1.2243817140948416,20
2013-02-07,1.237736668626733,20
2013-02-08,1.259592292454067,20
2013-02-18,1.2673597406185244,20
2013-02-19,1.2390559114396855,20
2013-02-20,1.2759154442769616,20
2013-02-21,1.2563438976467416,20
2013-02-22,1.2446168279002008,20
2013-02-25,1.2550105135449947,20
2013-02-26,1.2460986876733202,20
2013-02-27,1.2294581812028744,20
2013-02-28,1.2518471491400038,20
2013-03-01,1.2699202502194082,20
2013-03-04,1.2399766788207438,20
2013-03-05,1.273685778888027,20
2013-03-06,1.2974793132421054,20
2013-03-07,1.273185055163534,20
2013-03-08,1.2667049746713572,20
2013-03-11,1.2804459498354595,20
2013-03-12,1.23843029478222,20
2013-03-13,1.232327893406916,20
2013-03-14,1.247386766011101,20
2013-03-15,1.2517842366803904,20
2013-03-18,1.2482462932288885,20
2013-03-19,1.2444537624315917,20
2013-03-20,1.277263113211742,20
2013-03-21,1.2933262876803555,20
2013-03-22,1.295558020017364,20
2013-03-25,1.301312195599299,20
2013-03-26,1.3157628316096588,20
2013-03-27,1.3193933311946653,20
2013-03-28,1.3115512122998785,20
2013-03-29,1.3158768374538743,20
2013-04-01,1.3232099450893486,20
2013-04-02,1.2891668366698343,20
2013-04-03,1.2817251899820583,20
2013-04-08,1.2960468734176462,20
2013-04-09,1.3041324926739162,20
2013-04-10,1.302388972260464,20
2013-04-11,1.3061640606674214,20
2013-04-12,1.2918761061677173,20
2013-04-15,1.2745384786967389,20
2013-04-16,1.2861527339151182,20
2013-04-17,1.306012905538858,20
2013-04-18,1.3107759070497638,20
2013-04-19,1.3439765474118142,20
2013-04-22,1.3590131079822296,20
2013-04-23,1.3336969223895152,20
2013-04-24,1.367586824627456,20
2013-04-25,1.3589261391397827,20
2013-04-26,1.3286588331397144,20
2013-05-02,1.341094434928766,20
2013-05-03,1.3443279356760323,2
2013-05-06,1.3829623022510227,2
2013-05-07,1.4124499935750934,2
2013-05-08,1.4169664187676065,2
2013-05-09,1.4577594190793193,2
2013-05-10,1.439754298699423,2
2013-05-13,1.44148711925872,2
2013-05-14,1.3964074614005755,2
2013-05-15,1.413343286211001,2
2013-05-16,1.423394547706705,2
2013-05-17,1.4393288619958249,2
2013-05-20,1.4787749010305793,2
2013-05-21,1.5051475991252692,2
2013-05-22,1.5182702011732305,2
2013-05-23,1.510361268058167,2
2013-05-24,1.5494272763585322,2
2013-05-27,1.5413570415131606,2
2013-05-28,1.5358240322117354,2
2013-05-29,1.5344370749279799,2
2013-05-30,1.4948677895656277,2
2013-05-31,1.469567316638797,2
2013-06-03,1.4526715853624212,2
2013-06-04,1.4306399632047306,3
2013-06-05,1.4163839778403795,3
2013-06-06,1.3973579134870284,3
2013-06-07,1.3909474359499272,3
2013-06-13,1.4129528011472188,3
2013-06-14,1.4571855339112185,3
2013-06-17,1.4517959863777763,3
2013-06-18,1.4859540601772696,3
2013-06-19,1.4889646366389753,3
2013-06-20,1.4251413233729777,3
2013-06-21,1.3973629709664135,3
2013-06-24,1.3630482746158032,3
2013-06-25,1.3768393498170928,3
2013-06-26,1.4374586590899485,3
2013-06-27,1.3957061055179527,3
2013-06-28,1.3511910263877105,3
2013-07-01,1.3924684720765086,3
2013-07-02,1.4429261468061392,6
2013-07-03,1.4732971547199216,6
2013-07-04,1.450054224482013,6
2013-07-05,1.436574913158284,6
2013-07-08,1.3633386698881655,6
2013-07-09,1.3742020199722187,6
2013-07-10,1.4081425606897797,6
2013-07-11,1.4366486626210375,6
2013-07-12,1.4342933672325602,6
2013-07-15,1.485528632668385,6
2013-07-16,1.5170625373638937,6
2013-07-17,1.5383120796215701,6
2013-07-18,1.559032549889727,6
2013-07-19,1.5307999789138749,6
2013-07-22,1.5873365351217712,6
2013-07-23,1.6226788568334405,6
2013-07-24,1.6164134460768353,6
2013-07-25,1.5667439157653376,6
2013-07-26,1.5334239273315373,6
2013-07-29,1.5192282786063998,6
2013-07-30,1.4809284377806684,6
2013-07-31,1.488809200656246,6
2013-08-01,1.5513368703550119,6
2013-08-02,1.556839774393521,5
2013-08-05,1.5891812731338801,5
2013-08-06,1.5940617194839433,5
2013-08-07,1.6279628541601008,5
2013-08-08,1.6479893715792722,5
2013-08-09,1.643370419558444,5
2013-08-12,1.6373228859569882,5
2013-08-13,1.6447863759759838,5
2013-08-14,1.6542832194993469,5
2013-08-15,1.6399348796790003,5
2013-08-16,1.5969903849725666,5
2013-08-19,1.640611179135632,5
2013-08-20,1.628898438825239,5
2013-08-21,1.646261477311616,5
2013-08-22,1.6521708371512913,5
2013-08-23,1.649233840498585,5
2013-08-26,1.6781407333971305,5
2013-08-27,1.707474372300698,5
2013-08-28,1.6721905839877187,5
2013-08-29,1.683563903986198,5
2013-08-30,1.6330061411984718,5
2013-09-02,1.6063370379219761,5
2013-09-03,1.6169093605054679,6
2013-09-04,1.6275210568372145,6
2013-09-05,1.6099172603225205,6
2013-09-06,1.6430143210911934,6
2013-09-09,1.6791860764304314,6
2013-09-10,1.6843413529776654,6
2013-09-11,1.6767488153312733,6
2013-09-12,1.6646337484598408,6
2013-09-13,1.659592286038547,6
2013-09-16,1.6425185974063972,6
2013-09-17,1.6048347274305552,6
2013-09-18,1.599277536917946,6
2013-09-23,1.620527699970117,6
2013-09-24,1.605846208085933,6
2013-09-25,1.6047377662490365,6
2013-09-26,1.557231394213446,6
2013-09-27,1.5506032012845268,6
2013-09-30,1.563792871243321,6
2013-10-08,1.5768539505066363,6
2013-10-09,1.5711339088825156,8
2013-10-10,1.5471851529105176,8
2013-10-11,1.5659909591926844,8
2013-10-14,1.6057411014336336,8
2013-10-15,1.608841128839016,8
2013-10-16,1.5764019408138013,8
2013-10-17,1.563990232573546,8
2013-10-18,1.5580941488787938,8
2013-10-21,1.5780363945421438,8
2013-10-22,1.5710604953614353,8
2013-10-23,1.5573720322427445,8
2013-10-24,1.5376017904633876,8
2013-10-25,1.4950307875964348,8
2013-10-28,1.4709121921619837,8
2013-10-29,1.4462031153453245,8
2013-10-30,1.4603487522813132,8
2013-10-31,1.4671745905481046,8
2013-11-01,1.4483967342044857,8
2013-11-04,1.4578200084067654,20
2013-11-05,1.4713519387627056,20
2013-11-06,1.4612246766060955,20
2013-11-07,1.4399979019376912,20
2013-11-08,1.430336817425533,20
2013-11-11,1.4550924924880566,20
2013-11-12,1.4817572059854036,20
2013-11-13,1.4488722728505705,20
2013-11-14,1.4629293150746985,20
2013-11-15,1.4886387167044215,20
2013-11-18,1.5143400817776564,20
2013-11-19,1.5105573874575888,20
2013-11-20,1.5201191044230888,20
2013-11-21,1.5035293536020211,20
2013-11-22,1.488305518077548,20
2013-11-25,1.4965424151781666,20
2013-11-26,1.4984936356903444,20
2013-11-27,1.5167721592752543,20
2013-11-28,1.5351555071492184,20
2013-11-29,1.5349465778006,20
2013-12-02,1.4792073068024731,20
2013-12-03,1.5150266731204558,20
2013-12-04,1.5353980911309622,20
2013-12-05,1.520552104529335,20
2013-12-06,1.5198769515762314,20
2013-12-09,1.5290238280549404,20
2013-12-10,1.5380890086868275,20
2013-12-11,1.5207461318769186,20
2013-12-12,1.5254517393263982,20
2013-12-13,1.5314645904942483,20
2013-12-16,1.5109634930152909,20
2013-12-17,1.5083821165626188,20
2013-12-18,1.5092205560606933,20
2013-12-19,1.4928265807344878,20
2013-12-20,1.474159338352247,20
2013-12-23,1.4833200905896105,20
2013-12-24,1.4986243802959023,20
2013-12-25,1.5165720653248969,20
2013-12-26,1.4850786174218604,20
2013-12-27,1.5103634571070994,20
2013-12-30,1.5014667588672157,20
2013-12-31,1.5211735700769784,20
2014-01-02,1.532073244945535,20
2014-01-03,1.5227125029931565,20
2014-01-06,1.4839260211393082,20
2014-01-07,1.4865911461527324,20
2014-01-08,1.4870577396182079,20
2014-01-09,1.462785707164454,20
2014-01-10,1.4388242085054108,20
2014-01-13,1.4430639143804658,20
2014-01-14,1.4699718590135207,20
2014-01-15,1.4701680360571967,20
2014-01-16,1.480341025217429,20
2014-01-17,1.4622484707798014,20
2014-01-20,1.4574402806306452,20
2014-01-21,1.4686218763252987,20
2014-01-22,1.5128833173243739,20
2014-01-23,1.5163953595397497,20
2014-01-24,1.5350753896763065,20
2014-01-27,1.5248951450047754,20
2014-01-28,1.5226462452550438,20
2014-01-29,1.5281217421646929,20
2014-01-30,1.510119637528166,20
2014-02-07,1.5096496099836465,20
2014-02-10,1.5625057176193748,19
2014-02-11,1.5574174592410808,19
2014-02-12,1.5599354670381438,19
2014-02-13,1.5363710688680472,19
2014-02-14,1.5673047915704121,19
2014-02-17,1.6029838948890407,19
2014-02-18,1.5908914289684868,19
2014-02-19,1.6056379093896258,19
2014-02-20,1.575657275196952,19
2014-02-21,1.566957837033094,19
2014-02-24,1.536229056767776,19
2014-02-25,1.4806624164566795,19
2014-02-26,1.490157570347193,19
2014-02-27,1.4728096445808265,19
2014-02-28,1.4852061884574808,19
2014-03-03,1.5009819292913287,19
2014-03-04,1.4826256487802743,20
2014-03-05,1.4822843063656044,20
2014-03-06,1.4905133896484384,20
2014-03-07,1.490952920365563,20
2014-03-10,1.4576981967621736,20
2014-03-11,1.4813347215116197,20
2014-03-12,1.4807013775554485,20
2014-03-13,1.511126650175919,20
2014-03-14,1.5050794192696386,20
2014-03-17,1.5205605543564764,20
2014-03-18,1.4977908227178127,20
2014-03-19,1.4835895388314824,20
2014-03-20,1.4362509324053676,20
2014-03-21,1.4645101523037931,20
2014-03-24,1.4891517459479207,20
2014-03-25,1.4728870750978433,20
2014-03-26,1.472872741487412,20
2014-03-27,1.4607560198673974,20
2014-03-28,1.4364029000136498,20
2014-03-31,1.4352275582711043,20
2014-04-01,1.4561793220947665,20
2014-04-02,1.459078960037508,20
2014-04-03,1.4530093191908557,20
2014-04-04,1.4691256254966962,20
2014-04-08,1.5025559043361936,20
2014-04-09,1.5063275626866983,20
2014-04-10,1.5130900572332007,20
2014-04-11,1.5022834516799162,20
2014-04-14,1.5138238343071457,20
2014-04-15,1.498029586251668,20
2014-04-16,1.4939280952420262,20
2014-04-17,1.488516270457111,20
2014-04-18,1.4823835179869542,20
2014-04-21,1.4570683012437164,20
2014-04-22,1.4475641922328437,20
2014-04-23,1.443532813835881,20
2014-04-24,1.4347524959506608,20
2014-04-25,1.408326502792424,20
2014-04-28,1.372400443681967,20
2014-04-29,1.3871227456062714,20
2014-04-30,1.3986024480042163,20
2014-05-05,1.4098071633879599,20
2014-05-06,1.411893151678882,2
2014-05-07,1.3802320425112269,2
2014-05-08,1.401630424052289,2
2014-05-09,1.3793263221678391,2
2014-05-12,1.4336170145735463,2
2014-05-13,1.4241000456370372,2
2014-05-14,1.4088782554831702,2
2014-05-15,1.3699328887051392,2
2014-05-16,1.3917191507292581,2
2014-05-19,1.3985080246352546,2
2014-05-20,1.406656117999198,2
2014-05-21,1.428941846952441,2
2014-05-22,1.408166401315918,2
2014-05-23,1.4213460548485024,2
2014-05-26,1.410945961764245,2
2014-05-27,1.4248026805430198,2
2014-05-28,1.428462276469072,2
2014-05-29,1.3968091916819947,2
2014-05-30,1.3824597299054755,2
2014-06-03,1.3753797867544304,2
2014-06-04,1.3800594415312664,2
2014-06-05,1.3882028719543689,2
2014-06-06,1.3693489006869581,2
2014-06-09,1.3715950392699208,2
2014-06-10,1.3833512888491792,2
2014-06-11,1.38621085461339,2
2014-06-12,1.422564060128534,2
2014-06-13,1.4451419136258958,2
2014-06-16,1.4579824314367882,2
2014-06-17,1.4342181122510855,2
2014-06-18,1.4125586494348823,2
2014-06-19,1.382755953441193,2
2014-06-20,1.3958267083728284,2
2014-06-23,1.3932707118237941,2
2014-06-24,1.4154073516579087,2
2014-06-25,1.4258936079340196,2
2014-06-26,1.4273772701683145,2
2014-06-27,1.4277066359677335,2
2014-06-30,1.4407785893593175,2
2014-07-01,1.4356435066946778,2
2014-07-02,1.4424367724992266,1
2014-07-03,1.4809319453916707,1
2014-07-04,1.4628165699128737,1
2014-07-07,1.4243213970204296,1
2014-07-08,1.4107348654113319,1
2014-07-09,1.3880906460628353,1
2014-07-10,1.3790329583234366,1
2014-07-11,1.3948839118673844,1
2014-07-14,1.4265858189552794,1
2014-07-15,1.4379079286295275,1
2014-07-16,1.4152637092810312,1
2014-07-17,1.408470443476482,1
2014-07-18,1.4175281312158805,1
2014-07-21,1.3994127557370832,1
2014-07-22,1.4084704434764816,1
2014-07-23,1.3767685363885867,1
2014-07-24,1.3790329583234364,1
2014-07-25,1.3903550679976846,1
2014-07-28,1.4220569750855796,1
2014-07-29,1.4243213970204294,1
2014-07-30,1.4243213970204294,1
2014-07-31,1.4288502408901287,1
2014-08-01,1.4296858125840886,1
2014-08-04,1.450952919676657,2
2014-08-05,1.4730046008137476,2
2014-08-06,1.4995088434591413,2
2014-08-07,1.4805361011570457,2
2014-08-08,1.4774257311966317,2
2014-08-11,1.5217844989599407,2
2014-08-12,1.503754665634613,2
2014-08-13,1.488220009997892,2
2014-08-14,1.5216056855383324,2
2014-08-15,1.5302441962026279,2
2014-08-18,1.534356771091533,2
2014-08-19,1.50489775437062,2
2014-08-20,1.5156871890472499,2
2014-08-21,1.505058110767601,2
2014-08-22,1.5006761343264723,2
2014-08-25,1.5077003221469212,2
2014-08-26,1.5011355892493294,2
2014-08-27,1.5039162773996098,2
2014-08-28,1.4807784206630992,2
2014-08-29,1.5291078168781618,2
2014-09-01,1.540010479930212,2
2014-09-02,1.5580450445325356,7
2014-09-03,1.5640403598113464,7
2014-09-04,1.5814354213349688,7
2014-09-05,1.576833133269713,7
2014-09-09,1.5676492303100829,7
2014-09-10,1.575880541328172,7
2014-09-11,1.571463932515694,7
2014-09-12,1.5689048186225065,7
2014-09-15,1.5931045105527994,7
2014-09-16,1.5521771642298041,7
2014-09-17,1.551920138370555,7
2014-09-18,1.5590533583387651,7
2014-09-19,1.5831453834395066,7
2014-09-22,1.5430809540647474,7
2014-09-23,1.5660528652485306,7
2014-09-24,1.5821472618164398,7
2014-09-25,1.5621592886084554,7
2014-09-26,1.5525369658344608,7
2014-09-29,1.5708433621144466,7
2014-09-30,1.5961561196311724,7
2014-10-08,1.6310421930487684,7
2014-10-09,1.6197687538237922,6
2014-10-10,1.6068577545445653,6
2014-10-13,1.5986933348735564,6
2014-10-14,1.5931079184544723,6
2014-10-15,1.6216221700753735,6
2014-10-16,1.5910467863710367,6
2014-10-17,1.6169163944320524,6
2014-10-20,1.626559151528348,6
2014-10-21,1.632164674212665,6
2014-10-22,1.6217424581396611,6
2014-10-23,1.5898202960924996,6
2014-10-24,1.55167263822791,6
2014-10-27,1.5205928746146804,6
2014-10-28,1.5493313105495556,6
2014-10-29,1.5626548650159415,6
2014-10-30,1.5496040009302843,6
2014-10-31,1.548634870076344,6
2014-11-03,1.5539723496412232,6
2014-11-04,1.5346431646569587,20
2014-11-05,1.529746229128525,20
2014-11-06,1.5403785880063694,20
2014-11-07,1.5298212217168132,20
2014-11-10,1.5442912209754303,20
2014-11-11,1.4975115771380016,20
2014-11-12,1.517199867804175,20
2014-11-13,1.498929704608433,20
2014-11-14,1.4888431863793965,20
2014-11-17,1.5078240619120593,20
2014-11-18,1.5133588691544229,20
2014-11-19,1.518353886536455,20
2014-11-20,1.512307600371576,20
2014-11-21,1.5186865573262716,20
2014-11-24,1.532084923096134,20
2014-11-25,1.555021067273642,20
2014-11-26,1.5794660798158935,20
2014-11-27,1.5774243500142988,20
2014-11-28,1.5789944875922486,20
2014-12-01,1.6017543862456498,20
2014-12-02,1.6329029935766046,20
2014-12-03,1.637771512729701,20
2014-12-04,1.6612745288183592,20
2014-12-05,1.609367477727556,20
2014-12-08,1.603016559135911,20
2014-12-09,1.5447158283491014,20
2014-12-10,1.6020269306911308,20
2014-12-11,1.6148821480277307,20
2014-12-12,1.6373403700902638,20
2014-12-15,1.6589904829486453,20
2014-12-16,1.6469261906796326,20
2014-12-17,1.6146287212317127,20
2014-12-18,1.6048007744822856,20
2014-12-19,1.5794651349266682,20
2014-12-22,1.5147654676934839,20
2014-12-23,1.5174704337611862,20
2014-12-24,1.5445987600778244,20
2014-12-25,1.560801402298123,20
2014-12-26,1.5648120256856308,20
2014-12-29,1.5484441051495357,20
2014-12-30,1.5197655794145182,20
2014-12-31,1.5362525472605677,20
2015-01-05,1.5689690722698484,20
2015-01-06,1.6259013116884742,20
2015-01-07,1.6190685825943307,20
2015-01-08,1.6375752353001443,20
2015-01-09,1.6322982108984105,20
2015-01-12,1.6389123870891869,20
2015-01-13,1.6650912756091791,20
2015-01-14,1.6636486660150895,20
2015-01-15,1.672789669101765,20
2015-01-16,1.6998952934517693,20
2015-01-19,1.6494232105280677,20
2015-01-20,1.7253542054780031,20
2015-01-21,1.7557583523237326,20
2015-01-22,1.7738563628541204,20
2015-01-23,1.7556981259528441,20
2015-01-26,1.7807808236399751,20
2015-01-27,1.7846429783443596,20
2015-01-28,1.7645056685353793,20
2015-01-29,1.7563906510145515,20
2015-01-30,1.7455301169843866,20
2015-02-02,1.7646049162918136,20
2015-02-03,1.7910479935030066,20
2015-02-04,1.7748049646911566,20
2015-02-05,1.7867982451649203,20
2015-02-06,1.755980742777234,20
2015-02-09,1.7444539844200997,20
2015-02-10,1.7657427603336404,20
2015-02-11,1.7813709967511382,20
2015-02-12,1.817143666619279,20
2015-02-13,1.8486769818912725,20
2015-02-16,1.879695712051476,20
2015-02-17,1.8790989447787474,20
2015-02-25,1.8479409752394642,20
2015-02-26,1.881750906792692,20
2015-02-27,1.891529218437357,20
2015-03-02,1.926792107538125,20
2015-03-03,1.9099439825368072,20
2015-03-04,1.9423291755650773,20
2015-03-05,1.9476941690925125,20
2015-03-06,1.9214934003469746,20
2015-03-09,1.944046372415534,20
2015-03-10,1.964826418426216,20
2015-03-11,1.9418420782330343,20
2015-03-12,1.9346007459873924,20
2015-03-13,1.9599531518917452,20
2015-03-16,2.037367259966043,20
2015-03-17,2.051511841825475,20
2015-03-18,2.0961312988574643,20
2015-03-19,2.1070827037793,20
2015-03-20,2.123189892127556,20
2015-03-23,2.1646982807336483,20
2015-03-24,2.162050559888472,20
2015-03-25,2.1873461970648442,20
2015-03-26,2.197987859479909,20
2015-03-27,2.2322765696049003,20
2015-03-30,2.246763326476765,20
2015-03-31,2.24436861393106,20
2015-04-01,2.2981937244625628,20
2015-04-02,2.3408080346341316,16
2015-04-03,2.37351597843675,16
2015-04-07,2.4540164890791076,16
2015-04-08,2.4518704534337483,16
2015-04-09,2.4477003322011432,16
2015-04-10,2.4975744099510764,16
2015-04-13,2.5307361897559324,16
2015-04-14,2.5112964589048987,16
2015-04-15,2.418116096907851,16
2015-04-16,2.439022355670206,16
2015-04-17,2.425912205027835,16
2015-04-20,2.3541881791185992,16
2015-04-21,2.442110307487631,16
2015-04-22,2.5060672490779066,16
2015-04-23,2.5168571786163723,16
2015-04-24,2.501411484995655,16
2015-04-27,2.526474488015614,16
2015-04-28,2.4632697259481744,16
2015-04-29,2.4890522814639424,16
2015-04-30,2.470067069128116,16
2015-05-04,2.486501276823827,16
2015-05-05,2.489507928911885,1
2015-05-06,2.4293748871507286,1
2015-05-07,2.3932950620940345,1
2015-05-08,2.4594414080313065,1
2015-05-11,2.5526476227610995,1
2015-05-12,2.5466343185849842,1
2015-05-13,2.57970749155362,1
2015-05-14,2.6007540561700253,1
2015-05-15,2.5466343185849842,1
2015-05-18,2.495521233088001,1
2015-05-19,2.6278139249625454,1
2015-05-20,2.666900402107297,1
2015-05-21,2.7330467480445693,1
2015-05-22,2.778146529365437,1
2015-05-25,2.961552306736964,1
2015-05-26,3.0788117381712197,1
2015-05-27,3.0818183902592775,1
2015-05-28,2.970572263001138,1
2015-05-29,2.9254724816802704,1
2015-06-01,3.0548397010731345,1
2015-06-02,3.096710248240298,2
2015-06-03,3.107099076830773,2
2015-06-04,3.1372311090868514,2
2015-06-05,3.2693590685448233,2
2015-06-08,3.2096577290322656,2
2015-06-09,3.2135146153183127,2
2015-06-10,3.347026618453895,2
2015-06-11,3.4009924755415364,2
2015-06-12,3.484939726354617,2
2015-06-15,3.4805101971658847,2
2015-06-16,3.2492512284111985,2
2015-06-17,3.27293381753956,2
2015-06-18,3.1518406033739406,2
2015-06-19,2.8698039310456207,2
2015-06-23,2.943277295827265,2
2015-06-24,3.047380991342194,2
2015-06-25,2.8704334670745344,2
2015-06-26,2.5827827804184995,2
2015-06-29,2.3983705417750723,2
2015-06-30,2.626473112538851,2
2015-07-01,2.484023226871966,2
2015-07-02,2.2831095835220276,1
2015-07-03,2.054798625169825,1
2015-07-06,1.9452093651607678,1
2015-07-07,1.7442957218108293,1
2015-07-08,1.5707793934631553,1
2015-07-09,1.7260308451426531,1
2015-07-10,1.8995471734903275,1
2015-07-13,2.0913283785061783,1
2015-07-14,2.3013744601902046,1
2015-07-15,2.0730635018380017,1
2015-07-16,2.109593255174354,1
2015-07-17,2.2191825151834115,1
2015-07-20,2.2009176385152354,1
2015-07-21,2.191785200181147,1
2015-07-22,2.255712268519764,1
2015-07-23,2.3287717751924686,1
2015-07-24,2.3287717751924686,1
2015-07-27,2.1004608168402656,1
2015-07-28,2.0182688718334725,1
2015-07-29,2.2283149535174993,1
2015-07-30,2.2831095835220276,1
2015-07-31,2.246579830185675,1
2015-08-03,2.0890817986759913,1
2015-08-04,2.2361856086132463,2
2015-08-05,2.1961296583534793,2
2015-08-06,2.167345858734248,2
2015-08-07,2.2191174090355426,2
2015-08-10,2.3171569807011063,2
2015-08-11,2.4130845282677797,2
2015-08-12,2.32949695166093,2
2015-08-13,2.4633804210475487,2
2015-08-14,2.4618001894839074,2
2015-08-17,2.509293923894944,2
2015-08-18,2.3188911075960292,2
2015-08-19,2.4597975211033893,2
2015-08-20,2.44277057144547,2
2015-08-21,2.2491771622641394,2
2015-08-24,2.025385603502348,2
2015-08-25,1.8232503828096733,2
2015-08-26,1.757393847243304,2
2015-08-27,1.8834387019546175,2
2015-08-28,1.9976294729359456,2
2015-08-31,1.8803328053907984,2
2015-09-01,1.6923500235210576,2
2015-09-02,1.73109389273646,4
2015-09-07,1.7356559872114856,4
2015-09-08,1.8335384298764215,4
2015-09-09,1.8835362149754915,4
2015-09-10,1.8441890841532933,4
2015-09-11,1.8457342020924365,4
2015-09-14,1.7528914890991503,4
2015-09-15,1.669822759751436,4
2015-09-16,1.8014552267799808,4
2015-09-17,1.7471731298493416,4
2015-09-18,1.7799550669724722,4
2015-09-21,1.8499027890737456,4
2015-09-22,1.8610704360583508,4
2015-09-23,1.8802926377463827,4
2015-09-24,1.8730381582379525,4
2015-09-25,1.7941551171997634,4
2015-09-28,1.8106732875295726,4
2015-09-29,1.7687478972918524,4
2015-09-30,1.7814555001937857,4
2015-10-08,1.8564295377391422,4
2015-10-09,1.8607182682030088,4
2015-10-12,1.9463668618407877,4
2015-10-13,1.994101263964948,4
2015-10-14,1.9507068884443766,4
2015-10-15,1.9992524626703845,4
2015-10-16,2.0807776191797047,4
2015-10-19,2.050242892930247,4
2015-10-20,2.066874341304224,4
2015-10-21,1.950008784319609,4
2015-10-22,2.073136385525421,4
2015-10-23,2.15599714067066,4
2015-10-26,2.1619022027418024,4
2015-10-27,2.1440016361154113,4
2015-10-28,2.108129957059711,4
2015-10-29,2.111872540661794,4
2015-10-30,2.149299733254171,4
2015-11-02,2.1057564316314417,4
2015-11-03,2.1107220937924067,20
2015-11-04,2.21253202173271,20
2015-11-05,2.2055917190496785,20
2015-11-06,2.253021256819215,20
2015-11-09,2.278203534752257,20
2015-11-10,2.2785628585649147,20
2015-11-11,2.309861433619412,20
2015-11-12,2.3321587107726622,20
2015-11-13,2.28057609242546,20
2015-11-16,2.323763312045023,20
2015-11-17,2.301110298778114,20
2015-11-18,2.251682225956514,20
2015-11-19,2.324063883854703,20
2015-11-20,2.3308225374335723,20
2015-11-23,2.316656204130527,20
2015-11-24,2.34438965333572,20
2015-11-25,2.375522935233217,20
2015-11-26,2.35828808177682,20
2015-11-27,2.2309782693670717,20
2015-11-30,2.2731169904699318,20
2015-12-01,2.2743795929392,20
2015-12-02,2.3037479673564687,20
2015-12-03,2.3415005964520232,20
2015-12-04,2.3202740899352334,20
2015-12-07,2.3317798521888933,20
2015-12-08,2.281441935381953,20
2015-12-09,2.2786155218488267,20
2015-12-10,2.276531703502544,20
2015-12-11,2.2720996629556387,20
2015-12-14,2.3145863842339445,20
2015-12-15,2.322074534313468,20
2015-12-16,2.3199860592732224,20
2015-12-17,2.373904724490406,20
2015-12-18,2.3765538473418153,20
2015-12-21,2.440606999947592,20
2015-12-22,2.444031376888117,20
2015-12-23,2.4211632739182556,20
2015-12-24,2.421960049637107,20
2015-12-25,2.4183387105546306,20
2015-12-28,2.357079767587725,20
2015-12-29,2.408710058900755,20
2015-12-30,2.41474753055164,20
2015-12-31,2.376080301706432,20
2016-01-04,2.1713252286891973,20
2016-01-05,2.2011400576669344,19
2016-01-06,2.229407030330598,19
2016-01-07,2.043443290356803,19
2016-01-08,2.1127377890960433,19
2016-01-11,1.998608342361594,19
2016-01-12,2.0249208688379974,19
2016-01-13,1.9635945620599156,19
2016-01-14,2.011222389027043,19
2016-01-15,1.9364249078871747,19
2016-01-18,1.9351562238486721,19
2016-01-19,1.9911188619774793,19
2016-01-20,1.9622918349772263,19
2016-01-21,1.897054281740947,19
2016-01-22,1.91229250573091,19
2016-01-25,1.9276355101185525,19
2016-01-26,1.796387426898533,19
2016-01-27,1.7839687303680796,19
2016-01-28,1.7409706134328455,19
2016-01-29,1.8117085799962633,19
2016-02-01,1.7909498370858046,19
2016-02-02,1.8547205488590823,20
2016-02-03,1.8596273432384454,20
2016-02-04,1.8986258231502762,20
2016-02-05,1.8789247571035008,20
2016-02-15,1.8699820702728478,20
2016-02-16,1.9400734080344368,20
2016-02-17,1.9528142634388166,20
2016-02-18,1.9446586647079636,20
2016-02-19,1.9516100150997224,20
2016-02-22,2.0001493167923208,20
2016-02-23,1.9884368734441724,20
2016-02-24,1.9720860877702024,20
2016-02-25,1.8256555611319047,20
2016-02-26,1.8480346342690126,20
2016-02-29,1.7612146058442175,20
2016-03-01,1.808502936012678,20
2016-03-02,1.8895681990628324,20
2016-03-03,1.8751249321855945,20
2016-03-04,1.8155733606742155,20
2016-03-07,1.8442472819258395,20
2016-03-08,1.8599857818550476,20
2016-03-09,1.8224219016712278,20
2016-03-10,1.8097439190943485,20
2016-03-11,1.806904306376761,20
2016-03-14,1.8753254165035271,20
2016-03-15,1.8714723121536803,20
2016-03-16,1.8491822414301777,20
2016-03-17,1.9054483659133856,20
2016-03-18,1.9680547844687197,20
2016-03-21,2.0128385112695013,20
2016-03-22,1.9974194283061055,20
2016-03-23,2.0187474711055837,20
2016-03-24,1.989301708894791,20
2016-03-25,1.9929652241638116,20
2016-03-28,1.991001103539182,20
2016-03-29,1.9723234174159743,20
2016-03-30,2.0484962115930756,20
2016-03-31,2.050643723764508,20
2016-04-01,2.048258122300156,20
2016-04-05,2.0902339584351086,20
2016-04-06,2.1062840866367645,20
2016-04-07,2.07200584451725,20
2016-04-08,2.0630999150230327,20
2016-04-11,2.0993380538470414,20
2016-04-12,2.0845814374216207,20
2016-04-13,2.1238355208597555,20
2016-04-14,2.136895258862828,20
2016-04-15,2.1253046112910026,20
2016-04-18,2.0795924056370017,20
2016-04-19,2.0814603185055396,20
2016-04-20,2.0019633013367493,20
2016-04-21,1.9784981386671696,20
2016-04-22,2.01372565701612,20
2016-04-25,2.0135277545126087,20
2016-04-26,2.0297600040916346,20
2016-04-27,2.01754419485953,20
2016-04-28,2.0073051346329414,20
2016-04-29,2.020458032329732,20
2016-05-03,2.07778304978427,20
2016-05-04,2.07778304978427,0
2016-05-05,2.07778304978427,0
2016-05-06,2.07778304978427,0
2016-05-09,2.07778304978427,0
2016-05-10,2.07778304978427,0
2016-05-11,2.07778304978427,0
2016-05-12,2.07778304978427,0
2016-05-13,2.07778304978427,0
2016-05-16,2.07778304978427,0
2016-05-17,2.07778304978427,0
2016-05-18,2.07778304978427,0
2016-05-19,2.07778304978427,0
2016-05-20,2.07778304978427,0
2016-05-23,2.07778304978427,0
2016-05-24,2.07778304978427,0
2016-05-25,2.07778304978427,0
2016-05-26,2.07778304978427,0
2016-05-27,2.07778304978427,0
2016-05-30,2.07778304978427,0
2016-05-31,2.07778304978427,0
2016-06-01,2.0757052667344857,0
2016-06-02,2.0757052667344857,0
2016-06-03,2.0757052667344857,0
2016-06-06,2.0757052667344857,0
2016-06-07,2.0757052667344857,0
2016-06-08,2.0757052667344857,0
2016-06-13,2.0757052667344857,0
2016-06-14,2.0757052667344857,0
2016-06-15,2.0757052667344857,0
2016-06-16,2.0757052667344857,0
2016-06-17,2.0757052667344857,0
2016-06-20,2.0757052667344857,0
2016-06-21,2.0757052667344857,0
2016-06-22,2.0757052667344857,0
2016-06-23,2.0757052667344857,0
2016-06-24,2.0757052667344857,0
2016-06-27,2.0757052667344857,0
2016-06-28,2.0757052667344857,0
2016-06-29,2.0757052667344857,0
2016-06-30,2.0757052667344857,0
2016-07-01,2.0736295614677513,0
2016-07-04,2.0736295614677513,0
2016-07-05,2.0736295614677513,0
2016-07-06,2.0736295614677513,0
2016-07-07,2.0736295614677513,0
2016-07-08,2.0736295614677513,0
2016-07-11,2.0736295614677513,0
2016-07-12,2.0736295614677513,0
2016-07-13,2.0736295614677513,0
2016-07-14,2.0736295614677513,0
2016-07-15,2.0736295614677513,0
2016-07-18,2.0736295614677513,0
2016-07-19,2.0736295614677513,0
2016-07-20,2.0736295614677513,0
2016-07-21,2.0736295614677513,0
2016-07-22,2.0736295614677513,0
2016-07-25,2.0736295614677513,0
2016-07-26,2.0736295614677513,0
2016-07-27,2.0736295614677513,0
2016-07-28,2.0736295614677513,0
2016-07-29,2.0736295614677513,0
2016-08-01,2.0715559319062837,0
2016-08-02,2.0715559319062837,0
2016-08-03,2.0715559319062837,0
2016-08-04,2.0715559319062837,0
2016-08-05,2.0715559319062837,0
2016-08-08,2.0715559319062837,0
2016-08-09,2.0715559319062837,0
2016-08-10,2.0715559319062837,0
2016-08-11,2.0715559319062837,0
2016-08-12,2.0715559319062837,0
2016-08-15,2.0715559319062837,0
2016-08-16,2.0715559319062837,0
2016-08-17,2.0715559319062837,0
2016-08-18,2.0715559319062837,0
2016-08-19,2.0715559319062837,0
2016-08-22,2.0715559319062837,0
2016-08-23,2.0715559319062837,0
2016-08-24,2.0715559319062837,0
2016-08-25,2.0715559319062837,0
2016-08-26,2.0715559319062837,0
2016-08-29,2.0715559319062837,0
2016-08-30,2.0715559319062837,0
2016-08-31,2.0715559319062837,0
2016-09-01,2.0694843759743775,0
2016-09-02,2.0583748556296015,6
2016-09-05,2.0571142894572403,6
2016-09-06,2.0702049858889726,6
2016-09-07,2.0583503053620444,6
2016-09-08,2.063834385938123,6
2016-09-09,2.0467996298264133,6
2016-09-12,1.993091455457437,6
2016-09-13,1.9919824813599136,6
2016-09-14,1.9730330527933764,6
2016-09-19,2.003980240535497,6
2016-09-20,1.9862238873557914,6
2016-09-21,1.991070409096865,6
2016-09-22,1.9989308304647067,6
2016-09-23,1.9844467190837325,6
2016-09-26,1.947089329429142,6
2016-09-27,1.9621171015009853,6
2016-09-28,1.970750738885841,6
2016-09-29,1.97405860638905,6
2016-09-30,1.981049576258076,6
2016-10-10,2.0156534857938206,6
2016-10-11,2.0338686593354036,6
2016-10-12,2.0417949951181695,6
2016-10-13,2.0498489812151868,6
2016-10-14,2.0349515519572456,6
2016-10-17,2.015075876980995,6
2016-10-18,2.040538546809506,6
2016-10-19,2.0651194598001297,6
2016-10-20,2.0728010169208355,6
2016-10-21,2.0676283236410096,6
2016-10-24,2.091042744702113,6
2016-10-25,2.0931827000661056,6
2016-10-26,2.133612854096182,6
2016-10-27,2.150432792139295,6
2016-10-28,2.1689918389297715,6
2016-10-31,2.184014741530858,6
2016-11-01,2.2200907414799365,6
2016-11-02,2.2179206599149164,18
2016-11-03,2.220312717091658,18
2016-11-04,2.2168286781713387,18
2016-11-07,2.2069749377248966,18
2016-11-08,2.2324311085997253,18
2016-11-09,2.2144897376734733,18
2016-11-10,2.2507690404874827,18
2016-11-11,2.2494965467055676,18
2016-11-14,2.251177864940504,18
2016-11-15,2.257887274491101,18
2016-11-16,2.27104974745493,18
2016-11-17,2.260018064654065,18
2016-11-18,2.2451724401603834,18
2016-11-21,2.257469820534622,18
2016-11-22,2.266118528053317,18
2016-11-23,2.252574430213052,18
2016-11-24,2.239046060180534,18
2016-11-25,2.2478879996027374,18
2016-11-28,2.2428478406768386,18
2016-11-29,2.258172887665911,18
2016-11-30,2.2491398094672714,18
2016-12-01,2.2525542946092707,18
2016-12-02,2.2148149555841297,18
2016-12-05,2.195613480600823,18
2016-12-06,2.1942403313342393,18
2016-12-07,2.208439831152857,18
2016-12-08,2.2041735374513802,18
2016-12-09,2.1969296115295123,18
2016-12-12,2.1068852854485334,18
2016-12-13,2.119749253521589,18
2016-12-14,2.091523374631459,18
2016-12-15,2.0959670250033384,18
2016-12-16,2.1169548431912895,18
2016-12-19,2.116877835237705,18
2016-12-20,2.1066704954088533,18
2016-12-21,2.1123887756520716,18
2016-12-22,2.1044786226565138,18
2016-12-23,2.09220666988239,18
2016-12-26,2.09197960029497,18
2016-12-27,2.0828480441247432,18
2016-12-28,2.0683137410492134,18
2016-12-29,2.0690768586735744,18
2016-12-30,2.083457255015348,18
2017-01-03,2.0967386295342543,18
2017-01-04,2.125842456138246,19
2017-01-05,2.120787514361085,19
2017-01-06,2.1105773485744788,19
2017-01-09,2.1122076467639403,19
2017-01-10,2.1068187093516135,19
2017-01-11,2.085692771213664,19
2017-01-12,2.0727643424929303,19
2017-01-13,2.0686574285158725,19
2017-01-16,2.0489987761805293,19
2017-01-17,2.05974509622778,19
2017-01-18,2.050863146011665,19
2017-01-19,2.043959025891684,19
2017-01-20,2.0674307713195654,19
2017-01-23,2.076149081705316,19
2017-01-24,2.0819874365905324,19
2017-01-25,2.0980355729329143,19
2017-01-26,2.103883048769034,19
2017-02-03,2.0909944531061755,19
2017-02-06,2.0984523836656277,20
2017-02-07,2.0896267270583233,20
2017-02-08,2.0982209443399213,20
2017-02-09,2.1112918989636404,20
2017-02-10,2.108840441025832,20
2017-02-13,2.1339539817902065,20
2017-02-14,2.1338742729051785,20
2017-02-15,2.1047905342910402,20
2017-02-16,2.1031280131530443,20
2017-02-17,2.1022127352860607,20
2017-02-20,2.1342911817726273,20
2017-02-21,2.1494772570223275,20
2017-02-22,2.160088438735051,20
2017-02-23,2.168293947205794,20
2017-02-24,2.163083472679614,20
2017-02-27,2.1537089392054827,20
2017-02-28,2.1619844581193086,20
2017-03-01,2.162145724543559,20
2017-03-02,2.1516358286212953,18
2017-03-03,2.1684854227866106,18
2017-03-06,2.192094870850103,18
2017-03-07,2.1952372030581166,18
2017-03-08,2.1862264831815614,18
2017-03-09,2.172313032646211,18
2017-03-10,2.187774678782823,18
2017-03-13,2.211263497240955,18
2017-03-14,2.2054448811551146,18
2017-03-15,2.2050786048849083,18
2017-03-16,2.2148836802758907,18
2017-03-17,2.2002341018873057,18
2017-03-20,2.204111098051094,18
2017-03-21,2.2237247135762352,18
2017-03-22,2.2342130525705293,18
2017-03-23,2.2462630006370685,18
2017-03-24,2.2659203749475227,18
2017-03-27,2.258355411614163,18
2017-03-28,2.250157256152778,18
2017-03-29,2.231538225863523,18
2017-03-30,2.204287635332304,18
2017-03-31,2.217462798513179,18
2017-04-05,2.2477625964992467,18
2017-04-06,2.2536379302009677,17
2017-04-07,2.2527043024325146,17
2017-04-10,2.2509268919759706,17
2017-04-11,2.258879513141737,17
2017-04-12,2.255417206664619,17
2017-04-13,2.269634864507829,17
2017-04-14,2.241484072339206,17
2017-04-17,2.2329088441225515,17
2017-04-18,2.2441402895710607,17
2017-04-19,2.24866841815962,17
2017-04-20,2.283759042907505,17
2017-04-21,2.2770205416183904,17
2017-04-24,2.2537028122758627,17
2017-04-25,2.251879254330262,17
2017-04-26,2.2582929997116423,17
2017-04-27,2.2531373729863224,17
2017-04-28,2.2294236282663187,17
2017-05-02,2.224206693008744,17
2017-05-03,2.224206693008744,0
2017-05-04,2.224206693008744,0
2017-05-05,2.224206693008744,0
2017-05-08,2.224206693008744,0
2017-05-09,2.224206693008744,0
2017-05-10,2.224206693008744,0
2017-05-11,2.224206693008744,0
2017-05-12,2.224206693008744,0
2017-05-15,2.224206693008744,0
2017-05-16,2.224206693008744,0
2017-05-17,2.224206693008744,0
2017-05-18,2.224206693008744,0
2017-05-19,2.224206693008744,0
2017-05-22,2.224206693008744,0
2017-05-23,2.224206693008744,0
2017-05-24,2.224206693008744,0
2017-05-25,2.224206693008744,0
2017-05-26,2.224206693008744,0
2017-05-31,2.224206693008744,0
2017-06-01,2.221982486315735,0
2017-06-02,2.257277514979234,1
2017-06-05,2.282946626734506,1
2017-06-06,2.282946626734506,1
2017-06-07,2.3567453230309128,1
2017-06-08,2.3358891697297546,1
2017-06-09,2.350328045092095,1
2017-06-12,2.2877595851886197,1
2017-06-13,2.3198459748827096,1
2017-06-14,2.4385656167508425,1
2017-06-15,2.4417742557202518,1
2017-06-16,2.459421770052001,1
2017-06-19,2.4353569777814337,1
2017-06-20,2.4032705880873437,1
2017-06-21,2.43054401932732,1
2017-06-22,2.392040351694412,1
2017-06-23,2.4642347285061144,1
2017-06-26,2.465839047990819,1
2017-06-27,2.438565616750843,1
2017-06-28,2.3519323645768,1
2017-06-29,2.3310762112756414,1
2017-06-30,2.3358891697297555,1
2017-07-03,2.354409433861184,1
2017-07-04,2.3576148925866587,1
2017-07-05,2.2854920712634774,1
2017-07-06,2.279081153812528,1
2017-07-07,2.4233267964588903,1
2017-07-10,2.349601245772972,1
2017-07-11,2.3111357410672753,1
2017-07-12,2.3303684934201234,1
2017-07-13,2.2806838831752656,1
2017-07-14,2.2806838831752656,1
2017-07-17,2.0851509009213074,1
2017-07-18,2.1043836532741556,1
2017-07-19,2.072329066019408,1
2017-07-20,2.054699043029297,1
2017-07-21,2.0226444557745493,1
2017-07-24,2.0306581025882364,1
2017-07-25,2.051493584303822,1
2017-07-26,2.0723290660194076,1
2017-07-27,2.1861228507737605,1
2017-07-28,2.141246428617114,1
2017-07-31,2.1300273230779525,1
2017-08-01,2.1775819059997326,1
2017-08-02,2.1396336537274747,2
2017-08-03,2.0941647067232174,2
2017-08-04,2.0773602769821404,2
2017-08-07,2.034841235014893,2
2017-08-08,2.050258480664859,2
2017-08-09,2.0292120869065395,2
2017-08-10,2.030546304376307,2
2017-08-11,1.9469669478447043,2
2017-08-14,1.9689292544334123,2
2017-08-15,1.9709099434738977,2
2017-08-16,1.9956799543034454,2
2017-08-17,2.0034714844651935,2
2017-08-18,1.9905668451381502,2
2017-08-21,2.0141018888950417,2
2017-08-22,2.001775714362218,2
2017-08-23,1.9813852574768502,2
2017-08-24,1.972694904769516,2
2017-08-25,2.048050328861252,2
2017-08-28,2.06213217381856,2
2017-08-29,2.1212979132411767,2
2017-08-30,2.110568621083543,2
2017-08-31,2.113485960367427,2
2017-09-01,2.1533677894441037,2
2017-09-04,2.1536124014664644,4
2017-09-05,2.1480776690470895,4
2017-09-06,2.1906896047507836,4
2017-09-07,2.1901283116201395,4
2017-09-08,2.217085321071667,4
2017-09-11,2.224343671646908,4
2017-09-12,2.1758253465016417,4
2017-09-13,2.181810207181508,4
2017-09-14,2.18236433173725,4
2017-09-15,2.1761350233466805,4
2017-09-18,2.1999003487386397,4
2017-09-19,2.199937938889501,4
2017-09-20,2.208365951046233,4
2017-09-21,2.1637752148831924,4
2017-09-22,2.155778890079107,4
2017-09-25,2.127442023523448,4
2017-09-26,2.1278370084989073,4
2017-09-27,2.137665983573144,4
2017-09-28,2.1108938311094376,4
2017-09-29,2.135147959234374,4
2017-10-09,2.1458208525728644,4
2017-10-10,2.1750748862589138,5
2017-10-11,2.166966015682731,5
2017-10-12,2.156840959861483,5
2017-10-13,2.1626618893608502,5
2017-10-16,2.1218868651120784,5
2017-10-17,2.124289302836145,5
2017-10-18,2.1059178676860766,5
2017-10-19,2.0825637800961645,5
2017-10-20,2.136385749374024,5
2017-10-23,2.1694980572829983,5
2017-10-24,2.1650272636201904,5
2017-10-25,2.189786436995263,5
2017-10-26,2.218840849554167,5
2017-10-27,2.196187405723036,5
2017-10-30,2.12850216651382,5
2017-10-31,2.1439153813905403,5
2017-11-01,2.1550604574228482,5
2017-11-02,2.126682785468252,19
2017-11-03,2.114183939345775,19
2017-11-06,2.150060511893187,19
2017-11-07,2.161267422618193,19
2017-11-08,2.1466259242811816,19
2017-11-09,2.149931677760791,19
2017-11-10,2.1763870449002245,19
2017-11-13,2.2139960097627647,19
2017-11-14,2.1975669381509175,19
2017-11-15,2.1796899142476356,19
2017-11-16,2.1795032960912883,19
2017-11-17,2.118977604927264,19
2017-11-20,2.135828669857786,19
2017-11-21,2.144508934076085,19
2017-11-22,2.13578178825836,19
2017-11-23,2.0742449229775426,19
2017-11-24,2.0857031965146073,19
2017-11-27,2.0560729785515,19
2017-11-28,2.1019552784503643,19
2017-11-29,2.1106865259994465,19
2017-11-30,2.0777002481920857,19
2017-12-01,2.1118739951140326,19
2017-12-04,2.0756259162221213,19
2017-12-05,2.038913357172787,19
2017-12-06,2.056227611922309,19
2017-12-07,2.0467400091162946,19
2017-12-08,2.075105949436416,19
2017-12-11,2.0960194062457127,19
2017-12-12,2.068695679870385,19
2017-12-13,2.093059147522094,19
2017-12-14,2.0862718865663146,19
2017-12-15,2.0701135895854996,19
2017-12-18,2.059699417886826,19
2017-12-19,2.0763371633849075,19
2017-12-20,2.0714048088167063,19
2017-12-21,2.1005587478790315,19
2017-12-22,2.0980626846612833,19
2017-12-25,2.081248409029987,19
2017-12-26,2.0954482282903357,19
2017-12-27,2.075459663366478,19
2017-12-28,2.0929224185234183,19
2017-12-29,2.106173810884275,19
2018-01-02,2.152191197232361,19
2018-01-03,2.158536533611278,20
2018-01-04,2.157643597791245,20
2018-01-05,2.1804056598641393,20
2018-01-08,2.206358911485826,20
2018-01-09,2.224439165463812,20
2018-01-10,2.21167279198197,20
2018-01-11,2.2217801392217553,20
2018-01-12,2.2174941327123965,20
2018-01-15,2.1824224814798847,20
2018-01-16,2.228020810342822,20
2018-01-17,2.2286405433259735,20
2018-01-18,2.233751097284887,20
2018-01-19,2.22210034098192,20
2018-01-22,2.253147940655702,20
2018-01-23,2.2635057549457875,20
2018-01-24,2.2725436568481108,20
2018-01-25,2.2691080026490416,20
2018-01-26,2.2769296420782164,20
2018-01-29,2.242464107706419,20
2018-01-30,2.2360849016482263,20
2018-01-31,2.217963092564718,20
2018-02-01,2.1583292896567454,20
2018-02-02,2.159715559515549,19
2018-02-05,2.1534088906068303,19
2018-02-06,2.046610153346608,19
2018-02-07,2.0477111238083427,19
2018-02-08,2.0700739636372476,19
2018-02-09,2.0234760695657066,19
2018-02-12,2.093875248452094,19
2018-02-13,2.098769713004343,19
2018-02-14,2.1162127683180016,19
2018-02-22,2.1600719993261874,19
2018-02-23,2.164167962476182,19
2018-02-26,2.201096374590947,19
2018-02-27,2.197859925048075,19
2018-02-28,2.221114426730825,19
2018-03-01,2.2353913191998775,19
2018-03-02,2.2225092006608262,20
2018-03-05,2.2246582058059428,20
2018-03-06,2.2638953833603574,20
2018-03-07,2.2454057694275695,20
2018-03-08,2.262238494690984,20
2018-03-09,2.2901338997138816,20
2018-03-12,2.310827054163853,20
2018-03-13,2.278599550742923,20
2018-03-14,2.2722050623418824,20
2018-03-15,2.257087258332289,20
2018-03-16,2.268823381947514,20
2018-03-19,2.2659098610859587,20
2018-03-20,2.2769626779660306,20
2018-03-21,2.2477807490897463,20
2018-03-22,2.239402083833986,20
2018-03-23,2.1463202061681246,20
2018-03-26,2.1949759621832134,20
2018-03-27,2.2364247164963285,20
2018-03-28,2.1785456348804844,20
2018-03-29,2.194555463465458,20
2018-03-30,2.2240524333491516,20
2018-04-02,2.240613827429088,20
2018-04-03,2.231519248441989,20
2018-04-04,2.2227915892764005,20
2018-04-09,2.2105181426234526,20
2018-04-10,2.252543846970209,20
2018-04-11,2.2812948695004396,20
2018-04-12,2.288249646416477,20
2018-04-13,2.2776512568005653,20
2018-04-16,2.265866102200857,20
2018-04-17,2.201396000204629,20
2018-04-18,2.230574300102967,20
2018-04-19,2.255190321734054,20
2018-04-20,2.2081335386056855,20
2018-04-23,2.182664686456986,20
2018-04-24,2.2621065652135526,20
2018-04-25,2.29626690677928,20
2018-04-26,2.254284085588435,20
2018-04-27,2.260324084623055,20
2018-05-02,2.2791630765021647,20
2018-05-03,2.249775586977065,1
2018-05-04,2.2791630765021647,1
2018-05-07,2.4097741410581626,1
2018-05-08,2.413039417672062,1
2018-05-09,2.419569970899862,1
2018-05-10,2.468549120108361,1
2018-05-11,2.5142629927029603,1
2018-05-14,2.4816102265639604,1
2018-05-15,2.54038520561416,1
2018-05-16,2.5077324394751606,1
2018-05-17,2.488140779791761,1
2018-05-18,2.5305893757724602,1
2018-05-21,2.5501810354558594,1
2018-05-22,2.54038520561416,1
2018-05-23,2.468549120108361,1
2018-05-24,2.52405882254466,1
2018-05-25,2.4424269071971616,1
2018-05-28,2.432631077355462,1
2018-05-29,2.452222737038861,1
2018-05-30,2.331407502324563,1
2018-05-31,2.367325545077462,1
2018-06-01,2.325774900165585,1
2018-06-04,2.2810693697545914,2
2018-06-05,2.326182996639676,2
2018-06-06,2.4003775114739065,2
2018-06-07,2.395355828592892,2
2018-06-08,2.33248142905974,2
2018-06-11,2.320665688181151,2
2018-06-12,2.342264415708599,2
2018-06-13,2.2871448091587214,2
2018-06-14,2.305345006243578,2
2018-06-15,2.2543017563798915,2
2018-06-19,2.10020102628406,2
2018-06-20,2.1218624348676616,2
2018-06-21,2.066193426348303,2
2018-06-22,2.1031874199159595,2
2018-06-25,2.0850660640762184,2
2018-06-26,2.103626690293222,2
2018-06-27,2.097340196194216,2
2018-06-28,2.0742657203409753,2
2018-06-29,2.1376589770354837,2
2018-07-02,2.0897518884928994,2
2018-07-03,2.1114789875225988,1
2018-07-04,2.0403721179708554,1
2018-07-05,1.9080343329717775,1
2018-07-06,1.943587767747649,1
2018-07-09,2.117404559985244,1
2018-07-10,2.131230895731416,1
2018-07-11,2.0956774609555446,1
2018-07-12,2.1549331855819975,1
2018-07-13,2.186536238716106,1
2018-07-16,2.216164101029332,1
2018-07-17,2.20233776528316,1
2018-07-18,2.192461811178751,1
2018-07-19,2.164809139686407,1
2018-07-20,2.204312956104042,1
2018-07-23,2.2477671541634408,1
2018-07-24,2.2833205889393122,1
2018-07-25,2.241841581700795,1
2018-07-26,2.2892461614019575,1
2018-07-27,2.243816772521677,1
2018-07-30,2.196412192820515,1
2018-07-31,2.228015245954623,1
2018-08-01,2.269241428768068,1
2018-08-02,2.232219436099968,2
2018-08-03,2.1915470704967914,2
2018-08-06,2.0646295605202982,2
2018-08-07,2.1202904279299277,2
2018-08-08,2.067846078513075,2
2018-08-09,2.097071158850888,2
2018-08-10,2.096416574795229,2
2018-08-13,2.1093394112273858,2
2018-08-14,2.1137801257773385,2
2018-08-15,2.0628857442991584,2
2018-08-16,2.028430979274828,2
2018-08-17,2.0044133881003856,2
2018-08-20,2.0266222628223027,2
2018-08-21,2.029510795306649,2
2018-08-22,1.9924333523917754,2
2018-08-23,2.0213474119326906,2
2018-08-24,2.008402603462787,2
2018-08-27,2.0405762419485374,2
2018-08-28,2.064099333384186,2
2018-08-29,2.0147159077313823,2
2018-08-30,1.9725498486782156,2
2018-08-31,1.9135894724822458,2
2018-09-03,1.8651227566322988,2
2018-09-04,1.8940621987843327,8
2018-09-05,1.8482990137815134,8
2018-09-06,1.8287646894589935,8
2018-09-07,1.8247994857143504,8
2018-09-10,1.776620309745706,8
2018-09-11,1.7453532278791928,8
2018-09-12,1.7467125368919896,8
2018-09-13,1.7452264463521892,8
2018-09-14,1.74047157147254,8
2018-09-17,1.7043488698085087,8
2018-09-18,1.7580161477111969,8
2018-09-19,1.76984013845486,8
2018-09-20,1.7751485199228816,8
2018-09-21,1.8214059233589541,8
2018-09-25,1.8115941329005802,8
2018-09-26,1.8229361645922135,8
2018-09-27,1.8122490199094121,8
2018-09-28,1.828097849769493,8
2018-10-08,1.7315028782685034,8
2018-10-09,1.7343555684004115,10
2018-10-10,1.747874793439666,10
2018-10-11,1.6087509299178149,10
2018-10-12,1.613160233058775,10
2018-10-15,1.5951687524500777,10
2018-10-16,1.5443454694078107,10
2018-10-17,1.5523807299780024,10
2018-10-18,1.4887928930330774,10
2018-10-19,1.5232771555042788,10
2018-10-22,1.6127678195625523,10
2018-10-23,1.5814217949201455,10
2018-10-24,1.5870519774464673,10
2018-10-25,1.5838087530880822,10
2018-10-26,1.589029913393085,10
2018-10-29,1.5655705678568834,10
2018-10-30,1.5840153037410558,10
2018-10-31,1.6079767385407093,10
2018-11-01,1.610367491498535,10
2018-11-02,1.6623684720013943,20
2018-11-05,1.6660786226829312,20
2018-11-06,1.6647548144339541,20
2018-11-07,1.6511289925282406,20
2018-11-08,1.6301258496601911,20
2018-11-09,1.6250460492734078,20
2018-11-12,1.6626214126770098,20
2018-11-13,1.6731664312982288,20
2018-11-14,1.6741040864462688,20
2018-11-15,1.7042288267154027,20
2018-11-16,1.718600529761067,20
2018-11-19,1.72091967016839,20
2018-11-20,1.6786056611725448,20
2018-11-21,1.6845581485231218,20
2018-11-22,1.6868158058891274,20
2018-11-23,1.6303904938512404,20
2018-11-26,1.6222909237008434,20
2018-11-27,1.6260578299863495,20
2018-11-28,1.653915337277514,20
2018-11-29,1.6123061731702855,20
2018-11-30,1.6377377410978609,20
2018-12-03,1.678704322498595,20
2018-12-04,1.6880224100760208,20
2018-12-05,1.6686274052231511,20
2018-12-06,1.6426399597714152,20
2018-12-07,1.6441547715244105,20
2018-12-10,1.623973736020255,20
2018-12-11,1.6382619747565965,20
2018-12-12,1.6437840374410029,20
2018-12-13,1.6647107727042663,20
2018-12-14,1.6348720893576225,20
2018-12-17,1.6360260627313892,20
2018-12-18,1.6333797616779973,20
2018-12-19,1.6098874906340632,20
2018-12-20,1.6114437232161563,20
2018-12-21,1.5995871421444585,20
2018-12-24,1.6144854979701346,20
2018-12-25,1.5817862661236624,20
2018-12-26,1.582048446525499,20
2018-12-27,1.5681209197708252,20
2018-12-28,1.5724526582987468,20
2019-01-02,1.5537865950427063,20
2019-01-03,1.5403820653037976,20
2019-01-04,1.5665636620588026,20
2019-01-07,1.592746407399936,20
2019-01-08,1.5894855949677447,20
2019-01-09,1.6072039034571097,20
2019-01-10,1.6067427207255665,20
2019-01-11,1.6118019380737174,20
2019-01-14,1.6098263948096683,20
2019-01-15,1.6262843057683474,20
2019-01-16,1.627048300246642,20
2019-01-17,1.613450022981179,20
2019-01-18,1.6380264194852943,20
2019-01-21,1.65812365005607,20
2019-01-22,1.6417786432348824,20
2019-01-23,1.665467081204035,20
2019-01-24,1.6567061232187918,20
2019-01-25,1.6650310505418546,20
2019-01-28,1.6555766039687627,20
2019-01-29,1.650489728638514,20
2019-01-30,1.641677798345221,20
2019-01-31,1.6274663316992313,20
2019-02-01,1.6682548926192837,20
2019-02-11,1.7095330448840707,20
2019-02-12,1.7166434948595126,20
2019-02-13,1.7434024508954729,20
2019-02-14,1.7513684229521558,20
2019-02-15,1.733160394817856,20
2019-02-18,1.7831570855828496,20
2019-02-19,1.7741817884598925,20
2019-02-20,1.7789452443810445,20
2019-02-21,1.7702515755199895,20
2019-02-22,1.7853488832075441,20
2019-02-25,1.861462571295966,20
2019-02-26,1.8616443103438731,20
2019-02-27,1.860948692110944,20
2019-02-28,1.870409250045327,20
2019-03-01,1.8920541466508043,20
2019-03-04,1.9048109307598673,20
2019-03-05,1.9350503952194837,20
2019-03-06,1.9618645274852016,20
2019-03-07,1.9833097949464173,20
2019-03-08,1.893111318752505,20
2019-03-11,1.9483108221922045,20
2019-03-12,1.965981192277242,20
2019-03-13,1.9407424145072218,20
2019-03-14,1.9350750822168887,20
2019-03-15,1.9812793476632466,20
2019-03-18,2.042488633410358,20
2019-03-19,2.035197840308021,20
2019-03-20,2.028259092294423,20
2019-03-21,2.040629724925964,20
2019-03-22,2.0488368332479117,20
2019-03-25,2.0202257698075887,20
2019-03-26,1.9783806117097351,20
2019-03-27,2.0167713966298138,20
2019-03-28,1.9939459372743307,20
2019-03-29,2.0436839418854484,20
2019-04-01,2.1157445636257397,20
2019-04-02,2.1356290032895062,19
2019-04-03,2.158147880891873,19
2019-04-04,2.1618436970832406,19
2019-04-08,2.189904840099902,19
2019-04-09,2.169630302864252,19
2019-04-10,2.185856264536337,19
2019-04-11,2.1362717724725213,19
2019-04-12,2.132275064140165,19
2019-04-15,2.1193578894524636,19
2019-04-16,2.134800470729384,19
2019-04-17,2.1406318526067065,19
2019-04-18,2.138023566361729,19
2019-04-19,2.171777628700635,19
2019-04-22,2.1533567826804982,19
2019-04-23,2.1086342050950324,19
2019-04-24,2.1184389969095343,19
2019-04-25,2.0614823881334523,19
2019-04-26,2.0372279393804837,19
2019-04-29,2.011261873006652,19
2019-04-30,2.0194645843849712,19
2019-05-06,1.885072163515762,19
2019-05-07,1.885072163515762,0
2019-05-08,1.885072163515762,0
2019-05-09,1.885072163515762,0
2019-05-10,1.885072163515762,0
2019-05-13,1.885072163515762,0
2019-05-14,1.885072163515762,0
2019-05-15,1.885072163515762,0
2019-05-16,1.885072163515762,0
2019-05-17,1.885072163515762,0
2019-05-20,1.885072163515762,0
2019-05-21,1.885072163515762,0
2019-05-22,1.885072163515762,0
2019-05-23,1.885072163515762,0
2019-05-24,1.885072163515762,0
2019-05-27,1.885072163515762,0
2019-05-28,1.885072163515762,0
2019-05-29,1.885072163515762,0
2019-05-30,1.885072163515762,0
2019-05-31,1.885072163515762,0
2019-06-03,1.8831870913522462,0
2019-06-04,1.8831870913522462,0
2019-06-05,1.8831870913522462,0
2019-06-06,1.8831870913522462,0
2019-06-10,1.8831870913522462,0
2019-06-11,1.8831870913522462,0
2019-06-12,1.8831870913522462,0
2019-06-13,1.8831870913522462,0
2019-06-14,1.8831870913522462,0
2019-06-17,1.8831870913522462,0
2019-06-18,1.8831870913522462,0
2019-06-19,1.8831870913522462,0
2019-06-20,1.8831870913522462,0
2019-06-21,1.8831870913522462,0
2019-06-24,1.8831870913522462,0
2019-06-25,1.8831870913522462,0
2019-06-26,1.8831870913522462,0
2019-06-27,1.8831870913522462,0
2019-06-28,1.8831870913522462,0
2019-07-01,1.8813039042608939,0
2019-07-02,1.927892798116411,1
2019-07-03,1.9988853982771995,1
2019-07-04,1.9545150231767068,1
2019-07-05,2.0743150359480373,1
2019-07-08,2.2806372801653287,1
2019-07-09,2.2806372801653287,1
2019-07-10,2.1741483799241466,1
2019-07-11,2.1519631923738998,1
2019-07-12,2.2584520926150824,1
2019-07-15,2.2828557989203535,1
2019-07-16,2.262889130125132,1
2019-07-17,2.427059517996955,1
2019-07-18,2.360503955346216,1
2019-07-19,2.336100249040945,1
2019-07-22,2.1719298611691213,1
2019-07-23,2.2584520926150824,1
2019-07-24,2.293948392695477,1
2019-07-25,2.3649409928562655,1
2019-07-26,2.3516298803261173,1
2019-07-29,2.4492447055472013,1
2019-07-30,2.4381521117720784,1
2019-07-31,2.3760335866313884,1
2019-08-01,2.3958427405950036,1
2019-08-02,2.3958427405950036,0
2019-08-05,2.3958427405950036,0
2019-08-06,2.3958427405950036,0
2019-08-07,2.3958427405950036,0
2019-08-08,2.3958427405950036,0
2019-08-09,2.3958427405950036,0
2019-08-12,2.3958427405950036,0
2019-08-13,2.3958427405950036,0
2019-08-14,2.3958427405950036,0
2019-08-15,2.3958427405950036,0
2019-08-16,2.3958427405950036,0
2019-08-19,2.3958427405950036,0
2019-08-20,2.3958427405950036,0
2019-08-21,2.3958427405950036,0
2019-08-22,2.3958427405950036,0
2019-08-23,2.3958427405950036,0
2019-08-26,2.3958427405950036,0
2019-08-27,2.3958427405950036,0
2019-08-28,2.3958427405950036,0
2019-08-29,2.3958427405950036,0
2019-08-30,2.3958427405950036,0
2019-09-02,2.3934468978544086,0
2019-09-03,2.423196987298559,4
2019-09-04,2.482501693777257,4
2019-09-05,2.5143711052243254,4
2019-09-06,2.491034537914067,4
2019-09-09,2.513579813080412,4
2019-09-10,2.5090719805751807,4
2019-09-11,2.476674484911612,4
2019-09-12,2.513673669921767,4
2019-09-16,2.5354473821032193,4
2019-09-17,2.466623584151309,4
2019-09-18,2.480389867734759,4
2019-09-19,2.478558512681975,4
2019-09-20,2.5119495221758172,4
2019-09-23,2.481942016008748,4
2019-09-24,2.5191478703421897,4
2019-09-25,2.475075570702099,4
2019-09-26,2.4047253688368824,4
2019-09-27,2.427139371362524,4
2019-09-30,2.4025934049654873,4
2019-10-08,2.4974090429423,4
2019-10-09,2.5834668500333877,5
2019-10-10,2.622305366055053,5
2019-10-11,2.6549858410047094,5
2019-10-14,2.6560030437524484,5
2019-10-15,2.613414072811349,5
2019-10-16,2.6222193120394155,5
2019-10-17,2.619310650134793,5
2019-10-18,2.594409570036147,5
2019-10-21,2.650519875637543,5
2019-10-22,2.659196599327905,5
2019-10-23,2.6853642054939284,5
2019-10-24,2.7708531140923367,5
2019-10-25,2.8391030828014276,5
2019-10-28,2.830227889245361,5
2019-10-29,2.9057016656145467,5
2019-10-30,2.8177412354880698,5
2019-10-31,2.7345500949786214,5
2019-11-01,2.776085481415526,5
2019-11-04,2.792435103253544,20
2019-11-05,2.7981867214809584,20
2019-11-06,2.783960042090169,20
2019-11-07,2.8096160497438167,20
2019-11-08,2.810604426499018,20
2019-11-11,2.7411015376563057,20
2019-11-12,2.7421715011437335,20
2019-11-13,2.73581758061607,20
2019-11-14,2.740043370324779,20
2019-11-15,2.6932398683110623,20
2019-11-18,2.723536671386425,20
2019-11-19,2.759379961870316,20
2019-11-20,2.737227624889089,20
2019-11-21,2.7069011860407595,20
2019-11-22,2.687887219359572,20
2019-11-25,2.694096680420652,20
2019-11-26,2.697663136191266,20
2019-11-27,2.688968331231429,20
2019-11-28,2.670500157734035,20
2019-11-29,2.65477472482082,20
2019-12-02,2.6780887023547977,20
2019-12-03,2.695615724225792,20
2019-12-04,2.6923767646644445,20
2019-12-05,2.7233724536425266,20
2019-12-06,2.7370450330654332,20
2019-12-09,2.7615820091724297,20
2019-12-10,2.7514658542017427,20
2019-12-11,2.7297521232167217,20
2019-12-12,2.729574277818129,20
2019-12-13,2.758016316448228,20
2019-12-16,2.79644160786748,20
2019-12-17,2.8387978168942105,20
2019-12-18,2.8234932382035267,20
2019-12-19,2.835204385988357,20
2019-12-20,2.831112660964988,20
2019-12-23,2.7662567719815083,20
2019-12-24,2.8036653680332173,20
2019-12-25,2.8045960649426105,20
2019-12-26,2.845105445064917,20
2019-12-27,2.8450608035857936,20
2019-12-30,2.8873343391692536,20
2019-12-31,2.9046553747332964,20
2020-01-02,2.9434617970098462,20
2020-01-03,2.9507132424379345,20
2020-01-06,2.9557164651151737,20
2020-01-07,3.0024373180126465,20
2020-01-08,2.9542713004484398,20
2020-01-09,2.991473548025335,20
2020-01-10,3.009631479353064,20
2020-01-13,3.0255731121809433,20
2020-01-14,3.0258348118283975,20
2020-01-15,3.021950663143652,20
2020-01-16,3.0339453580704836,20
2020-01-17,3.018813548977797,20
2020-01-20,3.0302821497632006,20
2020-01-21,2.9642200377156316,20
2020-01-22,2.9488689821132335,20
2020-01-23,2.8373367703297294,20
2020-02-03,2.551014222477451,20
2020-02-04,2.53189118401063,20
2020-02-05,2.5873141609858736,20
2020-02-06,2.641096891467194,20
2020-02-07,2.655799924004478,20
2020-02-10,2.732004739401342,20
2020-02-11,2.713727276993069,20
2020-02-12,2.7336669969846157,20
2020-02-13,2.7056027820360042,20
2020-02-14,2.711253986268803,20
2020-02-17,2.7985079470660064,20
2020-02-18,2.820198542053277,20
2020-02-19,2.846092637841545,20
2020-02-20,2.88473917817411,20
2020-02-21,2.8780594748292017,20
2020-02-24,2.892398271556935,20
2020-02-25,2.8348055882971983,20
2020-02-26,2.830772591865767,20
2020-02-27,2.868676437966474,20
2020-02-28,2.7259844501381982,20
2020-03-02,2.856691269964331,20
2020-03-03,2.859716398035624,20
2020-03-04,2.903699567315504,20
2020-03-05,2.9631426894531976,20
2020-03-06,2.940775490780178,20
2020-03-09,2.85074003018234,20
2020-03-10,2.8909556661413127,20
2020-03-11,2.85235810136597,20
2020-03-12,2.777200263530303,20
2020-03-13,2.7466928804814517,20
2020-03-16,2.653779283430606,20
2020-03-17,2.6332915410016584,20
2020-03-18,2.628552200399539,20
2020-03-19,2.632355258677364,20
2020-03-20,2.6452677552228643,20
2020-03-23,2.548992396045384,20
2020-03-24,2.5797321808344327,20
2020-03-25,2.6336154443042767,20
2020-03-26,2.621650581390518,20
2020-03-27,2.6368626711801118,20
2020-03-30,2.620985277262654,20
2020-03-31,2.6577711915681164,20
2020-04-01,2.635186448555428,20
2020-04-02,2.6704955392977734,20
2020-04-03,2.6749920131454825,20
2020-04-07,2.7648989330010965,20
2020-04-08,2.7620791080277196,20
2020-04-09,2.7638182526403323,20
2020-04-10,2.7130314465699663,20
2020-04-13,2.7135824389728374,20
2020-04-14,2.747442633544523,20
2020-04-15,2.7307951284937455,20
2020-04-16,2.739791437090429,20
2020-04-17,2.7718267309521156,20
2020-04-20,2.800308678549145,20
2020-04-21,2.777225653842076,20
2020-04-22,2.810815489332204,20
2020-04-23,2.7980759295562843,20
2020-04-24,2.755798173241546,20
2020-04-27,2.7457057435751415,20
2020-04-28,2.7055126481188867,20
2020-04-29,2.734468676445323,20
2020-04-30,2.7795465251274605,20
2020-05-06,2.8175879849578473,20
2020-05-07,2.8175879849578473,0
2020-05-08,2.8175879849578473,0
2020-05-11,2.8175879849578473,0
2020-05-12,2.8175879849578473,0
2020-05-13,2.8175879849578473,0
2020-05-14,2.8175879849578473,0
2020-05-15,2.8175879849578473,0
2020-05-18,2.8175879849578473,0
2020-05-19,2.8175879849578473,0
2020-05-20,2.8175879849578473,0
2020-05-21,2.8175879849578473,0
2020-05-22,2.8175879849578473,0
2020-05-25,2.8175879849578473,0
2020-05-26,2.8175879849578473,0
2020-05-27,2.8175879849578473,0
2020-05-28,2.8175879849578473,0
2020-05-29,2.8175879849578473,0
2020-06-01,2.8147703969728894,0
2020-06-02,2.8147703969728894,0
2020-06-03,2.8147703969728894,0
2020-06-04,2.8147703969728894,0
2020-06-05,2.8147703969728894,0
2020-06-08,2.8147703969728894,0
2020-06-09,2.8147703969728894,0
2020-06-10,2.8147703969728894,0
2020-06-11,2.8147703969728894,0
2020-06-12,2.8147703969728894,0
2020-06-15,2.8147703969728894,0
2020-06-16,2.8147703969728894,0
2020-06-17,2.8147703969728894,0
2020-06-18,2.8147703969728894,0
2020-06-19,2.8147703969728894,0
2020-06-22,2.8147703969728894,0
2020-06-23,2.8147703969728894,0
2020-06-24,2.8147703969728894,0
2020-06-29,2.8147703969728894,0
2020-06-30,2.8147703969728894,0
2020-07-01,2.8119556265759167,0
2020-07-02,2.8119556265759167,0
2020-07-03,2.8119556265759167,0
2020-07-06,2.8119556265759167,0
2020-07-07,2.8119556265759167,0
2020-07-08,2.8119556265759167,0
2020-07-09,2.8119556265759167,0
2020-07-10,2.8119556265759167,0
2020-07-13,2.8119556265759167,0
2020-07-14,2.8119556265759167,0
2020-07-15,2.8119556265759167,0
2020-07-16,2.8119556265759167,0
2020-07-17,2.8119556265759167,0
2020-07-20,2.8119556265759167,0
2020-07-21,2.8119556265759167,0
2020-07-22,2.8119556265759167,0
2020-07-23,2.8119556265759167,0
2020-07-24,2.8119556265759167,0
2020-07-27,2.8119556265759167,0
2020-07-28,2.8119556265759167,0
2020-07-29,2.8119556265759167,0
2020-07-30,2.8119556265759167,0
2020-07-31,2.8119556265759167,0
2020-08-03,2.8091436709493407,0
2020-08-04,2.8091436709493407,0
2020-08-05,2.8091436709493407,0
2020-08-06,2.8091436709493407,0
2020-08-07,2.8091436709493407,0
2020-08-10,2.8091436709493407,0
2020-08-11,2.8091436709493407,0
2020-08-12,2.8091436709493407,0
2020-08-13,2.8091436709493407,0
2020-08-14,2.8091436709493407,0
2020-08-17,2.8091436709493407,0
2020-08-18,2.8091436709493407,0
2020-08-19,2.8091436709493407,0
2020-08-20,2.8091436709493407,0
2020-08-21,2.8091436709493407,0
2020-08-24,2.8091436709493407,0
2020-08-25,2.8091436709493407,0
2020-08-26,2.8091436709493407,0
2020-08-27,2.8091436709493407,0
2020-08-28,2.8091436709493407,0
2020-08-31,2.8091436709493407,0
2020-09-01,2.8063345272783913,0
2020-09-02,2.8063345272783913,0
2020-09-03,2.8063345272783913,0
2020-09-04,2.8063345272783913,0
2020-09-07,2.8063345272783913,0
2020-09-08,2.8063345272783913,0
2020-09-09,2.8063345272783913,0
2020-09-10,2.8063345272783913,0
2020-09-11,2.8063345272783913,0
2020-09-14,2.8063345272783913,0
2020-09-15,2.8063345272783913,0
2020-09-16,2.8063345272783913,0
2020-09-17,2.8063345272783913,0
2020-09-18,2.8063345272783913,0
2020-09-21,2.8063345272783913,0
2020-09-22,2.8063345272783913,0
2020-09-23,2.8063345272783913,0
2020-09-24,2.8063345272783913,0
2020-09-25,2.8063345272783913,0
2020-09-28,2.8063345272783913,0
2020-09-29,2.8063345272783913,0
2020-09-30,2.8063345272783913,0
2020-10-09,2.803528192751113,0
2020-10-12,2.89246186653929,1
2020-10-13,2.9136365507745703,1
2020-10-14,2.943281108703963,1
2020-10-15,2.873404650727538,1
2020-10-16,2.8564649033393135,1
2020-10-19,2.8247028769863927,1
2020-10-20,2.909401613927514,1
2020-10-21,2.841642624374617,1
2020-10-22,2.879757055998122,1
2020-10-23,2.8014107243275848,1
2020-10-26,2.8564649033393135,1
2020-10-27,2.6976547715747112,1
2020-10-28,2.6002512240924216,1
2020-10-29,2.589663881974782,1
2020-10-30,2.547314513504221,1
2020-11-02,2.572294288496581,1
2020-11-03,2.6491120607010887,12
2020-11-04,2.662104662874631,12
2020-11-05,2.7076441077543336,12
2020-11-06,2.69140547346135,12
2020-11-09,2.7319387235936703,12
2020-11-10,2.699157947012572,12
2020-11-11,2.7125887603205423,12
2020-11-12,2.711777028203252,12
2020-11-13,2.6683253905119764,12
2020-11-16,2.725247609757242,12
2020-11-17,2.706304314593655,12
2020-11-18,2.7178108063394824,12
2020-11-19,2.715693928393755,12
2020-11-20,2.721547000207215,12
2020-11-23,2.749202376043371,12
2020-11-24,2.739624662547213,12
2020-11-25,2.707593487984537,12
2020-11-26,2.6957374552794247,12
2020-11-27,2.7016753581517388,12
2020-11-30,2.6843876568332745,12
2020-12-01,2.7094666249703114,12
2020-12-02,2.7203234831102208,16
2020-12-03,2.7083144875017613,16
2020-12-04,2.716943927924742,16
2020-12-07,2.703203630537477,16
2020-12-08,2.688513199291862,16
2020-12-09,2.6416016902836827,16
2020-12-10,2.62700768606422,16
2020-12-11,2.599677677579639,16
2020-12-14,2.599714739556919,16
2020-12-15,2.6151659768102884,16
2020-12-16,2.579334174639762,16
2020-12-17,2.5959070327414353,16
2020-12-18,2.5898768392869727,16
2020-12-21,2.5919668569083623,16
2020-12-22,2.4857959668171534,16
2020-12-23,2.469021078429863,16
2020-12-24,2.4294544626889216,16
2020-12-25,2.441181279344796,16
2020-12-28,2.40191278884798,16
2020-12-29,2.4111105526098005,16
2020-12-30,2.406996629496452,16
2020-12-31,2.4516939795063073,16
2021-01-04,2.4941354873407713,16
2021-01-05,2.4910990856573494,17
2021-01-06,2.4780663627904596,17
2021-01-07,2.4336631307181715,17
2021-01-08,2.4509231414349397,17
2021-01-11,2.4071990052406496,17
2021-01-12,2.4192755693868078,17
2021-01-13,2.3931375051066306,17
2021-01-14,2.441571524239578,17
2021-01-15,2.478489024662711,17
2021-01-18,2.506004374198016,17
2021-01-19,2.5065060795873007,17
2021-01-20,2.4884327778551976,17
2021-01-21,2.4922506221402236,17
2021-01-22,2.453216758574815,17
2021-01-25,2.3957094844794677,17
2021-01-26,2.412450736926265,17
2021-01-27,2.46305474940202,17
2021-01-28,2.421485184273489,17
2021-01-29,2.4010675729977256,17
2021-02-01,2.432669492539588,17
2021-02-02,2.4416523152241676,20
2021-02-03,2.4055846457920924,20
2021-02-04,2.3488261484930617,20
2021-02-05,2.354441426730326,20
2021-02-08,2.373240110558877,20
2021-02-09,2.411865976913201,20
2021-02-10,2.44514784743827,20
2021-02-18,2.5092296252090573,20
2021-02-19,2.6306489320042643,20
2021-02-22,2.650745454369447,20
2021-02-23,2.624575333948405,20
2021-02-24,2.6343734207235228,20
2021-02-25,2.625313031709544,20
2021-02-26,2.6009965570953373,20
2021-03-01,2.6480667774725237,20
2021-03-02,2.657772873623087,17
2021-03-03,2.6806264458058164,17
2021-03-04,2.6565798922832,17
2021-03-05,2.636172541592822,17
2021-03-08,2.6186633460094724,17
2021-03-09,2.5694436078170386,17
2021-03-10,2.5360017265417234,17
2021-03-11,2.6070309271369774,17
2021-03-12,2.6399136271505785,17
2021-03-15,2.6255141785188862,17
2021-03-16,2.6413352507296977,17
2021-03-17,2.6376439583618856,17
2021-03-18,2.636577915554489,17
2021-03-19,2.6239943377906787,17
2021-03-22,2.6464564305544758,17
2021-03-23,2.632917739073293,17
2021-03-24,2.5889994013527526,17
2021-03-25,2.5899455525092523,17
2021-03-26,2.6283748205042285,17
2021-03-29,2.6753203168296045,17
2021-03-30,2.67322715410946,17
2021-03-31,2.7176645277522558,17
2021-04-01,2.731546830362754,17
2021-04-02,2.7141441845494216,16
2021-04-06,2.7386768819071516,16
2021-04-07,2.746320042657013,16
2021-04-08,2.737778730228381,16
2021-04-09,2.7478122829153704,16
2021-04-12,2.6842187983205648,16
2021-04-13,2.6731924715446067,16
2021-04-14,2.7120931951166725,16
2021-04-15,2.664605174817374,16
2021-04-16,2.6741502392741436,16
2021-04-19,2.711833000476327,16
2021-04-20,2.7062866294640497,16
2021-04-21,2.690220152971154,16
2021-04-22,2.713316100225701,16
2021-04-23,2.702392857139458,16
2021-04-26,2.67818757481818,16
2021-04-27,2.6458313964363196,16
2021-04-28,2.630737674307155,16
2021-04-29,2.6152515046879334,16
2021-04-30,2.5636322915678087,16
2021-05-06,2.592233295262453,16
2021-05-07,2.592233295262453,0
2021-05-10,2.592233295262453,0
2021-05-11,2.592233295262453,0
2021-05-12,2.592233295262453,0
2021-05-13,2.592233295262453,0
2021-05-14,2.592233295262453,0
2021-05-17,2.592233295262453,0
2021-05-18,2.592233295262453,0
2021-05-19,2.592233295262453,0
2021-05-20,2.592233295262453,0
2021-05-21,2.592233295262453,0
2021-05-24,2.592233295262453,0
2021-05-25,2.592233295262453,0
2021-05-26,2.592233295262453,0
2021-05-27,2.592233295262453,0
2021-05-28,2.592233295262453,0
2021-05-31,2.592233295262453,0
2021-06-01,2.5896410619671903,0
2021-06-02,2.5896410619671903,0
2021-06-03,2.5896410619671903,0
2021-06-04,2.5896410619671903,0
2021-06-07,2.5896410619671903,0
2021-06-08,2.5896410619671903,0
2021-06-09,2.5896410619671903,0
2021-06-10,2.5896410619671903,0
2021-06-11,2.5896410619671903,0
2021-06-15,2.5896410619671903,0
2021-06-16,2.5896410619671903,0
2021-06-17,2.5896410619671903,0
2021-06-18,2.5896410619671903,0
2021-06-21,2.5896410619671903,0
2021-06-22,2.5896410619671903,0
2021-06-23,2.5896410619671903,0
2021-06-24,2.5896410619671903,0
2021-06-25,2.5896410619671903,0
2021-06-28,2.5896410619671903,0
2021-06-29,2.5896410619671903,0
2021-06-30,2.5896410619671903,0
2021-07-01,2.5870514209052233,0
2021-07-02,2.5870514209052233,0
2021-07-05,2.5870514209052233,0
2021-07-06,2.5870514209052233,0
2021-07-07,2.5870514209052233,0
2021-07-08,2.5870514209052233,0
2021-07-09,2.5870514209052233,0
2021-07-12,2.5870514209052233,0
2021-07-13,2.5870514209052233,0
2021-07-14,2.5870514209052233,0
2021-07-15,2.5870514209052233,0
2021-07-16,2.5870514209052233,0
2021-07-19,2.5870514209052233,0
2021-07-20,2.5870514209052233,0
2021-07-21,2.5870514209052233,0
2021-07-22,2.5870514209052233,0
2021-07-23,2.5870514209052233,0
2021-07-26,2.5870514209052233,0
2021-07-27,2.5870514209052233,0
2021-07-28,2.5870514209052233,0
2021-07-29,2.5870514209052233,0
2021-07-30,2.5870514209052233,0
2021-08-02,2.584464369484318,0
2021-08-03,2.584464369484318,0
2021-08-04,2.584464369484318,0
2021-08-05,2.584464369484318,0
2021-08-06,2.584464369484318,0
2021-08-09,2.584464369484318,0
2021-08-10,2.584464369484318,0
2021-08-11,2.584464369484318,0
2021-08-12,2.584464369484318,0
2021-08-13,2.584464369484318,0
2021-08-16,2.584464369484318,0
2021-08-17,2.584464369484318,0
2021-08-18,2.584464369484318,0
2021-08-19,2.584464369484318,0
2021-08-20,2.584464369484318,0
2021-08-23,2.584464369484318,0
2021-08-24,2.584464369484318,0
2021-08-25,2.584464369484318,0
2021-08-26,2.584464369484318,0
2021-08-27,2.584464369484318,0
2021-08-30,2.584464369484318,0
2021-08-31,2.584464369484318,0
2021-09-01,2.5818799051148336,0
2021-09-02,2.5818799051148336,0
2021-09-03,2.5818799051148336,0
2021-09-06,2.5818799051148336,0
2021-09-07,2.5818799051148336,0
2021-09-08,2.5818799051148336,0
2021-09-09,2.5818799051148336,0
2021-09-10,2.5818799051148336,0
2021-09-13,2.5818799051148336,0
2021-09-14,2.5818799051148336,0
2021-09-15,2.5818799051148336,0
2021-09-16,2.5818799051148336,0
2021-09-17,2.5818799051148336,0
2021-09-22,2.5818799051148336,0
2021-09-23,2.5818799051148336,0
2021-09-24,2.5818799051148336,0
2021-09-27,2.5818799051148336,0
2021-09-28,2.5818799051148336,0
2021-09-29,2.5818799051148336,0
2021-09-30,2.5818799051148336,0
2021-10-08,2.579298025209719,0
2021-10-11,2.579298025209719,1
2021-10-12,2.565495761529667,1
2021-10-13,2.593100288889771,1
2021-10-14,2.617254250329862,1
2021-10-15,2.56894632744968,1
2021-10-18,2.5603199126496476,1
2021-10-19,2.6810897198501022,1
2021-10-20,2.644858777689966,1
2021-10-21,2.677639153930089,1
2021-10-22,2.6828150028101088,1
2021-10-25,2.6845402857701153,1
2021-10-26,2.6448587776899655,1
2021-10-27,2.6189795332898678,1
2021-10-28,2.6534851924899976,1
2021-10-29,2.6897161346501344,1
2021-11-01,2.6835758525954714,1
2021-11-02,2.6212648371479332,18
2021-11-03,2.6580750394405483,18
2021-11-04,2.670012096447129,18
2021-11-05,2.6225510243376626,18
2021-11-08,2.629629334016771,18
2021-11-09,2.6358264691671436,18
2021-11-10,2.630627526093664,18
2021-11-11,2.6817032060574753,18
2021-11-12,2.6877558505538093,18
2021-11-15,2.722899030798964,18
2021-11-16,2.7079648689764046,18
2021-11-17,2.707611728981063,18
2021-11-18,2.6905362490528537,18
2021-11-19,2.72758491098745,18
2021-11-22,2.7176246540525497,18
2021-11-23,2.7570005055084525,18
2021-11-24,2.7665176915786502,18
2021-11-25,2.763866929401144,18
2021-11-26,2.7599831574986498,18
2021-11-29,2.7450266815460593,18
2021-11-30,2.7704543405898088,18
2021-12-01,2.7926502868881804,18
2021-12-02,2.8078958681320576,20
2021-12-03,2.852303679892881,20
2021-12-06,2.8422960079836703,20
2021-12-07,2.8840457181042876,20
2021-12-08,2.883427747027632,20
2021-12-09,2.9369679741731907,20
2021-12-10,2.940439664193024,20
2021-12-13,3.0132712535554167,20
2021-12-14,2.949103485922088,20
2021-12-15,2.941435143653475,20
2021-12-16,2.991379648307259,20
2021-12-17,2.9727608434769883,20
2021-12-20,2.947240661514229,20
2021-12-21,2.9910925007344447,20
2021-12-22,3.0024018855833687,20
2021-12-23,2.9828041684497455,20
2021-12-24,2.968306761412673,20
2021-12-27,2.9989398580779296,20
2021-12-28,3.0048592194895645,20
2021-12-29,2.9895879755897976,20
2021-12-30,3.007882060285801,20
2021-12-31,3.0400726597212624,20
2022-01-04,3.0967094540854974,20
2022-01-05,3.139266856593228,16
2022-01-06,3.165735140739367,16
2022-01-07,3.1646659764678975,16
2022-01-10,3.2112059869849174,16
2022-01-11,3.205602284774895,16
2022-01-12,3.163734159939444,16
2022-01-13,3.120521982804169,16
2022-01-14,3.07705720307782,16
2022-01-17,3.08442589961267,16
2022-01-18,3.1085203982444938,16
2022-01-19,3.125660297334591,16
2022-01-20,3.1106060738651697,16
2022-01-21,3.056010837135943,16
2022-01-24,3.0678431950146936,16
2022-01-25,2.960315713717342,16
2022-01-26,2.9704134990659554,16
2022-01-27,2.9001181548530655,16
2022-01-28,2.8967410618494362,16
2022-02-07,3.010122142667262,16
2022-02-08,3.073842846759505,20
2022-02-09,3.0978369596099182,20
2022-02-10,3.12213643931159,20
2022-02-11,3.0699234826532633,20
2022-02-14,3.014441572026571,20
2022-02-15,3.027779879921936,20
2022-02-16,3.07163446610071,20
2022-02-17,3.0636566091906197,20
2022-02-18,3.116080797373444,20
2022-02-21,3.128586579505042,20
2022-02-22,3.09026375254719,20
2022-02-23,3.120406328455795,20
2022-02-24,3.0484467462738327,20
2022-02-25,3.071769594007766,20
2022-02-28,3.0928194246124607,20
2022-03-01,3.1034219774115677,20
2022-03-02,3.103087309998438,20
2022-03-03,3.1289877904053243,20
2022-03-04,3.100373920748704,20
2022-03-07,3.057356287410789,20
2022-03-08,2.9234144213738342,20
2022-03-09,2.8502471385460164,20
2022-03-10,2.899146860571284,20
2022-03-11,2.9142811965322033,20
2022-03-14,2.820145361553655,20
2022-03-15,2.617679034876794,20
2022-03-16,2.673224223192815,20
2022-03-17,2.7507638327673725,20
2022-03-18,2.7966162247325697,20
2022-03-21,2.79077977459695,20
2022-03-22,2.7913021252321655,20
2022-03-23,2.807145590055587,20
2022-03-24,2.7809803627151366,20
2022-03-25,2.763908453187768,20
2022-03-28,2.771344723016728,20
2022-03-29,2.7695734784146357,20
2022-03-30,2.817033113640289,20
2022-03-31,2.8464915350194877,20
2022-04-01,2.8560537882977237,20
2022-04-06,2.9026202813361754,20
2022-04-07,2.871842640786455,20
2022-04-08,2.8823171713622404,20
2022-04-11,2.8169619874303304,20
2022-04-12,2.8179309067353673,20
2022-04-13,2.7732566027235626,20
2022-04-14,2.836377147068751,20
2022-04-15,2.806519219336738,20
2022-04-18,2.8061301720239156,20
2022-04-19,2.8255442117662195,20
2022-04-20,2.778206919296826,20
2022-04-21,2.6718941257218005,20
2022-04-22,2.672435476203972,20
2022-04-25,2.511881207616905,20
2022-04-26,2.4630847191561696,20
2022-04-27,2.5576038427306833,20
2022-04-28,2.555540195104177,20
2022-04-29,2.6455949570574586,20
2022-05-05,2.705515942509014,20
2022-05-06,2.705515942509014,0
2022-05-09,2.705515942509014,0
2022-05-10,2.705515942509014,0
2022-05-11,2.705515942509014,0
2022-05-12,2.705515942509014,0
2022-05-13,2.705515942509014,0
2022-05-16,2.705515942509014,0
2022-05-17,2.705515942509014,0
2022-05-18,2.705515942509014,0
2022-05-19,2.705515942509014,0
2022-05-20,2.705515942509014,0
2022-05-23,2.705515942509014,0
2022-05-24,2.705515942509014,0
2022-05-25,2.705515942509014,0
2022-05-26,2.705515942509014,0
2022-05-27,2.705515942509014,0
2022-05-30,2.705515942509014,0
2022-05-31,2.705515942509014,0
2022-06-01,2.702810426566505,0
2022-06-02,2.702810426566505,0
2022-06-06,2.702810426566505,0
2022-06-07,2.702810426566505,0
2022-06-08,2.702810426566505,0
2022-06-09,2.702810426566505,0
2022-06-10,2.702810426566505,0
2022-06-13,2.702810426566505,0
2022-06-14,2.702810426566505,0
2022-06-15,2.702810426566505,0
2022-06-16,2.702810426566505,0
2022-06-17,2.702810426566505,0
2022-06-20,2.702810426566505,0
2022-06-21,2.702810426566505,0
2022-06-22,2.702810426566505,0
2022-06-23,2.702810426566505,0
2022-06-24,2.702810426566505,0
2022-06-27,2.702810426566505,0
2022-06-28,2.702810426566505,0
2022-06-29,2.702810426566505,0
2022-06-30,2.702810426566505,0
2022-07-01,2.7001076161399387,0
2022-07-04,2.822590493784743,1
2022-07-05,2.771403619545123,1
2022-07-06,2.7586069009852183,1
2022-07-07,2.7403258744710683,1
2022-07-08,2.7823722354536136,1
2022-07-11,2.7896846460592735,1
2022-07-12,2.7384977718196537,1
2022-07-13,2.7183886426540886,1
2022-07-14,2.7951689540135183,1
2022-07-15,2.8573244441616286,1
2022-07-18,2.862808752115874,1
2022-07-19,2.8774335733271936,1
2022-07-20,2.904855113098418,1
2022-07-21,2.8262466990875734,1
2022-07-22,2.8006532619677635,1
2022-07-25,2.9322766528696427,1
2022-07-26,2.882917881281438,1
2022-07-27,2.963354397943698,1
2022-07-28,2.943245268778133,1
2022-07-29,2.9523857820352073,1
2022-08-01,2.8891060087564777,1
2022-08-02,2.8891060087564777,0
2022-08-03,2.8891060087564777,0
2022-08-04,2.8891060087564777,0
2022-08-05,2.8891060087564777,0
2022-08-08,2.8891060087564777,0
2022-08-09,2.8891060087564777,0
2022-08-10,2.8891060087564777,0
2022-08-11,2.8891060087564777,0
2022-08-12,2.8891060087564777,0
2022-08-15,2.8891060087564777,0
2022-08-16,2.8891060087564777,0
2022-08-17,2.8891060087564777,0
2022-08-18,2.8891060087564777,0
2022-08-19,2.8891060087564777,0
2022-08-22,2.8891060087564777,0
2022-08-23,2.8891060087564777,0
2022-08-24,2.8891060087564777,0
2022-08-25,2.8891060087564777,0
2022-08-26,2.8891060087564777,0
2022-08-29,2.8891060087564777,0
2022-08-30,2.8891060087564777,0
2022-08-31,2.8891060087564777,0
2022-09-01,2.886216902747721,0
2022-09-02,2.872881224310409,9
2022-09-05,2.879965957609469,9
2022-09-06,2.941371601512334,9
2022-09-07,2.960904618879923,9
2022-09-08,2.922225670010772,9
2022-09-09,2.91807374415948,9
2022-09-13,2.920016710003683,9
2022-09-14,2.881343710321021,9
2022-09-15,2.8146613220725296,9
2022-09-16,2.747245936807475,9
2022-09-19,2.749732018340539,9
2022-09-20,2.796935761509412,9
2022-09-21,2.816811809569551,9
2022-09-22,2.8478058358208007,9
2022-09-23,2.7759504917533966,9
2022-09-26,2.6925704084970667,9
2022-09-27,2.7397639910557823,9
2022-09-28,2.674583707015122,9
2022-09-29,2.7244607886273964,9
2022-09-30,2.7035300285656243,9
2022-10-10,2.659143759994729,9
2022-10-11,2.672473809799982,13
2022-10-12,2.7185684843002242,13
2022-10-13,2.7211420483333453,13
2022-10-14,2.7804714988464125,13
2022-10-17,2.8075958816891617,13
2022-10-18,2.8016313468424667,13
2022-10-19,2.775881439164264,13
2022-10-20,2.759475585332607,13
2022-10-21,2.738857518126564,13
2022-10-24,2.6914377733871104,13
2022-10-25,2.6652074319245727,13
2022-10-26,2.7110895135125457,13
2022-10-27,2.721628031677967,13
2022-10-28,2.643393687380278,13
2022-10-31,2.610253820814176,13
2022-11-01,2.6569318654242835,13
2022-11-02,2.6967200541107714,20
2022-11-03,2.695575185152527,20
2022-11-04,2.7626773552946644,20
2022-11-07,2.7811259071227052,20
2022-11-08,2.760188677024048,20
2022-11-09,2.7675724673307838,20
2022-11-10,2.747105645255552,20
2022-11-11,2.7505381574567296,20
2022-11-14,2.758349951921962,20
2022-11-15,2.8103990084142345,20
2022-11-16,2.792194809979988,20
2022-11-17,2.808070717119013,20
2022-11-18,2.8020343385063042,20
2022-11-21,2.823767699194671,20
2022-11-22,2.7744500698874703,20
2022-11-23,2.73050410663857,20
2022-11-24,2.7554903782012743,20
2022-11-25,2.726236818630923,20
2022-11-28,2.6988513295969674,20
2022-11-29,2.7666872219487115,20
2022-11-30,2.754508033684284,20
2022-12-01,2.757412026049522,20
2022-12-02,2.7617713356904896,20
2022-12-05,2.772350491261984,20
2022-12-06,2.7534619587646696,20
2022-12-07,2.76038001903355,20
2022-12-08,2.7573017053261113,20
2022-12-09,2.7689537015671077,20
2022-12-12,2.7750500944738525,20
2022-12-13,2.750201737669836,20
2022-12-14,2.7226103284890173,20
2022-12-15,2.7367259157549024,20
2022-12-16,2.708726228240271,20
2022-12-19,2.637552327083484,20
2022-12-20,2.635070480506618,20
2022-12-21,2.6213198090053207,20
2022-12-22,2.5796637529661313,20
2022-12-23,2.5679036945446585,20
2022-12-26,2.5833291440807646,20
2022-12-27,2.590824308155969,20
2022-12-28,2.556209890329889,20
2022-12-29,2.5640952275672406,20
2022-12-30,2.5767724404480457,20
2023-01-03,2.6281371283768724,20
2023-01-04,2.664044890600833,20
2023-01-05,2.6728889413424937,20
2023-01-06,2.6921075793771307,20
2023-01-09,2.715381405935096,20
2023-01-10,2.710757112135768,20
2023-01-11,2.6880744619136774,20
2023-01-12,2.7087865610487962,20
2023-01-13,2.718080191880222,20
2023-01-16,2.7424606615283706,20
2023-01-17,2.747652278175129,20
2023-01-18,2.73266948157285,20
2023-01-19,2.7433063528994306,20
2023-01-20,2.770311949559388,20
2023-01-30,2.7978464204919473,20
2023-01-31,2.81233673533477,20
2023-02-01,2.848308267405975,20
2023-02-02,2.8438759907196483,20
2023-02-03,2.834247964557504,20
2023-02-06,2.847501811605175,20
2023-02-07,2.855028600834469,20
2023-02-08,2.8374051851745317,20
2023-02-09,2.8852711798863617,20
2023-02-10,2.879304389642492,20
2023-02-13,2.9099655391761123,20
2023-02-14,2.960954737213728,20
2023-02-15,2.9562562118090274,20
2023-02-16,2.895130511075786,20
2023-02-17,2.8885828325532006,20
2023-02-20,2.9495853058067447,20
2023-02-21,2.9858000696977816,20
2023-02-22,2.998761316915153,20
2023-02-23,2.986507911536583,20
2023-02-24,2.968338666645891,20
2023-02-27,2.937966909404901,20
2023-02-28,2.9587947602405977,20
2023-03-01,2.9789113536151888,20
2023-03-02,2.976486526950571,20
2023-03-03,2.966616091133597,20
2023-03-06,2.971635183398124,20
2023-03-07,2.9133704031524483,20
2023-03-08,2.934807166645343,20
2023-03-09,2.9378468272391096,20
2023-03-10,2.895286906745516,20
2023-03-13,2.9071990833787082,20
2023-03-14,2.8635019869287164,20
2023-03-15,2.914755362062573,20
2023-03-16,2.870915694497539,20
2023-03-17,2.8634387004490054,20
2023-03-20,2.857856353765829,20
2023-03-21,2.8973643137723064,20
2023-03-22,2.9114162211434027,20
2023-03-23,2.9121236071644936,20
2023-03-24,2.910734047146373,20
2023-03-27,2.9075698256453517,20
2023-03-28,2.9050114701065426,20
2023-03-29,2.8881578889735757,20
2023-03-30,2.8881951875356124,20
2023-03-31,2.897398609313819,20
2023-04-03,2.9024132072108513,20
2023-04-04,2.878077247761902,20
2023-04-06,2.877318657343447,20
2023-04-07,2.9051951623368195,20
2023-04-10,2.8688142570326103,20
2023-04-11,2.8634354682553638,20
2023-04-12,2.8790511448366716,20
2023-04-13,2.8636428821746147,20
2023-04-14,2.868510683065735,20
2023-04-17,2.889140165329759,20
2023-04-18,2.88320442359405,20
2023-04-19,2.8684460649885786,20
2023-04-20,2.8390300170773215,20
2023-04-21,2.7849516415264635,20
2023-04-24,2.7642274988217617,20
2023-04-25,2.707706325885292,20
2023-04-26,2.713422859135809,20
2023-04-27,2.7436374605240106,20
2023-04-28,2.782682851034085,20
2023-05-04,2.7877187607426444,20
2023-05-05,2.7385237237883624,1
2023-05-08,2.7166592629197925,1
2023-05-09,2.6893286868340804,1
2023-05-10,2.6674642259655106,1
2023-05-11,2.730324550962649,1
2023-05-12,2.648332822705512,1
2023-05-15,2.743989839005505,1
2023-05-16,2.68659562922551,1
2023-05-17,2.675663398791225,1
2023-05-18,2.6811295140083677,1
2023-05-19,2.738523723788363,1
2023-05-22,2.787718760742645,1
2023-05-23,2.743989839005505,1
2023-05-24,2.7330576085712206,1
2023-05-25,2.722125378136936,1
2023-05-26,2.746722896614077,1
2023-05-29,2.702993974876937,1
2023-05-30,2.6920617444426522,1
2023-05-31,2.6483328227055125,1
2023-06-01,2.7659390246599407,1
2023-06-02,2.9188438473459786,1
2023-06-05,3.131818421801532,1
2023-06-06,2.9652613828042402,1
2023-06-07,2.9570700530174885,1
2023-06-08,2.8669654253632157,1
2023-06-09,2.839660992740709,1
2023-06-12,2.9106525175592264,1
2023-06-13,2.9488787232307363,1
2023-06-14,2.8833480849367197,1
2023-06-15,2.8833480849367197,1
2023-06-16,2.880617641674469,1
2023-06-19,2.8505827657897114,1
2023-06-20,2.921574290608229,1
2023-06-21,2.9270351771327308,1
2023-06-26,3.0171398047870035,1
2023-06-27,3.0499051239340114,1
2023-06-28,3.000757145213499,1
2023-06-29,3.011678918262502,1
2023-06-30,3.049905123934012,1
2023-07-03,3.052316105334579,1
2023-07-04,3.060499258431991,1
2023-07-05,3.025038928343206,1
2023-07-06,3.0059449044492452,1
2023-07-07,2.9759400097587356,1
2023-07-10,2.9868508805552847,1
2023-07-11,3.0414052345380296,1
2023-07-12,2.965029138962186,1
2023-07-13,2.995034033652696,1
2023-07-14,3.022311210644068,1
2023-07-17,2.997761751351833,1
2023-07-18,3.0386775168388915,1
2023-07-19,3.0386775168388915,1
2023-07-20,2.9677568566613233,1
2023-07-21,2.954118268165637,1
2023-07-24,2.9159302203777155,1
2023-07-25,2.9841231628561466,1
2023-07-26,2.9377519619708132,1
2023-07-27,2.913202502678578,1
2023-07-28,2.9295688088734018,1
2023-07-31,2.9595737035639114,1
2023-08-01,2.975708153754309,1
2023-08-02,2.9266580193517653,1
2023-08-03,2.932108034285381,1
2023-08-04,2.937558049218997,1
2023-08-07,2.9075829670841093,1
2023-08-08,2.8476328028143336,1
2023-08-09,2.850357810281142,1
2023-08-10,2.8748828774824133,1
2023-08-11,2.8421827878807173,1
2023-08-14,2.8449077953475252,1
2023-08-15,2.869432862548797,1
2023-08-16,2.8421827878807173,1
2023-08-17,2.918482996951341,1
2023-08-18,2.9293830268185728,1
2023-08-21,2.893957929750069,1
2023-08-22,2.9075829670841093,1
2023-08-23,2.918482996951342,1
2023-08-24,2.986608183621541,1
2023-08-25,2.953908094019845,1
2023-08-28,2.9648081238870776,1
2023-08-29,3.035658318024085,1
2023-08-30,3.2018837734993713,1
2023-08-31,3.1991587660325633,1
2023-09-01,3.389435137409897,1
2023-09-04,3.446606332498739,1
2023-09-05,3.3322639423210556,1
2023-09-06,3.288704936539081,1
2023-09-07,3.2070318006978784,1
2023-09-08,3.2015869249751314,1
2023-09-11,3.223366427866119,1
2023-09-12,3.207031800697878,1
2023-09-13,3.182529859945517,1
2023-09-14,3.182529859945517,1
2023-09-15,3.1988644871137577,1
2023-09-18,3.2260888657274918,1
2023-09-19,3.2288113035888655,1
2023-09-20,3.2288113035888655,1
2023-09-21,3.198864487113758,1
2023-09-22,3.198864487113758,1
2023-09-25,3.163472794915904,1
2023-09-26,3.1661952327772775,1
2023-09-27,3.196142049252385,1
2023-09-28,3.332263942321055,1
2023-10-09,3.3153194890718667,1
2023-10-10,3.2582056996785043,1
2023-10-11,3.2310086571102365,1
2023-10-12,3.279963333733119,1
2023-10-13,3.206531318798795,1
2023-10-16,3.1738948677168732,1
2023-10-17,3.1929327975146613,1
2023-10-18,2.872007695209099,1
2023-10-19,2.872007695209099,1
2023-10-20,2.8121742015589093,1
2023-10-23,2.6462722418924747,1
2023-10-24,2.7251436653404517,1
2023-10-25,2.7632195249360274,1
2023-10-26,2.7876968632474686,1
2023-10-27,2.8284924270998704,1
2023-10-30,2.855689469668138,1
2023-10-31,2.8910456250068863,1
2023-11-01,2.9017531006660136,1
2023-11-02,2.878518958600955,15
2023-11-03,2.9036765677754617,15
2023-11-06,2.9315952048499274,15
2023-11-07,2.918558216328992,15
2023-11-08,2.909801852497391,15
2023-11-09,2.9224140987814904,15
2023-11-10,2.9148380901971733,15
2023-11-13,2.913347088488643,15
2023-11-14,2.911403183698814,15
2023-11-15,2.93985893793167,15
2023-11-16,2.907665530471709,15
2023-11-17,2.926994787818553,15
2023-11-20,2.936904830359897,15
2023-11-21,2.9349616550888062,15
2023-11-22,2.9158239149412455,15
2023-11-23,2.961057835874906,15
2023-11-24,2.9448800872958922,15
2023-11-27,2.949402639399733,15
2023-11-28,2.965881031042176,15
2023-11-29,2.965867759152586,15
2023-11-30,2.955918507728386,15
2023-12-01,2.934218312345453,15
2023-12-04,2.9182340861031952,13
2023-12-05,2.871439258984089,13
2023-12-06,2.882018263196209,13
2023-12-07,2.8675414115115325,13
2023-12-08,2.8275693563878024,13
2023-12-11,2.8608426528267517,13
2023-12-12,2.883189947681366,13
2023-12-13,2.8540236931703546,13
2023-12-14,2.8524544727402263,13
2023-12-15,2.8461746666698895,13
2023-12-18,2.8262883017760503,13
2023-12-19,2.831900555365263,13
2023-12-20,2.804739340295624,13
2023-12-21,2.821343975806777,13
2023-12-22,2.8077625067280736,13
2023-12-25,2.8192343912294087,13
2023-12-26,2.8075201447196645,13
2023-12-27,2.8123810623019927,13
2023-12-28,2.8495399372539785,13
2023-12-29,2.8734918585760036,13
2024-01-02,2.889247760270352,13
2024-01-03,2.90424562888337,12
2024-01-04,2.9053416520773965,12
2024-01-05,2.8877827483386964,12
2024-01-08,2.8361341855037674,12
2024-01-09,2.8578918990546245,12
2024-01-10,2.857618284230093,12
2024-01-11,2.8700677754357318,12
2024-01-12,2.8860553378123885,12
2024-01-15,2.9149859068629738,12
2024-01-16,2.9109931510751506,12
2024-01-17,2.87302764947685,12
2024-01-18,2.848550477462056,12
2024-01-19,2.829696786562259,12
2024-01-22,2.6811784501926796,12
2024-01-23,2.7027410629661626,12
2024-01-24,2.7549313074151014,12
2024-01-25,2.832060856994208,12
2024-01-26,2.8221802271607666,12
2024-01-29,2.8353080728727695,12
2024-01-30,2.7508324140033884,12
2024-01-31,2.7198050703558083,12
2024-02-01,2.7114009813085533,12
2024-02-02,2.6505418301067283,20
2024-02-05,2.57890423004595,20
2024-02-06,2.707172299439986,20
2024-02-07,2.7927915255880094,20
2024-02-08,2.896553873086777,20
2024-02-19,2.916380582420521,20
2024-02-20,2.9293804894645206,20
2024-02-21,2.9552113837484932,20
2024-02-22,2.975405293978583,20
2024-02-23,2.9994505712958595,20
2024-02-26,3.0286967424263533,20
2024-02-27,3.0704159052800426,20
2024-02-28,2.9806755588303897,20
2024-02-29,3.062039347409983,20
2024-03-01,3.0638487611349903,20
2024-03-04,3.084369098893284,14
2024-03-05,3.0701993985087976,14
2024-03-06,3.0633768266945993,14
2024-03-07,3.0517708763669993,14
2024-03-08,3.084575261432775,14
2024-03-11,3.1118114761986098,14
2024-03-12,3.1568397515365434,14
2024-03-13,3.159636778819383,14
2024-03-14,3.1557209213898085,14
2024-03-15,3.1720506216370867,14
2024-03-18,3.225491493250186,14
2024-03-19,3.1990068582540667,14
2024-03-20,3.216199011323739,14
2024-03-21,3.2129185399473292,14
2024-03-22,3.1608679575816176,14
2024-03-25,3.1340441513216564,14
2024-03-26,3.1485714056948457,14
2024-03-27,3.1048348283726788,14
2024-03-28,3.1310803289464957,14
2024-03-29,3.1881622275369166,14
2024-04-01,3.2629889736216793,14
2024-04-02,3.260536007781987,14
2024-04-03,3.262730415160679,14
2024-04-08,3.2179271993241514,14
2024-04-09,3.255690082363802,14
2024-04-10,3.2150574795411586,14
2024-04-11,3.232259283501904,14
2024-04-12,3.231759729725915,14
2024-04-15,3.269800335737151,14
2024-04-16,3.2194151740690113,14
2024-04-17,3.3245075809641564,14
2024-04-18,3.329968088649508,14
2024-04-19,3.3429585308881897,14
2024-04-22,3.3229085022462517,14
2024-04-23,3.26182819071893,14
2024-04-24,3.285013236049462,14
2024-04-25,3.306709520791489,14
2024-04-26,3.311780370944928,14
2024-04-29,3.335562926074041,14
2024-04-30,3.3084886433381153,14
2024-05-06,3.368638904875547,14
2024-05-07,3.368638904875547,0
2024-05-08,3.368638904875547,0
2024-05-09,3.368638904875547,0
2024-05-10,3.368638904875547,0
2024-05-13,3.368638904875547,0
2024-05-14,3.368638904875547,0
2024-05-15,3.368638904875547,0
2024-05-16,3.368638904875547,0
2024-05-17,3.368638904875547,0
2024-05-20,3.368638904875547,0
2024-05-21,3.368638904875547,0
2024-05-22,3.368638904875547,0
2024-05-23,3.368638904875547,0
2024-05-24,3.368638904875547,0
2024-05-27,3.368638904875547,0
2024-05-28,3.368638904875547,0
2024-05-29,3.368638904875547,0
2024-05-30,3.368638904875547,0
2024-05-31,3.368638904875547,0
2024-06-03,3.3652702659706715,0
2024-06-04,3.3652702659706715,0
2024-06-05,3.3652702659706715,0
2024-06-06,3.3652702659706715,0
2024-06-07,3.3652702659706715,0
2024-06-11,3.3652702659706715,0
2024-06-12,3.3652702659706715,0
2024-06-13,3.3652702659706715,0
2024-06-14,3.3652702659706715,0
2024-06-17,3.3652702659706715,0
2024-06-18,3.3652702659706715,0
2024-06-19,3.3652702659706715,0
2024-06-20,3.3652702659706715,0
2024-06-21,3.3652702659706715,0
2024-06-24,3.3652702659706715,0
2024-06-25,3.3652702659706715,0
2024-06-26,3.3652702659706715,0
2024-06-27,3.3652702659706715,0
2024-06-28,3.3652702659706715,0
2024-07-01,3.361904995704701,0
2024-07-02,3.361904995704701,0
2024-07-03,3.361904995704701,0
2024-07-04,3.361904995704701,0
2024-07-05,3.361904995704701,0
2024-07-08,3.361904995704701,0
2024-07-09,3.361904995704701,0
2024-07-10,3.361904995704701,0
2024-07-11,3.361904995704701,0
2024-07-12,3.361904995704701,0
2024-07-15,3.361904995704701,0
2024-07-16,3.361904995704701,0
2024-07-17,3.361904995704701,0
2024-07-18,3.361904995704701,0
2024-07-19,3.361904995704701,0
2024-07-22,3.361904995704701,0
2024-07-23,3.361904995704701,0
2024-07-24,3.361904995704701,0
2024-07-25,3.361904995704701,0
2024-07-26,3.361904995704701,0
2024-07-29,3.361904995704701,0
2024-07-30,3.361904995704701,0
2024-07-31,3.361904995704701,0
2024-08-01,3.3585430907089964,0
2024-08-02,3.3585430907089964,0
2024-08-05,3.3585430907089964,0
2024-08-06,3.3585430907089964,0
2024-08-07,3.3585430907089964,0
2024-08-08,3.3585430907089964,0
2024-08-09,3.3585430907089964,0
2024-08-12,3.3585430907089964,0
2024-08-13,3.3585430907089964,0
2024-08-14,3.3585430907089964,0
2024-08-15,3.3585430907089964,0
2024-08-16,3.3585430907089964,0
2024-08-19,3.3585430907089964,0
2024-08-20,3.3585430907089964,0
2024-08-21,3.3585430907089964,0
2024-08-22,3.3585430907089964,0
2024-08-23,3.3585430907089964,0
2024-08-26,3.3585430907089964,0
2024-08-27,3.3585430907089964,0
2024-08-28,3.3585430907089964,0
2024-08-29,3.3585430907089964,0
2024-08-30,3.3585430907089964,0
2024-09-02,3.3551845476182875,0
2024-09-03,3.3551845476182875,0
2024-09-04,3.3551845476182875,0
2024-09-05,3.3551845476182875,0
2024-09-06,3.3551845476182875,0
2024-09-09,3.3551845476182875,0
2024-09-10,3.3551845476182875,0
2024-09-11,3.3551845476182875,0
2024-09-12,3.3551845476182875,0
2024-09-13,3.3551845476182875,0
2024-09-18,3.3551845476182875,0
2024-09-19,3.3551845476182875,0
2024-09-20,3.3551845476182875,0
2024-09-23,3.3551845476182875,0
2024-09-24,3.3551845476182875,0
2024-09-25,3.3551845476182875,0
2024-09-26,3.3551845476182875,0
2024-09-27,3.3551845476182875,0
2024-09-30,3.3551845476182875,0
2024-10-08,3.3518293630706695,0
2024-10-09,3.3518293630706695,0
2024-10-10,3.3518293630706695,0
2024-10-11,3.3518293630706695,0
2024-10-14,3.3518293630706695,0
2024-10-15,3.3518293630706695,0
2024-10-16,3.3518293630706695,0
2024-10-17,3.3518293630706695,0
2024-10-18,3.3518293630706695,0
2024-10-21,3.3518293630706695,0
2024-10-22,3.3518293630706695,0
2024-10-23,3.3518293630706695,0
2024-10-24,3.3518293630706695,0
2024-10-25,3.3518293630706695,0
2024-10-28,3.3518293630706695,0
2024-10-29,3.3518293630706695,0
2024-10-30,3.3518293630706695,0
2024-10-31,3.3518293630706695,0
2024-11-01,3.348477533707599,0
2024-11-04,3.3897428257775184,8
2024-11-05,3.4519752653384184,8
2024-11-06,3.5307224980152876,8
2024-11-07,3.594463164656572,8
2024-11-08,3.6063469604902902,8
2024-11-11,3.651149346763777,8
2024-11-12,3.5973467756405446,8
2024-11-13,3.578619543193404,8
2024-11-14,3.4987330371489347,8
2024-11-15,3.412731879916946,8
2024-11-18,3.323176203012912,8
2024-11-19,3.4009448571941094,8
2024-11-20,3.4350258199740966,8
2024-11-21,3.428211367144977,8
2024-11-22,3.3062709409616513,8
2024-11-25,3.373362740485197,8
2024-11-26,3.3552912754376067,8
2024-11-27,3.3803512441347143,8
2024-11-28,3.337747401879456,8
2024-11-29,3.4001223121227078,8
2024-12-02,3.427434597309632,8
2024-12-03,3.4396791410389573,8
2024-12-04,3.417617075034531,8
2024-12-05,3.433890647043891,8
2024-12-06,3.463134797924812,8
2024-12-09,3.457248452622293,8
2024-12-10,3.4840793741180573,8
2024-12-11,3.5009634950357724,8
2024-12-12,3.537648167929491,8
2024-12-13,3.4641310640299383,8
2024-12-16,3.476461785451294,8
2024-12-17,3.4517223877505283,8
2024-12-18,3.4398203369308673,8
2024-12-19,3.421944403258017,8
2024-12-20,3.4871006443298502,8
2024-12-23,3.4503991282442397,8
2024-12-24,3.4981558759813964,8
2024-12-25,3.4441799956987458,8
2024-12-26,3.459375097697786,8
2024-12-27,3.461465417738785,8
2024-12-30,3.438182940111031,8
2024-12-31,3.3869023626994514,8
2025-01-02,3.335422559230467,8
2025-01-03,3.2688734812062505,10
2025-01-06,3.2709522711099392,10
2025-01-07,3.290759851467929,10
2025-01-08,3.2598926680457843,10
2025-01-09,3.231581239010042,10
2025-01-10,3.1615130191294756,10
2025-01-13,3.1448543212589994,10
2025-01-14,3.2625542989332956,10
2025-01-15,3.240805111001682,10
2025-01-16,3.2479181825331556,10
2025-01-17,3.2975515584134794,10
2025-01-20,3.311088240218342,10
2025-01-21,3.303733467341953,10
2025-01-22,3.267023275611595,10
2025-01-23,3.262337813032419,10
2025-01-24,3.272881068279747,10
2025-01-27,3.292345255185472,10
2025-02-05,3.2495552652255113,10
2025-02-06,3.2747166202747398,9
2025-02-07,3.287639783430053,9
2025-02-10,3.3003957685975807,9
2025-02-11,3.3078550035205336,9
2025-02-12,3.2963557985944543,9
2025-02-13,3.2698794465778382,9
2025-02-14,3.3011034681098073,9
2025-02-17,3.338012853000169,9
2025-02-18,3.2826816809737527,9
2025-02-19,3.2975790256319706,9
2025-02-20,3.30749737150832,9
2025-02-21,3.295556517366915,9
2025-02-24,3.311966971660502,9
2025-02-25,3.27165156039314,9
2025-02-26,3.3016727129817016,9
2025-02-27,3.3270258346849197,9
2025-02-28,3.2662480490358328,9
2025-03-03,3.285414330926812,9
2025-03-04,3.2986021350573433,8
2025-03-05,3.26570499596177,8
2025-03-06,3.305648765261333,8
2025-03-07,3.277231142003585,8
2025-03-10,3.337364528409906,8
2025-03-11,3.344665421167384,8
2025-03-12,3.336553195086544,8
2025-03-13,3.3361141240724677,8
2025-03-14,3.414324993625358,8
2025-03-17,3.4209598191925923,8
2025-03-18,3.437538548334297,8
2025-03-19,3.435146678263963,8
2025-03-20,3.3979284430127854,8
2025-03-21,3.37128224111738,8
2025-03-24,3.394626359773746,8
2025-03-25,3.3983945472821087,8
2025-03-26,3.3984993761163924,8
2025-03-27,3.4390154519483462,8
2025-03-28,3.4402311986835956,8
2025-03-31,3.3933204859840385,8
2025-04-01,3.457926786775614,8
2025-04-02,3.4489898293258663,6
2025-04-03,3.48674052018521,6
2025-04-07,3.274915901362278,6
2025-04-08,3.4044302034929337,6
2025-04-09,3.466790541304152,6
2025-04-10,3.584321853568251,6
2025-04-11,3.4730844433225956,6
2025-04-14,3.504178252638929,6
2025-04-15,3.5213212298959307,6
2025-04-16,3.4593848224488877,6
2025-04-17,3.5090411427967863,6
2025-04-18,3.471151899875884,6
2025-04-21,3.5140586424380036,6
2025-04-22,3.5897065086915503,6
2025-04-23,3.5483796911809082,6
2025-04-24,3.5934441779657695,6
2025-04-25,3.589349089981035,6
2025-04-28,3.4659468989208806,6
2025-04-29,3.5170508345271214,6
2025-04-30,3.4960320484955307,6
2025-05-06,3.552441751786111,6
2025-05-07,3.552441751786111,0
2025-05-08,3.552441751786111,0
2025-05-09,3.552441751786111,0
2025-05-12,3.552441751786111,0
2025-05-13,3.552441751786111,0
2025-05-14,3.552441751786111,0
2025-05-15,3.552441751786111,0
2025-05-16,3.552441751786111,0
2025-05-19,3.552441751786111,0
2025-05-20,3.552441751786111,0
2025-05-21,3.552441751786111,0
2025-05-22,3.552441751786111,0
2025-05-23,3.552441751786111,0
2025-05-26,3.552441751786111,0
2025-05-27,3.552441751786111,0
2025-05-28,3.552441751786111,0
2025-05-29,3.552441751786111,0
2025-05-30,3.552441751786111,0
2025-06-03,3.548889310034325,0
2025-06-04,3.548889310034325,0
2025-06-05,3.548889310034325,0
2025-06-06,3.548889310034325,0
2025-06-09,3.548889310034325,0
2025-06-10,3.548889310034325,0
2025-06-11,3.548889310034325,0
2025-06-12,3.548889310034325,0
2025-06-13,3.548889310034325,0
2025-06-16,3.548889310034325,0
2025-06-17,3.548889310034325,0
2025-06-18,3.548889310034325,0
2025-06-19,3.548889310034325,0
2025-06-20,3.548889310034325,0
2025-06-23,3.548889310034325,0
2025-06-24,3.548889310034325,0
2025-06-25,3.548889310034325,0
2025-06-26,3.548889310034325,0
2025-06-27,3.548889310034325,0
2025-06-30,3.548889310034325,0
2025-07-01,3.5453404207242905,0
2025-07-02,3.5453404207242905,0
2025-07-03,3.5453404207242905,0
2025-07-04,3.5453404207242905,0
2025-07-07,3.5453404207242905,0
2025-07-08,3.5453404207242905,0
2025-07-09,3.5453404207242905,0
2025-07-10,3.5453404207242905,0
2025-07-11,3.5453404207242905,0
2025-07-14,3.5453404207242905,0
2025-07-15,3.5453404207242905,0
2025-07-16,3.5453404207242905,0
2025-07-17,3.5453404207242905,0
2025-07-18,3.5453404207242905,0
2025-07-21,3.5453404207242905,0
2025-07-22,3.5453404207242905,0
2025-07-23,3.5453404207242905,0
2025-07-24,3.5453404207242905,0
2025-07-25,3.5453404207242905,0
2025-07-28,3.5453404207242905,0
2025-07-29,3.5453404207242905,0
2025-07-30,3.5453404207242905,0
2025-07-31,3.5453404207242905,0
2025-08-01,3.541795080303566,0
2025-08-04,3.541795080303566,0
2025-08-05,3.541795080303566,0
2025-08-06,3.541795080303566,0
2025-08-07,3.541795080303566,0
2025-08-08,3.541795080303566,0
2025-08-11,3.541795080303566,0
2025-08-12,3.541795080303566,0
2025-08-13,3.541795080303566,0
2025-08-14,3.541795080303566,0
2025-08-15,3.541795080303566,0
2025-08-18,3.541795080303566,0
2025-08-19,3.541795080303566,0
2025-08-20,3.541795080303566,0
2025-08-21,3.541795080303566,0
2025-08-22,3.541795080303566,0
2025-08-25,3.541795080303566,0
2025-08-26,3.541795080303566,0
2025-08-27,3.541795080303566,0
2025-08-28,3.541795080303566,0
2025-08-29,3.541795080303566,0
2025-09-01,3.5382532852232624,0
2025-09-02,3.5382532852232624,0
2025-09-03,3.5382532852232624,0
2025-09-04,3.5382532852232624,0
2025-09-05,3.5382532852232624,0
2025-09-08,3.5382532852232624,0
2025-09-09,3.5382532852232624,0
2025-09-10,3.5382532852232624,0
2025-09-11,3.5382532852232624,0
2025-09-12,3.5382532852232624,0
2025-09-15,3.5382532852232624,0
2025-09-16,3.5382532852232624,0
2025-09-17,3.5382532852232624,0
2025-09-18,3.5382532852232624,0
2025-09-19,3.5382532852232624,0
2025-09-22,3.5382532852232624,0
2025-09-23,3.5382532852232624,0
2025-09-24,3.5382532852232624,0
2025-09-25,3.5382532852232624,0
2025-09-26,3.5382532852232624,0
2025-09-29,3.5382532852232624,0
2025-09-30,3.5382532852232624,0
2025-10-09,3.534715031938039,0
2025-10-10,3.534715031938039,0
2025-10-13,3.534715031938039,0
2025-10-14,3.534715031938039,0
2025-10-15,3.534715031938039,0
2025-10-16,3.534715031938039,0
2025-10-17,3.534715031938039,0
2025-10-20,3.534715031938039,0
2025-10-21,3.534715031938039,0
2025-10-22,3.534715031938039,0
2025-10-23,3.534715031938039,0
2025-10-24,3.534715031938039,0
2025-10-27,3.534715031938039,0
2025-10-28,3.534715031938039,0
2025-10-29,3.534715031938039,0
2025-10-30,3.534715031938039,0
2025-10-31,3.534715031938039,0
2025-11-03,3.531180316906101,0
2025-11-04,3.5098034760073893,6
2025-11-05,3.5262605748234477,6
2025-11-06,3.5913293471834296,6
2025-11-07,3.652238533559902,6
2025-11-10,3.6766784565754196,6
2025-11-11,3.637713791209416,6
2025-11-12,3.630272065580895,6
2025-11-13,3.670556157493049,6
2025-11-14,3.635919815810542,6
2025-11-17,3.621894939246853,6
2025-11-18,3.6009856083781635,6
2025-11-19,3.566330811419454,6
2025-11-20,3.563233052693181,6
2025-11-21,3.474545959071779,6
2025-11-24,3.4714801916082365,6
2025-11-25,3.4904952522095885,6
2025-11-26,3.478745910615068,6
2025-11-27,3.4772169732440514,6
2025-11-28,3.491255218142767,6
2025-12-01,3.4977917014027136,6
2025-12-02,3.488393311753076,6
2025-12-03,3.4791550725829405,6
2025-12-04,3.4613340340183907,6
2025-12-05,3.493206904284717,6
2025-12-08,3.4592851260196116,6
2025-12-09,3.4214402734282583,6
2025-12-10,3.4556686171404936,6
2025-12-11,3.443003460060468,6
2025-12-12,3.4472571176057825,6
2025-12-15,3.450262255673137,6
2025-12-16,3.414410533661377,6
2025-12-17,3.4635531002605577,6
2025-12-18,3.468130668339236,6
2025-12-19,3.5057506018880087,6
2025-12-22,3.4834539587941715,6
2025-12-23,3.471373122381871,6
2025-12-24,3.4771355541834894,6
2025-12-25,3.503760763990792,6
2025-12-26,3.521291074492898,6
2025-12-29,3.487523265740718,6
2025-12-30,3.496572247711946,6
2025-12-31,3.5030357967247285,6
2026-01-05,3.5153844999091644,6
2026-01-06,3.5475834053787905,6
2026-01-07,3.5105637429458665,6
2026-01-08,3.5395349891485903,6
2026-01-09,3.5684713515800484,6
2026-01-12,3.5741198444755793,6
2026-01-13,3.557737752988462,6
2026-01-14,3.5245008825585034,6
2026-01-15,3.552873209005468,6
2026-01-16,3.513822457879297,6
2026-01-19,3.5715070079065416,6
2026-01-20,3.639572512943048,6
2026-01-21,3.6191004978649337,6
2026-01-22,3.685402083920215,6
2026-01-23,3.694551574536925,6
2026-01-26,3.7379344760694284,6
2026-01-27,3.7329537719690946,6
2026-01-28,3.7987729833724626,6
2026-01-29,3.8647734248025594,6
2026-01-30,3.8548563235730176,6
2026-02-02,3.6808776640640826,6
2026-02-03,3.7326621037404504,4
2026-02-04,3.740562878245499,4
2026-02-05,3.749135908206787,4
2026-02-06,3.763180841016415,4
2026-02-09,3.7730623478499314,4
2026-02-10,3.777006038813168,4
2026-02-11,3.7966176157356073,4
2026-02-12,3.7831720167029768,4
2026-02-13,3.7394341990948208,4
2026-02-24,3.8477708301076676,4
2026-02-25,3.8935131634112206,4
2026-02-26,3.8763620887403296,4
2026-02-27,3.895877709487141,4
2026-03-02,3.859069026556828,4
2026-03-03,3.795949234249831,4
2026-03-04,3.7564444433673763,4
2026-03-05,3.749682017113596,4
2026-03-06,3.874828431417073,4
2026-03-09,3.8435799818864798,4
2026-03-10,3.826396622331115,4
2026-03-11,3.945809505254462,4
2026-03-12,3.937210453819012,4
2026-03-13,3.979627283886919,4
2026-03-16,3.9456522878963054,4
2026-03-17,3.9003452144426007,4
2026-03-18,3.878834999442649,4
2026-03-19,3.7484523050241423,4
2026-03-20,3.6679924891210254,4
2026-03-23,3.523747368266709,4
2026-03-24,3.602475443769994,4
2026-03-25,3.63885109244893,4
2026-03-26,3.62591701286553,4
2026-03-27,3.7147482763931348,4
2026-03-30,3.8039946881728857,4
2026-03-31,3.7613786779193465,4
2026-04-01,3.7930298603253614,4
2026-04-02,3.7451254842607185,5
2026-04-03,3.716784452989676,5
2026-04-07,3.7415492239138084,5
2026-04-08,3.8183790230172865,5
2026-04-09,3.7327314377650365,5
2026-04-10,3.80733169691842,5
2026-04-13,3.773042588978164,5
2026-04-14,3.788256086245574,5
2026-04-15,3.8309794841887337,5
2026-04-16,3.8694486125622456,5
2026-04-17,3.8698753371380232,5
2026-04-20,3.92472681831045,5
2026-04-21,3.9013549167896433,5
2026-04-22,3.8416576769243997,5
2026-04-23,3.7911573521285056,5
2026-04-24,3.8050313575563934,5
2026-04-27,3.83711565186077,5
2026-04-28,3.8258934193626417,5
2026-04-29,3.8553805542077395,5
2026-04-30,3.7943059103076417,5
2026-05-06,3.8064510296138327,5
2026-05-07,3.7560344596851727,1
2026-05-08,3.6741075335511,1
2026-05-11,3.645748212966229,1
2026-05-12,3.585878536175945,1
2026-05-13,3.752883424064631,1
2026-05-14,3.655201319827852,1
2026-05-15,3.6205399280018984,1
2026-05-18,3.6236909636224395,1
2026-05-19,3.5921806074170273,1
2026-05-20,3.359003971496975,1
2026-05-21,3.2550197960191136,1
2026-05-22,3.2613218672601962,1
2026-05-25,3.2140563329520773,1
2026-05-26,3.280228080983444,1
2026-05-27,3.374759149599682,1
2026-05-28,3.255019796019114,1
2026-05-29,3.3369467221531868,1
2026-06-01,3.2611359561585846,1
2026-06-02,3.2611359561585846,0
2026-06-03,3.2611359561585846,0
2026-06-04,3.2611359561585846,0
2026-06-05,3.2611359561585846,0
2026-06-08,3.2611359561585846,0
2026-06-09,3.2611359561585846,0
2026-06-10,3.2611359561585846,0
2026-06-11,3.2611359561585846,0
2026-06-12,3.2611359561585846,0
2026-06-15,3.2611359561585846,0
2026-06-16,3.2611359561585846,0
2026-06-17,3.2611359561585846,0
2026-06-18,3.2611359561585846,0
2026-06-22,3.2611359561585846,0
2026-06-23,3.2611359561585846,0
2026-06-24,3.2611359561585846,0
2026-06-25,3.2611359561585846,0
2026-06-26,3.2611359561585846,0
2026-06-29,3.2611359561585846,0
2026-06-30,3.2611359561585846,0
2026-07-01,3.257874820202426,0
2026-07-02,3.28759317660108,1
2026-07-03,3.332170711199061,1
2026-07-06,3.3730334512472098,1
2026-07-07,3.2727339984017534,1
2026-07-08,3.2504452311027627,1
2026-07-09,3.20215290195495,1
2026-07-10,3.28759317660108,1
2026-07-13,3.191008518305455,1
2026-07-14,3.4101813967455272,1
2026-07-15,3.6256394806357677,1
2026-07-16,3.536484411439806,1
2026-07-17,3.45847372589334,1
2026-07-20,3.380463040346873,1
2026-07-21,3.2801635875014163,1
2026-07-22,3.4807624931923296,1
2026-07-23,3.454758931343508,1
2026-07-24,3.3024523548004074,1
2026-07-27,3.350744683948219,1
2026-07-28,3.562487973288628,1
2026-07-29,3.8373827699761764,1
2026-07-30,3.7482277007802147,1
2026-07-31,3.7890904408283634,1
2026-08-03,3.7184350484905644,1
2026-08-04,3.7073020094232274,1
2026-08-05,3.7741002438272497,1
2026-08-06,3.736990113602793,1
2026-08-07,3.736990113602793,0
