date,nav,num_held
2006-01-04,1.0,0
2006-01-05,1.0,0
2006-01-06,1.0,0
2006-01-09,1.0,0
2006-01-10,1.0,0
2006-01-11,1.0,0
2006-01-12,1.0,0
2006-01-13,1.0,0
2006-01-16,1.0,0
2006-01-17,1.0,0
2006-01-18,1.0,0
2006-01-19,1.0,0
2006-01-20,1.0,0
2006-01-23,1.0,0
2006-01-24,1.0,0
2006-01-25,1.0,0
2006-02-06,0.9993125418485803,0
2006-02-07,1.002719746289375,20
2006-02-08,1.0128424047458642,20
2006-02-09,0.9947561509191962,20
2006-02-10,1.0060004147260337,20
2006-02-13,1.0088081710679762,20
2006-02-14,1.0188836231956413,20
2006-02-15,1.0170278298679527,20
2006-02-16,0.988761133786481,20
2006-02-17,0.9865005137711672,20
2006-02-20,0.9799459102481141,20
2006-02-21,0.9893241674680264,20
2006-02-22,0.9922995117058389,20
2006-02-23,1.002074620201292,20
2006-02-24,1.0071980525317898,20
2006-02-27,1.0033760421750089,20
2006-02-28,1.00046339926311,20
2006-03-01,1.0124861716228886,20
2006-03-02,0.990132794907292,20
2006-03-03,0.9905927974589385,20
2006-03-06,0.9909544267078165,20
2006-03-07,0.9642602162385174,20
2006-03-08,0.9564956545813743,20
2006-03-09,0.9585700788121173,20
2006-03-10,0.9583194565980259,20
2006-03-13,0.9696563758676423,20
2006-03-14,0.9685400977406086,20
2006-03-15,0.980408312300956,20
2006-03-16,0.9863097682566059,20
2006-03-17,0.9845931522802771,20
2006-03-20,0.9973688668133137,20
2006-03-21,0.9962203456068519,20
2006-03-22,1.0022817037840357,20
2006-03-23,1.0120576225198137,20
2006-03-24,1.0018257520748164,20
2006-03-27,1.0112669049647633,20
2006-03-28,1.020976547543309,20
2006-03-29,1.0223066027504872,20
2006-03-30,1.0148461456474926,20
2006-03-31,1.0055288210115616,20
2006-04-03,1.0075410748287184,20
2006-04-04,1.0173468429925212,20
2006-04-05,1.0264521577172565,20
2006-04-06,1.021269308375659,20
2006-04-07,1.0427938765065512,20
2006-04-10,1.0721198206603433,20
2006-04-11,1.0799952191475741,20
2006-04-12,1.0846515854367558,20
2006-04-13,1.0589505590172015,20
2006-04-14,1.0782073827949419,20
2006-04-17,1.0946309658245297,20
2006-04-18,1.0919096439876623,20
2006-04-19,1.0871377641814461,20
2006-04-20,1.0831489143088602,20
2006-04-21,1.0901105408392116,20
2006-04-24,1.0464495593063246,20
2006-04-25,1.0312413089000925,20
2006-04-26,1.0475903684099879,20
2006-04-27,1.0506418053777358,20
2006-04-28,1.0670897994152644,20
2006-05-08,1.0771135469664452,20
2006-05-09,1.0865232406482055,20
2006-05-10,1.093081659108145,20
2006-05-11,1.0931789797677904,20
2006-05-12,1.1053749664347086,20
2006-05-15,1.1205994360749538,20
2006-05-16,1.109246627601765,20
2006-05-17,1.1184244412910924,20
2006-05-18,1.1262950047941838,20
2006-05-19,1.1363241299953588,20
2006-05-22,1.1506813020854927,20
2006-05-23,1.1357608548657354,20
2006-05-24,1.1290528123278183,20
2006-05-25,1.138345486821523,20
2006-05-26,1.151110365720974,20
2006-05-29,1.163153547834213,20
2006-05-30,1.1713253634189777,20
2006-05-31,1.1673346216472462,20
2006-06-01,1.1848425529404465,20
2006-06-02,1.1862594746545454,20
2006-06-05,1.1993760247177614,20
2006-06-06,1.197262250992553,20
2006-06-07,1.1686275401668595,20
2006-06-08,1.1652840448617483,20
2006-06-09,1.1543215268509952,20
2006-06-12,1.152371816829456,20
2006-06-13,1.153892975821746,20
2006-06-14,1.1522635108652257,20
2006-06-15,1.1551937130488756,20
2006-06-16,1.164387939335413,20
2006-06-19,1.1685908832694296,20
2006-06-20,1.172748903168875,20
2006-06-21,1.1700233360451318,20
2006-06-22,1.170076396781292,20
2006-06-23,1.1755241757683081,20
2006-06-26,1.1849813950720638,20
2006-06-27,1.1883898403364597,20
2006-06-28,1.190568113261203,20
2006-06-29,1.1967499727799609,20
2006-06-30,1.1948929736410223,20
2006-07-03,1.2002421114729578,20
2006-07-04,1.199197517922925,20
2006-07-05,1.2013874103674573,20
2006-07-06,1.2079956359063826,20
2006-07-07,1.2065100507848239,20
2006-07-10,1.2161649999027029,20
2006-07-11,1.2180237111058512,20
2006-07-12,1.2152848925141941,20
2006-07-13,1.1858084136652212,20
2006-07-14,1.1871770933653747,20
2006-07-17,1.1943954441873383,20
2006-07-18,1.2010901936959106,20
2006-07-19,1.1935078955486884,20
2006-07-20,1.199949570935089,20
2006-07-21,1.200915071781676,20
2006-07-24,1.2042911740797502,20
2006-07-25,1.2073590434184207,20
2006-07-26,1.2095922137358026,20
2006-07-27,1.2043759254109951,20
2006-07-28,1.201952482664885,20
2006-07-31,1.179976328861955,20
2006-08-01,1.1735046519568357,20
2006-08-02,1.1671803368944016,20
2006-08-03,1.1681138990855973,20
2006-08-04,1.1516317180100675,20
2006-08-07,1.1379195954986467,20
2006-08-08,1.152747285445314,20
2006-08-09,1.148072182648982,20
2006-08-10,1.1578251829489676,20
2006-08-11,1.161006603057961,20
2006-08-14,1.1449833803179525,20
2006-08-15,1.1536715508502005,20
2006-08-16,1.1623498871533353,20
2006-08-17,1.1604598350204232,20
2006-08-18,1.158611280395379,20
2006-08-21,1.1631485833843138,20
2006-08-22,1.1691432233028367,20
2006-08-23,1.1729339167211967,20
2006-08-24,1.1808602374728443,20
2006-08-25,1.180896425678873,20
2006-08-28,1.1904259568653917,20
2006-08-29,1.1925751700692369,20
2006-08-30,1.1954394199687934,20
2006-08-31,1.1965618642636873,20
2006-09-01,1.1899163331500762,20
2006-09-04,1.2079899495940627,20
2006-09-05,1.2177611777588155,20
2006-09-06,1.2280368206848173,20
2006-09-07,1.2193101506901691,20
2006-09-08,1.2263653459197024,20
2006-09-11,1.2327194901534027,20
2006-09-12,1.2402722456468827,20
2006-09-13,1.2372659193968505,20
2006-09-14,1.2462643383182872,20
2006-09-15,1.2586916239745292,20
2006-09-18,1.2728000091553184,20
2006-09-19,1.2762753242741036,20
2006-09-20,1.2795912258003508,20
2006-09-21,1.297226045369167,20
2006-09-22,1.2854006207948565,20
2006-09-25,1.2886876821171078,20
2006-09-26,1.2871422540372672,20
2006-09-27,1.2909748200221127,20
2006-09-28,1.2976513215605887,20
2006-09-29,1.3104636147575637,20
2006-10-09,1.3286364940745867,20
2006-10-10,1.3372017180558504,20
2006-10-11,1.34793353445498,20
2006-10-12,1.3432082357093156,20
2006-10-13,1.3416361996377304,20
2006-10-16,1.343133059062541,20
2006-10-17,1.3420718609040305,20
2006-10-18,1.3525844329462964,20
2006-10-19,1.3589449677831276,20
2006-10-20,1.356167859841254,20
2006-10-23,1.3239008317370753,20
2006-10-24,1.3472232710757628,20
2006-10-25,1.3513750951632832,20
2006-10-26,1.3485007317797102,20
2006-10-27,1.3298355289897439,20
2006-10-30,1.3332631752977433,20
2006-10-31,1.3452528463359001,20
2006-11-01,1.3513307999505413,20
2006-11-02,1.3446521287882482,20
2006-11-03,1.3553573512766843,20
2006-11-06,1.3470012868568755,20
2006-11-07,1.3266424168794357,20
2006-11-08,1.3246150890255117,20
2006-11-09,1.335394910076696,20
2006-11-10,1.310051552289553,20
2006-11-13,1.2681681742992987,20
2006-11-14,1.2841694228735991,20
2006-11-15,1.297623270764704,20
2006-11-16,1.2779425147357488,20
2006-11-17,1.2846413590074235,20
2006-11-20,1.2718408352268322,20
2006-11-21,1.2764423987571307,20
2006-11-22,1.2893115725742363,20
2006-11-23,1.2987452913960218,20
2006-11-24,1.3084423147344018,20
2006-11-27,1.3238978568517838,20
2006-11-28,1.3280945789088545,20
2006-11-29,1.3319380022632137,20
2006-11-30,1.338966353398009,20
2006-12-01,1.328710421833898,20
2006-12-04,1.3423785616767179,20
2006-12-05,1.3535725620363934,20
2006-12-06,1.3366539708690168,20
2006-12-07,1.3344957683287355,20
2006-12-08,1.3089555846935812,20
2006-12-11,1.3397923910123635,20
2006-12-12,1.3354930283724762,20
2006-12-13,1.333991434792284,20
2006-12-14,1.3454042606867764,20
2006-12-15,1.347070345504748,20
2006-12-18,1.3580315939301706,20
2006-12-19,1.3634294372230495,20
2006-12-20,1.3858788029320315,20
2006-12-21,1.3809851851148356,20
2006-12-22,1.3877326460151294,20
2006-12-25,1.396822587289289,20
2006-12-26,1.3770155631017742,20
2006-12-27,1.3731683019947512,20
2006-12-28,1.3377963283081398,20
2006-12-29,1.3418036692217905,20
2007-01-04,1.3374786386815327,20
2007-01-05,1.3693527041294633,20
2007-01-08,1.4109108747042036,20
2007-01-09,1.4245680440552349,20
2007-01-10,1.4553382366210676,20
2007-01-11,1.4700226399235665,20
2007-01-12,1.4319907539224814,20
2007-01-15,1.4937028698013721,20
2007-01-16,1.5123554111973618,20
2007-01-17,1.5009275520504208,20
2007-01-18,1.5433206373579909,20
2007-01-19,1.5808017682681836,20
2007-01-22,1.629651232586924,20
2007-01-23,1.6279142383563514,20
2007-01-24,1.6358494239583874,20
2007-01-25,1.5848209461544924,20
2007-01-26,1.5844241449157197,20
2007-01-29,1.6419389094175267,20
2007-01-30,1.6484957063151733,20
2007-01-31,1.604638914472478,20
2007-02-01,1.627349136945237,20
2007-02-02,1.626312846961466,20
2007-02-05,1.64760470015273,20
2007-02-06,1.66545435171314,20
2007-02-07,1.692765116010879,20
2007-02-08,1.7208002864251373,20
2007-02-09,1.730948173990301,20
2007-02-12,1.7744406698701063,20
2007-02-13,1.8045641539441584,20
2007-02-14,1.8256758426919808,20
2007-02-15,1.8722260383978069,20
2007-02-16,1.9060534772899846,20
2007-02-26,1.9606271267648832,20
2007-02-27,1.8330141277955794,20
2007-02-28,1.8842174754424177,20
2007-03-01,1.8506424513394344,20
2007-03-02,1.8797731000947822,20
2007-03-05,1.8994095583765898,20
2007-03-06,1.9134450028930245,20
2007-03-07,1.935837122726543,20
2007-03-08,1.9672580185719564,20
2007-03-09,1.9711947096667077,20
2007-03-12,1.99538404582475,20
2007-03-13,2.0179999775424786,20
2007-03-14,2.0200314408937405,20
2007-03-15,2.054420867491925,20
2007-03-16,2.049347567078851,20
2007-03-19,2.064363886681852,20
2007-03-20,2.098594095178836,20
2007-03-21,2.1236303197148665,20
2007-03-22,2.129510218017975,20
2007-03-23,2.1428575153231337,20
2007-03-26,2.17730762682461,20
2007-03-27,2.1756965043402734,20
2007-03-28,2.1748807878926653,20
2007-03-29,2.1235801476084246,20
2007-03-30,2.13168635164544,20
2007-04-02,2.158125496452965,20
2007-04-03,2.1842844640091186,20
2007-04-04,2.211048840487458,20
2007-04-05,2.2263010562526198,20
2007-04-06,2.245608572755309,20
2007-04-09,2.275107933700959,20
2007-04-10,2.289445354522017,20
2007-04-11,2.295660378498905,20
2007-04-12,2.3361526915788033,20
2007-04-13,2.338015774719839,20
2007-04-16,2.3849183860518632,20
2007-04-17,2.4105190374792103,20
2007-04-18,2.431090170017642,20
2007-04-19,2.371563456857908,20
2007-04-20,2.441414944799118,20
2007-04-23,2.485596206124018,20
2007-04-24,2.4916878309544166,20
2007-04-25,2.5109926592462615,20
2007-04-26,2.532636240964944,20
2007-04-27,2.5036634899062427,20
2007-04-30,2.501452886763637,20
2007-05-08,2.5507363345145526,20
2007-05-09,2.524267215125184,19
2007-05-10,2.5361368309972976,19
2007-05-11,2.5456612707431163,19
2007-05-14,2.5737494944688155,19
2007-05-15,2.5421600412068073,19
2007-05-16,2.5791858834692003,19
2007-05-17,2.6285463354158276,19
2007-05-18,2.6339560927300782,19
2007-05-21,2.6719499446536097,19
2007-05-22,2.710669829475951,19
2007-05-23,2.7596636433463146,19
2007-05-24,2.749553234964804,19
2007-05-25,2.7881232392270263,19
2007-05-28,2.843064971342898,19
2007-05-29,2.8832719159812616,19
2007-05-30,2.74084502538086,19
2007-05-31,2.694185654691889,19
2007-06-01,2.570619988814138,19
2007-06-04,2.445325845883169,20
2007-06-05,2.4704960496788733,20
2007-06-06,2.484853997101318,20
2007-06-07,2.5560411159348244,20
2007-06-08,2.5805250676532454,20
2007-06-11,2.636580733509045,20
2007-06-12,2.685739295252462,20
2007-06-13,2.725364320474516,20
2007-06-14,2.7036561998649487,20
2007-06-15,2.7228678165945506,20
2007-06-18,2.7673690820535133,20
2007-06-19,2.7865824028866046,20
2007-06-20,2.7279395104185986,20
2007-06-21,2.7296405540898117,20
2007-06-22,2.6481728494315777,20
2007-06-25,2.544603468972161,20
2007-06-26,2.573238774410541,20
2007-06-27,2.603502624018028,20
2007-06-28,2.5099097930285215,20
2007-06-29,2.4432039646204533,20
2007-07-02,2.464977667073647,20
2007-07-03,2.498925722817355,20
2007-07-04,2.461499761641652,20
2007-07-05,2.398260717439392,20
2007-07-06,2.472872969467748,20
2007-07-09,2.5148179855534596,20
2007-07-10,2.4803193163164097,20
2007-07-11,2.4979927809934366,20
2007-07-12,2.5227789868795973,20
2007-07-13,2.533956563640203,20
2007-07-16,2.494295943758732,20
2007-07-17,2.534250066676842,20
2007-07-18,2.553130612183927,20
2007-07-19,2.577593822159745,20
2007-07-20,2.622997741840475,20
2007-07-23,2.6806676853127556,20
2007-07-24,2.6707154160402347,20
2007-07-25,2.7166285991462953,20
2007-07-26,2.737038229518319,20
2007-07-27,2.7832956591724787,20
2007-07-30,2.810246180288931,20
2007-07-31,2.83370007400406,20
2007-08-01,2.7605009486333474,20
2007-08-02,2.811724780972279,20
2007-08-03,2.85207871753918,20
2007-08-06,2.8668521047091287,20
2007-08-07,2.865807578205846,20
2007-08-08,2.847349247613082,20
2007-08-09,2.8650585574722314,20
2007-08-10,2.845978517571353,20
2007-08-13,2.8361449404657058,20
2007-08-14,2.865969990462926,20
2007-08-15,2.860724294480866,20
2007-08-16,2.881935074692564,20
2007-08-17,2.88028490197116,20
2007-08-20,2.9415785377611066,20
2007-08-21,2.9680001133564073,20
2007-08-22,3.004291810980322,20
2007-08-23,3.0129861268838423,20
2007-08-24,3.0297238142889693,20
2007-08-27,3.0204853602293227,20
2007-08-28,3.0176916019532656,20
2007-08-29,3.0219039512705557,20
2007-08-30,3.0722381699831045,20
2007-08-31,3.0874721012668807,20
2007-09-03,3.106975065745334,20
2007-09-04,3.0956177735878234,20
2007-09-05,3.093963538135209,20
2007-09-06,3.102329203110806,20
2007-09-07,3.0687721470976466,20
2007-09-10,3.0902576116427105,20
2007-09-11,2.9899735295297223,20
2007-09-12,2.9999585025470155,20
2007-09-13,3.0132220032304478,20
2007-09-14,3.044508912227313,20
2007-09-17,3.073613565688298,20
2007-09-18,3.078934436517652,20
2007-09-19,3.054222387413782,20
2007-09-20,3.07309512261803,20
2007-09-21,3.0430978782238958,20
2007-09-24,3.043073614057961,20
2007-09-25,3.026099092720264,20
2007-09-26,3.0173033184317113,20
2007-09-27,3.0304394315032854,20
2007-09-28,3.061967811616817,20
2007-10-08,3.072256970039296,20
2007-10-09,3.0882387941382143,20
2007-10-10,3.0857940756620517,20
2007-10-11,3.0556086548785877,20
2007-10-12,2.990116203011207,20
2007-10-15,2.9852689542058073,20
2007-10-16,3.025991812544992,20
2007-10-17,3.014353951170826,20
2007-10-18,2.9928659901070227,20
2007-10-19,2.9891431027100293,20
2007-10-22,2.9677193282333727,20
2007-10-23,2.976905470946465,20
2007-10-24,2.9431741510287717,20
2007-10-25,2.8296648655882293,20
2007-10-26,2.829390084219315,20
2007-10-29,2.8353366420809643,20
2007-10-30,2.8635180547858177,20
2007-10-31,2.9267051544890355,20
2007-11-01,2.8694554130983074,20
2007-11-02,2.835278587073572,20
2007-11-05,2.87303883759026,20
2007-11-06,2.90237125830799,20
2007-11-07,2.899194117107075,20
2007-11-08,2.8540815831186213,20
2007-11-09,2.8418719692450383,20
2007-11-12,2.843729506019022,20
2007-11-13,2.8526333738575023,20
2007-11-14,2.8981661217462915,20
2007-11-15,2.8668352978516425,20
2007-11-16,2.8749930588591965,20
2007-11-19,2.9298527869861015,20
2007-11-20,2.946081833034586,20
2007-11-21,2.913883485841172,20
2007-11-22,2.867194438771425,20
2007-11-23,2.906183262452209,20
2007-11-26,2.9035123366624935,20
2007-11-27,2.9192830656950117,20
2007-11-28,2.934019945041684,20
2007-11-29,2.9702871428110003,20
2007-11-30,2.967346899867201,20
2007-12-03,2.9964377761623506,20
2007-12-04,2.9996494380903167,20
2007-12-05,3.029296572793949,20
2007-12-06,3.0335071507057916,20
2007-12-07,3.0525655369394067,20
2007-12-10,3.0979798079923957,20
2007-12-11,3.116282178458174,20
2007-12-12,3.138892169888779,20
2007-12-13,3.109340023090735,20
2007-12-14,3.1400658467773797,20
2007-12-17,3.15694393150262,20
2007-12-18,3.144213442697919,20
2007-12-19,3.174282484411632,20
2007-12-20,3.1928530079127238,20
2007-12-21,3.2173841919104698,20
2007-12-24,3.2387483612675503,20
2007-12-25,3.253800567393514,20
2007-12-26,3.3076879769845062,20
2007-12-27,3.313417262342624,20
2007-12-28,3.320218064959184,20
2008-01-02,3.4009467833698386,20
2008-01-03,3.449978448751289,20
2008-01-04,3.4609529803019328,20
2008-01-07,3.5071284621658636,20
2008-01-08,3.438873247195319,20
2008-01-09,3.5111917442115654,20
2008-01-10,3.5174154549775833,20
2008-01-11,3.507666802068611,20
2008-01-14,3.5430754185061972,20
2008-01-15,3.590605842897635,20
2008-01-16,3.5745018890873537,20
2008-01-17,3.5414907700336222,20
2008-01-18,3.563633168733442,20
2008-01-21,3.4538754561421543,20
2008-01-22,3.2626075153317458,20
2008-01-23,3.339910909448416,20
2008-01-24,3.3744845325401918,20
2008-01-25,3.3801787190447183,20
2008-01-28,3.2156765342668248,20
2008-01-29,3.258312467861526,20
2008-01-30,3.275564694739185,20
2008-01-31,3.2462833193126026,20
2008-02-01,3.1727487622816746,20
2008-02-04,3.2956019708023168,20
2008-02-05,3.3048443644080048,20
2008-02-13,3.3021871289411187,20
2008-02-14,3.3352552959147044,20
2008-02-15,3.3292998700409577,20
2008-02-18,3.386521695799241,20
2008-02-19,3.4028848662547952,20
2008-02-20,3.380684752085436,20
2008-02-21,3.3867940849831117,20
2008-02-22,3.351131379295967,20
2008-02-25,3.303892563784945,20
2008-02-26,3.31561789214812,20
2008-02-27,3.3492299989036045,20
2008-02-28,3.3610331556434794,20
2008-02-29,3.3718735771271158,20
2008-03-03,3.414562333314205,20
2008-03-04,3.3955547567414763,20
2008-03-05,3.3968354807383037,20
2008-03-06,3.397858201873508,20
2008-03-07,3.3830054470033506,20
2008-03-10,3.3466293185325555,20
2008-03-11,3.360507614531197,20
2008-03-12,3.341922053669769,20
2008-03-13,3.299527643175464,20
2008-03-14,3.289356775220696,20
2008-03-17,3.1839600036349416,20
2008-03-18,3.0667157490110273,20
2008-03-19,3.1173961311735403,20
2008-03-20,3.1692158002762736,20
2008-03-21,3.1922904589575123,20
2008-03-24,3.180375057700593,20
2008-03-25,3.2092614461477376,20
2008-03-26,3.211669163121257,20
2008-03-27,3.1480369520533222,20
2008-03-28,3.1977039219645618,20
2008-03-31,3.1702893006391974,20
2008-04-01,3.099975909845904,20
2008-04-02,3.060632900665505,20
2008-04-03,3.074505422847603,20
2008-04-07,3.115207400724317,20
2008-04-08,3.1346720878887795,20
2008-04-09,3.0983914813611815,20
2008-04-10,3.1094900246015005,20
2008-04-11,3.124502500736296,20
2008-04-14,3.0725003769369383,20
2008-04-15,3.0891914221383323,20
2008-04-16,3.0814039722277484,20
2008-04-17,3.05846663266525,20
2008-04-18,3.0176200448200645,20
2008-04-21,3.014333536337079,20
2008-04-22,3.0013620971254973,20
2008-04-23,3.0324085448359224,20
2008-04-24,3.1011141053966527,20
2008-04-25,3.101413187538635,20
2008-04-28,3.0910423655234314,20
2008-04-29,3.099825529884078,20
2008-04-30,3.1242269107491976,20
2008-05-05,3.1505820917216303,20
2008-05-06,3.1495029451806014,18
2008-05-07,3.118131843867414,18
2008-05-08,3.1415421817562525,18
2008-05-09,3.146863700042399,18
2008-05-12,3.167102072434321,18
2008-05-13,3.174540711143137,18
2008-05-14,3.1802639813437192,18
2008-05-15,3.170130531332427,18
2008-05-16,3.1596204301236885,18
2008-05-19,3.163731491839406,18
2008-05-20,3.1196447396738867,18
2008-05-21,3.131012758149916,18
2008-05-22,3.118605387294802,18
2008-05-23,3.113701226176061,18
2008-05-26,3.0907207946776247,18
2008-05-27,3.0938046440805467,18
2008-05-28,3.1117716137016376,18
2008-05-29,3.096737484227307,18
2008-05-30,3.112015402928346,18
2008-06-02,3.1173585423629135,18
2008-06-03,3.112163340998104,20
2008-06-04,3.1050465378612553,20
2008-06-05,3.109496046912594,20
2008-06-06,3.1133674847658788,20
2008-06-10,3.050183893208046,20
2008-06-11,3.035895232200687,20
2008-06-12,3.029561007645522,20
2008-06-13,3.008220797210697,20
2008-06-16,3.0100030115300607,20
2008-06-17,2.9985596667740526,20
2008-06-18,3.025142775618645,20
2008-06-19,2.9705436148987916,20
2008-06-20,2.974131204888548,20
2008-06-23,2.960902982369124,20
2008-06-24,2.973010433289731,20
2008-06-25,3.0088994951348296,20
2008-06-26,3.0186151453333503,20
2008-06-27,2.9752449553622196,20
2008-06-30,2.976659220127162,20
2008-07-01,2.973014936076819,20
2008-07-02,2.985790707214751,20
2008-07-03,3.009881912851558,20
2008-07-04,3.006094173217603,20
2008-07-07,3.032588231786042,20
2008-07-08,3.0408531803033365,20
2008-07-09,3.060275796498921,20
2008-07-10,3.0516191400902706,20
2008-07-11,3.050009459370815,20
2008-07-14,3.063305282259636,20
2008-07-15,3.0456748699445035,20
2008-07-16,3.020291057799505,20
2008-07-17,3.0179163754926055,20
2008-07-18,3.0360597536977623,20
2008-07-21,3.0621225267441097,20
2008-07-22,3.062519171411132,20
2008-07-23,3.0549585580664975,20
2008-07-24,3.0674760584776193,20
2008-07-25,3.073469337989599,20
2008-07-28,3.083559854279139,20
2008-07-29,3.0707809962184354,20
2008-07-30,3.071518856878752,20
2008-07-31,3.0531952912707574,20
2008-08-01,3.051066076930677,20
2008-08-04,3.0421593728710894,20
2008-08-05,3.032071696938545,20
2008-08-06,3.0275900345044344,20
2008-08-07,3.02812545596911,20
2008-08-08,2.9843678487478082,20
2008-08-11,2.940756024005871,20
2008-08-12,2.9395426335596526,20
2008-08-13,2.9439186562497026,20
2008-08-14,2.947882432096268,20
2008-08-15,2.9505708761657012,20
2008-08-18,2.9176497263215624,20
2008-08-19,2.921949286138642,20
2008-08-20,2.9683704074970887,20
2008-08-21,2.947869467613958,20
2008-08-22,2.944557933079427,20
2008-08-25,2.9495528875088293,20
2008-08-26,2.9227056401344957,20
2008-08-27,2.9182858840497063,20
2008-08-28,2.911435911747963,20
2008-08-29,2.9234652539806825,20
2008-09-01,2.9016339439034673,20
2008-09-02,2.9027080014202005,20
2008-09-03,2.8934565309678297,20
2008-09-04,2.901337825211287,20
2008-09-05,2.8795332543599828,20
2008-09-08,2.8545986092865525,20
2008-09-09,2.860184960633032,20
2008-09-10,2.8624642608343485,20
2008-09-11,2.8521448658394086,20
2008-09-12,2.8537153334021412,20
2008-09-16,2.8435435514184353,20
2008-09-17,2.8306558277435916,20
2008-09-18,2.8105267560260434,20
2008-09-19,2.8642056173266903,20
2008-09-22,2.8785099115702577,20
2008-09-23,2.8376779486870167,20
2008-09-24,2.8432301379077205,20
2008-09-25,2.8566914264038576,20
2008-09-26,2.8597755234465665,20
2008-10-06,2.8409925059530954,20
2008-10-07,2.8353748724004206,19
2008-10-08,2.823705546109618,19
2008-10-09,2.823251767242863,19
2008-10-10,2.790782049051461,19
2008-10-13,2.7901668187872573,19
2008-10-14,2.7793186095425764,19
2008-10-15,2.7717612584033935,19
2008-10-16,2.7408085375384923,19
2008-10-17,2.7460819015386466,19
2008-10-20,2.7608633769600144,19
2008-10-21,2.76453329041366,19
2008-10-22,2.7540167133310876,19
2008-10-23,2.7619788117028037,19
2008-10-24,2.7581939358696412,19
2008-10-27,2.7241602448346183,19
2008-10-28,2.7371403256978506,19
2008-10-29,2.7343316826732633,19
2008-10-30,2.7372098596113736,19
2008-10-31,2.7271719678238044,19
2008-11-03,2.7249549133168314,19
2008-11-04,2.7187232549856883,20
2008-11-05,2.7345552475880215,20
2008-11-06,2.7253221260829017,20
2008-11-07,2.735651888510369,20
2008-11-10,2.770941468974594,20
2008-11-11,2.7634697532659405,20
2008-11-12,2.771361021073666,20
2008-11-13,2.7957966993842875,20
2008-11-14,2.8164404263045704,20
2008-11-17,2.8413702250765183,20
2008-11-18,2.800156433285855,20
2008-11-19,2.8377398278840062,20
2008-11-20,2.8436670731478326,20
2008-11-21,2.8328774382916646,20
2008-11-24,2.815341484860606,20
2008-11-25,2.814995997077091,20
2008-11-26,2.8174754493994847,20
2008-11-27,2.825110262341155,20
2008-11-28,2.821909418970326,20
2008-12-01,2.8472539433199406,20
2008-12-02,2.863211240205625,20
2008-12-03,2.88265407775876,20
2008-12-04,2.8774482034504065,20
2008-12-05,2.8959847407713846,20
2008-12-08,2.9182255595894833,20
2008-12-09,2.901825540378841,20
2008-12-10,2.9195548890661187,20
2008-12-11,2.906997033740873,20
2008-12-12,2.8868610656655775,20
2008-12-15,2.8940197829176557,20
2008-12-16,2.9049100022309853,20
2008-12-17,2.912549429230819,20
2008-12-18,2.9238322894491127,20
2008-12-19,2.9337197793821224,20
2008-12-22,2.9511409794177887,20
2008-12-23,2.9148476877696585,20
2008-12-24,2.9113414231208417,20
2008-12-25,2.9189652317254233,20
2008-12-26,2.9249314377443247,20
2008-12-29,2.9155374091102533,20
2008-12-30,2.9268373999601844,20
2008-12-31,2.922403390256733,20
2009-01-05,2.9397987202612392,20
2009-01-06,2.9506691921995376,20
2009-01-07,2.94979104084338,20
2009-01-08,2.9419458176589863,20
2009-01-09,2.968884736935439,20
2009-01-12,2.9746550374054666,20
2009-01-13,2.9582679446737465,20
2009-01-14,2.9784104001109912,20
2009-01-15,2.975516036612273,20
2009-01-16,2.971915057835823,20
2009-01-19,2.970101472123381,20
2009-01-20,2.9793611293045683,20
2009-01-21,2.9773077350499246,20
2009-01-22,2.982183906299908,20
2009-01-23,2.9823880052125196,20
2009-02-02,2.996218605724939,20
2009-02-03,3.0116492623152515,20
2009-02-04,3.0183436022440504,20
2009-02-05,3.0179587424812415,20
2009-02-06,3.0503896753116044,20
2009-02-09,3.069397349898228,20
2009-02-10,3.0838465248290983,20
2009-02-11,3.085480223019289,20
2009-02-12,3.095685501562479,20
2009-02-13,3.112429039837118,20
2009-02-16,3.1135695405555435,20
2009-02-17,3.096262110767903,20
2009-02-18,3.0736069062934206,20
2009-02-19,3.089381179548352,20
2009-02-20,3.107545562566056,20
2009-02-23,3.1251829669345113,20
2009-02-24,3.1039066389420054,20
2009-02-25,3.1170097809808284,20
2009-02-26,3.084074227688812,20
2009-02-27,3.049940036879216,20
2009-03-02,3.0634442942835305,20
2009-03-03,3.0868810769329587,20
2009-03-04,3.1578620249022493,20
2009-03-05,3.1839308629691763,20
2009-03-06,3.1656179603909838,20
2009-03-09,3.1184749966712677,20
2009-03-10,3.150809990645641,20
2009-03-11,3.152931925231283,20
2009-03-12,3.148452830986589,20
2009-03-13,3.160202155190407,20
2009-03-16,3.1804928986291534,20
2009-03-17,3.2169823228907894,20
2009-03-18,3.2246372943493324,20
2009-03-19,3.250671443440052,20
2009-03-20,3.240760928315113,20
2009-03-23,3.2550185448235958,20
2009-03-24,3.27798519300855,20
2009-03-25,3.250812662229541,20
2009-03-26,3.2766192633400775,20
2009-03-27,3.2734597202832685,20
2009-03-30,3.284529073094812,20
2009-03-31,3.3032055234685904,20
2009-04-01,3.326650595398829,20
2009-04-02,3.3478357312621947,20
2009-04-03,3.3540299747944555,20
2009-04-07,3.384456375013806,20
2009-04-08,3.3437068292208516,20
2009-04-09,3.3829721014117053,20
2009-04-10,3.433944659077548,20
2009-04-13,3.464654071230377,20
2009-04-14,3.538424709258018,20
2009-04-15,3.568649748277091,20
2009-04-16,3.5650189289964747,20
2009-04-17,3.530394292583527,20
2009-04-20,3.5696374377203592,20
2009-04-21,3.5458869043096763,20
2009-04-22,3.453018294313314,20
2009-04-23,3.48489149072926,20
2009-04-24,3.474675182161782,20
2009-04-27,3.4455957148177117,20
2009-04-28,3.459341172484451,20
2009-04-29,3.4757175424202384,20
2009-04-30,3.4980288134897357,20
2009-05-04,3.5562201528752433,20
2009-05-05,3.567670989939201,20
2009-05-06,3.586142513164425,20
2009-05-07,3.555000113713352,20
2009-05-08,3.5461929128950067,20
2009-05-11,3.491463954864665,20
2009-05-12,3.5183348804713597,20
2009-05-13,3.53921210763003,20
2009-05-14,3.5495383893521173,20
2009-05-15,3.5682455125230375,20
2009-05-18,3.5584038083093064,20
2009-05-19,3.5734881713621447,20
2009-05-20,3.5548958524453806,20
2009-05-21,3.531627211872141,20
2009-05-22,3.531055882116092,20
2009-05-25,3.533019110570065,20
2009-05-26,3.5601844412862014,20
2009-05-27,3.5525673193442073,20
2009-06-01,3.580629725597449,20
2009-06-02,3.572077309850885,20
2009-06-03,3.5826200892271496,20
2009-06-04,3.582974650175426,20
2009-06-05,3.567948429172167,20
2009-06-08,3.597078863903861,20
2009-06-09,3.5909834489843853,20
2009-06-10,3.6287106645946974,20
2009-06-11,3.623127637209133,20
2009-06-12,3.59512931649105,20
2009-06-15,3.645419755214051,20
2009-06-16,3.6473982809651595,20
2009-06-17,3.646691859523925,20
2009-06-18,3.656739397481766,20
2009-06-19,3.68476327846264,20
2009-06-22,3.6846446201237364,20
2009-06-23,3.6931469697526844,20
2009-06-24,3.7127755529362383,20
2009-06-25,3.7433202813170223,20
2009-06-26,3.753424140130237,20
2009-06-29,3.7336751412334097,20
2009-06-30,3.70407191085665,20
2009-07-01,3.691969030453362,20
2009-07-02,3.7092543640288267,20
2009-07-03,3.7192279513162165,20
2009-07-06,3.7210135577393366,20
2009-07-07,3.7650158286575475,20
2009-07-08,3.8003035639422635,20
2009-07-09,3.875196565392764,20
2009-07-10,3.8771018330621034,20
2009-07-13,3.9030617649391597,20
2009-07-14,3.9795709528905374,20
2009-07-15,4.031773066489816,20
2009-07-16,4.008951874018216,20
2009-07-17,4.015222357715695,20
2009-07-20,4.058854381582888,20
2009-07-21,3.9817073403375978,20
2009-07-22,4.014812942944649,20
2009-07-23,4.035445723999471,20
2009-07-24,4.032853637510352,20
2009-07-27,4.069896438082264,20
2009-07-28,4.09503746946653,20
2009-07-29,3.936475965751707,20
2009-07-30,3.991252500770669,20
2009-07-31,4.073572043699707,20
2009-08-03,4.154258059933775,20
2009-08-04,4.190180500384559,20
2009-08-05,4.258563873017906,20
2009-08-06,4.278466075550733,20
2009-08-07,4.217420325179784,20
2009-08-10,4.286949050402532,20
2009-08-11,4.275949580880413,20
2009-08-12,4.109085838321985,20
2009-08-13,4.122160918421274,20
2009-08-14,3.9504453483823583,20
2009-08-17,3.7469122471462066,20
2009-08-18,3.8155004886256947,20
2009-08-19,3.6632085408202246,20
2009-08-20,3.7649300744321073,20
2009-08-21,3.8736110820298686,20
2009-08-24,3.9113896664048076,20
2009-08-25,3.8645055746130157,20
2009-08-26,3.9766701524250974,20
2009-08-27,4.035850292081,20
2009-08-28,3.9801952161862335,20
2009-08-31,3.8128141249837886,20
2009-09-01,3.8042159597269314,20
2009-09-02,3.84364595190274,20
2009-09-03,3.9449301083204094,20
2009-09-04,3.961110331890635,20
2009-09-07,3.9952938899727406,20
2009-09-08,4.0328416859710785,20
2009-09-09,4.049331497383717,20
2009-09-10,4.024883843417229,20
2009-09-11,4.049590092669024,20
2009-09-14,4.126371332535955,20
2009-09-15,4.170759276746641,20
2009-09-16,4.195338606113217,20
2009-09-17,4.296431519702507,20
2009-09-18,4.213082192162914,20
2009-09-21,4.26788663724619,20
2009-09-22,4.209951864412327,20
2009-09-23,4.191559865913176,20
2009-09-24,4.140538580793351,20
2009-09-25,4.149653195514287,20
2009-09-28,4.0787206715373925,20
2009-09-29,4.005409027050277,20
2009-09-30,4.019595942660378,20
2009-10-09,4.119384267414197,20
2009-10-12,4.122308541821849,20
2009-10-13,4.159769019813877,20
2009-10-14,4.168063330328469,20
2009-10-15,4.19136891256046,20
2009-10-16,4.189466979711961,20
2009-10-19,4.248340719179356,20
2009-10-20,4.288248200532824,20
2009-10-21,4.263409396500468,20
2009-10-22,4.283813164583315,20
2009-10-23,4.330256972100871,20
2009-10-26,4.348769036838093,20
2009-10-27,4.3268928730200145,20
2009-10-28,4.355531004509852,20
2009-10-29,4.332317390545565,20
2009-10-30,4.351279776658306,20
2009-11-02,4.412961819402958,20
2009-11-03,4.475837565448356,20
2009-11-04,4.503131962097871,20
2009-11-05,4.545315790032928,20
2009-11-06,4.556748047594646,20
2009-11-09,4.579109592162642,20
2009-11-10,4.582259516226551,20
2009-11-11,4.590030024873916,20
2009-11-12,4.609360839682325,20
2009-11-13,4.641295263766035,20
2009-11-16,4.729321744370302,20
2009-11-17,4.755245172946473,20
2009-11-18,4.802572617077685,20
2009-11-19,4.8545213249523105,20
2009-11-20,4.896589604813486,20
2009-11-23,4.930424211289451,20
2009-11-24,4.77614167370045,20
2009-11-25,4.868585727254035,20
2009-11-26,4.741720019436765,20
2009-11-27,4.7002661671295565,20
2009-11-30,4.826338753325993,20
2009-12-01,4.925665907877788,20
2009-12-02,4.979740372359792,20
2009-12-03,5.008795644547073,20
2009-12-04,4.912647440245084,20
2009-12-07,5.002986541699237,20
2009-12-08,5.031442843777785,20
2009-12-09,5.016595305339932,20
2009-12-10,5.091013298447689,20
2009-12-11,5.089357968252022,20
2009-12-14,5.10601685692725,20
2009-12-15,5.1304820572458105,20
2009-12-16,5.083087872972789,20
2009-12-17,4.974425607615411,20
2009-12-18,4.886096926287398,20
2009-12-21,4.961093807211866,20
2009-12-22,4.932132894224315,20
2009-12-23,5.0208756775560905,20
2009-12-24,5.121814755588773,20
2009-12-25,5.136323939150224,20
2009-12-28,5.169129016991705,20
2009-12-29,5.186326351746992,20
2009-12-30,5.142602997956102,20
2009-12-31,5.191899734111216,20
2010-01-04,5.220865563975383,20
2010-01-05,5.2726156135963365,20
2010-01-06,5.263839101987688,20
2010-01-07,5.203282395604236,20
2010-01-08,5.228469520592947,20
2010-01-11,5.284606260457124,20
2010-01-12,5.3818408844249594,20
2010-01-13,5.39199071071766,20
2010-01-14,5.4850515361673695,20
2010-01-15,5.534732398854726,20
2010-01-18,5.579055932187464,20
2010-01-19,5.576799955202954,20
2010-01-20,5.418588359607316,20
2010-01-21,5.458209725873539,20
2010-01-22,5.359481230187528,20
2010-01-25,5.3150696740727685,20
2010-01-26,5.199592405210805,20
2010-01-27,5.2100094776323145,20
2010-01-28,5.281313197116855,20
2010-01-29,5.310947588430122,20
2010-02-01,5.262395965531917,20
2010-02-02,5.260843456209302,20
2010-02-03,5.286370410444947,20
2010-02-04,5.3181709534443415,20
2010-02-05,5.230051875136827,20
2010-02-08,5.223919124285788,20
2010-02-09,5.2341887793100295,20
2010-02-10,5.26647625430736,20
2010-02-11,5.263201353152943,20
2010-02-12,5.301469729758992,20
2010-02-22,5.302275041347536,20
2010-02-23,5.306116594175979,20
2010-02-24,5.404646576428758,20
2010-02-25,5.477517883695131,20
2010-02-26,5.463973448518961,20
2010-03-01,5.524590413909529,20
2010-03-02,5.54101986247199,20
2010-03-03,5.591626951449037,20
2010-03-04,5.514675872054727,20
2010-03-05,5.54128273458884,20
2010-03-08,5.574917649921248,20
2010-03-09,5.572941450980714,20
2010-03-10,5.542661849253452,20
2010-03-11,5.549642189027527,20
2010-03-12,5.5303315940183,20
2010-03-15,5.494506441410317,20
2010-03-16,5.522428349745236,20
2010-03-17,5.623140489138041,20
2010-03-18,5.632449973691217,20
2010-03-19,5.671143425562186,20
2010-03-22,5.675262539641594,20
2010-03-23,5.65485725257854,20
2010-03-24,5.692347406237427,20
2010-03-25,5.676210367874636,20
2010-03-26,5.732329609991399,20
2010-03-29,5.727024507384844,20
2010-03-30,5.7901174981314005,20
2010-03-31,5.840332743926335,20
2010-04-01,5.870515641732617,20
2010-04-02,5.899863993379425,20
2010-04-06,5.911000622051231,20
2010-04-07,5.93604881690782,20
2010-04-08,5.936934837229353,20
2010-04-09,6.000365284727308,20
2010-04-12,6.083148220052298,20
2010-04-13,6.037338332967539,20
2010-04-14,6.05423110884253,20
2010-04-15,5.99876022204393,20
2010-04-16,5.997474706572515,20
2010-04-19,5.889198463776115,20
2010-04-20,5.972097920181195,20
2010-04-21,6.07617322003717,20
2010-04-22,6.145992105016995,20
2010-04-23,6.128783058630849,20
2010-04-26,6.0952320428147075,20
2010-04-27,6.003828845922482,20
2010-04-28,6.008141220268829,20
2010-04-29,5.872129355568667,20
2010-04-30,5.734431374972062,20
2010-05-04,5.755489840873514,20
2010-05-05,5.833646052203273,20
2010-05-06,5.746622669430326,20
2010-05-07,5.672806414294506,20
2010-05-10,5.5800178174256505,20
2010-05-11,5.516893651280182,20
2010-05-12,5.42725787399154,20
2010-05-13,5.5131730013583775,20
2010-05-14,5.535030819764809,20
2010-05-17,5.36292788223734,20
2010-05-18,5.408772905480908,20
2010-05-19,5.41430880388457,20
2010-05-20,5.366551008176768,20
2010-05-21,5.4194605323411285,20
2010-05-24,5.554032401625925,20
2010-05-25,5.550312828316816,20
2010-05-26,5.551012580943222,20
2010-05-27,5.6122864485359845,20
2010-05-28,5.655101790398858,20
2010-05-31,5.615493936520663,20
2010-06-01,5.587882616826724,20
2010-06-02,5.613148745358928,20
2010-06-03,5.629227304674978,20
2010-06-04,5.65362864427638,20
2010-06-07,5.6629925297209045,20
2010-06-08,5.67651317832682,20
2010-06-09,5.696424140370507,20
2010-06-10,5.702908114353888,20
2010-06-11,5.701891977319128,20
2010-06-17,5.680422044972264,20
2010-06-18,5.608990913693883,20
2010-06-21,5.6466898607309375,20
2010-06-22,5.661263307259877,20
2010-06-23,5.6544982259270276,20
2010-06-24,5.65716718224594,20
2010-06-25,5.639309148081509,20
2010-06-28,5.629010235607978,20
2010-06-29,5.537434889942076,20
2010-06-30,5.504800146166318,20
2010-07-01,5.48820051778125,20
2010-07-02,5.470967868238888,20
2010-07-05,5.466843067154547,20
2010-07-06,5.50873725544037,20
2010-07-07,5.520286281659283,20
2010-07-08,5.5331653654756625,20
2010-07-09,5.564874578975591,20
2010-07-12,5.583230896164131,20
2010-07-13,5.586870664449258,20
2010-07-14,5.608469950307241,20
2010-07-15,5.578911729598189,20
2010-07-16,5.594701051648854,20
2010-07-19,5.6208816908067,20
2010-07-20,5.655277109377324,20
2010-07-21,5.656198721489266,20
2010-07-22,5.6799281563423465,20
2010-07-23,5.676098600608534,20
2010-07-26,5.699821385190293,20
2010-07-27,5.701002696985595,20
2010-07-28,5.729129108173065,20
2010-07-29,5.740008856259208,20
2010-07-30,5.746914493064513,20
2010-08-02,5.768938985712766,20
2010-08-03,5.7624202174542996,20
2010-08-04,5.779598202432218,20
2010-08-05,5.786177774805727,20
2010-08-06,5.8045352429010855,20
2010-08-09,5.820211750814229,20
2010-08-10,5.774699142028764,20
2010-08-11,5.789443215561626,20
2010-08-12,5.780195847103643,20
2010-08-13,5.803954519035676,20
2010-08-16,5.824036868994114,20
2010-08-17,5.834602297308635,20
2010-08-18,5.842552363861817,20
2010-08-19,5.840884340519216,20
2010-08-20,5.811813661945037,20
2010-08-23,5.821030473663347,20
2010-08-24,5.840365356809155,20
2010-08-25,5.834874764404513,20
2010-08-26,5.844137450683142,20
2010-08-27,5.860236675302644,20
2010-08-30,5.891495678416849,20
2010-08-31,5.922122631505857,20
2010-09-01,5.871554209730201,20
2010-09-02,5.912927137144221,20
2010-09-03,5.941308185742431,20
2010-09-06,5.937675947019876,20
2010-09-07,5.940000436810022,20
2010-09-08,5.954136921125527,20
2010-09-09,5.943370252263045,20
2010-09-10,5.954564007650393,20
2010-09-13,5.985949620846892,20
2010-09-14,6.001804457341322,20
2010-09-15,5.987994375321412,20
2010-09-16,5.909809570318456,20
2010-09-17,5.924195170774661,20
2010-09-20,5.896481632563208,20
2010-09-21,5.895201215003225,20
2010-09-27,5.944019609927977,20
2010-09-28,5.911762213733697,20
2010-09-29,5.881994696154593,20
2010-09-30,5.9541910423584525,20
2010-10-08,6.032667339484509,20
2010-10-11,6.014815042703541,20
2010-10-12,6.037796134973907,20
2010-10-13,6.042460569649985,20
2010-10-14,5.950017514466796,20
2010-10-15,5.93321851439558,20
2010-10-18,5.876759405982385,20
2010-10-19,5.999789174068239,20
2010-10-20,5.996261578299159,20
2010-10-21,6.004119006863778,20
2010-10-22,6.050823714615754,20
2010-10-25,6.132099628432782,20
2010-10-26,6.126164622727751,20
2010-10-27,6.1182098469519595,20
2010-10-28,6.1355872983014,20
2010-10-29,6.171617278834781,20
2010-11-01,6.279510134488228,20
2010-11-02,6.199468787118287,20
2010-11-03,6.094193751611709,20
2010-11-04,6.150007303653603,20
2010-11-05,6.213954149519931,20
2010-11-08,6.337953058812364,20
2010-11-09,6.429664917900388,20
2010-11-10,6.4855985296705505,20
2010-11-11,6.432234199096892,20
2010-11-12,6.10657477115783,20
2010-11-15,6.270856858856763,20
2010-11-16,6.234351837108396,20
2010-11-17,6.1481897351533705,20
2010-11-18,6.192371237889174,20
2010-11-19,6.353056667937052,20
2010-11-22,6.465008727455566,20
2010-11-23,6.463131194250675,20
2010-11-24,6.550480699806037,20
2010-11-25,6.5431161878396535,20
2010-11-26,6.590107061696497,20
2010-11-29,6.657177437046511,20
2010-11-30,6.525052165307958,20
2010-12-01,6.565960769720774,20
2010-12-02,6.598597479373452,20
2010-12-03,6.571677212669041,20
2010-12-06,6.514080564046607,20
2010-12-07,6.606985693695849,20
2010-12-08,6.633004213658197,20
2010-12-09,6.542653585871327,20
2010-12-10,6.624799029115966,20
2010-12-13,6.738566658351213,20
2010-12-14,6.80076118845793,20
2010-12-15,6.8226068456652165,20
2010-12-16,6.813700777968404,20
2010-12-17,6.827817516670667,20
2010-12-20,6.782664543031869,20
2010-12-21,6.872076491474058,20
2010-12-22,6.840374834782908,20
2010-12-23,6.738461314070685,20
2010-12-24,6.644992443123917,20
2010-12-27,6.504360278337051,20
2010-12-28,6.426939833222364,20
2010-12-29,6.5186426825547095,20
2010-12-30,6.535411655869925,20
2010-12-31,6.616782534268849,20
2011-01-04,6.7087448584115075,20
2011-01-05,6.735288428723136,20
2011-01-06,6.734387373809714,20
2011-01-07,6.69430672685858,20
2011-01-10,6.584294474585282,20
2011-01-11,6.508506786783108,20
2011-01-12,6.538649393796276,20
2011-01-13,6.554517817092578,20
2011-01-14,6.457527341957934,20
2011-01-17,6.231350144333616,20
2011-01-18,6.252659599730509,20
2011-01-19,6.359217863606851,20
2011-01-20,6.195392988082345,20
2011-01-21,6.233786828485802,20
2011-01-24,6.166692943136435,20
2011-01-25,6.14334189192879,20
2011-01-26,6.189764956326324,20
2011-01-27,6.247684160302179,20
2011-01-28,6.310454519178858,20
2011-01-31,6.3270818441837156,20
2011-02-01,6.323089096587045,20
2011-02-09,6.279529929264375,20
2011-02-10,6.422351664840406,20
2011-02-11,6.459118817975376,20
2011-02-14,6.514055460727137,20
2011-02-15,6.544569543349495,20
2011-02-16,6.608994123515025,20
2011-02-17,6.6383810834572055,20
2011-02-18,6.58258655735216,20
2011-02-21,6.659839721627727,20
2011-02-22,6.579001284282555,20
2011-02-23,6.621949124069437,20
2011-02-24,6.635841989767393,20
2011-02-25,6.617860405366771,20
2011-02-28,6.680041669190704,20
2011-03-01,6.675434178993141,20
2011-03-02,6.659091672398604,20
2011-03-03,6.574523183638354,20
2011-03-04,6.60278534052582,20
2011-03-07,6.610009116714211,20
2011-03-08,6.651935706691311,20
2011-03-09,6.675904605726455,20
2011-03-10,6.693003267036022,20
2011-03-11,6.70675135575125,20
2011-03-14,6.727412482238553,20
2011-03-15,6.689865705032941,20
2011-03-16,6.726097532803607,20
2011-03-17,6.647667178246932,20
2011-03-18,6.713445625165656,20
2011-03-21,6.693798597134034,20
2011-03-22,6.664090624596339,20
2011-03-23,6.728793813907828,20
2011-03-24,6.714016944234265,20
2011-03-25,6.716512400359829,20
2011-03-28,6.710835837892885,20
2011-03-29,6.582557697132357,20
2011-03-30,6.545437536240229,20
2011-03-31,6.5290490819264635,20
2011-04-01,6.580874085990944,20
2011-04-06,6.556090407302027,20
2011-04-07,6.572212932579685,20
2011-04-08,6.651273361691155,20
2011-04-11,6.602271451935496,20
2011-04-12,6.5810775841787965,20
2011-04-13,6.652066195708284,20
2011-04-14,6.634211826933295,20
2011-04-15,6.640880552600677,20
2011-04-18,6.627346040879621,20
2011-04-19,6.588057321910774,20
2011-04-20,6.611161263623473,20
2011-04-21,6.6663343687723335,20
2011-04-22,6.680680617665284,20
2011-04-25,6.644218500473905,20
2011-04-26,6.5476995110985525,20
2011-04-27,6.48654832607246,20
2011-04-28,6.295643462348287,20
2011-04-29,6.382341839807003,20
2011-05-03,6.434802546592889,20
2011-05-04,6.346938643537927,19
2011-05-05,6.394582495992002,19
2011-05-06,6.417595494926456,19
2011-05-09,6.466843092831606,19
2011-05-10,6.459265787046957,19
2011-05-11,6.475554664255286,19
2011-05-12,6.387492284323164,19
2011-05-13,6.391404825730787,19
2011-05-16,6.39149676600371,19
2011-05-17,6.370462035924162,19
2011-05-18,6.371050325366806,19
2011-05-19,6.366896128967049,19
2011-05-20,6.339151350079998,19
2011-05-23,6.180936876797989,19
2011-05-24,6.247042675220041,19
2011-05-25,6.138798981795269,19
2011-05-26,6.092661543418189,19
2011-05-27,6.019529068068893,19
2011-05-30,6.016586558312942,19
2011-05-31,6.052285313976204,19
2011-06-01,6.078025319852022,19
2011-06-02,6.039340853668111,20
2011-06-03,6.061027755504515,20
2011-06-07,6.068262168001536,20
2011-06-08,6.066044052046276,20
2011-06-09,6.028071460678725,20
2011-06-10,6.021311582329145,20
2011-06-13,6.014561625703664,20
2011-06-14,6.040460947114218,20
2011-06-15,6.017459352895431,20
2011-06-16,5.974633780902152,20
2011-06-17,5.954219800398806,20
2011-06-20,5.9308369659794336,20
2011-06-21,5.961340639355345,20
2011-06-22,5.964626738663901,20
2011-06-23,6.007835256903709,20
2011-06-24,6.052716488697643,20
2011-06-27,6.0809262531204356,20
2011-06-28,6.0895008370315775,20
2011-06-29,6.075635014230304,20
2011-06-30,6.082191167435716,20
2011-07-01,6.084393311632454,20
2011-07-04,6.128431484065656,20
2011-07-05,6.132187264918708,20
2011-07-06,6.153505832276019,20
2011-07-07,6.163137829124325,20
2011-07-08,6.152455302483389,20
2011-07-11,6.167460428532288,20
2011-07-12,6.14231250697293,20
2011-07-13,6.182195616381609,20
2011-07-14,6.214830393176256,20
2011-07-15,6.240246519921737,20
2011-07-18,6.233162110649979,20
2011-07-19,6.204975819871637,20
2011-07-20,6.210269920460769,20
2011-07-21,6.185325895703712,20
2011-07-22,6.193176070026486,20
2011-07-25,6.122651257251913,20
2011-07-26,6.129217518058616,20
2011-07-27,6.164563216319412,20
2011-07-28,6.158869508650824,20
2011-07-29,6.160346977339185,20
2011-08-01,6.161140972469942,20
2011-08-02,6.170582928356216,20
2011-08-03,6.20378629839089,20
2011-08-04,6.200951691636493,20
2011-08-05,6.152150553548104,20
2011-08-08,6.052654942878809,20
2011-08-09,6.036452957784832,20
2011-08-10,6.0704245973250615,20
2011-08-11,6.116896723313417,20
2011-08-12,6.151632143399302,20
2011-08-15,6.17431401913489,20
2011-08-16,6.1682159381404835,20
2011-08-17,6.171422145773206,20
2011-08-18,6.141163985969366,20
2011-08-19,6.136027295218269,20
2011-08-22,6.148091564431626,20
2011-08-23,6.192828292419476,20
2011-08-24,6.199684374278561,20
2011-08-25,6.215208702635195,20
2011-08-26,6.228413631496349,20
2011-08-29,6.2120088853483555,20
2011-08-30,6.1921733022213505,20
2011-08-31,6.189775331336222,20
2011-09-01,6.1847934482914155,20
2011-09-02,6.175281391035194,20
2011-09-05,6.141223259280291,20
2011-09-06,6.123332663188141,20
2011-09-07,6.166952467060077,20
2011-09-08,6.156751193990772,20
2011-09-09,6.150548964638314,20
2011-09-13,6.125648161375298,20
2011-09-14,6.145144467348681,20
2011-09-15,6.14592702233737,20
2011-09-16,6.156608988451979,20
2011-09-19,6.122395152427879,20
2011-09-20,6.128894673595439,20
2011-09-21,6.171423504793428,20
2011-09-22,6.132768908096455,20
2011-09-23,6.119753699578912,20
2011-09-26,6.10087411603927,20
2011-09-27,6.107657080254199,20
2011-09-28,6.085220630433854,20
2011-09-29,6.029921634837458,20
2011-09-30,6.031963905688103,20
2011-10-10,6.018372278893079,20
2011-10-11,6.008981190986469,20
2011-10-12,6.050006948303913,20
2011-10-13,6.062847156765204,20
2011-10-14,6.048927140221465,20
2011-10-17,6.065602765148379,20
2011-10-18,6.038945142873894,20
2011-10-19,6.039192227730629,20
2011-10-20,5.99301967262667,20
2011-10-21,5.963279229737828,20
2011-10-24,5.983310014977633,20
2011-10-25,6.02608200806742,20
2011-10-26,6.0531198656663685,20
2011-10-27,6.05149487041382,20
2011-10-28,6.085745891343348,20
2011-10-31,6.103867463966124,20
2011-11-01,6.09196572560789,20
2011-11-02,6.120806650581663,19
2011-11-03,6.123352932094579,19
2011-11-04,6.1377350720207655,19
2011-11-07,6.13697402687631,19
2011-11-08,6.123532177130592,19
2011-11-09,6.147592218824935,19
2011-11-10,6.1544871064361235,19
2011-11-11,6.173485849886599,19
2011-11-14,6.207196044980421,19
2011-11-15,6.207062208908115,19
2011-11-16,6.173443648832651,19
2011-11-17,6.1764288365639235,19
2011-11-18,6.139240202705627,19
2011-11-21,6.138216425068495,19
2011-11-22,6.140432666457155,19
2011-11-23,6.140308361016586,19
2011-11-24,6.134009928176844,19
2011-11-25,6.123932835765841,19
2011-11-28,6.124299987879748,19
2011-11-29,6.155426060900595,19
2011-11-30,6.094486546743921,19
2011-12-01,6.110683452424984,19
2011-12-02,6.101127819530692,19
2011-12-05,6.072336690161863,19
2011-12-06,6.074258524048405,19
2011-12-07,6.080114379971287,19
2011-12-08,6.083465132520714,19
2011-12-09,6.071483415632165,19
2011-12-12,6.055746974285507,19
2011-12-13,6.013750597748437,19
2011-12-14,5.997586281559066,19
2011-12-15,5.970157039132882,19
2011-12-16,5.996652387865974,19
2011-12-19,5.994272043393478,19
2011-12-20,5.992206629715202,19
2011-12-21,5.968869462544535,19
2011-12-22,5.945950090913113,19
2011-12-23,5.954325680777851,19
2011-12-26,5.943870806678794,19
2011-12-27,5.910455190519581,19
2011-12-28,5.892127299887294,19
2011-12-29,5.8902590745005075,19
2011-12-30,5.911315624047168,19
2012-01-04,5.8747504778014354,19
2012-01-05,5.8140829545974295,20
2012-01-06,5.808743154029093,20
2012-01-09,5.847383334814443,20
2012-01-10,5.886286448810265,20
2012-01-11,5.8851988357641325,20
2012-01-12,5.874584127412168,20
2012-01-13,5.817933563883828,20
2012-01-16,5.759346077714811,20
2012-01-17,5.810655385994169,20
2012-01-18,5.772352375876302,20
2012-01-19,5.783835173851846,20
2012-01-20,5.805156077394355,20
2012-01-30,5.807182830608457,20
2012-01-31,5.811258835742656,20
2012-02-01,5.805496786569561,20
2012-02-02,5.8228234024818235,20
2012-02-03,5.842943307776343,20
2012-02-06,5.854130153035113,20
2012-02-07,5.829155719024404,20
2012-02-08,5.860506237414609,20
2012-02-09,5.873578740389477,20
2012-02-10,5.872275622321216,20
2012-02-13,5.884079189156436,20
2012-02-14,5.882915854109879,20
2012-02-15,5.90217689558781,20
2012-02-16,5.90671873656605,20
2012-02-17,5.898190612509353,20
2012-02-20,5.89893360456319,20
2012-02-21,5.917750459848348,20
2012-02-22,5.940731167294183,20
2012-02-23,5.947348448795739,20
2012-02-24,5.952300399561867,20
2012-02-27,5.94949305576,20
2012-02-28,5.935429684755987,20
2012-02-29,5.914318906303388,20
2012-03-01,5.916706238178729,20
2012-03-02,5.939209321765107,20
2012-03-05,5.936693695526379,20
2012-03-06,5.924700062453092,20
2012-03-07,5.92421425105871,20
2012-03-08,5.937933847962881,20
2012-03-09,5.961706335408569,20
2012-03-12,5.976787649461142,20
2012-03-13,5.995044198566945,20
2012-03-14,5.942899581565814,20
2012-03-15,5.94675502781937,20
2012-03-16,5.97512446258883,20
2012-03-19,5.99222399360344,20
2012-03-20,5.955958599918365,20
2012-03-21,5.9547265838456775,20
2012-03-22,5.95137180252782,20
2012-03-23,5.922743352429521,20
2012-03-26,5.917281198377837,20
2012-03-27,5.915277202887214,20
2012-03-28,5.845531377079494,20
2012-03-29,5.81713743512489,20
2012-03-30,5.811726981828545,20
2012-04-05,5.839784952669714,20
2012-04-06,5.845587034877396,20
2012-04-09,5.8262881479875785,20
2012-04-10,5.8384555663706275,20
2012-04-11,5.84311570974143,20
2012-04-12,5.871274106793043,20
2012-04-13,5.881763467535545,20
2012-04-16,5.877077290162189,20
2012-04-17,5.876518813683996,20
2012-04-18,5.893309089712339,20
2012-04-19,5.896612676331006,20
2012-04-20,5.906571169040846,20
2012-04-23,5.87146019152857,20
2012-04-24,5.8519448549581545,20
2012-04-25,5.873978101223187,20
2012-04-26,5.877457323833421,20
2012-04-27,5.877944491799906,20
2012-05-02,5.909119834301981,20
2012-05-03,5.922575778044522,20
2012-05-04,5.949934849249398,20
2012-05-07,5.97925491947933,20
2012-05-08,5.982210863855842,20
2012-05-09,5.959435050238303,20
2012-05-10,5.970467374124753,20
2012-05-11,5.953383998574806,20
2012-05-14,5.941911470590811,20
2012-05-15,5.926521385852966,20
2012-05-16,5.901989378560622,20
2012-05-17,5.927887119235926,20
2012-05-18,5.904294490178802,20
2012-05-21,5.900552990033933,20
2012-05-22,5.929907723801803,20
2012-05-23,5.931830101428612,20
2012-05-24,5.916917867310864,20
2012-05-25,5.8896335147311145,20
2012-05-28,5.905653888425267,20
2012-05-29,5.9383002736004835,20
2012-05-30,5.944060982950493,20
2012-05-31,5.9680901048458015,20
2012-06-01,5.962162558730042,20
2012-06-04,5.8903290818877005,20
2012-06-05,5.896924562202088,20
2012-06-06,5.887088603194628,20
2012-06-07,5.8827603486084445,20
2012-06-08,5.872594097504968,20
2012-06-11,5.922361983384659,20
2012-06-12,5.923921671837224,20
2012-06-13,5.9672102646579805,20
2012-06-14,5.957345326973946,20
2012-06-15,5.974718277344743,20
2012-06-18,6.016171095578442,20
2012-06-19,6.0115552519204245,20
2012-06-20,6.041422079925947,20
2012-06-21,6.000515368096016,20
2012-06-25,5.943665169543261,20
2012-06-26,5.9497641036990245,20
2012-06-27,5.958726335679551,20
2012-06-28,5.955490054726846,20
2012-06-29,5.991581280130937,20
2012-07-02,6.011116346720274,20
2012-07-03,6.029966961337529,20
2012-07-04,6.02771940984698,20
2012-07-05,5.979497399618534,20
2012-07-06,6.003596294247366,20
2012-07-09,5.964084677961537,20
2012-07-10,5.955504107067032,20
2012-07-11,5.957565993555429,20
2012-07-12,5.977348849390441,20
2012-07-13,5.964336671962472,20
2012-07-16,5.865449222953096,20
2012-07-17,5.8780821700682955,20
2012-07-18,5.879097235265594,20
2012-07-19,5.916131915712445,20
2012-07-20,5.905067453056258,20
2012-07-23,5.897133682784383,20
2012-07-24,5.915520788503404,20
2012-07-25,5.906116681364945,20
2012-07-26,5.899003765207776,20
2012-07-27,5.895595447911407,20
2012-07-30,5.875544383531173,20
2012-07-31,5.8499629923987655,20
2012-08-01,5.860558551948666,20
2012-08-02,5.848435979881808,20
2012-08-03,5.885094186833219,20
2012-08-06,5.920562313498408,20
2012-08-07,5.930332568883924,20
2012-08-08,5.925528732307748,20
2012-08-09,5.958516231985776,20
2012-08-10,5.957123662051676,20
2012-08-13,5.9164993712749725,20
2012-08-14,5.933574634976283,20
2012-08-15,5.910287928913342,20
2012-08-16,5.911739444082086,20
2012-08-17,5.913562052598824,20
2012-08-20,5.9298663541265935,20
2012-08-21,5.973833673769327,20
2012-08-22,5.962132421035225,20
2012-08-23,6.001217727068148,20
2012-08-24,5.978335491157086,20
2012-08-27,5.952418534854672,20
2012-08-28,5.974682816251453,20
2012-08-29,5.979796567970558,20
2012-08-30,5.941049872963467,20
2012-08-31,5.9530708232401155,20
2012-09-03,5.970760383754369,20
2012-09-04,5.9742878752809965,20
2012-09-05,6.003045854378265,20
2012-09-06,6.014964893785642,20
2012-09-07,6.059213253515245,20
2012-09-10,6.060992745827733,20
2012-09-11,6.056407677777387,20
2012-09-12,6.064533905022911,20
2012-09-13,6.0485795138804095,20
2012-09-14,6.049737663783288,20
2012-09-17,5.999703837159389,20
2012-09-18,5.991360632701404,20
2012-09-19,5.997537294865688,20
2012-09-20,5.947544813428866,20
2012-09-21,5.931212792047068,20
2012-09-24,5.936037417267002,20
2012-09-25,5.932469913098799,20
2012-09-26,5.896382371144498,20
2012-09-27,5.926708502799001,20
2012-09-28,5.954202020231087,20
2012-10-08,5.942936167394083,20
2012-10-09,5.98408985599106,20
2012-10-10,5.994546639598296,20
2012-10-11,5.968571505391368,20
2012-10-12,5.965673724530135,20
2012-10-15,5.94641017863558,20
2012-10-16,5.9515323551868144,20
2012-10-17,5.963496710973028,20
2012-10-18,5.982182434259141,20
2012-10-19,5.978795821197353,20
2012-10-22,5.990251827412659,20
2012-10-23,5.978213122221374,20
2012-10-24,5.976257250115756,20
2012-10-25,5.966798074470947,20
2012-10-26,5.942646944065716,20
2012-10-29,5.940910961366186,20
2012-10-30,5.951508924529966,20
2012-10-31,5.95910342770168,20
2012-11-01,5.974806751407388,20
2012-11-02,5.980997616603706,20
2012-11-05,5.977503194639773,20
2012-11-06,5.969112785772318,20
2012-11-07,5.970028030856865,20
2012-11-08,5.945255160928257,20
2012-11-09,5.948731899798606,20
2012-11-12,5.952631485244699,20
2012-11-13,5.932090542066244,20
2012-11-14,5.934720791338507,20
2012-11-15,5.906298613911842,20
2012-11-16,5.897683692267952,20
2012-11-19,5.907027684805469,20
2012-11-20,5.905855111959127,20
2012-11-21,5.922397595859284,20
2012-11-22,5.915645739896047,20
2012-11-23,5.9137503552010395,20
2012-11-26,5.906249215499934,20
2012-11-27,5.855257059369259,20
2012-11-28,5.834032258017237,20
2012-11-29,5.816959636129046,20
2012-11-30,5.823483336421917,20
2012-12-03,5.786611686023601,20
2012-12-04,5.796144981076361,20
2012-12-05,5.835541303701356,20
2012-12-06,5.832876458976744,20
2012-12-07,5.858194365028503,20
2012-12-10,5.874708583337742,20
2012-12-11,5.86277458591415,20
2012-12-12,5.860663212302019,20
2012-12-13,5.854034334863421,20
2012-12-14,5.896639422492697,20
2012-12-17,5.904920629157646,20
2012-12-18,5.908608417117441,20
2012-12-19,5.914625883860407,20
2012-12-20,5.933383973938089,20
2012-12-21,5.948664971767452,20
2012-12-24,5.959626670105268,20
2012-12-25,5.990221421833988,20
2012-12-26,6.019156856828513,20
2012-12-27,5.988590568891452,20
2012-12-28,6.002603653669737,20
2012-12-31,6.004258581276947,20
2013-01-04,5.979624861419118,20
2013-01-07,6.034808599153862,20
2013-01-08,6.119536304513676,20
2013-01-09,6.10921034746266,20
2013-01-10,6.114637544758893,20
2013-01-11,6.088374092749845,20
2013-01-14,6.206551683230607,20
2013-01-15,6.239472943749478,20
2013-01-16,6.2064166836764985,20
2013-01-17,6.170658956876967,20
2013-01-18,6.210126921238041,20
2013-01-21,6.227641827816715,20
2013-01-22,6.158038918057153,20
2013-01-23,6.165824079018657,20
2013-01-24,6.087395946131491,20
2013-01-25,6.0827121390441405,20
2013-01-28,6.164926134378542,20
2013-01-29,6.206369223206758,20
2013-01-30,6.193946374596779,20
2013-01-31,6.157082302855903,20
2013-02-01,6.194134104400328,20
2013-02-04,6.171037069822123,20
2013-02-05,6.19871774301989,20
2013-02-06,6.218101329065939,20
2013-02-07,6.239375623769502,20
2013-02-08,6.30190899318271,20
2013-02-18,6.335752642802105,20
2013-02-19,6.285793600711624,20
2013-02-20,6.374578346446667,20
2013-02-21,6.32086486968448,20
2013-02-22,6.344139732516163,20
2013-02-25,6.408067871920235,20
2013-02-26,6.357234689267786,20
2013-02-27,6.332171765775405,20
2013-02-28,6.412345712318159,20
2013-03-01,6.498556394913977,20
2013-03-04,6.375685620472087,20
2013-03-05,6.485331699410353,20
2013-03-06,6.598643366971271,20
2013-03-07,6.544078101021724,20
2013-03-08,6.523658374163954,20
2013-03-11,6.5149755859066625,20
2013-03-12,6.335643265704485,20
2013-03-13,6.31486527909304,20
2013-03-14,6.316729949350158,20
2013-03-15,6.343527783716516,20
2013-03-18,6.2551856258390295,20
2013-03-19,6.268121333467348,20
2013-03-20,6.405718968530018,20
2013-03-21,6.463967454257739,20
2013-03-22,6.462238130192407,20
2013-03-25,6.466356227756838,20
2013-03-26,6.420103144297434,20
2013-03-27,6.43959153681338,20
2013-03-28,6.257686773255726,20
2013-03-29,6.232372929382984,20
2013-04-01,6.246702053289631,20
2013-04-02,6.179956783286726,20
2013-04-03,6.111771416848056,20
2013-04-08,6.0738876396337,20
2013-04-09,6.108947382120599,20
2013-04-10,6.1157300221382,20
2013-04-11,6.126124630324244,20
2013-04-12,6.117385541260354,20
2013-04-15,6.079781425308321,20
2013-04-16,6.168368061922072,20
2013-04-17,6.200533465404324,20
2013-04-18,6.216717093132751,20
2013-04-19,6.323678301611278,20
2013-04-22,6.3262845360877416,20
2013-04-23,6.208968542473595,20
2013-04-24,6.340540561992813,20
2013-04-25,6.322234464306146,20
2013-04-26,6.2209644318096915,20
2013-05-02,6.243621553727196,20
2013-05-03,6.318189567510203,20
2013-05-06,6.4259284078604235,20
2013-05-07,6.4250125051407005,20
2013-05-08,6.500927493672268,20
2013-05-09,6.55107545657333,20
2013-05-10,6.589098618726424,20
2013-05-13,6.608444616792448,20
2013-05-14,6.523047907322446,20
2013-05-15,6.63115678477413,20
2013-05-16,6.64709279527311,20
2013-05-17,6.729401869153097,20
2013-05-20,6.864774257240343,20
2013-05-21,6.960764617719424,20
2013-05-22,6.865386210344328,20
2013-05-23,6.8994289445216115,20
2013-05-24,7.044792862739265,20
2013-05-27,7.122346815804911,20
2013-05-28,7.018017755698243,20
2013-05-29,7.083543328576718,20
2013-05-30,7.10977020493151,20
2013-05-31,7.096813740155759,20
2013-06-03,7.016443195638913,20
2013-06-04,6.8804596497895565,20
2013-06-05,6.937095179045806,20
2013-06-06,6.836092350928071,20
2013-06-07,6.778444896210431,20
2013-06-13,6.62801626940333,20
2013-06-14,6.745297362643886,20
2013-06-17,6.811492270235139,20
2013-06-18,6.854646086038053,20
2013-06-19,6.866081593217885,20
2013-06-20,6.753798478879767,20
2013-06-21,6.730554139386042,20
2013-06-24,6.390696641478242,20
2013-06-25,6.33335451823325,20
2013-06-26,6.4489972277540595,20
2013-06-27,6.310427126934847,20
2013-06-28,6.237153437975804,20
2013-07-01,6.296836130060717,20
2013-07-02,6.351110681265373,20
2013-07-03,6.367563536054113,20
2013-07-04,6.392902194592003,20
2013-07-05,6.352670700772801,20
2013-07-08,6.253851037640663,20
2013-07-09,6.300667174497409,20
2013-07-10,6.372162744204051,20
2013-07-11,6.428059540416345,20
2013-07-12,6.424573720610055,20
2013-07-15,6.472345785083499,20
2013-07-16,6.510070554786232,20
2013-07-17,6.4803149118310195,20
2013-07-18,6.511012064378933,20
2013-07-19,6.472592081680459,20
2013-07-22,6.53566721043072,20
2013-07-23,6.601425090344452,20
2013-07-24,6.6249483370734845,20
2013-07-25,6.532514909189025,20
2013-07-26,6.5688155097397924,20
2013-07-29,6.547882942170003,20
2013-07-30,6.540001500832366,20
2013-07-31,6.5858847424383375,20
2013-08-01,6.720722189168711,20
2013-08-02,6.751023518330412,20
2013-08-05,6.833467819692061,20
2013-08-06,6.859895155935205,20
2013-08-07,6.81904135691184,20
2013-08-08,6.8796186962778005,20
2013-08-09,6.891858355660975,20
2013-08-12,6.950430476947219,20
2013-08-13,6.975013476800968,20
2013-08-14,6.987760134525942,20
2013-08-15,6.940510227624634,20
2013-08-16,6.8513166876564515,20
2013-08-19,6.934609680295203,20
2013-08-20,6.969364393677103,20
2013-08-21,7.009992572627517,20
2013-08-22,7.006642737941483,20
2013-08-23,6.972780702082371,20
2013-08-26,7.056658139846437,20
2013-08-27,7.073522324587276,20
2013-08-28,6.996577804540872,20
2013-08-29,7.03418048277616,20
2013-08-30,6.960955985336556,20
2013-09-02,7.006457270190029,20
2013-09-03,7.063391390539627,20
2013-09-04,7.048862971549864,20
2013-09-05,7.070579623760846,20
2013-09-06,7.0922730310779265,20
2013-09-09,7.136379091200091,20
2013-09-10,7.139960603930811,20
2013-09-11,7.115361308629793,20
2013-09-12,7.113973348411957,20
2013-09-13,7.138246485820624,20
2013-09-16,7.171544227139451,20
2013-09-17,7.095035627922926,20
2013-09-18,7.131233395347764,20
2013-09-23,7.210571006212109,20
2013-09-24,7.258274983303984,20
2013-09-25,7.273650145286785,20
2013-09-26,7.23525353163004,20
2013-09-27,7.227316380950844,20
2013-09-30,7.286649108751981,20
2013-10-08,7.338185779562535,20
2013-10-09,7.369038540579995,19
2013-10-10,7.332564253526982,19
2013-10-11,7.4126204079456945,19
2013-10-14,7.475014833101502,19
2013-10-15,7.457693485018025,19
2013-10-16,7.322213634617674,19
2013-10-17,7.366571658991493,19
2013-10-18,7.407585713185421,19
2013-10-21,7.562738695318209,19
2013-10-22,7.576980022852443,19
2013-10-23,7.449872340090179,19
2013-10-24,7.430608102998218,19
2013-10-25,7.415294275496884,19
2013-10-28,7.4567870084517125,19
2013-10-29,7.226428790658939,19
2013-10-30,7.381893713493723,19
2013-10-31,7.44523573230554,19
2013-11-01,7.400993161932675,19
2013-11-04,7.435024658310267,20
2013-11-05,7.480092112464773,20
2013-11-06,7.4428967579207645,20
2013-11-07,7.4061212475695495,20
2013-11-08,7.333323700457757,20
2013-11-11,7.4857587255496405,20
2013-11-12,7.621508650847941,20
2013-11-13,7.561905735034654,20
2013-11-14,7.746881977263945,20
2013-11-15,7.938447502521767,20
2013-11-18,8.04571600588119,20
2013-11-19,8.045986273921345,20
2013-11-20,8.035933195931127,20
2013-11-21,7.976167218735659,20
2013-11-22,7.985330307299841,20
2013-11-25,8.070646344837291,20
2013-11-26,8.128469710294777,20
2013-11-27,8.17967105901855,20
2013-11-28,8.251263461885525,20
2013-11-29,8.402028827268557,20
2013-12-02,7.8577195089677945,20
2013-12-03,8.002627784255138,20
2013-12-04,8.222380686344298,20
2013-12-05,8.304677549965811,20
2013-12-06,8.298891471258553,20
2013-12-09,8.424464834738144,20
2013-12-10,8.408041012407367,20
2013-12-11,8.32583536477904,20
2013-12-12,8.424279088928134,20
2013-12-13,8.528451135467954,20
2013-12-16,8.43499433363127,20
2013-12-17,8.36594749873729,20
2013-12-18,8.35425548126872,20
2013-12-19,8.305453825998834,20
2013-12-20,8.232104308970124,20
2013-12-23,8.199948078518684,20
2013-12-24,8.265344984816632,20
2013-12-25,8.451486268207887,20
2013-12-26,8.350436624707704,20
2013-12-27,8.499685460612776,20
2013-12-30,8.61003739452575,20
2013-12-31,8.54293295714842,20
2014-01-02,8.64036409657893,20
2014-01-03,8.625620997869802,20
2014-01-06,8.520560785050156,20
2014-01-07,8.576572763935493,20
2014-01-08,8.606810441073907,20
2014-01-09,8.451800820987737,20
2014-01-10,8.335544424444283,20
2014-01-13,8.332189282252916,20
2014-01-14,8.509454820176105,20
2014-01-15,8.666552952080892,20
2014-01-16,8.677314773384174,20
2014-01-17,8.652744292174878,20
2014-01-20,8.61796625060462,20
2014-01-21,8.775644283483969,20
2014-01-22,8.868898578337214,20
2014-01-23,8.951453549709496,20
2014-01-24,8.957238513777204,20
2014-01-27,8.918571567745994,20
2014-01-28,8.896534349249006,20
2014-01-29,8.992105650301127,20
2014-01-30,8.980330263554531,20
2014-02-07,9.072697271255704,20
2014-02-10,9.23674436655623,20
2014-02-11,9.253128666288168,20
2014-02-12,9.379493955269464,20
2014-02-13,9.255771465921443,20
2014-02-14,9.458081868831638,20
2014-02-17,9.63305668489006,20
2014-02-18,9.641319340308755,20
2014-02-19,9.591690336421367,20
2014-02-20,9.520612768140277,20
2014-02-21,9.49126150568769,20
2014-02-24,9.5485516893958,20
2014-02-25,9.25896599825796,20
2014-02-26,9.294982274271103,20
2014-02-27,9.254292641771011,20
2014-02-28,9.349851719317002,20
2014-03-03,9.456117650056386,20
2014-03-04,9.435384225072285,20
2014-03-05,9.40641544043571,20
2014-03-06,9.394229679586221,20
2014-03-07,9.347761678845266,20
2014-03-10,9.109133146953425,20
2014-03-11,9.085450788891622,20
2014-03-12,9.119528691451448,20
2014-03-13,9.180850979146124,20
2014-03-14,9.209379331473846,20
2014-03-17,9.340164034930675,20
2014-03-18,9.424532347464309,20
2014-03-19,9.418366373858397,20
2014-03-20,9.282656847183748,20
2014-03-21,9.392374418701763,20
2014-03-24,9.466463542910972,20
2014-03-25,9.451967635992137,20
2014-03-26,9.46546395212973,20
2014-03-27,9.307736080821856,20
2014-03-28,9.144744109654233,20
2014-03-31,9.091390373429428,20
2014-04-01,9.19090636110489,20
2014-04-02,9.172544389898876,20
2014-04-03,9.209508194213157,20
2014-04-04,9.249454659501188,20
2014-04-08,9.284550000066629,20
2014-04-09,9.371219011537717,20
2014-04-10,9.374910649025551,20
2014-04-11,9.33603673057196,20
2014-04-14,9.409148548969073,20
2014-04-15,9.364905141369645,20
2014-04-16,9.399350001409642,20
2014-04-17,9.418317210136003,20
2014-04-18,9.422517810473643,20
2014-04-21,9.322968482343637,20
2014-04-22,9.259961882283886,20
2014-04-23,9.24578541271927,20
2014-04-24,9.242870030244616,20
2014-04-25,9.116623049110332,20
2014-04-28,8.951836261183997,20
2014-04-29,9.007847150445425,20
2014-04-30,9.06992330972709,20
2014-05-05,9.109354755840418,20
2014-05-06,9.159920644351793,20
2014-05-07,9.11333896052981,20
2014-05-08,9.145686028521549,20
2014-05-09,9.12261866769286,20
2014-05-12,9.206534310380729,20
2014-05-13,9.20692343190438,20
2014-05-14,9.198373948387188,20
2014-05-15,9.125627183253977,20
2014-05-16,9.093748378285468,20
2014-05-19,9.106668119414769,20
2014-05-20,9.141015941637502,20
2014-05-21,9.203245157070024,20
2014-05-22,9.228796654448134,20
2014-05-23,9.27897656401095,20
2014-05-26,9.339817790046553,20
2014-05-27,9.318205766333143,20
2014-05-28,9.368855787010908,20
2014-05-29,9.266988176223597,20
2014-05-30,9.300144586299735,20
2014-06-03,9.297491515948433,20
2014-06-04,9.280598046258357,20
2014-06-05,9.345367454255303,20
2014-06-06,9.337763669336299,20
2014-06-09,9.324204999128375,20
2014-06-10,9.37785343031806,20
2014-06-11,9.408638079920124,20
2014-06-12,9.425401721177954,20
2014-06-13,9.46314644055737,20
2014-06-16,9.52193488015679,20
2014-06-17,9.503170419997963,20
2014-06-18,9.465727869669509,20
2014-06-19,9.338238861552519,20
2014-06-20,9.416029466358518,20
2014-06-23,9.48705775371714,20
2014-06-24,9.519037065289243,20
2014-06-25,9.517236530430274,20
2014-06-26,9.600894615624604,20
2014-06-27,9.597400983615788,20
2014-06-30,9.658923039610253,20
2014-07-01,9.674198531767805,20
2014-07-02,9.695961247825185,20
2014-07-03,9.727875287617954,20
2014-07-04,9.746397310873848,20
2014-07-07,9.750125926296734,20
2014-07-08,9.786727609921517,20
2014-07-09,9.739815499639793,20
2014-07-10,9.741538033100845,20
2014-07-11,9.787689698190766,20
2014-07-14,9.873297688659123,20
2014-07-15,9.830365385905374,20
2014-07-16,9.783907082113984,20
2014-07-17,9.779084538946181,20
2014-07-18,9.798985047626664,20
2014-07-21,9.77208158950407,20
2014-07-22,9.8184096442757,20
2014-07-23,9.756481355009605,20
2014-07-24,9.76848106042672,20
2014-07-25,9.790740140369596,20
2014-07-28,9.853058580093162,20
2014-07-29,9.90566201059279,20
2014-07-30,9.909641244215504,20
2014-07-31,9.963783132316502,20
2014-08-01,9.906353717975753,20
2014-08-04,10.022102208120751,20
2014-08-05,10.074501027034492,20
2014-08-06,10.07974014020693,20
2014-08-07,10.013628563326726,20
2014-08-08,10.068873325247749,20
2014-08-11,10.147695971351125,20
2014-08-12,10.155597085371994,20
2014-08-13,10.203335909174978,20
2014-08-14,10.216662746195272,20
2014-08-15,10.309152931134278,20
2014-08-18,10.37736386516108,20
2014-08-19,10.37897411138355,20
2014-08-20,10.433641896855157,20
2014-08-21,10.444813838793298,20
2014-08-22,10.529237155640248,20
2014-08-25,10.526709654728979,20
2014-08-26,10.408063876748143,20
2014-08-27,10.425084883730811,20
2014-08-28,10.428774303798278,20
2014-08-29,10.478994805160335,20
2014-09-01,10.578002882945164,20
2014-09-02,10.698650633101645,20
2014-09-03,10.793819875784079,20
2014-09-04,10.862601625546834,20
2014-09-05,10.91831033697772,20
2014-09-09,11.061976387977042,20
2014-09-10,11.12455042469517,20
2014-09-11,11.07429160255269,20
2014-09-12,11.198999648825907,20
2014-09-15,11.306746740729485,20
2014-09-16,11.00368064597678,20
2014-09-17,11.106410410072053,20
2014-09-18,11.206249230412348,20
2014-09-19,11.278643868308187,20
2014-09-22,11.27330505837584,20
2014-09-23,11.43004246527588,20
2014-09-24,11.581530542101723,20
2014-09-25,11.514589669480142,20
2014-09-26,11.59640720596982,20
2014-09-29,11.779978197930763,20
2014-09-30,11.840358602369843,20
2014-10-08,11.918160511330507,20
2014-10-09,11.90366761194493,20
2014-10-10,11.877440629702257,20
2014-10-13,11.988686299961131,20
2014-10-14,11.971595451321985,20
2014-10-15,11.989080885350656,20
2014-10-16,11.85778407043432,20
2014-10-17,11.752275560948018,20
2014-10-20,11.903464570409307,20
2014-10-21,11.846373634820061,20
2014-10-22,11.739669545125585,20
2014-10-23,11.59401093690716,20
2014-10-24,11.624410989380804,20
2014-10-27,11.78813630771153,20
2014-10-28,12.088960665526196,20
2014-10-29,12.214564252577834,20
2014-10-30,12.235546212312594,20
2014-10-31,12.202131588398117,20
2014-11-03,12.368744198467457,20
2014-11-04,12.239223211856041,20
2014-11-05,12.236371913437305,20
2014-11-06,12.476056079434837,20
2014-11-07,12.478187562823015,20
2014-11-10,12.529210832408902,20
2014-11-11,12.065525452086817,20
2014-11-12,12.353980093957562,20
2014-11-13,12.175515149672105,20
2014-11-14,12.088737325756068,20
2014-11-17,12.281724502496731,20
2014-11-18,12.324124633079597,20
2014-11-19,12.480019709846308,20
2014-11-20,12.419874294710464,20
2014-11-21,12.609272922741807,20
2014-11-24,12.687624873176553,20
2014-11-25,12.81361059395832,20
2014-11-26,12.863013093294809,20
2014-11-27,13.034264709866857,20
2014-11-28,13.064863704996853,20
2014-12-01,12.840615980638836,20
2014-12-02,13.071686041726586,20
2014-12-03,13.18945612816593,20
2014-12-04,13.204113994908655,20
2014-12-05,12.742909831632334,20
2014-12-08,12.57589588095453,20
2014-12-09,11.921620288097092,20
2014-12-10,12.352503660248779,20
2014-12-11,12.535998791744724,20
2014-12-12,12.64537780244596,20
2014-12-15,12.925476287342475,20
2014-12-16,12.881214614355033,20
2014-12-17,12.616045705845133,20
2014-12-18,12.565211990931509,20
2014-12-19,12.392353068755451,20
2014-12-22,11.761345007254056,20
2014-12-23,11.801175704516254,20
2014-12-24,12.236912255112642,20
2014-12-25,12.503796536580836,20
2014-12-26,12.52260838199996,20
2014-12-29,12.309506324484849,20
2014-12-30,12.081431421700131,20
2014-12-31,12.171429813791471,20
2015-01-05,12.124936392582036,20
2015-01-06,12.461742167506223,20
2015-01-07,12.385410977692805,20
2015-01-08,12.422754506242653,20
2015-01-09,12.330348572809479,20
2015-01-12,12.206601267519094,20
2015-01-13,12.396470265390457,20
2015-01-14,12.367673027380851,20
2015-01-15,12.367241921875372,20
2015-01-16,12.527991063444576,20
2015-01-19,12.433371853201923,20
2015-01-20,12.895342504516,20
2015-01-21,13.158532110547059,20
2015-01-22,13.352412212529101,20
2015-01-23,13.245149206140091,20
2015-01-26,13.474838860433167,20
2015-01-27,13.49376722795586,20
2015-01-28,13.504449923777761,20
2015-01-29,13.369337198899505,20
2015-01-30,13.10789393833653,20
2015-02-02,13.088104447884506,20
2015-02-03,13.248756662018911,20
2015-02-04,13.291690612934953,20
2015-02-05,13.272890118514344,20
2015-02-06,13.0617143234205,20
2015-02-09,13.005060578684837,20
2015-02-10,13.123960009777935,20
2015-02-11,13.25956977721759,20
2015-02-12,13.375200561662735,20
2015-02-13,13.65357014261707,20
2015-02-16,13.918064682491522,20
2015-02-17,13.94606901067756,20
2015-02-25,13.789824457267903,20
2015-02-26,13.844415051026132,20
2015-02-27,14.014547784064018,20
2015-03-02,14.186344977034903,20
2015-03-03,14.106297465542985,20
2015-03-04,14.317703739963022,20
2015-03-05,14.37416014430715,20
2015-03-06,14.387336384424868,20
2015-03-09,14.640140384072062,20
2015-03-10,14.728033714372268,20
2015-03-11,14.85996518362938,20
2015-03-12,14.82023917730005,20
2015-03-13,14.977000116618639,20
2015-03-16,15.269240176150845,20
2015-03-17,15.306440587127826,20
2015-03-18,15.551617123815046,20
2015-03-19,15.68379437641607,20
2015-03-20,15.919609940529261,20
2015-03-23,16.478463333305697,20
2015-03-24,16.452500833868577,20
2015-03-25,16.664376062537805,20
2015-03-26,16.405857828816725,20
2015-03-27,16.606274321283585,20
2015-03-30,16.554127233761303,20
2015-03-31,16.761997949339992,20
2015-04-01,17.234503914938628,20
2015-04-02,17.693424084735422,20
2015-04-03,18.12519771050889,20
2015-04-07,18.586866850628017,20
2015-04-08,18.60791577667343,20
2015-04-09,18.485313214789517,20
2015-04-10,18.843924659088323,20
2015-04-13,19.269204004217062,20
2015-04-14,18.927598867637926,20
2015-04-15,18.102330774316123,20
2015-04-16,18.23268729054902,20
2015-04-17,18.235137966680043,20
2015-04-20,18.08465540364527,20
2015-04-21,18.60887796364021,20
2015-04-22,19.001694576225393,20
2015-04-23,18.98751701610291,20
2015-04-24,18.94582647918564,20
2015-04-27,19.035751007760645,20
2015-04-28,18.641503850766004,20
2015-04-29,18.94167811272761,20
2015-04-30,18.878920577607026,20
2015-05-04,19.073891473426553,20
2015-05-05,18.830542891018016,19
2015-05-06,18.745192950056452,19
2015-05-07,18.480918754551713,19
2015-05-08,19.14353081341418,19
2015-05-11,19.927026192607503,19
2015-05-12,20.135586417447218,19
2015-05-13,20.05137254992153,19
2015-05-14,20.552095829067834,19
2015-05-15,20.599748031153766,19
2015-05-18,21.296539885622195,19
2015-05-19,21.554338348823425,19
2015-05-20,21.78173691226764,19
2015-05-21,22.354251078759972,19
2015-05-22,22.486048573764556,19
2015-05-25,22.68391849894515,19
2015-05-26,23.71236723825588,19
2015-05-27,24.531506070410387,19
2015-05-28,24.15305949273436,19
2015-05-29,24.54833050984398,19
2015-06-01,25.424598864807365,19
2015-06-02,26.39845939620343,19
2015-06-03,26.711843695714013,19
2015-06-04,26.212738938085675,19
2015-06-05,26.506662111311126,19
2015-06-08,25.999640197956484,19
2015-06-09,26.018699738004624,19
2015-06-10,26.263903442055582,19
2015-06-11,26.565926439136963,19
2015-06-12,27.01370899618389,19
2015-06-15,26.527051710208898,19
2015-06-16,25.669644114044623,19
2015-06-17,26.242139325303132,19
2015-06-18,25.61081555494781,19
2015-06-19,24.253883129731346,19
2015-06-23,24.180424613866286,19
2015-06-24,24.698985734109787,19
2015-06-25,24.074577693790122,19
2015-06-26,22.621428664446846,19
2015-06-29,21.541444063445216,19
2015-06-30,22.254198362926548,19
2015-07-01,21.605836980497703,19
2015-07-02,20.665825340098028,20
2015-07-03,19.785052747375886,20
2015-07-06,19.12375221670105,20
2015-07-07,18.159973791600375,20
2015-07-08,17.949485518640504,20
2015-07-09,18.942395892030625,20
2015-07-10,19.98999509970993,20
2015-07-13,21.087208833367608,20
2015-07-14,21.728091139367265,20
2015-07-15,20.828922395872258,20
2015-07-16,21.164664945922002,20
2015-07-17,22.064387508371745,20
2015-07-20,22.390926633497017,20
2015-07-21,22.66131807486878,20
2015-07-22,22.93597168519025,20
2015-07-23,23.491074840078806,20
2015-07-24,23.131706250046907,20
2015-07-27,21.910254490094832,20
2015-07-28,21.25394873634499,20
2015-07-29,22.071645169230504,20
2015-07-30,21.716176982869637,20
2015-07-31,21.48319468445269,20
2015-08-03,20.721437222552957,20
2015-08-04,21.561143136520332,20
2015-08-05,21.63939039810348,20
2015-08-06,21.69996685773869,20
2015-08-07,22.165711199200747,20
2015-08-10,22.80036520932474,20
2015-08-11,23.06728507264293,20
2015-08-12,23.002808659920802,20
2015-08-13,23.376855125431167,20
2015-08-14,23.334026176718655,20
2015-08-17,23.47425981621189,20
2015-08-18,22.446174859742786,20
2015-08-19,22.824730366347374,20
2015-08-20,22.619458010810856,20
2015-08-21,21.862251838950456,20
2015-08-24,20.819456177978015,20
2015-08-25,19.833732836858882,20
2015-08-26,19.5193479186738,20
2015-08-27,19.998324790820217,20
2015-08-28,20.714632159898073,20
2015-08-31,20.41279822758088,20
2015-09-01,19.939029045793465,20
2015-09-02,19.767762158433563,20
2015-09-07,19.932307695810643,20
2015-09-08,20.282830000504465,20
2015-09-09,20.525155371701736,20
2015-09-10,20.42070949526275,20
2015-09-11,20.508922313614807,20
2015-09-14,20.03003985291441,20
2015-09-15,19.708352988005434,20
2015-09-16,20.172202108612577,20
2015-09-17,20.14618436083642,20
2015-09-18,20.3087611906853,20
2015-09-21,20.54084770030653,20
2015-09-22,20.568349753109587,20
2015-09-23,20.52857444563178,20
2015-09-24,20.64855222908241,20
2015-09-25,20.421295798688167,20
2015-09-28,20.637014592350376,20
2015-09-29,20.596804797694478,20
2015-09-30,20.645808441006018,20
2015-10-08,20.8544734271347,20
2015-10-09,20.971768253105584,19
2015-10-12,21.153091630641878,19
2015-10-13,21.240379229906008,19
2015-10-14,21.181657923659326,19
2015-10-15,21.396944956974643,19
2015-10-16,21.433736714275508,19
2015-10-19,21.420334853444274,19
2015-10-20,21.523802724723808,19
2015-10-21,21.211784878853123,19
2015-10-22,21.4792476657027,19
2015-10-23,21.780085254239467,19
2015-10-26,21.833329680298053,19
2015-10-27,21.874070382802365,19
2015-10-28,21.77582895754971,19
2015-10-29,21.839971599032445,19
2015-10-30,21.899269612827243,19
2015-11-02,21.931626945316054,19
2015-11-03,22.056893487571713,20
2015-11-04,22.433875745685494,20
2015-11-05,22.285745240827772,20
2015-11-06,22.625162672378657,20
2015-11-09,22.850235806150703,20
2015-11-10,22.844588514829724,20
2015-11-11,23.178989077630906,20
2015-11-12,23.422420903310545,20
2015-11-13,22.98128111962777,20
2015-11-16,23.205380308091065,20
2015-11-17,22.974192870772047,20
2015-11-18,22.7026734138896,20
2015-11-19,23.051305908564576,20
2015-11-20,23.235856141374867,20
2015-11-23,23.14678144283745,20
2015-11-24,23.523692626772267,20
2015-11-25,23.638430794064377,20
2015-11-26,23.484493039215145,20
2015-11-27,22.94231792319844,20
2015-11-30,23.21511476290671,20
2015-12-01,23.156118884445405,20
2015-12-02,23.073959895011534,19
2015-12-03,23.322073583936994,19
2015-12-04,23.3164439153628,19
2015-12-07,23.42433438214776,19
2015-12-08,23.39563719183116,19
2015-12-09,23.32511298483569,19
2015-12-10,23.258402967566525,19
2015-12-11,23.221670362748686,19
2015-12-14,23.413375010176768,19
2015-12-15,23.49945184231214,19
2015-12-16,23.677093533282225,19
2015-12-17,23.947217124750615,19
2015-12-18,23.958812155497906,19
2015-12-21,23.999220704409474,19
2015-12-22,23.99410224668957,19
2015-12-23,23.94008199225676,19
2015-12-24,24.04766121385395,19
2015-12-25,24.19698154395129,19
2015-12-28,23.88466109066253,19
2015-12-29,24.07406098897117,19
2015-12-30,24.15317215174287,19
2015-12-31,23.910504877334663,19
2016-01-04,22.81034379863636,19
2016-01-05,22.48658785120194,20
2016-01-06,22.795914311615487,20
2016-01-07,21.748496550483967,20
2016-01-08,21.84838121613125,20
2016-01-11,20.923094532102507,20
2016-01-12,21.07240608110024,20
2016-01-13,20.65882664313985,20
2016-01-14,21.104223905331946,20
2016-01-15,20.75624932348723,20
2016-01-18,21.015916980191285,20
2016-01-19,21.45018579236471,20
2016-01-20,21.389596301629396,20
2016-01-21,21.08000525449678,20
2016-01-22,21.295393695332486,20
2016-01-25,21.404408145756992,20
2016-01-26,20.51987739088922,20
2016-01-27,20.49972472194079,20
2016-01-28,20.10597175376083,20
2016-01-29,20.55505414728699,20
2016-02-01,20.54040188506573,20
2016-02-02,20.742595013615322,20
2016-02-03,20.781877555342117,20
2016-02-04,20.901427143387437,20
2016-02-05,20.83780210106298,20
2016-02-15,20.823306192879315,20
2016-02-16,21.056281184363776,20
2016-02-17,21.096361341719245,20
2016-02-18,21.09099157199248,20
2016-02-19,21.12064903493158,20
2016-02-22,21.281984588218275,20
2016-02-23,21.2406130808083,20
2016-02-24,21.211539324050943,20
2016-02-25,20.73244447787414,20
2016-02-26,20.732123244052726,20
2016-02-29,20.3864150747619,20
2016-03-01,20.506671953662778,20
2016-03-02,20.75382107299344,20
2016-03-03,20.747086670168386,20
2016-03-04,20.547308550597084,20
2016-03-07,20.684100393178408,20
2016-03-08,20.774184889017278,20
2016-03-09,20.633233480076715,20
2016-03-10,20.540638460156114,20
2016-03-11,20.567209720620045,20
2016-03-14,20.799660401376794,20
2016-03-15,20.75110533407509,20
2016-03-16,20.7156724559792,20
2016-03-17,20.88057265407905,20
2016-03-18,21.07189822352699,20
2016-03-21,21.224964558436586,20
2016-03-22,21.23130113625349,20
2016-03-23,21.290150310342533,20
2016-03-24,21.312706213163267,20
2016-03-25,21.323527635985194,20
2016-03-28,21.293243972994304,20
2016-03-29,21.157806310457627,20
2016-03-30,21.363732293821418,20
2016-03-31,21.382439391853712,20
2016-04-01,21.369109548618848,20
2016-04-05,21.540607646816955,20
2016-04-06,21.569920971398428,20
2016-04-07,21.49013538050024,20
2016-04-08,21.445897979077657,20
2016-04-11,21.57508140991085,20
2016-04-12,21.547250317481367,20
2016-04-13,21.62379377193184,20
2016-04-14,21.681036396793278,20
2016-04-15,21.688080583826086,20
2016-04-18,21.613311166489282,20
2016-04-19,21.630567450060596,20
2016-04-20,21.392497596652927,20
2016-04-21,21.380585365768162,20
2016-04-22,21.42310498125847,20
2016-04-25,21.42071374643576,20
2016-04-26,21.493941750684492,20
2016-04-27,21.482717794944147,20
2016-04-28,21.46781587108645,20
2016-04-29,21.4688255246723,20
2016-05-03,21.678285734063845,20
2016-05-04,21.680925787187284,20
2016-05-05,21.750308909064113,20
2016-05-06,21.45755464881952,20
2016-05-09,21.11108835983781,20
2016-05-10,21.113094124593694,20
2016-05-11,21.106058663445108,20
2016-05-12,21.034673592939793,20
2016-05-13,21.003738918563265,20
2016-05-16,21.123149489662378,20
2016-05-17,21.14243292963026,20
2016-05-18,20.886786548150315,20
2016-05-19,20.93692450981015,20
2016-05-20,21.027416733947756,20
2016-05-23,21.181139858002734,20
2016-05-24,21.11797680965037,20
2016-05-25,21.160196455124712,20
2016-05-26,21.251825047666767,20
2016-05-27,21.25307107915575,20
2016-05-30,21.262986199342244,20
2016-05-31,21.609636119835727,20
2016-06-01,21.641753621438763,20
2016-06-02,21.713963491256234,20
2016-06-03,21.762845942982143,20
2016-06-06,21.78159310433235,20
2016-06-07,21.862416130835477,20
2016-06-08,21.87710797685612,20
2016-06-13,21.431443269734103,20
2016-06-14,21.434530433260115,20
2016-06-15,21.714593712368153,20
2016-06-16,21.73042288331434,20
2016-06-17,21.84733984226813,20
2016-06-20,21.981505478250295,20
2016-06-21,21.884187110735425,20
2016-06-22,22.075059676150882,20
2016-06-23,22.060032324051836,20
2016-06-24,21.962758563911823,20
2016-06-27,22.194119213377103,20
2016-06-28,22.34257187406579,20
2016-06-29,22.39772866656202,20
2016-06-30,22.371292739923263,20
2016-07-01,22.310057541288515,20
2016-07-04,22.543188125383672,20
2016-07-05,22.6509632374224,20
2016-07-06,22.83961261564752,20
2016-07-07,22.793168096624065,20
2016-07-08,22.757160452439617,20
2016-07-11,22.717236430883624,20
2016-07-12,22.878156482490926,20
2016-07-13,22.930769863576813,20
2016-07-14,22.947115593391608,20
2016-07-15,22.878510004482212,20
2016-07-18,22.843657244263234,20
2016-07-19,22.92034440501019,20
2016-07-20,22.99648057723737,20
2016-07-21,23.05648234768936,20
2016-07-22,22.918838329865764,20
2016-07-25,22.905709953681498,20
2016-07-26,23.0507536638856,20
2016-07-27,22.45505607566688,20
2016-07-28,22.48329930744219,20
2016-07-29,22.410945464881667,20
2016-08-01,22.196469155653784,20
2016-08-02,22.333658531595635,20
2016-08-03,22.432443920185612,20
2016-08-04,22.45767280008906,20
2016-08-05,22.349062031349426,20
2016-08-08,22.55367789925534,20
2016-08-09,22.67853642678513,20
2016-08-10,22.60245567004161,20
2016-08-11,22.342835858841063,20
2016-08-12,22.50780377272695,20
2016-08-15,22.886811749727073,20
2016-08-16,23.032172137082163,20
2016-08-17,23.020484185821072,20
2016-08-18,22.97755931108178,20
2016-08-19,23.125951200743277,20
2016-08-22,23.020826687920408,20
2016-08-23,23.042194599829898,20
2016-08-24,23.213427004601286,20
2016-08-25,23.20748882875421,20
2016-08-26,23.30955295291868,20
2016-08-29,23.479031512617908,20
2016-08-30,23.496740309876518,20
2016-08-31,23.531924451131406,20
2016-09-01,23.411727828217863,20
2016-09-02,23.60116022397955,20
2016-09-05,23.586404125929885,20
2016-09-06,23.869984459906135,20
2016-09-07,23.85168499078674,20
2016-09-08,24.03375424960784,20
2016-09-09,23.790314627176084,20
2016-09-12,23.199235039235457,20
2016-09-13,23.31906543747378,20
2016-09-14,23.18026174602328,20
2016-09-19,23.418917400911674,20
2016-09-20,23.35067846821287,20
2016-09-21,23.45206649095971,20
2016-09-22,23.611742571864017,20
2016-09-23,23.7027912922996,20
2016-09-26,23.264510441434904,20
2016-09-27,23.44099721268783,20
2016-09-28,23.499746637293153,20
2016-09-29,23.639307777387,20
2016-09-30,23.66674223049832,20
2016-10-10,24.072059094466088,20
2016-10-11,24.238396223313043,20
2016-10-12,24.265575576799616,20
2016-10-13,24.214553043182846,20
2016-10-14,24.284464623329765,20
2016-10-17,24.182475183505986,20
2016-10-18,24.482385050954832,20
2016-10-19,24.374825667097728,20
2016-10-20,24.45941933746826,20
2016-10-21,24.324108510727918,20
2016-10-24,24.571741107693043,20
2016-10-25,24.65265534575564,20
2016-10-26,24.59639193708526,20
2016-10-27,24.60377217047307,20
2016-10-28,24.55810733620693,20
2016-10-31,24.576344220046366,20
2016-11-01,24.961603516927426,20
2016-11-02,24.807870974545928,20
2016-11-03,24.92904803699511,20
2016-11-04,25.01245750871359,20
2016-11-07,24.970436191293842,20
2016-11-08,25.078624565212415,20
2016-11-09,24.85028365172165,20
2016-11-10,25.38750910182415,20
2016-11-11,25.664953534101283,20
2016-11-14,25.782677094917375,20
2016-11-15,25.851904377559464,20
2016-11-16,25.85349377940406,20
2016-11-17,25.894521628492644,20
2016-11-18,26.022632535950052,20
2016-11-21,26.38327245881231,20
2016-11-22,26.706417788533773,20
2016-11-23,26.36758823585088,20
2016-11-24,26.084788128837275,20
2016-11-25,26.14886534609418,20
2016-11-28,25.959770791802832,20
2016-11-29,25.745663891455546,20
2016-11-30,25.709985179598945,20
2016-12-01,26.042455909294777,20
2016-12-02,25.741659319961535,20
2016-12-05,25.78706883567357,20
2016-12-06,25.852703173742082,20
2016-12-07,26.20604145157358,20
2016-12-08,26.189839114565345,20
2016-12-09,26.040028443405582,20
2016-12-12,24.74419222641503,20
2016-12-13,24.79370400373561,20
2016-12-14,24.494155084153398,20
2016-12-15,24.66326565204568,20
2016-12-16,25.010284178779795,20
2016-12-19,25.19207807151414,20
2016-12-20,24.984512039070605,20
2016-12-21,25.15610335459326,20
2016-12-22,25.248015679634698,20
2016-12-23,24.776319562747332,20
2016-12-26,24.904757042576904,20
2016-12-27,24.99388176196045,20
2016-12-28,24.9473787485635,20
2016-12-29,24.82066415148455,20
2016-12-30,24.876214243951477,20
2017-01-03,25.02509741036727,20
2017-01-04,25.112289643736485,20
2017-01-05,25.006450075340258,20
2017-01-06,24.93870270150096,20
2017-01-09,24.99257340570672,20
2017-01-10,24.93489462831609,20
2017-01-11,24.701940450440212,20
2017-01-12,24.49716025784835,20
2017-01-13,24.09135857682866,20
2017-01-16,23.412334086088837,20
2017-01-17,23.639990535473444,20
2017-01-18,23.441397511350576,20
2017-01-19,23.383562546577306,20
2017-01-20,23.655851286231233,20
2017-01-23,23.84344999354398,20
2017-01-24,23.71828801120778,20
2017-01-25,23.812183204137902,20
2017-01-26,23.882950966652995,20
2017-02-03,23.772907127951513,20
2017-02-06,24.100477270552524,20
2017-02-07,24.150760022547633,20
2017-02-08,24.195056620251055,20
2017-02-09,24.369035952941676,20
2017-02-10,24.273749359457533,20
2017-02-13,24.410439880484038,20
2017-02-14,24.377162320370186,20
2017-02-15,24.20031056173204,20
2017-02-16,24.257174787082864,20
2017-02-17,24.139595149701897,20
2017-02-20,24.372406143186915,20
2017-02-21,24.515152605496855,20
2017-02-22,24.588477964132668,20
2017-02-23,24.727584408200713,20
2017-02-24,24.801022375909533,20
2017-02-27,24.65182718936653,20
2017-02-28,24.838808549757978,20
2017-03-01,24.89479268764373,20
2017-03-02,24.822712256950194,20
2017-03-03,24.987996535229396,20
2017-03-06,25.265260503266163,20
2017-03-07,25.35583203243263,20
2017-03-08,25.342200138128227,20
2017-03-09,25.220796299157875,20
2017-03-10,25.250109647439512,20
2017-03-13,25.425286781766232,20
2017-03-14,25.50799372764933,20
2017-03-15,25.63504403404954,20
2017-03-16,25.970296077509794,20
2017-03-17,25.912127523524067,20
2017-03-20,26.0938654273057,20
2017-03-21,26.291461856523703,20
2017-03-22,26.126712124577576,20
2017-03-23,26.22073777139574,20
2017-03-24,26.37029014706334,20
2017-03-27,26.224175671974855,20
2017-03-28,26.2628489666229,20
2017-03-29,26.030600761881505,20
2017-03-30,25.585443181074993,20
2017-03-31,25.81946502746368,20
2017-04-05,26.00514082690745,20
2017-04-06,26.127001095593386,20
2017-04-07,26.057436353086874,20
2017-04-10,25.70795536697407,20
2017-04-11,25.748977621530674,20
2017-04-12,25.498822213153453,20
2017-04-13,25.581931063998997,20
2017-04-14,25.321434027645026,20
2017-04-17,24.921144564540565,20
2017-04-18,24.75648699462514,20
2017-04-19,24.45936095924214,20
2017-04-20,24.318768602565207,20
2017-04-21,24.253858938094957,20
2017-04-24,23.892102195299227,20
2017-04-25,23.966348519037744,20
2017-04-26,23.999375565663716,20
2017-04-27,24.050574669377013,20
2017-04-28,24.128208447804166,20
2017-05-02,24.091457767300838,20
2017-05-03,24.10799517261455,20
2017-05-04,24.112361408597604,20
2017-05-05,24.033340241393127,20
2017-05-08,23.86068905337015,20
2017-05-09,23.941621581734132,20
2017-05-10,23.835235623945636,20
2017-05-11,23.815640089260164,20
2017-05-12,23.750719606276512,20
2017-05-15,23.758075205125763,20
2017-05-16,23.9647956797446,20
2017-05-17,23.998382233870565,20
2017-05-18,23.943420247612483,20
2017-05-19,23.929070701182614,20
2017-05-22,23.705329233199972,20
2017-05-23,23.243930262686973,20
2017-05-24,23.30999468456395,20
2017-05-25,23.303376733130577,20
2017-05-26,23.31427076382348,20
2017-05-31,23.308860608331308,20
2017-06-01,22.96772816305584,20
2017-06-02,23.082580265128428,20
2017-06-05,23.125500347745756,20
2017-06-06,23.163206442395953,20
2017-06-07,23.468595767144084,20
2017-06-08,23.478317788669074,20
2017-06-09,23.489163699373115,20
2017-06-12,23.36056414892546,20
2017-06-13,23.519781176919015,20
2017-06-14,23.572268021155697,20
2017-06-15,23.710912836724887,20
2017-06-16,23.65924483320612,20
2017-06-19,23.65263560354733,20
2017-06-20,23.676767349922528,20
2017-06-21,23.641799745298144,20
2017-06-22,23.49817813825059,20
2017-06-23,23.4968157423449,20
2017-06-26,23.597507507480525,20
2017-06-27,23.657806215947787,20
2017-06-28,23.61119658543524,20
2017-06-29,23.65624171281832,20
2017-06-30,23.721584589089645,20
2017-07-03,23.739534814725907,20
2017-07-04,23.712400983214838,20
2017-07-05,23.794652063985566,20
2017-07-06,23.78289738346824,20
2017-07-07,23.862448821460244,20
2017-07-10,23.725847760549062,20
2017-07-11,23.646242480877866,20
2017-07-12,23.669426143362884,20
2017-07-13,23.70829240007589,20
2017-07-14,23.630727135413657,20
2017-07-17,23.133905649409137,20
2017-07-18,23.272433453742238,20
2017-07-19,23.347740039683806,20
2017-07-20,23.38334306540318,20
2017-07-21,23.26780220224936,20
2017-07-24,23.308460189911575,20
2017-07-25,23.260561601422733,20
2017-07-26,23.255764815964465,20
2017-07-27,23.438829596780185,20
2017-07-28,23.42345798386636,20
2017-07-31,23.49020683274632,20
2017-08-01,23.497753749092865,20
2017-08-02,23.39674095726831,20
2017-08-03,23.437868273258026,20
2017-08-04,23.34236008797504,20
2017-08-07,23.414133776870568,20
2017-08-08,23.444138149382084,20
2017-08-09,23.486653278276137,20
2017-08-10,23.43599130029067,20
2017-08-11,23.394927683438233,20
2017-08-14,23.650888141595022,20
2017-08-15,23.727258000845655,20
2017-08-16,23.836044564645533,20
2017-08-17,23.908804033092974,20
2017-08-18,23.850501872461823,20
2017-08-21,23.914869860807137,20
2017-08-22,23.88143283610047,20
2017-08-23,23.919560610013942,20
2017-08-24,23.841906704445552,20
2017-08-25,24.01576723084929,20
2017-08-28,24.258012153542516,20
2017-08-29,24.27662477236005,20
2017-08-30,24.21917335313268,20
2017-08-31,24.40165169647593,20
2017-09-01,24.421670429474975,20
2017-09-04,24.550830225445676,20
2017-09-05,24.65838532865391,20
2017-09-06,24.775839852180418,20
2017-09-07,24.776541355080717,20
2017-09-08,24.762306886941946,20
2017-09-11,24.993580237067885,20
2017-09-12,24.683047707346486,20
2017-09-13,24.724162649440235,20
2017-09-14,24.631550624637324,20
2017-09-15,24.60022298930219,20
2017-09-18,24.831632492009366,20
2017-09-19,24.892707134836453,20
2017-09-20,25.130911074049457,20
2017-09-21,24.992434514042372,20
2017-09-22,25.040147839691947,20
2017-09-25,24.782434979944444,20
2017-09-26,24.614239239773593,20
2017-09-27,24.813706215183128,20
2017-09-28,24.764841104011516,20
2017-09-29,25.03934944787509,20
2017-10-09,25.379843506611103,20
2017-10-10,25.77634329297162,20
2017-10-11,25.696003597002452,20
2017-10-12,25.623482975961547,20
2017-10-13,25.97753471429433,20
2017-10-16,25.477958824559693,20
2017-10-17,25.590834900747517,20
2017-10-18,25.319931351657658,20
2017-10-19,25.116528655429267,20
2017-10-20,25.309140565832603,20
2017-10-23,25.395476779205342,20
2017-10-24,25.313567750446335,20
2017-10-25,25.670585688648064,20
2017-10-26,25.84912795852494,20
2017-10-27,25.78979682794625,20
2017-10-30,25.2450048503412,20
2017-10-31,25.522290586185807,20
2017-11-01,25.665346685714642,20
2017-11-02,25.401800307411275,20
2017-11-03,25.26435417522215,20
2017-11-06,25.54723410494226,20
2017-11-07,25.565859922516655,20
2017-11-08,25.63276363873887,20
2017-11-09,25.689397404354853,20
2017-11-10,25.790733578300394,20
2017-11-13,25.97503610171878,20
2017-11-14,25.68517502889574,20
2017-11-15,25.516922911012934,20
2017-11-16,25.42335885104892,20
2017-11-17,24.36968801912523,20
2017-11-20,24.198558358956486,20
2017-11-21,24.081061260679267,20
2017-11-22,24.02425105896957,20
2017-11-23,23.701569589699893,20
2017-11-24,23.76931367395828,20
2017-11-27,23.588252574134163,20
2017-11-28,23.83136332553069,20
2017-11-29,23.557270294406234,20
2017-11-30,23.51269260618901,20
2017-12-01,23.639410169393773,20
2017-12-04,23.41092696482479,20
2017-12-05,23.008916404392895,20
2017-12-06,23.179787465723077,20
2017-12-07,23.160461349334177,20
2017-12-08,23.36499573215313,20
2017-12-11,23.476421867714343,20
2017-12-12,23.26843658790542,20
2017-12-13,23.364231752450497,20
2017-12-14,23.424483110457203,20
2017-12-15,23.46373990600609,20
2017-12-18,23.367709340751055,20
2017-12-19,23.4236906139029,20
2017-12-20,23.229376437067142,20
2017-12-21,23.187961328898158,20
2017-12-22,23.176565251351168,20
2017-12-25,22.940249742911956,20
2017-12-26,23.168382424670664,20
2017-12-27,23.242824131952435,20
2017-12-28,23.387596787129716,20
2017-12-29,23.445064012586215,20
2018-01-02,23.42336813062452,20
2018-01-03,23.46053445846958,20
2018-01-04,23.421090016269808,20
2018-01-05,23.446509948897948,20
2018-01-08,23.41487407867829,20
2018-01-09,23.437911310659057,20
2018-01-10,23.29976319323234,20
2018-01-11,23.44051727253303,20
2018-01-12,23.354764451910523,20
2018-01-15,23.07478538360325,20
2018-01-16,23.204611419371247,20
2018-01-17,23.261967470947923,20
2018-01-18,23.250256989383182,20
2018-01-19,23.217106141040066,20
2018-01-22,23.32914030305275,20
2018-01-23,23.349944129780827,20
2018-01-24,23.444805968067033,20
2018-01-25,23.383333805124284,20
2018-01-26,23.338256572524458,20
2018-01-29,23.243512416336383,20
2018-01-30,23.25116578742656,20
2018-01-31,23.067598140979044,20
2018-02-01,22.70929404517749,20
2018-02-02,22.588027289477857,20
2018-02-05,22.43910833758726,20
2018-02-06,21.829591504062577,20
2018-02-07,21.92998737386249,20
2018-02-08,22.09227287541349,20
2018-02-09,21.955570251107215,20
2018-02-12,22.25271705752878,20
2018-02-13,22.27998659429728,20
2018-02-14,22.287459404977117,20
2018-02-22,22.428920702731755,20
2018-02-23,22.53464776740367,20
2018-02-26,22.862171470309764,20
2018-02-27,22.956577123844333,20
2018-02-28,22.95107613193969,20
2018-03-01,23.047724722598222,20
2018-03-02,22.974728930370535,20
2018-03-05,23.031852025706947,20
2018-03-06,23.186008594223367,20
2018-03-07,23.132548147650844,20
2018-03-08,23.312282413082357,20
2018-03-09,23.532570994260915,20
2018-03-12,23.632159307452504,20
2018-03-13,23.563667286978294,20
2018-03-14,23.5175188447334,20
2018-03-15,23.291389337742224,20
2018-03-16,23.336675201871675,20
2018-03-19,23.439368648647875,20
2018-03-20,23.486534914177245,20
2018-03-21,23.510246244473098,20
2018-03-22,23.599924812693413,20
2018-03-23,23.117142215877998,20
2018-03-26,23.312954829904132,20
2018-03-27,23.623090956428165,20
2018-03-28,23.692917751070773,20
2018-03-29,23.788560563472803,20
2018-03-30,24.021677641908745,20
2018-04-02,24.003104482798335,20
2018-04-03,23.999548262210144,20
2018-04-04,24.061513917254565,20
2018-04-09,24.12960538390822,20
2018-04-10,24.126630736034677,20
2018-04-11,24.212885239398293,20
2018-04-12,24.24054674447932,20
2018-04-13,24.23818485379523,20
2018-04-16,24.118905863646994,20
2018-04-17,23.925625909390543,20
2018-04-18,24.02363724229388,20
2018-04-19,23.981152008555366,20
2018-04-20,23.748240585877497,20
2018-04-23,23.769047330275896,20
2018-04-24,23.947632914865025,20
2018-04-25,24.000857614677823,20
2018-04-26,23.84881561711534,20
2018-04-27,23.85287583470304,20
2018-05-02,23.83486645055558,20
2018-05-03,23.92137132706671,20
2018-05-04,23.96847997419814,20
2018-05-07,24.07363567643452,20
2018-05-08,24.10938097249795,20
2018-05-09,24.122675184454003,20
2018-05-10,24.218140312854818,20
2018-05-11,24.112363124833863,20
2018-05-14,24.057536519384566,20
2018-05-15,24.134475397178008,20
2018-05-16,24.078053290061952,20
2018-05-17,24.0966136726928,20
2018-05-18,24.12035918037982,20
2018-05-21,24.21876998343009,20
2018-05-22,24.251503010894606,20
2018-05-23,24.226962190022473,20
2018-05-24,24.193043396288523,20
2018-05-25,24.19518295558952,20
2018-05-28,24.081130414073208,20
2018-05-29,24.01491667878903,20
2018-05-30,23.71932555191919,20
2018-05-31,23.842838251917037,20
2018-06-01,23.819076964416908,20
2018-06-04,23.863149290366863,20
2018-06-05,23.954034424440145,20
2018-06-06,24.001056263234528,20
2018-06-07,23.918761997369952,20
2018-06-08,23.868689516786116,20
2018-06-11,23.84024340149358,20
2018-06-12,23.852256603217832,20
2018-06-13,23.737814707868328,20
2018-06-14,23.68875322493758,20
2018-06-15,23.532254877165297,20
2018-06-19,23.09146138306505,20
2018-06-20,23.195982836686028,20
2018-06-21,23.075444212518207,20
2018-06-22,23.152721160758382,20
2018-06-25,23.10978907960588,20
2018-06-26,23.190476903538425,20
2018-06-27,23.149891407098334,20
2018-06-28,23.09725082268253,20
2018-06-29,23.24889687838425,20
2018-07-02,23.122047210033884,20
2018-07-03,23.200224246021943,20
2018-07-04,23.133339626066498,20
2018-07-05,23.02807492337479,20
2018-07-06,23.035089746941697,20
2018-07-09,23.15140935030521,20
2018-07-10,23.225758775831764,20
2018-07-11,23.058888473480028,20
2018-07-12,23.19588103080928,20
2018-07-13,23.1683189226283,20
2018-07-16,23.16844039137922,20
2018-07-17,23.192139883340342,20
2018-07-18,23.20057812144958,20
2018-07-19,23.201302774572063,20
2018-07-20,23.245539185167228,20
2018-07-23,23.27839053566852,20
2018-07-24,23.358126767655616,20
2018-07-25,23.351590797024667,20
2018-07-26,23.339476138001572,20
2018-07-27,23.313211431492853,20
2018-07-30,23.28262378565479,20
2018-07-31,23.27794249233156,20
2018-08-01,23.17307383143646,20
2018-08-02,23.036541330159448,20
2018-08-03,23.00057725177306,20
2018-08-06,22.931192420269245,20
2018-08-07,23.010691773128745,20
2018-08-08,22.935662036724942,20
2018-08-09,23.039943602381342,20
2018-08-10,23.04922333519178,20
2018-08-13,23.05592765398664,20
2018-08-14,23.095591783386904,20
2018-08-15,23.01028545126184,20
2018-08-16,22.9578164648749,20
2018-08-17,22.887642925298312,20
2018-08-20,22.91620107474452,20
2018-08-21,22.93838387323448,20
2018-08-22,22.880286961364053,20
2018-08-23,22.915897839542243,20
2018-08-24,22.913487928241285,20
2018-08-27,22.999468050263832,20
2018-08-28,23.011410088478183,20
2018-08-29,22.99025464207125,20
2018-08-30,22.929980953665595,20
2018-08-31,22.9077583935119,20
2018-09-03,22.870393702114374,20
2018-09-04,22.916513872158564,20
2018-09-05,22.8662743378621,20
2018-09-06,22.834976944070593,20
2018-09-07,22.860936012502492,20
2018-09-10,22.762543246467686,20
2018-09-11,22.785655017357403,20
2018-09-12,22.790706981303526,20
2018-09-13,22.820037234213117,20
2018-09-14,22.802829096568672,20
2018-09-17,22.68684777022539,20
2018-09-18,22.742805182658483,20
2018-09-19,22.789031370070134,20
2018-09-20,22.76276712930016,20
2018-09-21,22.81152420526293,20
2018-09-25,22.817106362091597,20
2018-09-26,22.846265842668057,20
2018-09-27,22.73331803756157,20
2018-09-28,22.776233495889816,20
2018-10-08,22.59106422346382,20
2018-10-09,22.581133161579494,20
2018-10-10,22.630136313041305,20
2018-10-11,22.353652121971454,20
2018-10-12,22.39355027067401,20
2018-10-15,22.391530073970376,20
2018-10-16,22.350371225725464,20
2018-10-17,22.38639900500694,20
2018-10-18,22.304191716487157,20
2018-10-19,22.37133700538431,20
2018-10-22,22.577991780718186,20
2018-10-23,22.504226348285123,20
2018-10-24,22.50217127851972,20
2018-10-25,22.48548583124535,20
2018-10-26,22.49961243863083,20
2018-10-29,22.457183334832134,20
2018-10-30,22.508535454697103,20
2018-10-31,22.577615301401142,20
2018-11-01,22.52114498147424,20
2018-11-02,22.630147380217128,20
2018-11-05,22.64543758681989,20
2018-11-06,22.641837531570165,20
2018-11-07,22.61528402636288,20
2018-11-08,22.60182986403068,20
2018-11-09,22.587604790201894,20
2018-11-12,22.71592019461864,20
2018-11-13,22.78557440909978,20
2018-11-14,22.80807693947219,20
2018-11-15,22.943342432607196,20
2018-11-16,22.994171874428332,20
2018-11-19,23.009818158536632,20
2018-11-20,22.910708630401736,20
2018-11-21,22.977519404433398,20
2018-11-22,22.98389921281932,20
2018-11-23,22.809768340087064,20
2018-11-26,22.78812109347625,20
2018-11-27,22.822394517644906,20
2018-11-28,22.86322319983418,20
2018-11-29,22.721475351198016,20
2018-11-30,22.7868905335559,20
2018-12-03,22.88194257019924,20
2018-12-04,22.916423069036593,20
2018-12-05,22.89153905724944,20
2018-12-06,22.83306629106574,20
2018-12-07,22.84384383899159,20
2018-12-10,22.78441741629674,20
2018-12-11,22.790089419921838,20
2018-12-12,22.81791726237502,20
2018-12-13,22.849985593993246,20
2018-12-14,22.768400182525703,20
2018-12-17,22.76019410595679,20
2018-12-18,22.716267541270533,20
2018-12-19,22.66049662376657,20
2018-12-20,22.68873810322963,20
2018-12-21,22.701773063425183,20
2018-12-24,22.7778733000622,20
2018-12-25,22.78168427821313,20
2018-12-26,22.791797998876646,20
2018-12-27,22.7698525869848,20
2018-12-28,22.76363179023542,20
2019-01-02,22.716281021639027,20
2019-01-03,22.69645449055924,20
2019-01-04,22.805281036202725,20
2019-01-07,22.87843828128443,20
2019-01-08,22.85444862593337,20
2019-01-09,22.865837506489946,20
2019-01-10,22.857410726689626,20
2019-01-11,22.887471955480127,20
2019-01-14,22.885226255772842,20
2019-01-15,22.921620653324783,20
2019-01-16,22.938281414921487,20
2019-01-17,22.885713159459144,20
2019-01-18,22.921100569244867,20
2019-01-21,22.934570988807593,20
2019-01-22,22.922424603098662,20
2019-01-23,22.93246951923672,20
2019-01-24,22.951679798727213,20
2019-01-25,22.907857137633908,20
2019-01-28,22.87490046705589,20
2019-01-29,22.787888497827637,20
2019-01-30,22.72279656570485,20
2019-01-31,22.62101717955998,20
2019-02-01,22.691512965083678,20
2019-02-11,22.781791892880317,19
2019-02-12,22.838645914005085,19
2019-02-13,22.899429591168744,19
2019-02-14,22.912489440344388,19
2019-02-15,22.934927075610833,19
2019-02-18,23.06888882537218,19
2019-02-19,23.066826498491125,19
2019-02-20,23.093921749785792,19
2019-02-21,23.06792813539446,19
2019-02-22,23.122057655054956,19
2019-02-25,23.273291127084416,19
2019-02-26,23.251962274788514,19
2019-02-27,23.22503904146196,19
2019-02-28,23.522730217682167,19
2019-03-01,23.533738255649833,19
2019-03-04,23.6626249383371,20
2019-03-05,23.900782126467288,20
2019-03-06,24.108858258656696,20
2019-03-07,24.26438304631191,20
2019-03-08,23.74621934067699,20
2019-03-11,24.19597166108981,20
2019-03-12,24.348287609507775,20
2019-03-13,24.251926174815022,20
2019-03-14,23.991775516340134,20
2019-03-15,24.176045347681228,20
2019-03-18,24.576523190968445,20
2019-03-19,24.602308131038054,20
2019-03-20,24.72735469672181,20
2019-03-21,24.847152871246227,20
2019-03-22,25.115393209264234,20
2019-03-25,25.08147391903285,20
2019-03-26,24.778990030800653,20
2019-03-27,24.931459904288154,20
2019-03-28,24.826775672922224,20
2019-03-29,25.024988366220814,20
2019-04-01,25.461237765039805,20
2019-04-02,25.504873004277613,20
2019-04-03,25.737142118846194,20
2019-04-04,25.857683062241616,20
2019-04-08,25.685206707717885,20
2019-04-09,25.695365591042606,20
2019-04-10,25.799975165043822,20
2019-04-11,25.455276677417476,20
2019-04-12,25.589409609917848,20
2019-04-15,25.480809186171033,20
2019-04-16,25.56713373874617,20
2019-04-17,25.65517315525632,20
2019-04-18,25.71736123887956,20
2019-04-19,25.928156051031657,20
2019-04-22,25.76689223618196,20
2019-04-23,25.650011100762313,20
2019-04-24,25.900762675913278,20
2019-04-25,25.522720067337694,20
2019-04-26,25.391628732711002,20
2019-04-29,25.232415439183665,20
2019-04-30,25.443337169318706,20
2019-05-06,24.28626255694437,20
2019-05-07,24.601222541781826,20
2019-05-08,24.655895190164586,20
2019-05-09,24.65250019129503,20
2019-05-10,25.173856804320515,20
2019-05-13,25.30796634387141,20
2019-05-14,25.166808046456612,20
2019-05-15,25.42160518653791,20
2019-05-16,25.58768310936953,20
2019-05-17,25.099668695714367,20
2019-05-20,24.95240555566503,20
2019-05-21,25.416831155995197,20
2019-05-22,25.15305727577435,20
2019-05-23,24.828670133736207,20
2019-05-24,24.778790825988683,20
2019-05-27,25.23032065990612,20
2019-05-28,25.367608047807504,20
2019-05-29,25.56032573151553,20
2019-05-30,25.469323907179817,20
2019-05-31,25.489567125283045,20
2019-06-03,25.260284526113672,20
2019-06-04,25.057972439145118,19
2019-06-05,25.17239180211392,19
2019-06-06,24.897057284200162,19
2019-06-10,25.02848748201548,19
2019-06-11,25.51258013491139,19
2019-06-12,25.433701776004344,19
2019-06-13,25.583314525298494,19
2019-06-14,25.294330161072732,19
2019-06-17,25.34984698623802,19
2019-06-18,25.328021765773798,19
2019-06-19,25.51953902104452,19
2019-06-20,25.782781096003795,19
2019-06-21,26.0171646662717,19
2019-06-24,26.04625507876127,19
2019-06-25,25.85989431389372,19
2019-06-26,25.97953956308222,19
2019-06-27,26.147236370819723,19
2019-06-28,25.905306748824575,19
2019-07-01,26.20622787107676,19
2019-07-02,26.371498164086738,20
2019-07-03,26.250864772224194,20
2019-07-04,26.272528918586165,20
2019-07-05,26.340944726995193,20
2019-07-08,25.898460583649022,20
2019-07-09,26.09644308373905,20
2019-07-10,26.10149956807227,20
2019-07-11,26.212047151632547,20
2019-07-12,26.306081041346904,20
2019-07-15,26.344771942780845,20
2019-07-16,26.390191066508443,20
2019-07-17,26.320264190335653,20
2019-07-18,25.96651829589855,20
2019-07-19,26.043005391052322,20
2019-07-22,25.577063672302227,20
2019-07-23,25.74867336292204,20
2019-07-24,25.908310330835064,20
2019-07-25,25.95608319969284,20
2019-07-26,25.99459366176192,20
2019-07-29,26.07550238376336,20
2019-07-30,26.148625907951523,20
2019-07-31,26.083521145279644,20
2019-08-01,26.08947697018074,20
2019-08-02,25.7627307855922,20
2019-08-05,25.526074969602053,20
2019-08-06,25.069415357464173,20
2019-08-07,25.018614299267483,20
2019-08-08,25.02370232465903,20
2019-08-09,24.8463820751292,20
2019-08-12,25.108203035405797,20
2019-08-13,25.041744433967924,20
2019-08-14,25.061053312267468,20
2019-08-15,25.057302849879992,20
2019-08-16,25.35013728432765,20
2019-08-19,25.770913118884916,20
2019-08-20,25.72833698270594,20
2019-08-21,25.74875219384575,20
2019-08-22,25.81940645712076,20
2019-08-23,25.70562905172869,20
2019-08-26,25.602202333680836,20
2019-08-27,25.91777336080911,20
2019-08-28,25.998135423979857,20
2019-08-29,25.993438415099202,20
2019-08-30,25.673978755093703,20
2019-09-02,25.989822740923653,20
2019-09-03,26.039736741189518,20
2019-09-04,26.156399394421147,20
2019-09-05,26.232253123579323,20
2019-09-06,26.34328292262017,20
2019-09-09,26.683187670048834,20
2019-09-10,26.73666119849777,20
2019-09-11,26.689666450816997,20
2019-09-12,26.820245777074028,20
2019-09-16,26.872385245676934,20
2019-09-17,26.481833186002703,20
2019-09-18,26.58961914743687,20
2019-09-19,26.84091667754403,20
2019-09-20,26.92780657612782,20
2019-09-23,26.875515539574003,20
2019-09-24,26.823758884738194,20
2019-09-25,26.59177445515747,20
2019-09-26,26.16607899268185,20
2019-09-27,26.373016755928848,20
2019-09-30,26.305553728700446,20
2019-10-08,26.372638744239012,20
2019-10-09,26.505387797615406,20
2019-10-10,26.78821360534111,20
2019-10-11,26.802089479731332,20
2019-10-14,27.088696199453064,20
2019-10-15,26.989807639227646,20
2019-10-16,26.88370250643804,20
2019-10-17,26.82735242667681,20
2019-10-18,26.72036231435464,20
2019-10-21,26.633244189703408,20
2019-10-22,26.84355296418206,20
2019-10-23,26.751889439308243,20
2019-10-24,26.836432060783775,20
2019-10-25,26.958466349715806,20
2019-10-28,27.070003841089925,20
2019-10-29,26.778483942940998,20
2019-10-30,26.563701500990145,20
2019-10-31,26.51465155252434,20
2019-11-01,26.581984729562997,20
2019-11-04,26.53726907595512,20
2019-11-05,26.568707746991553,20
2019-11-06,26.59488723668979,20
2019-11-07,26.610037717309,20
2019-11-08,26.610271491193586,20
2019-11-11,26.315440537189453,20
2019-11-12,26.32777839389133,20
2019-11-13,26.28249869166526,20
2019-11-14,26.35204405654786,20
2019-11-15,26.14974275972916,20
2019-11-18,26.172583915916903,20
2019-11-19,26.30394638308048,20
2019-11-20,26.17223206542423,20
2019-11-21,26.17207708409586,20
2019-11-22,26.113107276140184,20
2019-11-25,26.15216322830529,20
2019-11-26,26.115631263182287,20
2019-11-27,26.045814089863438,20
2019-11-28,25.98641182932119,20
2019-11-29,25.97302891626228,20
2019-12-02,26.016821895706233,20
2019-12-03,26.0681083560559,20
2019-12-04,26.106184839706362,20
2019-12-05,26.202076017155655,20
2019-12-06,26.224494339068386,20
2019-12-09,26.249921384034014,20
2019-12-10,26.30218551924044,20
2019-12-11,26.247145440448314,20
2019-12-12,26.207287520868178,20
2019-12-13,26.330252469960794,20
2019-12-16,26.434214956852784,20
2019-12-17,26.493339680810962,20
2019-12-18,26.524388479518265,20
2019-12-19,26.595391995000742,20
2019-12-20,26.551981110349146,20
2019-12-23,26.382277679581055,20
2019-12-24,26.53875183693002,20
2019-12-25,26.577519117063026,20
2019-12-26,26.698166419744172,20
2019-12-27,26.768824729670726,20
2019-12-30,26.848888650637985,20
2019-12-31,26.938890542287904,20
2020-01-02,27.12015697618944,20
2020-01-03,27.154766946292664,20
2020-01-06,27.177845129960396,20
2020-01-07,27.355823969781635,20
2020-01-08,27.170263001188314,20
2020-01-09,27.389041253619517,20
2020-01-10,27.366169243727096,20
2020-01-13,27.543968940187476,20
2020-01-14,27.616886381967017,20
2020-01-15,27.720750921917027,20
2020-01-16,27.48779269394672,20
2020-01-17,27.52729972216673,20
2020-01-20,27.69737077462314,20
2020-01-21,27.627101051455384,20
2020-01-22,27.549378733938394,20
2020-01-23,26.994890406054125,20
2020-02-03,25.08684419846013,20
2020-02-04,24.72469114750166,20
2020-02-05,25.05147178172457,20
2020-02-06,25.38465978371724,20
2020-02-07,25.556017657200062,20
2020-02-10,25.967976683711736,20
2020-02-11,25.822341797541664,20
2020-02-12,25.992100330844934,20
2020-02-13,25.77364289776186,20
2020-02-14,25.79798120259906,20
2020-02-17,26.526247832516972,20
2020-02-18,26.659118855470815,20
2020-02-19,26.608647118539267,20
2020-02-20,26.947533741772077,20
2020-02-21,27.082839907841628,20
2020-02-24,27.115531419050065,20
2020-02-25,26.774789283471595,20
2020-02-26,26.735543034124614,20
2020-02-27,26.9234382639072,20
2020-02-28,25.907586857876087,20
2020-03-02,26.540000378201643,20
2020-03-03,26.685648623111643,20
2020-03-04,26.98407477048385,20
2020-03-05,27.358216324874498,20
2020-03-06,27.46598983237742,20
2020-03-09,27.09771191212155,20
2020-03-10,27.415756425397266,20
2020-03-11,27.395706352897033,20
2020-03-12,27.056521459991224,20
2020-03-13,26.885637657057284,20
2020-03-16,26.672305047460164,20
2020-03-17,26.965226519431887,20
2020-03-18,26.755072256680275,20
2020-03-19,26.932381542582206,20
2020-03-20,27.15984842192886,20
2020-03-23,26.773391338222982,20
2020-03-24,26.995111982554373,20
2020-03-25,27.354189681858582,20
2020-03-26,27.226557762023422,20
2020-03-27,27.337144501182507,20
2020-03-30,27.064273166385696,20
2020-03-31,27.003800369865473,20
2020-04-01,26.87811753156018,20
2020-04-02,27.0030736133732,20
2020-04-03,26.933414186297966,20
2020-04-07,27.205041898950704,20
2020-04-08,27.389416752930824,20
2020-04-09,27.484634013323436,20
2020-04-10,27.349583547033777,20
2020-04-13,27.316337822046258,20
2020-04-14,27.472249829136963,20
2020-04-15,27.48351769175735,20
2020-04-16,27.46325656245039,20
2020-04-17,27.44198039871065,20
2020-04-20,27.543503772364595,20
2020-04-21,27.605241182981402,20
2020-04-22,27.621686461789423,20
2020-04-23,27.687707579425652,20
2020-04-24,27.623729622580424,20
2020-04-27,27.649981298185864,20
2020-04-28,27.516367714326343,20
2020-04-29,27.532934162169862,20
2020-04-30,27.597563169407938,20
2020-05-06,27.53849036641629,20
2020-05-07,27.581398867588018,20
2020-05-08,27.767986369272126,20
2020-05-11,27.802612853431164,20
2020-05-12,27.745908381071068,20
2020-05-13,27.92593127647807,20
2020-05-14,27.894494938798942,20
2020-05-15,27.89793856244469,20
2020-05-18,27.88354511059756,20
2020-05-19,28.16763952002009,20
2020-05-20,28.148447873153827,20
2020-05-21,28.070678994882776,20
2020-05-22,27.996342453400757,20
2020-05-25,28.150579851051635,20
2020-05-26,28.503638542085927,20
2020-05-27,28.50659835411761,20
2020-05-28,28.318823716651057,20
2020-05-29,28.42073886279258,20
2020-06-01,28.80779802627086,20
2020-06-02,29.02140478343397,20
2020-06-03,29.108483978447765,20
2020-06-04,29.44117037525138,20
2020-06-05,29.55847672580665,20
2020-06-08,29.55709158489467,20
2020-06-09,29.604043735076097,20
2020-06-10,29.534822144068997,20
2020-06-11,29.408735961553145,20
2020-06-12,29.288618362746007,20
2020-06-15,29.1651243573783,20
2020-06-16,29.40220198388423,20
2020-06-17,29.56077238715801,20
2020-06-18,29.558921076322836,20
2020-06-19,29.662269630091448,20
2020-06-22,29.701695521394395,20
2020-06-23,29.674535396903448,20
2020-06-24,29.567483839967124,20
2020-06-29,29.507507344314515,20
2020-06-30,29.74939024315036,20
2020-07-01,29.832765784232016,20
2020-07-02,30.160007192134593,20
2020-07-03,30.337394148156044,20
2020-07-06,31.06068860874129,20
2020-07-07,31.312380812089465,20
2020-07-08,31.904332350413956,20
2020-07-09,32.37628292443658,20
2020-07-10,32.18241392757543,20
2020-07-13,33.02846823910243,20
2020-07-14,33.06952959426658,20
2020-07-15,32.41240668930184,20
2020-07-16,31.736532945906678,20
2020-07-17,31.74915612447118,20
2020-07-20,32.71385355907415,20
2020-07-21,32.84886060026789,20
2020-07-22,32.68693191923769,20
2020-07-23,32.3859902161482,20
2020-07-24,31.634667262465978,20
2020-07-27,31.534755773511566,20
2020-07-28,31.83659690035902,20
2020-07-29,32.24159947250785,20
2020-07-30,32.37205040771198,20
2020-07-31,32.61379670941755,20
2020-08-03,33.084228199986946,20
2020-08-04,33.03952497924135,20
2020-08-05,33.13030972652838,20
2020-08-06,33.11414692913619,20
2020-08-07,32.85541075028279,20
2020-08-10,33.35487564021716,20
2020-08-11,32.99047036266607,20
2020-08-12,32.74748182012437,20
2020-08-13,33.06762110121214,20
2020-08-14,33.4691116274512,20
2020-08-17,33.923666325800255,20
2020-08-18,34.085677561554725,20
2020-08-19,33.921074324134885,20
2020-08-20,34.009595421783914,20
2020-08-21,34.350628280543546,20
2020-08-24,34.46729069639312,20
2020-08-25,34.70200669713852,20
2020-08-26,34.53478684767736,20
2020-08-27,34.65743330573863,20
2020-08-28,34.8717967317088,20
2020-08-31,34.77688971089885,20
2020-09-01,35.07330045742982,20
2020-09-02,35.33361240838426,20
2020-09-03,35.164168494837476,20
2020-09-04,35.26959313447786,20
2020-09-07,35.01767701920641,20
2020-09-08,35.458779970975115,20
2020-09-09,34.89303365248273,20
2020-09-10,33.51913969161693,20
2020-09-11,33.97663820469746,20
2020-09-14,34.414734190615455,20
2020-09-15,34.33200745327493,20
2020-09-16,34.3015689507947,20
2020-09-17,34.46368357637737,20
2020-09-18,34.67832274676413,20
2020-09-21,34.64745360634224,20
2020-09-22,34.12797212515912,20
2020-09-23,34.53750776098521,20
2020-09-24,33.78887358096726,20
2020-09-25,33.851474575904625,20
2020-09-28,33.07889034217652,20
2020-09-29,33.066650315719606,20
2020-09-30,33.03558874570644,20
2020-10-09,33.50857931785973,20
2020-10-12,34.17012153258461,20
2020-10-13,34.102767610602406,20
2020-10-14,34.024677712903404,20
2020-10-15,34.09880590572704,20
2020-10-16,34.17385084781555,20
2020-10-19,34.02179438677188,20
2020-10-20,34.27023488742364,20
2020-10-21,34.071277921718234,20
2020-10-22,33.93313515600002,20
2020-10-23,33.664047755077526,20
2020-10-26,33.853115924082516,20
2020-10-27,33.74721029648256,20
2020-10-28,33.78556584879649,20
2020-10-29,33.70606823657642,20
2020-10-30,33.16166043510507,20
2020-11-02,33.06995147269674,20
2020-11-03,33.49752432402183,20
2020-11-04,33.458799579422895,20
2020-11-05,33.720482109160045,20
2020-11-06,33.67857946857839,20
2020-11-09,33.985870087858856,20
2020-11-10,33.87510911570894,20
2020-11-11,33.830092574557874,20
2020-11-12,33.94101791696025,20
2020-11-13,33.84782309029175,20
2020-11-16,34.45316924510762,20
2020-11-17,34.401699158812434,20
2020-11-18,34.41983869863971,20
2020-11-19,34.326601096466376,20
2020-11-20,34.38368474870456,20
2020-11-23,34.644234969639285,20
2020-11-24,34.64505070137317,20
2020-11-25,34.34422767880088,20
2020-11-26,34.50511735446536,20
2020-11-27,34.497899304339086,20
2020-11-30,34.44459959239106,20
2020-12-01,34.5444223766755,20
2020-12-02,34.573302235183355,20
2020-12-03,34.768781975044305,20
2020-12-04,34.74336190446777,20
2020-12-07,34.583062806740934,20
2020-12-08,34.48982622513712,20
2020-12-09,34.16513405768799,20
2020-12-10,34.10407621331418,20
2020-12-11,33.65506304831275,20
2020-12-14,33.74168238139583,20
2020-12-15,33.67665806484948,20
2020-12-16,33.336205056027524,20
2020-12-17,33.46686677296003,20
2020-12-18,33.25984084223513,20
2020-12-21,33.29637802854576,20
2020-12-22,32.97737647766193,20
2020-12-23,32.94910862398284,20
2020-12-24,32.567247825962724,20
2020-12-25,32.794274277468205,20
2020-12-28,32.50739455521335,20
2020-12-29,32.51182777856565,20
2020-12-30,32.6618193703405,20
2020-12-31,32.78567855633102,20
2021-01-04,32.82468548852353,20
2021-01-05,32.76681379457278,20
2021-01-06,32.285440004592225,20
2021-01-07,31.596210447321074,20
2021-01-08,31.618107724049576,20
2021-01-11,31.097488869096704,20
2021-01-12,31.13987266649819,20
2021-01-13,30.60109308295578,20
2021-01-14,30.7965619502865,20
2021-01-15,31.230720585931877,20
2021-01-18,31.691157757430528,20
2021-01-19,31.913124458816284,20
2021-01-20,31.76236507151847,20
2021-01-21,31.882064316772606,20
2021-01-22,31.82485192075358,20
2021-01-25,31.505609108819264,20
2021-01-26,31.59290875832563,20
2021-01-27,31.462112524217172,20
2021-01-28,31.357934673646373,20
2021-01-29,31.11671759612461,20
2021-02-01,31.095747654064358,20
2021-02-02,31.10184562399915,20
2021-02-03,30.956837206985217,20
2021-02-04,30.73401599159861,20
2021-02-05,30.70102123236125,20
2021-02-08,30.64508485842012,20
2021-02-09,30.804556370683834,20
2021-02-10,30.84501598547231,20
2021-02-18,31.126008191619096,20
2021-02-19,31.421893430115336,20
2021-02-22,31.59718414599705,20
2021-02-23,31.518937207880345,20
2021-02-24,31.52444183621185,20
2021-02-25,31.4286098113739,20
2021-02-26,31.455669740166414,20
2021-03-01,31.604671232177754,20
2021-03-02,31.480062992597915,20
2021-03-03,31.58972272761851,20
2021-03-04,31.58394020832418,20
2021-03-05,31.69603449488391,20
2021-03-08,31.601142030285782,20
2021-03-09,31.4995164940625,20
2021-03-10,31.302069106469975,20
2021-03-11,31.445715744282275,20
2021-03-12,31.411306677647318,20
2021-03-15,31.4552680340432,20
2021-03-16,31.63019534844468,20
2021-03-17,31.7026855584269,20
2021-03-18,31.728432398938512,20
2021-03-19,31.75580054624699,20
2021-03-22,31.884542125837957,20
2021-03-23,31.806505409957595,20
2021-03-24,31.832634868928622,20
2021-03-25,31.737223516081755,20
2021-03-26,31.82002114546387,20
2021-03-29,31.88756639317445,20
2021-03-30,31.885911997885696,20
2021-03-31,31.924677852106477,20
2021-04-01,31.862244249632482,20
2021-04-02,31.844688183833988,20
2021-04-06,31.926236823887507,20
2021-04-07,32.012797568442714,20
2021-04-08,31.905114916784356,20
2021-04-09,31.94061036070139,20
2021-04-12,31.91937728409065,20
2021-04-13,31.839882296579447,20
2021-04-14,32.00489529800954,20
2021-04-15,31.945681024011233,20
2021-04-16,32.07799006209069,20
2021-04-19,32.14968531129083,20
2021-04-20,32.130556787462254,20
2021-04-21,32.17339563280226,20
2021-04-22,32.23420487737297,20
2021-04-23,32.137745184485645,20
2021-04-26,32.09678447564102,20
2021-04-27,31.952715086849743,20
2021-04-28,31.98052493092542,20
2021-04-29,32.12893346851134,20
2021-04-30,31.956317318926363,20
2021-05-06,31.976351103490316,20
2021-05-07,31.90675790609075,20
2021-05-10,31.83926551284159,20
2021-05-11,31.835580283986076,20
2021-05-12,31.91377620544154,20
2021-05-13,31.902165086478384,20
2021-05-14,32.015291681929945,20
2021-05-17,31.99864262781228,20
2021-05-18,31.97494335152051,20
2021-05-19,31.98642845887312,20
2021-05-20,31.958002400561643,20
2021-05-21,31.95131332357082,20
2021-05-24,31.99328393073377,20
2021-05-25,32.10116109136303,20
2021-05-26,32.173347786099164,20
2021-05-27,32.24818746764599,20
2021-05-28,32.16287162899696,20
2021-05-31,32.34176701303561,20
2021-06-01,32.56444278180015,20
2021-06-02,32.614111782147255,20
2021-06-03,32.68622543305033,20
2021-06-04,32.70994798211104,20
2021-06-07,32.84589250766198,20
2021-06-08,32.83792569734628,20
2021-06-09,32.90286728526989,20
2021-06-10,32.948350529216285,20
2021-06-11,32.96086287440046,20
2021-06-15,32.647269872333965,20
2021-06-16,32.44138939775114,20
2021-06-17,32.45409551900317,20
2021-06-18,32.598919883747804,20
2021-06-21,32.775244924162116,20
2021-06-22,32.927393780652636,20
2021-06-23,33.01589780938355,20
2021-06-24,33.07080426983778,20
2021-06-25,32.95759713274864,20
2021-06-28,33.214581233786674,20
2021-06-29,33.07581548813336,20
2021-06-30,33.18358037093778,20
2021-07-01,33.022923544732215,20
2021-07-02,32.854807835089325,20
2021-07-05,33.1952449197158,20
2021-07-06,33.259998439128275,20
2021-07-07,33.31519841699954,20
2021-07-08,33.20296378457507,20
2021-07-09,33.34734457549697,20
2021-07-12,33.58862040263621,20
2021-07-13,33.600848765035444,20
2021-07-14,33.40423656260376,20
2021-07-15,32.97791671418897,20
2021-07-16,32.82793794691555,20
2021-07-19,32.73400444950418,20
2021-07-20,32.72283162387915,20
2021-07-21,32.93422371437557,20
2021-07-22,33.14408302526608,20
2021-07-23,32.80151371967881,20
2021-07-26,32.50509741403091,20
2021-07-27,32.34833208530907,20
2021-07-28,31.974000632609048,20
2021-07-29,32.33425825629506,20
2021-07-30,32.66836924179968,20
2021-08-02,33.057681450177576,20
2021-08-03,33.13973144650133,20
2021-08-04,33.24064106733028,20
2021-08-05,33.18952568369283,20
2021-08-06,33.08120763444092,20
2021-08-09,33.52954701647262,20
2021-08-10,33.71059421597542,20
2021-08-11,33.917875307388385,20
2021-08-12,33.87957467193527,20
2021-08-13,33.902174695018815,20
2021-08-16,34.16499390935006,20
2021-08-17,33.70382652655305,20
2021-08-18,33.912294152249466,20
2021-08-19,33.750326237035964,20
2021-08-20,33.61364246380754,20
2021-08-23,34.24674287544155,20
2021-08-24,34.291008267102555,20
2021-08-25,34.53158807972825,20
2021-08-26,34.54117156097615,20
2021-08-27,34.51631682758656,20
2021-08-30,34.30638238477997,20
2021-08-31,34.41348534940585,20
2021-09-01,34.495675106270674,20
2021-09-02,34.574634184358175,20
2021-09-03,34.75217035981049,20
2021-09-06,34.96873798651863,20
2021-09-07,35.23822611827484,20
2021-09-08,35.40117893459043,20
2021-09-09,35.438913107018394,20
2021-09-10,35.29866482088438,20
2021-09-13,35.657341517468204,20
2021-09-14,35.382296298317726,20
2021-09-15,35.44486584841728,20
2021-09-16,35.44682293691062,20
2021-09-17,35.35496853644543,20
2021-09-22,35.6508231034958,20
2021-09-23,35.597268574766275,20
2021-09-24,35.13409436186915,20
2021-09-27,34.57303369059402,20
2021-09-28,34.611243163213835,20
2021-09-29,34.06923957879778,20
2021-09-30,34.4616932976755,20
2021-10-08,34.962251138259845,20
2021-10-11,35.04045055011553,20
2021-10-12,35.01785569906936,20
2021-10-13,35.1752764659016,20
2021-10-14,35.20557904013863,20
2021-10-15,35.182176426599895,20
2021-10-18,35.218289358786365,20
2021-10-19,35.2020222524244,20
2021-10-20,35.12383512078693,20
2021-10-21,34.942528852513504,20
2021-10-22,34.77503523275189,20
2021-10-25,34.721877919141434,20
2021-10-26,34.591857162393666,20
2021-10-27,34.196209059623726,20
2021-10-28,34.06264713811219,20
2021-10-29,34.116337859002854,20
2021-11-01,34.36622448564582,20
2021-11-02,34.0761303629677,20
2021-11-03,34.35712384112241,20
2021-11-04,34.559639744006965,20
2021-11-05,34.55315618510935,20
2021-11-08,34.69013365594417,20
2021-11-09,34.964310323537205,20
2021-11-10,35.14965542938072,20
2021-11-11,35.32272869427675,20
2021-11-12,35.46660237480161,20
2021-11-15,35.79488177698461,20
2021-11-16,35.69744119264781,20
2021-11-17,35.99673727650829,20
2021-11-18,35.655325349886766,20
2021-11-19,36.0268024076073,20
2021-11-22,36.2065184447013,20
2021-11-23,36.32576665091697,20
2021-11-24,36.45313543419579,20
2021-11-25,36.56854421204212,20
2021-11-26,36.424865681834056,20
2021-11-29,36.19557431912914,20
2021-11-30,36.57732382539777,20
2021-12-01,36.74769250024063,20
2021-12-02,36.52317202344107,20
2021-12-03,36.52926879517127,20
2021-12-06,36.02345582608864,20
2021-12-07,36.091494525838705,20
2021-12-08,36.08868029002242,20
2021-12-09,36.45872033452377,20
2021-12-10,36.59813170410795,20
2021-12-13,36.59325288754414,20
2021-12-14,36.75308917583746,20
2021-12-15,36.876332702463344,20
2021-12-16,36.94262303542126,20
2021-12-17,37.07749921659739,20
2021-12-20,37.1931356609703,20
2021-12-21,37.52221053852113,20
2021-12-22,37.61594953046147,20
2021-12-23,37.45339488580898,20
2021-12-24,36.98941942352303,20
2021-12-27,37.202202169397175,20
2021-12-28,37.3455405230776,20
2021-12-29,37.24806430933539,20
2021-12-30,37.40651452028583,20
2021-12-31,37.50139701576027,20
2022-01-04,38.06803099206416,20
2022-01-05,37.77889289151462,20
2022-01-06,38.07682551252859,20
2022-01-07,37.843638682699414,20
2022-01-10,38.2557669175947,20
2022-01-11,38.243205744534116,20
2022-01-12,38.713954518562794,20
2022-01-13,38.53659470664231,20
2022-01-14,38.19995838466329,20
2022-01-17,38.67347780317523,20
2022-01-18,38.32176526891354,20
2022-01-19,38.66300925774534,20
2022-01-20,37.76760890514071,20
2022-01-21,37.42456204889764,20
2022-01-24,37.18520493354152,20
2022-01-25,36.03899089763485,20
2022-01-26,36.38461388814302,20
2022-01-27,35.59666511641082,20
2022-01-28,36.093959599585375,20
2022-02-07,36.61556041040693,20
2022-02-08,36.94756105214368,20
2022-02-09,37.017169689250636,20
2022-02-10,36.920299345196,20
2022-02-11,36.639744583869906,20
2022-02-14,36.70270054222517,20
2022-02-15,36.64640824473492,20
2022-02-16,37.034710041284754,20
2022-02-17,37.1227659288751,20
2022-02-18,37.16004941271216,20
2022-02-21,37.54534963546855,20
2022-02-22,37.410552044752116,20
2022-02-23,37.63695781380822,20
2022-02-24,37.22055725710197,20
2022-02-25,37.340353836374284,20
2022-02-28,37.18889155276476,20
2022-03-01,37.34894822574493,20
2022-03-02,37.42376222329569,20
2022-03-03,37.35498877925768,20
2022-03-04,37.13045011693479,20
2022-03-07,36.715674947196206,20
2022-03-08,36.18037407243327,20
2022-03-09,35.793494093993104,20
2022-03-10,35.985108108203214,20
2022-03-11,36.18096284125879,20
2022-03-14,35.69817986166116,20
2022-03-15,34.71098982317187,20
2022-03-16,35.067366020101375,20
2022-03-17,35.4752441917696,20
2022-03-18,35.747521007711185,20
2022-03-21,36.05915521025292,20
2022-03-22,36.07964212021882,20
2022-03-23,35.941463587428544,20
2022-03-24,35.7125802068413,20
2022-03-25,35.691768426311185,20
2022-03-28,35.59598662969399,20
2022-03-29,35.39589191817596,20
2022-03-30,35.69744096487039,20
2022-03-31,35.82844418445588,20
2022-04-01,35.747335798509354,20
2022-04-06,35.88600493055058,20
2022-04-07,35.75729015311082,20
2022-04-08,35.629118895668675,20
2022-04-11,35.35589327470384,20
2022-04-12,35.515401560000555,20
2022-04-13,35.43520478472082,20
2022-04-14,35.51694111361425,20
2022-04-15,35.31934032079613,20
2022-04-18,35.4340913516298,20
2022-04-19,35.50527472039624,20
2022-04-20,35.51218579316891,20
2022-04-21,35.32974620046744,20
2022-04-22,35.30733271104995,20
2022-04-25,34.56325113360465,20
2022-04-26,33.95341157531735,20
2022-04-27,34.01680858742492,20
2022-04-28,33.770180988336016,20
2022-04-29,34.184722796445506,20
2022-05-05,34.32296960078874,20
2022-05-06,34.31839622491112,20
2022-05-09,34.45003804222074,20
2022-05-10,34.547006002908084,20
2022-05-11,34.56137382737832,20
2022-05-12,34.712403222819944,20
2022-05-13,34.745405942538056,20
2022-05-16,34.72216082047703,20
2022-05-17,34.70519497822282,20
2022-05-18,34.772259736148925,20
2022-05-19,34.811312446330106,20
2022-05-20,34.90050298377512,20
2022-05-23,35.009024434252474,20
2022-05-24,34.64983778025894,20
2022-05-25,34.802258341039696,20
2022-05-26,34.84849514665513,20
2022-05-27,34.810274793119234,20
2022-05-30,34.82072763234406,20
2022-05-31,34.939458246973466,20
2022-06-01,35.03378811911364,20
2022-06-02,35.20004965718031,20
2022-06-06,35.34824627596549,20
2022-06-07,35.27641323884572,20
2022-06-08,35.200808885860496,20
2022-06-09,35.03518697515383,20
2022-06-10,35.11161252418917,20
2022-06-13,35.096189440024546,20
2022-06-14,35.08591249509104,20
2022-06-15,35.06544947323628,20
2022-06-16,35.096609768616695,20
2022-06-17,35.110599335790326,20
2022-06-20,35.29283895218798,20
2022-06-21,35.26854290459154,20
2022-06-22,35.170446765916026,20
2022-06-23,35.32568650171356,20
2022-06-24,35.40555677495225,20
2022-06-27,35.48071558958242,20
2022-06-28,35.596481386360324,20
2022-06-29,35.4366647286815,20
2022-06-30,35.587394261996316,20
2022-07-01,35.462200817370814,20
2022-07-04,35.52123783632023,20
2022-07-05,35.23032241851497,20
2022-07-06,35.24445797440025,20
2022-07-07,35.102111305204,20
2022-07-08,35.35351980342014,20
2022-07-11,35.16590761641368,20
2022-07-12,34.80524150880226,20
2022-07-13,35.11755333405533,20
2022-07-14,35.451431814491926,20
2022-07-15,35.12546895565596,20
2022-07-18,35.766949857433644,20
2022-07-19,35.99471353650737,20
2022-07-20,35.95585593490396,20
2022-07-21,36.19400648282732,20
2022-07-22,36.032619363952456,20
2022-07-25,36.037559863795344,20
2022-07-26,36.061459238156125,20
2022-07-27,36.27654003940757,20
2022-07-28,36.52980986331538,20
2022-07-29,36.447278054506626,20
2022-08-01,36.486293053370105,20
2022-08-02,35.81183997097657,20
2022-08-03,35.947373398181824,20
2022-08-04,36.103427803142395,20
2022-08-05,36.44490849032755,20
2022-08-08,36.70474240340456,20
2022-08-09,36.734501571714965,20
2022-08-10,36.859643940051456,20
2022-08-11,37.06601763133297,20
2022-08-12,36.93364511901945,20
2022-08-15,36.86305458097505,20
2022-08-16,37.12796726473367,20
2022-08-17,37.273381491197014,20
2022-08-18,37.29532497828163,20
2022-08-19,37.058416503389005,20
2022-08-22,37.09933678738409,20
2022-08-23,37.175026609089706,20
2022-08-24,36.54137765098059,20
2022-08-25,36.39300133609579,20
2022-08-26,36.278225795399386,20
2022-08-29,36.64939379866286,20
2022-08-30,36.5429251994392,20
2022-08-31,36.2634544526427,20
2022-09-01,36.19382816479264,20
2022-09-02,36.36996165415356,20
2022-09-05,36.44201741062693,20
2022-09-06,36.46065293062246,20
2022-09-07,36.49010527610357,20
2022-09-08,36.414959786641816,20
2022-09-09,36.380204744569504,20
2022-09-13,36.43056415224377,20
2022-09-14,36.42133487334281,20
2022-09-15,36.2125959678911,20
2022-09-16,35.90725050451229,20
2022-09-19,35.796086086363594,20
2022-09-20,35.92247115849686,20
2022-09-21,35.981555978252004,20
2022-09-22,35.98086192020864,20
2022-09-23,35.86691127015712,20
2022-09-26,35.60718984267912,20
2022-09-27,35.861336588089266,20
2022-09-28,35.79290344411544,20
2022-09-29,35.731248115805556,20
2022-09-30,35.57558147939135,20
2022-10-10,35.508340623048625,20
2022-10-11,35.5377930766987,20
2022-10-12,35.78403497019105,20
2022-10-13,35.93054366887842,20
2022-10-14,36.05096574839381,20
2022-10-17,36.23709634735766,20
2022-10-18,36.250095181115455,20
2022-10-19,36.23762859577852,20
2022-10-20,36.2281637069158,20
2022-10-21,36.27234551206969,20
2022-10-24,36.18075834732,20
2022-10-25,36.31657443038241,20
2022-10-26,36.482917243759516,20
2022-10-27,36.42305551475858,20
2022-10-28,36.071459673904535,20
2022-10-31,36.117079323810536,20
2022-11-01,36.2638199147371,20
2022-11-02,36.388933445434084,20
2022-11-03,36.404979120630834,20
2022-11-04,36.483385577551445,20
2022-11-07,36.56650739989327,20
2022-11-08,36.54238906691932,20
2022-11-09,36.52670922983368,20
2022-11-10,36.55402588190993,20
2022-11-11,36.603337915781665,20
2022-11-14,36.644077160344125,20
2022-11-15,36.80805677838635,20
2022-11-16,36.848753781837566,20
2022-11-17,36.84376822868358,20
2022-11-18,36.79699335474253,20
2022-11-21,36.888165303922335,20
2022-11-22,36.82689009530571,20
2022-11-23,36.773145122771936,20
2022-11-24,36.83211773380711,20
2022-11-25,36.775956105466214,20
2022-11-28,36.73597093210461,20
2022-11-29,36.82999643856233,20
2022-11-30,36.7912878787709,20
2022-12-01,36.754440403414655,20
2022-12-02,36.83215565496378,20
2022-12-05,36.9332910961266,20
2022-12-06,36.90212941968256,20
2022-12-07,36.86327318117542,20
2022-12-08,36.876810662163216,20
2022-12-09,36.800744424148995,20
2022-12-12,36.72112463971115,20
2022-12-13,36.72853146536771,20
2022-12-14,36.706937948261626,20
2022-12-15,36.707337229172595,20
2022-12-16,36.541420856454785,20
2022-12-19,36.239989449626776,20
2022-12-20,36.30661921001278,20
2022-12-21,36.213365152023464,20
2022-12-22,35.943804310014805,20
2022-12-23,35.864989597491785,20
2022-12-26,36.049616855021156,20
2022-12-27,36.09287811129576,20
2022-12-28,35.91944600562229,20
2022-12-29,35.84210209297792,20
2022-12-30,35.939286417015914,20
2023-01-03,36.12216378966683,20
2023-01-04,36.220884892003454,20
2023-01-05,36.30404654260185,20
2023-01-06,36.31090085257784,20
2023-01-09,36.39651403273419,20
2023-01-10,36.35573991575899,20
2023-01-11,36.23593997297619,20
2023-01-12,36.25863021370535,20
2023-01-13,36.3553715341962,20
2023-01-16,36.49075321890825,20
2023-01-17,36.48647024954093,20
2023-01-18,36.54493325231674,20
2023-01-19,36.57534670100283,20
2023-01-20,36.627825803068724,20
2023-01-30,36.82124945765526,20
2023-01-31,37.039437918322,20
2023-02-01,37.319832111923034,20
2023-02-02,37.308240659435874,20
2023-02-03,37.29088956501228,20
2023-02-06,37.345270965904575,20
2023-02-07,37.663218792394545,20
2023-02-08,37.66496295297425,20
2023-02-09,37.95224133814822,20
2023-02-10,37.99000920257236,20
2023-02-13,38.49821870222259,20
2023-02-14,38.61551077585917,20
2023-02-15,38.69570233521524,20
2023-02-16,38.08208470431967,20
2023-02-17,38.06604165779605,20
2023-02-20,38.34955269324505,20
2023-02-21,38.49184362583659,20
2023-02-22,38.66233723443305,20
2023-02-23,38.60528119226156,20
2023-02-24,38.58287823029979,20
2023-02-27,38.36050347760414,20
2023-02-28,38.53909131388307,20
2023-03-01,38.54487484649111,20
2023-03-02,38.488912000495446,20
2023-03-03,38.424052800092404,20
2023-03-06,38.5157458327549,20
2023-03-07,38.167211628451184,20
2023-03-08,38.42817291615221,20
2023-03-09,38.90598262887353,20
2023-03-10,38.64863590235611,20
2023-03-13,38.47424037575141,20
2023-03-14,38.06010947188478,20
2023-03-15,38.392896686932204,20
2023-03-16,38.181888920176426,20
2023-03-17,38.35109668444474,20
2023-03-20,38.26282577757098,20
2023-03-21,38.68288859937307,20
2023-03-22,39.0361629135493,20
2023-03-23,38.857725133864456,20
2023-03-24,38.80144568321623,20
2023-03-27,38.8848276479954,20
2023-03-28,38.89924569751386,20
2023-03-29,38.85930069450773,20
2023-03-30,38.499743993997086,20
2023-03-31,38.577228388309784,20
2023-04-03,38.70122322296927,20
2023-04-04,38.026939623328204,20
2023-04-06,37.90266121007064,20
2023-04-07,38.06900038642018,20
2023-04-10,37.89612259559206,20
2023-04-11,37.70906430487634,20
2023-04-12,37.933111265267456,20
2023-04-13,37.84022209091039,20
2023-04-14,37.89243993060207,20
2023-04-17,37.9823496196951,20
2023-04-18,37.79942967521578,20
2023-04-19,37.51387288072744,20
2023-04-20,37.19418593312002,20
2023-04-21,36.64764341147828,20
2023-04-24,36.55758156965769,20
2023-04-25,36.0370415463986,20
2023-04-26,36.5150287742197,20
2023-04-27,36.53620356482242,20
2023-04-28,37.13797970983734,20
2023-05-04,37.70608584496709,20
2023-05-05,37.47188211251224,20
2023-05-08,37.49983275305869,20
2023-05-09,37.16974577835693,20
2023-05-10,37.3124923352891,20
2023-05-11,37.70286456474818,20
2023-05-12,37.62900962292883,20
2023-05-15,37.8923851886108,20
2023-05-16,38.00583088619125,20
2023-05-17,38.581194636898054,20
2023-05-18,38.65790690780856,20
2023-05-19,38.63695209702234,20
2023-05-22,39.02957895171447,20
2023-05-23,39.10882071429301,20
2023-05-24,39.777551263073015,20
2023-05-25,40.03845737444654,20
2023-05-26,40.22678545575171,20
2023-05-29,40.05611811019595,20
2023-05-30,40.11716229615507,20
2023-05-31,39.6360907946678,20
2023-06-01,39.56881341731749,20
2023-06-02,39.75551041062211,20
2023-06-05,39.894655164289226,20
2023-06-06,39.43895697858232,20
2023-06-07,39.51106744639621,20
2023-06-08,39.40315385280019,20
2023-06-09,39.25226241036432,20
2023-06-12,39.81930861516366,20
2023-06-13,40.01460477855522,20
2023-06-14,39.88182083530753,20
2023-06-15,39.87648818934045,20
2023-06-16,39.77616000421498,20
2023-06-19,39.72476474507631,20
2023-06-20,39.543533169431335,20
2023-06-21,39.43329792038891,20
2023-06-26,39.19013151792124,20
2023-06-27,39.76522513679619,20
2023-06-28,39.889423305369434,20
2023-06-29,40.29073778792848,20
2023-06-30,40.488852700006554,20
2023-07-03,40.4422498452304,20
2023-07-04,40.634012258370795,20
2023-07-05,40.70308388298443,20
2023-07-06,40.69249904497498,20
2023-07-07,40.59431797389614,20
2023-07-10,40.73050679042365,20
2023-07-11,40.96492732035705,20
2023-07-12,40.80347763077221,20
2023-07-13,40.94668327174347,20
2023-07-14,40.790526731528566,20
2023-07-17,40.79845841000215,20
2023-07-18,40.987324273511994,20
2023-07-19,40.99687708063505,20
2023-07-20,40.82546034387718,20
2023-07-21,40.68684087813598,20
2023-07-24,40.61134322708509,20
2023-07-25,40.99068067622618,20
2023-07-26,41.06323629050587,20
2023-07-27,40.95366677126094,20
2023-07-28,41.26316993626153,20
2023-07-31,41.28049006107686,20
2023-08-01,41.326609059815574,20
2023-08-02,41.339205568508596,20
2023-08-03,41.148248606261404,20
2023-08-04,40.92477144536086,20
2023-08-07,40.64095816835512,20
2023-08-08,40.62712519883658,20
2023-08-09,40.500138323680424,20
2023-08-10,40.68835176330744,20
2023-08-11,40.520511135345245,20
2023-08-14,40.59971907668653,20
2023-08-15,40.64347282234868,20
2023-08-16,40.51406290733853,20
2023-08-17,40.77893831143046,20
2023-08-18,40.83634383678915,20
2023-08-21,40.85515266293316,20
2023-08-22,40.371936547559365,20
2023-08-23,40.014823028529115,20
2023-08-24,39.75655061176603,20
2023-08-25,39.338366727478444,20
2023-08-28,39.61805657718139,20
2023-08-29,40.60198124676901,20
2023-08-30,40.883502694636846,20
2023-08-31,40.88571489648876,20
2023-09-01,40.970474529513446,20
2023-09-04,41.13376600741872,20
2023-09-05,41.085312485483016,20
2023-09-06,41.212213150109164,20
2023-09-07,41.0096693787308,20
2023-09-08,41.03341155728835,20
2023-09-11,41.06326999072911,20
2023-09-12,41.13210211880638,20
2023-09-13,41.13539941333645,20
2023-09-14,41.11649702524075,20
2023-09-15,41.1081704834291,20
2023-09-18,41.232527477465936,20
2023-09-19,41.06381610605444,20
2023-09-20,41.035934524920656,20
2023-09-21,40.9406224924666,20
2023-09-22,41.11684350426774,20
2023-09-25,41.03721556015194,20
2023-09-26,40.95670091204307,20
2023-09-27,40.97020326108081,20
2023-09-28,41.03289002546428,20
2023-10-09,40.90690061764239,20
2023-10-10,40.79923507882474,20
2023-10-11,40.80539168701189,20
2023-10-12,40.85327522946296,20
2023-10-13,40.71173578256716,20
2023-10-16,40.66079788329953,20
2023-10-17,40.65904807826681,20
2023-10-18,40.43195393982592,20
2023-10-19,40.38935248165589,20
2023-10-20,40.33785622711463,20
2023-10-23,40.046808801829485,20
2023-10-24,40.382149453596,20
2023-10-25,40.45416843497342,20
2023-10-26,40.43928032262543,20
2023-10-27,40.61897940425333,20
2023-10-30,40.72871170474492,20
2023-10-31,40.74037274898995,20
2023-11-01,40.739434078061045,20
2023-11-02,40.66888618553353,20
2023-11-03,40.75441472593498,20
2023-11-06,40.87145233507157,20
2023-11-07,40.86279640298196,20
2023-11-08,40.85592330072767,20
2023-11-09,40.84706268119349,20
2023-11-10,40.851775250632436,20
2023-11-13,40.93961840015012,20
2023-11-14,40.99011015119168,20
2023-11-15,41.066612157588956,20
2023-11-16,40.97057705559565,20
2023-11-17,41.024447419544735,20
2023-11-20,41.105009892440776,20
2023-11-21,41.03932771058009,20
2023-11-22,40.9769962044614,20
2023-11-23,41.064196728141006,20
2023-11-24,40.9769999314597,20
2023-11-27,40.93869097169433,20
2023-11-28,41.09755016493647,20
2023-11-29,41.04289686167218,20
2023-11-30,40.98785733304053,20
2023-12-01,40.88528104181087,20
2023-12-04,40.872680782139476,20
2023-12-05,40.634193699181694,20
2023-12-06,40.70677674635665,20
2023-12-07,40.633433471895025,20
2023-12-08,40.34377543598221,20
2023-12-11,40.484265467983974,20
2023-12-12,40.5026761900254,20
2023-12-13,40.437188738360135,20
2023-12-14,40.548968674873876,20
2023-12-15,40.544337728640336,20
2023-12-18,40.3363303543989,20
2023-12-19,40.34799145455693,20
2023-12-20,40.37445390417738,20
2023-12-21,40.54066874930753,20
2023-12-22,40.40212478432536,20
2023-12-25,40.1908281435776,20
2023-12-26,40.02879485220954,20
2023-12-27,40.14509538179393,20
2023-12-28,40.51098361101663,20
2023-12-29,40.67481292042882,20
2024-01-02,40.78399640575091,20
2024-01-03,40.79717824797276,20
2024-01-04,40.79746449509249,20
2024-01-05,40.69712976558418,20
2024-01-08,40.55562514188681,20
2024-01-09,40.62392825859729,20
2024-01-10,40.56931888389946,20
2024-01-11,40.672559722083655,20
2024-01-12,40.68820590843746,20
2024-01-15,40.666707199089146,20
2024-01-16,40.622276616632355,20
2024-01-17,40.53014786379172,20
2024-01-18,40.4523444726658,20
2024-01-19,40.43128954903429,20
2024-01-22,39.98516286303233,20
2024-01-23,39.95262019095822,20
2024-01-24,39.99003204038272,20
2024-01-25,40.26912666775542,20
2024-01-26,40.251578484267185,20
2024-01-29,39.97447756574174,20
2024-01-30,39.654004732072714,20
2024-01-31,39.25132969056117,20
2024-02-01,39.06477428535472,20
2024-02-02,38.63636742551845,20
2024-02-05,37.88945659566038,20
2024-02-06,38.1041239011134,20
2024-02-07,37.88557289387769,20
2024-02-08,38.629803150415306,20
2024-02-19,38.8177099673871,20
2024-02-20,38.87115987985404,20
2024-02-21,39.0907175347509,20
2024-02-22,39.233872511438314,20
2024-02-23,39.43579139501644,20
2024-02-26,39.586281333125655,20
2024-02-27,39.82439230395293,20
2024-02-28,39.3289592479285,20
2024-02-29,39.62778649085628,20
2024-03-01,39.55736298134741,20
2024-03-04,39.553280288901924,20
2024-03-05,39.35403159818625,20
2024-03-06,39.52524522652531,20
2024-03-07,39.56964359857344,20
2024-03-08,39.63207733704464,20
2024-03-11,39.82687900732241,20
2024-03-12,39.930597607149956,20
2024-03-13,39.964855489319206,20
2024-03-14,39.920075745148445,20
2024-03-15,40.019811011063055,20
2024-03-18,40.15746184553307,20
2024-03-19,40.13436138704055,20
2024-03-20,40.22430925607948,20
2024-03-21,40.23364317025712,20
2024-03-22,40.03778191020687,20
2024-03-25,39.89828162072907,20
2024-03-26,39.936556416474176,20
2024-03-27,39.76850973489164,20
2024-03-28,39.94914725751512,20
2024-03-29,40.04172764771655,20
2024-04-01,40.24658170984628,20
2024-04-02,40.35151026254362,20
2024-04-03,40.44469429535624,20
2024-04-08,40.31440809869124,20
2024-04-09,40.34945490769391,20
2024-04-10,40.21233484919864,20
2024-04-11,40.3166773781578,20
2024-04-12,40.35952535053272,20
2024-04-15,40.02205220026968,20
2024-04-16,39.38045460519139,20
2024-04-17,39.949168638272134,20
2024-04-18,39.857081645357766,20
2024-04-19,39.85499655908163,20
2024-04-22,39.79582366435188,20
2024-04-23,39.90622030473762,20
2024-04-24,40.09715464196789,20
2024-04-25,40.2216569432138,20
2024-04-26,40.22206911194513,20
2024-04-29,40.535420849415,20
2024-04-30,40.504608214508515,20
2024-05-06,40.80485928719573,20
2024-05-07,40.899906848023306,20
2024-05-08,40.81650272720494,20
2024-05-09,41.03529127871184,20
2024-05-10,40.96253005016276,20
2024-05-13,40.69756397585562,20
2024-05-14,40.79656565406906,20
2024-05-15,40.70048334501956,20
2024-05-16,40.720892280027485,20
2024-05-17,40.83620948805706,20
2024-05-20,40.88216482469251,20
2024-05-21,40.769363197000345,20
2024-05-22,40.84490129637058,20
2024-05-23,40.55879366103892,20
2024-05-24,40.49330654900715,20
2024-05-27,40.56836690799258,20
2024-05-28,40.39914922797466,20
2024-05-29,40.53446257074425,20
2024-05-30,40.453996847082955,20
2024-05-31,40.67574378318127,20
2024-06-03,40.25292407627442,20
2024-06-04,39.942528002416196,20
2024-06-05,39.4887856254735,20
2024-06-06,38.84243699619488,20
2024-06-07,39.30511016072235,20
2024-06-11,39.350351856246924,20
2024-06-12,39.602835877039574,20
2024-06-13,39.65024184586606,20
2024-06-14,39.634142912931,20
2024-06-17,39.352715745072295,20
2024-06-18,39.56583191770888,20
2024-06-19,39.5422517950633,20
2024-06-20,39.409265174336085,20
2024-06-21,39.36977635292716,20
2024-06-24,38.781515249074744,20
2024-06-25,38.911092067127306,20
2024-06-26,39.355884548389305,20
2024-06-27,39.160433355243434,20
2024-06-28,39.15982591111567,20
2024-07-01,39.216952682649925,20
2024-07-02,39.18526548824037,20
2024-07-03,39.06404012075961,20
2024-07-04,38.69245373520334,20
2024-07-05,38.853427367130884,20
2024-07-08,38.51620996197525,20
2024-07-09,38.66102770889353,20
2024-07-10,38.54099896830505,20
2024-07-11,38.94312556521933,20
2024-07-12,38.919241325746746,20
2024-07-15,38.66558589786553,20
2024-07-16,38.64170475437598,20
2024-07-17,38.530021361527,20
2024-07-18,38.479450034766735,20
2024-07-19,38.55015224215705,20
2024-07-22,38.5996527344642,20
2024-07-23,38.381555491328186,20
2024-07-24,38.22246979879589,20
2024-07-25,38.34712039879557,20
2024-07-26,38.47154771091502,20
2024-07-29,38.4190248337838,20
2024-07-30,38.47199297421209,20
2024-07-31,38.773671870000825,20
2024-08-01,38.67958123801711,20
2024-08-02,38.60429146012272,20
2024-08-05,38.42586107996869,20
2024-08-06,38.64413530001969,20
2024-08-07,38.61589574033325,20
2024-08-08,38.63645276559976,20
2024-08-09,38.558385982031474,20
2024-08-12,38.590663551538945,20
2024-08-13,38.66292320257561,20
2024-08-14,38.609583272714644,20
2024-08-15,38.571380551181115,20
2024-08-16,38.526895093378315,20
2024-08-19,38.48166299980136,20
2024-08-20,38.281752006067435,20
2024-08-21,38.22103939369535,20
2024-08-22,38.05281309347183,20
2024-08-23,37.966344097495565,20
2024-08-26,38.084529529229755,20
2024-08-27,38.05524349781671,20
2024-08-28,38.20107072105992,20
2024-08-29,38.39560516643542,20
2024-08-30,38.49050151995674,20
2024-09-02,38.35511495984305,20
2024-09-03,38.395580286957966,20
2024-09-04,38.36747425359867,20
2024-09-05,38.41289868698928,20
2024-09-06,38.20223150333266,20
2024-09-09,38.166271784928725,20
2024-09-10,38.27915843426246,20
2024-09-11,38.24565658220743,20
2024-09-12,38.18108293748488,20
2024-09-13,38.01661420197306,20
2024-09-18,37.92611678515631,20
2024-09-19,38.115788344993376,20
2024-09-20,38.071871028172296,20
2024-09-23,38.10306638428977,20
2024-09-24,38.35695907797394,20
2024-09-25,38.399428939851404,20
2024-09-26,38.61901515921533,20
2024-09-27,39.03822900028255,20
2024-09-30,41.24525968224242,20
2024-10-08,43.058933277720435,20
2024-10-09,41.131624670897544,19
2024-10-10,41.273514750858304,19
2024-10-11,40.429683176591126,19
2024-10-14,40.88188993039763,19
2024-10-15,40.58422515194115,19
2024-10-16,40.66087623667708,19
2024-10-17,40.58341643018294,19
2024-10-18,41.083796698620816,19
2024-10-21,41.4032252142299,19
2024-10-22,41.604991906808515,19
2024-10-23,41.54124930730898,19
2024-10-24,41.53771584736448,19
2024-10-25,41.807021536775636,19
2024-10-28,42.28375709229831,19
2024-10-29,41.76490214499792,19
2024-10-30,41.66202256361192,19
2024-10-31,41.827026254150205,19
2024-11-01,41.128351481244756,19
2024-11-04,41.55530269892994,20
2024-11-05,41.91607756294987,20
2024-11-06,41.93760344570235,20
2024-11-07,42.36897751121672,20
2024-11-08,42.596146986430085,20
2024-11-11,43.029657062000624,20
2024-11-12,42.84671681064064,20
2024-11-13,42.84268485417562,20
2024-11-14,42.25585992224932,20
2024-11-15,42.06553315986209,20
2024-11-18,41.65119394080552,20
2024-11-19,42.244510987408205,20
2024-11-20,42.811348680564656,20
2024-11-21,42.93239061911965,20
2024-11-22,42.25441449527431,20
2024-11-25,42.92733622287204,20
2024-11-26,42.63750970202733,20
2024-11-27,42.9070600560468,20
2024-11-28,43.14981215153294,20
2024-11-29,43.56998722562794,20
2024-12-02,43.9548704317955,20
2024-12-03,43.98413640536497,20
2024-12-04,43.62867334635792,20
2024-12-05,43.97525347597334,20
2024-12-06,44.0285896244313,20
2024-12-09,44.10667147321638,20
2024-12-10,44.13491537955026,20
2024-12-11,44.27315997663142,20
2024-12-12,44.70477481828061,20
2024-12-13,44.719643192291805,20
2024-12-16,44.90289683558675,20
2024-12-17,43.67638674108097,20
2024-12-18,43.62008414133403,20
2024-12-19,43.58299300875844,20
2024-12-20,43.883178471158395,20
2024-12-23,42.74578420693883,20
2024-12-24,43.02269669107345,20
2024-12-25,42.53678381453519,20
2024-12-26,42.80223526799911,20
2024-12-27,42.96794280656493,20
2024-12-30,42.73188152692886,20
2024-12-31,42.25097178802284,20
2025-01-02,41.817593598470474,20
2025-01-03,40.92863141753102,20
2025-01-06,40.951297079824194,20
2025-01-07,41.5609602353037,20
2025-01-08,41.44771245453546,20
2025-01-09,41.451286165748066,20
2025-01-10,40.791988623609704,20
2025-01-13,41.027150109340994,20
2025-01-14,42.12814722519962,20
2025-01-15,41.98758920308046,20
2025-01-16,42.04286790889148,20
2025-01-17,42.16850909003773,20
2025-01-20,42.545350021190366,20
2025-01-21,42.56340074825197,20
2025-01-22,42.398361009746196,20
2025-01-23,42.40878925321283,20
2025-01-24,42.623085746873365,20
2025-01-27,42.58426333668503,20
2025-02-05,42.719668438701376,20
2025-02-06,43.21575599751112,20
2025-02-07,43.47578856421449,20
2025-02-10,43.87165501646953,20
2025-02-11,44.01889630446403,20
2025-02-12,44.1062488558121,20
2025-02-13,43.817559190461466,20
2025-02-14,43.74448984593446,20
2025-02-17,44.04241929595453,20
2025-02-18,43.402390191048646,20
2025-02-19,43.9658087015058,20
2025-02-20,44.255818276110816,20
2025-02-21,44.24972122245754,20
2025-02-24,44.37802283792314,20
2025-02-25,44.63014087561886,20
2025-02-26,45.18275716455976,20
2025-02-27,45.18328306834692,20
2025-02-28,44.36146177207482,20
2025-03-03,44.96949790110917,20
2025-03-04,45.31425998955516,20
2025-03-05,45.39533145511733,20
2025-03-06,46.30496725854528,20
2025-03-07,46.74985994992491,20
2025-03-10,47.171128606810505,20
2025-03-11,47.109465151942175,20
2025-03-12,47.35773557540678,20
2025-03-13,47.06523167996684,20
2025-03-14,47.96852430152941,20
2025-03-17,47.993101493615946,20
2025-03-18,48.20409490996699,20
2025-03-19,48.10610329549429,20
2025-03-20,48.41692483857307,20
2025-03-21,47.4715349759719,20
2025-03-24,46.89886448305189,20
2025-03-25,46.99279851231491,20
2025-03-26,47.77834610204518,20
2025-03-27,47.87989865969028,20
2025-03-28,48.000946181205784,20
2025-03-31,48.36378542947573,20
2025-04-01,48.928194796516635,20
2025-04-02,49.4346625908447,20
2025-04-03,49.381190335009464,20
2025-04-07,44.65352500884568,20
2025-04-08,45.05957313260432,20
2025-04-09,45.36404978243511,20
2025-04-10,46.32437632899678,20
2025-04-11,46.41432226050146,20
2025-04-14,47.32121185166767,20
2025-04-15,47.8386184434784,20
2025-04-16,47.640418164366814,20
2025-04-17,47.966979284000494,20
2025-04-18,47.751883484879535,20
2025-04-21,48.07019424909622,20
2025-04-22,48.1642939285927,20
2025-04-23,48.80400166652302,20
2025-04-24,48.60037699740243,20
2025-04-25,48.78390700515702,20
2025-04-28,48.350137674879264,20
2025-04-29,48.44814839824026,20
2025-04-30,48.55753251357448,19
2025-05-06,49.11671590629009,19
2025-05-07,49.24747194755763,20
2025-05-08,49.55778157991649,20
2025-05-09,49.53887720128984,20
2025-05-12,49.8979506821209,20
2025-05-13,49.69528386419969,20
2025-05-14,49.54060646976649,20
2025-05-15,49.54277282063333,20
2025-05-16,49.71383088675275,20
2025-05-19,49.92297599544109,20
2025-05-20,50.38322466445179,20
2025-05-21,50.21287306045085,20
2025-05-22,49.90368731256116,20
2025-05-23,49.7100844625732,20
2025-05-26,50.04814057930062,20
2025-05-27,50.25412702775235,20
2025-05-28,50.43713726255065,20
2025-05-29,51.01062319240496,20
2025-05-30,50.462692733135825,20
2025-06-03,50.33730677723068,20
2025-06-04,50.48258301048323,20
2025-06-05,50.55232022894561,20
2025-06-06,50.64319167850014,20
2025-06-09,50.84706005701569,20
2025-06-10,50.58232651751691,20
2025-06-11,50.89582796054444,20
2025-06-12,51.01013633496843,20
2025-06-13,50.60230891663639,20
2025-06-16,50.826592313092426,20
2025-06-17,50.675325253727806,20
2025-06-18,50.71642549646489,20
2025-06-19,50.42936841296532,20
2025-06-20,50.31718804957479,20
2025-06-23,50.679031538093156,20
2025-06-24,51.249759003587364,20
2025-06-25,51.47065531822288,20
2025-06-26,51.37885403478154,20
2025-06-27,51.58711039313707,20
2025-06-30,51.90917182489859,20
2025-07-01,52.33074279945899,20
2025-07-02,52.330604968282636,20
2025-07-03,52.607157183640105,20
2025-07-04,52.19927452500442,20
2025-07-07,52.59608548850588,20
2025-07-08,52.90971168056661,20
2025-07-09,53.19288658173042,20
2025-07-10,53.11787507166157,20
2025-07-11,52.9520283447385,20
2025-07-14,53.45081266539417,20
2025-07-15,53.219833230214135,20
2025-07-16,53.469620736225146,20
2025-07-17,53.485355725045835,20
2025-07-18,53.622559135980936,20
2025-07-21,54.210136760546376,20
2025-07-22,54.28419615219557,20
2025-07-23,53.98781783960637,20
2025-07-24,54.246917223892936,20
2025-07-25,54.87060917110956,20
2025-07-28,55.226631692487864,20
2025-07-29,55.10028559687913,20
2025-07-30,54.969385345093855,20
2025-07-31,54.701570124589786,20
2025-08-01,55.140377241162604,20
2025-08-04,55.464551073237246,19
2025-08-05,55.96247324317163,19
2025-08-06,56.17651004552029,19
2025-08-07,56.08081498237467,19
2025-08-08,56.326603172149824,19
2025-08-11,56.96520530777848,19
2025-08-12,57.16001914175427,19
2025-08-13,57.135217811746884,19
2025-08-14,56.261182224715775,19
2025-08-15,56.23049648215112,19
2025-08-18,56.56436392292032,19
2025-08-19,56.93973342307502,19
2025-08-20,57.11212192654211,19
2025-08-21,57.213889790969425,19
2025-08-22,56.945809821842644,19
2025-08-25,57.25773697727229,19
2025-08-26,57.58251666739269,19
2025-08-27,56.543069023407085,19
2025-08-28,56.19549504914763,19
2025-08-29,56.23639738957037,19
2025-09-01,56.34031452769494,19
2025-09-02,55.80378194301249,20
2025-09-03,55.23082131515639,20
2025-09-04,55.42921281166798,20
2025-09-05,56.09298150389152,20
2025-09-08,56.92903191379408,20
2025-09-09,57.05988807257734,20
2025-09-10,56.91463277447551,20
2025-09-11,57.277711014753734,20
2025-09-12,57.39969826899521,20
2025-09-15,57.26382159437329,20
2025-09-16,57.690654505293374,20
2025-09-17,58.19066420355116,20
2025-09-18,57.488944869888535,20
2025-09-19,57.62273423943715,20
2025-09-22,57.28685948962591,20
2025-09-23,57.25102620922782,20
2025-09-24,57.74586444108858,20
2025-09-25,57.46899445861963,20
2025-09-26,57.50897279150254,20
2025-09-29,57.88825131036481,20
2025-09-30,57.79467235195382,20
2025-10-09,58.060471220193655,20
2025-10-10,58.257105499333214,20
2025-10-13,58.110671313376166,20
2025-10-14,58.105396160926276,20
2025-10-15,58.66225513627821,20
2025-10-16,58.25292164390068,20
2025-10-17,57.797212839422464,20
2025-10-20,58.334461295808964,20
2025-10-21,58.809273953693065,20
2025-10-22,58.87423105611161,20
2025-10-23,59.06467755320501,20
2025-10-24,59.49376258876648,20
2025-10-27,59.71849638671458,20
2025-10-28,59.8512276316765,20
2025-10-29,59.50360491806209,20
2025-10-30,59.231647956370395,20
2025-10-31,59.751618031945675,20
2025-11-03,60.023545297356584,20
2025-11-04,60.046117391535695,20
2025-11-05,60.32396401781908,20
2025-11-06,60.61139870951653,20
2025-11-07,60.50940977467901,20
2025-11-10,60.647900986117385,20
2025-11-11,60.91820533100371,20
2025-11-12,61.112440029560666,20
2025-11-13,61.422681803180346,20
2025-11-14,61.356146702691554,20
2025-11-17,60.983190925112574,20
2025-11-18,60.92917626539834,20
2025-11-19,60.125176725967066,20
2025-11-20,59.8924111282076,20
2025-11-21,58.219366607953326,20
2025-11-24,59.262247948200525,20
2025-11-25,59.885891203134456,20
2025-11-26,59.66290307147604,20
2025-11-27,60.36621592094259,20
2025-11-28,60.86145763679929,20
2025-12-01,61.27059638033054,20
2025-12-02,60.915145592266335,20
2025-12-03,60.713672634258636,20
2025-12-04,60.126387099404134,20
2025-12-05,60.690548760365665,20
2025-12-08,60.99535439912524,20
2025-12-09,60.87427351807255,20
2025-12-10,60.370003546643076,20
2025-12-11,59.69036034914607,20
2025-12-12,59.36167148281546,20
2025-12-15,59.095460816693915,20
2025-12-16,58.499753146861224,20
2025-12-17,58.71172311159559,20
2025-12-18,59.19571252044914,20
2025-12-19,59.77523026056443,20
2025-12-22,59.81198952895279,20
2025-12-23,59.594725457955796,20
2025-12-24,60.11185007805134,20
2025-12-25,60.65476312030782,20
2025-12-26,60.11719951103907,20
2025-12-29,60.1659475834292,20
2025-12-30,60.05457964188338,20
2025-12-31,60.14680284689858,20
2026-01-05,61.12306107407699,20
2026-01-06,61.09283281955315,20
2026-01-07,60.97911823259436,20
2026-01-08,61.46403915870702,20
2026-01-09,62.188340690946106,20
2026-01-12,62.620714957400466,20
2026-01-13,62.81902583703028,20
2026-01-14,63.36406593177522,20
2026-01-15,63.820653761536576,20
2026-01-16,63.72409501783033,20
2026-01-19,64.25429316145038,20
2026-01-20,64.22500425605014,20
2026-01-21,65.04879015257059,20
2026-01-22,65.37904442580438,20
2026-01-23,65.94808833884034,20
2026-01-26,65.57073135847172,20
2026-01-27,65.52560048063916,20
2026-01-28,64.82769689155914,20
2026-01-29,64.50996720802388,20
2026-01-30,64.98019664354308,20
2026-02-02,65.02014966535191,20
2026-02-03,66.41429163012363,20
2026-02-04,67.2739361775473,20
2026-02-05,67.9197246520119,20
2026-02-06,68.13104338809697,20
2026-02-09,68.46426209120035,20
2026-02-10,68.52595620621373,20
2026-02-11,68.50187046249594,20
2026-02-12,68.41675180049528,20
2026-02-13,68.32834088212847,20
2026-02-24,69.0290857886396,20
2026-02-25,69.3075726102868,20
2026-02-26,69.50330940516838,20
2026-02-27,69.67537783286902,20
2026-03-02,68.33671555513602,20
2026-03-03,67.11513015282434,20
2026-03-04,66.73500876813357,20
2026-03-05,67.26735351242591,20
2026-03-06,68.57281339455777,20
2026-03-09,68.09906009857654,20
2026-03-10,69.57419498067595,20
2026-03-11,69.29013123867851,20
2026-03-12,68.55572640217976,20
2026-03-13,68.50050612508358,20
2026-03-16,68.7287735649874,20
2026-03-17,67.75343760668186,20
2026-03-18,68.61319812835107,20
2026-03-19,67.02074043101412,20
2026-03-20,65.35632216432505,20
2026-03-23,62.41368317542158,20
2026-03-24,64.6768683992948,20
2026-03-25,65.6867246436583,20
2026-03-26,65.36156742033862,20
2026-03-27,66.03105988589344,20
2026-03-30,66.75848267848433,20
2026-03-31,66.50915360553009,20
2026-04-01,67.13374839088574,20
2026-04-02,66.58406578492792,20
2026-04-03,65.29099637949741,20
2026-04-07,66.16719498876348,20
2026-04-08,67.54096992014266,20
2026-04-09,66.94948456851627,20
2026-04-10,67.50242488650144,20
2026-04-13,67.64989373171389,20
2026-04-14,67.74793593451088,20
2026-04-15,67.79907151704272,20
2026-04-16,68.18527332038545,20
2026-04-17,68.06460440164933,20
2026-04-20,68.46106826276915,20
2026-04-21,68.55693899154392,20
2026-04-22,68.48339121531518,20
2026-04-23,67.89634744943278,20
2026-04-24,67.86162313634595,20
2026-04-27,68.98554091418416,20
2026-04-28,68.59170459282244,20
2026-04-29,69.22134032041302,20
2026-04-30,69.39762301717407,20
2026-05-06,69.90021702123211,20
2026-05-07,70.20299608873323,20
2026-05-08,71.00290288160276,20
2026-05-11,71.07382351440874,20
2026-05-12,70.2530010263848,20
2026-05-13,70.06067251380195,20
2026-05-14,69.76962117648823,20
2026-05-15,70.10293456011176,20
2026-05-18,70.15392310803693,20
2026-05-19,70.39520404197954,20
2026-05-20,70.07921303591162,20
2026-05-21,69.26318830881257,20
2026-05-22,70.02226303648307,20
2026-05-25,69.27143383433456,20
2026-05-26,68.24986056586282,20
2026-05-27,66.86174010853439,20
2026-05-28,66.78277433131294,20
2026-05-29,65.86831073102968,20
2026-06-01,67.04494527438939,20
2026-06-02,66.12310464679544,20
2026-06-03,65.40313550460574,20
2026-06-04,64.87738226700709,20
2026-06-05,65.87876632509742,20
2026-06-08,64.54876997946083,20
2026-06-09,64.68414498253789,20
2026-06-10,64.06783316942519,20
2026-06-11,63.7034955798018,20
2026-06-12,64.29414419289786,20
2026-06-15,64.56239518773786,20
2026-06-16,64.38875312886762,20
2026-06-17,63.91143592370269,20
2026-06-18,63.5692453097041,20
2026-06-22,63.58834227665932,20
2026-06-23,64.61655305892147,20
2026-06-24,63.30837904851394,20
2026-06-25,62.04477108711021,20
2026-06-26,60.83279452878052,20
2026-06-29,61.56458549092115,20
2026-06-30,61.727819210023135,20
2026-07-01,62.160424997077435,20
2026-07-02,62.519319774033164,20
2026-07-03,63.334684111049725,20
2026-07-06,63.14262866315322,20
2026-07-07,62.319258978036636,20
2026-07-08,61.85106160490145,20
2026-07-09,61.60922035100768,20
2026-07-10,62.025658481412975,20
2026-07-13,61.143866554853616,20
2026-07-14,61.80068470211857,20
2026-07-15,62.021088764519504,20
2026-07-16,62.187386958529714,20
2026-07-17,61.120436863863574,20
2026-07-20,60.419228417523065,20
2026-07-21,60.06578884379943,20
2026-07-22,59.61153436630695,20
2026-07-23,60.32374370829278,20
2026-07-24,59.79625888152023,20
2026-07-27,60.50960386978049,20
2026-07-28,60.570557939632856,20
2026-07-29,61.150364685603975,20
2026-07-30,61.03853746048809,20
2026-07-31,61.525660286103,20
2026-08-03,62.118261008787975,20
2026-08-04,62.431919612255506,20
2026-08-05,62.4386385194476,20
2026-08-06,62.5432734251946,20
2026-08-07,62.67123221381793,20
2026-08-10,63.36536750062224,20
2026-08-11,63.19959579713531,20
2026-08-12,63.331971502112424,20
2026-08-13,63.06573417581531,20
2026-08-14,63.31750401733296,20
