date,code,action,price
2006-02-06,600845,BUY,1.123573
2006-02-06,600703,BUY,0.1864772
2006-02-06,600435,BUY,0.6238552
2006-02-06,600502,BUY,0.3794338
2006-02-06,600109,BUY,0.54762384
2006-02-06,600490,BUY,0.44036642
2006-02-06,600340,BUY,0.22445409
2006-02-06,600558,BUY,0.9753157
2006-02-06,600346,BUY,0.51122104
2006-02-06,600577,BUY,0.61015084
2006-02-06,600617,BUY,1.95045345
2006-02-06,600310,BUY,1.06716561
2006-02-06,600794,BUY,0.39025424
2006-02-06,600975,BUY,1.17100186
2006-02-06,600546,BUY,0.88740715
2006-02-06,600575,BUY,0.50393434
2006-02-06,600063,BUY,0.62885856
2006-02-06,600512,BUY,1.06816281
2006-02-06,600527,BUY,0.30392986
2006-02-06,600246,BUY,1.0335474
2006-03-01,600502,SELL_REBAL,0.3894189
2006-03-01,600490,SELL_REBAL,0.4546293
2006-03-01,600340,SELL_REBAL,0.21988505
2006-03-01,600558,SELL_REBAL,0.96802362
2006-03-01,600975,SELL_REBAL,1.21215528
2006-03-01,600575,SELL_REBAL,0.49276682
2006-03-01,600063,SELL_REBAL,0.65922957
2006-03-01,600512,SELL_REBAL,1.14374975
2006-03-01,600527,SELL_REBAL,0.28861244
2006-03-01,600246,SELL_REBAL,0.99514236
2006-03-01,600711,BUY,1.0213542
2006-03-01,600255,BUY,0.79532271
2006-03-01,600518,BUY,0.38616513
2006-03-01,000591,BUY,0.90764558
2006-03-01,600382,BUY,0.8731251
2006-03-01,600594,BUY,1.2021314
2006-03-01,600368,BUY,0.82765276
2006-03-01,000516,BUY,0.5388854
2006-03-01,600572,BUY,0.44078184
2006-03-01,600335,BUY,0.9887999
2006-04-03,600577,SELL_REBAL,0.59863856
2006-04-03,600346,SELL_REBAL,0.5184553
2006-04-03,600794,SELL_REBAL,0.50823808
2006-04-03,600109,SELL_REBAL,0.54537948
2006-04-03,600435,SELL_REBAL,0.6099476
2006-04-03,600546,SELL_REBAL,0.92462475
2006-04-03,600711,SELL_REBAL,0.9187452
2006-04-03,600518,SELL_REBAL,0.42060798
2006-04-03,600594,SELL_REBAL,1.4131139
2006-04-03,000516,SELL_REBAL,0.42502413
2006-04-03,600572,SELL_REBAL,0.47210256
2006-04-03,600502,BUY,0.39441145
2006-04-03,600559,BUY,0.75754722
2006-04-03,600516,BUY,0.25720944
2006-04-03,600575,BUY,0.48788103
2006-04-03,600975,BUY,1.17474308
2006-04-03,002020,BUY,0.87023748
2006-04-03,600490,BUY,0.44393214
2006-04-03,600039,BUY,0.2562672
2006-04-03,600681,BUY,0.46705683
2006-04-03,600558,BUY,0.98989986
2006-04-03,600570,BUY,0.25426368
2006-05-08,600845,SELL_REBAL,1.36001184
2006-05-08,600310,SELL_REBAL,1.24761105
2006-05-08,600255,SELL_REBAL,1.01608143
2006-05-08,600382,SELL_REBAL,1.0469688
2006-05-08,600335,SELL_REBAL,1.2064305
2006-05-08,600617,SELL_REBAL,1.8913488
2006-05-08,600502,SELL_REBAL,0.56715368
2006-05-08,600575,SELL_REBAL,0.51091404
2006-05-08,002020,SELL_REBAL,0.84257712
2006-05-08,600490,SELL_REBAL,0.49563508
2006-05-08,600558,SELL_REBAL,1.34538876
2006-05-08,600570,SELL_REBAL,0.27882324
2006-05-08,002014,BUY,0.70546719
2006-05-08,002003,BUY,0.41283872
2006-05-08,600353,BUY,0.54256005
2006-05-08,600346,BUY,0.51483817
2006-05-08,600518,BUY,0.44775705
2006-05-08,600988,BUY,0.8339161
2006-05-08,000516,BUY,0.47456682
2006-05-08,000981,BUY,0.6635925
2006-05-08,600109,BUY,0.4937592
2006-05-08,000703,BUY,0.5355776
2006-05-08,600370,BUY,1.28780037
2006-05-08,600285,BUY,0.63016152
2006-06-01,600368,SELL_REBAL,1.09077936
2006-06-01,600681,SELL_REBAL,0.63413407
2006-06-01,600039,SELL_REBAL,0.4297104
2006-06-01,000591,SELL_REBAL,1.45258002
2006-06-01,600346,SELL_REBAL,0.66675763
2006-06-01,600988,SELL_REBAL,1.2385778
2006-06-01,000516,SELL_REBAL,0.52584785
2006-06-01,600109,SELL_REBAL,0.7518606
2006-06-01,600370,SELL_REBAL,1.61637495
2006-06-01,600577,BUY,0.60040968
2006-06-01,600527,BUY,0.36842426
2006-06-01,600562,BUY,0.95188965
2006-06-01,600568,BUY,0.82494144
2006-06-01,600446,BUY,0.86040857
2006-06-01,600310,BUY,1.54583856
2006-06-01,600981,BUY,1.19584728
2006-06-01,002011,BUY,1.60947891
2006-06-01,002020,BUY,1.06339554
2006-07-03,600518,SELL_REBAL,0.54123209
2006-07-03,002003,SELL_REBAL,0.56077413
2006-07-03,600285,SELL_REBAL,0.80999535
2006-07-03,000703,SELL_REBAL,0.7029456
2006-07-03,600975,SELL_REBAL,1.64426619
2006-07-03,600559,SELL_REBAL,1.14605576
2006-07-03,600568,SELL_REBAL,0.77189952
2006-07-03,600446,SELL_REBAL,1.08588934
2006-07-03,600310,SELL_REBAL,1.49243424
2006-07-03,600981,SELL_REBAL,1.28827992
2006-07-03,002011,SELL_REBAL,1.6134408
2006-07-03,002020,SELL_REBAL,1.09213596
2006-07-03,600711,BUY,0.907695
2006-07-03,000516,BUY,0.52324034
2006-07-03,002038,BUY,0.9732754
2006-07-03,600109,BUY,0.72492828
2006-07-03,600452,BUY,0.48717189
2006-07-03,002004,BUY,0.6243006
2006-07-03,600801,BUY,0.8623407
2006-07-03,600116,BUY,1.30974558
2006-07-03,002050,BUY,0.69730591
2006-07-03,600252,BUY,0.27556904
2006-07-03,600988,BUY,1.1513855
2006-07-03,600572,BUY,0.69795594
2006-08-01,600516,SELL_REBAL,0.27623136
2006-08-01,600527,SELL_REBAL,0.41802385
2006-08-01,600577,SELL_REBAL,0.642031
2006-08-01,000981,SELL_REBAL,0.826821
2006-08-01,600711,SELL_REBAL,0.8713872
2006-08-01,000516,SELL_REBAL,0.55552827
2006-08-01,600109,SELL_REBAL,0.70809558
2006-08-01,600801,SELL_REBAL,0.841308
2006-08-01,002050,SELL_REBAL,0.66377332
2006-08-01,600988,SELL_REBAL,1.1871567
2006-08-01,600572,SELL_REBAL,0.61648858
2006-08-01,600845,BUY,1.04345736
2006-08-01,600673,BUY,0.682032
2006-08-01,600285,BUY,0.77419608
2006-08-01,002030,BUY,0.51783
2006-08-01,600351,BUY,0.87501876
2006-08-01,600335,BUY,1.45481325
2006-08-01,000703,BUY,0.669472
2006-08-01,600226,BUY,0.5314829
2006-08-01,002019,BUY,1.024632
2006-08-01,600986,BUY,1.231821
2006-08-01,600373,BUY,0.76015728
2006-09-01,600452,SELL_REBAL,0.47518332
2006-09-01,002038,SELL_REBAL,1.02371522
2006-09-01,600845,SELL_REBAL,1.09719346
2006-09-01,600285,SELL_REBAL,0.76819456
2006-09-01,600351,SELL_REBAL,0.82056801
2006-09-01,000703,SELL_REBAL,0.67951408
2006-09-01,600226,SELL_REBAL,0.53028045
2006-09-01,002019,SELL_REBAL,1.10788335
2006-09-01,600986,SELL_REBAL,1.2633327
2006-09-01,600373,SELL_REBAL,0.77879782
2006-09-01,600577,BUY,0.64435404
2006-09-01,600801,BUY,0.83289492
2006-09-01,600157,BUY,0.48048
2006-09-01,600575,BUY,0.43915896
2006-09-01,002035,BUY,0.5976285
2006-09-01,000591,BUY,1.34151058
2006-09-01,600310,BUY,1.02334224
2006-09-01,000516,BUY,0.56173034
2006-09-01,600477,BUY,0.3944052
2006-09-01,600499,BUY,0.53847546
2006-10-09,600703,SELL_REBAL,0.27455792
2006-10-09,600562,SELL_REBAL,0.97933636
2006-10-09,600673,SELL_REBAL,1.30950144
2006-10-09,600252,SELL_REBAL,0.2915772
2006-10-09,600116,SELL_REBAL,1.2484197
2006-10-09,600353,SELL_REBAL,0.8172567
2006-10-09,600335,SELL_REBAL,1.66771275
2006-10-09,600157,SELL_REBAL,0.55536
2006-10-09,000591,SELL_REBAL,2.09296476
2006-10-09,000516,SELL_REBAL,0.5670464
2006-10-09,600477,SELL_REBAL,0.4131864
2006-10-09,600845,BUY,1.06885988
2006-10-09,002020,BUY,1.0218816
2006-10-09,002044,BUY,0.63852162
2006-10-09,600351,BUY,0.89567721
2006-10-09,002019,BUY,1.25261262
2006-10-09,600346,BUY,0.53291022
2006-10-09,600285,BUY,0.83871242
2006-10-09,002043,BUY,0.81890286
2006-10-09,002005,BUY,1.24662011
2006-10-09,600261,BUY,0.87183913
2006-10-09,600373,BUY,0.84175453
2006-11-01,600801,SELL_REBAL,0.99975434
2006-11-01,600575,SELL_REBAL,0.4843665
2006-11-01,002014,SELL_REBAL,0.9385139
2006-11-01,600310,SELL_REBAL,1.20231888
2006-11-01,600577,SELL_REBAL,0.75660332
2006-11-01,600499,SELL_REBAL,0.61393062
2006-11-01,002020,SELL_REBAL,0.97078752
2006-11-01,600351,SELL_REBAL,0.96327549
2006-11-01,600346,SELL_REBAL,0.53169353
2006-11-01,600285,SELL_REBAL,0.8702204
2006-11-01,002043,SELL_REBAL,0.87123344
2006-11-01,002005,SELL_REBAL,1.21192293
2006-11-01,600261,SELL_REBAL,0.79879496
2006-11-01,000516,BUY,0.52185989
2006-11-01,600703,BUY,0.22377264
2006-11-01,600562,BUY,0.96394404
2006-11-01,002038,BUY,1.01519018
2006-11-01,600157,BUY,0.50466
2006-11-01,600513,BUY,1.5180225
2006-11-01,002042,BUY,0.58258538
2006-11-01,600452,BUY,0.49698072
2006-11-01,600461,BUY,1.08512534
2006-11-01,600368,BUY,0.81939312
2006-11-01,600477,BUY,0.40817808
2006-11-01,600988,BUY,1.0798431
2006-11-01,600572,BUY,0.61727192
2006-12-01,600845,SELL_REBAL,1.14409042
2006-12-01,002004,SELL_REBAL,0.66727194
2006-12-01,002035,SELL_REBAL,0.7909041
2006-12-01,000516,SELL_REBAL,0.54844019
2006-12-01,002038,SELL_REBAL,1.00666514
2006-12-01,600157,SELL_REBAL,0.48438
2006-12-01,600513,SELL_REBAL,1.47349384
2006-12-01,600461,SELL_REBAL,1.10050161
2006-12-01,600368,SELL_REBAL,0.81696888
2006-12-01,600988,SELL_REBAL,1.0574861
2006-12-01,600572,SELL_REBAL,0.61727192
2006-12-01,002014,BUY,0.90266056
2006-12-01,002020,BUY,0.90532323
2006-12-01,600577,BUY,0.74149284
2006-12-01,600285,BUY,0.83121052
2006-12-01,600346,BUY,0.4988429
2006-12-01,600982,BUY,1.08489377
2006-12-01,000065,BUY,0.7272516
2006-12-01,002003,BUY,0.76786273
2006-12-01,600499,BUY,0.55791088
2006-12-01,600575,BUY,0.45996878
2006-12-01,600490,BUY,0.52418488
2007-01-04,002044,SELL_REBAL,0.61174036
2007-01-04,600703,SELL_REBAL,0.1507688
2007-01-04,002019,SELL_REBAL,1.22059287
2007-01-04,600477,SELL_REBAL,0.406926
2007-01-04,002042,SELL_REBAL,0.5964153
2007-01-04,002014,SELL_REBAL,0.93218684
2007-01-04,002020,SELL_REBAL,0.91650006
2007-01-04,600346,SELL_REBAL,0.49397614
2007-01-04,600982,SELL_REBAL,1.10720521
2007-01-04,000065,SELL_REBAL,0.733631
2007-01-04,002003,SELL_REBAL,0.91663954
2007-01-04,600499,SELL_REBAL,0.63107952
2007-01-04,600845,BUY,1.12943512
2007-01-04,002038,BUY,1.0123485
2007-01-04,000712,BUY,0.95814
2007-01-04,600869,BUY,1.16059972
2007-01-04,600513,BUY,1.48563802
2007-01-04,002043,BUY,0.80475946
2007-01-04,002035,BUY,0.74385675
2007-01-04,002050,BUY,0.67581066
2007-01-04,600368,BUY,0.8242416
2007-01-04,600502,BUY,0.44633397
2007-01-04,600461,BUY,1.08292873
2007-01-04,002006,BUY,1.06532228
2007-02-01,600490,SELL_REBAL,0.73055688
2007-02-01,600452,SELL_REBAL,0.63866382
2007-02-01,002038,SELL_REBAL,1.4847778
2007-02-01,000712,SELL_REBAL,1.15695405
2007-02-01,600869,SELL_REBAL,1.41378074
2007-02-01,600513,SELL_REBAL,1.78924252
2007-02-01,600502,SELL_REBAL,0.53819689
2007-02-01,600461,SELL_REBAL,1.24987109
2007-02-01,002006,SELL_REBAL,1.20848812
2007-02-01,002044,BUY,0.70477
2007-02-01,600703,BUY,0.17298736
2007-02-01,002020,BUY,1.01549484
2007-02-01,002003,BUY,1.19729909
2007-02-01,600982,BUY,1.3107971
2007-02-01,600346,BUY,0.60591162
2007-02-01,600572,BUY,0.78490668
2007-02-01,600113,BUY,1.72377376
2007-02-01,600993,BUY,3.7280204
2007-03-01,600575,SELL_REBAL,0.66878456
2007-03-01,600577,SELL_REBAL,1.04478176
2007-03-01,600562,SELL_REBAL,1.40839728
2007-03-01,002050,SELL_REBAL,0.9285948
2007-03-01,600113,SELL_REBAL,2.183835
2007-03-01,002014,BUY,1.22955866
2007-03-01,600841,BUY,6.2489965
2007-03-01,600486,BUY,3.74261069
2007-03-01,002042,BUY,0.8730137
2007-03-01,600452,BUY,0.65174226
2007-04-02,002044,SELL_REBAL,1.05997408
2007-04-02,002035,SELL_REBAL,1.34657145
2007-04-02,600572,SELL_REBAL,0.98230836
2007-04-02,002020,SELL_REBAL,1.73240865
2007-04-02,600982,SELL_REBAL,1.96061779
2007-04-02,600373,SELL_REBAL,1.45733125
2007-04-02,600346,SELL_REBAL,0.93806799
2007-04-02,600285,SELL_REBAL,1.70743244
2007-04-02,002014,SELL_REBAL,1.58387402
2007-04-02,600486,SELL_REBAL,4.31839695
2007-04-02,002042,SELL_REBAL,1.14442588
2007-04-02,600452,SELL_REBAL,0.9263895
2007-04-02,002050,BUY,1.08679984
2007-04-02,600711,BUY,1.53293827
2007-04-02,600801,BUY,1.8508776
2007-04-02,600562,BUY,1.635434
2007-04-02,600490,BUY,0.95859794
2007-04-02,600353,BUY,1.23969951
2007-04-02,002038,BUY,2.4012196
2007-04-02,600310,BUY,2.2877256
2007-04-02,600389,BUY,2.5580821
2007-04-02,600577,BUY,1.21747296
2007-04-02,600298,BUY,4.23856741
2007-04-02,000516,BUY,0.96309287
2007-05-08,600703,SELL_REBAL,0.43008784
2007-05-08,002030,SELL_REBAL,1.1116084
2007-05-08,600841,SELL_REBAL,10.80059116
2007-05-08,600368,SELL_REBAL,2.11393728
2007-05-08,600801,SELL_REBAL,2.55336978
2007-05-08,600562,SELL_REBAL,2.42236636
2007-05-08,600490,SELL_REBAL,1.31871708
2007-05-08,002038,SELL_REBAL,3.52159715
2007-05-08,600310,SELL_REBAL,4.45565232
2007-05-08,600389,SELL_REBAL,3.7992001
2007-05-08,600298,SELL_REBAL,6.04849674
2007-05-08,600572,BUY,1.33441883
2007-05-08,600499,BUY,2.14246924
2007-05-08,002020,BUY,1.82182329
2007-05-08,600558,BUY,2.47068326
2007-05-08,600575,BUY,1.01968118
2007-05-08,600970,BUY,3.7745875
2007-05-08,600582,BUY,3.11914268
2007-05-08,600594,BUY,2.12065029
2007-05-08,002006,BUY,2.22328128
2007-05-08,600461,BUY,2.2625083
2007-05-08,002035,BUY,1.56273495
2007-06-01,600353,SELL_REBAL,1.63289385
2007-06-01,600572,SELL_REBAL,1.66742746
2007-06-01,600499,SELL_REBAL,1.83464351
2007-06-01,600558,SELL_REBAL,2.35696948
2007-06-01,600575,SELL_REBAL,1.17611362
2007-06-01,600970,SELL_REBAL,4.5167906
2007-06-01,600582,SELL_REBAL,3.6684692
2007-06-01,002006,SELL_REBAL,1.91168504
2007-06-01,002035,SELL_REBAL,1.30724472
2007-06-01,002044,BUY,1.07265994
2007-06-01,002004,BUY,2.2174833
2007-06-01,600157,BUY,1.26594
2007-06-01,002049,BUY,2.9661822
2007-06-01,600873,BUY,1.58194152
2007-06-01,000558,BUY,2.35147227
2007-06-01,600562,BUY,1.8374582
2007-06-01,600346,BUY,1.10962128
2007-06-01,600486,BUY,5.35696469
2007-07-02,002023,BUY_SKIP_LIMIT_UP,2.95341228
2007-07-02,002020,SELL_REBAL,1.4210541
2007-07-02,600594,SELL_REBAL,1.46846898
2007-07-02,600711,SELL_REBAL,1.4565578
2007-07-02,600577,SELL_REBAL,1.12681008
2007-07-02,002004,SELL_REBAL,2.02613922
2007-07-02,600157,SELL_REBAL,0.8814
2007-07-02,000558,SELL_REBAL,2.13350592
2007-07-02,600346,SELL_REBAL,0.8273492
2007-07-02,600486,SELL_REBAL,5.1390269
2007-07-02,002031,BUY,1.6550055
2007-07-02,002030,BUY,0.8622712
2007-07-02,600351,BUY,1.51345038
2007-07-02,002006,BUY,1.59587804
2007-07-02,002011,BUY,2.9803837
2007-07-02,600392,BUY,2.24890875
2007-07-02,600433,BUY,1.34811582
2007-07-02,600499,BUY,1.66145501
2007-08-01,002050,SELL_REBAL,1.37842824
2007-08-01,002044,SELL_REBAL,1.071819
2007-08-01,600993,SELL_REBAL,7.74309888
2007-08-01,600873,SELL_REBAL,1.5558435
2007-08-01,600461,SELL_REBAL,2.2045021
2007-08-01,600562,SELL_REBAL,1.752624
2007-08-01,002031,SELL_REBAL,1.94309905
2007-08-01,002030,SELL_REBAL,1.01942708
2007-08-01,600351,SELL_REBAL,1.88264388
2007-08-01,002011,SELL_REBAL,5.1988648
2007-08-01,600392,SELL_REBAL,2.38884085
2007-08-01,600499,SELL_REBAL,2.19141182
2007-08-01,600577,BUY,1.22179024
2007-08-01,600452,BUY,0.93153808
2007-08-01,000591,BUY,1.75628552
2007-08-01,600513,BUY,2.5307314
2007-08-01,600305,BUY,2.2049632
2007-08-01,600425,BUY,1.8129102
2007-08-01,002017,BUY,2.5427563
2007-08-01,600261,BUY,1.58050284
2007-08-01,600255,BUY,2.00810988
2007-08-01,002035,BUY,1.3354467
2007-08-01,600711,BUY,2.48502971
2007-08-01,002023,BUY,3.26263707
2007-08-01,002020,BUY,1.54559592
2007-09-03,002049,SELL_REBAL,3.1324284
2007-09-03,002006,SELL_REBAL,3.44650706
2007-09-03,600433,SELL_REBAL,1.85900121
2007-09-03,600452,SELL_REBAL,1.44076404
2007-09-03,000591,SELL_REBAL,2.68649208
2007-09-03,600305,SELL_REBAL,2.5474944
2007-09-03,600425,SELL_REBAL,2.3145825
2007-09-03,600261,SELL_REBAL,1.8684239
2007-09-03,600255,SELL_REBAL,2.93850828
2007-09-03,002023,SELL_REBAL,3.74014746
2007-09-03,002063,BUY,1.2032867
2007-09-03,600562,BUY,2.29983216
2007-09-03,600487,BUY,2.4441984
2007-09-03,002062,BUY,2.6334066
2007-09-03,002044,BUY,1.299348
2007-09-03,600873,BUY,1.70239392
2007-09-03,600575,BUY,1.2327162
2007-09-03,002004,BUY,2.45179872
2007-09-03,002066,BUY,6.0151845
2007-09-03,000811,BUY,3.11146663
2007-10-08,600513,SELL_REBAL,3.1979982
2007-10-08,002020,SELL_REBAL,1.78988949
2007-10-08,600711,SELL_REBAL,4.62759465
2007-10-08,002017,SELL_REBAL,2.91455428
2007-10-08,600562,SELL_REBAL,2.18688528
2007-10-08,600487,SELL_REBAL,2.8086112
2007-10-08,600873,SELL_REBAL,2.35685196
2007-10-08,600575,SELL_REBAL,1.41005432
2007-10-08,002066,SELL_REBAL,6.0151845
2007-10-08,000811,SELL_REBAL,3.28670801
2007-10-08,600353,BUY,1.49803794
2007-10-08,002049,BUY,2.93337045
2007-10-08,600993,BUY,7.26262848
2007-10-08,600305,BUY,2.1789152
2007-10-08,600261,BUY,1.59100452
2007-10-08,600960,BUY,4.01622309
2007-10-08,600794,BUY,1.21104438
2007-10-08,600446,BUY,2.01384837
2007-10-08,002065,BUY,1.672581
2007-10-08,600346,BUY,1.61454763
2007-11-01,002043,SELL_REBAL,1.3634512
2007-11-01,002035,SELL_REBAL,1.1363739
2007-11-01,002003,SELL_REBAL,2.2779369
2007-11-01,002004,SELL_REBAL,1.9499259
2007-11-01,002062,SELL_REBAL,2.590236
2007-11-01,600353,SELL_REBAL,1.28681784
2007-11-01,002049,SELL_REBAL,2.57025375
2007-11-01,600993,SELL_REBAL,6.82267968
2007-11-01,600305,SELL_REBAL,1.9327616
2007-11-01,600960,SELL_REBAL,3.44768886
2007-11-01,600794,SELL_REBAL,0.99152417
2007-11-01,600446,SELL_REBAL,1.53846945
2007-11-01,600452,BUY,1.03182328
2007-11-01,600340,BUY,0.63169975
2007-11-01,600373,BUY,1.47346703
2007-11-01,002014,BUY,1.74915906
2007-11-01,600987,BUY,1.44958604
2007-11-01,002031,BUY,2.0245832
2007-11-01,600513,BUY,2.5470062
2007-11-01,600368,BUY,1.60987769
2007-11-01,002023,BUY,2.62525536
2007-11-01,002066,BUY,5.22858345
2007-11-01,600113,BUY,2.92192515
2007-11-01,600525,BUY,5.3672871
2007-12-03,600446,BUY_SKIP_LIMIT_UP,1.74034269
2007-12-03,002044,SELL_REBAL,1.247832
2007-12-03,600346,SELL_REBAL,1.73378325
2007-12-03,600577,SELL_REBAL,1.34267408
2007-12-03,600452,SELL_REBAL,1.07305164
2007-12-03,600340,SELL_REBAL,0.67003739
2007-12-03,600373,SELL_REBAL,1.67895847
2007-12-03,002031,SELL_REBAL,2.2477656
2007-12-03,600513,SELL_REBAL,2.77688775
2007-12-03,002023,SELL_REBAL,2.7977481
2007-12-03,002066,SELL_REBAL,5.31804004
2007-12-03,600113,SELL_REBAL,3.20856045
2007-12-03,600525,SELL_REBAL,5.4972771
2007-12-03,600353,BUY,1.3323114
2007-12-03,002030,BUY,1.18005986
2007-12-03,600305,BUY,1.8936896
2007-12-03,002043,BUY,1.3489464
2007-12-03,002081,BUY,1.36054259
2007-12-03,600794,BUY,1.05340235
2007-12-03,002060,BUY,2.1255381
2007-12-03,002041,BUY,1.95358036
2007-12-03,002035,BUY,1.1944368
2007-12-03,002027,BUY,1.30830278
2007-12-03,002016,BUY,3.494826
2008-01-02,000902,BUY_SKIP_LIMIT_UP,2.89495376
2008-01-02,600261,SELL_REBAL,1.57437686
2008-01-02,002014,SELL_REBAL,2.2812009
2008-01-02,600987,SELL_REBAL,1.72309284
2008-01-02,002065,SELL_REBAL,1.8705885
2008-01-02,600368,SELL_REBAL,2.0276153
2008-01-02,600353,SELL_REBAL,1.92535245
2008-01-02,002030,SELL_REBAL,1.5437436
2008-01-02,600305,SELL_REBAL,2.2518496
2008-01-02,002043,SELL_REBAL,1.74347696
2008-01-02,002081,SELL_REBAL,1.77061055
2008-01-02,600794,SELL_REBAL,1.32890758
2008-01-02,002060,SELL_REBAL,2.552406
2008-01-02,002041,SELL_REBAL,2.40966916
2008-01-02,002016,SELL_REBAL,5.413554
2008-01-02,000558,BUY,3.2823168
2008-01-02,002101,BUY,6.07943639
2008-01-02,002044,BUY,1.393794
2008-01-02,600452,BUY,1.2034224
2008-01-02,600577,BUY,1.5542208
2008-01-02,600801,BUY,5.3238296
2008-01-02,002100,BUY,2.7089909
2008-01-02,002068,BUY,6.2095362
2008-01-02,002096,BUY,6.3624309
2008-01-02,600990,BUY,5.62394544
2008-01-02,002090,BUY,5.15234412
2008-01-02,000977,BUY,2.0233118
2008-01-02,600562,BUY,2.20441152
2008-01-02,000591,BUY,2.32725186
2008-02-01,002035,SELL_REBAL,1.48806918
2008-02-01,002027,SELL_REBAL,1.39123798
2008-02-01,000558,SELL_REBAL,2.77714773
2008-02-01,002101,SELL_REBAL,5.5536596
2008-02-01,002044,SELL_REBAL,1.366605
2008-02-01,600452,SELL_REBAL,0.98836636
2008-02-01,002100,SELL_REBAL,2.5761406
2008-02-01,002068,SELL_REBAL,5.2692108
2008-02-01,600990,SELL_REBAL,4.96445084
2008-02-01,000977,SELL_REBAL,1.846754
2008-02-01,000591,SELL_REBAL,2.07734562
2008-02-01,002107,BUY,2.82905949
2008-02-01,002081,BUY,1.50842108
2008-02-01,002043,BUY,1.43452472
2008-02-01,600305,BUY,1.9028064
2008-02-01,002051,BUY,3.8213322
2008-02-01,002049,BUY,2.8655595
2008-02-01,002065,BUY,1.854282
2008-02-01,600987,BUY,1.47889034
2008-02-01,600310,BUY,3.9192052
2008-02-01,002023,BUY,2.66732676
2008-02-01,600982,BUY,2.37610476
2008-02-01,002030,BUY,1.21552424
2008-03-03,000516,SELL_REBAL,1.3339225
2008-03-03,002107,SELL_REBAL,3.1129917
2008-03-03,600987,SELL_REBAL,1.77388696
2008-03-03,600310,SELL_REBAL,4.41934258
2008-03-03,002023,SELL_REBAL,3.1974264
2008-03-03,600982,SELL_REBAL,2.82092058
2008-03-03,000558,BUY,3.14384406
2008-03-03,600513,BUY,3.39533015
2008-03-03,002108,BUY,0.97331426
2008-03-03,002055,BUY,4.8288538
2008-03-03,600960,BUY,4.56651558
2008-03-03,600461,BUY,2.97773952
2008-04-01,600577,SELL_REBAL,1.4462888
2008-04-01,002051,SELL_REBAL,3.191832
2008-04-01,002049,SELL_REBAL,2.2836978
2008-04-01,600305,SELL_REBAL,1.5394368
2008-04-01,002030,SELL_REBAL,1.0569776
2008-04-01,600801,SELL_REBAL,2.8553168
2008-04-01,000558,SELL_REBAL,2.68996119
2008-04-01,002055,SELL_REBAL,3.3170983
2008-04-01,600461,SELL_REBAL,2.01396222
2008-04-01,002107,BUY,2.5884583
2008-04-01,002062,BUY,2.283864
2008-04-01,002100,BUY,1.89225036
2008-04-01,002117,BUY,1.99413995
2008-04-01,000967,BUY,1.85048166
2008-04-01,600623,BUY,6.37420896
2008-04-01,600446,BUY,1.43753283
2008-04-01,600990,BUY,3.8166496
2008-04-01,002085,BUY,1.1612586
2008-05-05,002065,SELL_REBAL,1.7373411
2008-05-05,002043,SELL_REBAL,1.46788576
2008-05-05,600513,SELL_REBAL,2.9091205
2008-05-05,600960,SELL_REBAL,3.68483148
2008-05-05,600562,SELL_REBAL,1.71172944
2008-05-05,002062,SELL_REBAL,2.388309
2008-05-05,002100,SELL_REBAL,2.32366316
2008-05-05,600623,SELL_REBAL,7.52125864
2008-05-05,600446,SELL_REBAL,1.63289403
2008-05-05,002085,SELL_REBAL,1.2947366
2008-05-05,002127,BUY,1.276716
2008-05-05,002126,BUY,2.20485776
2008-05-05,002057,BUY,1.87354464
2008-05-05,600305,BUY,1.667072
2008-05-05,002044,BUY,1.262142
2008-05-05,002055,BUY,3.45951005
2008-05-05,002050,BUY,1.88275018
2008-05-05,002101,BUY,3.75782459
2008-05-05,002030,BUY,1.1265156
2008-05-05,002049,BUY,2.2005747
2008-06-02,002096,SELL_REBAL,4.19858469
2008-06-02,000967,SELL_REBAL,2.01739593
2008-06-02,002057,SELL_REBAL,2.1870924
2008-06-02,600305,SELL_REBAL,1.5157618
2008-06-02,002101,SELL_REBAL,3.3686132
2008-06-02,002030,SELL_REBAL,1.19398367
2008-06-02,002049,SELL_REBAL,2.0939247
2008-06-02,002130,BUY,1.62723828
2008-06-02,002131,BUY,0.544811
2008-06-02,000516,BUY,1.10742425
2008-06-02,002003,BUY,1.973354
2008-06-02,002100,BUY,2.10282488
2008-06-02,002065,BUY,1.53197865
2008-06-02,600794,BUY,1.06960854
2008-07-01,002050,SELL_REBAL,1.26774185
2008-07-01,002126,SELL_REBAL,1.75471044
2008-07-01,002055,SELL_REBAL,2.73690516
2008-07-01,600990,SELL_REBAL,3.05267443
2008-07-01,002003,SELL_REBAL,1.57867776
2008-07-01,002100,SELL_REBAL,1.66948184
2008-07-01,600794,SELL_REBAL,0.80294305
2008-07-01,002091,BUY,1.7063485
2008-07-01,600551,BUY,3.20771787
2008-07-01,600373,BUY,1.40808339
2008-07-01,002139,BUY,1.10058395
2008-07-01,600513,BUY,2.3078034
2008-07-01,002062,BUY,1.8646914
2008-07-01,002085,BUY,0.81955552
2008-08-01,002127,SELL_REBAL,1.0401314
2008-08-01,002130,SELL_REBAL,1.18601724
2008-08-01,002044,SELL_REBAL,1.00708232
2008-08-01,600845,SELL_REBAL,1.9586177
2008-08-01,002107,SELL_REBAL,3.53957318
2008-08-01,002131,SELL_REBAL,0.463575
2008-08-01,002117,SELL_REBAL,1.89961515
2008-08-01,600373,SELL_REBAL,1.79697152
2008-08-01,002085,SELL_REBAL,0.87654448
2008-08-01,002043,BUY,1.11553902
2008-08-01,600987,BUY,1.1908618
2008-08-01,000848,BUY,2.0880996
2008-08-01,002042,BUY,1.44695538
2008-08-01,002126,BUY,1.9702942
2008-08-01,002066,BUY,4.45456836
2008-08-01,002096,BUY,3.93307308
2008-08-01,000977,BUY,1.4286976
2008-08-01,600841,BUY,7.39416144
2008-09-01,000516,SELL_REBAL,0.598027
2008-09-01,600513,SELL_REBAL,1.8193794
2008-09-01,002091,SELL_REBAL,1.4531484
2008-09-01,002139,SELL_REBAL,1.14460926
2008-09-01,600551,SELL_REBAL,3.51180699
2008-09-01,600987,SELL_REBAL,0.89055752
2008-09-01,000848,SELL_REBAL,1.74689982
2008-09-01,002042,SELL_REBAL,1.05280266
2008-09-01,002126,SELL_REBAL,1.4931826
2008-09-01,002066,SELL_REBAL,3.41840708
2008-09-01,002096,SELL_REBAL,2.73097656
2008-09-01,000977,SELL_REBAL,1.0512292
2008-09-01,600841,SELL_REBAL,5.80720698
2008-09-01,002154,BUY,1.8738836
2008-09-01,002124,BUY,1.19029618
2008-09-01,002131,BUY,0.3147895
2008-09-01,002107,BUY,2.88260258
2008-09-01,002157,BUY,1.12644184
2008-09-01,002130,BUY,0.78533574
2008-09-01,002138,BUY,1.5035961
2008-09-01,600845,BUY,1.74011864
2008-09-01,002153,BUY,2.38499034
2008-09-01,002050,BUY,1.16421691
2008-09-01,002085,BUY,0.63637672
2008-09-01,002014,BUY,1.01123652
2008-09-01,002158,BUY,1.900912
2008-10-06,600446,BUY_SKIP_LIMIT_UP,1.1070468
2008-10-06,002062,SELL_REBAL,1.3926
2008-10-06,002090,SELL_REBAL,2.29045684
2008-10-06,002124,SELL_REBAL,0.94710425
2008-10-06,002050,SELL_REBAL,0.87118869
2008-10-06,002085,SELL_REBAL,0.644518
2008-10-06,002014,SELL_REBAL,0.90083952
2008-10-06,002158,SELL_REBAL,1.7141952
2008-10-06,002139,BUY,0.9663789
2008-10-06,002117,BUY,1.23783315
2008-10-06,002126,BUY,1.31824168
2008-10-06,002141,BUY,0.78676875
2008-10-06,002150,BUY,2.20701435
2008-10-06,002100,BUY,1.28197316
2008-11-03,002063,SELL_REBAL,0.46319625
2008-11-03,002157,SELL_REBAL,0.66179496
2008-11-03,002138,SELL_REBAL,1.02019698
2008-11-03,002043,SELL_REBAL,0.62409298
2008-11-03,002065,SELL_REBAL,0.84516498
2008-11-03,002154,SELL_REBAL,1.45634712
2008-11-03,002100,SELL_REBAL,1.00418916
2008-11-03,002090,BUY,1.85804794
2008-11-03,600703,BUY,0.513436
2008-11-03,002178,BUY,0.757741
2008-11-03,002168,BUY,0.80057344
2008-11-03,002062,BUY,1.3285404
2008-11-03,002127,BUY,0.53159425
2008-11-03,002031,BUY,0.50938022
2008-11-03,002166,BUY,0.81810816
2008-12-01,002150,SELL_REBAL,1.899582
2008-12-01,002153,SELL_REBAL,1.96177412
2008-12-01,002130,SELL_REBAL,0.99274734
2008-12-01,002178,SELL_REBAL,1.13738
2008-12-01,002168,SELL_REBAL,1.13730112
2008-12-01,002127,SELL_REBAL,0.640475
2008-12-01,002031,SELL_REBAL,0.69431444
2008-12-01,002166,SELL_REBAL,1.1594208
2008-12-01,002065,BUY,1.05411375
2008-12-01,600353,BUY,0.82375839
2008-12-01,002063,BUY,0.5782935
2008-12-01,002050,BUY,0.81767156
2008-12-01,002100,BUY,1.21947176
2008-12-01,002154,BUY,1.39849568
2008-12-01,002138,BUY,1.29983775
2008-12-01,002158,BUY,1.8289248
2009-01-05,002139,SELL_REBAL,1.09600098
2009-01-05,002090,SELL_REBAL,3.08451682
2009-01-05,002107,SELL_REBAL,3.17190016
2009-01-05,600703,SELL_REBAL,0.8360005
2009-01-05,002131,SELL_REBAL,0.316997
2009-01-05,002141,SELL_REBAL,0.9189459
2009-01-05,002065,SELL_REBAL,1.40642199
2009-01-05,002100,SELL_REBAL,1.65003696
2009-01-05,002154,SELL_REBAL,1.44125544
2009-01-05,002158,SELL_REBAL,2.328336
2009-01-05,002195,BUY,0.49914653
2009-01-05,002150,BUY,2.3744775
2009-01-05,002127,BUY,0.7531986
2009-01-05,600310,BUY,1.80131835
2009-01-05,002031,BUY,0.7624481
2009-01-05,002168,BUY,1.47808576
2009-01-05,002201,BUY,1.318395
2009-01-05,000516,BUY,0.651742
2009-01-05,600461,BUY,1.2608475
2009-01-05,002166,BUY,1.30662816
2009-02-02,002117,SELL_REBAL,1.4950257
2009-02-02,002138,SELL_REBAL,1.62304065
2009-02-02,600353,SELL_REBAL,0.92936844
2009-02-02,002062,SELL_REBAL,2.590236
2009-02-02,002063,SELL_REBAL,0.79445175
2009-02-02,002050,SELL_REBAL,1.19580079
2009-02-02,600310,SELL_REBAL,2.242305
2009-02-02,002168,SELL_REBAL,1.52947392
2009-02-02,002201,SELL_REBAL,1.40804586
2009-02-02,002141,BUY,0.98440506
2009-02-02,600568,BUY,1.04411286
2009-02-02,002131,BUY,0.3801315
2009-02-02,600728,BUY,1.20390142
2009-02-02,600419,BUY,1.81982394
2009-02-02,002055,BUY,2.0448142
2009-02-02,002061,BUY,1.66511232
2009-02-02,600305,BUY,1.04703755
2009-02-02,600794,BUY,0.81478514
2009-03-02,002031,SELL_REBAL,0.99767145
2009-03-02,002166,SELL_REBAL,1.3157472
2009-03-02,600461,SELL_REBAL,1.559765
2009-03-02,000516,SELL_REBAL,0.7162
2009-03-02,600568,SELL_REBAL,1.33601538
2009-03-02,002131,SELL_REBAL,0.463575
2009-03-02,600728,SELL_REBAL,1.54924366
2009-03-02,600419,SELL_REBAL,1.81577088
2009-03-02,002055,SELL_REBAL,1.93613876
2009-03-02,002061,SELL_REBAL,1.80387168
2009-03-02,600305,SELL_REBAL,1.0721242
2009-03-02,600794,SELL_REBAL,0.91303366
2009-03-02,002090,BUY,2.95610448
2009-03-02,002063,BUY,0.8814765
2009-03-02,002117,BUY,1.624374
2009-03-02,002158,BUY,2.2765952
2009-03-02,002154,BUY,1.65882716
2009-03-02,002116,BUY,1.8399647
2009-03-02,600988,BUY,1.09635274
2009-03-02,002206,BUY,1.08786894
2009-03-02,002169,BUY,1.9520296
2009-03-02,600562,BUY,1.11791465
2009-03-02,002100,BUY,1.7639284
2009-03-02,600310,BUY,2.08833339
2009-04-01,002108,SELL_REBAL,0.88107058
2009-04-01,002081,SELL_REBAL,1.23746985
2009-04-01,002127,SELL_REBAL,1.0862456
2009-04-01,002063,SELL_REBAL,1.1577099
2009-04-01,002117,SELL_REBAL,1.8199005
2009-04-01,002154,SELL_REBAL,1.84118496
2009-04-01,002116,SELL_REBAL,2.35210234
2009-04-01,600988,SELL_REBAL,1.52161961
2009-04-01,002169,SELL_REBAL,3.2129589
2009-04-01,600562,SELL_REBAL,1.3454548
2009-04-01,600310,SELL_REBAL,2.53529952
2009-04-01,002050,BUY,1.4475945
2009-04-01,002210,BUY,1.1673144
2009-04-01,002107,BUY,3.80236142
2009-04-01,002219,BUY,0.93792006
2009-04-01,002131,BUY,0.5373055
2009-04-01,002216,BUY,2.74034965
2009-04-01,002153,BUY,2.63404722
2009-04-01,002196,BUY,4.30627392
2009-04-01,600452,BUY,0.763553
2009-04-01,002065,BUY,1.77559605
2009-04-01,000703,BUY,1.01784259
2009-05-04,002195,SELL_REBAL,0.84626655
2009-05-04,600845,SELL_REBAL,2.41825311
2009-05-04,002100,SELL_REBAL,2.54727928
2009-05-04,002050,SELL_REBAL,1.45549047
2009-05-04,002210,SELL_REBAL,1.4345192
2009-05-04,002219,SELL_REBAL,0.92619042
2009-05-04,002131,SELL_REBAL,0.6512125
2009-05-04,002216,SELL_REBAL,3.2373515
2009-05-04,002196,SELL_REBAL,5.0586848
2009-05-04,600452,SELL_REBAL,0.7601084
2009-05-04,002065,SELL_REBAL,2.22628824
2009-05-04,000703,SELL_REBAL,1.18786084
2009-05-04,002215,BUY,3.2263964
2009-05-04,002081,BUY,1.33008916
2009-05-04,002167,BUY,3.14432262
2009-05-04,002173,BUY,6.4236608
2009-05-04,002117,BUY,1.92969615
2009-05-04,002198,BUY,2.65342336
2009-05-04,002084,BUY,2.9071014
2009-05-04,002085,BUY,0.86433256
2009-05-04,002199,BUY,6.80424672
2009-05-04,002004,BUY,1.66696368
2009-05-04,002116,BUY,2.48647456
2009-05-04,002190,BUY,5.41674816
2009-06-01,002153,SELL_REBAL,2.99851653
2009-06-01,002158,SELL_REBAL,2.8524928
2009-06-01,002090,SELL_REBAL,4.84297968
2009-06-01,002141,SELL_REBAL,1.32428916
2009-06-01,002167,SELL_REBAL,3.12137136
2009-06-01,002173,SELL_REBAL,6.90666752
2009-06-01,002198,SELL_REBAL,2.71790272
2009-06-01,002084,SELL_REBAL,3.42523784
2009-06-01,002085,SELL_REBAL,1.00951872
2009-06-01,002199,SELL_REBAL,7.60252072
2009-06-01,002004,SELL_REBAL,1.59457545
2009-06-01,002116,SELL_REBAL,2.51068224
2009-06-01,002190,SELL_REBAL,5.54814036
2009-06-01,002131,BUY,0.6215153
2009-06-01,600845,BUY,2.34435586
2009-06-01,002224,BUY,2.272876
2009-06-01,002210,BUY,1.3613792
2009-06-01,002229,BUY,3.28398024
2009-06-01,002154,BUY,1.97196252
2009-06-01,002195,BUY,0.76716968
2009-06-01,002108,BUY,1.11272659
2009-06-01,002235,BUY,3.89783145
2009-06-01,002219,BUY,0.84543636
2009-06-01,002236,BUY,0.8638975
2009-06-01,002138,BUY,2.43822787
2009-06-01,000703,BUY,1.21733067
2009-07-01,002206,SELL_REBAL,1.77502822
2009-07-01,002107,SELL_REBAL,5.2327132
2009-07-01,002150,SELL_REBAL,3.400987
2009-07-01,600845,SELL_REBAL,2.37413176
2009-07-01,002210,SELL_REBAL,1.33662776
2009-07-01,002195,SELL_REBAL,0.79054844
2009-07-01,002108,SELL_REBAL,1.11185364
2009-07-01,002235,SELL_REBAL,3.87802875
2009-07-01,002219,SELL_REBAL,1.16574576
2009-07-01,000703,SELL_REBAL,1.50522824
2009-07-01,002050,BUY,1.32215735
2009-07-01,002256,BUY,1.0990718
2009-07-01,002239,BUY,1.35187416
2009-07-01,002247,BUY,2.69419546
2009-07-01,002065,BUY,2.05409625
2009-07-01,002241,BUY,1.16170048
2009-07-01,002255,BUY,6.03723235
2009-07-01,002057,BUY,1.75548036
2009-07-01,002004,BUY,1.58963103
2009-07-01,002148,BUY,2.99036955
2009-08-03,002236,SELL_REBAL,0.94622185
2009-08-03,002131,SELL_REBAL,0.8707524
2009-08-03,002215,SELL_REBAL,3.58151246
2009-08-03,002081,SELL_REBAL,1.56323302
2009-08-03,002229,SELL_REBAL,5.31738636
2009-08-03,002138,SELL_REBAL,2.83190975
2009-08-03,002050,SELL_REBAL,1.5560145
2009-08-03,002247,SELL_REBAL,3.22745394
2009-08-03,002065,SELL_REBAL,2.3350345
2009-08-03,002241,SELL_REBAL,1.56762608
2009-08-03,002255,SELL_REBAL,8.06804689
2009-08-03,002057,SELL_REBAL,1.92967356
2009-08-03,002004,SELL_REBAL,1.8541575
2009-08-03,002148,SELL_REBAL,4.12484548
2009-08-03,002150,BUY,3.66748225
2009-08-03,002158,BUY,3.13066
2009-08-03,002090,BUY,5.14207602
2009-08-03,002210,BUY,1.45010112
2009-08-03,002108,BUY,1.3458569
2009-08-03,002127,BUY,1.37505428
2009-08-03,002178,BUY,1.981193
2009-08-03,002120,BUY,2.8885155
2009-08-03,002173,BUY,6.96582153
2009-08-03,600353,BUY,1.46879208
2009-08-03,002124,BUY,1.82104064
2009-08-03,002099,BUY,1.85403375
2009-08-03,002252,BUY,1.1578095
2009-08-03,002216,BUY,3.49363665
2009-09-01,002224,SELL_REBAL,2.5530498
2009-09-01,002239,SELL_REBAL,1.15049608
2009-09-01,002256,SELL_REBAL,1.07879766
2009-09-01,002154,SELL_REBAL,2.2021076
2009-09-01,002117,SELL_REBAL,2.34693855
2009-09-01,002150,SELL_REBAL,3.1725625
2009-09-01,002090,SELL_REBAL,4.14443898
2009-09-01,002210,SELL_REBAL,1.38378552
2009-09-01,002108,SELL_REBAL,1.28431269
2009-09-01,002127,SELL_REBAL,1.3347028
2009-09-01,002120,SELL_REBAL,2.5042485
2009-09-01,002173,SELL_REBAL,6.408753
2009-09-01,600353,SELL_REBAL,1.24294905
2009-09-01,002124,SELL_REBAL,1.4721728
2009-09-01,002252,SELL_REBAL,1.0467585
2009-09-01,002216,SELL_REBAL,2.99664162
2009-09-01,002195,BUY,0.65287352
2009-09-01,002050,BUY,1.2575509
2009-09-01,002081,BUY,1.1966676
2009-09-01,002130,BUY,1.80860202
2009-09-01,002236,BUY,0.82486966
2009-09-01,002135,BUY,2.776146
2009-09-01,002180,BUY,4.0753261
2009-09-01,002003,BUY,1.91013073
2009-09-01,600845,BUY,2.1240142
2009-09-01,002098,BUY,3.03207528
2009-09-01,002102,BUY,0.92690631
2009-09-01,002223,BUY,3.36528268
2009-09-01,002245,BUY,0.97910904
2009-09-01,002020,BUY,1.18634067
2009-09-01,002062,BUY,3.26275164
2009-09-01,002227,BUY,7.78997036
2009-10-09,002157,BUY_SKIP_LIMIT_UP,1.62731735
2009-10-09,002178,SELL_REBAL,1.93662
2009-10-09,002099,SELL_REBAL,1.66289625
2009-10-09,002130,SELL_REBAL,2.22914106
2009-10-09,002180,SELL_REBAL,4.46224422
2009-10-09,002003,SELL_REBAL,2.05460435
2009-10-09,002098,SELL_REBAL,3.41480568
2009-10-09,002102,SELL_REBAL,0.98123652
2009-10-09,002223,SELL_REBAL,3.91756532
2009-10-09,002245,SELL_REBAL,1.05234948
2009-10-09,002062,SELL_REBAL,3.5386848
2009-10-09,002227,SELL_REBAL,8.741862
2009-10-09,002131,BUY,0.734641
2009-10-09,002014,BUY,1.88190432
2009-10-09,002120,BUY,2.676843
2009-10-09,000885,BUY,4.99813056
2009-10-09,002215,BUY,4.03991624
2009-10-09,002035,BUY,0.90709255
2009-10-09,600353,BUY,1.40542605
2009-10-09,002271,BUY,0.9835029
2009-10-09,002117,BUY,2.5664364
2009-10-09,600801,BUY,2.85157115
2009-11-02,600845,SELL_REBAL,2.94979916
2009-11-02,002050,SELL_REBAL,1.78805175
2009-11-02,002020,SELL_REBAL,1.51525881
2009-11-02,002131,SELL_REBAL,0.8482174
2009-11-02,002014,SELL_REBAL,2.13463008
2009-11-02,002120,SELL_REBAL,2.80059
2009-11-02,000885,SELL_REBAL,5.04406926
2009-11-02,002035,SELL_REBAL,1.12845642
2009-11-02,600353,SELL_REBAL,1.65239109
2009-11-02,002271,SELL_REBAL,1.26656843
2009-11-02,600801,SELL_REBAL,2.83592662
2009-11-02,600477,BUY,1.15920558
2009-11-02,002116,BUY,3.53259216
2009-11-02,002204,BUY,4.75536093
2009-11-02,002210,BUY,1.43831168
2009-11-02,002239,BUY,1.4608164
2009-11-02,002153,BUY,2.98854866
2009-11-02,002139,BUY,1.97064495
2009-11-02,002206,BUY,2.44334902
2009-11-02,002216,BUY,3.40744194
2009-11-02,002221,BUY,1.85395028
2009-11-02,600452,BUY,0.97080835
2009-11-02,002228,BUY,2.1468722
2009-12-01,002081,SELL_REBAL,1.91122946
2009-12-01,002158,SELL_REBAL,4.045776
2009-12-01,002126,SELL_REBAL,3.121895
2009-12-01,002236,SELL_REBAL,1.3639417
2009-12-01,002135,SELL_REBAL,3.94997295
2009-12-01,600477,SELL_REBAL,1.57698195
2009-12-01,002210,SELL_REBAL,1.67704784
2009-12-01,002239,SELL_REBAL,2.16068776
2009-12-01,002153,SELL_REBAL,3.17975053
2009-12-01,002139,SELL_REBAL,2.41874181
2009-12-01,002216,SELL_REBAL,4.02180849
2009-12-01,002221,SELL_REBAL,2.50237624
2009-12-01,600452,SELL_REBAL,1.10933035
2009-12-01,002228,SELL_REBAL,2.4446136
2009-12-01,002252,BUY,1.3433058
2009-12-01,002108,BUY,1.9951145
2009-12-01,002138,BUY,3.49485518
2009-12-01,002247,BUY,4.960544
2009-12-01,600845,BUY,2.76419605
2009-12-01,002178,BUY,2.327018
2009-12-01,002198,BUY,3.7906048
2009-12-01,002224,BUY,3.5709324
2009-12-01,002050,BUY,2.08469545
2009-12-01,002151,BUY,9.27844485
2009-12-01,002176,BUY,1.6951644
2009-12-01,002271,BUY,1.4911173
2009-12-01,002264,BUY,6.58978125
2009-12-01,002124,BUY,1.6824832
2010-01-04,002206,SELL_REBAL,2.98834872
2010-01-04,002204,SELL_REBAL,5.20048366
2010-01-04,002195,SELL_REBAL,0.9048446
2010-01-04,002215,SELL_REBAL,5.7952673
2010-01-04,002252,SELL_REBAL,1.5213987
2010-01-04,002108,SELL_REBAL,2.4685315
2010-01-04,002138,SELL_REBAL,3.97952957
2010-01-04,002247,SELL_REBAL,5.6891239
2010-01-04,600845,SELL_REBAL,3.1562454
2010-01-04,002178,SELL_REBAL,2.462274
2010-01-04,002198,SELL_REBAL,4.3865504
2010-01-04,002224,SELL_REBAL,3.9380376
2010-01-04,002151,SELL_REBAL,9.9695493
2010-01-04,002271,SELL_REBAL,1.868303
2010-01-04,002264,SELL_REBAL,7.41218595
2010-01-04,002124,SELL_REBAL,1.94970112
2010-01-04,002171,BUY,3.2500184
2010-01-04,002135,BUY,3.96807825
2010-01-04,002131,BUY,0.8558793
2010-01-04,002223,BUY,5.16171852
2010-01-04,002020,BUY,1.68770133
2010-01-04,002150,BUY,4.2385435
2010-01-04,600305,BUY,1.77587075
2010-01-04,002003,BUY,2.486841
2010-01-04,002141,BUY,1.9290834
2010-01-04,002227,BUY,10.54851348
2010-01-04,002173,BUY,8.20813365
2010-01-04,002212,BUY,8.49636359
2010-01-04,002158,BUY,4.5828046
2010-01-04,000558,BUY,3.0002466
2010-01-04,002043,BUY,1.53192866
2010-01-04,002014,BUY,2.80405248
2010-02-01,002116,SELL_REBAL,3.72279536
2010-02-01,002117,SELL_REBAL,3.6316917
2010-02-01,002131,SELL_REBAL,0.9212308
2010-02-01,002223,SELL_REBAL,5.29827192
2010-02-01,600305,SELL_REBAL,1.85245105
2010-02-01,002003,SELL_REBAL,2.67039355
2010-02-01,002141,SELL_REBAL,2.07706788
2010-02-01,002227,SELL_REBAL,15.541088
2010-02-01,002173,SELL_REBAL,8.10953745
2010-02-01,002212,SELL_REBAL,8.88493125
2010-02-01,002158,SELL_REBAL,4.8428902
2010-02-01,000558,SELL_REBAL,2.71945429
2010-02-01,002043,SELL_REBAL,1.62463904
2010-02-01,002014,SELL_REBAL,2.52876192
2010-02-01,002224,BUY,3.40239774
2010-02-01,600845,BUY,3.37956465
2010-02-01,002124,BUY,1.7814528
2010-02-01,002195,BUY,0.8160919
2010-02-01,002252,BUY,1.488906
2010-02-01,002120,BUY,3.3313995
2010-02-01,002245,BUY,1.41373323
2010-02-01,002126,BUY,3.2467708
2010-02-01,002102,BUY,1.27922949
2010-02-01,002201,BUY,2.42760466
2010-02-01,002219,BUY,1.99982171
2010-02-01,002264,BUY,6.72895743
2010-02-01,002262,BUY,3.41377645
2010-02-01,002266,BUY,2.49483995
2010-03-01,002176,SELL_REBAL,1.6601868
2010-03-01,002020,SELL_REBAL,1.81224315
2010-03-01,002252,SELL_REBAL,1.7147097
2010-03-01,002120,SELL_REBAL,3.744975
2010-03-01,002245,SELL_REBAL,1.52841234
2010-03-01,002102,SELL_REBAL,1.41423183
2010-03-01,002201,SELL_REBAL,2.64909502
2010-03-01,002219,SELL_REBAL,2.13989056
2010-03-01,002264,SELL_REBAL,7.41640341
2010-03-01,002262,SELL_REBAL,3.65984395
2010-03-01,002127,BUY,1.92135124
2010-03-01,002247,BUY,4.8210287
2010-03-01,002236,BUY,1.56985421
2010-03-01,002210,BUY,1.67704784
2010-03-01,600568,BUY,2.90779818
2010-03-01,002228,BUY,2.38819944
2010-03-01,002178,BUY,2.469959
2010-03-01,002223,BUY,5.72462198
2010-03-01,000552,BUY,2.96393475
2010-03-01,002203,BUY,3.85438662
2010-04-01,002124,SELL_REBAL,1.96454656
2010-04-01,002126,SELL_REBAL,4.7631198
2010-04-01,002266,SELL_REBAL,2.59833584
2010-04-01,002135,SELL_REBAL,4.29397365
2010-04-01,002127,SELL_REBAL,2.4521284
2010-04-01,002236,SELL_REBAL,1.7745471
2010-04-01,002210,SELL_REBAL,2.06757304
2010-04-01,600568,SELL_REBAL,2.86449396
2010-04-01,002178,SELL_REBAL,2.82808
2010-04-01,002223,SELL_REBAL,6.46201034
2010-04-01,000552,SELL_REBAL,2.99664525
2010-04-01,002203,SELL_REBAL,3.82638249
2010-04-01,002239,BUY,2.10786728
2010-04-01,600452,BUY,1.18551745
2010-04-01,002229,BUY,5.87890608
2010-04-01,002219,BUY,2.0694043
2010-04-01,002270,BUY,7.71007826
2010-04-01,002216,BUY,4.77738765
2010-04-01,002179,BUY,3.09580284
2010-04-01,002004,BUY,4.07337801
2010-04-01,002198,BUY,5.49246912
2010-04-01,002132,BUY,3.4796505
2010-04-01,002221,BUY,2.75124395
2010-04-01,600459,BUY,6.24118096
2010-05-04,002050,SELL_REBAL,2.22846755
2010-05-04,002171,SELL_REBAL,3.05544493
2010-05-04,002239,SELL_REBAL,1.8239572
2010-05-04,600452,SELL_REBAL,1.43716575
2010-05-04,002219,SELL_REBAL,1.9700006
2010-05-04,002270,SELL_REBAL,6.5358968
2010-05-04,002216,SELL_REBAL,4.951611
2010-05-04,002179,SELL_REBAL,3.02301285
2010-05-04,002004,SELL_REBAL,4.46975568
2010-05-04,002198,SELL_REBAL,4.27517696
2010-05-04,002132,SELL_REBAL,2.8891135
2010-05-04,002221,SELL_REBAL,2.86312026
2010-05-04,600459,SELL_REBAL,7.34226528
2010-05-04,002124,BUY,1.78310268
2010-05-04,002085,BUY,1.40893398
2010-05-04,002127,BUY,2.0641334
2010-05-04,002135,BUY,3.69649875
2010-05-04,002256,BUY,1.51842638
2010-05-04,002253,BUY,13.36296336
2010-05-04,002203,BUY,3.32230815
2010-05-04,002117,BUY,2.958186
2010-05-04,002266,BUY,2.27943387
2010-05-04,002180,BUY,6.63469432
2010-05-04,002190,BUY,8.0641575
2010-05-04,000552,BUY,2.73859575
2010-05-04,002206,BUY,2.6096336
2010-06-01,002228,SELL_REBAL,2.5071242
2010-06-01,002247,SELL_REBAL,3.47606302
2010-06-01,002085,SELL_REBAL,1.11094307
2010-06-01,002127,SELL_REBAL,1.72759356
2010-06-01,002135,SELL_REBAL,3.2167083
2010-06-01,002253,SELL_REBAL,12.009625
2010-06-01,002203,SELL_REBAL,3.1059126
2010-06-01,002266,SELL_REBAL,2.0043716
2010-06-01,002190,SELL_REBAL,7.08038766
2010-06-01,000552,SELL_REBAL,2.2204165
2010-06-01,002206,SELL_REBAL,2.48553072
2010-06-01,002003,BUY,2.005109
2010-06-01,002178,BUY,2.184077
2010-06-01,002270,BUY,5.71521048
2010-06-01,002245,BUY,1.51877544
2010-06-01,002177,BUY,4.13267452
2010-06-01,002050,BUY,2.2910988
2010-06-01,002226,BUY,3.10233625
2010-06-01,002116,BUY,3.371784
2010-06-01,002204,BUY,4.22363061
2010-06-01,002235,BUY,4.5216165
2010-06-01,600985,BUY,4.10996352
2010-07-01,002195,SELL_REBAL,0.75710843
2010-07-01,600845,SELL_REBAL,2.59620972
2010-07-01,002229,SELL_REBAL,4.17429176
2010-07-01,002180,SELL_REBAL,4.8796443
2010-07-01,002117,SELL_REBAL,3.1839423
2010-07-01,002256,SELL_REBAL,1.27038412
2010-07-01,002178,SELL_REBAL,2.07223344
2010-07-01,002270,SELL_REBAL,5.36474946
2010-07-01,002245,SELL_REBAL,1.783377
2010-07-01,002177,SELL_REBAL,4.0169324
2010-07-01,002050,SELL_REBAL,2.00862196
2010-07-01,002226,SELL_REBAL,3.56625484
2010-07-01,002116,SELL_REBAL,2.77917666
2010-07-01,002204,SELL_REBAL,3.47800596
2010-07-01,600985,SELL_REBAL,3.75539554
2010-07-01,002171,BUY,2.5007202
2010-07-01,600400,BUY,1.02689022
2010-07-01,002201,BUY,2.05306951
2010-07-01,600987,BUY,1.75934224
2010-07-01,600353,BUY,1.65239109
2010-07-01,002272,BUY,6.34899243
2010-07-01,002173,BUY,6.86722533
2010-07-01,002203,BUY,2.5967466
2010-07-01,600305,BUY,1.79413212
2010-07-01,002132,BUY,2.4711141
2010-07-01,002153,BUY,3.01915055
2010-07-01,002266,BUY,2.0808095
2010-07-01,600629,BUY,4.31258658
2010-07-01,002057,BUY,1.79511975
2010-07-01,002014,BUY,2.46322877
2010-08-02,002124,SELL_REBAL,1.81507815
2010-08-02,002003,SELL_REBAL,2.723357
2010-08-02,002150,SELL_REBAL,4.78375534
2010-08-02,002235,SELL_REBAL,5.54660796
2010-08-02,600400,SELL_REBAL,1.20538852
2010-08-02,002201,SELL_REBAL,2.8738375
2010-08-02,600987,SELL_REBAL,2.29313648
2010-08-02,600353,SELL_REBAL,1.9984671
2010-08-02,002173,SELL_REBAL,8.11446726
2010-08-02,002203,SELL_REBAL,3.28032068
2010-08-02,600305,SELL_REBAL,2.07657864
2010-08-02,002132,SELL_REBAL,3.47185384
2010-08-02,002266,SELL_REBAL,2.59379274
2010-08-02,600629,SELL_REBAL,5.38087486
2010-08-02,002057,SELL_REBAL,2.44718487
2010-08-02,002014,SELL_REBAL,2.84728886
2010-08-02,002195,BUY,0.8228493
2010-08-02,002204,BUY,4.03537871
2010-08-02,600446,BUY,1.85020385
2010-08-02,002116,BUY,3.28192462
2010-08-02,002154,BUY,4.2014448
2010-08-02,000558,BUY,3.07877766
2010-08-02,002050,BUY,2.37022912
2010-08-02,600845,BUY,2.8450926
2010-08-02,002255,BUY,10.14655212
2010-08-02,002247,BUY,4.19096472
2010-08-02,002229,BUY,5.01317676
2010-08-02,002212,BUY,7.82347813
2010-08-02,002031,BUY,1.63639449
2010-08-02,002215,BUY,5.33893074
2010-08-02,600871,BUY,5.48626397
2010-08-02,600794,BUY,2.09032196
2010-09-01,002116,SELL_REBAL,3.84268196
2010-09-01,002154,SELL_REBAL,4.16476552
2010-09-01,002050,SELL_REBAL,2.43463752
2010-09-01,002255,SELL_REBAL,10.09110648
2010-09-01,002247,SELL_REBAL,4.44411024
2010-09-01,002229,SELL_REBAL,4.90244394
2010-09-01,002212,SELL_REBAL,7.94668251
2010-09-01,002031,SELL_REBAL,1.7797644
2010-09-01,002215,SELL_REBAL,5.9446868
2010-09-01,600871,SELL_REBAL,5.4267026
2010-09-01,600794,SELL_REBAL,2.30714628
2010-09-01,002003,BUY,2.92925476
2010-09-01,002266,BUY,2.68976477
2010-09-01,002216,BUY,6.834307
2010-09-01,002270,BUY,6.6240984
2010-09-01,002228,BUY,2.6475484
2010-09-01,002203,BUY,3.21595018
2010-09-01,600801,BUY,2.6323086
2010-09-01,002175,BUY,3.3678666
2010-09-01,002102,BUY,1.53935595
2010-09-01,002150,BUY,5.03714848
2010-09-01,002177,BUY,4.765852
2010-10-08,002171,SELL_REBAL,3.4229412
2010-10-08,600446,SELL_REBAL,2.1949313
2010-10-08,002003,SELL_REBAL,3.52899184
2010-10-08,002266,SELL_REBAL,3.0745022
2010-10-08,002216,SELL_REBAL,7.18341079
2010-10-08,002270,SELL_REBAL,6.92834478
2010-10-08,600801,SELL_REBAL,2.69416066
2010-10-08,002175,SELL_REBAL,3.6461637
2010-10-08,002102,SELL_REBAL,2.18473299
2010-10-08,002150,SELL_REBAL,5.24063085
2010-10-08,002177,SELL_REBAL,4.936061
2010-10-08,600743,BUY,2.1756413
2010-10-08,002215,BUY,5.69072075
2010-10-08,002229,BUY,4.82191098
2010-10-08,002116,BUY,3.56142436
2010-10-08,002293,BUY,7.8891934
2010-10-08,000885,BUY,5.61370914
2010-10-08,002120,BUY,3.33760203
2010-10-08,002212,BUY,7.88508032
2010-10-08,002282,BUY,6.05111718
2010-10-08,002027,BUY,1.30208264
2010-10-08,002050,BUY,2.7879636
2010-11-01,002153,SELL_REBAL,3.85227167
2010-11-01,002203,SELL_REBAL,4.9179062
2010-11-01,000558,SELL_REBAL,2.87638014
2010-11-01,002204,SELL_REBAL,4.9251483
2010-11-01,002215,SELL_REBAL,5.8882499
2010-11-01,002116,SELL_REBAL,4.17667536
2010-11-01,002293,SELL_REBAL,7.0103716
2010-11-01,000885,SELL_REBAL,5.31970146
2010-11-01,002120,SELL_REBAL,3.54395034
2010-11-01,002282,SELL_REBAL,6.55321274
2010-11-01,002027,SELL_REBAL,1.38709122
2010-11-01,002050,SELL_REBAL,3.03271552
2010-11-01,300016,BUY,4.18385529
2010-11-01,000517,BUY,1.56091375
2010-11-01,300013,BUY,5.50374521
2010-11-01,300012,BUY,2.65657416
2010-11-01,300006,BUY,3.9396987
2010-11-01,300026,BUY,1.91149994
2010-11-01,300021,BUY,3.100849
2010-11-01,300025,BUY,6.88826475
2010-11-01,002180,BUY,6.7932303
2010-11-01,002256,BUY,1.47518156
2010-11-01,300011,BUY,9.7138866
2010-11-01,300009,BUY,2.07410268
2010-12-01,600743,SELL_REBAL,2.1573586
2010-12-01,600845,SELL_REBAL,2.84810328
2010-12-01,002212,SELL_REBAL,10.5671449
2010-12-01,002272,SELL_REBAL,8.46964008
2010-12-01,300016,SELL_REBAL,4.19575815
2010-12-01,300013,SELL_REBAL,5.52013516
2010-12-01,300006,SELL_REBAL,4.63078206
2010-12-01,300021,SELL_REBAL,4.03284575
2010-12-01,300025,SELL_REBAL,7.52387175
2010-12-01,002180,SELL_REBAL,7.35454886
2010-12-01,002256,SELL_REBAL,2.1759728
2010-12-01,300011,SELL_REBAL,8.40436388
2010-12-01,300009,SELL_REBAL,2.19781185
2010-12-01,002293,BUY,7.55382692
2010-12-01,002050,BUY,2.98486928
2010-12-01,000558,BUY,2.59224516
2010-12-01,300001,BUY,5.151125
2010-12-01,002239,BUY,1.78077792
2010-12-01,300014,BUY,2.23755224
2010-12-01,002305,BUY,3.67967484
2010-12-01,002303,BUY,3.1976003
2010-12-01,002204,BUY,4.94136278
2010-12-01,002266,BUY,3.84567568
2010-12-01,002085,BUY,1.7327884
2010-12-01,002285,BUY,3.61704169
2010-12-01,000906,BUY,3.98836768
2011-01-04,002229,SELL_REBAL,6.43592572
2011-01-04,300012,SELL_REBAL,2.73879068
2011-01-04,300026,SELL_REBAL,1.8034534
2011-01-04,002293,SELL_REBAL,7.374022
2011-01-04,002050,SELL_REBAL,3.10172452
2011-01-04,000558,SELL_REBAL,2.9581176
2011-01-04,300001,SELL_REBAL,6.354712
2011-01-04,002239,SELL_REBAL,1.7161128
2011-01-04,300014,SELL_REBAL,2.1296396
2011-01-04,002305,SELL_REBAL,3.57471264
2011-01-04,002303,SELL_REBAL,3.2505992
2011-01-04,002266,SELL_REBAL,4.10641385
2011-01-04,002085,SELL_REBAL,1.68527646
2011-01-04,002285,SELL_REBAL,3.839253
2011-01-04,000906,SELL_REBAL,4.34508591
2011-01-04,002323,BUY,3.9200694
2011-01-04,600743,BUY,2.17929784
2011-01-04,600568,BUY,1.95510534
2011-01-04,300035,BUY,3.72044152
2011-01-04,600340,BUY,0.7754659
2011-01-04,300016,BUY,3.93984666
2011-01-04,002327,BUY,3.42244578
2011-01-04,002300,BUY,3.83861098
2011-01-04,600845,BUY,2.6744874
2011-01-04,002219,BUY,2.33671692
2011-01-04,002270,BUY,6.42383496
2011-01-04,002312,BUY,2.7431404
2011-01-04,300032,BUY,5.48337981
2011-01-04,002225,BUY,7.02381345
2011-01-04,600305,BUY,2.62025504
2011-02-01,000517,SELL_REBAL,1.5771975
2011-02-01,002224,SELL_REBAL,3.86805462
2011-02-01,002204,SELL_REBAL,4.8238078
2011-02-01,600743,SELL_REBAL,2.31093328
2011-02-01,600568,SELL_REBAL,1.8684969
2011-02-01,600340,SELL_REBAL,0.78330769
2011-02-01,002300,SELL_REBAL,3.54508128
2011-02-01,600845,SELL_REBAL,2.46775404
2011-02-01,002270,SELL_REBAL,6.32755446
2011-02-01,300032,SELL_REBAL,4.70175243
2011-02-01,002225,SELL_REBAL,6.20601733
2011-02-01,600305,SELL_REBAL,2.24365968
2011-02-01,002337,BUY,5.0060208
2011-02-01,300043,BUY,2.3441192
2011-02-01,300031,BUY,5.56124128
2011-02-01,300026,BUY,1.67010228
2011-02-01,300014,BUY,1.89501136
2011-02-01,002239,BUY,1.53704016
2011-02-01,002229,BUY,5.1675316
2011-02-01,002301,BUY,4.40947878
2011-02-01,300012,BUY,2.36240496
2011-02-01,002305,BUY,3.448758
2011-02-01,300045,BUY,4.54600531
2011-02-01,000062,BUY,4.36026495
2011-03-01,002219,SELL_REBAL,2.37001586
2011-03-01,002312,SELL_REBAL,2.65569304
2011-03-01,002239,SELL_REBAL,1.66471232
2011-03-01,002229,SELL_REBAL,5.86883946
2011-03-01,002301,SELL_REBAL,4.92682554
2011-03-01,002305,SELL_REBAL,3.8386176
2011-03-01,300045,SELL_REBAL,5.73799807
2011-03-01,000062,SELL_REBAL,5.07326425
2011-03-01,002348,BUY,2.96345224
2011-03-01,300058,BUY,1.80232152
2011-03-01,300032,BUY,4.82403156
2011-03-01,002351,BUY,3.840238
2011-03-01,600568,BUY,2.05454466
2011-03-01,002317,BUY,5.6273646
2011-03-01,002150,BUY,5.40955961
2011-03-01,002358,BUY,4.7752929
2011-04-01,300026,SELL_REBAL,1.5785238
2011-04-01,002195,SELL_REBAL,0.95999085
2011-04-01,002327,SELL_REBAL,3.18144086
2011-04-01,300035,SELL_REBAL,3.8360248
2011-04-01,300043,SELL_REBAL,2.4309544
2011-04-01,002228,SELL_REBAL,2.3540776
2011-04-01,300031,SELL_REBAL,5.4765375
2011-04-01,002337,SELL_REBAL,5.32648198
2011-04-01,300032,SELL_REBAL,6.2098617
2011-04-01,600568,SELL_REBAL,2.06256396
2011-04-01,002150,SELL_REBAL,6.08143536
2011-04-01,300066,BUY,2.24717798
2011-04-01,300063,BUY,3.02010784
2011-04-01,300062,BUY,4.40859
2011-04-01,002356,BUY,5.3812304
2011-04-01,002364,BUY,4.17245985
2011-04-01,300045,BUY,5.58593315
2011-04-01,002293,BUY,6.43358166
2011-04-01,002361,BUY,2.266028
2011-04-01,002379,BUY,4.52011744
2011-04-01,300019,BUY,4.89905152
2011-04-01,002311,BUY,4.7943698
2011-05-03,002116,BUY_SKIP_LIMIT_UP,3.86201842
2011-05-03,300058,SELL_REBAL,1.66831992
2011-05-03,002358,SELL_REBAL,4.61747034
2011-05-03,300014,SELL_REBAL,1.8353324
2011-05-03,300016,SELL_REBAL,3.44587797
2011-05-03,002348,SELL_REBAL,2.92390048
2011-05-03,300066,SELL_REBAL,1.927744
2011-05-03,300063,SELL_REBAL,2.5449445
2011-05-03,002356,SELL_REBAL,4.80467
2011-05-03,002364,SELL_REBAL,3.97540629
2011-05-03,002361,SELL_REBAL,2.311208
2011-05-03,002379,SELL_REBAL,4.26556736
2011-05-03,002311,SELL_REBAL,5.2668077
2011-05-03,002337,BUY,4.82398368
2011-05-03,300043,BUY,2.27050005
2011-05-03,002372,BUY,1.88783504
2011-05-03,002228,BUY,2.1647416
2011-05-03,300075,BUY,4.71548
2011-05-03,002285,BUY,3.27383574
2011-05-03,300035,BUY,3.3418644
2011-05-03,002374,BUY,4.674955
2011-05-03,002352,BUY,6.91297016
2011-05-03,300031,BUY,4.92450252
2011-05-03,002327,BUY,3.46818394
2011-06-01,002323,SELL_REBAL,2.949885
2011-06-01,300062,SELL_REBAL,4.03945495
2011-06-01,002317,SELL_REBAL,4.35923775
2011-06-01,300012,SELL_REBAL,1.76998448
2011-06-01,002293,SELL_REBAL,7.927227
2011-06-01,002351,SELL_REBAL,3.2541548
2011-06-01,002337,SELL_REBAL,4.18115104
2011-06-01,002372,SELL_REBAL,1.81684704
2011-06-01,002228,SELL_REBAL,1.9470052
2011-06-01,300075,SELL_REBAL,4.05933381
2011-06-01,002285,SELL_REBAL,3.092848
2011-06-01,300035,SELL_REBAL,3.1576012
2011-06-01,002352,SELL_REBAL,6.251988
2011-06-01,300031,SELL_REBAL,4.36078426
2011-06-01,002116,BUY,3.28895606
2011-06-01,300085,BUY,2.48338024
2011-06-01,002224,BUY,3.17379204
2011-06-01,002418,BUY,3.401921
2011-06-01,300061,BUY,3.3208884
2011-06-01,300014,BUY,1.79609144
2011-06-01,300067,BUY,1.94700566
2011-06-01,300065,BUY,4.04132295
2011-06-01,600845,BUY,2.3656103
2011-06-01,002404,BUY,2.581886
2011-06-01,300017,BUY,0.88754607
2011-06-01,002382,BUY,3.96010485
2011-06-01,002401,BUY,4.58325252
2011-06-01,300037,BUY,5.45391154
2011-06-01,300026,BUY,1.59378
2011-07-01,300009,BUY_SKIP_LIMIT_UP,1.4438952
2011-07-01,300019,SELL_REBAL,4.48780264
2011-07-01,002374,SELL_REBAL,3.82024332
2011-07-01,300045,SELL_REBAL,4.98711576
2011-07-01,002327,SELL_REBAL,3.66520986
2011-07-01,002116,SELL_REBAL,3.31126488
2011-07-01,300085,SELL_REBAL,2.16793836
2011-07-01,002418,SELL_REBAL,3.56245837
2011-07-01,300014,SELL_REBAL,2.03149275
2011-07-01,300067,SELL_REBAL,1.92860296
2011-07-01,300065,SELL_REBAL,4.02772545
2011-07-01,600845,SELL_REBAL,2.26517098
2011-07-01,002382,SELL_REBAL,4.07244825
2011-07-01,300037,SELL_REBAL,5.96036791
2011-07-01,300071,BUY,2.3290904
2011-07-01,002348,BUY,2.74445131
2011-07-01,300062,BUY,3.89719975
2011-07-01,002352,BUY,6.0819778
2011-07-01,002381,BUY,3.97542621
2011-07-01,300015,BUY,0.96991782
2011-07-01,002349,BUY,3.5591472
2011-07-01,002313,BUY,16.20087392
2011-07-01,002380,BUY,10.7876498
2011-07-01,002111,BUY,5.94399588
2011-07-01,002050,BUY,3.0819258
2011-07-01,300047,BUY,3.95694314
2011-08-01,300026,SELL_REBAL,1.834968
2011-08-01,300043,SELL_REBAL,2.45793345
2011-08-01,002404,SELL_REBAL,2.7173292
2011-08-01,002401,SELL_REBAL,5.16224664
2011-08-01,300017,SELL_REBAL,0.97119672
2011-08-01,002348,SELL_REBAL,3.07530884
2011-08-01,300062,SELL_REBAL,4.3328563
2011-08-01,002352,SELL_REBAL,6.7483081
2011-08-01,002381,SELL_REBAL,4.01695707
2011-08-01,300015,SELL_REBAL,1.07684505
2011-08-01,002349,SELL_REBAL,3.91278528
2011-08-01,002313,SELL_REBAL,18.2597976
2011-08-01,002111,SELL_REBAL,6.31668
2011-08-01,002050,SELL_REBAL,3.241674
2011-08-01,300047,SELL_REBAL,3.93064145
2011-08-01,300066,BUY,1.733116
2011-08-01,300085,BUY,2.13813852
2011-08-01,300097,BUY,5.13229264
2011-08-01,002434,BUY,3.792185
2011-08-01,002452,BUY,3.49474768
2011-08-01,300067,BUY,1.86235324
2011-08-01,300065,BUY,4.0817966
2011-08-01,300095,BUY,4.31978675
2011-08-01,300075,BUY,4.39361097
2011-08-01,300019,BUY,4.31305186
2011-08-01,002364,BUY,3.6722397
2011-08-01,002279,BUY,3.46027385
2011-08-01,300012,BUY,1.9691936
2011-08-01,002293,BUY,8.86202208
2011-08-01,002397,BUY,5.49879764
2011-08-01,002361,BUY,2.15739931
2011-09-01,300061,SELL_REBAL,3.2558094
2011-09-01,002380,SELL_REBAL,11.5108442
2011-09-01,002224,SELL_REBAL,3.28595088
2011-09-01,300085,SELL_REBAL,2.35232487
2011-09-01,300097,SELL_REBAL,5.54441464
2011-09-01,002434,SELL_REBAL,3.56334625
2011-09-01,002452,SELL_REBAL,3.4335556
2011-09-01,300065,SELL_REBAL,3.64347515
2011-09-01,300075,SELL_REBAL,4.71010743
2011-09-01,002364,SELL_REBAL,3.6406214
2011-09-01,300012,SELL_REBAL,2.2439648
2011-09-01,002293,SELL_REBAL,9.02674368
2011-09-01,002397,SELL_REBAL,6.2672218
2011-09-01,002361,SELL_REBAL,2.13920194
2011-09-01,002323,BUY,3.0115863
2011-09-01,002404,BUY,2.6369098
2011-09-01,002372,BUY,1.93172256
2011-09-01,002085,BUY,1.64335416
2011-09-01,000631,BUY,1.956312
2011-09-01,002348,BUY,2.7611132
2011-09-01,300110,BUY,2.6221041
2011-09-01,002347,BUY,5.09819188
2011-09-01,002337,BUY,4.2455236
2011-09-01,002426,BUY,1.9699332
2011-09-01,300045,BUY,5.174379
2011-09-01,002358,BUY,4.79870419
2011-09-01,002367,BUY,2.94202272
2011-09-01,300112,BUY,4.854216
2011-10-10,300019,SELL_REBAL,3.6596359
2011-10-10,300095,SELL_REBAL,3.699304
2011-10-10,002279,SELL_REBAL,3.14990225
2011-10-10,300066,SELL_REBAL,1.5866816
2011-10-10,002323,SELL_REBAL,2.7462483
2011-10-10,002404,SELL_REBAL,2.3639071
2011-10-10,002372,SELL_REBAL,1.8289392
2011-10-10,002085,SELL_REBAL,1.74217732
2011-10-10,000631,SELL_REBAL,1.6139574
2011-10-10,002347,SELL_REBAL,4.38465184
2011-10-10,002337,SELL_REBAL,3.77345816
2011-10-10,002426,SELL_REBAL,1.63206675
2011-10-10,300045,SELL_REBAL,4.93044399
2011-10-10,002358,SELL_REBAL,4.55069705
2011-10-10,002367,SELL_REBAL,2.46356877
2011-10-10,002334,BUY,6.83049591
2011-10-10,600845,BUY,1.88720196
2011-10-10,002361,BUY,1.8601756
2011-10-10,300037,BUY,5.58470808
2011-10-10,002380,BUY,9.67573841
2011-10-10,300062,BUY,3.4319067
2011-10-10,300017,BUY,0.82245488
2011-10-10,300012,BUY,1.889052
2011-10-10,300056,BUY,3.96015085
2011-10-10,300097,BUY,4.70093828
2011-10-10,300065,BUY,3.29143745
2011-10-10,300075,BUY,4.04688732
2011-10-10,300043,BUY,2.413915
2011-10-10,002472,BUY,5.373729
2011-10-10,002413,BUY,3.44544354
2011-11-01,002348,SELL_REBAL,2.71826834
2011-11-01,300071,SELL_REBAL,2.983695
2011-11-01,002334,SELL_REBAL,5.83160067
2011-11-01,600845,SELL_REBAL,2.08147275
2011-11-01,300062,SELL_REBAL,3.64232585
2011-11-01,300017,SELL_REBAL,0.93956384
2011-11-01,300056,SELL_REBAL,4.62215635
2011-11-01,300097,SELL_REBAL,4.92348416
2011-11-01,300075,SELL_REBAL,4.13401275
2011-11-01,300043,SELL_REBAL,2.53461075
2011-11-01,002472,SELL_REBAL,5.6997215
2011-11-01,002413,SELL_REBAL,3.99233934
2011-11-01,002488,BUY,2.6395335
2011-11-01,300131,BUY,2.25178245
2011-11-01,002372,BUY,1.85110816
2011-11-01,300019,BUY,3.8115931
2011-11-01,002404,BUY,2.4273961
2011-11-01,300061,BUY,3.086604
2011-11-01,002452,BUY,3.1190963
2011-11-01,300001,BUY,3.5043859
2011-11-01,300026,BUY,1.62408
2011-11-01,002481,BUY,2.56472382
2011-11-01,300011,BUY,5.19214826
2011-11-01,300095,BUY,3.840859
2011-12-01,300067,SELL_REBAL,1.68568732
2011-12-01,002361,SELL_REBAL,1.89454841
2011-12-01,300110,SELL_REBAL,2.4262623
2011-12-01,300037,SELL_REBAL,6.08964356
2011-12-01,300012,SELL_REBAL,2.20045936
2011-12-01,300112,SELL_REBAL,4.4084592
2011-12-01,002488,SELL_REBAL,2.58551514
2011-12-01,300131,SELL_REBAL,2.53072215
2011-12-01,300019,SELL_REBAL,4.21427968
2011-12-01,002404,SELL_REBAL,2.8400746
2011-12-01,300061,SELL_REBAL,3.0010716
2011-12-01,002452,SELL_REBAL,3.41315824
2011-12-01,300001,SELL_REBAL,3.38183989
2011-12-01,002481,SELL_REBAL,2.771522
2011-12-01,300011,SELL_REBAL,5.405985
2011-12-01,002323,BUY,2.8789173
2011-12-01,000631,BUY,1.4998392
2011-12-01,002510,BUY,3.25364949
2011-12-01,300035,BUY,2.752325
2011-12-01,002487,BUY,4.5983821
2011-12-01,002335,BUY,4.6042205
2011-12-01,002495,BUY,2.02970295
2011-12-01,002491,BUY,3.388488
2011-12-01,002508,BUY,2.91512364
2011-12-01,002391,BUY,5.31265306
2011-12-01,002224,BUY,2.93128644
2011-12-01,002363,BUY,4.93069836
2011-12-01,300121,BUY,3.93951974
2011-12-01,002347,BUY,4.394993
2011-12-01,600039,BUY,0.9957636
2012-01-04,002354,BUY_SKIP_LIMIT_UP,3.68166014
2012-01-04,300065,SELL_REBAL,2.5447954
2012-01-04,300095,SELL_REBAL,2.89951825
2012-01-04,002380,SELL_REBAL,7.84967255
2012-01-04,300026,SELL_REBAL,1.515
2012-01-04,000631,SELL_REBAL,1.21617396
2012-01-04,002510,SELL_REBAL,2.36296008
2012-01-04,300035,SELL_REBAL,2.07635398
2012-01-04,002487,SELL_REBAL,3.63602928
2012-01-04,002495,SELL_REBAL,1.56073962
2012-01-04,002491,SELL_REBAL,2.68016
2012-01-04,002508,SELL_REBAL,3.11182564
2012-01-04,002391,SELL_REBAL,4.29356928
2012-01-04,002224,SELL_REBAL,2.14617456
2012-01-04,002363,SELL_REBAL,4.18487844
2012-01-04,002347,SELL_REBAL,3.68403825
2012-01-04,600039,SELL_REBAL,0.78767454
2012-01-04,002467,BUY,1.9166463
2012-01-04,300138,BUY,4.42820235
2012-01-04,300145,BUY,1.658684
2012-01-04,300067,BUY,1.41332736
2012-01-04,300097,BUY,4.03330064
2012-01-04,302132,BUY,14.71
2012-01-04,002352,BUY,5.401937
2012-01-04,300031,BUY,4.089148
2012-01-04,300083,BUY,2.67569679
2012-01-04,300098,BUY,1.7351224
2012-01-04,300099,BUY,4.1029873
2012-01-04,300063,BUY,1.963612
2012-01-04,300037,BUY,4.85924355
2012-01-04,002398,BUY,3.0354181
2012-01-04,002481,BUY,2.18737044
2012-02-01,300067,SELL_REBAL,1.49797978
2012-02-01,302132,SELL_REBAL,13.52
2012-02-01,300031,SELL_REBAL,3.67147074
2012-02-01,300098,SELL_REBAL,1.42987728
2012-02-01,300099,SELL_REBAL,3.61972914
2012-02-01,300037,SELL_REBAL,4.1368208
2012-02-01,002398,SELL_REBAL,3.0855903
2012-02-01,002481,SELL_REBAL,1.84093019
2012-02-01,300173,BUY,2.6614116
2012-02-01,002515,BUY,2.4153057
2012-02-01,002452,BUY,2.47487968
2012-02-01,300066,BUY,1.2863984
2012-02-01,002356,BUY,3.2856408
2012-02-01,300076,BUY,3.03679887
2012-02-01,300016,BUY,2.43502528
2012-02-01,002317,BUY,3.97254725
2012-02-01,002313,BUY,14.41622292
2012-03-01,002467,SELL_REBAL,2.15910846
2012-03-01,300063,SELL_REBAL,2.14576285
2012-03-01,300097,SELL_REBAL,4.00033088
2012-03-01,300145,SELL_REBAL,1.608282
2012-03-01,002352,SELL_REBAL,6.0298779
2012-03-01,300083,SELL_REBAL,3.00373281
2012-03-01,002335,SELL_REBAL,4.1826576
2012-03-01,300121,SELL_REBAL,3.36423321
2012-03-01,002452,SELL_REBAL,2.77234118
2012-03-01,002356,SELL_REBAL,3.74432
2012-03-01,300076,SELL_REBAL,3.40884901
2012-03-01,300016,SELL_REBAL,2.68785856
2012-03-01,002313,SELL_REBAL,15.874001
2012-03-01,300176,BUY,2.57649119
2012-03-01,302132,BUY,15.48
2012-03-01,002519,BUY,2.59792808
2012-03-01,002517,BUY,2.4204335
2012-03-01,300012,BUY,2.15924368
2012-03-01,300095,BUY,3.170832
2012-03-01,300099,BUY,3.93980922
2012-03-01,300019,BUY,3.38358032
2012-03-01,300184,BUY,1.72961404
2012-03-01,300062,BUY,3.06145045
2012-03-01,002543,BUY,3.124873
2012-03-01,002488,BUY,2.27368188
2012-03-01,300054,BUY,3.4765455
2012-04-05,300066,SELL_REBAL,1.2799108
2012-04-05,002515,SELL_REBAL,2.6469897
2012-04-05,300138,SELL_REBAL,4.493736
2012-04-05,002372,SELL_REBAL,1.65360288
2012-04-05,002317,SELL_REBAL,4.241636
2012-04-05,302132,SELL_REBAL,13.78
2012-04-05,300012,SELL_REBAL,2.0951304
2012-04-05,300099,SELL_REBAL,3.8284088
2012-04-05,300019,SELL_REBAL,3.11258998
2012-04-05,002488,SELL_REBAL,2.26140498
2012-04-05,300054,SELL_REBAL,3.43058439
2012-04-05,002514,BUY,2.6534913
2012-04-05,300151,BUY,1.89150652
2012-04-05,002568,BUY,1.9176675
2012-04-05,002380,BUY,7.12045153
2012-04-05,002537,BUY,2.88593072
2012-04-05,300180,BUY,1.57511709
2012-04-05,300163,BUY,2.48240814
2012-04-05,300085,BUY,1.57007907
2012-04-05,300122,BUY,3.31661317
2012-04-05,002536,BUY,3.0136081
2012-04-05,300076,BUY,3.15034664
2012-05-02,002519,SELL_REBAL,2.48644352
2012-05-02,300095,SELL_REBAL,2.897159
2012-05-02,002517,SELL_REBAL,2.498512
2012-05-02,002568,SELL_REBAL,2.13244626
2012-05-02,002537,SELL_REBAL,2.98498992
2012-05-02,300180,SELL_REBAL,1.44421305
2012-05-02,300163,SELL_REBAL,2.389995
2012-05-02,300085,SELL_REBAL,1.55331666
2012-05-02,300122,SELL_REBAL,3.4732898
2012-05-02,002536,SELL_REBAL,2.9787687
2012-05-02,300076,SELL_REBAL,3.0440466
2012-05-02,300066,BUY,1.3243972
2012-05-02,300194,BUY,3.03063492
2012-05-02,002515,BUY,2.56242504
2012-05-02,300206,BUY,2.89378089
2012-05-02,300065,BUY,2.4021396
2012-05-02,002327,BUY,4.00730265
2012-05-02,300110,BUY,1.87319055
2012-05-02,300061,BUY,2.3465628
2012-05-02,002347,BUY,4.0223071
2012-05-02,002352,BUY,5.785831
2012-05-02,002335,BUY,3.7516743
2012-06-01,002543,SELL_REBAL,3.02454813
2012-06-01,002323,SELL_REBAL,2.61398059
2012-06-01,002514,SELL_REBAL,3.1289724
2012-06-01,002380,SELL_REBAL,7.18776604
2012-06-01,300176,SELL_REBAL,2.42621402
2012-06-01,300173,SELL_REBAL,3.18908271
2012-06-01,300151,SELL_REBAL,2.20436026
2012-06-01,002515,SELL_REBAL,2.60914992
2012-06-01,300206,SELL_REBAL,2.83243968
2012-06-01,300065,SELL_REBAL,2.56895485
2012-06-01,300110,SELL_REBAL,1.92051877
2012-06-01,300061,SELL_REBAL,2.41756932
2012-06-01,002347,SELL_REBAL,4.1962732
2012-06-01,002352,SELL_REBAL,6.64807176
2012-06-01,002335,SELL_REBAL,3.86236836
2012-06-01,002372,BUY,1.62915615
2012-06-01,002558,BUY,4.9796346
2012-06-01,300192,BUY,2.76459814
2012-06-01,300220,BUY,5.2253584
2012-06-01,300163,BUY,2.4548674
2012-06-01,002356,BUY,3.40920336
2012-06-01,300075,BUY,3.74994963
2012-06-01,300225,BUY,2.21627742
2012-06-01,300121,BUY,2.76476252
2012-06-01,300145,BUY,1.5606292
2012-06-01,300100,BUY,4.17090342
2012-06-01,300095,BUY,2.972655
2012-06-01,300210,BUY,4.26123855
2012-06-01,300099,BUY,3.684232
2012-06-01,002361,BUY,1.74492559
2012-07-02,300062,SELL_REBAL,3.16221455
2012-07-02,300194,SELL_REBAL,3.2181006
2012-07-02,300184,SELL_REBAL,1.42356494
2012-07-02,002327,SELL_REBAL,4.974544
2012-07-02,002372,SELL_REBAL,1.49312952
2012-07-02,300220,SELL_REBAL,5.54992912
2012-07-02,002356,SELL_REBAL,3.3316624
2012-07-02,300075,SELL_REBAL,4.24247502
2012-07-02,300225,SELL_REBAL,2.34319735
2012-07-02,300121,SELL_REBAL,2.9842306
2012-07-02,300145,SELL_REBAL,1.617446
2012-07-02,300100,SELL_REBAL,3.91442034
2012-07-02,300095,SELL_REBAL,3.14488025
2012-07-02,300210,SELL_REBAL,4.67371431
2012-07-02,002488,BUY,2.16117468
2012-07-02,300227,BUY,2.34120432
2012-07-02,002510,BUY,2.35695744
2012-07-02,300237,BUY,1.10859276
2012-07-02,300232,BUY,1.36287328
2012-07-02,300019,BUY,3.14352168
2012-07-02,002455,BUY,2.28329394
2012-07-02,300083,BUY,2.61204801
2012-07-02,002519,BUY,2.59533495
2012-07-02,002395,BUY,4.49362615
2012-07-02,002536,BUY,2.84202048
2012-07-02,002347,BUY,3.81407495
2012-07-02,300061,BUY,2.45027936
2012-07-02,300160,BUY,2.84188635
2012-08-01,002361,SELL_REBAL,1.6377633
2012-08-01,300099,SELL_REBAL,3.36066032
2012-08-01,002558,SELL_REBAL,4.9349742
2012-08-01,002488,SELL_REBAL,2.35141893
2012-08-01,300227,SELL_REBAL,2.27107608
2012-08-01,300237,SELL_REBAL,0.88590864
2012-08-01,300232,SELL_REBAL,1.2044296
2012-08-01,300019,SELL_REBAL,3.05863116
2012-08-01,002455,SELL_REBAL,2.06000652
2012-08-01,300083,SELL_REBAL,2.19318759
2012-08-01,002519,SELL_REBAL,2.58839091
2012-08-01,002395,SELL_REBAL,4.13593952
2012-08-01,002536,SELL_REBAL,2.65513824
2012-08-01,002347,SELL_REBAL,3.4529635
2012-08-01,300160,SELL_REBAL,2.14893324
2012-08-01,300247,BUY,1.55870432
2012-08-01,300063,BUY,1.60750979
2012-08-01,300225,BUY,1.934569
2012-08-01,302132,BUY,12.35
2012-08-01,002602,BUY,1.09607802
2012-08-01,002545,BUY,3.37464
2012-08-01,300242,BUY,1.63664954
2012-08-01,300151,BUY,1.8699534
2012-08-01,300182,BUY,2.2445987
2012-08-01,300184,BUY,1.20360744
2012-08-01,002553,BUY,2.64518122
2012-08-01,300248,BUY,1.98313806
2012-08-01,300211,BUY,2.2170047
2012-08-01,300062,BUY,2.6730705
2012-08-01,002335,BUY,3.04731216
2012-09-03,300192,SELL_REBAL,2.71618515
2012-09-03,300247,SELL_REBAL,1.63029408
2012-09-03,300063,SELL_REBAL,2.06372146
2012-09-03,002602,SELL_REBAL,1.11511266
2012-09-03,002545,SELL_REBAL,3.1710825
2012-09-03,300242,SELL_REBAL,1.72570544
2012-09-03,300151,SELL_REBAL,2.067561
2012-09-03,300182,SELL_REBAL,2.6500108
2012-09-03,002553,SELL_REBAL,2.66556012
2012-09-03,300248,SELL_REBAL,2.07875706
2012-09-03,300062,SELL_REBAL,3.1115742
2012-09-03,002335,SELL_REBAL,3.2269572
2012-09-03,300237,BUY,0.9746202
2012-09-03,300173,BUY,2.57015961
2012-09-03,300231,BUY,2.14400925
2012-09-03,002516,BUY,0.9759882
2012-09-03,002591,BUY,4.01224572
2012-09-03,300100,BUY,3.39840081
2012-09-03,002599,BUY,2.45520737
2012-09-03,300154,BUY,2.85276712
2012-09-03,002543,BUY,2.88297525
2012-09-03,002372,BUY,1.46254989
2012-09-03,002195,BUY,0.95435438
2012-09-03,300099,BUY,3.37828056
2012-10-08,302132,SELL_REBAL,12.6
2012-10-08,300163,SELL_REBAL,1.9183732
2012-10-08,300184,SELL_REBAL,1.25111826
2012-10-08,300061,SELL_REBAL,2.21833544
2012-10-08,300231,SELL_REBAL,2.4436323
2012-10-08,002591,SELL_REBAL,4.5311336
2012-10-08,300100,SELL_REBAL,3.26099916
2012-10-08,002599,SELL_REBAL,2.37404349
2012-10-08,002543,SELL_REBAL,2.85289203
2012-10-08,002195,SELL_REBAL,0.88905992
2012-10-08,300099,SELL_REBAL,3.00345
2012-10-08,300247,BUY,1.54731504
2012-10-08,002605,BUY,3.66485084
2012-10-08,300230,BUY,1.52436185
2012-10-08,002575,BUY,2.73468419
2012-10-08,300266,BUY,1.2115428
2012-10-08,002617,BUY,1.4105352
2012-10-08,002553,BUY,2.65537067
2012-10-08,300019,BUY,2.79881472
2012-10-08,002361,BUY,1.67011418
2012-10-08,002507,BUY,2.45266175
2012-10-08,000560,BUY,2.0536253
2012-11-01,300066,SELL_REBAL,1.19612096
2012-11-01,002516,SELL_REBAL,1.01238555
2012-11-01,300225,SELL_REBAL,1.91680255
2012-11-01,002372,SELL_REBAL,1.5395262
2012-11-01,300154,SELL_REBAL,2.6876439
2012-11-01,300211,SELL_REBAL,2.49963049
2012-11-01,002605,SELL_REBAL,3.7789318
2012-11-01,002575,SELL_REBAL,2.69423693
2012-11-01,300266,SELL_REBAL,1.1023948
2012-11-01,002617,SELL_REBAL,1.5586736
2012-11-01,002553,SELL_REBAL,2.76541673
2012-11-01,300019,SELL_REBAL,2.86055328
2012-11-01,002361,SELL_REBAL,1.70044313
2012-11-01,002507,SELL_REBAL,2.70748375
2012-11-01,000560,SELL_REBAL,2.13750577
2012-11-01,300248,BUY,2.1609894
2012-11-01,300012,BUY,2.05082738
2012-11-01,002611,BUY,1.53908397
2012-11-01,300232,BUY,1.19927696
2012-11-01,300107,BUY,1.7628366
2012-11-01,300236,BUY,4.801706
2012-11-01,300269,BUY,2.88869324
2012-11-01,002484,BUY,2.63575279
2012-11-01,300099,BUY,2.8192384
2012-11-01,002519,BUY,2.24813295
2012-11-01,300100,BUY,3.38618733
2012-11-01,002593,BUY,2.23672961
2012-11-01,300166,BUY,2.2270356
2012-11-01,300163,BUY,1.85984656
2012-11-01,300078,BUY,2.35766997
2012-12-03,300230,SELL_REBAL,1.24741672
2012-12-03,300247,SELL_REBAL,1.301632
2012-12-03,300173,SELL_REBAL,2.07176364
2012-12-03,300248,SELL_REBAL,1.8454467
2012-12-03,300012,SELL_REBAL,1.90425662
2012-12-03,002611,SELL_REBAL,1.44714347
2012-12-03,300107,SELL_REBAL,1.47176358
2012-12-03,300236,SELL_REBAL,4.35485336
2012-12-03,300269,SELL_REBAL,2.33548804
2012-12-03,002484,SELL_REBAL,2.6330931
2012-12-03,300099,SELL_REBAL,2.24577968
2012-12-03,002519,SELL_REBAL,1.9269711
2012-12-03,300100,SELL_REBAL,2.98008912
2012-12-03,002593,SELL_REBAL,1.83741695
2012-12-03,300166,SELL_REBAL,1.5791115
2012-12-03,300163,SELL_REBAL,1.66800924
2012-12-03,300078,SELL_REBAL,1.94656797
2012-12-03,300066,BUY,1.05789
2012-12-03,300242,BUY,1.50207618
2012-12-03,300194,BUY,2.39144632
2012-12-03,300213,BUY,1.6402278
2012-12-03,300226,BUY,2.22892324
2012-12-03,302132,BUY,10.71
2012-12-03,300211,BUY,2.17131071
2012-12-03,300225,BUY,1.64438365
2012-12-03,300176,BUY,2.164036
2012-12-03,300037,BUY,3.3023094
2012-12-03,300200,BUY,3.1209742
2012-12-03,300151,BUY,1.482057
2012-12-03,002515,BUY,1.87641948
2012-12-03,300019,BUY,2.4180936
2012-12-03,300253,BUY,1.10554844
2012-12-03,300043,BUY,2.0854494
2012-12-03,002543,BUY,2.52531919
2013-01-04,300066,SELL_REBAL,1.234205
2013-01-04,300242,SELL_REBAL,1.8206984
2013-01-04,300194,SELL_REBAL,2.82502724
2013-01-04,300213,SELL_REBAL,2.05837038
2013-01-04,300211,SELL_REBAL,2.69763778
2013-01-04,300200,SELL_REBAL,3.60755128
2013-01-04,300151,SELL_REBAL,1.7144289
2013-01-04,002515,SELL_REBAL,2.23666404
2013-01-04,300019,SELL_REBAL,2.96859576
2013-01-04,300253,SELL_REBAL,1.22700624
2013-01-04,300230,BUY,1.4894528
2013-01-04,300063,BUY,1.73869512
2013-01-04,300248,BUY,2.1801132
2013-01-04,002519,BUY,2.256813
2013-01-04,300173,BUY,2.40728511
2013-01-04,300163,BUY,2.07119276
2013-01-04,300180,BUY,1.56250908
2013-01-04,002085,BUY,1.2580686
2013-01-04,300107,BUY,1.70339211
2013-01-04,300097,BUY,3.309852
2013-02-01,300151,BUY_SKIP_LIMIT_UP,1.9687572
2013-02-01,300237,SELL_REBAL,0.920307
2013-02-01,302132,SELL_REBAL,14.51
2013-02-01,300226,SELL_REBAL,2.900086
2013-02-01,002510,SELL_REBAL,2.32215984
2013-02-01,300037,SELL_REBAL,4.46551092
2013-02-01,300043,SELL_REBAL,2.49111216
2013-02-01,300063,SELL_REBAL,1.83267864
2013-02-01,300248,SELL_REBAL,2.4478464
2013-02-01,300173,SELL_REBAL,2.76560901
2013-02-01,300163,SELL_REBAL,2.1378481
2013-02-01,300180,SELL_REBAL,1.6447464
2013-02-01,002085,SELL_REBAL,1.32864318
2013-02-01,300097,SELL_REBAL,3.37880725
2013-02-01,002622,BUY,1.95086045
2013-02-01,300276,BUY,1.05325317
2013-02-01,300194,BUY,2.9930586
2013-02-01,002558,BUY,5.62274436
2013-02-01,300242,BUY,1.79695016
2013-02-01,002553,BUY,2.8122882
2013-02-01,300247,BUY,1.55545024
2013-02-01,300269,BUY,2.90552992
2013-02-01,300213,BUY,2.194671
2013-02-01,300182,BUY,2.55310742
2013-02-01,300154,BUY,2.81763452
2013-02-01,300184,BUY,1.28631146
2013-03-01,002519,SELL_REBAL,2.5172145
2013-03-01,300232,SELL_REBAL,1.5393512
2013-03-01,300107,SELL_REBAL,2.09695563
2013-03-01,300276,SELL_REBAL,1.42947171
2013-03-01,300194,SELL_REBAL,3.45364456
2013-03-01,002558,SELL_REBAL,5.55798678
2013-03-01,300242,SELL_REBAL,1.91767038
2013-03-01,002553,SELL_REBAL,2.9753194
2013-03-01,300247,SELL_REBAL,1.8548256
2013-03-01,300269,SELL_REBAL,3.31682596
2013-03-01,300213,SELL_REBAL,2.39334648
2013-03-01,300182,SELL_REBAL,2.84381756
2013-03-01,300154,SELL_REBAL,3.27787158
2013-03-01,300184,SELL_REBAL,1.34438024
2013-03-01,300211,BUY,2.76364021
2013-03-01,300217,BUY,1.66122465
2013-03-01,002615,BUY,2.32038576
2013-03-01,300085,BUY,1.56591428
2013-03-01,002510,BUY,2.41495344
2013-03-01,300063,BUY,2.07742739
2013-03-01,300226,BUY,2.78615405
2013-03-01,002602,BUY,1.26580356
2013-03-01,002545,BUY,3.2937075
2013-03-01,002632,BUY,2.2217536
2013-03-01,300237,BUY,0.97522368
2013-03-01,300283,BUY,2.8347836
2013-03-01,002517,BUY,2.86630425
2013-03-01,002380,BUY,7.34270098
2013-03-01,002563,BUY,2.96501194
2013-04-01,002543,SELL_REBAL,3.18380745
2013-04-01,300176,SELL_REBAL,2.554272
2013-04-01,300230,SELL_REBAL,1.59650722
2013-04-01,300225,SELL_REBAL,2.1990917
2013-04-01,300211,SELL_REBAL,2.8093342
2013-04-01,002615,SELL_REBAL,2.2335264
2013-04-01,300085,SELL_REBAL,1.46733372
2013-04-01,002510,SELL_REBAL,2.47294944
2013-04-01,300063,SELL_REBAL,1.78960286
2013-04-01,300226,SELL_REBAL,2.68465104
2013-04-01,002545,SELL_REBAL,3.1367475
2013-04-01,002632,SELL_REBAL,1.98045056
2013-04-01,300283,SELL_REBAL,2.5381202
2013-04-01,002517,SELL_REBAL,2.5289065
2013-04-01,002380,SELL_REBAL,6.64397478
2013-04-01,300296,BUY,0.6828866
2013-04-01,002617,BUY,1.46334976
2013-04-01,002558,BUY,5.5043943
2013-04-01,300302,BUY,2.6289707
2013-04-01,300163,BUY,1.96226818
2013-04-01,300151,BUY,1.7217477
2013-04-01,300213,BUY,2.1369165
2013-04-01,300130,BUY,2.7449892
2013-04-01,002515,BUY,2.12998968
2013-04-01,300248,BUY,2.2374846
2013-04-01,300067,BUY,1.33735438
2013-04-01,300076,BUY,2.86779858
2013-04-01,002536,BUY,2.51409504
2013-04-01,002402,BUY,1.32748516
2013-04-01,300269,BUY,3.04503384
2013-05-02,300217,SELL_REBAL,1.9027677
2013-05-02,002622,SELL_REBAL,1.7173191
2013-05-02,002563,SELL_REBAL,2.70628248
2013-05-02,300296,SELL_REBAL,0.77050035
2013-05-02,002617,SELL_REBAL,1.5393512
2013-05-02,002558,SELL_REBAL,4.800993
2013-05-02,300302,SELL_REBAL,2.99644561
2013-05-02,300163,SELL_REBAL,1.80782288
2013-05-02,300130,SELL_REBAL,2.61720522
2013-05-02,002515,SELL_REBAL,2.24191032
2013-05-02,300067,SELL_REBAL,1.2648136
2013-05-02,300076,SELL_REBAL,2.91732878
2013-05-02,002536,SELL_REBAL,2.53701456
2013-05-02,300269,SELL_REBAL,3.06427576
2013-05-02,300225,BUY,2.1438183
2013-05-02,300176,BUY,2.4079335
2013-05-02,300304,BUY,1.8618912
2013-05-02,300290,BUY,2.90718
2013-05-02,300078,BUY,2.42139078
2013-05-02,300230,BUY,1.47083464
2013-05-02,002195,BUY,0.66877356
2013-05-02,300285,BUY,3.2254884
2013-05-02,002516,BUY,1.0433907
2013-05-02,002545,BUY,2.8571625
2013-05-02,002446,BUY,2.38820694
2013-05-02,300231,BUY,2.5441047
2013-05-02,300220,BUY,6.39841137
2013-05-02,002593,BUY,2.025499
2013-06-03,002402,SELL_REBAL,1.4953422
2013-06-03,300248,SELL_REBAL,2.3899388
2013-06-03,300304,SELL_REBAL,2.18175456
2013-06-03,300290,SELL_REBAL,4.0022178
2013-06-03,300078,SELL_REBAL,3.19383778
2013-06-03,002195,SELL_REBAL,0.78357026
2013-06-03,300285,SELL_REBAL,4.1370066
2013-06-03,002516,SELL_REBAL,1.1404503
2013-06-03,002545,SELL_REBAL,3.742515
2013-06-03,002446,SELL_REBAL,2.85717042
2013-06-03,300231,SELL_REBAL,3.259452
2013-06-03,300220,SELL_REBAL,10.45003284
2013-06-03,002593,SELL_REBAL,2.23048848
2013-06-03,300286,BUY,4.82613824
2013-06-03,300211,BUY,2.83302738
2013-06-03,300163,BUY,2.0175936
2013-06-03,300283,BUY,2.64395482
2013-06-03,002558,BUY,5.46419994
2013-06-03,300095,BUY,3.28793604
2013-06-03,002622,BUY,1.92627715
2013-06-03,300265,BUY,4.31256272
2013-06-03,002536,BUY,2.80147056
2013-06-03,300222,BUY,3.41922048
2013-06-03,002676,BUY,2.35183446
2013-06-03,300126,BUY,4.25622438
2013-06-03,002634,BUY,2.46378375
2013-07-01,300213,SELL_REBAL,2.25473568
2013-07-01,300225,SELL_REBAL,1.94268041
2013-07-01,300237,SELL_REBAL,1.00814085
2013-07-01,002602,SELL_REBAL,1.05799162
2013-07-01,300286,SELL_REBAL,4.58112768
2013-07-01,300211,SELL_REBAL,2.6859664
2013-07-01,300163,SELL_REBAL,1.94870016
2013-07-01,002558,SELL_REBAL,5.2318944
2013-07-01,002622,SELL_REBAL,1.65937275
2013-07-01,002536,SELL_REBAL,2.492558
2013-07-01,300126,SELL_REBAL,3.6327636
2013-07-01,002195,BUY,0.66583517
2013-07-01,300281,BUY,2.57617394
2013-07-01,002510,BUY,2.0277338
2013-07-01,300063,BUY,1.71324125
2013-07-01,002651,BUY,3.96265004
2013-07-01,002611,BUY,1.37738976
2013-07-01,002548,BUY,3.11878702
2013-07-01,300130,BUY,2.60205945
2013-07-01,002593,BUY,1.88665824
2013-07-01,000791,BUY,3.0117672
2013-07-01,002455,BUY,2.06284102
2013-08-01,300283,SELL_REBAL,2.43261096
2013-08-01,300176,SELL_REBAL,2.51928066
2013-08-01,002634,SELL_REBAL,2.91227549
2013-08-01,300222,SELL_REBAL,3.54787008
2013-08-01,300151,SELL_REBAL,1.97159424
2013-08-01,300095,SELL_REBAL,3.0396268
2013-08-01,002676,SELL_REBAL,2.24453475
2013-08-01,002195,SELL_REBAL,1.00773255
2013-08-01,300063,SELL_REBAL,1.85980218
2013-08-01,002651,SELL_REBAL,4.21143336
2013-08-01,002611,SELL_REBAL,1.47900048
2013-08-01,002548,SELL_REBAL,3.76565844
2013-08-01,300130,SELL_REBAL,3.34109186
2013-08-01,002593,SELL_REBAL,2.00126832
2013-08-01,000791,SELL_REBAL,3.51565902
2013-08-01,300338,BUY,4.3935696
2013-08-01,300345,BUY,3.24406454
2013-08-01,002515,BUY,2.31345348
2013-08-01,002667,BUY,5.00566788
2013-08-01,601515,BUY,2.9893752
2013-08-01,002602,BUY,1.08050208
2013-08-01,002677,BUY,1.78859739
2013-08-01,300236,BUY,6.22966743
2013-08-01,300062,BUY,2.40954912
2013-08-01,300180,BUY,1.61043554
2013-08-01,002536,BUY,2.5943315
2013-08-01,002647,BUY,1.9426374
2013-08-01,600452,BUY,0.83921245
2013-08-01,002352,BUY,4.92063748
2013-08-01,002495,BUY,1.4672371
2013-09-02,300281,SELL_REBAL,3.0494784
2013-09-02,002510,SELL_REBAL,2.52052027
2013-09-02,002455,SELL_REBAL,2.42159598
2013-09-02,300345,SELL_REBAL,3.22747692
2013-09-02,002667,SELL_REBAL,5.29412022
2013-09-02,601515,SELL_REBAL,3.7660266
2013-09-02,002677,SELL_REBAL,2.07891456
2013-09-02,300236,SELL_REBAL,8.26254807
2013-09-02,300180,SELL_REBAL,1.67741568
2013-09-02,002647,SELL_REBAL,2.0242387
2013-09-02,600452,SELL_REBAL,0.8842321
2013-09-02,002352,SELL_REBAL,5.128632
2013-09-02,002495,SELL_REBAL,1.63284604
2013-09-02,300176,BUY,2.62123238
2013-09-02,002558,BUY,5.0749824
2013-09-02,002676,BUY,2.26862244
2013-09-02,002546,BUY,2.72692104
2013-09-02,300163,BUY,2.15209984
2013-09-02,002478,BUY,3.14249372
2013-09-02,002686,BUY,4.06632452
2013-09-02,300210,BUY,6.84957689
2013-09-02,002537,BUY,2.80720496
2013-09-02,300138,BUY,3.22593115
2013-09-02,300237,BUY,1.15345845
2013-09-02,002516,BUY,1.150338
2013-09-02,300211,BUY,3.3395856
2013-10-08,002515,SELL_REBAL,2.5196028
2013-10-08,002536,SELL_REBAL,2.9050085
2013-10-08,002602,SELL_REBAL,1.13517034
2013-10-08,300062,SELL_REBAL,2.59817544
2013-10-08,300176,SELL_REBAL,2.83855052
2013-10-08,002558,SELL_REBAL,5.4067392
2013-10-08,002478,SELL_REBAL,3.50957541
2013-10-08,002686,SELL_REBAL,4.4088854
2013-10-08,300210,SELL_REBAL,6.46887564
2013-10-08,002537,SELL_REBAL,2.91824946
2013-10-08,300138,SELL_REBAL,3.54279776
2013-10-08,002516,SELL_REBAL,1.2133327
2013-10-08,300304,BUY,2.29633248
2013-10-08,300319,BUY,2.82952872
2013-10-08,300281,BUY,3.06853764
2013-10-08,002578,BUY,2.0207374
2013-10-08,300066,BUY,1.6694964
2013-10-08,300283,BUY,2.4153584
2013-10-08,300341,BUY,3.0697996
2013-10-08,002677,BUY,2.11545798
2013-10-08,000517,BUY,1.21662875
2013-10-08,300320,BUY,2.43328428
2013-10-08,002560,BUY,2.9084751
2013-10-08,300308,BUY,2.74268169
2013-11-01,300265,SELL_REBAL,4.23106896
2013-11-01,002546,SELL_REBAL,2.61629544
2013-11-01,300163,SELL_REBAL,2.49000576
2013-11-01,300237,SELL_REBAL,1.6469328
2013-11-01,300304,SELL_REBAL,2.53384296
2013-11-01,300319,SELL_REBAL,3.3214002
2013-11-01,300281,SELL_REBAL,3.21148194
2013-11-01,300066,SELL_REBAL,1.85642292
2013-11-01,300283,SELL_REBAL,2.59866685
2013-11-01,300341,SELL_REBAL,3.31676844
2013-11-01,002677,SELL_REBAL,2.16418254
2013-11-01,300320,SELL_REBAL,2.43563301
2013-11-01,002560,SELL_REBAL,3.20376303
2013-11-01,300308,SELL_REBAL,2.5461828
2013-11-01,002632,BUY,1.8757375
2013-11-01,002652,BUY,2.5639876
2013-11-01,002593,BUY,2.04828784
2013-11-01,002687,BUY,2.2699281
2013-11-01,002559,BUY,2.65937441
2013-11-01,002627,BUY,2.86386649
2013-11-01,300176,BUY,2.58367122
2013-11-01,300234,BUY,4.4077509
2013-11-01,300328,BUY,2.7587456
2013-11-01,300276,BUY,1.24358157
2013-11-01,300062,BUY,2.46735396
2013-11-01,002536,BUY,2.981785
2013-11-01,002542,BUY,1.77341443
2013-11-01,002510,BUY,2.39791311
2013-12-02,300230,SELL_REBAL,1.81977588
2013-12-02,002676,SELL_REBAL,2.54891556
2013-12-02,002578,SELL_REBAL,2.030406
2013-12-02,300338,SELL_REBAL,6.33929328
2013-12-02,002632,SELL_REBAL,2.1000525
2013-12-02,002652,SELL_REBAL,2.8191712
2013-12-02,002687,SELL_REBAL,2.3835702
2013-12-02,002559,SELL_REBAL,3.81277215
2013-12-02,300176,SELL_REBAL,2.81976994
2013-12-02,300328,SELL_REBAL,3.4457344
2013-12-02,300276,SELL_REBAL,1.3164327
2013-12-02,002536,SELL_REBAL,3.663846
2013-12-02,002542,SELL_REBAL,1.8329034
2013-12-02,002510,SELL_REBAL,2.59597083
2013-12-02,002647,BUY,2.158486
2013-12-02,300145,BUY,2.86425165
2013-12-02,002323,BUY,2.34982636
2013-12-02,002546,BUY,2.65685816
2013-12-02,600452,BUY,0.9257887
2013-12-02,002617,BUY,1.72762176
2013-12-02,300160,BUY,2.00296681
2013-12-02,002563,BUY,4.02227548
2013-12-02,002694,BUY,3.4189506
2013-12-02,002651,BUY,4.52416356
2013-12-02,300173,BUY,2.99310907
2013-12-02,002552,BUY,5.389716
2013-12-02,002455,BUY,2.36826754
2013-12-02,002515,BUY,2.466744
2013-12-02,002522,BUY,2.9773123
2014-01-02,002593,SELL_REBAL,2.34509856
2014-01-02,300062,SELL_REBAL,3.14275788
2014-01-02,300234,SELL_REBAL,6.44553
2014-01-02,002627,SELL_REBAL,3.25127819
2014-01-02,300145,SELL_REBAL,3.43505675
2014-01-02,002546,SELL_REBAL,3.11964192
2014-01-02,600452,SELL_REBAL,0.9211713
2014-01-02,002617,SELL_REBAL,2.41049928
2014-01-02,300160,SELL_REBAL,2.32939556
2014-01-02,002563,SELL_REBAL,3.86502009
2014-01-02,002694,SELL_REBAL,3.96961344
2014-01-02,002651,SELL_REBAL,5.39285856
2014-01-02,002455,SELL_REBAL,2.7391426
2014-01-02,002515,SELL_REBAL,2.60946276
2014-01-02,002522,SELL_REBAL,2.8984431
2014-01-02,300230,BUY,2.0888478
2014-01-02,300176,BUY,3.17660096
2014-01-02,601199,BUY,2.95152782
2014-01-02,002656,BUY,5.55871705
2014-01-02,002580,BUY,4.6384974
2014-01-02,002397,BUY,2.9294586
2014-01-02,300283,BUY,3.01272829
2014-01-02,000791,BUY,4.1701392
2014-01-02,300210,BUY,6.53892467
2014-01-02,601010,BUY,2.02189716
2014-01-02,002676,BUY,2.75475582
2014-01-02,300063,BUY,2.3173254
2014-01-02,300194,BUY,4.13960382
2014-01-02,002537,BUY,3.29580076
2014-01-02,300265,BUY,5.09337921
2014-02-07,300173,SELL_REBAL,3.47161052
2014-02-07,002552,SELL_REBAL,5.6179292
2014-02-07,002647,SELL_REBAL,2.7139013
2014-02-07,002323,SELL_REBAL,2.79836354
2014-02-07,300230,SELL_REBAL,2.21394264
2014-02-07,300176,SELL_REBAL,3.35904088
2014-02-07,002656,SELL_REBAL,5.7606444
2014-02-07,002397,SELL_REBAL,3.029796
2014-02-07,300283,SELL_REBAL,3.24995099
2014-02-07,601010,SELL_REBAL,2.01598518
2014-02-07,300063,SELL_REBAL,2.63818584
2014-02-07,300194,SELL_REBAL,4.98055338
2014-02-07,002537,SELL_REBAL,3.55120311
2014-02-07,300265,SELL_REBAL,5.46896323
2014-02-07,002687,BUY,2.7565494
2014-02-07,002627,BUY,3.21551711
2014-02-07,002641,BUY,3.12942956
2014-02-07,002558,BUY,5.8236768
2014-02-07,601116,BUY,6.70145216
2014-02-07,601636,BUY,1.91927457
2014-02-07,000560,BUY,2.35989646
2014-02-07,002488,BUY,2.64498176
2014-02-07,002667,BUY,6.5994399
2014-02-07,002539,BUY,2.62751952
2014-02-07,300180,BUY,2.17976673
2014-02-07,002545,BUY,3.8712405
2014-02-07,601388,BUY,1.64295096
2014-02-07,002455,BUY,2.89427988
2014-03-03,300210,SELL_REBAL,8.223147
2014-03-03,002580,SELL_REBAL,5.86534635
2014-03-03,002676,SELL_REBAL,2.97373482
2014-03-03,601199,SELL_REBAL,3.11336622
2014-03-03,000791,SELL_REBAL,4.36127058
2014-03-03,002687,SELL_REBAL,2.8585359
2014-03-03,002641,SELL_REBAL,3.08488252
2014-03-03,601636,SELL_REBAL,2.21731453
2014-03-03,002488,SELL_REBAL,2.8929488
2014-03-03,002539,SELL_REBAL,2.83511835
2014-03-03,002545,SELL_REBAL,3.945783
2014-03-03,601388,SELL_REBAL,1.82981813
2014-03-03,300348,BUY,3.0377248
2014-03-03,300234,BUY,7.55862345
2014-03-03,300230,BUY,2.16201648
2014-03-03,002578,BUY,2.3011268
2014-03-03,002323,BUY,2.75659692
2014-03-03,002661,BUY,8.74810524
2014-03-03,300305,BUY,7.44737088
2014-03-03,002703,BUY,8.0072448
2014-03-03,002647,BUY,2.7481212
2014-03-03,002458,BUY,1.78866945
2014-03-03,002615,BUY,3.58947384
2014-03-03,000672,BUY,2.67019522
2014-04-01,000517,SELL_REBAL,1.14684125
2014-04-01,002558,SELL_REBAL,5.704872
2014-04-01,000560,SELL_REBAL,2.5170289
2014-04-01,300180,SELL_REBAL,2.13171576
2014-04-01,002455,SELL_REBAL,2.7391426
2014-04-01,601116,SELL_REBAL,6.12957343
2014-04-01,300234,SELL_REBAL,7.25122125
2014-04-01,002578,SELL_REBAL,2.15803152
2014-04-01,002323,SELL_REBAL,2.54594788
2014-04-01,002661,SELL_REBAL,8.05523838
2014-04-01,002647,SELL_REBAL,2.4243483
2014-04-01,002458,SELL_REBAL,1.92428099
2014-04-01,002615,SELL_REBAL,3.2647888
2014-04-01,000672,SELL_REBAL,2.73851578
2014-04-01,300211,BUY,4.23626944
2014-04-01,002652,BUY,3.1654918
2014-04-01,002641,BUY,2.9790833
2014-04-01,002589,BUY,4.71490893
2014-04-01,300319,BUY,2.95503201
2014-04-01,300328,BUY,3.398976
2014-04-01,002687,BUY,2.8701915
2014-04-01,300261,BUY,3.17676205
2014-04-01,300260,BUY,3.77413866
2014-04-01,002651,BUY,5.69168964
2014-04-01,002545,BUY,3.68488425
2014-04-01,300151,BUY,3.16276576
2014-04-01,300350,BUY,5.0674518
2014-04-01,300320,BUY,2.77385013
2014-05-05,300348,SELL_REBAL,2.96264467
2014-05-05,002703,SELL_REBAL,7.555856
2014-05-05,002667,SELL_REBAL,5.7253419
2014-05-05,002627,SELL_REBAL,3.57312791
2014-05-05,300305,SELL_REBAL,7.43368086
2014-05-05,002641,SELL_REBAL,2.63941212
2014-05-05,300328,SELL_REBAL,3.129216
2014-05-05,002687,SELL_REBAL,3.1703232
2014-05-05,300261,SELL_REBAL,3.40667775
2014-05-05,002651,SELL_REBAL,5.6465175
2014-05-05,002545,SELL_REBAL,3.329565
2014-05-05,300151,SELL_REBAL,4.0421416
2014-05-05,300350,SELL_REBAL,4.8135272
2014-05-05,000517,BUY,1.0840325
2014-05-05,002676,BUY,2.5620543
2014-05-05,300099,BUY,3.45319767
2014-05-05,300225,BUY,3.90644826
2014-05-05,300066,BUY,2.54562528
2014-05-05,002645,BUY,3.97908612
2014-05-05,002692,BUY,3.146476
2014-05-05,601567,BUY,2.73377918
2014-05-05,300302,BUY,4.07884275
2014-05-05,300234,BUY,6.9512562
2014-05-05,300217,BUY,2.71954725
2014-05-05,002580,BUY,4.92420195
2014-05-05,000791,BUY,3.59674506
2014-06-03,300319,SELL_REBAL,3.4178976
2014-06-03,300320,SELL_REBAL,2.89833282
2014-06-03,300211,SELL_REBAL,4.31797184
2014-06-03,300260,SELL_REBAL,3.8875248
2014-06-03,002676,SELL_REBAL,2.67373359
2014-06-03,300225,SELL_REBAL,4.1384101
2014-06-03,300066,SELL_REBAL,2.63152542
2014-06-03,300302,SELL_REBAL,5.3947395
2014-06-03,300234,SELL_REBAL,7.238826
2014-06-03,300217,SELL_REBAL,2.69966025
2014-06-03,002580,SELL_REBAL,4.64521986
2014-06-03,000791,SELL_REBAL,3.64307994
2014-06-03,002677,BUY,2.4166065
2014-06-03,002507,BUY,4.0599258
2014-06-03,002667,BUY,5.9875713
2014-06-03,002607,BUY,2.3831934
2014-06-03,002516,BUY,1.49680885
2014-06-03,002661,BUY,8.73781023
2014-06-03,601636,BUY,1.80828705
2014-06-03,002616,BUY,3.14822448
2014-06-03,002563,BUY,4.04220722
2014-06-03,300328,BUY,3.49992016
2014-06-03,002668,BUY,3.43936782
2014-06-03,300305,BUY,7.1632548
2014-07-01,300230,SELL_REBAL,2.23464384
2014-07-01,601567,SELL_REBAL,3.05490748
2014-07-01,002589,SELL_REBAL,4.8528087
2014-07-01,002692,SELL_REBAL,3.52981476
2014-07-01,002652,SELL_REBAL,3.54281235
2014-07-01,002645,SELL_REBAL,4.40508445
2014-07-01,002677,SELL_REBAL,2.7388207
2014-07-01,002667,SELL_REBAL,6.91125514
2014-07-01,002516,SELL_REBAL,1.61194952
2014-07-01,002661,SELL_REBAL,9.5145642
2014-07-01,601636,SELL_REBAL,1.8846194
2014-07-01,300328,SELL_REBAL,4.0133382
2014-07-01,002668,SELL_REBAL,3.63364924
2014-07-01,002545,BUY,3.3545962
2014-07-01,300145,BUY,3.17436432
2014-07-01,002488,BUY,3.14080992
2014-07-01,002124,BUY,1.7519112
2014-07-01,002323,BUY,2.8130584
2014-07-01,002651,BUY,6.0237067
2014-07-01,002620,BUY,5.57749192
2014-07-01,300259,BUY,2.38675041
2014-07-01,002003,BUY,1.73708528
2014-07-01,300320,BUY,3.16757584
2014-07-01,002702,BUY,3.9883242
2014-07-01,000672,BUY,2.9890245
2014-07-01,601100,BUY,4.027023
2014-08-01,300305,SELL_REBAL,7.79692734
2014-08-01,002563,SELL_REBAL,4.42214192
2014-08-01,002616,SELL_REBAL,3.67838712
2014-08-01,002607,SELL_REBAL,2.57971481
2014-08-01,002507,SELL_REBAL,3.92034083
2014-08-01,002545,SELL_REBAL,3.51731915
2014-08-01,300145,SELL_REBAL,3.22149168
2014-08-01,002488,SELL_REBAL,3.35696848
2014-08-01,002124,SELL_REBAL,2.2453794
2014-08-01,002620,SELL_REBAL,5.54766576
2014-08-01,300259,SELL_REBAL,2.38675041
2014-08-01,002003,SELL_REBAL,1.81241806
2014-08-01,002702,SELL_REBAL,4.0439106
2014-08-01,000672,SELL_REBAL,3.416028
2014-08-01,601100,SELL_REBAL,4.149054
2014-08-01,002677,BUY,2.7262669
2014-08-01,002703,BUY,7.95570798
2014-08-01,002668,BUY,3.75504064
2014-08-01,002692,BUY,3.43286604
2014-08-01,300230,BUY,2.25851824
2014-08-01,002661,BUY,9.22160163
2014-08-01,002352,BUY,6.3013696
2014-08-01,002676,BUY,2.91261096
2014-08-01,002695,BUY,6.4323729
2014-08-01,002687,BUY,3.11998112
2014-08-01,002667,BUY,7.13061364
2014-08-01,601636,BUY,1.89778015
2014-08-01,300260,BUY,4.20868772
2014-08-01,002670,BUY,4.86191692
2014-08-01,300294,BUY,9.90513744
2014-09-01,000517,SELL_REBAL,1.48397355
2014-09-01,300099,SELL_REBAL,4.14908396
2014-09-01,002323,SELL_REBAL,3.1564278
2014-09-01,002651,SELL_REBAL,8.4404034
2014-09-01,002668,SELL_REBAL,4.11719165
2014-09-01,002692,SELL_REBAL,3.8999826
2014-09-01,300230,SELL_REBAL,2.29910472
2014-09-01,002661,SELL_REBAL,9.12484335
2014-09-01,002352,SELL_REBAL,6.87764375
2014-09-01,002695,SELL_REBAL,6.79203246
2014-09-01,002687,SELL_REBAL,3.44915344
2014-09-01,601636,SELL_REBAL,1.9899054
2014-09-01,300180,BUY,2.72152408
2014-09-01,300259,BUY,2.7176956
2014-09-01,300328,BUY,4.5918374
2014-09-01,002003,BUY,1.91212321
2014-09-01,002563,BUY,4.48173952
2014-09-01,002652,BUY,3.90169464
2014-09-01,601339,BUY,2.64680354
2014-09-01,300145,BUY,3.47732592
2014-09-01,002124,BUY,2.209707
2014-09-01,300283,BUY,4.53166
2014-09-01,300281,BUY,6.02275776
2014-09-01,600452,BUY,1.44640055
2014-10-08,002677,SELL_REBAL,3.7054633
2014-10-08,002667,SELL_REBAL,8.65149924
2014-10-08,300294,SELL_REBAL,11.6659125
2014-10-08,002703,SELL_REBAL,10.16234318
2014-10-08,002670,SELL_REBAL,6.9925253
2014-10-08,300260,SELL_REBAL,5.43509608
2014-10-08,300259,SELL_REBAL,3.34232725
2014-10-08,300328,SELL_REBAL,7.0866152
2014-10-08,002652,SELL_REBAL,5.45378386
2014-10-08,300145,SELL_REBAL,3.55306632
2014-10-08,002124,SELL_REBAL,2.5703946
2014-10-08,300283,SELL_REBAL,5.2405411
2014-10-08,300281,SELL_REBAL,8.3100021
2014-10-08,600452,SELL_REBAL,1.7038206
2014-10-08,002661,BUY,10.1596194
2014-10-08,002695,BUY,7.40529812
2014-10-08,300306,BUY,14.06964264
2014-10-08,300062,BUY,4.24713456
2014-10-08,002615,BUY,4.97600043
2014-10-08,002323,BUY,3.5952796
2014-10-08,002641,BUY,3.48408081
2014-10-08,300342,BUY,8.44675904
2014-10-08,300285,BUY,6.21520508
2014-10-08,002507,BUY,4.53114922
2014-10-08,002545,BUY,4.07558404
2014-10-08,002352,BUY,7.61898135
2014-10-08,002702,BUY,4.90827912
2014-10-08,002620,BUY,6.66173475
2014-11-03,300180,SELL_REBAL,3.3616242
2014-11-03,002661,SELL_REBAL,11.56530219
2014-11-03,300062,SELL_REBAL,4.7308698
2014-11-03,002615,SELL_REBAL,5.50582704
2014-11-03,002323,SELL_REBAL,4.030459
2014-11-03,300342,SELL_REBAL,7.46100833
2014-11-03,002507,SELL_REBAL,4.50576937
2014-11-03,002545,SELL_REBAL,4.16320409
2014-11-03,002702,SELL_REBAL,5.3085012
2014-11-03,002620,SELL_REBAL,6.9056856
2014-11-03,300260,BUY,5.37296526
2014-11-03,300259,BUY,3.27657655
2014-11-03,002516,BUY,2.60477656
2014-11-03,002124,BUY,2.3127606
2014-11-03,000672,BUY,4.24210104
2014-11-03,002645,BUY,6.15641762
2014-11-03,002652,BUY,5.26053955
2014-11-03,300302,BUY,6.6441848
2014-11-03,002634,BUY,5.02339935
2014-11-03,300237,BUY,2.7600339
2014-12-01,002003,SELL_REBAL,2.29543412
2014-12-01,601339,SELL_REBAL,3.24135348
2014-12-01,002695,SELL_REBAL,7.6773483
2014-12-01,300260,SELL_REBAL,5.1055326
2014-12-01,300259,SELL_REBAL,3.45848682
2014-12-01,002516,SELL_REBAL,2.70935806
2014-12-01,002124,SELL_REBAL,2.3623056
2014-12-01,000672,SELL_REBAL,4.88537046
2014-12-01,002645,SELL_REBAL,6.11004831
2014-12-01,002652,SELL_REBAL,5.02128469
2014-12-01,300302,SELL_REBAL,7.67626568
2014-12-01,300237,SELL_REBAL,3.3107295
2014-12-01,002687,BUY,4.27924016
2014-12-01,002692,BUY,4.77692784
2014-12-01,002703,BUY,10.72976366
2014-12-01,300062,BUY,4.41446436
2014-12-01,300310,BUY,6.94753894
2014-12-01,002578,BUY,3.5387076
2014-12-01,300211,BUY,6.4844064
2014-12-01,002620,BUY,6.72553728
2014-12-01,000719,BUY,7.9860757
2014-12-01,002677,BUY,3.8686627
2014-12-01,300283,BUY,6.2536908
2014-12-01,300286,BUY,14.40692952
2015-01-05,300306,SELL_REBAL,10.47951528
2015-01-05,002352,SELL_REBAL,6.82435215
2015-01-05,002634,SELL_REBAL,4.29398648
2015-01-05,002563,SELL_REBAL,5.07026582
2015-01-05,002641,SELL_REBAL,3.24706851
2015-01-05,002692,SELL_REBAL,5.1118416
2015-01-05,002703,SELL_REBAL,10.2844962
2015-01-05,002578,SELL_REBAL,3.76688656
2015-01-05,002620,SELL_REBAL,6.20385777
2015-01-05,000719,SELL_REBAL,8.4996497
2015-01-05,002677,SELL_REBAL,4.9608433
2015-01-05,300283,SELL_REBAL,4.790612
2015-01-05,002661,BUY,9.82365315
2015-01-05,002615,BUY,4.8066744
2015-01-05,300304,BUY,3.4600433
2015-01-05,300305,BUY,8.69233419
2015-01-05,300281,BUY,5.32414338
2015-01-05,002654,BUY,4.279109
2015-01-05,300346,BUY,4.64192124
2015-01-05,300338,BUY,7.5655568
2015-01-05,002545,BUY,3.88281993
2015-01-05,300230,BUY,2.5187492
2015-01-05,002696,BUY,6.57195808
2015-01-05,002695,BUY,6.51537126
2015-02-02,002676,SELL_REBAL,4.28415792
2015-02-02,300310,SELL_REBAL,5.64444674
2015-02-02,300285,SELL_REBAL,4.8232415
2015-02-02,300286,SELL_REBAL,13.21494808
2015-02-02,300304,SELL_REBAL,4.3762917
2015-02-02,300305,SELL_REBAL,9.07804791
2015-02-02,300281,SELL_REBAL,6.19182882
2015-02-02,002654,SELL_REBAL,4.678842
2015-02-02,300346,SELL_REBAL,4.96956834
2015-02-02,300338,SELL_REBAL,8.75016372
2015-02-02,002545,SELL_REBAL,4.1306595
2015-02-02,002696,SELL_REBAL,6.95821456
2015-02-02,002695,SELL_REBAL,6.73670022
2015-02-02,300382,BUY,5.09642434
2015-02-02,002703,BUY,10.245092
2015-02-02,300375,BUY,6.2518764
2015-02-02,300260,BUY,4.60038202
2015-02-02,300163,BUY,3.71012496
2015-02-02,002670,BUY,6.59831582
2015-02-02,002709,BUY,2.1991824
2015-02-02,000863,BUY,5.2315653
2015-02-02,002705,BUY,6.6351684
2015-02-02,002644,BUY,8.12228748
2015-02-02,002636,BUY,4.6548205
2015-02-02,002494,BUY,7.18879512
2015-02-02,300277,BUY,5.49087106
2015-03-02,002687,SELL_REBAL,4.23272668
2015-03-02,300211,SELL_REBAL,6.27626496
2015-03-02,002703,SELL_REBAL,10.5997298
2015-03-02,300375,SELL_REBAL,6.58255416
2015-03-02,002709,SELL_REBAL,2.787696
2015-03-02,000863,SELL_REBAL,5.58033632
2015-03-02,002705,SELL_REBAL,7.03237576
2015-03-02,002644,SELL_REBAL,8.67966168
2015-03-02,002636,SELL_REBAL,4.894001
2015-03-02,002494,SELL_REBAL,7.79159776
2015-03-02,300277,SELL_REBAL,6.03089483
2015-03-02,300305,BUY,9.74845509
2015-03-02,300346,BUY,5.35817304
2015-03-02,300259,BUY,3.506704
2015-03-02,300365,BUY,6.49695105
2015-03-02,002563,BUY,5.64538266
2015-03-02,002397,BUY,4.23070092
2015-03-02,300281,BUY,7.0818444
2015-03-02,002688,BUY,5.1847356
2015-03-02,002352,BUY,7.48600105
2015-03-02,002515,BUY,4.26950688
2015-03-02,002120,BUY,4.99853556
2015-04-01,002661,SELL_REBAL,12.37430892
2015-04-01,002670,SELL_REBAL,7.89357554
2015-04-01,300163,SELL_REBAL,4.95232488
2015-04-01,300230,SELL_REBAL,3.63129624
2015-04-01,300260,SELL_REBAL,6.95865184
2015-04-01,300305,SELL_REBAL,12.11783937
2015-04-01,300346,SELL_REBAL,7.37434566
2015-04-01,300259,SELL_REBAL,4.78665096
2015-04-01,300365,SELL_REBAL,9.61159425
2015-04-01,002563,SELL_REBAL,7.1815108
2015-04-01,002397,SELL_REBAL,5.80360212
2015-04-01,300281,SELL_REBAL,9.4903095
2015-04-01,002688,SELL_REBAL,5.84668612
2015-04-01,002515,SELL_REBAL,5.94302634
2015-04-01,002120,SELL_REBAL,6.71824592
2015-04-01,002706,BUY,4.42315962
2015-04-01,300145,BUY,4.92817536
2015-04-01,002714,BUY,3.95294496
2015-04-01,300375,BUY,7.25867208
2015-04-01,002713,BUY,11.41142625
2015-04-01,002634,BUY,5.83430888
2015-04-01,002687,BUY,5.3311604
2015-04-01,002620,BUY,8.84978622
2015-04-01,002003,BUY,3.03103656
2015-04-01,002703,BUY,11.94735344
2015-04-01,002718,BUY,31.31806608
2015-04-01,002695,BUY,7.73268054
2015-04-01,300211,BUY,7.57314624
2015-04-01,002088,BUY,4.67238778
2015-04-01,002723,BUY,11.8845409
2015-05-04,600452,BUY_SKIP_LIMIT_UP,2.96552515
2015-05-04,300382,SELL_REBAL,9.74271284
2015-05-04,002615,SELL_REBAL,6.2618016
2015-05-04,300320,SELL_REBAL,7.5632986
2015-05-04,300145,SELL_REBAL,5.55934536
2015-05-04,002714,SELL_REBAL,3.9143772
2015-05-04,002634,SELL_REBAL,7.09629232
2015-05-04,002620,SELL_REBAL,11.26677618
2015-05-04,002003,SELL_REBAL,3.35674005
2015-05-04,002703,SELL_REBAL,13.79147
2015-05-04,002695,SELL_REBAL,9.2681502
2015-05-04,300211,SELL_REBAL,9.4464192
2015-05-04,002088,SELL_REBAL,4.8335046
2015-05-04,002709,BUY,2.90402208
2015-05-04,300376,BUY,4.9628721
2015-05-04,300371,BUY,15.00896736
2015-05-04,002562,BUY,5.30658
2015-05-04,300346,BUY,7.19147286
2015-05-04,002677,BUY,6.8857593
2015-05-04,002537,BUY,7.03051384
2015-05-04,300360,BUY,12.79689548
2015-05-04,002541,BUY,8.9296935
2015-05-04,300260,BUY,7.4421917
2015-05-04,002696,BUY,9.56124736
2015-06-01,002409,BUY_SKIP_LIMIT_UP,15.80853428
2015-06-01,000582,BUY_SKIP_LIMIT_UP,17.4808979
2015-06-01,002713,SELL_REBAL,21.0947355
2015-06-01,002723,SELL_REBAL,21.12062773
2015-06-01,002687,SELL_REBAL,9.98137356
2015-06-01,002718,SELL_REBAL,44.33557464
2015-06-01,002709,SELL_REBAL,3.8705073
2015-06-01,002677,SELL_REBAL,11.7461722
2015-06-01,002537,SELL_REBAL,10.05294048
2015-06-01,300360,SELL_REBAL,16.96564404
2015-06-01,002541,SELL_REBAL,12.2726044
2015-06-01,300260,SELL_REBAL,11.1565342
2015-06-01,002696,SELL_REBAL,13.34544128
2015-06-01,000672,BUY,6.3457659
2015-06-01,600054,BUY,13.95452928
2015-06-01,300320,BUY,11.5227684
2015-06-01,300382,BUY,14.63879263
2015-06-01,002003,BUY,3.89730809
2015-06-01,002695,BUY,12.30627743
2015-06-01,002088,BUY,5.87012414
2015-06-01,002627,BUY,9.6625032
2015-06-01,002668,BUY,7.1620926
2015-06-01,300349,BUY,23.31252454
2015-07-01,002562,SELL_REBAL,5.17519379
2015-07-01,300346,SELL_REBAL,8.67975381
2015-07-01,002706,SELL_REBAL,6.704516
2015-07-01,000672,SELL_REBAL,6.9832401
2015-07-01,300320,SELL_REBAL,9.7800813
2015-07-01,002003,SELL_REBAL,4.47263817
2015-07-01,002088,SELL_REBAL,4.94294244
2015-07-01,002627,SELL_REBAL,8.4964986
2015-07-01,002668,SELL_REBAL,5.92041384
2015-07-01,300349,SELL_REBAL,26.66645958
2015-07-01,002713,BUY,12.18243125
2015-07-01,300230,BUY,4.02631439
2015-07-01,300385,BUY,14.741976
2015-07-01,600452,BUY,2.72918135
2015-07-01,002705,BUY,8.1886823
2015-07-01,002726,BUY,5.72145416
2015-07-01,002677,BUY,6.16948158
2015-07-01,300305,BUY,10.49351588
2015-07-01,600985,BUY,8.9452077
2015-07-01,002541,BUY,8.23618224
2015-07-01,300357,BUY,12.321693
2015-07-01,002560,BUY,5.2885847
2015-08-03,300376,SELL_REBAL,3.54138
2015-08-03,300062,SELL_REBAL,4.00610016
2015-08-03,002352,SELL_REBAL,9.72839075
2015-08-03,300375,SELL_REBAL,7.51249303
2015-08-03,600054,SELL_REBAL,11.32335477
2015-08-03,002695,SELL_REBAL,6.58296633
2015-08-03,002713,SELL_REBAL,11.01452875
2015-08-03,002705,SELL_REBAL,7.79635546
2015-08-03,002726,SELL_REBAL,5.9202358
2015-08-03,002677,SELL_REBAL,8.64825344
2015-08-03,600985,SELL_REBAL,7.16748263
2015-08-03,002541,SELL_REBAL,6.9782592
2015-08-03,300357,SELL_REBAL,13.11543927
2015-08-03,002560,SELL_REBAL,3.65577646
2015-08-03,300389,BUY,12.4846806
2015-08-03,300365,BUY,6.87339045
2015-08-03,603009,BUY,11.77045044
2015-08-03,603006,BUY,12.81543651
2015-08-03,002706,BUY,5.3841788
2015-08-03,002507,BUY,4.75380741
2015-08-03,300210,BUY,7.35778676
2015-08-03,002615,BUY,5.944281
2015-08-03,600845,BUY,7.5193859
2015-08-03,002725,BUY,11.5942908
2015-08-03,000791,BUY,5.4631818
2015-08-03,300366,BUY,10.80136092
2015-08-03,002627,BUY,5.8165994
2015-08-03,002634,BUY,5.6449247
2015-09-01,300230,SELL_REBAL,4.2873901
2015-09-01,300305,SELL_REBAL,7.60987192
2015-09-01,300385,SELL_REBAL,14.9324427
2015-09-01,600452,SELL_REBAL,2.06928974
2015-09-01,300389,SELL_REBAL,8.3150865
2015-09-01,603009,SELL_REBAL,9.88978296
2015-09-01,603006,SELL_REBAL,10.0998687
2015-09-01,002507,SELL_REBAL,4.33028145
2015-09-01,300210,SELL_REBAL,6.071692
2015-09-01,600845,SELL_REBAL,6.469468
2015-09-01,002725,SELL_REBAL,8.8530519
2015-09-01,000791,SELL_REBAL,5.8580396
2015-09-01,002627,SELL_REBAL,4.63196214
2015-09-01,002634,SELL_REBAL,4.7617979
2015-09-01,002718,BUY,20.0246418
2015-09-01,002705,BUY,6.2042384
2015-09-01,002726,BUY,4.20466382
2015-09-01,300237,BUY,4.268394
2015-09-01,603328,BUY,6.33561168
2015-09-01,300174,BUY,7.09962166
2015-09-01,002536,BUY,4.9086208
2015-09-01,300260,BUY,5.31317398
2015-09-01,300390,BUY,3.04687576
2015-09-01,002323,BUY,4.5739742
2015-09-01,000552,BUY,2.85011622
2015-09-01,300138,BUY,4.96783065
2015-09-01,000719,BUY,8.80383006
2015-09-01,300292,BUY,5.98229152
2015-10-08,002507,BUY_SKIP_LIMIT_UP,4.85425908
2015-10-08,002560,BUY_SKIP_LIMIT_UP,5.0630587
2015-10-08,300371,SELL_REBAL,11.7145575
2015-10-08,300382,SELL_REBAL,5.96178736
2015-10-08,300365,SELL_REBAL,7.68584795
2015-10-08,300366,SELL_REBAL,11.6342688
2015-10-08,002615,SELL_REBAL,5.6046078
2015-10-08,002718,SELL_REBAL,25.18495308
2015-10-08,002726,SELL_REBAL,4.65840452
2015-10-08,300237,SELL_REBAL,5.08158355
2015-10-08,603328,SELL_REBAL,7.11725664
2015-10-08,002536,SELL_REBAL,5.45199
2015-10-08,002323,SELL_REBAL,5.453514
2015-10-08,000552,SELL_REBAL,2.97728676
2015-10-08,300138,SELL_REBAL,5.7518224
2015-10-08,000719,SELL_REBAL,9.45405432
2015-10-08,300292,SELL_REBAL,8.18295504
2015-10-08,603306,BUY,12.89271651
2015-10-08,603009,BUY,10.341756
2015-10-08,300381,BUY,9.69278624
2015-10-08,002717,BUY,4.41678292
2015-10-08,600452,BUY,2.29740042
2015-10-08,600917,BUY,9.15321577
2015-10-08,002258,BUY,5.3207973
2015-10-08,002712,BUY,12.02309568
2015-10-08,002661,BUY,9.61020318
2015-10-08,002709,BUY,2.43476297
2015-10-08,002728,BUY,7.973826
2015-10-08,002601,BUY,4.28595552
2015-10-08,002546,BUY,4.9706784
2015-11-02,002706,SELL_REBAL,5.5456219
2015-11-02,300390,SELL_REBAL,4.5441602
2015-11-02,300260,SELL_REBAL,6.83199584
2015-11-02,603009,SELL_REBAL,12.26455656
2015-11-02,300381,SELL_REBAL,11.6325712
2015-11-02,002717,SELL_REBAL,6.78049603
2015-11-02,600917,SELL_REBAL,10.39013682
2015-11-02,002258,SELL_REBAL,6.2117733
2015-11-02,002712,SELL_REBAL,16.65376929
2015-11-02,002661,SELL_REBAL,11.5886946
2015-11-02,002709,SELL_REBAL,3.49242566
2015-11-02,002601,SELL_REBAL,4.96955151
2015-11-02,002546,SELL_REBAL,6.5067561
2015-11-02,603018,BUY,6.98100186
2015-11-02,300382,BUY,7.42575418
2015-11-02,300375,BUY,5.68416568
2015-11-02,300393,BUY,6.8234216
2015-11-02,300403,BUY,7.72462195
2015-11-02,002088,BUY,4.2252144
2015-11-02,000552,BUY,3.21292629
2015-11-02,603806,BUY,5.53999824
2015-11-02,300304,BUY,4.3176336
2015-11-02,002713,BUY,8.1753175
2015-11-02,603688,BUY,7.13152935
2015-11-02,603010,BUY,8.30854612
2015-11-02,300196,BUY,11.87567085
2015-11-02,300387,BUY,10.4630507
2015-11-02,002507,BUY,5.09860098
2015-12-01,002558,BUY_SKIP_LIMIT_UP,32.72021896
2015-12-01,603306,SELL_REBAL,19.73211831
2015-12-01,300174,SELL_REBAL,13.24082044
2015-12-01,603018,SELL_REBAL,8.54574568
2015-12-01,300382,SELL_REBAL,8.322292
2015-12-01,300375,SELL_REBAL,6.4511713
2015-12-01,002088,SELL_REBAL,5.12491485
2015-12-01,000552,SELL_REBAL,3.30643404
2015-12-01,603806,SELL_REBAL,6.7642911
2015-12-01,300304,SELL_REBAL,5.7908802
2015-12-01,002713,SELL_REBAL,10.229215
2015-12-01,603688,SELL_REBAL,8.34476135
2015-12-01,603010,SELL_REBAL,10.37385444
2015-12-01,002507,SELL_REBAL,5.04701769
2015-12-01,000429,BUY,3.6660582
2015-12-01,600845,BUY,8.525443
2015-12-01,300398,BUY,16.48257204
2015-12-01,603456,BUY,15.57002595
2015-12-01,600054,BUY,12.5815053
2015-12-01,002718,BUY,32.63208444
2015-12-01,002035,BUY,5.12222268
2015-12-01,002627,BUY,7.61335
2015-12-01,002352,BUY,13.48486492
2015-12-01,300371,BUY,16.660704
2015-12-01,300305,BUY,13.52917302
2015-12-01,603009,BUY,15.30962916
2016-01-04,600452,SELL_REBAL,3.82783687
2016-01-04,002705,SELL_REBAL,8.60381884
2016-01-04,300387,SELL_REBAL,12.9453322
2016-01-04,300196,SELL_REBAL,13.90777833
2016-01-04,300403,SELL_REBAL,8.93297939
2016-01-04,002728,SELL_REBAL,9.90273248
2016-01-04,600845,SELL_REBAL,7.1575343
2016-01-04,300398,SELL_REBAL,16.38192908
2016-01-04,600054,SELL_REBAL,13.07177053
2016-01-04,002035,SELL_REBAL,5.16030612
2016-01-04,002627,SELL_REBAL,8.01838022
2016-01-04,002352,SELL_REBAL,12.84357676
2016-01-04,300371,SELL_REBAL,17.09804748
2016-01-04,603009,SELL_REBAL,13.39448916
2016-01-04,300382,BUY,8.07829753
2016-01-04,002706,BUY,5.460273
2016-01-04,300375,BUY,6.45414419
2016-01-04,300381,BUY,15.48144832
2016-01-04,603306,BUY,16.86312249
2016-01-04,603328,BUY,8.75970048
2016-01-04,002725,BUY,14.220555
2016-01-04,002302,BUY,7.281969
2016-01-04,601100,BUY,6.5823495
2016-01-04,002088,BUY,4.81170855
2016-01-04,300210,BUY,9.09649856
2016-01-04,300260,BUY,8.24541903
2016-01-04,002372,BUY,4.21723335
2016-01-04,600617,BUY,9.8112923
2016-01-04,601015,BUY,4.28833072
2016-02-01,603456,SELL_REBAL,13.6341646
2016-02-01,000429,SELL_REBAL,2.8000602
2016-02-01,300305,SELL_REBAL,9.52615928
2016-02-01,300375,SELL_REBAL,4.8755396
2016-02-01,002725,SELL_REBAL,10.7168523
2016-02-01,002302,SELL_REBAL,5.5714695
2016-02-01,601100,SELL_REBAL,4.5368385
2016-02-01,300210,SELL_REBAL,6.75061756
2016-02-01,002372,SELL_REBAL,3.58530117
2016-02-01,600617,SELL_REBAL,7.1312001
2016-02-01,601015,SELL_REBAL,3.31408068
2016-02-01,002728,BUY,7.52956998
2016-02-01,300403,BUY,6.78387628
2016-02-01,300416,BUY,7.7050843
2016-02-01,300417,BUY,18.20573825
2016-02-01,603088,BUY,4.661524
2016-02-01,002351,BUY,4.6260251
2016-02-01,603788,BUY,12.5004792
2016-02-01,300387,BUY,10.04621475
2016-02-01,000582,BUY,9.95351345
2016-02-01,002523,BUY,2.47553372
2016-02-01,000880,BUY,5.98660083
2016-03-01,002706,SELL_REBAL,4.205747
2016-03-01,300393,SELL_REBAL,6.1016524
2016-03-01,002088,SELL_REBAL,4.27127415
2016-03-01,603306,SELL_REBAL,12.87495183
2016-03-01,603328,SELL_REBAL,6.761064
2016-03-01,603088,SELL_REBAL,4.840366
2016-03-01,002351,SELL_REBAL,4.3864529
2016-03-01,000582,SELL_REBAL,10.4578929
2016-03-01,000880,SELL_REBAL,6.04808786
2016-03-01,300375,BUY,4.63176262
2016-03-01,002745,BUY,11.15572941
2016-03-01,603688,BUY,5.9069233
2016-03-01,002705,BUY,6.96608238
2016-03-01,603969,BUY,4.9586705
2016-03-01,300421,BUY,8.71847064
2016-03-01,603018,BUY,5.51365752
2016-03-01,300398,BUY,11.75006558
2016-03-01,002725,BUY,9.8938755
2016-04-01,300403,SELL_REBAL,7.70492047
2016-04-01,300416,SELL_REBAL,8.92707364
2016-04-01,300260,SELL_REBAL,7.5941093
2016-04-01,002718,SELL_REBAL,30.530844
2016-04-01,300417,SELL_REBAL,22.10023
2016-04-01,603788,SELL_REBAL,14.49392683
2016-04-01,002523,SELL_REBAL,3.03631036
2016-04-01,002745,SELL_REBAL,13.22490309
2016-04-01,603688,SELL_REBAL,7.0898245
2016-04-01,002705,SELL_REBAL,8.26623528
2016-04-01,300421,SELL_REBAL,12.85387317
2016-04-01,603018,SELL_REBAL,6.57552359
2016-04-01,002706,BUY,4.9636041
2016-04-01,300210,BUY,7.7000094
2016-04-01,300420,BUY,4.9918284
2016-04-01,300371,BUY,12.89642619
2016-04-01,300145,BUY,6.66006735
2016-04-01,300396,BUY,17.566046
2016-04-01,603456,BUY,14.38000566
2016-04-01,300357,BUY,10.4591115
2016-04-01,603699,BUY,12.54700055
2016-04-01,603328,BUY,7.9483728
2016-04-01,002478,BUY,4.15795128
2016-04-01,603030,BUY,7.639394
2016-05-03,300381,SELL_REBAL,16.39609376
2016-05-03,002725,SELL_REBAL,13.2705009
2016-05-03,603969,SELL_REBAL,5.7087215
2016-05-03,300420,SELL_REBAL,6.079791
2016-05-03,300371,SELL_REBAL,13.81276491
2016-05-03,300145,SELL_REBAL,6.93527079
2016-05-03,300396,SELL_REBAL,17.15300654
2016-05-03,603699,SELL_REBAL,12.18994305
2016-05-03,603328,SELL_REBAL,8.18583456
2016-05-03,603025,BUY,10.69029565
2016-05-03,603601,BUY,5.56010388
2016-05-03,603009,BUY,13.26042936
2016-05-03,603018,BUY,6.59246263
2016-05-03,603338,BUY,12.93483492
2016-05-03,002003,BUY,4.01624652
2016-05-03,300393,BUY,7.7057606
2016-05-03,000429,BUY,3.33697896
2016-05-03,603158,BUY,9.73214088
2016-06-01,002706,SELL_REBAL,5.39342202
2016-06-01,603456,SELL_REBAL,12.66486089
2016-06-01,300387,SELL_REBAL,11.94773605
2016-06-01,300375,SELL_REBAL,6.54137979
2016-06-01,300357,SELL_REBAL,10.24216164
2016-06-01,300398,SELL_REBAL,14.34751653
2016-06-01,002478,SELL_REBAL,3.8216133
2016-06-01,603025,SELL_REBAL,10.68856382
2016-06-01,603601,SELL_REBAL,6.14969244
2016-06-01,603018,SELL_REBAL,6.03517824
2016-06-01,603338,SELL_REBAL,13.25058282
2016-06-01,300393,SELL_REBAL,7.66348128
2016-06-01,002014,BUY,5.07279936
2016-06-01,002749,BUY,7.80511773
2016-06-01,600917,BUY,8.6157949
2016-06-01,600617,BUY,7.8315257
2016-06-01,300396,BUY,17.38077375
2016-06-01,603355,BUY,19.89059073
2016-06-01,300194,BUY,5.48656374
2016-06-01,002541,BUY,7.41689467
2016-06-01,002753,BUY,9.35484552
2016-06-01,300371,BUY,14.0005807
2016-06-01,603315,BUY,19.05619716
2016-06-01,603688,BUY,6.82443
2016-07-01,300382,SELL_REBAL,7.1473887
2016-07-01,603030,SELL_REBAL,7.65408072
2016-07-01,300210,SELL_REBAL,9.956286
2016-07-01,603158,SELL_REBAL,11.1044731
2016-07-01,603009,SELL_REBAL,15.69265716
2016-07-01,002003,SELL_REBAL,4.4473339
2016-07-01,002014,SELL_REBAL,5.59200704
2016-07-01,300396,SELL_REBAL,20.71459625
2016-07-01,300194,SELL_REBAL,6.39647162
2016-07-01,300371,SELL_REBAL,18.2306326
2016-07-01,603315,SELL_REBAL,19.00412501
2016-07-01,603688,SELL_REBAL,8.22519542
2016-07-01,603018,BUY,6.12054144
2016-07-01,002088,BUY,4.73801295
2016-07-01,600461,BUY,4.77906912
2016-07-01,601100,BUY,5.39585656
2016-07-01,600167,BUY,4.86771772
2016-07-01,002627,BUY,6.43480342
2016-07-01,603969,BUY,5.63697144
2016-07-01,300357,BUY,10.78945272
2016-07-01,002478,BUY,4.077831
2016-07-01,002706,BUY,5.6259329
2016-07-01,600708,BUY,4.31413521
2016-07-01,000789,BUY,3.20611185
2016-08-01,000429,SELL_REBAL,3.69075518
2016-08-01,002753,SELL_REBAL,9.83577456
2016-08-01,603018,SELL_REBAL,6.05438496
2016-08-01,600461,SELL_REBAL,5.13144288
2016-08-01,002627,SELL_REBAL,6.26205846
2016-08-01,300357,SELL_REBAL,10.37826048
2016-08-01,002706,SELL_REBAL,5.47853761
2016-08-01,600708,SELL_REBAL,4.52238484
2016-08-01,000789,SELL_REBAL,3.22175142
2016-08-01,300382,BUY,6.85612782
2016-08-01,603889,BUY,3.85322171
2016-08-01,603456,BUY,11.54217424
2016-08-01,002003,BUY,4.0683487
2016-08-01,300210,BUY,9.09893915
2016-08-01,300371,BUY,15.4210814
2016-08-01,603699,BUY,12.2684562
2016-08-01,300387,BUY,13.01104274
2016-08-01,603088,BUY,6.15104886
2016-09-01,603969,SELL_REBAL,5.55258564
2016-09-01,002541,SELL_REBAL,8.26506659
2016-09-01,600917,SELL_REBAL,9.89897436
2016-09-01,601100,SELL_REBAL,5.42222068
2016-09-01,002478,SELL_REBAL,4.7382231
2016-09-01,002088,SELL_REBAL,5.38279742
2016-09-01,300382,SELL_REBAL,8.47914075
2016-09-01,603456,SELL_REBAL,11.4179621
2016-09-01,002003,SELL_REBAL,4.2635835
2016-09-01,300210,SELL_REBAL,9.68525377
2016-09-01,603699,SELL_REBAL,12.7392057
2016-09-01,300387,SELL_REBAL,13.9420823
2016-09-01,300375,BUY,7.12076772
2016-09-01,603669,BUY,8.9820999
2016-09-01,002706,BUY,5.8958116
2016-09-01,300487,BUY,8.422876
2016-09-01,300394,BUY,6.37841457
2016-09-01,300230,BUY,7.4770931
2016-09-01,002014,BUY,5.96738016
2016-09-01,603338,BUY,15.25476222
2016-09-01,600483,BUY,6.9236469
2016-09-01,000591,BUY,5.46046181
2016-09-01,002324,BUY,7.43129673
2016-09-01,603636,BUY,14.83113969
2016-10-10,603889,SELL_REBAL,4.18483942
2016-10-10,603088,SELL_REBAL,6.99665406
2016-10-10,603355,SELL_REBAL,23.5815827
2016-10-10,300371,SELL_REBAL,16.5794971
2016-10-10,002728,SELL_REBAL,10.07334379
2016-10-10,002749,SELL_REBAL,10.1590086
2016-10-10,603669,SELL_REBAL,10.2697546
2016-10-10,300487,SELL_REBAL,8.9672002
2016-10-10,300394,SELL_REBAL,7.49631852
2016-10-10,600483,SELL_REBAL,6.76589292
2016-10-10,000591,SELL_REBAL,5.55263706
2016-10-10,002324,SELL_REBAL,7.79644008
2016-10-10,603636,SELL_REBAL,14.80443912
2016-10-10,300357,BUY,10.72574688
2016-10-10,002763,BUY,11.1972078
2016-10-10,002705,BUY,9.91082936
2016-10-10,300453,BUY,7.00907977
2016-10-10,300475,BUY,11.12875638
2016-10-10,002003,BUY,4.364072
2016-10-10,603606,BUY,6.16269153
2016-10-10,603699,BUY,12.8116287
2016-10-10,300387,BUY,15.24459724
2016-10-10,002773,BUY,36.3193245
2016-10-10,002742,BUY,10.43348529
2016-10-10,300260,BUY,8.92375406
2016-10-10,002713,BUY,10.3290033
2016-11-01,603338,SELL_REBAL,16.59854808
2016-11-01,300375,SELL_REBAL,7.52003505
2016-11-01,002014,SELL_REBAL,5.92528224
2016-11-01,300357,SELL_REBAL,11.55102708
2016-11-01,002763,SELL_REBAL,12.25086336
2016-11-01,002705,SELL_REBAL,10.45875492
2016-11-01,300453,SELL_REBAL,7.37194766
2016-11-01,603606,SELL_REBAL,6.70736277
2016-11-01,603699,SELL_REBAL,13.615524
2016-11-01,002773,SELL_REBAL,39.7963404
2016-11-01,002742,SELL_REBAL,10.91973294
2016-11-01,300260,SELL_REBAL,9.09401345
2016-11-01,300412,BUY,9.831048
2016-11-01,600483,BUY,6.7775784
2016-11-01,300376,BUY,6.3184485
2016-11-01,603599,BUY,7.56300755
2016-11-01,300371,BUY,17.2714015
2016-11-01,000429,BUY,4.08237872
2016-11-01,600452,BUY,4.55840856
2016-11-01,603030,BUY,9.59624432
2016-11-01,002541,BUY,9.18699259
2016-11-01,600981,BUY,7.8523004
2016-11-01,002532,BUY,6.99061174
2016-11-01,300259,BUY,4.37413664
2016-12-01,002706,SELL_REBAL,5.91241952
2016-12-01,002003,SELL_REBAL,4.3238766
2016-12-01,300387,SELL_REBAL,15.80416142
2016-12-01,300475,SELL_REBAL,11.94219768
2016-12-01,300230,SELL_REBAL,8.22480241
2016-12-01,300412,SELL_REBAL,10.1897484
2016-12-01,600483,SELL_REBAL,7.011288
2016-12-01,300376,SELL_REBAL,8.29815
2016-12-01,300371,SELL_REBAL,21.0978425
2016-12-01,002541,SELL_REBAL,9.74014819
2016-12-01,002532,SELL_REBAL,7.17727694
2016-12-01,603939,BUY,9.587932
2016-12-01,300394,BUY,6.70378824
2016-12-01,002324,BUY,7.85939583
2016-12-01,002014,BUY,5.94983936
2016-12-01,000591,BUY,5.47152284
2016-12-01,603456,BUY,11.75715679
2016-12-01,300260,BUY,9.73721559
2016-12-01,300453,BUY,7.29555442
2016-12-01,002726,BUY,7.37076677
2016-12-01,300382,BUY,10.48922406
2016-12-01,002728,BUY,10.74692968
2017-01-03,600617,SELL_REBAL,7.21065317
2017-01-03,002713,SELL_REBAL,10.67602515
2017-01-03,000429,SELL_REBAL,4.15951669
2017-01-03,603599,SELL_REBAL,7.06430242
2017-01-03,600452,SELL_REBAL,5.0041353
2017-01-03,603939,SELL_REBAL,8.67883235
2017-01-03,002324,SELL_REBAL,7.6302369
2017-01-03,002014,SELL_REBAL,5.71479264
2017-01-03,000591,SELL_REBAL,5.06595174
2017-01-03,603456,SELL_REBAL,10.31438501
2017-01-03,300260,SELL_REBAL,9.14265899
2017-01-03,002726,SELL_REBAL,7.64005819
2017-01-03,300382,SELL_REBAL,9.0444168
2017-01-03,002706,BUY,5.56572919
2017-01-03,300375,BUY,7.16879988
2017-01-03,300475,BUY,11.37059028
2017-01-03,002749,BUY,9.09769845
2017-01-03,300412,BUY,9.35809488
2017-01-03,603969,BUY,6.09687405
2017-01-03,002763,BUY,11.75283324
2017-01-03,300360,BUY,12.224082
2017-01-03,603828,BUY,7.82169387
2017-01-03,002541,BUY,9.20082148
2017-01-03,600483,BUY,6.53218332
2017-01-03,002747,BUY,10.7912875
2017-01-03,603338,BUY,16.87781898
2017-02-03,300394,SELL_REBAL,5.3441262
2017-02-03,600167,SELL_REBAL,5.51298024
2017-02-03,603030,SELL_REBAL,7.88322808
2017-02-03,600981,SELL_REBAL,7.30834216
2017-02-03,300259,SELL_REBAL,3.8573294
2017-02-03,603969,SELL_REBAL,5.68760292
2017-02-03,300360,SELL_REBAL,11.2210804
2017-02-03,603828,SELL_REBAL,7.5913578
2017-02-03,002747,SELL_REBAL,10.0448225
2017-02-03,603600,BUY,13.3419
2017-02-03,603889,BUY,4.53699982
2017-02-03,002713,BUY,9.45124215
2017-02-03,603939,BUY,8.1555885
2017-02-03,002014,BUY,5.4902704
2017-02-03,000591,BUY,4.89266227
2017-02-03,603018,BUY,7.44580512
2017-02-03,300382,BUY,7.79122854
2017-02-03,002765,BUY,12.9046824
2017-03-01,002783,BUY_SKIP_LIMIT_UP,18.28179582
2017-03-01,300375,SELL_REBAL,7.11176169
2017-03-01,002706,SELL_REBAL,5.55534924
2017-03-01,002728,SELL_REBAL,10.71648512
2017-03-01,600483,SELL_REBAL,6.75420744
2017-03-01,603889,SELL_REBAL,4.77470809
2017-03-01,002713,SELL_REBAL,10.15753368
2017-03-01,002014,SELL_REBAL,5.67620288
2017-03-01,000591,SELL_REBAL,5.19499709
2017-03-01,603018,SELL_REBAL,7.629336
2017-03-01,002765,SELL_REBAL,13.97365236
2017-03-01,603866,BUY,10.0561461
2017-03-01,300394,BUY,5.71676085
2017-03-01,300396,BUY,17.5670475
2017-03-01,603788,BUY,18.6312282
2017-03-01,002757,BUY,13.63057728
2017-03-01,002777,BUY,15.89725584
2017-03-01,002003,BUY,4.2147748
2017-03-01,300488,BUY,24.91290576
2017-03-01,002734,BUY,11.29140747
2017-04-05,002749,SELL_REBAL,9.81685488
2017-04-05,300475,SELL_REBAL,17.70224148
2017-04-05,603600,SELL_REBAL,15.23808
2017-04-05,300453,SELL_REBAL,6.10054588
2017-04-05,603338,SELL_REBAL,18.37273968
2017-04-05,603939,SELL_REBAL,8.5765221
2017-04-05,300396,SELL_REBAL,17.02733125
2017-04-05,002757,SELL_REBAL,15.11742
2017-04-05,002777,SELL_REBAL,15.8171443
2017-04-05,002734,SELL_REBAL,11.33050268
2017-04-05,300425,BUY,6.86020657
2017-04-05,300387,BUY,12.9781272
2017-04-05,600167,BUY,6.59832964
2017-04-05,300260,BUY,8.55620998
2017-04-05,300448,BUY,8.5359324
2017-04-05,600981,BUY,7.6329624
2017-04-05,600483,BUY,6.62566716
2017-04-05,002014,BUY,5.51960304
2017-04-05,002753,BUY,11.53454004
2017-04-05,603688,BUY,7.90503026
2017-04-05,002454,BUY,5.54122452
2017-05-02,300394,SELL_REBAL,4.94041352
2017-05-02,300488,SELL_REBAL,21.05326028
2017-05-02,002541,SELL_REBAL,8.01153694
2017-05-02,603788,SELL_REBAL,19.0688745
2017-05-02,002003,SELL_REBAL,4.1257707
2017-05-02,300425,SELL_REBAL,6.56915203
2017-05-02,600167,SELL_REBAL,7.02652228
2017-05-02,300448,SELL_REBAL,6.8781012
2017-05-02,002454,SELL_REBAL,5.37318132
2017-05-02,300375,BUY,6.28988752
2017-05-02,603025,BUY,9.8080464
2017-05-02,300421,BUY,10.1326783
2017-05-02,300468,BUY,9.9111375
2017-05-02,002088,BUY,5.24065696
2017-05-02,300390,BUY,4.26670938
2017-05-02,300389,BUY,13.78934095
2017-05-02,603085,BUY,18.14031156
2017-05-02,300451,BUY,5.28201921
2017-06-01,300412,SELL_REBAL,6.66693188
2017-06-01,603688,SELL_REBAL,5.84147168
2017-06-01,300382,SELL_REBAL,7.06690872
2017-06-01,002753,SELL_REBAL,8.73041346
2017-06-01,300387,SELL_REBAL,8.64268036
2017-06-01,603025,SELL_REBAL,8.45104272
2017-06-01,300421,SELL_REBAL,8.3336261
2017-06-01,300468,SELL_REBAL,8.553612
2017-06-01,300390,SELL_REBAL,3.72001155
2017-06-01,300389,SELL_REBAL,10.8373706
2017-06-01,603085,SELL_REBAL,15.50912867
2017-06-01,300451,SELL_REBAL,4.70296086
2017-06-01,603599,BUY,5.91439555
2017-06-01,002324,BUY,6.4718511
2017-06-01,002718,BUY,33.52379604
2017-06-01,603018,BUY,6.23529072
2017-06-01,603030,BUY,7.57024632
2017-06-01,002734,BUY,9.57465054
2017-06-01,300394,BUY,4.37022432
2017-06-01,002713,BUY,8.06149617
2017-06-01,603988,BUY,17.5469728
2017-06-01,300125,BUY,8.85457218
2017-06-01,300492,BUY,12.96351
2017-06-01,603100,BUY,6.66047058
2017-07-03,002088,SELL_REBAL,5.66599455
2017-07-03,002014,SELL_REBAL,4.59002376
2017-07-03,300260,SELL_REBAL,7.20754433
2017-07-03,600483,SELL_REBAL,6.0764496
2017-07-03,603018,SELL_REBAL,7.105131
2017-07-03,603030,SELL_REBAL,8.81235528
2017-07-03,002734,SELL_REBAL,10.5425502
2017-07-03,603988,SELL_REBAL,18.31489645
2017-07-03,300125,SELL_REBAL,9.13237647
2017-07-03,300492,SELL_REBAL,13.26023034
2017-07-03,603100,SELL_REBAL,7.62784353
2017-07-03,300488,BUY,19.2637872
2017-07-03,603223,BUY,6.10514748
2017-07-03,603519,BUY,8.1989235
2017-07-03,603806,BUY,4.89770442
2017-07-03,002731,BUY,12.2933775
2017-07-03,002749,BUY,7.41698748
2017-07-03,300403,BUY,7.6358193
2017-07-03,603309,BUY,11.5514852
2017-07-03,002270,BUY,5.58270328
2017-07-03,300390,BUY,3.80633226
2017-07-03,300382,BUY,7.85829519
2017-08-01,603599,SELL_REBAL,6.66688056
2017-08-01,300375,SELL_REBAL,5.57650742
2017-08-01,002763,SELL_REBAL,10.4924586
2017-08-01,300488,SELL_REBAL,18.1744659
2017-08-01,603223,SELL_REBAL,6.22373382
2017-08-01,603519,SELL_REBAL,8.77567536
2017-08-01,603806,SELL_REBAL,5.09434428
2017-08-01,002731,SELL_REBAL,12.3161086
2017-08-01,300403,SELL_REBAL,7.1228724
2017-08-01,603309,SELL_REBAL,10.940834
2017-08-01,300390,SELL_REBAL,3.3706182
2017-08-01,300382,SELL_REBAL,8.2587789
2017-08-01,300412,BUY,6.05061583
2017-08-01,002790,BUY,9.6376645
2017-08-01,603568,BUY,6.65603507
2017-08-01,600917,BUY,7.99702219
2017-08-01,603936,BUY,12.21593037
2017-08-01,002014,BUY,4.6298112
2017-08-01,300448,BUY,6.98091394
2017-08-01,300470,BUY,16.04135451
2017-08-01,300421,BUY,9.27011358
2017-08-01,603518,BUY,14.91787635
2017-08-01,603828,BUY,6.2936898
2017-08-01,002775,BUY,8.1501573
2017-09-01,002324,SELL_REBAL,6.61983678
2017-09-01,600981,SELL_REBAL,6.25216565
2017-09-01,300412,SELL_REBAL,7.20821815
2017-09-01,002790,SELL_REBAL,10.74678589
2017-09-01,603568,SELL_REBAL,6.98417213
2017-09-01,600917,SELL_REBAL,8.44471498
2017-09-01,603936,SELL_REBAL,14.39075505
2017-09-01,002014,SELL_REBAL,4.65513048
2017-09-01,300470,SELL_REBAL,17.0673399
2017-09-01,603518,SELL_REBAL,16.84923655
2017-09-01,603828,SELL_REBAL,6.32906736
2017-09-01,002775,SELL_REBAL,9.2434188
2017-09-01,300375,BUY,5.62811364
2017-09-01,603223,BUY,5.96131704
2017-09-01,603669,BUY,7.07446785
2017-09-01,300530,BUY,19.12556752
2017-09-01,603737,BUY,7.0470459
2017-09-01,603726,BUY,15.15444609
2017-09-01,603101,BUY,8.1952325
2017-09-01,300453,BUY,5.64983991
2017-09-01,300488,BUY,19.44151857
2017-09-01,300430,BUY,14.4496334
2017-09-01,300385,BUY,10.51027077
2017-09-01,300445,BUY,15.3433644
2017-10-09,002749,SELL_REBAL,7.69975944
2017-10-09,300394,SELL_REBAL,5.42967264
2017-10-09,002270,SELL_REBAL,5.98664656
2017-10-09,002713,SELL_REBAL,9.55483455
2017-10-09,002718,SELL_REBAL,35.47965546
2017-10-09,300448,SELL_REBAL,7.80350571
2017-10-09,300375,SELL_REBAL,5.53400818
2017-10-09,603223,SELL_REBAL,6.56289513
2017-10-09,300530,SELL_REBAL,18.73430536
2017-10-09,603726,SELL_REBAL,15.24717082
2017-10-09,603101,SELL_REBAL,7.83464227
2017-10-09,300385,SELL_REBAL,11.67936053
2017-10-09,300445,SELL_REBAL,16.6978896
2017-10-09,603025,BUY,10.36562712
2017-10-09,002790,BUY,9.97261284
2017-10-09,603738,BUY,10.83181374
2017-10-09,600917,BUY,8.0760268
2017-10-09,603568,BUY,7.04207867
2017-10-09,300501,BUY,12.00463614
2017-10-09,300405,BUY,8.47941824
2017-10-09,601900,BUY,8.859634
2017-10-09,603889,BUY,4.2371451
2017-10-09,603606,BUY,5.3115436
2017-10-09,300547,BUY,13.6833222
2017-10-09,300538,BUY,15.63182244
2017-10-09,603456,BUY,7.96272696
2017-11-01,300430,SELL_REBAL,17.31577805
2017-11-01,300453,SELL_REBAL,5.6470986
2017-11-01,603737,SELL_REBAL,8.49276836
2017-11-01,300421,SELL_REBAL,9.40971236
2017-11-01,603025,SELL_REBAL,11.336355
2017-11-01,600917,SELL_REBAL,8.14625312
2017-11-01,603568,SELL_REBAL,7.18362799
2017-11-01,300501,SELL_REBAL,11.4445275
2017-11-01,601900,SELL_REBAL,9.521899
2017-11-01,603889,SELL_REBAL,4.29360075
2017-11-01,603606,SELL_REBAL,5.09555552
2017-11-01,300547,SELL_REBAL,14.62273938
2017-11-01,300538,SELL_REBAL,15.555852
2017-11-01,603456,SELL_REBAL,7.7896242
2017-11-01,300559,BUY,7.14987
2017-11-01,300375,BUY,5.0240173
2017-11-01,300509,BUY,7.15101868
2017-11-01,603101,BUY,7.47873503
2017-11-01,300507,BUY,6.4894536
2017-11-01,603518,BUY,14.74229815
2017-11-01,002735,BUY,10.70496309
2017-11-01,300557,BUY,19.4040432
2017-11-01,300530,BUY,19.28543808
2017-11-01,002627,BUY,5.82381772
2017-11-01,002324,BUY,6.571812
2017-11-01,603726,BUY,15.21895025
2017-11-01,603663,BUY,6.2853316
2017-11-01,002734,BUY,9.2292291
2017-12-01,300488,SELL_REBAL,18.12859974
2017-12-01,603866,SELL_REBAL,9.5959318
2017-12-01,300375,SELL_REBAL,4.86312732
2017-12-01,300509,SELL_REBAL,6.44480148
2017-12-01,300507,SELL_REBAL,5.2069206
2017-12-01,002735,SELL_REBAL,9.34458327
2017-12-01,300557,SELL_REBAL,18.46880328
2017-12-01,002627,SELL_REBAL,5.80526068
2017-12-01,002324,SELL_REBAL,6.24574902
2017-12-01,603726,SELL_REBAL,13.47330642
2017-12-01,002734,SELL_REBAL,8.7614709
2017-12-01,603060,BUY,5.7837577
2017-12-01,603336,BUY,4.811577
2017-12-01,603031,BUY,8.31426897
2017-12-01,603421,BUY,17.94771792
2017-12-01,600981,BUY,5.3894913
2017-12-01,002270,BUY,5.1010786
2017-12-01,002801,BUY,16.4299695
2017-12-01,300448,BUY,6.9555057
2017-12-01,002810,BUY,6.39847482
2017-12-01,300442,BUY,11.65799079
2017-12-01,603569,BUY,14.63493943
2018-01-02,603663,SELL_REBAL,5.01589258
2018-01-02,300559,SELL_REBAL,6.650805
2018-01-02,603518,SELL_REBAL,12.165061
2018-01-02,603060,SELL_REBAL,5.4643785
2018-01-02,603336,SELL_REBAL,5.5186798
2018-01-02,603031,SELL_REBAL,8.02097926
2018-01-02,600981,SELL_REBAL,5.1404719
2018-01-02,002270,SELL_REBAL,4.87839192
2018-01-02,002801,SELL_REBAL,15.6028826
2018-01-02,300448,SELL_REBAL,6.95868173
2018-01-02,002810,SELL_REBAL,6.72134652
2018-01-02,300442,SELL_REBAL,11.10950121
2018-01-02,603569,SELL_REBAL,14.09183469
2018-01-02,300501,BUY,9.63225291
2018-01-02,603726,BUY,12.3767357
2018-01-02,300488,BUY,17.99673453
2018-01-02,300576,BUY,5.58617412
2018-01-02,300538,BUY,13.18991544
2018-01-02,603928,BUY,7.63788771
2018-01-02,300421,BUY,7.42137298
2018-01-02,300412,BUY,5.41822197
2018-01-02,603909,BUY,12.02051904
2018-01-02,300417,BUY,12.71805172
2018-01-02,300573,BUY,5.64074616
2018-01-02,300547,BUY,11.36857962
2018-01-02,603398,BUY,11.20664304
2018-02-01,603738,SELL_REBAL,7.42154391
2018-02-01,603421,SELL_REBAL,14.70156864
2018-02-01,603101,SELL_REBAL,5.91461637
2018-02-01,603726,SELL_REBAL,12.77182368
2018-02-01,300488,SELL_REBAL,18.67326039
2018-02-01,300421,SELL_REBAL,6.55736972
2018-02-01,300412,SELL_REBAL,5.9487897
2018-02-01,300417,SELL_REBAL,11.3982539
2018-02-01,300573,SELL_REBAL,4.95937512
2018-02-01,300547,SELL_REBAL,13.1588337
2018-02-01,603398,SELL_REBAL,9.68231376
2018-02-01,603038,BUY,9.78819415
2018-02-01,300559,BUY,6.650805
2018-02-01,300509,BUY,5.20322608
2018-02-01,603701,BUY,7.10482464
2018-02-01,300586,BUY,3.89364654
2018-02-01,300550,BUY,9.89871022
2018-02-01,603266,BUY,11.42888988
2018-02-01,300394,BUY,3.14891584
2018-02-01,603585,BUY,14.73377675
2018-02-01,603663,BUY,4.7758622
2018-02-01,300587,BUY,2.45883555
2018-03-01,002790,SELL_REBAL,7.32462502
2018-03-01,300405,SELL_REBAL,5.71311104
2018-03-01,300559,SELL_REBAL,7.1787275
2018-03-01,300509,SELL_REBAL,5.6041752
2018-03-01,300586,SELL_REBAL,6.62758446
2018-03-01,300550,SELL_REBAL,10.46937553
2018-03-01,300394,SELL_REBAL,3.41929588
2018-03-01,002801,BUY,12.88467268
2018-03-01,603060,BUY,4.91295035
2018-03-01,002817,BUY,7.577836
2018-03-01,300610,BUY,9.0351063
2018-03-01,603101,BUY,5.71793079
2018-03-01,300475,BUY,6.16586676
2018-03-01,002749,BUY,6.9372654
2018-04-02,603266,SELL_REBAL,13.10960898
2018-04-02,603669,SELL_REBAL,6.32112407
2018-04-02,300530,SELL_REBAL,14.64498472
2018-04-02,300576,SELL_REBAL,5.84113116
2018-04-02,603701,SELL_REBAL,7.47048288
2018-04-02,002801,SELL_REBAL,14.1722458
2018-04-02,603060,SELL_REBAL,5.5092912
2018-04-02,300610,SELL_REBAL,9.3184157
2018-04-02,002749,SELL_REBAL,7.44449448
2018-04-02,603360,BUY,3.28272026
2018-04-02,300488,BUY,17.87633586
2018-04-02,300448,BUY,6.61884652
2018-04-02,300417,BUY,12.1072362
2018-04-02,300385,BUY,8.58742577
2018-04-02,300636,BUY,7.54194098
2018-04-02,603208,BUY,13.97073624
2018-04-02,300405,BUY,5.84259776
2018-04-02,603037,BUY,7.3420914
2018-05-02,603101,SELL_REBAL,5.70856481
2018-05-02,300587,SELL_REBAL,2.42279588
2018-05-02,300475,SELL_REBAL,5.28692157
2018-05-02,002817,SELL_REBAL,7.24765886
2018-05-02,300488,SELL_REBAL,17.68140468
2018-05-02,300448,SELL_REBAL,7.13971544
2018-05-02,300636,SELL_REBAL,6.59951334
2018-05-02,603208,SELL_REBAL,12.3183636
2018-05-02,603037,SELL_REBAL,7.68531925
2018-05-02,603726,BUY,10.8447619
2018-05-02,603060,BUY,4.9104552
2018-05-02,600475,BUY,5.67707112
2018-05-02,002718,BUY,25.1641726
2018-05-02,002757,BUY,12.3420622
2018-05-02,002825,BUY,7.22116395
2018-05-02,603701,BUY,7.25363904
2018-05-02,603569,BUY,13.53139682
2018-05-02,002762,BUY,7.89054686
2018-06-01,603585,SELL_REBAL,14.34252688
2018-06-01,603909,SELL_REBAL,11.35105944
2018-06-01,603663,SELL_REBAL,4.77541924
2018-06-01,300538,SELL_REBAL,13.747032
2018-06-01,300385,SELL_REBAL,7.83367053
2018-06-01,603928,SELL_REBAL,8.83890709
2018-06-01,300405,SELL_REBAL,5.65296508
2018-06-01,600475,SELL_REBAL,5.35240202
2018-06-01,002757,SELL_REBAL,12.0923376
2018-06-01,002825,SELL_REBAL,7.37338875
2018-06-01,603701,SELL_REBAL,7.40670528
2018-06-01,603569,SELL_REBAL,14.6914357
2018-06-01,002762,SELL_REBAL,8.98397374
2018-06-01,603203,BUY,10.3921935
2018-06-01,603208,BUY,12.4928244
2018-06-01,002790,BUY,6.63130788
2018-06-01,002862,BUY,11.57327853
2018-06-01,600981,BUY,4.3756266
2018-06-01,603040,BUY,15.52034
2018-06-01,603985,BUY,6.63053317
2018-06-01,300575,BUY,6.3237568
2018-06-01,300587,BUY,2.54835344
2018-06-01,600452,BUY,3.45347002
2018-06-01,300530,BUY,13.60207752
2018-06-01,603737,BUY,8.39772506
2018-06-01,603330,BUY,6.05664411
2018-07-02,603038,SELL_REBAL,7.5541475
2018-07-02,300501,SELL_REBAL,8.25096155
2018-07-02,603726,SELL_REBAL,10.54086156
2018-07-02,603203,SELL_REBAL,9.01185058
2018-07-02,603208,SELL_REBAL,10.0162566
2018-07-02,002790,SELL_REBAL,5.25753226
2018-07-02,002862,SELL_REBAL,9.6254279
2018-07-02,600981,SELL_REBAL,3.9665233
2018-07-02,603040,SELL_REBAL,14.1376188
2018-07-02,300575,SELL_REBAL,5.76948928
2018-07-02,600452,SELL_REBAL,3.18790927
2018-07-02,300530,SELL_REBAL,12.31724652
2018-07-02,603737,SELL_REBAL,7.7200817
2018-07-02,603330,SELL_REBAL,5.2249889
2018-07-02,603226,BUY,5.8061029
2018-07-02,300488,BUY,16.9131465
2018-07-02,300636,BUY,5.63275944
2018-07-02,603663,BUY,4.37414445
2018-07-02,300576,BUY,4.92698192
2018-07-02,002817,BUY,5.88652548
2018-07-02,603037,BUY,7.01080191
2018-07-02,600475,BUY,4.90250341
2018-07-02,300573,BUY,4.33554375
2018-07-02,300421,BUY,5.3076524
2018-07-02,603319,BUY,6.75094072
2018-07-02,000880,BUY,4.26188918
2018-07-02,603966,BUY,3.7065651
2018-07-02,603811,BUY,4.1472504
2018-08-01,603060,SELL_REBAL,4.45386966
2018-08-01,300587,SELL_REBAL,2.29442356
2018-08-01,300417,SELL_REBAL,10.11956625
2018-08-01,002718,SELL_REBAL,18.0905256
2018-08-01,300488,SELL_REBAL,18.30619192
2018-08-01,300636,SELL_REBAL,5.48852436
2018-08-01,300576,SELL_REBAL,5.05196544
2018-08-01,300573,SELL_REBAL,4.19911864
2018-08-01,300421,SELL_REBAL,5.45710976
2018-08-01,000880,SELL_REBAL,4.4243002
2018-08-01,603966,SELL_REBAL,3.8230017
2018-08-01,603811,SELL_REBAL,4.91338368
2018-08-01,603038,BUY,7.57257225
2018-08-01,300660,BUY,6.85670232
2018-08-01,002811,BUY,8.01532017
2018-08-01,603089,BUY,9.08266604
2018-08-01,300669,BUY,9.82768806
2018-08-01,603266,BUY,9.8593824
2018-08-01,300385,BUY,6.7752828
2018-08-01,603040,BUY,13.09705055
2018-08-01,300622,BUY,4.91051148
2018-08-01,300405,BUY,4.40072598
2018-08-01,603326,BUY,5.94999864
2018-08-01,300525,BUY,3.97560717
2018-09-03,603360,SELL_REBAL,2.732375
2018-09-03,603663,SELL_REBAL,4.30684992
2018-09-03,603319,SELL_REBAL,6.3783062
2018-09-03,600475,SELL_REBAL,4.6437831
2018-09-03,002817,SELL_REBAL,4.99010028
2018-09-03,603038,SELL_REBAL,6.5665809
2018-09-03,300660,SELL_REBAL,5.71061712
2018-09-03,002811,SELL_REBAL,7.97843178
2018-09-03,603089,SELL_REBAL,7.66939768
2018-09-03,300669,SELL_REBAL,9.79882554
2018-09-03,603040,SELL_REBAL,9.5167903
2018-09-03,300405,SELL_REBAL,4.03272102
2018-09-03,603326,SELL_REBAL,5.23306332
2018-09-03,300525,SELL_REBAL,4.05662391
2018-09-03,300501,BUY,7.71045191
2018-09-03,300575,BUY,5.26178624
2018-09-03,300610,BUY,6.7561579
2018-09-03,603331,BUY,9.988209
2018-09-03,300417,BUY,9.0772785
2018-09-03,300509,BUY,4.53088251
2018-09-03,603701,BUY,5.5120548
2018-09-03,300416,BUY,5.60661672
2018-09-03,603238,BUY,9.64444008
2018-09-03,603737,BUY,6.29792228
2018-09-03,603203,BUY,9.44471623
2018-09-03,300573,BUY,3.66960423
2018-09-03,300632,BUY,7.63650216
2018-09-03,002825,BUY,6.2664732
2018-10-08,300622,SELL_REBAL,3.84394266
2018-10-08,603985,SELL_REBAL,5.55416626
2018-10-08,300385,SELL_REBAL,5.74065272
2018-10-08,603266,SELL_REBAL,8.63365755
2018-10-08,300610,SELL_REBAL,6.60120015
2018-10-08,603331,SELL_REBAL,9.15153435
2018-10-08,300417,SELL_REBAL,8.3934495
2018-10-08,300509,SELL_REBAL,4.7554452
2018-10-08,603701,SELL_REBAL,5.7701098
2018-10-08,300416,SELL_REBAL,5.180652
2018-10-08,603238,SELL_REBAL,9.25179112
2018-10-08,603737,SELL_REBAL,6.1225672
2018-10-08,300573,SELL_REBAL,3.54474057
2018-10-08,300632,SELL_REBAL,6.73037544
2018-10-08,002825,SELL_REBAL,6.1995237
2018-10-08,603663,BUY,4.02520985
2018-10-08,603360,BUY,2.535644
2018-10-08,603060,BUY,4.15122846
2018-10-08,300576,BUY,4.1441904
2018-10-08,603797,BUY,5.7415665
2018-10-08,300488,BUY,15.6695452
2018-10-08,603033,BUY,3.42105522
2018-10-08,603330,BUY,4.64415878
2018-10-08,603098,BUY,9.1921764
2018-10-08,603585,BUY,12.70634703
2018-10-08,300652,BUY,12.4940318
2018-10-08,300512,BUY,8.14666185
2018-10-08,603319,BUY,5.9975118
2018-10-08,300371,BUY,7.47535101
2018-10-08,600475,BUY,4.46553688
2018-11-01,300475,BUY_SKIP_LIMIT_UP,3.95992056
2018-11-01,300501,SELL_REBAL,6.91197176
2018-11-01,300575,SELL_REBAL,5.54417728
2018-11-01,603037,SELL_REBAL,5.39403359
2018-11-01,300576,SELL_REBAL,4.55203136
2018-11-01,603330,SELL_REBAL,4.81791138
2018-11-01,603098,SELL_REBAL,8.2425714
2018-11-01,603585,SELL_REBAL,12.53112874
2018-11-01,300652,SELL_REBAL,13.72962942
2018-11-01,300512,SELL_REBAL,7.59135105
2018-11-01,603319,SELL_REBAL,5.83159424
2018-11-01,300371,SELL_REBAL,6.76543107
2018-11-01,600475,SELL_REBAL,4.07151892
2018-11-01,603136,BUY,7.631052
2018-11-01,002811,BUY,7.01933364
2018-11-01,603326,BUY,5.3911278
2018-11-01,300695,BUY,32.57156833
2018-11-01,002868,BUY,11.220206
2018-11-01,603339,BUY,8.98834352
2018-11-01,300417,BUY,8.53131825
2018-11-01,300669,BUY,8.418235
2018-11-01,603908,BUY,12.91562964
2018-11-01,603208,BUY,8.9770842
2018-11-01,002880,BUY,18.3172185
2018-12-03,603033,SELL_REBAL,4.32155438
2018-12-03,603797,SELL_REBAL,5.8983643
2018-12-03,603136,SELL_REBAL,8.8508641
2018-12-03,002811,SELL_REBAL,7.55685018
2018-12-03,603326,SELL_REBAL,5.93870832
2018-12-03,300695,SELL_REBAL,40.68732276
2018-12-03,603339,SELL_REBAL,10.3711656
2018-12-03,300417,SELL_REBAL,8.867718
2018-12-03,300669,SELL_REBAL,9.08688338
2018-12-03,603908,SELL_REBAL,13.71070944
2018-12-03,603208,SELL_REBAL,10.6799616
2018-12-03,002880,SELL_REBAL,20.47457979
2018-12-03,603037,BUY,5.66788926
2018-12-03,300453,BUY,2.59082166
2018-12-03,603229,BUY,2.6065848
2018-12-03,300371,BUY,7.29522207
2018-12-03,300475,BUY,3.95546119
2018-12-03,603737,BUY,6.1820096
2018-12-03,603266,BUY,9.34364025
2018-12-03,300573,BUY,4.12050078
2018-12-03,300650,BUY,8.07083118
2018-12-03,603006,BUY,7.83400776
2018-12-03,300622,BUY,4.5096534
2018-12-03,300632,BUY,7.5113136
2018-12-03,300385,BUY,5.60167256
2019-01-02,603360,SELL_REBAL,2.6427531
2019-01-02,603203,SELL_REBAL,8.17909952
2019-01-02,603060,SELL_REBAL,4.76912091
2019-01-02,603663,SELL_REBAL,4.3866064
2019-01-02,002868,SELL_REBAL,11.220206
2019-01-02,603037,SELL_REBAL,5.53557697
2019-01-02,300453,SELL_REBAL,2.91122178
2019-01-02,300371,SELL_REBAL,6.62768541
2019-01-02,300475,SELL_REBAL,3.7012771
2019-01-02,603266,SELL_REBAL,9.4039218
2019-01-02,300573,SELL_REBAL,3.84302598
2019-01-02,603006,SELL_REBAL,7.29263324
2019-01-02,300632,SELL_REBAL,8.05379736
2019-01-02,300385,SELL_REBAL,5.46655296
2019-01-02,300660,BUY,5.32292904
2019-01-02,300507,BUY,2.812884
2019-01-02,002793,BUY,5.69506952
2019-01-02,603809,BUY,2.6355098
2019-01-02,002728,BUY,5.10093918
2019-01-02,300501,BUY,6.88740314
2019-01-02,603926,BUY,6.90508048
2019-01-02,603569,BUY,8.95998215
2019-01-02,603269,BUY,2.9719118
2019-01-02,300512,BUY,7.6733856
2019-01-02,300669,BUY,8.69242894
2019-01-02,002801,BUY,10.14605977
2019-01-02,300636,BUY,4.554792
2019-01-02,300405,BUY,3.84360736
2019-02-01,603730,BUY_SKIP_LIMIT_UP,3.09278134
2019-02-01,603226,SELL_REBAL,5.0525112
2019-02-01,603737,SELL_REBAL,5.5355735
2019-02-01,300488,SELL_REBAL,12.8363064
2019-02-01,002793,SELL_REBAL,5.68372476
2019-02-01,002728,SELL_REBAL,5.30906064
2019-02-01,300501,SELL_REBAL,6.74818096
2019-02-01,603926,SELL_REBAL,7.03978942
2019-02-01,002801,SELL_REBAL,9.89615682
2019-02-01,300636,SELL_REBAL,4.36753944
2019-02-01,603797,BUY,5.349572
2019-02-01,603266,BUY,8.7877104
2019-02-01,300530,BUY,12.75408906
2019-02-01,300729,BUY,6.87675976
2019-02-01,002884,BUY,5.50657386
2019-02-01,300658,BUY,5.65716905
2019-02-01,300536,BUY,4.78394215
2019-02-01,603038,BUY,6.06174275
2019-03-01,603809,SELL_REBAL,3.019115
2019-03-01,300512,SELL_REBAL,9.85045635
2019-03-01,300660,SELL_REBAL,6.154902
2019-03-01,603269,SELL_REBAL,3.2628682
2019-03-01,603797,SELL_REBAL,6.3318641
2019-03-01,603266,SELL_REBAL,10.8640749
2019-03-01,300530,SELL_REBAL,15.82483515
2019-03-01,002801,BUY,10.8139822
2019-03-01,603730,BUY,3.4730168
2019-03-01,300636,BUY,4.8837492
2019-03-01,603226,BUY,5.94543928
2019-03-01,300533,BUY,9.29932729
2019-03-01,603040,BUY,10.511503
2019-03-01,300738,BUY,3.46333135
2019-03-01,300509,BUY,5.41152051
2019-04-01,300507,SELL_REBAL,4.013004
2019-04-01,002884,SELL_REBAL,8.01898056
2019-04-01,603038,SELL_REBAL,7.7457649
2019-04-01,300650,SELL_REBAL,9.3648885
2019-04-01,300729,SELL_REBAL,8.7264385
2019-04-01,300536,SELL_REBAL,12.02496228
2019-04-01,300658,SELL_REBAL,8.18625639
2019-04-01,603569,SELL_REBAL,11.71564545
2019-04-01,603730,SELL_REBAL,4.08229173
2019-04-01,300636,SELL_REBAL,5.37212412
2019-04-01,300533,SELL_REBAL,10.17371388
2019-04-01,603040,SELL_REBAL,10.77605425
2019-04-01,300738,SELL_REBAL,4.5377013
2019-04-01,300509,SELL_REBAL,7.16839332
2019-04-01,603701,BUY,7.1016736
2019-04-01,603330,BUY,5.93985674
2019-04-01,300488,BUY,15.22432196
2019-04-01,603809,BUY,3.1150163
2019-04-01,603906,BUY,5.8916795
2019-04-01,603037,BUY,6.72023352
2019-04-01,603269,BUY,3.5953898
2019-04-01,002802,BUY,12.05634032
2019-04-01,603578,BUY,11.46167638
2019-04-01,603663,BUY,5.13681579
2019-04-01,002811,BUY,9.52774416
2019-04-01,002890,BUY,8.53587759
2019-04-01,002919,BUY,6.80117426
2019-04-01,603617,BUY,6.66688716
2019-05-06,300622,SELL_REBAL,4.74587334
2019-05-06,300669,SELL_REBAL,9.6929963
2019-05-06,603226,SELL_REBAL,8.40178592
2019-05-06,300405,SELL_REBAL,7.9734408
2019-05-06,603229,SELL_REBAL,2.700048
2019-05-06,603701,SELL_REBAL,5.9713927
2019-05-06,300488,SELL_REBAL,14.58828876
2019-05-06,603906,SELL_REBAL,7.08725934
2019-05-06,603037,SELL_REBAL,6.0309788
2019-05-06,002802,SELL_REBAL,9.53902996
2019-05-06,002919,SELL_REBAL,5.77718383
2019-05-06,603617,SELL_REBAL,7.43537565
2019-05-06,603038,BUY,6.6034304
2019-05-06,300576,BUY,4.57834368
2019-05-06,300722,BUY,8.2170291
2019-05-06,603040,BUY,9.382751
2019-05-06,603238,BUY,10.01868362
2019-05-06,300660,BUY,5.75306472
2019-05-06,002817,BUY,4.72388916
2019-05-06,603909,BUY,8.01473058
2019-05-06,300501,BUY,7.74730484
2019-05-06,603055,BUY,6.43997961
2019-05-06,300581,BUY,4.18037052
2019-05-06,300636,BUY,4.3776612
2019-06-03,603569,BUY_SKIP_LIMIT_UP,10.441816
2019-06-03,002801,SELL_REBAL,11.95444839
2019-06-03,603663,SELL_REBAL,5.8785336
2019-06-03,603809,SELL_REBAL,2.80066246
2019-06-03,002811,SELL_REBAL,7.72548282
2019-06-03,002890,SELL_REBAL,7.51368456
2019-06-03,603038,SELL_REBAL,7.02167583
2019-06-03,300576,SELL_REBAL,5.2953544
2019-06-03,300722,SELL_REBAL,10.79148168
2019-06-03,300660,SELL_REBAL,6.21323541
2019-06-03,603909,SELL_REBAL,11.08467864
2019-06-03,300501,SELL_REBAL,9.13952664
2019-06-03,603055,SELL_REBAL,6.86424572
2019-06-03,300581,SELL_REBAL,4.8297171
2019-06-03,300636,SELL_REBAL,4.78759248
2019-06-03,603136,BUY,9.1041312
2019-06-03,603730,BUY,3.45056195
2019-06-03,603229,BUY,2.59412304
2019-06-03,603331,BUY,10.63565552
2019-06-03,603500,BUY,5.56769096
2019-06-03,300720,BUY,8.4100137
2019-06-03,603165,BUY,8.57156134
2019-06-03,603203,BUY,8.61196517
2019-06-03,002887,BUY,8.54113931
2019-06-03,603928,BUY,6.644755
2019-06-03,603871,BUY,3.5648668
2019-06-03,300622,BUY,4.40943888
2019-06-03,002880,BUY,18.83281428
2019-07-01,603040,SELL_REBAL,10.47002535
2019-07-01,603330,SELL_REBAL,5.2858832
2019-07-01,002817,SELL_REBAL,5.69510352
2019-07-01,603500,SELL_REBAL,6.04252748
2019-07-01,300720,SELL_REBAL,9.28684521
2019-07-01,603165,SELL_REBAL,9.49821662
2019-07-01,002887,SELL_REBAL,8.8575464
2019-07-01,603928,SELL_REBAL,7.12011055
2019-07-01,603871,SELL_REBAL,3.53513268
2019-07-01,300622,SELL_REBAL,4.9079652
2019-07-01,603037,BUY,5.94482196
2019-07-01,300522,BUY,6.0280834
2019-07-01,603089,BUY,10.04479532
2019-07-01,603179,BUY,5.31466461
2019-07-01,300610,BUY,7.98635738
2019-07-01,300660,BUY,6.19708665
2019-07-01,603033,BUY,5.14759651
2019-07-01,002802,BUY,10.2220952
2019-07-01,300695,BUY,35.4796473
2019-07-01,300669,BUY,10.3957348
2019-07-01,603319,BUY,6.42205356
2019-08-01,603203,SELL_REBAL,9.6665036
2019-08-01,603578,SELL_REBAL,10.0162901
2019-08-01,603331,SELL_REBAL,10.60932964
2019-08-01,603269,SELL_REBAL,3.17272815
2019-08-01,603238,SELL_REBAL,12.06167885
2019-08-01,002880,SELL_REBAL,20.40651881
2019-08-01,603179,SELL_REBAL,5.21954757
2019-08-01,300660,SELL_REBAL,6.27379326
2019-08-01,603033,SELL_REBAL,5.45840596
2019-08-01,002802,SELL_REBAL,9.95099812
2019-08-01,300669,SELL_REBAL,10.4200239
2019-08-01,300652,BUY,14.28178983
2019-08-01,603330,BUY,4.9836319
2019-08-01,603050,BUY,4.03726498
2019-08-01,603040,BUY,9.77607765
2019-08-01,603685,BUY,11.1661792
2019-08-01,603038,BUY,7.45692534
2019-08-01,603277,BUY,5.03370006
2019-08-01,300729,BUY,7.40851371
2019-08-01,300733,BUY,5.63429052
2019-08-01,002873,BUY,7.4614201
2019-08-01,002890,BUY,7.32131613
2019-09-02,603089,SELL_REBAL,8.83996138
2019-09-02,603229,SELL_REBAL,2.70442658
2019-09-02,603136,SELL_REBAL,9.30929472
2019-09-02,300522,SELL_REBAL,5.6622068
2019-09-02,300652,SELL_REBAL,14.24697318
2019-09-02,603330,SELL_REBAL,4.77627345
2019-09-02,603050,SELL_REBAL,4.15407554
2019-09-02,300729,SELL_REBAL,7.0102773
2019-09-02,300733,SELL_REBAL,7.344954
2019-09-02,002873,SELL_REBAL,7.4371158
2019-09-02,002890,SELL_REBAL,7.36657929
2019-09-02,603928,BUY,6.3278513
2019-09-02,603578,BUY,9.7621222
2019-09-02,603203,BUY,9.3907952
2019-09-02,603331,BUY,10.40530407
2019-09-02,300715,BUY,8.87734116
2019-09-02,300599,BUY,9.4919356
2019-09-02,002833,BUY,8.413245
2019-09-02,603500,BUY,5.8423513
2019-09-02,603303,BUY,7.0008928
2019-09-02,603179,BUY,5.12046732
2019-09-02,603985,BUY,6.26843936
2019-10-08,603730,SELL_REBAL,3.94680435
2019-10-08,603277,SELL_REBAL,5.09721678
2019-10-08,603319,SELL_REBAL,6.00680372
2019-10-08,603685,SELL_REBAL,11.3254284
2019-10-08,603040,SELL_REBAL,10.39133025
2019-10-08,300715,SELL_REBAL,9.60755184
2019-10-08,300599,SELL_REBAL,9.2812073
2019-10-08,002833,SELL_REBAL,8.74169
2019-10-08,603303,SELL_REBAL,7.05658172
2019-10-08,603179,SELL_REBAL,5.61983178
2019-10-08,603985,SELL_REBAL,6.35303912
2019-10-08,603229,BUY,2.74612938
2019-10-08,300652,BUY,14.31660648
2019-10-08,603269,BUY,3.00937977
2019-10-08,300660,BUY,6.25360731
2019-10-08,603208,BUY,14.2818401
2019-10-08,603488,BUY,5.12891352
2019-10-08,002817,BUY,5.07049686
2019-10-08,300617,BUY,16.67781316
2019-10-08,603535,BUY,5.4997941
2019-10-08,603378,BUY,5.8722514
2019-10-08,603200,BUY,14.2691241
2019-11-01,603928,SELL_REBAL,6.05694975
2019-11-01,300695,SELL_REBAL,36.38371164
2019-11-01,603038,SELL_REBAL,7.92888264
2019-11-01,603229,SELL_REBAL,3.04013412
2019-11-01,300660,SELL_REBAL,6.20516103
2019-11-01,603208,SELL_REBAL,18.2823014
2019-11-01,603488,SELL_REBAL,5.32093806
2019-11-01,002817,SELL_REBAL,5.63782518
2019-11-01,300617,SELL_REBAL,15.74110404
2019-11-01,603535,SELL_REBAL,6.00338235
2019-11-01,603378,SELL_REBAL,7.398112
2019-11-01,603200,SELL_REBAL,12.40447362
2019-11-01,603089,BUY,8.58274964
2019-11-01,603238,BUY,11.15813595
2019-11-01,300580,BUY,6.24746162
2019-11-01,603040,BUY,11.1246255
2019-11-01,603277,BUY,4.99664864
2019-11-01,603036,BUY,10.12432746
2019-11-01,002896,BUY,9.45183736
2019-11-01,603809,BUY,2.40533522
2019-11-01,603985,BUY,6.2241252
2019-11-01,300669,BUY,11.3187206
2019-11-01,603938,BUY,6.56360182
2019-11-01,601086,BUY,3.64369404
2019-12-02,300652,SELL_REBAL,13.04231709
2019-12-02,603037,SELL_REBAL,5.149218
2019-12-02,603203,SELL_REBAL,9.39915
2019-12-02,603238,SELL_REBAL,10.42787525
2019-12-02,300580,SELL_REBAL,5.8809666
2019-12-02,603040,SELL_REBAL,11.64329775
2019-12-02,603277,SELL_REBAL,5.0548723
2019-12-02,603036,SELL_REBAL,9.10383822
2019-12-02,603985,SELL_REBAL,5.71652664
2019-12-02,300669,SELL_REBAL,11.9502372
2019-12-02,603709,BUY,11.22194865
2019-12-02,603928,BUY,5.826939
2019-12-02,603098,BUY,9.68715936
2019-12-02,603050,BUY,3.84379749
2019-12-02,603488,BUY,4.97405502
2019-12-02,002763,BUY,5.1132851
2019-12-02,002833,BUY,8.246496
2019-12-02,603330,BUY,4.57242955
2019-12-02,603527,BUY,6.24628433
2019-12-02,300619,BUY,9.636613
2020-01-02,603089,SELL_REBAL,9.75373993
2020-01-02,603578,SELL_REBAL,10.5090646
2020-01-02,603809,SELL_REBAL,2.47464584
2020-01-02,603269,SELL_REBAL,2.93608242
2020-01-02,601086,SELL_REBAL,3.87755432
2020-01-02,002896,SELL_REBAL,9.8121968
2020-01-02,603938,SELL_REBAL,8.04213145
2020-01-02,603928,SELL_REBAL,6.338074
2020-01-02,603098,SELL_REBAL,10.5878448
2020-01-02,603488,SELL_REBAL,5.48818524
2020-01-02,002763,SELL_REBAL,5.8437544
2020-01-02,002833,SELL_REBAL,10.25759
2020-01-02,603330,SELL_REBAL,5.53541625
2020-01-02,603527,SELL_REBAL,7.63080292
2020-01-02,300619,SELL_REBAL,10.5481845
2020-01-02,603535,BUY,5.5974597
2020-01-02,300660,BUY,6.54428499
2020-01-02,002882,BUY,9.41145096
2020-01-02,002887,BUY,8.64559
2020-01-02,002825,BUY,6.12640665
2020-01-02,300756,BUY,12.5442433
2020-01-02,600475,BUY,4.81312652
2020-01-02,603657,BUY,16.1261008
2020-01-02,603238,BUY,10.81157155
2020-01-02,300599,BUY,9.6660155
2020-01-02,603038,BUY,7.79253942
2020-01-02,300732,BUY,8.96149345
2020-01-02,603161,BUY,9.24710695
2020-01-02,603757,BUY,12.50130739
2020-01-02,300695,BUY,39.19346556
2020-02-03,603050,SELL_REBAL,4.15772587
2020-02-03,603657,SELL_REBAL,14.83861372
2020-02-03,603238,SELL_REBAL,13.59646405
2020-02-03,300599,SELL_REBAL,8.6398603
2020-02-03,603161,SELL_REBAL,7.8878291
2020-02-03,300720,BUY,6.78160449
2020-02-03,603665,BUY,12.27633253
2020-02-03,603269,BUY,2.60519724
2020-02-03,603615,BUY,7.48127682
2020-02-03,002802,BUY,8.83923831
2020-02-03,603040,BUY,9.9370449
2020-02-03,300501,BUY,6.5869069
2020-02-03,300722,BUY,7.17886608
2020-02-03,603086,BUY,4.835827
2020-03-02,300610,SELL_REBAL,7.25578364
2020-03-02,002887,SELL_REBAL,8.701368
2020-03-02,002882,SELL_REBAL,8.58310228
2020-03-02,300695,SELL_REBAL,44.9105343
2020-03-02,603757,SELL_REBAL,11.72245925
2020-03-02,603665,SELL_REBAL,13.99843797
2020-03-02,603615,SELL_REBAL,7.84532922
2020-03-02,002802,SELL_REBAL,9.86125966
2020-03-02,603040,SELL_REBAL,10.78480575
2020-03-02,300501,SELL_REBAL,9.035965
2020-03-02,603086,SELL_REBAL,5.14013026
2020-03-02,002825,BUY,5.43522231
2020-03-02,300756,BUY,11.07660237
2020-03-02,002871,BUY,7.48959816
2020-03-02,603277,BUY,5.16602656
2020-03-02,603926,BUY,7.14221584
2020-03-02,300652,BUY,13.78043007
2020-03-02,603908,BUY,14.25729743
2020-03-02,603488,BUY,5.1722739
2020-03-02,000880,BUY,4.14368
2020-03-02,603192,BUY,17.58520195
2020-03-02,603278,BUY,7.76494464
2020-04-01,603331,SELL_REBAL,11.43859486
2020-04-01,600475,SELL_REBAL,5.60255582
2020-04-01,300660,SELL_REBAL,5.74088418
2020-04-01,603500,SELL_REBAL,6.1449432
2020-04-01,002825,SELL_REBAL,6.47648703
2020-04-01,002871,SELL_REBAL,7.31722536
2020-04-01,603926,SELL_REBAL,7.76814804
2020-04-01,300652,SELL_REBAL,13.48100688
2020-04-01,603908,SELL_REBAL,13.61945498
2020-04-01,000880,SELL_REBAL,4.04797
2020-04-01,603192,SELL_REBAL,17.985664
2020-04-01,603278,SELL_REBAL,8.9854248
2020-04-01,603871,BUY,3.09019956
2020-04-01,603136,BUY,9.189616
2020-04-01,603506,BUY,11.37728022
2020-04-01,603332,BUY,11.41969444
2020-04-01,603629,BUY,8.11012761
2020-04-01,603685,BUY,11.6439268
2020-04-01,603661,BUY,22.26726192
2020-04-01,002802,BUY,9.35772719
2020-04-01,603848,BUY,10.63368042
2020-04-01,603757,BUY,11.30124546
2020-04-01,300522,BUY,5.7261464
2020-04-01,603076,BUY,13.50103572
2020-05-06,300722,SELL_REBAL,7.60774344
2020-05-06,603277,SELL_REBAL,4.87490826
2020-05-06,603488,SELL_REBAL,5.5129626
2020-05-06,603535,SELL_REBAL,5.00841405
2020-05-06,603136,SELL_REBAL,9.92905952
2020-05-06,603506,SELL_REBAL,12.72056152
2020-05-06,603332,SELL_REBAL,11.04624488
2020-05-06,603629,SELL_REBAL,8.2475874
2020-05-06,603685,SELL_REBAL,12.2528208
2020-05-06,603661,SELL_REBAL,22.48779408
2020-05-06,002802,SELL_REBAL,9.1732648
2020-05-06,300522,SELL_REBAL,6.4578996
2020-05-06,603076,SELL_REBAL,16.12393632
2020-05-06,300650,BUY,8.11914906
2020-05-06,002896,BUY,8.82663544
2020-05-06,002871,BUY,6.89060268
2020-05-06,300727,BUY,10.18943072
2020-05-06,002922,BUY,6.7833864
2020-05-06,300652,BUY,13.33477695
2020-05-06,603758,BUY,4.45330331
2020-05-06,002868,BUY,12.27309678
2020-05-06,601619,BUY,2.65123665
2020-05-06,603889,BUY,2.05362795
2020-05-06,300501,BUY,7.1477599
2020-05-06,300689,BUY,19.92410926
2020-05-06,300717,BUY,13.15359598
2020-05-06,603289,BUY,7.11558424
2020-06-01,603277,BUY_SKIP_LIMIT_UP,5.17661268
2020-06-01,603848,SELL_REBAL,12.5573613
2020-06-01,300650,SELL_REBAL,9.4463765
2020-06-01,002896,SELL_REBAL,9.49091248
2020-06-01,002871,SELL_REBAL,7.2208837
2020-06-01,300727,SELL_REBAL,10.48434912
2020-06-01,002922,SELL_REBAL,7.09025388
2020-06-01,300652,SELL_REBAL,13.09802373
2020-06-01,603758,SELL_REBAL,4.90094905
2020-06-01,002868,SELL_REBAL,13.09123998
2020-06-01,603889,SELL_REBAL,2.16749247
2020-06-01,300501,SELL_REBAL,7.33600508
2020-06-01,300689,SELL_REBAL,20.91419946
2020-06-01,300717,SELL_REBAL,13.78702296
2020-06-01,603289,SELL_REBAL,7.22053908
2020-06-01,300488,BUY,14.18177426
2020-06-01,300778,BUY,14.29533996
2020-06-01,603326,BUY,10.171632
2020-06-01,300172,BUY,3.51506448
2020-06-01,300610,BUY,7.26827208
2020-06-01,600475,BUY,5.49729858
2020-06-01,603767,BUY,6.0612981
2020-06-01,603086,BUY,4.8594164
2020-06-01,000880,BUY,4.34636
2020-06-01,300697,BUY,5.63342624
2020-06-01,603966,BUY,3.6756762
2020-06-01,603161,BUY,9.13997175
2020-06-01,002728,BUY,6.0662014
2020-07-01,603757,SELL_REBAL,12.72383543
2020-07-01,603269,SELL_REBAL,2.79760544
2020-07-01,601619,SELL_REBAL,2.5216974
2020-07-01,300488,SELL_REBAL,13.9147665
2020-07-01,300778,SELL_REBAL,16.78003272
2020-07-01,603326,SELL_REBAL,11.2230816
2020-07-01,300610,SELL_REBAL,7.7156948
2020-07-01,603767,SELL_REBAL,6.88704016
2020-07-01,000880,SELL_REBAL,4.7292
2020-07-01,603966,SELL_REBAL,4.02743446
2020-07-01,603161,SELL_REBAL,9.35424215
2020-07-01,603331,BUY,10.58300376
2020-07-01,300689,BUY,20.38421
2020-07-01,603217,BUY,15.37679703
2020-07-01,603967,BUY,8.75849712
2020-07-01,603136,BUY,10.44624256
2020-07-01,300746,BUY,10.83048264
2020-07-01,603617,BUY,6.7144598
2020-07-01,603332,BUY,11.4232384
2020-07-01,603059,BUY,24.87781992
2020-07-01,002763,BUY,4.87603775
2020-07-01,603928,BUY,5.6545848
2020-07-01,002889,BUY,8.18988027
2020-08-03,002802,BUY_SKIP_LIMIT_UP,13.72322295
2020-08-03,300697,SELL_REBAL,7.6605096
2020-08-03,300172,SELL_REBAL,3.85503678
2020-08-03,002728,SELL_REBAL,6.8083887
2020-08-03,600475,SELL_REBAL,6.45400678
2020-08-03,603331,SELL_REBAL,11.19492664
2020-08-03,300689,SELL_REBAL,25.99860384
2020-08-03,603217,SELL_REBAL,17.51758702
2020-08-03,603136,SELL_REBAL,12.5448944
2020-08-03,300746,SELL_REBAL,13.5036552
2020-08-03,603617,SELL_REBAL,8.0108159
2020-08-03,603059,SELL_REBAL,33.01826864
2020-08-03,002763,SELL_REBAL,5.47767225
2020-08-03,603928,SELL_REBAL,6.4720524
2020-08-03,603848,BUY,12.5612852
2020-08-03,000880,BUY,5.17397
2020-08-03,002687,BUY,3.45251276
2020-08-03,603683,BUY,8.0245673
2020-08-03,002088,BUY,5.2302878
2020-08-03,300660,BUY,7.9659965
2020-08-03,002790,BUY,6.09165454
2020-08-03,603192,BUY,20.25142818
2020-08-03,603365,BUY,12.09342988
2020-08-03,300732,BUY,9.18842685
2020-08-03,603657,BUY,17.28980582
2020-08-03,600666,BUY,0.93912018
2020-09-01,300697,BUY_SKIP_LIMIT_UP,8.38294506
2020-09-01,300756,SELL_REBAL,15.50591184
2020-09-01,603967,SELL_REBAL,9.34478996
2020-09-01,603332,SELL_REBAL,13.6332112
2020-09-01,603871,SELL_REBAL,5.528325
2020-09-01,603086,SELL_REBAL,6.366254
2020-09-01,002889,SELL_REBAL,9.74528126
2020-09-01,603848,SELL_REBAL,13.53172384
2020-09-01,002687,SELL_REBAL,3.57623762
2020-09-01,603683,SELL_REBAL,10.16637627
2020-09-01,300660,SELL_REBAL,8.5246508
2020-09-01,603192,SELL_REBAL,19.8382791
2020-09-01,603365,SELL_REBAL,12.51228293
2020-09-01,300732,SELL_REBAL,10.24935861
2020-09-01,603657,SELL_REBAL,17.9212273
2020-09-01,600666,SELL_REBAL,0.945423
2020-09-01,603269,BUY,3.25624992
2020-09-01,603897,BUY,14.64549374
2020-09-01,603013,BUY,13.73216944
2020-09-01,300727,BUY,12.90268
2020-09-01,603937,BUY,11.19606824
2020-09-01,603277,BUY,5.8624995
2020-09-01,002802,BUY,13.66189011
2020-09-01,002923,BUY,10.56202281
2020-09-01,300781,BUY,15.67935825
2020-09-01,603136,BUY,13.98103904
2020-09-01,002728,BUY,6.1520034
2020-09-01,002942,BUY,25.67072358
2020-09-01,300695,BUY,48.670488
2020-09-01,600248,BUY,3.75817536
2020-09-01,603681,BUY,19.39677873
2020-10-09,000880,SELL_REBAL,6.10560698
2020-10-09,002088,SELL_REBAL,5.65225325
2020-10-09,002790,SELL_REBAL,5.57600516
2020-10-09,603013,SELL_REBAL,11.64606236
2020-10-09,300727,SELL_REBAL,12.54140496
2020-10-09,603277,SELL_REBAL,6.15940325
2020-10-09,002802,SELL_REBAL,14.9188304
2020-10-09,300781,SELL_REBAL,15.857244
2020-10-09,603136,SELL_REBAL,11.21988
2020-10-09,300695,SELL_REBAL,49.7520544
2020-10-09,600248,SELL_REBAL,3.58418576
2020-10-09,603681,SELL_REBAL,16.55960973
2020-10-09,603365,BUY,10.8901793
2020-10-09,603992,BUY,14.20656027
2020-10-09,603037,BUY,5.34946396
2020-10-09,002911,BUY,5.72097649
2020-10-09,603685,BUY,12.93542224
2020-10-09,002953,BUY,9.13236675
2020-10-09,002907,BUY,16.27779516
2020-10-09,603192,BUY,18.3067782
2020-10-09,603928,BUY,6.4095708
2020-10-09,603506,BUY,14.6815704
2020-10-09,600408,BUY,1.76
2020-10-09,002921,BUY,14.90686446
2020-10-09,000779,BUY,10.13184172
2020-11-02,002728,SELL_REBAL,5.6028706
2020-11-02,603897,SELL_REBAL,15.02641856
2020-11-02,603269,SELL_REBAL,2.98489576
2020-11-02,002942,SELL_REBAL,22.1192748
2020-11-02,300720,SELL_REBAL,17.9470725
2020-11-02,603365,SELL_REBAL,10.2809385
2020-11-02,603992,SELL_REBAL,15.9062575
2020-11-02,603037,SELL_REBAL,5.67677974
2020-11-02,002911,SELL_REBAL,5.64630868
2020-11-02,002907,SELL_REBAL,15.31166703
2020-11-02,600408,SELL_REBAL,1.82
2020-11-02,002921,SELL_REBAL,16.99567904
2020-11-02,000779,SELL_REBAL,9.50212614
2020-11-02,603967,BUY,7.99272688
2020-11-02,603086,BUY,5.53529032
2020-11-02,600248,BUY,3.44499408
2020-11-02,002892,BUY,4.5414621
2020-11-02,603711,BUY,21.3412389
2020-11-02,002951,BUY,11.96994773
2020-11-02,603289,BUY,7.57976988
2020-11-02,603823,BUY,9.9995786
2020-11-02,603278,BUY,7.93568325
2020-11-02,002817,BUY,6.53620968
2020-11-02,603706,BUY,12.761364
2020-11-02,601019,BUY,4.70362455
2020-11-02,603889,BUY,2.09456
2020-12-01,603928,SELL_REBAL,6.8365284
2020-12-01,603685,SELL_REBAL,12.12217454
2020-12-01,603937,SELL_REBAL,10.61952652
2020-12-01,002953,SELL_REBAL,8.8460983
2020-12-01,603967,SELL_REBAL,8.74653196
2020-12-01,603086,SELL_REBAL,5.9976814
2020-12-01,600248,SELL_REBAL,3.60158472
2020-12-01,603711,SELL_REBAL,20.59933317
2020-12-01,603289,SELL_REBAL,7.93900068
2020-12-01,603823,SELL_REBAL,10.83346572
2020-12-01,603278,SELL_REBAL,8.4948105
2020-12-01,002817,SELL_REBAL,6.96916374
2020-12-01,601019,SELL_REBAL,4.87188429
2020-12-01,603269,BUY,2.99659206
2020-12-01,603992,BUY,15.19729288
2020-12-01,000779,BUY,9.59611354
2020-12-01,603327,BUY,8.9477088
2020-12-01,603810,BUY,18.2058573
2020-12-01,600666,BUY,0.89500044
2020-12-01,603217,BUY,16.2655323
2020-12-01,603871,BUY,3.960291
2020-12-01,300533,BUY,12.00906748
2020-12-01,002900,BUY,9.43344891
2020-12-01,603848,BUY,12.95127456
2020-12-01,600561,BUY,5.03056008
2020-12-01,002566,BUY,6.65537022
2021-01-04,002923,SELL_REBAL,8.32571469
2021-01-04,002951,SELL_REBAL,11.38776899
2021-01-04,603706,SELL_REBAL,12.28281285
2021-01-04,603506,SELL_REBAL,12.6660824
2021-01-04,603889,SELL_REBAL,2.0107776
2021-01-04,002892,SELL_REBAL,4.72270866
2021-01-04,603992,SELL_REBAL,16.24256123
2021-01-04,000779,SELL_REBAL,9.04158788
2021-01-04,603327,SELL_REBAL,7.15816704
2021-01-04,603810,SELL_REBAL,16.80905782
2021-01-04,603871,SELL_REBAL,3.605138
2021-01-04,300533,SELL_REBAL,10.12729314
2021-01-04,002900,SELL_REBAL,8.73363816
2021-01-04,603848,SELL_REBAL,11.43666472
2021-01-04,600561,SELL_REBAL,4.46162769
2021-01-04,002566,SELL_REBAL,6.25944168
2021-01-04,002942,BUY,19.79743788
2021-01-04,300660,BUY,7.62666574
2021-01-04,603657,BUY,16.31481677
2021-01-04,002728,BUY,5.0880586
2021-01-04,002825,BUY,6.58994187
2021-01-04,300564,BUY,12.62507008
2021-01-04,002889,BUY,8.5778407
2021-01-04,603897,BUY,13.11678048
2021-01-04,603709,BUY,10.0853076
2021-01-04,002790,BUY,5.04287614
2021-01-04,603928,BUY,5.9826132
2021-01-04,300746,BUY,11.07850896
2021-01-04,603059,BUY,21.43524698
2021-01-04,603967,BUY,8.11836106
2021-01-04,603790,BUY,10.94167984
2021-01-04,300811,BUY,11.5675208
2021-02-01,600666,SELL_REBAL,0.65549328
2021-02-01,002942,SELL_REBAL,18.38922318
2021-02-01,002728,SELL_REBAL,4.3544515
2021-02-01,002825,SELL_REBAL,6.31213506
2021-02-01,300564,SELL_REBAL,12.28056576
2021-02-01,603709,SELL_REBAL,11.8819776
2021-02-01,002790,SELL_REBAL,5.3312902
2021-02-01,603928,SELL_REBAL,5.6545848
2021-02-01,603059,SELL_REBAL,22.68103995
2021-02-01,300811,SELL_REBAL,9.433406
2021-02-01,603086,BUY,4.85175568
2021-02-01,603992,BUY,14.92461418
2021-02-01,300756,BUY,9.79559064
2021-02-01,300796,BUY,6.49469683
2021-02-01,600561,BUY,3.67310736
2021-02-01,300765,BUY,5.82245216
2021-02-01,002763,BUY,4.77809725
2021-02-01,603871,BUY,3.27176325
2021-02-01,000880,BUY,5.16888724
2021-02-01,002566,BUY,5.42045025
2021-03-01,603897,SELL_REBAL,12.5711696
2021-03-01,002889,SELL_REBAL,8.68817807
2021-03-01,300746,SELL_REBAL,9.83837736
2021-03-01,300660,SELL_REBAL,7.83357474
2021-03-01,603086,SELL_REBAL,5.10640584
2021-03-01,300756,SELL_REBAL,11.89356768
2021-03-01,300765,SELL_REBAL,6.4157352
2021-03-01,603871,SELL_REBAL,3.69392625
2021-03-01,000880,SELL_REBAL,5.50181775
2021-03-01,002942,BUY,18.7189515
2021-03-01,002728,BUY,4.6204377
2021-03-01,002871,BUY,5.88302672
2021-03-01,603088,BUY,3.0563176
2021-03-01,300817,BUY,9.915145
2021-03-01,002802,BUY,11.10647
2021-03-01,603115,BUY,11.56374248
2021-03-01,688128,BUY,14.23845864
2021-03-01,002892,BUY,4.28606922
2021-04-01,603217,SELL_REBAL,13.8620344
2021-04-01,603657,SELL_REBAL,17.80051437
2021-04-01,603790,SELL_REBAL,10.1029448
2021-04-01,002763,SELL_REBAL,5.07191875
2021-04-01,600561,SELL_REBAL,4.17217086
2021-04-01,300796,SELL_REBAL,8.37319904
2021-04-01,002566,SELL_REBAL,6.64594335
2021-04-01,002942,SELL_REBAL,19.00746378
2021-04-01,002728,SELL_REBAL,4.762011
2021-04-01,002871,SELL_REBAL,5.86087677
2021-04-01,300817,SELL_REBAL,9.328374
2021-04-01,002802,SELL_REBAL,12.65621
2021-04-01,603115,SELL_REBAL,12.00297303
2021-04-01,603327,BUY,6.2015624
2021-04-01,002889,BUY,8.5778407
2021-04-01,300818,BUY,9.439459
2021-04-01,300660,BUY,7.70942934
2021-04-01,603037,BUY,5.25358358
2021-04-01,603889,BUY,2.14064032
2021-04-01,002976,BUY,15.26779356
2021-04-01,002790,BUY,4.79816118
2021-04-01,603871,BUY,3.66042125
2021-04-01,603086,BUY,5.10640584
2021-04-01,688310,BUY,12.38923413
2021-04-01,603926,BUY,7.84706734
2021-04-01,300532,BUY,3.653933
2021-05-06,603269,SELL_REBAL,2.43049114
2021-05-06,603088,SELL_REBAL,3.4874462
2021-05-06,603327,SELL_REBAL,5.42680722
2021-05-06,300818,SELL_REBAL,10.00582654
2021-05-06,300660,SELL_REBAL,7.9659965
2021-05-06,002976,SELL_REBAL,14.30998848
2021-05-06,002790,SELL_REBAL,4.66706388
2021-05-06,603871,SELL_REBAL,3.73413225
2021-05-06,688310,SELL_REBAL,12.77419707
2021-05-06,603926,SELL_REBAL,9.20443441
2021-05-06,300532,SELL_REBAL,3.2484098
2021-05-06,688398,BUY,17.5870156
2021-05-06,688178,BUY,25.9556804
2021-05-06,603013,BUY,11.1286421
2021-05-06,603530,BUY,16.76492356
2021-05-06,002825,BUY,6.64810596
2021-05-06,300371,BUY,9.21050676
2021-05-06,002871,BUY,6.19312602
2021-05-06,002963,BUY,15.3087948
2021-05-06,000785,BUY,6.31627962
2021-05-06,002972,BUY,10.75380908
2021-05-06,688001,BUY,33.107016
2021-06-01,603086,SELL_REBAL,4.70432664
2021-06-01,688128,SELL_REBAL,14.720211
2021-06-01,603037,SELL_REBAL,5.28664578
2021-06-01,603889,SELL_REBAL,2.3133281
2021-06-01,002889,SELL_REBAL,9.88409279
2021-06-01,688398,SELL_REBAL,18.3771896
2021-06-01,603013,SELL_REBAL,11.55571914
2021-06-01,603530,SELL_REBAL,16.7363118
2021-06-01,002825,SELL_REBAL,6.545252
2021-06-01,300371,SELL_REBAL,9.40514976
2021-06-01,002871,SELL_REBAL,6.63185724
2021-06-01,000785,SELL_REBAL,6.59051585
2021-06-01,688358,BUY,32.98037904
2021-06-01,002951,BUY,9.70520565
2021-06-01,300564,BUY,11.28758272
2021-06-01,002953,BUY,8.2735614
2021-06-01,603551,BUY,9.04739784
2021-06-01,002761,BUY,7.41667608
2021-06-01,603115,BUY,12.01198832
2021-06-01,000779,BUY,8.86301182
2021-06-01,688466,BUY,16.76339805
2021-06-01,688310,BUY,15.469866
2021-06-01,603829,BUY,10.14091935
2021-06-01,603050,BUY,4.90848345
2021-07-01,002892,SELL_REBAL,6.802416
2021-07-01,603967,SELL_REBAL,7.16485714
2021-07-01,688178,SELL_REBAL,25.48196456
2021-07-01,603992,SELL_REBAL,16.9201248
2021-07-01,688001,SELL_REBAL,36.1573914
2021-07-01,002963,SELL_REBAL,15.6631725
2021-07-01,002953,SELL_REBAL,8.33034483
2021-07-01,002761,SELL_REBAL,7.82871364
2021-07-01,603115,SELL_REBAL,11.55902228
2021-07-01,688466,SELL_REBAL,16.77861675
2021-07-01,688310,SELL_REBAL,14.801415
2021-07-01,603829,SELL_REBAL,9.94095756
2021-07-01,603050,SELL_REBAL,4.82197378
2021-07-01,603327,BUY,5.42680722
2021-07-01,300789,BUY,13.42355652
2021-07-01,603037,BUY,5.45195678
2021-07-01,603706,BUY,10.6090882
2021-07-01,688360,BUY,9.15551166
2021-07-01,688090,BUY,13.96955392
2021-07-01,603687,BUY,7.5821796
2021-07-01,300796,BUY,6.99413674
2021-07-01,688398,BUY,18.445563
2021-07-01,300817,BUY,10.8195028
2021-07-01,603221,BUY,10.00377057
2021-07-01,603095,BUY,9.8425918
2021-07-01,002942,BUY,15.75139662
2021-08-02,688358,SELL_REBAL,30.7749197
2021-08-02,603192,SELL_REBAL,16.7781969
2021-08-02,300564,SELL_REBAL,11.00828844
2021-08-02,000779,SELL_REBAL,8.1837156
2021-08-02,603037,SELL_REBAL,5.2382239
2021-08-02,603706,SELL_REBAL,10.26073008
2021-08-02,688090,SELL_REBAL,19.16255232
2021-08-02,300796,SELL_REBAL,7.09987117
2021-08-02,688398,SELL_REBAL,20.7000207
2021-08-02,300817,SELL_REBAL,12.7767737
2021-08-02,603095,SELL_REBAL,9.48076348
2021-08-02,002942,SELL_REBAL,14.30881032
2021-08-02,603408,BUY,11.25342938
2021-08-02,605118,BUY,12.41081208
2021-08-02,002825,BUY,6.25071566
2021-08-02,603086,BUY,4.19302072
2021-08-02,603682,BUY,4.58014843
2021-08-02,002981,BUY,15.08082848
2021-08-02,300826,BUY,10.49068584
2021-08-02,002889,BUY,8.02178632
2021-08-02,603790,BUY,9.40080147
2021-08-02,603871,BUY,3.73785003
2021-08-02,688466,BUY,16.08937324
2021-08-02,688178,BUY,25.906335
2021-09-01,603327,SELL_REBAL,6.12283805
2021-09-01,300789,SELL_REBAL,13.2053328
2021-09-01,603221,SELL_REBAL,9.24499582
2021-09-01,603551,SELL_REBAL,7.69451592
2021-09-01,002951,SELL_REBAL,8.64076374
2021-09-01,002972,SELL_REBAL,11.74104855
2021-09-01,688360,SELL_REBAL,10.0219968
2021-09-01,603687,SELL_REBAL,8.70582735
2021-09-01,002825,SELL_REBAL,7.19510202
2021-09-01,603086,SELL_REBAL,4.09204201
2021-09-01,002981,SELL_REBAL,14.88131022
2021-09-01,300826,SELL_REBAL,10.8101412
2021-09-01,002889,SELL_REBAL,8.766002
2021-09-01,002980,BUY,19.95330271
2021-09-01,603967,BUY,7.16485714
2021-09-01,002871,BUY,6.70466206
2021-09-01,688358,BUY,29.49711214
2021-09-01,605318,BUY,13.17460001
2021-09-01,688096,BUY,7.68145152
2021-09-01,002761,BUY,7.38604032
2021-09-01,605100,BUY,13.7396182
2021-09-01,300564,BUY,12.11740978
2021-09-01,300878,BUY,23.47512885
2021-09-01,605188,BUY,7.82609889
2021-09-01,002953,BUY,7.69435395
2021-09-01,002718,BUY,12.0866408
2021-10-08,688466,SELL_REBAL,18.5470479
2021-10-08,605118,SELL_REBAL,12.30862725
2021-10-08,603790,SELL_REBAL,9.87228486
2021-10-08,002980,SELL_REBAL,21.2160077
2021-10-08,603967,SELL_REBAL,7.73829235
2021-10-08,002871,SELL_REBAL,6.41344278
2021-10-08,002761,SELL_REBAL,7.20331276
2021-10-08,605100,SELL_REBAL,13.2774047
2021-10-08,300878,SELL_REBAL,22.52176975
2021-10-08,605188,SELL_REBAL,7.6376377
2021-10-08,002953,SELL_REBAL,8.67673272
2021-10-08,002718,SELL_REBAL,12.21036232
2021-10-08,688069,BUY,17.49790425
2021-10-08,603269,BUY,2.9747952
2021-10-08,003005,BUY,15.81708816
2021-10-08,603551,BUY,7.34924918
2021-10-08,605003,BUY,20.3808545
2021-10-08,603992,BUY,17.26956216
2021-10-08,002972,BUY,11.1518253
2021-10-08,605088,BUY,11.73650346
2021-10-08,603037,BUY,5.73595815
2021-10-08,002787,BUY,5.69394432
2021-10-08,000779,BUY,8.2221368
2021-10-08,300856,BUY,8.9804064
2021-11-01,603871,SELL_REBAL,3.77416187
2021-11-01,603551,SELL_REBAL,6.84191846
2021-11-01,603992,SELL_REBAL,17.3339322
2021-11-01,605088,SELL_REBAL,12.06698339
2021-11-01,603037,SELL_REBAL,6.39502695
2021-11-01,002787,SELL_REBAL,5.34795812
2021-11-01,000779,SELL_REBAL,7.9435831
2021-11-01,300856,SELL_REBAL,11.36417604
2021-11-01,605118,BUY,12.21573195
2021-11-01,603327,BUY,5.0248215
2021-11-01,300878,BUY,21.25776555
2021-11-01,300897,BUY,10.05331728
2021-11-01,688569,BUY,16.80622784
2021-11-01,002871,BUY,6.1884097
2021-11-01,002995,BUY,12.08860576
2021-11-01,003013,BUY,16.5760371
2021-12-01,603682,SELL_REBAL,4.55600002
2021-12-01,003005,SELL_REBAL,14.8440344
2021-12-01,605118,SELL_REBAL,15.6993057
2021-12-01,603327,SELL_REBAL,5.92184519
2021-12-01,300878,SELL_REBAL,23.0198731
2021-12-01,300897,SELL_REBAL,11.14050808
2021-12-01,002995,SELL_REBAL,15.4762384
2021-12-01,003018,BUY,8.4499089
2021-12-01,000779,BUY,8.2509527
2021-12-01,605100,BUY,11.59299218
2021-12-01,603332,BUY,8.417206
2021-12-01,605266,BUY,31.3370748
2021-12-01,603551,BUY,7.29992536
2021-12-01,603950,BUY,12.22106069
2022-01-04,605318,SELL_REBAL,14.42976656
2022-01-04,300564,SELL_REBAL,11.8686349
2022-01-04,002972,SELL_REBAL,11.97673785
2022-01-04,603408,SELL_REBAL,11.3812185
2022-01-04,688569,SELL_REBAL,18.72109672
2022-01-04,605003,SELL_REBAL,25.61523255
2022-01-04,003013,SELL_REBAL,17.85651404
2022-01-04,688358,SELL_REBAL,28.52294202
2022-01-04,688178,SELL_REBAL,24.18911508
2022-01-04,000779,SELL_REBAL,8.7216124
2022-01-04,603332,SELL_REBAL,8.773436
2022-01-04,605266,SELL_REBAL,34.0472862
2022-01-04,603551,SELL_REBAL,7.26469406
2022-01-04,603950,SELL_REBAL,12.09112216
2022-01-04,300897,BUY,11.06056758
2022-01-04,300822,BUY,11.39669275
2022-01-04,605500,BUY,7.97590716
2022-01-04,603095,BUY,11.0702236
2022-01-04,688577,BUY,18.99835
2022-01-04,003005,BUY,15.66815136
2022-01-04,002761,BUY,7.4052748
2022-01-04,300796,BUY,6.91581494
2022-01-04,605155,BUY,10.58143036
2022-01-04,300817,BUY,11.4944238
2022-01-04,002981,BUY,15.3766659
2022-01-04,688679,BUY,12.62148237
2022-01-04,002980,BUY,19.84433832
2022-01-04,603992,BUY,18.18913416
2022-02-07,300564,BUY_SKIP_LIMIT_UP,12.57349706
2022-02-07,002871,SELL_REBAL,6.77746688
2022-02-07,603095,SELL_REBAL,11.86279992
2022-02-07,688577,SELL_REBAL,18.066818
2022-02-07,003005,SELL_REBAL,16.8546812
2022-02-07,002761,SELL_REBAL,8.28044364
2022-02-07,300796,SELL_REBAL,6.62210819
2022-02-07,002981,SELL_REBAL,14.04883748
2022-02-07,688679,SELL_REBAL,11.79686592
2022-02-07,002980,SELL_REBAL,18.68418805
2022-02-07,603950,BUY,11.24994115
2022-02-07,605368,BUY,7.08920184
2022-02-07,300864,BUY,19.88157978
2022-02-07,688358,BUY,25.36005202
2022-02-07,002889,BUY,9.22040292
2022-02-07,300938,BUY,8.5421946
2022-02-07,603408,BUY,10.382866
2022-02-07,688569,BUY,17.54986624
2022-03-01,688096,SELL_REBAL,7.19466752
2022-03-01,605100,SELL_REBAL,13.0933159
2022-03-01,605368,SELL_REBAL,7.40734104
2022-03-01,300864,SELL_REBAL,20.61645336
2022-03-01,002889,SELL_REBAL,9.928839
2022-03-01,300938,SELL_REBAL,8.84560032
2022-03-01,603408,SELL_REBAL,10.91798294
2022-03-01,688569,SELL_REBAL,17.83802612
2022-03-01,603327,BUY,5.47891648
2022-03-01,605298,BUY,10.43402958
2022-03-01,688577,BUY,17.3349
2022-03-01,605158,BUY,6.82004158
2022-03-01,003036,BUY,10.88199761
2022-03-01,003010,BUY,6.6073916
2022-03-01,688466,BUY,15.26506
2022-03-01,603682,BUY,4.829682
2022-03-01,300885,BUY,10.84082336
2022-04-01,300822,SELL_REBAL,9.1990795
2022-04-01,605155,SELL_REBAL,9.58202042
2022-04-01,603950,SELL_REBAL,10.91483652
2022-04-01,003018,SELL_REBAL,8.10105945
2022-04-01,603269,SELL_REBAL,3.14880165
2022-04-01,688069,SELL_REBAL,14.4161838
2022-04-01,605298,SELL_REBAL,9.73954774
2022-04-01,003036,SELL_REBAL,10.26866555
2022-04-01,003010,SELL_REBAL,6.28405116
2022-04-01,688466,SELL_REBAL,13.47141545
2022-04-01,603682,SELL_REBAL,5.26435338
2022-04-01,300885,SELL_REBAL,12.26101856
2022-04-01,603697,BUY,7.9711932
2022-04-01,300932,BUY,7.24485105
2022-04-01,688616,BUY,8.47351488
2022-04-01,603095,BUY,10.8548496
2022-04-01,605118,BUY,12.39223302
2022-04-01,300926,BUY,6.86493135
2022-04-01,605255,BUY,13.72221072
2022-04-01,605208,BUY,9.71791461
2022-04-01,300789,BUY,12.50030232
2022-04-01,605389,BUY,20.19120418
2022-04-01,605099,BUY,24.04423728
2022-04-01,605100,BUY,10.2169284
2022-05-05,605158,SELL_REBAL,5.47071976
2022-05-05,300817,SELL_REBAL,7.7979334
2022-05-05,605500,SELL_REBAL,6.44730112
2022-05-05,603327,SELL_REBAL,5.36353169
2022-05-05,688577,SELL_REBAL,12.29202
2022-05-05,603697,SELL_REBAL,6.857866
2022-05-05,300932,SELL_REBAL,5.53028013
2022-05-05,603095,SELL_REBAL,8.830334
2022-05-05,300926,SELL_REBAL,7.30026846
2022-05-05,605255,SELL_REBAL,12.0781172
2022-05-05,605208,SELL_REBAL,8.7333291
2022-05-05,300789,SELL_REBAL,10.36842444
2022-05-05,605100,SELL_REBAL,8.5831403
2022-05-05,605298,BUY,9.00026062
2022-05-05,688129,BUY,12.4644379
2022-05-05,605058,BUY,15.75237988
2022-05-05,688466,BUY,11.27324681
2022-05-05,688215,BUY,11.75300062
2022-05-05,300983,BUY,25.07707918
2022-05-05,300876,BUY,14.90382664
2022-05-05,003036,BUY,8.84685032
2022-05-05,003033,BUY,20.4711507
2022-05-05,688096,BUY,5.8170688
2022-05-05,688335,BUY,11.95804962
2022-05-05,688611,BUY,18.14102667
2022-05-05,605228,BUY,6.69350283
2022-06-01,300897,SELL_REBAL,9.32529156
2022-06-01,605099,SELL_REBAL,23.91872672
2022-06-01,605058,SELL_REBAL,16.9103728
2022-06-01,300876,SELL_REBAL,16.0709223
2022-06-01,003036,SELL_REBAL,9.6381014
2022-06-01,688335,SELL_REBAL,12.85332873
2022-06-01,688611,SELL_REBAL,21.3198063
2022-06-01,605228,SELL_REBAL,7.58012402
2022-06-01,688618,BUY,17.8540655
2022-06-01,301000,BUY,10.6926323
2022-06-01,003018,BUY,7.07995512
2022-06-01,605100,BUY,9.21364444
2022-06-01,603408,BUY,9.29665848
2022-06-01,301005,BUY,11.8912773
2022-06-01,688360,BUY,9.01308096
2022-06-01,605500,BUY,6.80645784
2022-07-01,605389,SELL_REBAL,19.55246832
2022-07-01,300983,SELL_REBAL,27.5023892
2022-07-01,605298,SELL_REBAL,10.280379
2022-07-01,605118,SELL_REBAL,12.96583245
2022-07-01,688096,SELL_REBAL,6.56671616
2022-07-01,688215,SELL_REBAL,13.13364
2022-07-01,003033,SELL_REBAL,25.12353366
2022-07-01,688616,SELL_REBAL,8.44215116
2022-07-01,603992,SELL_REBAL,15.345455
2022-07-01,301000,SELL_REBAL,11.288952
2022-07-01,605100,SELL_REBAL,9.62699229
2022-07-01,603408,SELL_REBAL,9.61893516
2022-07-01,301005,SELL_REBAL,12.8320643
2022-07-01,688611,BUY,20.86948938
2022-07-01,300897,BUY,9.52509584
2022-07-01,688577,BUY,14.2752995
2022-07-01,605259,BUY,12.82201125
2022-07-01,300789,BUY,11.28048768
2022-07-01,301016,BUY,6.82460065
2022-07-01,300822,BUY,8.4548016
2022-07-01,300876,BUY,15.63581436
2022-07-01,603950,BUY,10.00208315
2022-07-01,688093,BUY,17.418174
2022-07-01,688092,BUY,17.4856221
2022-07-01,003008,BUY,16.67333102
2022-07-01,301008,BUY,18.48343243
2022-08-01,688358,SELL_REBAL,30.77932104
2022-08-01,688466,SELL_REBAL,12.79554
2022-08-01,688360,SELL_REBAL,10.56863808
2022-08-01,301016,SELL_REBAL,7.60823404
2022-08-01,300876,SELL_REBAL,17.57976435
2022-08-01,603950,SELL_REBAL,11.01289438
2022-08-01,688093,SELL_REBAL,18.72912078
2022-08-01,688092,SELL_REBAL,19.625328
2022-08-01,003008,SELL_REBAL,17.11759418
2022-08-01,301008,SELL_REBAL,19.22469151
2022-08-01,688511,BUY,20.87062488
2022-08-01,603095,BUY,9.843218
2022-08-01,002972,BUY,11.17790016
2022-08-01,688398,BUY,13.89115688
2022-08-01,003013,BUY,14.41335152
2022-08-01,605058,BUY,19.33172219
2022-08-01,300905,BUY,17.42782608
2022-08-01,605289,BUY,12.76813551
2022-08-01,300983,BUY,25.34043668
2022-08-01,605155,BUY,9.9105864
2022-09-01,605259,SELL_REBAL,14.4484375
2022-09-01,688618,SELL_REBAL,22.43784636
2022-09-01,300789,SELL_REBAL,12.43386285
2022-09-01,688577,SELL_REBAL,14.69516125
2022-09-01,003018,SELL_REBAL,7.31439072
2022-09-01,688511,SELL_REBAL,17.9633594
2022-09-01,603095,SELL_REBAL,9.76268258
2022-09-01,688398,SELL_REBAL,14.103871
2022-09-01,003013,SELL_REBAL,14.17971864
2022-09-01,300905,SELL_REBAL,17.09559628
2022-09-01,605289,SELL_REBAL,15.22707915
2022-09-01,300983,SELL_REBAL,22.95052318
2022-09-01,605155,SELL_REBAL,9.41304
2022-09-01,688310,BUY,9.79478678
2022-09-01,605003,BUY,17.6420676
2022-09-01,605298,BUY,10.22823215
2022-09-01,605180,BUY,11.95773521
2022-09-01,688616,BUY,8.75454123
2022-09-01,301053,BUY,15.69956256
2022-09-01,300851,BUY,21.23389542
2022-09-01,301008,BUY,17.72844633
2022-09-01,300826,BUY,9.67793338
2022-09-01,300989,BUY,9.842614
2022-09-01,603037,BUY,5.693888
2022-09-01,605086,BUY,12.79569039
2022-09-01,688215,BUY,13.63271832
2022-10-10,002972,SELL_REBAL,9.52545944
2022-10-10,300822,SELL_REBAL,9.310347
2022-10-10,688129,SELL_REBAL,12.03616336
2022-10-10,605003,SELL_REBAL,16.4342082
2022-10-10,605298,SELL_REBAL,9.20019425
2022-10-10,688616,SELL_REBAL,7.42878825
2022-10-10,300851,SELL_REBAL,18.64393988
2022-10-10,603037,SELL_REBAL,5.18855544
2022-10-10,605086,SELL_REBAL,11.40559154
2022-10-10,688215,SELL_REBAL,12.13548336
2022-10-10,688577,BUY,12.76168025
2022-10-10,001210,BUY,8.65070493
2022-10-10,688096,BUY,5.61445941
2022-10-10,605378,BUY,9.26657056
2022-10-10,605155,BUY,8.270028
2022-10-10,605488,BUY,8.63010324
2022-10-10,688656,BUY,28.3190944
2022-10-10,605580,BUY,7.13607228
2022-10-10,688679,BUY,11.53857096
2022-10-10,300984,BUY,11.98010268
2022-11-01,688310,SELL_REBAL,10.26074294
2022-11-01,301008,SELL_REBAL,16.25965519
2022-11-01,605058,SELL_REBAL,19.01404285
2022-11-01,688611,SELL_REBAL,19.52619063
2022-11-01,688577,SELL_REBAL,18.18812875
2022-11-01,001210,SELL_REBAL,9.12631827
2022-11-01,605378,SELL_REBAL,10.78129844
2022-11-01,688656,SELL_REBAL,36.37839832
2022-11-01,688679,SELL_REBAL,11.49932412
2022-11-01,300984,SELL_REBAL,11.49469334
2022-11-01,605118,BUY,12.70332825
2022-11-01,688051,BUY,25.4
2022-11-01,300915,BUY,24.10960888
2022-11-01,688257,BUY,8.39940948
2022-11-01,300564,BUY,10.20064837
2022-11-01,603511,BUY,12.82018644
2022-11-01,688117,BUY,8.60215932
2022-11-01,300977,BUY,12.80636987
2022-11-01,605189,BUY,11.71623816
2022-11-01,688360,BUY,8.94621312
2022-12-01,300989,SELL_REBAL,11.0512666
2022-12-01,605180,SELL_REBAL,12.61254585
2022-12-01,605500,SELL_REBAL,6.90287346
2022-12-01,301053,SELL_REBAL,15.55963776
2022-12-01,688096,SELL_REBAL,6.61292002
2022-12-01,605155,SELL_REBAL,9.4264872
2022-12-01,605488,SELL_REBAL,9.84822786
2022-12-01,605580,SELL_REBAL,8.00570116
2022-12-01,300826,SELL_REBAL,9.54204976
2022-12-01,605118,SELL_REBAL,12.66582765
2022-12-01,300915,SELL_REBAL,26.61820148
2022-12-01,688257,SELL_REBAL,10.60559136
2022-12-01,300564,SELL_REBAL,11.08544189
2022-12-01,603511,SELL_REBAL,13.7906388
2022-12-01,688117,SELL_REBAL,8.81845434
2022-12-01,300977,SELL_REBAL,13.3467505
2022-12-01,688360,SELL_REBAL,8.98844544
2022-12-01,688611,BUY,17.66706516
2022-12-01,300818,BUY,11.28357
2022-12-01,301061,BUY,12.80604
2022-12-01,603095,BUY,10.99755902
2022-12-01,605389,BUY,17.75872945
2022-12-01,603408,BUY,9.73462682
2022-12-01,300823,BUY,11.52884044
2022-12-01,301056,BUY,7.31253045
2022-12-01,300789,BUY,10.9327359
2022-12-01,688092,BUY,17.28800595
2022-12-01,688633,BUY,22.85277874
2022-12-01,301023,BUY,21.51078201
2022-12-01,605228,BUY,8.2599804
2022-12-01,001207,BUY,9.46460944
2022-12-01,688129,BUY,13.54911584
2022-12-01,605033,BUY,17.88691198
2022-12-01,688215,BUY,13.93041416
2023-01-03,688051,SELL_REBAL,37.16
2023-01-03,605189,SELL_REBAL,11.56232016
2023-01-03,688611,SELL_REBAL,16.14107778
2023-01-03,605389,SELL_REBAL,19.02363694
2023-01-03,603408,SELL_REBAL,9.01568579
2023-01-03,300823,SELL_REBAL,10.72615868
2023-01-03,301056,SELL_REBAL,6.95363325
2023-01-03,300789,SELL_REBAL,10.28696808
2023-01-03,688092,SELL_REBAL,16.4225835
2023-01-03,688633,SELL_REBAL,22.3825767
2023-01-03,301023,SELL_REBAL,20.04327945
2023-01-03,605228,SELL_REBAL,8.29931364
2023-01-03,001207,SELL_REBAL,9.03499168
2023-01-03,688129,SELL_REBAL,13.02873728
2023-01-03,605033,SELL_REBAL,16.72455089
2023-01-03,688215,SELL_REBAL,14.21935424
2023-01-03,605580,BUY,7.79468827
2023-01-03,301119,BUY,14.22388896
2023-01-03,688616,BUY,8.34310065
2023-01-03,605118,BUY,12.1126938
2023-01-03,605298,BUY,9.8036078
2023-01-03,300984,BUY,10.57391686
2023-01-03,301186,BUY,18.85124352
2023-01-03,300923,BUY,18.68369096
2023-01-03,300977,BUY,12.46781815
2023-01-03,688577,BUY,15.7007125
2023-01-03,603037,BUY,5.74370952
2023-01-03,300926,BUY,8.08786665
2023-01-03,605005,BUY,14.66162925
2023-01-03,300913,BUY,9.86911675
2023-01-03,688096,BUY,6.19647665
2023-01-03,605277,BUY,7.66816984
2023-02-01,603095,SELL_REBAL,11.14968148
2023-02-01,301061,SELL_REBAL,13.72807488
2023-02-01,605580,SELL_REBAL,8.11440477
2023-02-01,301119,SELL_REBAL,16.2619072
2023-02-01,605118,SELL_REBAL,13.17208575
2023-02-01,301186,SELL_REBAL,21.43787248
2023-02-01,603037,SELL_REBAL,6.28462888
2023-02-01,300926,SELL_REBAL,10.84994235
2023-02-01,605005,SELL_REBAL,15.7600575
2023-02-01,300913,SELL_REBAL,10.54080589
2023-02-01,605277,SELL_REBAL,8.28609977
2023-02-01,301106,BUY,14.93058094
2023-02-01,605155,BUY,9.850074
2023-02-01,688215,BUY,15.1912436
2023-02-01,605500,BUY,7.14251034
2023-02-01,301053,BUY,15.64359264
2023-02-01,300960,BUY,12.14474338
2023-02-01,605033,BUY,17.81006166
2023-02-01,301056,BUY,7.42917204
2023-02-01,301008,BUY,17.7078558
2023-02-01,300826,BUY,9.50430431
2023-02-01,002889,BUY,8.830192
2023-03-01,300897,SELL_REBAL,9.84609288
2023-03-01,300984,SELL_REBAL,11.73990012
2023-03-01,300818,SELL_REBAL,11.89416825
2023-03-01,688096,SELL_REBAL,6.67814609
2023-03-01,300977,SELL_REBAL,16.35465232
2023-03-01,300923,SELL_REBAL,21.05373468
2023-03-01,301106,SELL_REBAL,15.90147928
2023-03-01,605155,SELL_REBAL,9.950928
2023-03-01,688215,SELL_REBAL,15.37073668
2023-03-01,301053,SELL_REBAL,16.15431816
2023-03-01,300960,SELL_REBAL,12.67191618
2023-03-01,605033,SELL_REBAL,18.35762019
2023-03-01,300826,SELL_REBAL,10.86314051
2023-03-01,002889,SELL_REBAL,8.87344192
2023-03-01,603095,BUY,11.47629735
2023-03-01,605118,BUY,13.39708935
2023-03-01,688257,BUY,10.08078372
2023-03-01,605277,BUY,8.48558896
2023-03-01,301000,BUY,11.1819652
2023-03-01,688633,BUY,23.78358686
2023-03-01,301019,BUY,11.19955034
2023-03-01,688092,BUY,18.4123737
2023-03-01,300823,BUY,11.74245736
2023-03-01,605028,BUY,16.02333859
2023-03-01,300851,BUY,24.0295514
2023-03-01,605058,BUY,20.41556935
2023-03-01,300989,BUY,10.225099
2023-03-01,688285,BUY,8.81279178
2023-04-03,301008,SELL_REBAL,18.8746525
2023-04-03,301056,SELL_REBAL,7.40225475
2023-04-03,605298,SELL_REBAL,10.6081592
2023-04-03,605500,SELL_REBAL,6.989409
2023-04-03,605118,SELL_REBAL,13.8377214
2023-04-03,605277,SELL_REBAL,9.5365564
2023-04-03,301000,SELL_REBAL,11.0270188
2023-04-03,688633,SELL_REBAL,23.0782838
2023-04-03,301019,SELL_REBAL,10.98078828
2023-04-03,688092,SELL_REBAL,18.943893
2023-04-03,300823,SELL_REBAL,11.60004608
2023-04-03,605028,SELL_REBAL,15.5940638
2023-04-03,300851,SELL_REBAL,23.77710086
2023-04-03,605058,SELL_REBAL,20.67718763
2023-04-03,300989,SELL_REBAL,11.5408474
2023-04-03,688285,SELL_REBAL,8.85209074
2023-04-03,605189,BUY,12.81213432
2023-04-03,300897,BUY,9.98693852
2023-04-03,301061,BUY,14.14640552
2023-04-03,605155,BUY,9.648366
2023-04-03,300984,BUY,11.38960472
2023-04-03,001210,BUY,9.38751576
2023-04-03,605318,BUY,13.22652292
2023-04-03,003008,BUY,18.4773087
2023-04-03,301053,BUY,16.441164
2023-04-03,300963,BUY,5.85389923
2023-04-03,301113,BUY,15.59375643
2023-04-03,300854,BUY,11.53394699
2023-04-03,605336,BUY,15.96963656
2023-04-03,301106,BUY,14.83397414
2023-04-03,605378,BUY,11.02984512
2023-04-03,605319,BUY,9.9185752
2023-05-04,603095,SELL_REBAL,9.94612437
2023-05-04,688616,SELL_REBAL,8.80025685
2023-05-04,688577,SELL_REBAL,15.09032525
2023-05-04,688257,SELL_REBAL,9.47140992
2023-05-04,605189,SELL_REBAL,12.52276848
2023-05-04,300897,SELL_REBAL,9.69214532
2023-05-04,301061,SELL_REBAL,14.2787346
2023-05-04,300984,SELL_REBAL,11.50470178
2023-05-04,001210,SELL_REBAL,9.75397194
2023-05-04,605318,SELL_REBAL,12.70467302
2023-05-04,300963,SELL_REBAL,6.6226603
2023-05-04,605336,SELL_REBAL,15.11923551
2023-05-04,301106,SELL_REBAL,14.28814572
2023-05-04,605378,SELL_REBAL,10.2466886
2023-05-04,605319,SELL_REBAL,9.93868042
2023-05-04,605298,BUY,10.280379
2023-05-04,605033,BUY,16.91667669
2023-05-04,300960,BUY,11.99977086
2023-05-04,301008,BUY,17.24800063
2023-05-04,001202,BUY,10.75753614
2023-05-04,301148,BUY,20.41823956
2023-05-04,301065,BUY,20.37655208
2023-05-04,605169,BUY,9.58431672
2023-05-04,301229,BUY,13.55539185
2023-05-04,301259,BUY,9.93090156
2023-05-04,603511,BUY,13.62889674
2023-05-04,003036,BUY,11.79965618
2023-05-04,688360,BUY,9.51283008
2023-05-04,605118,BUY,11.8314393
2023-05-04,001211,BUY,15.4049688
2023-06-01,301053,SELL_REBAL,16.86793464
2023-06-01,003008,SELL_REBAL,18.76984659
2023-06-01,301113,SELL_REBAL,15.67921728
2023-06-01,300854,SELL_REBAL,11.17014064
2023-06-01,605298,SELL_REBAL,11.3084169
2023-06-01,605033,SELL_REBAL,17.14722765
2023-06-01,300960,SELL_REBAL,12.80370938
2023-06-01,301008,SELL_REBAL,18.555229
2023-06-01,001202,SELL_REBAL,10.85918288
2023-06-01,301065,SELL_REBAL,20.58914336
2023-06-01,301229,SELL_REBAL,13.93868762
2023-06-01,301259,SELL_REBAL,9.8454928
2023-06-01,603511,SELL_REBAL,14.046021
2023-06-01,688360,SELL_REBAL,9.707373
2023-06-01,605118,SELL_REBAL,18.98467875
2023-06-01,001211,SELL_REBAL,15.60466284
2023-06-01,603155,BUY,11.43914658
2023-06-01,603216,BUY,12.40131653
2023-06-01,605189,BUY,12.5359164
2023-06-01,688577,BUY,15.7007125
2023-06-01,003041,BUY,14.47518272
2023-06-01,301000,BUY,11.4586552
2023-06-01,688585,BUY,8.13091888
2023-06-01,605005,BUY,14.74621115
2023-06-01,605080,BUY,28.65879405
2023-06-01,605500,BUY,6.87624714
2023-06-01,301150,BUY,17.95655038
2023-06-01,603037,BUY,5.91096748
2023-06-01,300984,BUY,12.25533478
2023-06-01,301222,BUY,19.02662566
2023-06-01,001234,BUY,19.75247568
2023-06-01,605336,BUY,14.55528534
2023-07-03,003036,SELL_REBAL,12.94993245
2023-07-03,605169,SELL_REBAL,9.71337564
2023-07-03,603155,SELL_REBAL,11.5425952
2023-07-03,605189,SELL_REBAL,12.393633
2023-07-03,688577,SELL_REBAL,16.58455044
2023-07-03,301000,SELL_REBAL,12.26946909
2023-07-03,605005,SELL_REBAL,15.26700605
2023-07-03,605080,SELL_REBAL,29.43912972
2023-07-03,301150,SELL_REBAL,20.25635885
2023-07-03,603037,SELL_REBAL,6.6701578
2023-07-03,300984,SELL_REBAL,12.97093824
2023-07-03,301222,SELL_REBAL,20.05089632
2023-07-03,001234,SELL_REBAL,23.15685528
2023-07-03,605336,SELL_REBAL,15.29826731
2023-07-03,688633,BUY,21.76843526
2023-07-03,001216,BUY,12.18582976
2023-07-03,003018,BUY,7.71972828
2023-07-03,603836,BUY,10.26275016
2023-07-03,603408,BUY,9.15268394
2023-07-03,605378,BUY,11.1668279
2023-07-03,301019,BUY,11.08354107
2023-07-03,301113,BUY,16.6933527
2023-07-03,001202,BUY,11.23571488
2023-07-03,301077,BUY,13.5236304
2023-07-03,301008,BUY,19.52484435
2023-07-03,001211,BUY,15.65458635
2023-07-03,605033,BUY,18.14813754
2023-07-03,688257,BUY,9.1747299
2023-08-01,605500,SELL_REBAL,7.34658162
2023-08-01,301148,SELL_REBAL,22.70848734
2023-08-01,688633,SELL_REBAL,21.1656959
2023-08-01,003018,SELL_REBAL,7.79069616
2023-08-01,603836,SELL_REBAL,10.60910192
2023-08-01,603408,SELL_REBAL,9.516023
2023-08-01,301113,SELL_REBAL,17.72458029
2023-08-01,001202,SELL_REBAL,12.11679976
2023-08-01,301077,SELL_REBAL,13.94937432
2023-08-01,301008,SELL_REBAL,21.4710507
2023-08-01,001211,SELL_REBAL,16.07537022
2023-08-01,688257,SELL_REBAL,9.7536663
2023-08-01,603201,BUY,12.17743626
2023-08-01,001230,BUY,14.22771728
2023-08-01,688577,BUY,15.1237167
2023-08-01,003036,BUY,12.8076255
2023-08-01,688616,BUY,10.3099339
2023-08-01,301043,BUY,28.01402651
2023-08-01,001268,BUY,15.3998988
2023-08-01,605259,BUY,16.96771208
2023-08-01,688130,BUY,23.8918464
2023-08-01,300976,BUY,24.20005386
2023-08-01,605189,BUY,12.35619
2023-08-01,300984,BUY,12.60563018
2023-09-01,003041,SELL_REBAL,15.33993504
2023-09-01,605155,SELL_REBAL,10.71112513
2023-09-01,001230,SELL_REBAL,14.15434944
2023-09-01,003036,SELL_REBAL,13.00685523
2023-09-01,301043,SELL_REBAL,29.8472364
2023-09-01,688130,SELL_REBAL,24.4268208
2023-09-01,300976,SELL_REBAL,22.60466506
2023-09-01,300984,SELL_REBAL,12.4855289
2023-09-01,605005,BUY,16.4532611
2023-09-01,688175,BUY,18.30963668
2023-09-01,003033,BUY,30.50179516
2023-09-01,605099,BUY,22.1061013
2023-09-01,688633,BUY,22.42474855
2023-09-01,605500,BUY,7.35603668
2023-09-01,003018,BUY,8.01937044
2023-09-01,003013,BUY,17.13040615
2023-10-09,603201,SELL_REBAL,13.31201422
2023-10-09,603216,SELL_REBAL,12.20025666
2023-10-09,688577,SELL_REBAL,14.55146796
2023-10-09,605259,SELL_REBAL,15.85071536
2023-10-09,688585,SELL_REBAL,7.77568456
2023-10-09,001268,SELL_REBAL,21.205743
2023-10-09,688616,SELL_REBAL,9.9998607
2023-10-09,301019,SELL_REBAL,11.81809092
2023-10-09,688175,SELL_REBAL,16.78158384
2023-10-09,003033,SELL_REBAL,32.02063652
2023-10-09,688633,SELL_REBAL,23.28226549
2023-10-09,003018,SELL_REBAL,8.0035998
2023-10-09,003013,SELL_REBAL,15.6099559
2023-10-09,301279,BUY,14.87475274
2023-10-09,003041,BUY,15.29293769
2023-10-09,301222,BUY,20.1059812
2023-10-09,301088,BUY,14.80718217
2023-10-09,603235,BUY,26.21504868
2023-10-09,688093,BUY,17.62301036
2023-10-09,300952,BUY,12.84995733
2023-10-09,300976,BUY,23.40235946
2023-10-09,001210,BUY,9.6136854
2023-10-09,605122,BUY,14.6141604
2023-10-09,605086,BUY,14.3529115
2023-10-09,301318,BUY,22.72573532
2023-10-09,688767,BUY,18.85873728
2023-11-01,605099,SELL_REBAL,19.0376285
2023-11-01,605005,SELL_REBAL,18.0735119
2023-11-01,301279,SELL_REBAL,13.91324506
2023-11-01,603235,SELL_REBAL,24.65762672
2023-11-01,688093,SELL_REBAL,17.10799146
2023-11-01,300952,SELL_REBAL,13.61159156
2023-11-01,300976,SELL_REBAL,24.86313733
2023-11-01,001210,SELL_REBAL,9.6805466
2023-11-01,605086,SELL_REBAL,15.0006185
2023-11-01,688767,SELL_REBAL,19.23250224
2023-11-01,001230,BUY,13.30215376
2023-11-01,301077,BUY,13.32954126
2023-11-01,003018,BUY,8.22438876
2023-11-01,001332,BUY,22.01905421
2023-11-01,301209,BUY,12.79023789
2023-11-01,603511,BUY,14.53387362
2023-11-01,301019,BUY,12.14999863
2023-11-01,603216,BUY,12.27574162
2023-11-01,605389,BUY,17.9772501
2023-11-01,300983,BUY,22.3913061
2023-12-01,605033,SELL_REBAL,18.01197788
2023-12-01,605189,SELL_REBAL,12.6108024
2023-12-01,605378,SELL_REBAL,11.71798035
2023-12-01,605500,SELL_REBAL,7.564048
2023-12-01,605122,SELL_REBAL,16.06160115
2023-12-01,301088,SELL_REBAL,14.47045391
2023-12-01,301318,SELL_REBAL,23.6386241
2023-12-01,301222,SELL_REBAL,20.1748373
2023-12-01,003018,SELL_REBAL,8.27170068
2023-12-01,301209,SELL_REBAL,12.66933765
2023-12-01,603511,SELL_REBAL,14.58733974
2023-12-01,301019,SELL_REBAL,12.37852525
2023-12-01,603216,SELL_REBAL,12.60598832
2023-12-01,300983,SELL_REBAL,22.41347571
2023-12-01,605259,BUY,15.37200248
2023-12-01,001316,BUY,17.48721709
2023-12-01,688633,BUY,22.14571526
2023-12-01,301061,BUY,18.7741504
2023-12-01,688175,BUY,16.45221556
2023-12-01,301212,BUY,27.61398328
2023-12-01,688130,BUY,24.2558496
2023-12-01,688697,BUY,9.52014245
2023-12-01,001210,BUY,9.8572512
2023-12-01,003028,BUY,30.1215002
2023-12-01,300930,BUY,24.68103936
2023-12-01,301100,BUY,18.80754562
2023-12-01,605155,BUY,10.89521194
2023-12-01,301043,BUY,30.60262942
2024-01-02,605389,SELL_REBAL,18.9478188
2024-01-02,001230,SELL_REBAL,13.52790096
2024-01-02,301061,SELL_REBAL,21.9133915
2024-01-02,688175,SELL_REBAL,15.06994868
2024-01-02,301212,SELL_REBAL,26.61269416
2024-01-02,688130,SELL_REBAL,22.3696512
2024-01-02,688697,SELL_REBAL,8.7038637
2024-01-02,001210,SELL_REBAL,9.885906
2024-01-02,003028,SELL_REBAL,32.77840894
2024-01-02,300930,SELL_REBAL,23.72264832
2024-01-02,301100,SELL_REBAL,19.9413691
2024-01-02,605155,SELL_REBAL,10.71794316
2024-01-02,603235,BUY,22.2422238
2024-01-02,603216,BUY,12.62485956
2024-01-02,605189,BUY,12.5284278
2024-01-02,688257,BUY,8.9099724
2024-01-02,301109,BUY,9.84067626
2024-01-02,001256,BUY,17.99852304
2024-01-02,301209,BUY,12.71467524
2024-01-02,301107,BUY,15.77286606
2024-01-02,300932,BUY,6.17720353
2024-01-02,301108,BUY,24.42309617
2024-01-02,301196,BUY,24.99204285
2024-01-02,688251,BUY,16.95115372
2024-02-01,001332,SELL_REBAL,17.09541416
2024-02-01,001216,SELL_REBAL,11.47994328
2024-02-01,605259,SELL_REBAL,13.20449694
2024-02-01,001316,SELL_REBAL,13.40087378
2024-02-01,003041,SELL_REBAL,12.219311
2024-02-01,301043,SELL_REBAL,23.57378949
2024-02-01,603235,SELL_REBAL,19.09940224
2024-02-01,301109,SELL_REBAL,8.78676353
2024-02-01,001256,SELL_REBAL,14.40654312
2024-02-01,300932,SELL_REBAL,4.31238737
2024-02-01,301108,SELL_REBAL,18.76451048
2024-02-01,301196,SELL_REBAL,19.67213295
2024-02-01,301222,BUY,14.69389174
2024-02-01,605028,BUY,13.88241441
2024-02-01,688616,BUY,7.70531902
2024-02-01,301156,BUY,8.12327976
2024-02-01,301125,BUY,6.834912
2024-02-01,300960,BUY,11.0121132
2024-02-01,688511,BUY,12.64003636
2024-02-01,301119,BUY,13.1692972
2024-02-01,605298,BUY,8.81951064
2024-02-01,001288,BUY,9.40693208
2024-02-01,301319,BUY,12.63269878
2024-02-01,301186,BUY,20.162109
2024-03-01,301209,SELL_REBAL,8.68970475
2024-03-01,301107,SELL_REBAL,13.47560946
2024-03-01,688257,SELL_REBAL,7.8615327
2024-03-01,301077,SELL_REBAL,9.2661912
2024-03-01,605189,SELL_REBAL,9.7876002
2024-03-01,688616,SELL_REBAL,7.55028242
2024-03-01,301156,SELL_REBAL,7.9320114
2024-03-01,301125,SELL_REBAL,7.3587185
2024-03-01,300960,SELL_REBAL,10.5955476
2024-03-01,301119,SELL_REBAL,14.21732504
2024-03-01,605298,SELL_REBAL,7.93305216
2024-03-01,001288,SELL_REBAL,11.88390532
2024-03-01,301186,SELL_REBAL,22.460097
2024-03-01,001332,BUY,17.73850184
2024-03-01,001316,BUY,13.18708174
2024-03-01,301276,BUY,15.36943261
2024-03-01,001230,BUY,10.28842864
2024-03-01,603307,BUY,23.08225745
2024-03-01,300984,BUY,9.55012821
2024-03-01,301088,BUY,10.64238527
2024-03-01,003041,BUY,11.47675287
2024-03-01,301097,BUY,26.33220032
2024-03-01,301043,BUY,22.76312381
2024-03-01,603511,BUY,12.00314394
2024-03-01,300952,BUY,11.75991201
2024-03-01,301023,BUY,15.94730889
2024-04-01,301222,SELL_REBAL,16.09167057
2024-04-01,605028,SELL_REBAL,14.31038865
2024-04-01,688633,SELL_REBAL,17.4906233
2024-04-01,301319,SELL_REBAL,15.31509046
2024-04-01,603216,SELL_REBAL,9.98288596
2024-04-01,001332,SELL_REBAL,18.93089358
2024-04-01,001316,SELL_REBAL,15.07719773
2024-04-01,603307,SELL_REBAL,24.4400373
2024-04-01,300984,SELL_REBAL,11.48235172
2024-04-01,301097,SELL_REBAL,29.25412615
2024-04-01,301043,SELL_REBAL,24.75293957
2024-04-01,603511,SELL_REBAL,12.32394066
2024-04-01,300952,SELL_REBAL,13.7653159
2024-04-01,301023,SELL_REBAL,18.50307352
2024-04-01,605033,BUY,14.94838553
2024-04-01,688175,BUY,11.878856
2024-04-01,301209,BUY,10.17073269
2024-04-01,301077,BUY,10.29298536
2024-04-01,301008,BUY,16.8113165
2024-04-01,301108,BUY,20.1147757
2024-04-01,301309,BUY,23.32685898
2024-04-01,605122,BUY,11.76919065
2024-04-01,001202,BUY,10.3169768
2024-04-01,688257,BUY,8.0698086
2024-04-01,688370,BUY,18.33099217
2024-04-01,001210,BUY,7.6221768
2024-04-01,605300,BUY,13.78517052
2024-04-01,605189,BUY,10.4316198
2024-05-06,003041,SELL_REBAL,12.4073004
2024-05-06,301276,SELL_REBAL,16.99894438
2024-05-06,688511,SELL_REBAL,13.51964124
2024-05-06,301088,SELL_REBAL,10.91708464
2024-05-06,688175,SELL_REBAL,12.7157754
2024-05-06,301209,SELL_REBAL,12.62903757
2024-05-06,301077,SELL_REBAL,13.20432246
2024-05-06,301008,SELL_REBAL,19.88757815
2024-05-06,301309,SELL_REBAL,26.122986
2024-05-06,605122,SELL_REBAL,11.25010845
2024-05-06,001202,SELL_REBAL,10.19648656
2024-05-06,688257,SELL_REBAL,8.82525
2024-05-06,688370,SELL_REBAL,17.51289911
2024-05-06,001210,SELL_REBAL,7.9230522
2024-05-06,605300,SELL_REBAL,14.00751198
2024-05-06,301119,BUY,14.23111488
2024-05-06,301043,BUY,25.41621149
2024-05-06,301107,BUY,12.19012332
2024-05-06,001332,BUY,18.36819186
2024-05-06,603137,BUY,11.4205461
2024-05-06,301365,BUY,10.7477944
2024-05-06,603176,BUY,4.67615368
2024-05-06,301222,BUY,17.0074567
2024-05-06,301314,BUY,31.41456129
2024-05-06,301081,BUY,8.10430768
2024-05-06,001367,BUY,16.9061596
2024-05-06,301113,BUY,13.18376046
2024-05-06,301319,BUY,14.89907138
2024-05-06,001225,BUY,31.32496367
2024-05-06,300897,BUY,10.13834718
2024-06-03,605189,SELL_REBAL,9.233925
2024-06-03,688251,SELL_REBAL,10.68091208
2024-06-03,001230,SELL_REBAL,10.44645168
2024-06-03,301108,SELL_REBAL,18.21466021
2024-06-03,301119,SELL_REBAL,13.5485178
2024-06-03,301107,SELL_REBAL,12.20967444
2024-06-03,603137,SELL_REBAL,10.71289263
2024-06-03,603176,SELL_REBAL,4.19173184
2024-06-03,301314,SELL_REBAL,30.13603005
2024-06-03,301081,SELL_REBAL,7.91669151
2024-06-03,001367,SELL_REBAL,17.1468484
2024-06-03,301113,SELL_REBAL,11.87202176
2024-06-03,301319,SELL_REBAL,15.0573841
2024-06-03,603307,BUY,22.1124147
2024-06-03,001202,BUY,9.6768724
2024-06-03,300915,BUY,20.51440896
2024-06-03,301181,BUY,15.6733707
2024-06-03,688420,BUY,20.574015
2024-06-03,603201,BUY,15.59769312
2024-06-03,301353,BUY,14.13583064
2024-06-03,001231,BUY,15.62260308
2024-06-03,301196,BUY,21.2363883
2024-06-03,688125,BUY,28.99079456
2024-06-03,300984,BUY,11.28704896
2024-06-03,301303,BUY,12.2365747
2024-06-03,001256,BUY,13.95878602
