date,nav
2006-01-04,1.0
2006-01-05,1.0
2006-01-06,1.0
2006-01-09,1.0
2006-01-10,1.0
2006-01-11,1.0
2006-01-12,1.0
2006-01-13,1.0
2006-01-16,1.0
2006-01-17,1.0
2006-01-18,1.0
2006-01-19,1.0
2006-01-20,1.0
2006-01-23,1.0
2006-01-24,1.0
2006-01-25,1.0
2006-02-06,0.9993125418485803
2006-02-07,1.002719746289375
2006-02-08,1.0128424047458642
2006-02-09,0.9947561509191962
2006-02-10,1.0060004147260337
2006-02-13,1.0088081710679762
2006-02-14,1.0188836231956413
2006-02-15,1.0170278298679527
2006-02-16,0.988761133786481
2006-02-17,0.9865005137711672
2006-02-20,0.9799459102481141
2006-02-21,0.9893241674680264
2006-02-22,0.9922995117058389
2006-02-23,1.002074620201292
2006-02-24,1.0071980525317898
2006-02-27,1.0033760421750089
2006-02-28,1.00046339926311
2006-03-01,1.0124861716228886
2006-03-02,0.990132794907292
2006-03-03,0.9905927974589385
2006-03-06,0.9909544267078165
2006-03-07,0.9642602162385174
2006-03-08,0.9564956545813743
2006-03-09,0.9585700788121173
2006-03-10,0.9583194565980259
2006-03-13,0.9696563758676423
2006-03-14,0.9685400977406086
2006-03-15,0.980408312300956
2006-03-16,0.9863097682566059
2006-03-17,0.9845931522802771
2006-03-20,0.9973688668133137
2006-03-21,0.9962203456068519
2006-03-22,1.0022817037840357
2006-03-23,1.0120576225198137
2006-03-24,1.0018257520748164
2006-03-27,1.0112669049647633
2006-03-28,1.020976547543309
2006-03-29,1.0223066027504872
2006-03-30,1.0148461456474926
2006-03-31,1.0055288210115616
2006-04-03,1.0075410748287184
2006-04-04,1.0173468429925212
2006-04-05,1.0264521577172565
2006-04-06,1.021269308375659
2006-04-07,1.0427938765065512
2006-04-10,1.0721198206603433
2006-04-11,1.0799952191475741
2006-04-12,1.0846515854367558
2006-04-13,1.0589505590172015
2006-04-14,1.0782073827949419
2006-04-17,1.0946309658245297
2006-04-18,1.0919096439876623
2006-04-19,1.0871377641814461
2006-04-20,1.0831489143088602
2006-04-21,1.0901105408392116
2006-04-24,1.0464495593063246
2006-04-25,1.0312413089000925
2006-04-26,1.0475903684099879
2006-04-27,1.0506418053777358
2006-04-28,1.0670897994152644
2006-05-08,1.0771135469664452
2006-05-09,1.0865232406482055
2006-05-10,1.093081659108145
2006-05-11,1.0931789797677904
2006-05-12,1.1053749664347086
2006-05-15,1.1205994360749538
2006-05-16,1.109246627601765
2006-05-17,1.1184244412910924
2006-05-18,1.1262950047941838
2006-05-19,1.1363241299953588
2006-05-22,1.1506813020854927
2006-05-23,1.1357608548657354
2006-05-24,1.1290528123278183
2006-05-25,1.138345486821523
2006-05-26,1.151110365720974
2006-05-29,1.163153547834213
2006-05-30,1.1713253634189777
2006-05-31,1.1673346216472462
2006-06-01,1.1848425529404465
2006-06-02,1.1862594746545454
2006-06-05,1.1993760247177614
2006-06-06,1.197262250992553
2006-06-07,1.1686275401668595
2006-06-08,1.1652840448617483
2006-06-09,1.1543215268509952
2006-06-12,1.152371816829456
2006-06-13,1.153892975821746
2006-06-14,1.1522635108652257
2006-06-15,1.1551937130488756
2006-06-16,1.164387939335413
2006-06-19,1.1685908832694296
2006-06-20,1.172748903168875
2006-06-21,1.1700233360451318
2006-06-22,1.170076396781292
2006-06-23,1.1755241757683081
2006-06-26,1.1849813950720638
2006-06-27,1.1883898403364597
2006-06-28,1.190568113261203
2006-06-29,1.1967499727799609
2006-06-30,1.1948929736410223
2006-07-03,1.2002421114729578
2006-07-04,1.199197517922925
2006-07-05,1.2013874103674573
2006-07-06,1.2079956359063826
2006-07-07,1.2065100507848239
2006-07-10,1.2161649999027029
2006-07-11,1.2180237111058512
2006-07-12,1.2152848925141941
2006-07-13,1.1858084136652212
2006-07-14,1.1871770933653747
2006-07-17,1.1943954441873383
2006-07-18,1.2010901936959106
2006-07-19,1.1935078955486884
2006-07-20,1.199949570935089
2006-07-21,1.200915071781676
2006-07-24,1.2042911740797502
2006-07-25,1.2073590434184207
2006-07-26,1.2095922137358026
2006-07-27,1.2043759254109951
2006-07-28,1.201952482664885
2006-07-31,1.179976328861955
2006-08-01,1.1735046519568357
2006-08-02,1.1671803368944016
2006-08-03,1.1681138990855973
2006-08-04,1.1516317180100675
2006-08-07,1.1379195954986467
2006-08-08,1.152747285445314
2006-08-09,1.148072182648982
2006-08-10,1.1578251829489676
2006-08-11,1.161006603057961
2006-08-14,1.1449833803179525
2006-08-15,1.1536715508502005
2006-08-16,1.1623498871533353
2006-08-17,1.1604598350204232
2006-08-18,1.158611280395379
2006-08-21,1.1631485833843138
2006-08-22,1.1691432233028367
2006-08-23,1.1729339167211967
2006-08-24,1.1808602374728443
2006-08-25,1.180896425678873
2006-08-28,1.1904259568653917
2006-08-29,1.1925751700692369
2006-08-30,1.1954394199687934
2006-08-31,1.1965618642636873
2006-09-01,1.1899163331500762
2006-09-04,1.2079899495940627
2006-09-05,1.2177611777588155
2006-09-06,1.2280368206848173
2006-09-07,1.2193101506901691
2006-09-08,1.2263653459197024
2006-09-11,1.2327194901534027
2006-09-12,1.2402722456468827
2006-09-13,1.2372659193968505
2006-09-14,1.2462643383182872
2006-09-15,1.2586916239745292
2006-09-18,1.2728000091553184
2006-09-19,1.2762753242741036
2006-09-20,1.2795912258003508
2006-09-21,1.297226045369167
2006-09-22,1.2854006207948565
2006-09-25,1.2886876821171078
2006-09-26,1.2871422540372672
2006-09-27,1.2909748200221127
2006-09-28,1.2976513215605887
2006-09-29,1.3104636147575637
2006-10-09,1.3286364940745867
2006-10-10,1.3372017180558504
2006-10-11,1.34793353445498
2006-10-12,1.3432082357093156
2006-10-13,1.3416361996377304
2006-10-16,1.343133059062541
2006-10-17,1.3420718609040305
2006-10-18,1.3525844329462964
2006-10-19,1.3589449677831276
2006-10-20,1.356167859841254
2006-10-23,1.3239008317370753
2006-10-24,1.3472232710757628
2006-10-25,1.3513750951632832
2006-10-26,1.3485007317797102
2006-10-27,1.3298355289897439
2006-10-30,1.3332631752977433
2006-10-31,1.3452528463359001
2006-11-01,1.3513307999505413
2006-11-02,1.3446521287882482
2006-11-03,1.3553573512766843
2006-11-06,1.3470012868568755
2006-11-07,1.3266424168794357
2006-11-08,1.3246150890255117
2006-11-09,1.335394910076696
2006-11-10,1.310051552289553
2006-11-13,1.2681681742992987
2006-11-14,1.2841694228735991
2006-11-15,1.297623270764704
2006-11-16,1.2779425147357488
2006-11-17,1.2846413590074235
2006-11-20,1.2718408352268322
2006-11-21,1.2764423987571307
2006-11-22,1.2893115725742363
2006-11-23,1.2987452913960218
2006-11-24,1.3084423147344018
2006-11-27,1.3238978568517838
2006-11-28,1.3280945789088545
2006-11-29,1.3319380022632137
2006-11-30,1.338966353398009
2006-12-01,1.328710421833898
2006-12-04,1.3423785616767179
2006-12-05,1.3535725620363934
2006-12-06,1.3366539708690168
2006-12-07,1.3344957683287355
2006-12-08,1.3089555846935812
2006-12-11,1.3397923910123635
2006-12-12,1.3354930283724762
2006-12-13,1.333991434792284
2006-12-14,1.3454042606867764
2006-12-15,1.347070345504748
2006-12-18,1.3580315939301706
2006-12-19,1.3634294372230495
2006-12-20,1.3858788029320315
2006-12-21,1.3809851851148356
2006-12-22,1.3877326460151294
2006-12-25,1.396822587289289
2006-12-26,1.3770155631017742
2006-12-27,1.3731683019947512
2006-12-28,1.3377963283081398
2006-12-29,1.3418036692217905
2007-01-04,1.3374786386815327
2007-01-05,1.3693527041294633
2007-01-08,1.4109108747042036
2007-01-09,1.4245680440552349
2007-01-10,1.4553382366210676
2007-01-11,1.4700226399235665
2007-01-12,1.4319907539224814
2007-01-15,1.4937028698013721
2007-01-16,1.5123554111973618
2007-01-17,1.5009275520504208
2007-01-18,1.5433206373579909
2007-01-19,1.5808017682681836
2007-01-22,1.629651232586924
2007-01-23,1.6279142383563514
2007-01-24,1.6358494239583874
2007-01-25,1.5848209461544924
2007-01-26,1.5844241449157197
2007-01-29,1.6419389094175267
2007-01-30,1.6484957063151733
2007-01-31,1.604638914472478
2007-02-01,1.627349136945237
2007-02-02,1.626312846961466
2007-02-05,1.64760470015273
2007-02-06,1.66545435171314
2007-02-07,1.692765116010879
2007-02-08,1.7208002864251373
2007-02-09,1.730948173990301
2007-02-12,1.7744406698701063
2007-02-13,1.8045641539441584
2007-02-14,1.8256758426919808
2007-02-15,1.8722260383978069
2007-02-16,1.9060534772899846
2007-02-26,1.9606271267648832
2007-02-27,1.8330141277955794
2007-02-28,1.8842174754424177
2007-03-01,1.8506424513394344
2007-03-02,1.8797731000947822
2007-03-05,1.8994095583765898
2007-03-06,1.9134450028930245
2007-03-07,1.935837122726543
2007-03-08,1.9672580185719564
2007-03-09,1.9711947096667077
2007-03-12,1.99538404582475
2007-03-13,2.0179999775424786
2007-03-14,2.0200314408937405
2007-03-15,2.054420867491925
2007-03-16,2.049347567078851
2007-03-19,2.064363886681852
2007-03-20,2.098594095178836
2007-03-21,2.1236303197148665
2007-03-22,2.129510218017975
2007-03-23,2.1428575153231337
2007-03-26,2.17730762682461
2007-03-27,2.1756965043402734
2007-03-28,2.1748807878926653
2007-03-29,2.1235801476084246
2007-03-30,2.13168635164544
2007-04-02,2.158125496452965
2007-04-03,2.1842844640091186
2007-04-04,2.211048840487458
2007-04-05,2.2263010562526198
2007-04-06,2.245608572755309
2007-04-09,2.275107933700959
2007-04-10,2.289445354522017
2007-04-11,2.295660378498905
2007-04-12,2.3361526915788033
2007-04-13,2.338015774719839
2007-04-16,2.3849183860518632
2007-04-17,2.4105190374792103
2007-04-18,2.431090170017642
2007-04-19,2.371563456857908
2007-04-20,2.441414944799118
2007-04-23,2.485596206124018
2007-04-24,2.4916878309544166
2007-04-25,2.5109926592462615
2007-04-26,2.532636240964944
2007-04-27,2.5036634899062427
2007-04-30,2.501452886763637
2007-05-08,2.5507363345145526
2007-05-09,2.524267215125184
2007-05-10,2.5361368309972976
2007-05-11,2.5456612707431163
2007-05-14,2.5737494944688155
2007-05-15,2.5421600412068073
2007-05-16,2.5791858834692003
2007-05-17,2.6285463354158276
2007-05-18,2.6339560927300782
2007-05-21,2.6719499446536097
2007-05-22,2.710669829475951
2007-05-23,2.7596636433463146
2007-05-24,2.749553234964804
2007-05-25,2.7881232392270263
2007-05-28,2.843064971342898
2007-05-29,2.8832719159812616
2007-05-30,2.74084502538086
2007-05-31,2.694185654691889
2007-06-01,2.570619988814138
2007-06-04,2.445325845883169
2007-06-05,2.4704960496788733
2007-06-06,2.484853997101318
2007-06-07,2.5560411159348244
2007-06-08,2.5805250676532454
2007-06-11,2.636580733509045
2007-06-12,2.685739295252462
2007-06-13,2.725364320474516
2007-06-14,2.7036561998649487
2007-06-15,2.7228678165945506
2007-06-18,2.7673690820535133
2007-06-19,2.7865824028866046
2007-06-20,2.7279395104185986
2007-06-21,2.7296405540898117
2007-06-22,2.6481728494315777
2007-06-25,2.544603468972161
2007-06-26,2.573238774410541
2007-06-27,2.603502624018028
2007-06-28,2.5099097930285215
2007-06-29,2.4432039646204533
2007-07-02,2.464977667073647
2007-07-03,2.498925722817355
2007-07-04,2.461499761641652
2007-07-05,2.398260717439392
2007-07-06,2.472872969467748
2007-07-09,2.5148179855534596
2007-07-10,2.4803193163164097
2007-07-11,2.4979927809934366
2007-07-12,2.5227789868795973
2007-07-13,2.533956563640203
2007-07-16,2.494295943758732
2007-07-17,2.534250066676842
2007-07-18,2.553130612183927
2007-07-19,2.577593822159745
2007-07-20,2.622997741840475
2007-07-23,2.6806676853127556
2007-07-24,2.6707154160402347
2007-07-25,2.7166285991462953
2007-07-26,2.737038229518319
2007-07-27,2.7832956591724787
2007-07-30,2.810246180288931
2007-07-31,2.83370007400406
2007-08-01,2.7605009486333474
2007-08-02,2.811724780972279
2007-08-03,2.85207871753918
2007-08-06,2.8668521047091287
2007-08-07,2.865807578205846
2007-08-08,2.847349247613082
2007-08-09,2.8650585574722314
2007-08-10,2.845978517571353
2007-08-13,2.8361449404657058
2007-08-14,2.865969990462926
2007-08-15,2.860724294480866
2007-08-16,2.881935074692564
2007-08-17,2.88028490197116
2007-08-20,2.9415785377611066
2007-08-21,2.9680001133564073
2007-08-22,3.004291810980322
2007-08-23,3.0129861268838423
2007-08-24,3.0297238142889693
2007-08-27,3.0204853602293227
2007-08-28,3.0176916019532656
2007-08-29,3.0219039512705557
2007-08-30,3.0722381699831045
2007-08-31,3.0874721012668807
2007-09-03,3.106975065745334
2007-09-04,3.0956177735878234
2007-09-05,3.093963538135209
2007-09-06,3.102329203110806
2007-09-07,3.0687721470976466
2007-09-10,3.0902576116427105
2007-09-11,2.9899735295297223
2007-09-12,2.9999585025470155
2007-09-13,3.0132220032304478
2007-09-14,3.044508912227313
2007-09-17,3.073613565688298
2007-09-18,3.078934436517652
2007-09-19,3.054222387413782
2007-09-20,3.07309512261803
2007-09-21,3.0430978782238958
2007-09-24,3.043073614057961
2007-09-25,3.026099092720264
2007-09-26,3.0173033184317113
2007-09-27,3.0304394315032854
2007-09-28,3.061967811616817
2007-10-08,3.072256970039296
2007-10-09,3.0882387941382143
2007-10-10,3.0857940756620517
2007-10-11,3.0556086548785877
2007-10-12,2.990116203011207
2007-10-15,2.9852689542058073
2007-10-16,3.025991812544992
2007-10-17,3.014353951170826
2007-10-18,2.9928659901070227
2007-10-19,2.9891431027100293
2007-10-22,2.9677193282333727
2007-10-23,2.976905470946465
2007-10-24,2.9431741510287717
2007-10-25,2.8296648655882293
2007-10-26,2.829390084219315
2007-10-29,2.8353366420809643
2007-10-30,2.8635180547858177
2007-10-31,2.9267051544890355
2007-11-01,2.8694554130983074
2007-11-02,2.835278587073572
2007-11-05,2.87303883759026
2007-11-06,2.90237125830799
2007-11-07,2.899194117107075
2007-11-08,2.8540815831186213
2007-11-09,2.8418719692450383
2007-11-12,2.843729506019022
2007-11-13,2.8526333738575023
2007-11-14,2.8981661217462915
2007-11-15,2.8668352978516425
2007-11-16,2.8749930588591965
2007-11-19,2.9298527869861015
2007-11-20,2.946081833034586
2007-11-21,2.913883485841172
2007-11-22,2.867194438771425
2007-11-23,2.906183262452209
2007-11-26,2.9035123366624935
2007-11-27,2.9192830656950117
2007-11-28,2.934019945041684
2007-11-29,2.9702871428110003
2007-11-30,2.967346899867201
2007-12-03,2.9964377761623506
2007-12-04,2.9996494380903167
2007-12-05,3.029296572793949
2007-12-06,3.0335071507057916
2007-12-07,3.0525655369394067
2007-12-10,3.0979798079923957
2007-12-11,3.116282178458174
2007-12-12,3.138892169888779
2007-12-13,3.109340023090735
2007-12-14,3.1400658467773797
2007-12-17,3.15694393150262
2007-12-18,3.144213442697919
2007-12-19,3.174282484411632
2007-12-20,3.1928530079127238
2007-12-21,3.2173841919104698
2007-12-24,3.2387483612675503
2007-12-25,3.253800567393514
2007-12-26,3.3076879769845062
2007-12-27,3.313417262342624
2007-12-28,3.320218064959184
2008-01-02,3.4009467833698386
2008-01-03,3.449978448751289
2008-01-04,3.4609529803019328
2008-01-07,3.5071284621658636
2008-01-08,3.438873247195319
2008-01-09,3.5111917442115654
2008-01-10,3.5174154549775833
2008-01-11,3.507666802068611
2008-01-14,3.5430754185061972
2008-01-15,3.590605842897635
2008-01-16,3.5745018890873537
2008-01-17,3.5414907700336222
2008-01-18,3.563633168733442
2008-01-21,3.4538754561421543
2008-01-22,3.2626075153317458
2008-01-23,3.339910909448416
2008-01-24,3.3744845325401918
2008-01-25,3.3801787190447183
2008-01-28,3.2156765342668248
2008-01-29,3.258312467861526
2008-01-30,3.275564694739185
2008-01-31,3.2462833193126026
2008-02-01,3.1727487622816746
2008-02-04,3.2956019708023168
2008-02-05,3.3048443644080048
2008-02-13,3.3021871289411187
2008-02-14,3.3352552959147044
2008-02-15,3.3292998700409577
2008-02-18,3.386521695799241
2008-02-19,3.4028848662547952
2008-02-20,3.380684752085436
2008-02-21,3.3867940849831117
2008-02-22,3.351131379295967
2008-02-25,3.303892563784945
2008-02-26,3.31561789214812
2008-02-27,3.3492299989036045
2008-02-28,3.3610331556434794
2008-02-29,3.3718735771271158
2008-03-03,3.414562333314205
2008-03-04,3.3955547567414763
2008-03-05,3.3968354807383037
2008-03-06,3.397858201873508
2008-03-07,3.3830054470033506
2008-03-10,3.3466293185325555
2008-03-11,3.360507614531197
2008-03-12,3.341922053669769
2008-03-13,3.299527643175464
2008-03-14,3.289356775220696
2008-03-17,3.1839600036349416
2008-03-18,3.0667157490110273
2008-03-19,3.1173961311735403
2008-03-20,3.1692158002762736
2008-03-21,3.1922904589575123
2008-03-24,3.180375057700593
2008-03-25,3.2092614461477376
2008-03-26,3.211669163121257
2008-03-27,3.1480369520533222
2008-03-28,3.1977039219645618
2008-03-31,3.1702893006391974
2008-04-01,3.099975909845904
2008-04-02,3.060632900665505
2008-04-03,3.074505422847603
2008-04-07,3.115207400724317
2008-04-08,3.1346720878887795
2008-04-09,3.0983914813611815
2008-04-10,3.1094900246015005
2008-04-11,3.124502500736296
2008-04-14,3.0725003769369383
2008-04-15,3.0891914221383323
2008-04-16,3.0814039722277484
2008-04-17,3.05846663266525
2008-04-18,3.0176200448200645
2008-04-21,3.014333536337079
2008-04-22,3.0013620971254973
2008-04-23,3.0324085448359224
2008-04-24,3.1011141053966527
2008-04-25,3.101413187538635
2008-04-28,3.0910423655234314
2008-04-29,3.099825529884078
2008-04-30,3.1242269107491976
2008-05-05,3.1505820917216303
2008-05-06,3.1495029451806014
2008-05-07,3.118131843867414
2008-05-08,3.1415421817562525
2008-05-09,3.146863700042399
2008-05-12,3.167102072434321
2008-05-13,3.174540711143137
2008-05-14,3.1802639813437192
2008-05-15,3.170130531332427
2008-05-16,3.1596204301236885
2008-05-19,3.163731491839406
2008-05-20,3.1196447396738867
2008-05-21,3.131012758149916
2008-05-22,3.118605387294802
2008-05-23,3.113701226176061
2008-05-26,3.0907207946776247
2008-05-27,3.0938046440805467
2008-05-28,3.1117716137016376
2008-05-29,3.096737484227307
2008-05-30,3.112015402928346
2008-06-02,3.1173585423629135
2008-06-03,3.112163340998104
2008-06-04,3.1050465378612553
2008-06-05,3.109496046912594
2008-06-06,3.1133674847658788
2008-06-10,3.050183893208046
2008-06-11,3.035895232200687
2008-06-12,3.029561007645522
2008-06-13,3.008220797210697
2008-06-16,3.0100030115300607
2008-06-17,2.9985596667740526
2008-06-18,3.025142775618645
2008-06-19,2.9705436148987916
2008-06-20,2.974131204888548
2008-06-23,2.960902982369124
2008-06-24,2.973010433289731
2008-06-25,3.0088994951348296
2008-06-26,3.0186151453333503
2008-06-27,2.9752449553622196
2008-06-30,2.976659220127162
2008-07-01,2.973014936076819
2008-07-02,2.985790707214751
2008-07-03,3.009881912851558
2008-07-04,3.006094173217603
2008-07-07,3.032588231786042
2008-07-08,3.0408531803033365
2008-07-09,3.060275796498921
2008-07-10,3.0516191400902706
2008-07-11,3.050009459370815
2008-07-14,3.063305282259636
2008-07-15,3.0456748699445035
2008-07-16,3.020291057799505
2008-07-17,3.0179163754926055
2008-07-18,3.0360597536977623
2008-07-21,3.0621225267441097
2008-07-22,3.062519171411132
2008-07-23,3.0549585580664975
2008-07-24,3.0674760584776193
2008-07-25,3.073469337989599
2008-07-28,3.083559854279139
2008-07-29,3.0707809962184354
2008-07-30,3.071518856878752
2008-07-31,3.0531952912707574
2008-08-01,3.051066076930677
2008-08-04,3.0421593728710894
2008-08-05,3.032071696938545
2008-08-06,3.0275900345044344
2008-08-07,3.02812545596911
2008-08-08,2.9843678487478082
2008-08-11,2.940756024005871
2008-08-12,2.9395426335596526
2008-08-13,2.9439186562497026
2008-08-14,2.947882432096268
2008-08-15,2.9505708761657012
2008-08-18,2.9176497263215624
2008-08-19,2.921949286138642
2008-08-20,2.9683704074970887
2008-08-21,2.947869467613958
2008-08-22,2.944557933079427
2008-08-25,2.9495528875088293
2008-08-26,2.9227056401344957
2008-08-27,2.9182858840497063
2008-08-28,2.911435911747963
2008-08-29,2.9234652539806825
2008-09-01,2.9016339439034673
2008-09-02,2.9027080014202005
2008-09-03,2.8934565309678297
2008-09-04,2.901337825211287
2008-09-05,2.8795332543599828
2008-09-08,2.8545986092865525
2008-09-09,2.860184960633032
2008-09-10,2.8624642608343485
2008-09-11,2.8521448658394086
2008-09-12,2.8537153334021412
2008-09-16,2.8435435514184353
2008-09-17,2.8306558277435916
2008-09-18,2.8105267560260434
2008-09-19,2.8642056173266903
2008-09-22,2.8785099115702577
2008-09-23,2.8376779486870167
2008-09-24,2.8432301379077205
2008-09-25,2.8566914264038576
2008-09-26,2.8597755234465665
2008-10-06,2.8409925059530954
2008-10-07,2.8353748724004206
2008-10-08,2.823705546109618
2008-10-09,2.823251767242863
2008-10-10,2.790782049051461
2008-10-13,2.7901668187872573
2008-10-14,2.7793186095425764
2008-10-15,2.7717612584033935
2008-10-16,2.7408085375384923
2008-10-17,2.7460819015386466
2008-10-20,2.7608633769600144
2008-10-21,2.76453329041366
2008-10-22,2.7540167133310876
2008-10-23,2.7619788117028037
2008-10-24,2.7581939358696412
2008-10-27,2.7241602448346183
2008-10-28,2.7371403256978506
2008-10-29,2.7343316826732633
2008-10-30,2.7372098596113736
2008-10-31,2.7271719678238044
2008-11-03,2.7249549133168314
2008-11-04,2.7187232549856883
2008-11-05,2.7345552475880215
2008-11-06,2.7253221260829017
2008-11-07,2.735651888510369
2008-11-10,2.770941468974594
2008-11-11,2.7634697532659405
2008-11-12,2.771361021073666
2008-11-13,2.7957966993842875
2008-11-14,2.8164404263045704
2008-11-17,2.8413702250765183
2008-11-18,2.800156433285855
2008-11-19,2.8377398278840062
2008-11-20,2.8436670731478326
2008-11-21,2.8328774382916646
2008-11-24,2.815341484860606
2008-11-25,2.814995997077091
2008-11-26,2.8174754493994847
2008-11-27,2.825110262341155
2008-11-28,2.821909418970326
2008-12-01,2.8472539433199406
2008-12-02,2.863211240205625
2008-12-03,2.88265407775876
2008-12-04,2.8774482034504065
2008-12-05,2.8959847407713846
2008-12-08,2.9182255595894833
2008-12-09,2.901825540378841
2008-12-10,2.9195548890661187
2008-12-11,2.906997033740873
2008-12-12,2.8868610656655775
2008-12-15,2.8940197829176557
2008-12-16,2.9049100022309853
2008-12-17,2.912549429230819
2008-12-18,2.9238322894491127
2008-12-19,2.9337197793821224
2008-12-22,2.9511409794177887
2008-12-23,2.9148476877696585
2008-12-24,2.9113414231208417
2008-12-25,2.9189652317254233
2008-12-26,2.9249314377443247
2008-12-29,2.9155374091102533
2008-12-30,2.9268373999601844
2008-12-31,2.922403390256733
2009-01-05,2.9397987202612392
2009-01-06,2.9506691921995376
2009-01-07,2.94979104084338
2009-01-08,2.9419458176589863
2009-01-09,2.968884736935439
2009-01-12,2.9746550374054666
2009-01-13,2.9582679446737465
2009-01-14,2.9784104001109912
2009-01-15,2.975516036612273
2009-01-16,2.971915057835823
2009-01-19,2.970101472123381
2009-01-20,2.9793611293045683
2009-01-21,2.9773077350499246
2009-01-22,2.982183906299908
2009-01-23,2.9823880052125196
2009-02-02,2.996218605724939
2009-02-03,3.0116492623152515
2009-02-04,3.0183436022440504
2009-02-05,3.0179587424812415
2009-02-06,3.0503896753116044
2009-02-09,3.069397349898228
2009-02-10,3.0838465248290983
2009-02-11,3.085480223019289
2009-02-12,3.095685501562479
2009-02-13,3.112429039837118
2009-02-16,3.1135695405555435
2009-02-17,3.096262110767903
2009-02-18,3.0736069062934206
2009-02-19,3.089381179548352
2009-02-20,3.107545562566056
2009-02-23,3.1251829669345113
2009-02-24,3.1039066389420054
2009-02-25,3.1170097809808284
2009-02-26,3.084074227688812
2009-02-27,3.049940036879216
2009-03-02,3.0634442942835305
2009-03-03,3.0868810769329587
2009-03-04,3.1578620249022493
2009-03-05,3.1839308629691763
2009-03-06,3.1656179603909838
2009-03-09,3.1184749966712677
2009-03-10,3.150809990645641
2009-03-11,3.152931925231283
2009-03-12,3.148452830986589
2009-03-13,3.160202155190407
2009-03-16,3.1804928986291534
2009-03-17,3.2169823228907894
2009-03-18,3.2246372943493324
2009-03-19,3.250671443440052
2009-03-20,3.240760928315113
2009-03-23,3.2550185448235958
2009-03-24,3.27798519300855
2009-03-25,3.250812662229541
2009-03-26,3.2766192633400775
2009-03-27,3.2734597202832685
2009-03-30,3.284529073094812
2009-03-31,3.3032055234685904
2009-04-01,3.326650595398829
2009-04-02,3.3478357312621947
2009-04-03,3.3540299747944555
2009-04-07,3.384456375013806
2009-04-08,3.3437068292208516
2009-04-09,3.3829721014117053
2009-04-10,3.433944659077548
2009-04-13,3.464654071230377
2009-04-14,3.538424709258018
2009-04-15,3.568649748277091
2009-04-16,3.5650189289964747
2009-04-17,3.530394292583527
2009-04-20,3.5696374377203592
2009-04-21,3.5458869043096763
2009-04-22,3.453018294313314
2009-04-23,3.48489149072926
2009-04-24,3.474675182161782
2009-04-27,3.4455957148177117
2009-04-28,3.459341172484451
2009-04-29,3.4757175424202384
2009-04-30,3.4980288134897357
2009-05-04,3.5562201528752433
2009-05-05,3.567670989939201
2009-05-06,3.586142513164425
2009-05-07,3.555000113713352
2009-05-08,3.5461929128950067
2009-05-11,3.491463954864665
2009-05-12,3.5183348804713597
2009-05-13,3.53921210763003
2009-05-14,3.5495383893521173
2009-05-15,3.5682455125230375
2009-05-18,3.5584038083093064
2009-05-19,3.5734881713621447
2009-05-20,3.5548958524453806
2009-05-21,3.531627211872141
2009-05-22,3.531055882116092
2009-05-25,3.533019110570065
2009-05-26,3.5601844412862014
2009-05-27,3.5525673193442073
2009-06-01,3.580629725597449
2009-06-02,3.572077309850885
2009-06-03,3.5826200892271496
2009-06-04,3.582974650175426
2009-06-05,3.567948429172167
2009-06-08,3.597078863903861
2009-06-09,3.5909834489843853
2009-06-10,3.6287106645946974
2009-06-11,3.623127637209133
2009-06-12,3.59512931649105
2009-06-15,3.645419755214051
2009-06-16,3.6473982809651595
2009-06-17,3.646691859523925
2009-06-18,3.656739397481766
2009-06-19,3.68476327846264
2009-06-22,3.6846446201237364
2009-06-23,3.6931469697526844
2009-06-24,3.7127755529362383
2009-06-25,3.7433202813170223
2009-06-26,3.753424140130237
2009-06-29,3.7336751412334097
2009-06-30,3.70407191085665
2009-07-01,3.691969030453362
2009-07-02,3.7092543640288267
2009-07-03,3.7192279513162165
2009-07-06,3.7210135577393366
2009-07-07,3.7650158286575475
2009-07-08,3.8003035639422635
2009-07-09,3.875196565392764
2009-07-10,3.8771018330621034
2009-07-13,3.9030617649391597
2009-07-14,3.9795709528905374
2009-07-15,4.031773066489816
2009-07-16,4.008951874018216
2009-07-17,4.015222357715695
2009-07-20,4.058854381582888
2009-07-21,3.9817073403375978
2009-07-22,4.014812942944649
2009-07-23,4.035445723999471
2009-07-24,4.032853637510352
2009-07-27,4.069896438082264
2009-07-28,4.09503746946653
2009-07-29,3.936475965751707
2009-07-30,3.991252500770669
2009-07-31,4.073572043699707
2009-08-03,4.154258059933775
2009-08-04,4.190180500384559
2009-08-05,4.258563873017906
2009-08-06,4.278466075550733
2009-08-07,4.217420325179784
2009-08-10,4.286949050402532
2009-08-11,4.275949580880413
2009-08-12,4.109085838321985
2009-08-13,4.122160918421274
2009-08-14,3.9504453483823583
2009-08-17,3.7469122471462066
2009-08-18,3.8155004886256947
2009-08-19,3.6632085408202246
2009-08-20,3.7649300744321073
2009-08-21,3.8736110820298686
2009-08-24,3.9113896664048076
2009-08-25,3.8645055746130157
2009-08-26,3.9766701524250974
2009-08-27,4.035850292081
2009-08-28,3.9801952161862335
2009-08-31,3.8128141249837886
2009-09-01,3.8042159597269314
2009-09-02,3.84364595190274
2009-09-03,3.9449301083204094
2009-09-04,3.961110331890635
2009-09-07,3.9952938899727406
2009-09-08,4.0328416859710785
2009-09-09,4.049331497383717
2009-09-10,4.024883843417229
2009-09-11,4.049590092669024
2009-09-14,4.126371332535955
2009-09-15,4.170759276746641
2009-09-16,4.195338606113217
2009-09-17,4.296431519702507
2009-09-18,4.213082192162914
2009-09-21,4.26788663724619
2009-09-22,4.209951864412327
2009-09-23,4.191559865913176
2009-09-24,4.140538580793351
2009-09-25,4.149653195514287
2009-09-28,4.0787206715373925
2009-09-29,4.005409027050277
2009-09-30,4.019595942660378
2009-10-09,4.119384267414197
2009-10-12,4.122308541821849
2009-10-13,4.159769019813877
2009-10-14,4.168063330328469
2009-10-15,4.19136891256046
2009-10-16,4.189466979711961
2009-10-19,4.248340719179356
2009-10-20,4.288248200532824
2009-10-21,4.263409396500468
2009-10-22,4.283813164583315
2009-10-23,4.330256972100871
2009-10-26,4.348769036838093
2009-10-27,4.3268928730200145
2009-10-28,4.355531004509852
2009-10-29,4.332317390545565
2009-10-30,4.351279776658306
2009-11-02,4.412961819402958
2009-11-03,4.475837565448356
2009-11-04,4.503131962097871
2009-11-05,4.545315790032928
2009-11-06,4.556748047594646
2009-11-09,4.579109592162642
2009-11-10,4.582259516226551
2009-11-11,4.590030024873916
2009-11-12,4.609360839682325
2009-11-13,4.641295263766035
2009-11-16,4.729321744370302
2009-11-17,4.755245172946473
2009-11-18,4.802572617077685
2009-11-19,4.8545213249523105
2009-11-20,4.896589604813486
2009-11-23,4.930424211289451
2009-11-24,4.77614167370045
2009-11-25,4.868585727254035
2009-11-26,4.741720019436765
2009-11-27,4.7002661671295565
2009-11-30,4.826338753325993
2009-12-01,4.925665907877788
2009-12-02,4.979740372359792
2009-12-03,5.008795644547073
2009-12-04,4.912647440245084
2009-12-07,5.002986541699237
2009-12-08,5.031442843777785
2009-12-09,5.016595305339932
2009-12-10,5.091013298447689
2009-12-11,5.089357968252022
2009-12-14,5.10601685692725
2009-12-15,5.1304820572458105
2009-12-16,5.083087872972789
2009-12-17,4.974425607615411
2009-12-18,4.886096926287398
2009-12-21,4.961093807211866
2009-12-22,4.932132894224315
2009-12-23,5.0208756775560905
2009-12-24,5.121814755588773
2009-12-25,5.136323939150224
2009-12-28,5.169129016991705
2009-12-29,5.186326351746992
2009-12-30,5.142602997956102
2009-12-31,5.191899734111216
2010-01-04,5.220865563975383
2010-01-05,5.2726156135963365
2010-01-06,5.263839101987688
2010-01-07,5.203282395604236
2010-01-08,5.228469520592947
2010-01-11,5.284606260457124
2010-01-12,5.3818408844249594
2010-01-13,5.39199071071766
2010-01-14,5.4850515361673695
2010-01-15,5.534732398854726
2010-01-18,5.579055932187464
2010-01-19,5.576799955202954
2010-01-20,5.418588359607316
2010-01-21,5.458209725873539
2010-01-22,5.359481230187528
2010-01-25,5.3150696740727685
2010-01-26,5.199592405210805
2010-01-27,5.2100094776323145
2010-01-28,5.281313197116855
2010-01-29,5.310947588430122
2010-02-01,5.262395965531917
2010-02-02,5.260843456209302
2010-02-03,5.286370410444947
2010-02-04,5.3181709534443415
2010-02-05,5.230051875136827
2010-02-08,5.223919124285788
2010-02-09,5.2341887793100295
2010-02-10,5.26647625430736
2010-02-11,5.263201353152943
2010-02-12,5.301469729758992
2010-02-22,5.302275041347536
2010-02-23,5.306116594175979
2010-02-24,5.404646576428758
2010-02-25,5.477517883695131
2010-02-26,5.463973448518961
2010-03-01,5.524590413909529
2010-03-02,5.54101986247199
2010-03-03,5.591626951449037
2010-03-04,5.514675872054727
2010-03-05,5.54128273458884
2010-03-08,5.574917649921248
2010-03-09,5.572941450980714
2010-03-10,5.542661849253452
2010-03-11,5.549642189027527
2010-03-12,5.5303315940183
2010-03-15,5.494506441410317
2010-03-16,5.522428349745236
2010-03-17,5.623140489138041
2010-03-18,5.632449973691217
2010-03-19,5.671143425562186
2010-03-22,5.675262539641594
2010-03-23,5.65485725257854
2010-03-24,5.692347406237427
2010-03-25,5.676210367874636
2010-03-26,5.732329609991399
2010-03-29,5.727024507384844
2010-03-30,5.7901174981314005
2010-03-31,5.840332743926335
2010-04-01,5.870515641732617
2010-04-02,5.899863993379425
2010-04-06,5.911000622051231
2010-04-07,5.93604881690782
2010-04-08,5.936934837229353
2010-04-09,6.000365284727308
2010-04-12,6.083148220052298
2010-04-13,6.037338332967539
2010-04-14,6.05423110884253
2010-04-15,5.99876022204393
2010-04-16,5.997474706572515
2010-04-19,5.889198463776115
2010-04-20,5.972097920181195
2010-04-21,6.07617322003717
2010-04-22,6.145992105016995
2010-04-23,6.128783058630849
2010-04-26,6.0952320428147075
2010-04-27,6.003828845922482
2010-04-28,6.008141220268829
2010-04-29,5.872129355568667
2010-04-30,5.734431374972062
2010-05-04,5.755489840873514
2010-05-05,5.833646052203273
2010-05-06,5.746622669430326
2010-05-07,5.672806414294506
2010-05-10,5.5800178174256505
2010-05-11,5.516893651280182
2010-05-12,5.42725787399154
2010-05-13,5.5131730013583775
2010-05-14,5.535030819764809
2010-05-17,5.36292788223734
2010-05-18,5.408772905480908
2010-05-19,5.41430880388457
2010-05-20,5.366551008176768
2010-05-21,5.4194605323411285
2010-05-24,5.554032401625925
2010-05-25,5.550312828316816
2010-05-26,5.551012580943222
2010-05-27,5.6122864485359845
2010-05-28,5.655101790398858
2010-05-31,5.615493936520663
2010-06-01,5.587882616826724
2010-06-02,5.613148745358928
2010-06-03,5.629227304674978
2010-06-04,5.65362864427638
2010-06-07,5.6629925297209045
2010-06-08,5.67651317832682
2010-06-09,5.696424140370507
2010-06-10,5.702908114353888
2010-06-11,5.701891977319128
2010-06-17,5.680422044972264
2010-06-18,5.608990913693883
2010-06-21,5.6466898607309375
2010-06-22,5.661263307259877
2010-06-23,5.6544982259270276
2010-06-24,5.65716718224594
2010-06-25,5.639309148081509
2010-06-28,5.629010235607978
2010-06-29,5.537434889942076
2010-06-30,5.504800146166318
2010-07-01,5.48820051778125
2010-07-02,5.470967868238888
2010-07-05,5.466843067154547
2010-07-06,5.50873725544037
2010-07-07,5.520286281659283
2010-07-08,5.5331653654756625
2010-07-09,5.564874578975591
2010-07-12,5.583230896164131
2010-07-13,5.586870664449258
2010-07-14,5.608469950307241
2010-07-15,5.578911729598189
2010-07-16,5.594701051648854
2010-07-19,5.6208816908067
2010-07-20,5.655277109377324
2010-07-21,5.656198721489266
2010-07-22,5.6799281563423465
2010-07-23,5.676098600608534
2010-07-26,5.699821385190293
2010-07-27,5.701002696985595
2010-07-28,5.729129108173065
2010-07-29,5.740008856259208
2010-07-30,5.746914493064513
2010-08-02,5.768938985712766
2010-08-03,5.7624202174542996
2010-08-04,5.779598202432218
2010-08-05,5.786177774805727
2010-08-06,5.8045352429010855
2010-08-09,5.820211750814229
2010-08-10,5.774699142028764
2010-08-11,5.789443215561626
2010-08-12,5.780195847103643
2010-08-13,5.803954519035676
2010-08-16,5.824036868994114
2010-08-17,5.834602297308635
2010-08-18,5.842552363861817
2010-08-19,5.840884340519216
2010-08-20,5.811813661945037
2010-08-23,5.821030473663347
2010-08-24,5.840365356809155
2010-08-25,5.834874764404513
2010-08-26,5.844137450683142
2010-08-27,5.860236675302644
2010-08-30,5.891495678416849
2010-08-31,5.922122631505857
2010-09-01,5.871554209730201
2010-09-02,5.912927137144221
2010-09-03,5.941308185742431
2010-09-06,5.937675947019876
2010-09-07,5.940000436810022
2010-09-08,5.954136921125527
2010-09-09,5.943370252263045
2010-09-10,5.954564007650393
2010-09-13,5.985949620846892
2010-09-14,6.001804457341322
2010-09-15,5.987994375321412
2010-09-16,5.909809570318456
2010-09-17,5.924195170774661
2010-09-20,5.896481632563208
2010-09-21,5.895201215003225
2010-09-27,5.944019609927977
2010-09-28,5.911762213733697
2010-09-29,5.881994696154593
2010-09-30,5.9541910423584525
2010-10-08,6.032667339484509
2010-10-11,6.014815042703541
2010-10-12,6.037796134973907
2010-10-13,6.042460569649985
2010-10-14,5.950017514466796
2010-10-15,5.93321851439558
2010-10-18,5.876759405982385
2010-10-19,5.999789174068239
2010-10-20,5.996261578299159
2010-10-21,6.004119006863778
2010-10-22,6.050823714615754
2010-10-25,6.132099628432782
2010-10-26,6.126164622727751
2010-10-27,6.1182098469519595
2010-10-28,6.1355872983014
2010-10-29,6.171617278834781
2010-11-01,6.279510134488228
2010-11-02,6.199468787118287
2010-11-03,6.094193751611709
2010-11-04,6.150007303653603
2010-11-05,6.213954149519931
2010-11-08,6.337953058812364
2010-11-09,6.429664917900388
2010-11-10,6.4855985296705505
2010-11-11,6.432234199096892
2010-11-12,6.10657477115783
2010-11-15,6.270856858856763
2010-11-16,6.234351837108396
2010-11-17,6.1481897351533705
2010-11-18,6.192371237889174
2010-11-19,6.353056667937052
2010-11-22,6.465008727455566
2010-11-23,6.463131194250675
2010-11-24,6.550480699806037
2010-11-25,6.5431161878396535
2010-11-26,6.590107061696497
2010-11-29,6.657177437046511
2010-11-30,6.525052165307958
2010-12-01,6.565960769720774
2010-12-02,6.598597479373452
2010-12-03,6.571677212669041
2010-12-06,6.514080564046607
2010-12-07,6.606985693695849
2010-12-08,6.633004213658197
2010-12-09,6.542653585871327
2010-12-10,6.624799029115966
2010-12-13,6.738566658351213
2010-12-14,6.80076118845793
2010-12-15,6.8226068456652165
2010-12-16,6.813700777968404
2010-12-17,6.827817516670667
2010-12-20,6.782664543031869
2010-12-21,6.872076491474058
2010-12-22,6.840374834782908
2010-12-23,6.738461314070685
2010-12-24,6.644992443123917
2010-12-27,6.504360278337051
2010-12-28,6.426939833222364
2010-12-29,6.5186426825547095
2010-12-30,6.535411655869925
2010-12-31,6.616782534268849
2011-01-04,6.7087448584115075
2011-01-05,6.735288428723136
2011-01-06,6.734387373809714
2011-01-07,6.69430672685858
2011-01-10,6.584294474585282
2011-01-11,6.508506786783108
2011-01-12,6.538649393796276
2011-01-13,6.554517817092578
2011-01-14,6.457527341957934
2011-01-17,6.231350144333616
2011-01-18,6.252659599730509
2011-01-19,6.359217863606851
2011-01-20,6.195392988082345
2011-01-21,6.233786828485802
2011-01-24,6.166692943136435
2011-01-25,6.14334189192879
2011-01-26,6.189764956326324
2011-01-27,6.247684160302179
2011-01-28,6.310454519178858
2011-01-31,6.3270818441837156
2011-02-01,6.323089096587045
2011-02-09,6.279529929264375
2011-02-10,6.422351664840406
2011-02-11,6.459118817975376
2011-02-14,6.514055460727137
2011-02-15,6.544569543349495
2011-02-16,6.608994123515025
2011-02-17,6.6383810834572055
2011-02-18,6.58258655735216
2011-02-21,6.659839721627727
2011-02-22,6.579001284282555
2011-02-23,6.621949124069437
2011-02-24,6.635841989767393
2011-02-25,6.617860405366771
2011-02-28,6.680041669190704
2011-03-01,6.675434178993141
2011-03-02,6.659091672398604
2011-03-03,6.574523183638354
2011-03-04,6.60278534052582
2011-03-07,6.610009116714211
2011-03-08,6.651935706691311
2011-03-09,6.675904605726455
2011-03-10,6.693003267036022
2011-03-11,6.70675135575125
2011-03-14,6.727412482238553
2011-03-15,6.689865705032941
2011-03-16,6.726097532803607
2011-03-17,6.647667178246932
2011-03-18,6.713445625165656
2011-03-21,6.693798597134034
2011-03-22,6.664090624596339
2011-03-23,6.728793813907828
2011-03-24,6.714016944234265
2011-03-25,6.716512400359829
2011-03-28,6.710835837892885
2011-03-29,6.582557697132357
2011-03-30,6.545437536240229
2011-03-31,6.5290490819264635
2011-04-01,6.580874085990944
2011-04-06,6.556090407302027
2011-04-07,6.572212932579685
2011-04-08,6.651273361691155
2011-04-11,6.602271451935496
2011-04-12,6.5810775841787965
2011-04-13,6.652066195708284
2011-04-14,6.634211826933295
2011-04-15,6.640880552600677
2011-04-18,6.627346040879621
2011-04-19,6.588057321910774
2011-04-20,6.611161263623473
2011-04-21,6.6663343687723335
2011-04-22,6.680680617665284
2011-04-25,6.644218500473905
2011-04-26,6.5476995110985525
2011-04-27,6.48654832607246
2011-04-28,6.295643462348287
2011-04-29,6.382341839807003
2011-05-03,6.434802546592889
2011-05-04,6.346938643537927
2011-05-05,6.394582495992002
2011-05-06,6.417595494926456
2011-05-09,6.466843092831606
2011-05-10,6.459265787046957
2011-05-11,6.475554664255286
2011-05-12,6.387492284323164
2011-05-13,6.391404825730787
2011-05-16,6.39149676600371
2011-05-17,6.370462035924162
2011-05-18,6.371050325366806
2011-05-19,6.366896128967049
2011-05-20,6.339151350079998
2011-05-23,6.180936876797989
2011-05-24,6.247042675220041
2011-05-25,6.138798981795269
2011-05-26,6.092661543418189
2011-05-27,6.019529068068893
2011-05-30,6.016586558312942
2011-05-31,6.052285313976204
2011-06-01,6.078025319852022
2011-06-02,6.039340853668111
2011-06-03,6.061027755504515
2011-06-07,6.068262168001536
2011-06-08,6.066044052046276
2011-06-09,6.028071460678725
2011-06-10,6.021311582329145
2011-06-13,6.014561625703664
2011-06-14,6.040460947114218
2011-06-15,6.017459352895431
2011-06-16,5.974633780902152
2011-06-17,5.954219800398806
2011-06-20,5.9308369659794336
2011-06-21,5.961340639355345
2011-06-22,5.964626738663901
2011-06-23,6.007835256903709
2011-06-24,6.052716488697643
2011-06-27,6.0809262531204356
2011-06-28,6.0895008370315775
2011-06-29,6.075635014230304
2011-06-30,6.082191167435716
2011-07-01,6.084393311632454
2011-07-04,6.128431484065656
2011-07-05,6.132187264918708
2011-07-06,6.153505832276019
2011-07-07,6.163137829124325
2011-07-08,6.152455302483389
2011-07-11,6.167460428532288
2011-07-12,6.14231250697293
2011-07-13,6.182195616381609
2011-07-14,6.214830393176256
2011-07-15,6.240246519921737
2011-07-18,6.233162110649979
2011-07-19,6.204975819871637
2011-07-20,6.210269920460769
2011-07-21,6.185325895703712
2011-07-22,6.193176070026486
2011-07-25,6.122651257251913
2011-07-26,6.129217518058616
2011-07-27,6.164563216319412
2011-07-28,6.158869508650824
2011-07-29,6.160346977339185
2011-08-01,6.161140972469942
2011-08-02,6.170582928356216
2011-08-03,6.20378629839089
2011-08-04,6.200951691636493
2011-08-05,6.152150553548104
2011-08-08,6.052654942878809
2011-08-09,6.036452957784832
2011-08-10,6.0704245973250615
2011-08-11,6.116896723313417
2011-08-12,6.151632143399302
2011-08-15,6.17431401913489
2011-08-16,6.1682159381404835
2011-08-17,6.171422145773206
2011-08-18,6.141163985969366
2011-08-19,6.136027295218269
2011-08-22,6.148091564431626
2011-08-23,6.192828292419476
2011-08-24,6.199684374278561
2011-08-25,6.215208702635195
2011-08-26,6.228413631496349
2011-08-29,6.2120088853483555
2011-08-30,6.1921733022213505
2011-08-31,6.189775331336222
2011-09-01,6.1847934482914155
2011-09-02,6.175281391035194
2011-09-05,6.141223259280291
2011-09-06,6.123332663188141
2011-09-07,6.166952467060077
2011-09-08,6.156751193990772
2011-09-09,6.150548964638314
2011-09-13,6.125648161375298
2011-09-14,6.145144467348681
2011-09-15,6.14592702233737
2011-09-16,6.156608988451979
2011-09-19,6.122395152427879
2011-09-20,6.128894673595439
2011-09-21,6.171423504793428
2011-09-22,6.132768908096455
2011-09-23,6.119753699578912
2011-09-26,6.10087411603927
2011-09-27,6.107657080254199
2011-09-28,6.085220630433854
2011-09-29,6.029921634837458
2011-09-30,6.031963905688103
2011-10-10,6.018372278893079
2011-10-11,6.008981190986469
2011-10-12,6.050006948303913
2011-10-13,6.062847156765204
2011-10-14,6.048927140221465
2011-10-17,6.065602765148379
2011-10-18,6.038945142873894
2011-10-19,6.039192227730629
2011-10-20,5.99301967262667
2011-10-21,5.963279229737828
2011-10-24,5.983310014977633
2011-10-25,6.02608200806742
2011-10-26,6.0531198656663685
2011-10-27,6.05149487041382
2011-10-28,6.085745891343348
2011-10-31,6.103867463966124
2011-11-01,6.09196572560789
2011-11-02,6.120806650581663
2011-11-03,6.123352932094579
2011-11-04,6.1377350720207655
2011-11-07,6.13697402687631
2011-11-08,6.123532177130592
2011-11-09,6.147592218824935
2011-11-10,6.1544871064361235
2011-11-11,6.173485849886599
2011-11-14,6.207196044980421
2011-11-15,6.207062208908115
2011-11-16,6.173443648832651
2011-11-17,6.1764288365639235
2011-11-18,6.139240202705627
2011-11-21,6.138216425068495
2011-11-22,6.140432666457155
2011-11-23,6.140308361016586
2011-11-24,6.134009928176844
2011-11-25,6.123932835765841
2011-11-28,6.124299987879748
2011-11-29,6.155426060900595
2011-11-30,6.094486546743921
2011-12-01,6.110683452424984
2011-12-02,6.101127819530692
2011-12-05,6.072336690161863
2011-12-06,6.074258524048405
2011-12-07,6.080114379971287
2011-12-08,6.083465132520714
2011-12-09,6.071483415632165
2011-12-12,6.055746974285507
2011-12-13,6.013750597748437
2011-12-14,5.997586281559066
2011-12-15,5.970157039132882
2011-12-16,5.996652387865974
2011-12-19,5.994272043393478
2011-12-20,5.992206629715202
2011-12-21,5.968869462544535
2011-12-22,5.945950090913113
2011-12-23,5.954325680777851
2011-12-26,5.943870806678794
2011-12-27,5.910455190519581
2011-12-28,5.892127299887294
2011-12-29,5.8902590745005075
2011-12-30,5.911315624047168
2012-01-04,5.8747504778014354
2012-01-05,5.8140829545974295
2012-01-06,5.808743154029093
2012-01-09,5.847383334814443
2012-01-10,5.886286448810265
2012-01-11,5.8851988357641325
2012-01-12,5.874584127412168
2012-01-13,5.817933563883828
2012-01-16,5.759346077714811
2012-01-17,5.810655385994169
2012-01-18,5.772352375876302
2012-01-19,5.783835173851846
2012-01-20,5.805156077394355
2012-01-30,5.807182830608457
2012-01-31,5.811258835742656
2012-02-01,5.805496786569561
2012-02-02,5.8228234024818235
2012-02-03,5.842943307776343
2012-02-06,5.854130153035113
2012-02-07,5.829155719024404
2012-02-08,5.860506237414609
2012-02-09,5.873578740389477
2012-02-10,5.872275622321216
2012-02-13,5.884079189156436
2012-02-14,5.882915854109879
2012-02-15,5.90217689558781
2012-02-16,5.90671873656605
2012-02-17,5.898190612509353
2012-02-20,5.89893360456319
2012-02-21,5.917750459848348
2012-02-22,5.940731167294183
2012-02-23,5.947348448795739
2012-02-24,5.952300399561867
2012-02-27,5.94949305576
2012-02-28,5.935429684755987
2012-02-29,5.914318906303388
2012-03-01,5.916706238178729
2012-03-02,5.939209321765107
2012-03-05,5.936693695526379
2012-03-06,5.924700062453092
2012-03-07,5.92421425105871
2012-03-08,5.937933847962881
2012-03-09,5.961706335408569
2012-03-12,5.976787649461142
2012-03-13,5.995044198566945
2012-03-14,5.942899581565814
2012-03-15,5.94675502781937
2012-03-16,5.97512446258883
2012-03-19,5.99222399360344
2012-03-20,5.955958599918365
2012-03-21,5.9547265838456775
2012-03-22,5.95137180252782
2012-03-23,5.922743352429521
2012-03-26,5.917281198377837
2012-03-27,5.915277202887214
2012-03-28,5.845531377079494
2012-03-29,5.81713743512489
2012-03-30,5.811726981828545
2012-04-05,5.839784952669714
2012-04-06,5.845587034877396
2012-04-09,5.8262881479875785
2012-04-10,5.8384555663706275
2012-04-11,5.84311570974143
2012-04-12,5.871274106793043
2012-04-13,5.881763467535545
2012-04-16,5.877077290162189
2012-04-17,5.876518813683996
2012-04-18,5.893309089712339
2012-04-19,5.896612676331006
2012-04-20,5.906571169040846
2012-04-23,5.87146019152857
2012-04-24,5.8519448549581545
2012-04-25,5.873978101223187
2012-04-26,5.877457323833421
2012-04-27,5.877944491799906
2012-05-02,5.909119834301981
2012-05-03,5.922575778044522
2012-05-04,5.949934849249398
2012-05-07,5.97925491947933
2012-05-08,5.982210863855842
2012-05-09,5.959435050238303
2012-05-10,5.970467374124753
2012-05-11,5.953383998574806
2012-05-14,5.941911470590811
2012-05-15,5.926521385852966
2012-05-16,5.901989378560622
2012-05-17,5.927887119235926
2012-05-18,5.904294490178802
2012-05-21,5.900552990033933
2012-05-22,5.929907723801803
2012-05-23,5.931830101428612
2012-05-24,5.916917867310864
2012-05-25,5.8896335147311145
2012-05-28,5.905653888425267
2012-05-29,5.9383002736004835
2012-05-30,5.944060982950493
2012-05-31,5.9680901048458015
2012-06-01,5.962162558730042
2012-06-04,5.8903290818877005
2012-06-05,5.896924562202088
2012-06-06,5.887088603194628
2012-06-07,5.8827603486084445
2012-06-08,5.872594097504968
2012-06-11,5.922361983384659
2012-06-12,5.923921671837224
2012-06-13,5.9672102646579805
2012-06-14,5.957344355989867
2012-06-15,5.974717303529057
2012-06-18,6.016170115006387
2012-06-19,6.011554272100703
2012-06-20,6.041421095238249
2012-06-21,6.000514390075678
2012-06-25,5.943664200788903
2012-06-26,5.949763133950604
2012-06-27,5.958725364470382
2012-06-28,5.955489084045157
2012-06-29,5.991580303566761
2012-07-02,6.011115367367194
2012-07-03,6.0299659789132365
2012-07-04,6.027718427788867
2012-07-05,5.979496425416928
2012-07-06,6.003595316119479
2012-07-09,5.964083706271027
2012-07-10,5.9555031367744995
2012-07-11,5.957565022926966
2012-07-12,5.977347875538882
2012-07-13,5.9643357002309045
2012-07-16,5.865448267332634
2012-07-17,5.8780812123896276
2012-07-18,5.8790962774215485
2012-07-19,5.916130951834573
2012-07-20,5.905066490981049
2012-07-23,5.897132722001773
2012-07-24,5.9155198247250995
2012-07-25,5.906115719118792
2012-07-26,5.899002804120485
2012-07-27,5.8955944873794115
2012-07-30,5.8755434262659705
2012-07-31,5.849962039301377
2012-08-01,5.860557597605065
2012-08-02,5.848435027512268
2012-08-03,5.885093228494193
2012-08-06,5.92056134938369
2012-08-07,5.930331603178201
2012-08-08,5.92552776738429
2012-08-09,5.958515261690576
2012-08-10,5.957122691983244
2012-08-13,5.916498407821871
2012-08-14,5.933573668742616
2012-08-15,5.910286966471723
2012-08-16,5.9117384814041
2012-08-17,5.913561089624041
2012-08-20,5.92986538849679
2012-08-21,5.973832700979808
2012-08-22,5.9621314501511575
2012-08-23,6.001216749819362
2012-08-24,5.978334517634483
2012-08-27,5.952417565552432
2012-08-28,5.9746818433236575
2012-08-29,5.979795594210031
2012-08-30,5.9410489055125195
2012-08-31,5.953069853831654
2012-09-03,5.97075941179874
2012-09-04,5.974286902751142
2012-09-05,6.003044877167016
2012-09-06,6.014963914634142
2012-09-07,6.059212267160736
2012-09-10,6.060991759183547
2012-09-11,6.056406691879586
2012-09-12,6.064532917802274
2012-09-13,6.048578529256923
2012-09-14,6.0497366789712705
2012-09-17,5.999702860492173
2012-09-18,5.991359657392344
2012-09-19,5.997536318551154
2012-09-20,5.947543845252404
2012-09-21,5.931211826529228
2012-09-24,5.936036450963781
2012-09-25,5.932468947376316
2012-09-26,5.896381411296559
2012-09-27,5.926707538014396
2012-09-28,5.954201050970925
2012-10-08,5.942935200242635
2012-10-09,5.984088882142275
2012-10-10,5.994545664047776
2012-10-11,5.968570534068033
2012-10-12,5.965672753678384
2012-10-15,5.946409210918772
2012-10-16,5.951531386636425
2012-10-17,5.9634957404755635
2012-10-18,5.982181460720768
2012-10-19,5.978794848210115
2012-10-22,5.990250852561076
2012-10-23,5.978212149328965
2012-10-24,5.976256277541646
2012-10-25,5.96679710343622
2012-10-26,5.9426459769613365
2012-10-29,5.94090999454432
2012-10-30,5.9515079559833906
2012-10-31,5.959102457919178
2012-11-01,5.974805779379119
2012-11-02,5.980996643568259
2012-11-05,5.977502222172826
2012-11-06,5.969111814670388
2012-11-07,5.970027059606035
2012-11-08,5.9452541937076715
2012-11-09,5.948730932012397
2012-11-12,5.952630516824075
2012-11-13,5.932089576987381
2012-11-14,5.934719825831735
2012-11-15,5.906297653029012
2012-11-16,5.897682732786665
2012-11-19,5.9070267238040275
2012-11-20,5.905854151148449
2012-11-21,5.922396632357345
2012-11-22,5.915644777492553
2012-11-23,5.913749393105902
2012-11-26,5.906248254625141
2012-11-27,5.855256106790269
2012-11-28,5.834031308891263
2012-11-29,5.81695868978058
2012-11-30,5.823482389012124
2012-12-03,5.786610745060509
2012-12-04,5.796144038563056
2012-12-05,5.8355403547818
2012-12-06,5.83287551049052
2012-12-07,5.858193412425324
2012-12-10,5.874707628049181
2012-12-11,5.862773632566181
2012-12-12,5.8606622592973805
2012-12-13,5.854033382936706
2012-12-14,5.896638463637952
2012-12-17,5.904919668956291
2012-12-18,5.908607456316413
2012-12-19,5.914624922080877
2012-12-20,5.9333830091083
2012-12-21,5.948664004452814
2012-12-24,5.959625701008144
2012-12-25,5.99022044776184
2012-12-26,6.019155878051162
2012-12-27,5.9885895950844965
2012-12-28,6.002602677584109
2012-12-31,6.004257604922211
2013-01-04,5.979623889360521
2013-01-07,6.034807618124498
2013-01-08,6.119535309710824
2013-01-09,6.109209354338414
2013-01-10,6.114636550752393
2013-01-11,6.088373103012779
2013-01-14,6.206550674282378
2013-01-15,6.239471929449509
2013-01-16,6.206415674750215
2013-01-17,6.1706579537635236
2013-01-18,6.210125911708614
2013-01-21,6.227640815440033
2013-01-22,6.158037916995245
2013-01-23,6.16582307669118
2013-01-24,6.0873949565534335
2013-01-25,6.0827111502274915
2013-01-28,6.164925132197038
2013-01-29,6.206368214288191
2013-01-30,6.193945367697692
2013-01-31,6.157081301949506
2013-02-01,6.194133097668094
2013-02-04,6.171036066843849
2013-02-05,6.1987167355426775
2013-02-06,6.218100318438314
2013-02-07,6.239374609684167
2013-02-08,6.301907968933831
2013-02-18,6.3357516130526195
2013-02-19,6.285792579081979
2013-02-20,6.374577310386843
2013-02-21,6.320863842354703
2013-02-22,6.344138701403524
2013-02-25,6.408066830417359
2013-02-26,6.357233656026825
2013-02-27,6.332170736607918
2013-02-28,6.412344670120007
2013-03-01,6.498555338948644
2013-03-04,6.3756845844723085
2013-03-05,6.485330645593932
2013-03-06,6.598642294742578
2013-03-07,6.5440770376594655
2013-03-08,6.523657314119744
2013-03-11,6.5149745272733375
2013-03-12,6.33564223621128
2013-03-13,6.314864252976098
2013-03-14,6.316728922930221
2013-03-15,6.343526752942136
2013-03-18,6.25518460941957
2013-03-19,6.268120314945935
2013-03-20,6.405717927650049
2013-03-21,6.46396640391284
2013-03-22,6.46223708012851
2013-03-25,6.466355177023781
2013-03-26,6.420102101080147
2013-03-27,6.439590490429379
2013-03-28,6.257685756429847
2013-03-29,6.2323719166704095
2013-04-01,6.246701038503641
2013-04-02,6.1799557793436035
2013-04-03,6.111770423981747
2013-04-08,6.073886652921667
2013-04-09,6.108946389713059
2013-04-10,6.11572902862881
2013-04-11,6.126123635126236
2013-04-12,6.117384547482024
2013-04-15,6.079780437638834
2013-04-16,6.168367059861556
2013-04-17,6.200532458118491
2013-04-18,6.216716083217864
2013-04-19,6.323677274320384
2013-04-22,6.326283508373461
2013-04-23,6.2089675338174715
2013-04-24,6.34053953196262
2013-04-25,6.322233437249806
2013-04-26,6.220963421204817
2013-05-02,6.24362053968996
2013-05-03,6.3181885413622485
2013-05-06,6.425927364214421
2013-05-07,6.425011461643452
2013-05-08,6.500926437845537
2013-05-09,6.551074392601984
2013-05-10,6.589097548579671
2013-05-13,6.608443543503679
2013-05-14,6.523046847903102
2013-05-15,6.631155707796639
2013-05-16,6.6470917157074245
2013-05-17,6.729400776219454
2013-05-20,6.86477314232064
2013-05-21,6.960763487209762
2013-05-22,6.8653850953252356
2013-05-23,6.899427823973581
2013-05-24,7.044791718582433
2013-05-27,7.122345659052408
2013-05-28,7.018016615890001
2013-05-29,7.083542178126356
2013-05-30,7.109769050221596
2013-05-31,7.096812587550127
2013-06-03,7.016442056331391
2013-06-04,6.880458532562606
2013-06-05,6.937094052622561
2013-06-06,6.836091240905341
2013-06-07,6.778443795548308
2013-06-13,6.628015193167326
2013-06-14,6.745296267364155
2013-06-17,6.811491164206892
2013-06-18,6.854644973002628
2013-06-19,6.866080812523453
2013-06-20,6.753797710952268
2013-06-21,6.730553374101495
2013-06-24,6.39069591483653
2013-06-25,6.333353798111513
2013-06-26,6.448996494483393
2013-06-27,6.310426409420024
2013-06-28,6.237152728792423
2013-07-01,6.296835414290724
2013-07-02,6.351109959325918
2013-07-03,6.367562812244439
2013-07-04,6.39290146790205
2013-07-05,6.352669978656016
2013-07-08,6.253850326756845
2013-07-09,6.3006664582919365
2013-07-10,6.372162019871579
2013-07-11,6.428058809730008
2013-07-12,6.424572990319956
2013-07-15,6.472345049363085
2013-07-16,6.510069814777591
2013-07-17,6.480314175204744
2013-07-18,6.51101132426327
2013-07-19,6.472591345932048
2013-07-22,6.535666467512472
2013-07-23,6.601424339951415
2013-07-24,6.624947584006528
2013-07-25,6.532514166629103
2013-07-26,6.568814763053531
2013-07-29,6.547882197863175
2013-07-30,6.540000757421433
2013-07-31,6.585883993811794
2013-08-01,6.720721425503211
2013-08-02,6.751022751221818
2013-08-05,6.833467043215445
2013-08-06,6.859894376455691
2013-08-07,6.819040582074482
2013-08-08,6.879617914557131
2013-08-09,6.891857572549532
2013-08-12,6.950429687180315
2013-08-13,6.975012684240735
2013-08-14,6.987759340517325
2013-08-15,6.940509438984953
2013-08-16,6.8513159091516975
2013-08-19,6.9346088923259925
2013-08-20,6.969363601758767
2013-08-21,7.009991776092662
2013-08-22,7.006641941787265
2013-08-23,6.972779909775845
2013-08-26,7.056657338009045
2013-08-27,7.073521520833632
2013-08-28,6.996577009530317
2013-08-29,7.0341796834928685
2013-08-30,6.960955194373653
2013-09-02,7.006456474273999
2013-09-03,7.063390588156023
2013-09-04,7.048862170816652
2013-09-05,7.0705788205606765
2013-09-06,7.092272225413439
2013-09-09,7.136378280525264
2013-09-10,7.139959792849132
2013-09-11,7.115360500342533
2013-09-12,7.113972540282365
2013-09-13,7.138245674933665
2013-09-16,7.171543412469951
2013-09-17,7.095034821944612
2013-09-18,7.131232585257474
2013-09-23,7.210570187109265
2013-09-24,7.258274158782087
2013-09-25,7.2736493190183085
2013-09-26,7.235252709723322
2013-09-27,7.227315559945767
2013-09-30,7.286648281006854
2013-10-08,7.338184946152737
2013-10-09,7.369037703666198
2013-10-10,7.33256342075563
2013-10-11,7.412619566082234
2013-10-14,7.475013984151805
2013-10-15,7.4576926380355415
2013-10-16,7.322212803021859
2013-10-17,7.366570822357866
2013-10-18,7.40758487189376
2013-10-21,7.562737836405569
2013-10-22,7.5769791623223925
2013-10-23,7.449871493995957
2013-10-24,7.430607259091867
2013-10-25,7.41529343332975
2013-10-28,7.456786161572181
2013-10-29,7.226427969941567
2013-10-30,7.381892875119945
2013-10-31,7.4452348867379055
2013-11-01,7.400992321582633
2013-11-04,7.435023814096099
2013-11-05,7.480091263133395
2013-11-06,7.442895912812754
2013-11-07,7.4061204066372355
2013-11-08,7.333322867791281
2013-11-11,7.485757875574842
2013-11-12,7.62150778545934
2013-11-13,7.5619048764137
2013-11-14,7.746881097639756
2013-11-15,7.938446601146161
2013-11-18,8.04571509232572
2013-11-19,8.045985360335187
2013-11-20,8.035932283486451
2013-11-21,7.976166313077145
2013-11-22,7.985329400600898
2013-11-25,8.07064542845109
2013-11-26,8.128468787342989
2013-11-27,8.179670130253076
2013-11-28,8.25126252499105
2013-11-29,8.402027873255342
2013-12-02,7.857718617041863
2013-12-03,8.002626875880738
2013-12-04,8.222379753025853
2013-12-05,8.30467660730589
2013-12-06,8.298890529255408
2013-12-09,8.424463878481227
2013-12-10,8.40804005801471
2013-12-11,8.325834419717507
2013-12-12,8.424278132692303
2013-12-13,8.528450167407602
2013-12-16,8.434993376179154
2013-12-17,8.365946549122647
2013-12-18,8.354254532981232
2013-12-19,8.305452883250798
2013-12-20,8.232103374547956
2013-12-23,8.199947147746554
2013-12-24,8.265344046621331
2013-12-25,8.451485308883779
2013-12-26,8.350435676853694
2013-12-27,8.499684495817602
2013-12-30,8.61003641720458
2013-12-31,8.542931987444241
2014-01-02,8.640363116104025
2014-01-03,8.625620019067888
2014-01-06,8.520559818170065
2014-01-07,8.576571790699381
2014-01-08,8.60680946440654
2014-01-09,8.451799861910256
2014-01-10,8.335543478559126
2014-01-13,8.332188336748487
2014-01-14,8.509453854556272
2014-01-15,8.666551968634174
2014-01-16,8.677313788716246
2014-01-17,8.652743310295113
2014-01-20,8.617965272671332
2014-01-21,8.77564328765799
2014-01-22,8.8688975719291
2014-01-23,8.951452533933365
2014-01-24,8.957237497344618
2014-01-27,8.918570555701182
2014-01-28,8.896533339704892
2014-01-29,8.992104629911955
2014-01-30,8.980329244501585
2014-02-07,9.072696242092011
2014-02-10,9.236743318783814
2014-02-11,9.253127616657194
2014-02-12,9.379492891304212
2014-02-13,9.255770415990684
2014-02-14,9.458080795951746
2014-02-17,9.633055592161856
2014-02-18,9.641318246643277
2014-02-19,9.591689248385567
2014-02-20,9.520611688167179
2014-02-21,9.49126042904406
2014-02-24,9.548550606253443
2014-02-25,9.258964947964827
2014-02-26,9.294981219892454
2014-02-27,9.254291592008002
2014-02-28,9.349850658714226
2014-03-03,9.456116577625616
2014-03-04,9.435383154992921
2014-03-05,9.406414373641734
2014-03-06,9.394228614174247
2014-03-07,9.34776061870329
2014-03-10,9.109132113874626
2014-03-11,9.085449758498669
2014-03-12,9.119527657193673
2014-03-13,9.180849937933708
2014-03-14,9.209378287025991
2014-03-17,9.340162975650355
2014-03-18,9.424531278615667
2014-03-19,9.418365305709047
2014-03-20,9.282655794425395
2014-03-21,9.392373353500195
2014-03-24,9.466462469306858
2014-03-25,9.451966564032022
2014-03-26,9.465462878638979
2014-03-27,9.307735025219232
2014-03-28,9.144743072536743
2014-03-31,9.091389342362856
2014-04-01,9.190905319114524
2014-04-02,9.17254334999024
2014-04-03,9.209507150113867
2014-04-04,9.249453610873092
2014-04-08,9.284548947459708
2014-04-09,9.371217949104967
2014-04-10,9.374909586174274
2014-04-11,9.336035672127894
2014-04-14,9.409147482236182
2014-04-15,9.364904079652714
2014-04-16,9.399348935787632
2014-04-17,9.418316142363645
2014-04-18,9.422516742225056
2014-04-21,9.322967425381146
2014-04-22,9.259960832464571
2014-04-23,9.24578436450717
2014-04-24,9.242868982363037
2014-04-25,9.116622015541612
2014-04-28,8.951835246297465
2014-04-29,9.007846129208833
2014-04-30,9.069922281452806
2014-05-05,9.109353723300124
2014-05-06,9.159919606079884
2014-05-07,9.113337927537907
2014-05-08,9.145684991863126
2014-05-09,9.122617633649108
2014-05-12,9.206533266825184
2014-05-13,9.20692238830473
2014-05-14,9.198372905756615
2014-05-15,9.12562614886921
2014-05-16,9.093747347514148
2014-05-19,9.106667087179003
2014-05-20,9.141014905508431
2014-05-21,9.203244113887306
2014-05-22,9.228795608369168
2014-05-23,9.27897551224412
2014-05-26,9.339816731383404
2014-05-27,9.318204710119707
2014-05-28,9.36885472505632
2014-05-29,9.266987125815646
2014-05-30,9.300143532133525
2014-06-03,9.297490462446527
2014-06-04,9.280596994670654
2014-06-05,9.345366395328556
2014-06-06,9.33776261127114
2014-06-09,9.324203942599553
2014-06-10,9.377852367710316
2014-06-11,9.40863701382416
2014-06-12,9.425400653182496
2014-06-13,9.463145368285046
2014-06-16,9.521933801223128
2014-06-17,9.503169343190507
2014-06-18,9.465726797104681
2014-06-19,9.338237803433513
2014-06-20,9.416028399425034
2014-06-23,9.487056678735419
2014-06-24,9.519035986683935
2014-06-25,9.517235452028984
2014-06-26,9.600893527743988
2014-06-27,9.597399896131037
2014-06-30,9.658921945154416
2014-07-01,9.674197435932593
2014-07-02,9.695960149524822
2014-07-03,9.727874185702559
2014-07-04,9.746396206860389
2014-07-07,9.75012482186092
2014-07-08,9.786726501339684
2014-07-09,9.739814396371882
2014-07-10,9.741536929637816
2014-07-11,9.787688589499952
2014-07-14,9.87329657027115
2014-07-15,9.830364272380514
2014-07-16,9.783905973851642
2014-07-17,9.779083431230108
2014-07-18,9.79898393765638
2014-07-21,9.772080482581249
2014-07-22,9.818408532105114
2014-07-23,9.756480249853883
2014-07-24,9.768479953911744
2014-07-25,9.790739031333246
2014-07-28,9.853057463997752
2014-07-29,9.90566088853878
2014-07-30,9.909640121710748
2014-07-31,9.963782003678878
2014-08-01,9.906352596191224
2014-08-04,10.022101073228992
2014-08-05,10.074499886209148
2014-08-06,10.079738998788315
2014-08-07,10.013627429394514
2014-08-08,10.068872185059682
2014-08-11,10.14769482223727
2014-08-12,10.155595935363426
2014-08-13,10.203334753760517
2014-08-14,10.216661589271695
2014-08-15,10.309151763737216
2014-08-18,10.377362690039886
2014-08-19,10.378972936080016
2014-08-20,10.433640715361104
2014-08-21,10.444812656034147
2014-08-22,10.529235963321094
2014-08-25,10.526708462696037
2014-08-26,10.408062698150518
2014-08-27,10.425083703205747
2014-08-28,10.428773122855429
2014-08-29,10.478993618530572
2014-09-01,10.578001685344384
2014-09-02,10.69864942184159
2014-09-03,10.79381865374933
2014-09-04,10.862600395724881
2014-09-05,10.91830910084864
2014-09-09,11.061975135582644
2014-09-10,11.124549165216381
2014-09-11,11.074290348764011
2014-09-12,11.198998380918264
2014-09-15,11.30674546062313
2014-09-16,11.003679400182403
2014-09-17,11.106409152647005
2014-09-18,11.206247961683934
2014-09-19,11.27864259138353
2014-09-22,11.273303782055624
2014-09-23,11.43004117121046
2014-09-24,11.581529230885407
2014-09-25,11.514588365842613
2014-09-26,11.596405893069225
2014-09-29,11.779976864246967
2014-09-30,11.84035726185001
2014-10-08,11.918159162242974
2014-10-09,11.903666264497936
2014-10-10,11.87743928522405
2014-10-13,11.988684942890366
2014-10-14,11.971594096185836
2014-10-15,11.989079528235226
2014-10-16,11.857782728181158
2014-10-17,11.752274230637992
2014-10-20,11.903463222985296
2014-10-21,11.846372293858513
2014-10-22,11.739668216242507
2014-10-23,11.594009624512049
2014-10-24,11.62440967354453
2014-10-27,11.788134973342213
2014-10-28,12.088959297104779
2014-10-29,12.214562869938598
2014-10-30,12.235544827298284
2014-10-31,12.202130207166208
2014-11-03,12.368742798558909
2014-11-04,12.239221826606826
2014-11-05,12.236370528510804
2014-11-06,12.476054667380609
2014-11-07,12.478186150527542
2014-11-10,12.529209414338556
2014-11-11,12.06552408649691
2014-11-12,12.35397869572003
2014-11-13,12.17551377163344
2014-11-14,12.088735957539015
2014-11-17,12.28172311243717
2014-11-18,12.32412323822114
2014-11-19,12.48001829734347
2014-11-20,12.419872889014952
2014-11-21,12.609271495609942
2014-11-24,12.687623437176725
2014-11-25,12.813609143699285
2014-11-26,12.863011637444343
2014-11-27,13.034263234633938
2014-11-28,13.064862226300704
2014-12-01,12.840614527617081
2014-12-02,13.071684562557346
2014-12-03,13.189454635670032
2014-12-04,13.204112500754098
2014-12-05,12.74290838966684
2014-12-08,12.575894457888044
2014-12-09,11.921618939067294
2014-12-10,12.35250226246097
2014-12-11,12.535997373192926
2014-12-12,12.645376371517024
2014-12-15,12.925474824718082
2014-12-16,12.881213156739213
2014-12-17,12.616044278235364
2014-12-18,12.565210569073995
2014-12-19,12.392351666458351
2014-12-22,11.76134367636073
2014-12-23,11.801174369115756
2014-12-24,12.236910870404955
2014-12-25,12.503795121672988
2014-12-26,12.522606964963398
2014-12-29,12.309504931562545
2014-12-30,12.081430054586386
2014-12-31,12.171428436493665
2015-01-05,12.124935020798128
2015-01-06,12.461740757616981
2015-01-07,12.385409576439477
2015-01-08,12.422753100764375
2015-01-09,12.33034717778577
2015-01-12,12.206599886495836
2015-01-13,12.396468862885913
2015-01-14,12.367671628134351
2015-01-15,12.367240522677648
2015-01-16,12.52798964606011
2015-01-19,12.43337044652243
2015-01-20,12.895341045570344
2015-01-21,13.158530621824813
2015-01-22,13.352410701871761
2015-01-23,13.24514770761821
2015-01-26,13.474837335924793
2015-01-27,13.49376570130598
2015-01-28,13.504448395919269
2015-01-29,13.369335686327316
2015-01-30,13.107892455343356
2015-02-02,13.08810296737749
2015-02-03,13.248755163339153
2015-02-04,13.291689109398572
2015-02-05,13.272888617104647
2015-02-06,13.061712845898695
2015-02-09,13.00505910757162
2015-02-10,13.12395852521499
2015-02-11,13.259568277314669
2015-02-12,13.37519904867983
2015-02-13,13.65356859814541
2015-02-16,13.91806310810063
2015-02-17,13.94606743311886
2015-02-25,13.789822897383354
2015-02-26,13.844413484966376
2015-02-27,14.014546198759097
2015-03-02,14.186343372538074
2015-03-03,14.10629587009965
2015-03-04,14.317702120609322
2015-03-05,14.374158518568144
2015-03-06,14.387334757195612
2015-03-09,14.640138728250296
2015-03-10,14.728032048609636
2015-03-11,14.859963502945101
2015-03-12,14.820237501108842
2015-03-13,14.976998422697536
2015-03-16,15.269238449176955
2015-03-17,15.306438855946514
2015-03-18,15.5516153649039
2015-03-19,15.683792602555481
2015-03-20,15.919608139997578
2015-03-23,16.47846146956686
2015-03-24,16.452498973066138
2015-03-25,16.66437417777196
2015-03-26,16.40585597328968
2015-03-27,16.606272443089136
2015-03-30,16.55412536146477
2015-03-31,16.76199605353297
2015-04-01,17.234501966024634
2015-04-02,17.693422083925768
2015-04-03,18.125195660873363
2015-04-07,18.586864748785974
2015-04-08,18.60791367245113
2015-04-09,18.485311124431373
2015-04-10,18.843922528177643
2015-04-13,19.2692018252149
2015-04-14,18.92759672726519
2015-04-15,18.10232872726644
2015-04-16,18.232685228758346
2015-04-17,18.23513590461224
2015-04-20,18.084653358594352
2015-04-21,18.6088758593091
2015-04-22,19.001692427473753
2015-04-23,18.9875148689545
2015-04-24,18.945824336751684
2015-04-27,19.035748855157834
2015-04-28,18.641501742745493
2015-04-29,18.941675970762766
2015-04-30,18.878918442738932
2015-05-04,19.07388931687314
2015-05-05,18.830540761978348
2015-05-06,18.745190830666715
2015-05-07,18.480916665041637
2015-05-08,19.143528648987125
2015-05-11,19.927023939596026
2015-05-12,20.135584140855272
2015-05-13,20.051370282851067
2015-05-14,20.552093505384043
2015-05-15,20.59974570208227
2015-05-18,21.29653747776925
2015-05-19,21.554335911822985
2015-05-20,21.781734449556815
2015-05-21,22.354248551318918
2015-05-22,22.48604603142207
2015-05-25,22.683915934230875
2015-05-26,23.712364557261996
2015-05-27,24.531503296802125
2015-05-28,24.153056761914442
2015-05-29,24.54832773433349
2015-06-01,25.424595990603112
2015-06-02,26.398456411906032
2015-06-03,26.71184067598909
2015-06-04,26.21273597478363
2015-06-05,26.506659114781606
2015-06-08,25.999637258744862
2015-06-09,26.018696796638356
2015-06-10,26.263900472969482
2015-06-11,26.565923435907717
2015-06-12,27.013705942333647
2015-06-15,26.527048711374366
2015-06-16,25.669641212138444
2015-06-17,26.24213635867742
2015-06-18,25.61081265969209
2015-06-19,24.25388038787435
2015-06-23,24.18042188031364
2015-06-24,24.698982941934762
2015-06-25,24.07457497220328
2015-06-26,22.621426107135836
2015-06-29,21.541441628224483
2015-06-30,22.25419584713025
2015-07-01,21.605834538287844
2015-07-02,20.665823004142126
2015-07-03,19.785050510977875
2015-07-06,19.123750055052962
2015-07-07,18.159971738892718
2015-07-08,17.94948348972533
2015-07-09,18.9423937508821
2015-07-10,19.989992840146314
2015-07-13,21.08720644978074
2015-07-14,21.72808868333844
2015-07-15,20.82892004148073
2015-07-16,21.164662553579905
2015-07-17,22.064385014329755
2015-07-20,22.390924102544766
2015-07-21,22.661315513352907
2015-07-22,22.93596909262898
2015-07-23,23.491072184771603
2015-07-24,23.131703635360836
2015-07-27,21.910252013475226
2015-07-28,21.253946333910726
2015-07-29,22.071642674368146
2015-07-30,21.716174528187526
2015-07-31,21.48319225610567
2015-08-03,20.721434880653664
2015-08-04,21.561140699718997
2015-08-05,21.639387952458783
2015-08-06,21.699964405247755
2015-08-07,22.16570869407223
2015-08-10,22.80036263246878
2015-08-11,23.06728246562017
2015-08-12,23.002806060185048
2015-08-13,23.37685248342136
2015-08-14,23.334023539549296
2015-08-17,23.474257163193577
2015-08-18,22.44617232291677
2015-08-19,22.8247277867377
2015-08-20,22.619455454400693
2015-08-21,21.862249368118363
2015-08-24,20.8194538250008
2015-08-25,19.833730595286333
2015-08-26,19.519345712632468
2015-08-27,19.998322530645783
2015-08-28,20.71462981876788
2015-08-31,20.412795920563408
2015-09-01,19.939026792699895
2015-09-02,19.76775992469301
2015-09-07,19.932305443476583
2015-09-08,20.28282770856168
2015-09-09,20.52515305237639
2015-09-10,20.420707187739698
2015-09-11,20.508919996123783
2015-09-14,20.0300375895367
2015-09-15,19.70835076097807
2015-09-16,20.17219982917065
2015-09-17,20.146182084334477
2015-09-18,20.308758895812314
2015-09-21,20.540845379207962
2015-09-22,20.568347428903312
2015-09-23,20.528572125920082
2015-09-24,20.64854989581332
2015-09-25,20.421293491098865
2015-09-28,20.63701226038503
2015-09-29,20.59680247027281
2015-09-30,20.64580610804698
2015-10-08,20.854471071323896
2015-10-09,20.971765884044654
2015-10-12,21.15308924109788
2015-10-13,21.240376830501628
2015-10-14,21.18165553088836
2015-10-15,21.39694253988393
2015-10-16,21.43373429302864
2015-10-19,21.420332433711337
2015-10-20,21.523800293302696
2015-10-21,21.21178248267889
2015-10-22,21.47924523931472
2015-10-23,21.780082793867585
2015-10-26,21.833327213911456
2015-10-27,21.874067911813523
2015-10-28,21.77582649765864
2015-10-29,21.83996913189555
2015-10-30,21.899267138991792
2015-11-02,21.9316244684539
2015-11-03,22.0568909965625
2015-11-04,22.433873212101552
2015-11-05,22.28574272397304
2015-11-06,22.6251601171916
2015-11-09,22.85023322554487
2015-11-10,22.844585934861673
2015-11-11,23.178986459897114
2015-11-12,23.42241825808463
2015-11-13,22.981278524222255
2015-11-16,23.205377687376767
2015-11-17,22.974190276167047
2015-11-18,22.70267084994882
2015-11-19,23.051303305250766
2015-11-20,23.23585351721876
2015-11-23,23.146778828741052
2015-11-24,23.523689970109167
2015-11-25,23.638428124443248
2015-11-26,23.484490386979072
2015-11-27,22.942315332193257
2015-11-30,23.215112141093037
2015-12-01,23.15611626970262
2015-12-02,23.073957289545977
2015-12-03,23.322070950454933
2015-12-04,23.31644128251643
2015-12-07,23.42433173711861
2015-12-08,23.39563455004244
2015-12-09,23.325110351010427
2015-12-10,23.258400341274022
2015-12-11,23.221667740603955
2015-12-14,23.41337236638513
2015-12-15,23.499449188800877
2015-12-16,23.677090859712017
2015-12-17,23.94721442067859
2015-12-18,23.958809450116597
2015-12-21,23.99921799446531
2015-12-22,23.994099537323375
2015-12-23,23.940079288990425
2015-12-24,24.047658498439983
2015-12-25,24.19697881167637
2015-12-28,23.884658393654213
2015-12-29,24.074058270576195
2015-12-30,24.15316942441482
2015-12-31,23.910502177408116
2016-01-04,22.810341223358172
2016-01-05,22.48658531247566
2016-01-06,22.79591173796638
2016-01-07,21.748494095087885
2016-01-08,21.84837874945823
2016-01-11,20.923092169893962
2016-01-12,21.072403702034485
2016-01-13,20.65882431076704
2016-01-14,21.104221522673974
2016-01-15,20.75624698011544
2016-01-18,21.015914607503124
2016-01-19,21.450183370647782
2016-01-20,21.389593886752998
2016-01-21,21.08000287457308
2016-01-22,21.29539129109152
2016-01-25,21.40440572920834
2016-01-26,20.519875074203718
2016-01-27,20.499722407530516
2016-01-28,20.105969483805097
2016-01-29,20.555051826630045
2016-02-01,20.540399566415708
2016-02-02,20.742592672141253
2016-02-03,20.78187520943374
2016-02-04,20.901424783984016
2016-02-05,20.837799748841707
2016-02-15,20.823303842294372
2016-02-16,21.056278807480055
2016-02-17,21.09635896031118
2016-02-18,21.090989191190566
2016-02-19,21.12064665078186
2016-02-22,21.28198218585661
2016-02-23,21.240610683116746
2016-02-24,21.211536929641305
2016-02-25,20.732442137545885
2016-02-26,20.73212090376073
2016-02-29,20.386412773494275
2016-03-01,20.50666963922689
2016-03-02,20.75381873066366
2016-03-03,20.747084328598667
2016-03-04,20.54730623157484
2016-03-07,20.684098058717485
2016-03-08,20.774182544389184
2016-03-09,20.63323115135676
2016-03-10,20.540636141886672
2016-03-11,20.5672073993517
2016-03-14,20.79965805387347
2016-03-15,20.751102992051813
2016-03-16,20.71567011795497
2016-03-17,20.88057029744376
2016-03-18,21.071895845298204
2016-03-21,21.22496216293234
2016-03-22,21.23129874003408
2016-03-23,21.290147907481256
2016-03-24,21.31270380775627
2016-03-25,21.323525229356864
2016-03-28,21.29324156978387
2016-03-29,21.157803922533038
2016-03-30,21.36372988265549
2016-03-31,21.382436978576454
2016-04-01,21.36910713730778
2016-04-05,21.540605216153875
2016-04-06,21.569918537427604
2016-04-07,21.4901329555325
2016-04-08,21.445895559101704
2016-04-11,21.575078975357712
2016-04-12,21.547247886068718
2016-04-13,21.62379133188195
2016-04-14,21.681033950284075
2016-04-15,21.68807813652201
2016-04-18,21.613308727622258
2016-04-19,21.630565009246354
2016-04-20,21.392495182702717
2016-04-21,21.38058295316214
2016-04-22,21.423102563854492
2016-04-25,21.420711329301614
2016-04-26,21.49393932528723
2016-04-27,21.48271537081341
2016-04-28,21.46781344863726
2016-04-29,21.46882310210918
2016-05-03,21.678283288287023
2016-05-04,21.68092334111261
2016-05-05,21.75030645516153
2016-05-06,21.457552227945914
2016-05-09,21.111085978053055
2016-05-10,21.113091742582643
2016-05-11,21.106056282227808
2016-05-12,21.034671219776264
2016-05-13,21.003736548889833
2016-05-16,21.123147106516868
2016-05-17,21.14243054430916
2016-05-18,20.886784191671627
2016-05-19,20.936922147674824
2016-05-20,21.02741436160296
2016-05-23,21.181137468314663
2016-05-24,21.11797442708845
2016-05-25,21.16019406779951
2016-05-26,21.251822650003888
2016-05-27,21.253068681352293
2016-05-30,21.262983800420148
2016-05-31,21.609633681804066
2016-06-01,21.641751180514238
2016-06-02,21.71396104218732
2016-06-03,21.762843488399888
2016-06-06,21.78159064763565
2016-06-07,21.86241366502293
2016-06-08,21.877105509386514
2016-06-13,21.431440852530013
2016-06-14,21.43452801570783
2016-06-15,21.71459126322816
2016-06-16,21.730420432389014
2016-06-17,21.847337378156006
2016-06-20,21.98150299900593
2016-06-21,21.88418464246738
2016-06-22,22.07505718635475
2016-06-23,22.060029835950605
2016-06-24,21.96275608678188
2016-06-27,22.194116710152514
2016-06-28,22.34256935409756
2016-06-29,22.397726140372782
2016-06-30,22.37129021671567
2016-07-01,22.31005502553638
2016-07-04,22.543185583343
2016-07-05,22.650960683228664
2016-07-06,22.83961004018109
2016-07-07,22.793165526394862
2016-07-08,22.75715788627075
2016-07-11,22.717233869216713
2016-07-12,22.878153902678168
2016-07-13,22.930767277831205
2016-07-14,22.947113005802805
2016-07-15,22.878507424629593
2016-07-18,22.843654668340722
2016-07-19,22.920341820440193
2016-07-20,22.99647798408202
2016-07-21,23.056479747768023
2016-07-22,22.918835745465596
2016-07-25,22.905707370761725
2016-07-26,23.050751064610242
2016-07-27,22.455053543564254
2016-07-28,22.48329677215477
2016-07-29,22.41094293775309
2016-08-01,22.196466653075145
2016-08-02,22.333656013549348
2016-08-03,22.4324413910016
2016-08-04,22.457670268060575
2016-08-05,22.34905951156645
2016-08-08,22.5536753564026
2016-08-09,22.678533869855002
2016-08-10,22.602453121689337
2016-08-11,22.342833339760066
2016-08-12,22.50780123504637
2016-08-15,22.886809169314592
2016-08-16,23.03216954028078
2016-08-17,23.020481590337464
2016-08-18,22.97755672043781
2016-08-19,23.125948593368612
2016-08-22,23.020824092398186
2016-08-23,23.042192001898513
2016-08-24,23.213424387364014
2016-08-25,23.20748621218645
2016-08-26,23.30955032484352
2016-08-29,23.479028865434604
2016-08-30,23.496737660696603
2016-08-31,23.531921797984594
2016-09-01,23.41172518926315
2016-09-02,23.601157563672142
2016-09-05,23.586401467285775
2016-09-06,23.869981769297034
2016-09-07,23.85168230224034
2016-09-08,24.033751540538713
2016-09-09,23.790311945547316
2016-09-12,23.199232424232797
2016-09-13,23.319062808963913
2016-09-14,23.180259133159275
2016-09-19,23.41891476114656
2016-09-20,23.350675836139605
2016-09-21,23.452063847458053
2016-09-22,23.611739910363777
2016-09-23,23.702788620536406
2016-09-26,23.264507819074442
2016-09-27,23.440994570433894
2016-09-28,23.49974398841702
2016-09-29,23.639305112779624
2016-09-30,23.66673956279855
2016-10-10,24.0720563817307
2016-10-11,24.238393491832745
2016-10-12,24.265572842256418
2016-10-13,24.214550314389495
2016-10-14,24.284461886657915
2016-10-17,24.18247245832756
2016-10-18,24.482382291978876
2016-10-19,24.374822920242885
2016-10-20,24.45941658108036
2016-10-21,24.32410576958851
2016-10-24,24.571738338647354
2016-10-25,24.65265256759154
2016-10-26,24.596389165261616
2016-10-27,24.60376939781773
2016-10-28,24.558104568697665
2016-10-31,24.576341450481944
2016-11-01,24.96160070436201
2016-11-02,24.807868179302428
2016-11-03,24.929045228097902
2016-11-04,25.012454690418167
2016-11-07,24.970433377733197
2016-11-08,25.07862173946157
2016-11-09,24.85028085169927
2016-11-10,25.387506241269534
2016-11-11,25.66495064228543
2016-11-14,25.78267418983694
2016-11-15,25.851901464678797
2016-11-16,25.853490866344305
2016-11-17,25.894518710810047
2016-11-18,26.022629603832474
2016-11-21,26.383269486059387
2016-11-22,26.70641477937023
2016-11-23,26.367585264865184
2016-11-24,26.084785189716268
2016-11-25,26.14886239975323
2016-11-28,25.95976786676824
2016-11-29,25.74566099054559
2016-11-30,25.709982282709113
2016-12-01,26.042452975536865
2016-12-02,25.741656420089228
2016-12-05,25.787065930685753
2016-12-06,25.85270026136037
2016-12-07,26.206038499387287
2016-12-08,26.189836164204294
2016-12-09,26.040025509921136
2016-12-12,24.74418943891028
2016-12-13,24.793701210653214
2016-12-14,24.494152324816053
2016-12-15,24.663262873657544
2016-12-16,25.010281361299022
2016-12-19,25.19207523355376
2016-12-20,24.984509224493138
2016-12-21,25.156100520685534
2016-12-22,25.248012835372784
2016-12-23,24.77631677162335
2016-12-26,24.90475423698407
2016-12-27,24.993878946327456
2016-12-28,24.947375938169206
2016-12-29,24.82066135536502
2016-12-30,24.876211441574068
2017-01-03,25.02509459222614
2017-01-04,25.11228681577641
2017-01-05,25.006447259299055
2017-01-06,24.938699893088966
2017-01-09,24.99257059122821
2017-01-10,24.934891820332933
2017-01-11,24.70193766869063
2017-01-12,24.497157499159595
2017-01-13,24.091355863838285
2017-01-16,23.412331449565173
2017-01-17,23.639987873312798
2017-01-18,23.441394871554007
2017-01-19,23.38355991329368
2017-01-20,23.655848622284466
2017-01-23,23.843447308471237
2017-01-24,23.71828534022985
2017-01-25,23.812180522586193
2017-01-26,23.882948277131945
2017-02-03,23.772904451343273
2017-02-06,24.10047455706293
2017-02-07,24.15075730339667
2017-02-08,24.195053896112704
2017-02-09,24.36903320921487
2017-02-10,24.27374662645911
2017-02-13,24.410437132095534
2017-02-14,24.377159575728427
2017-02-15,24.200307837002143
2017-02-16,24.257172055950587
2017-02-17,24.13959243180799
2017-02-20,24.372403399080653
2017-02-21,24.515149845318668
2017-02-22,24.588475195698727
2017-02-23,24.72758162410468
2017-02-24,24.801019583545067
2017-02-27,24.651824413800053
2017-02-28,24.83880575313914
2017-03-01,24.89478988534873
2017-03-02,24.822709462768962
2017-03-03,24.987993722442855
2017-03-06,25.26525765926926
2017-03-07,25.355829178240498
2017-03-08,25.342197285470576
2017-03-09,25.220793460166107
2017-03-10,25.25010680514807
2017-03-13,25.425283919755888
2017-03-14,25.507990856329034
2017-03-15,25.63504114842776
2017-03-16,25.9702931541502
2017-03-17,25.912124606712243
2017-03-20,26.09386249003646
2017-03-21,26.29145889701192
2017-03-22,26.12670918361093
2017-03-23,26.22073481984505
2017-03-24,26.370287178678208
2017-03-27,26.22417272003717
2017-03-28,26.262846010331938
2017-03-29,26.03059783173368
2017-03-30,25.58544030103656
2017-03-31,25.819462121082456
2017-04-05,26.00513790020632
2017-04-06,26.126998155177716
2017-04-07,26.057433420500242
2017-04-10,25.70795247371914
2017-04-11,25.748974723658968
2017-04-12,25.49881934343503
2017-04-13,25.58192818492724
2017-04-14,25.32143117789043
2017-04-17,24.92114175983582
2017-04-18,24.75648420845148
2017-04-19,24.45935820650799
2017-04-20,24.318765865653766
2017-04-21,24.253856208488656
2017-04-24,23.89209950640618
2017-04-25,23.966345821788778
2017-04-26,23.999372864697783
2017-04-27,24.05057196264897
2017-04-28,24.12820573233897
2017-05-02,24.091455056786565
2017-05-03,24.107992460239668
2017-05-04,24.112358695731476
2017-05-05,24.03333753741762
2017-05-08,23.86068636881952
2017-05-09,23.941618888077834
2017-05-10,23.835232942258752
2017-05-11,23.815637409777963
2017-05-12,23.750716934098474
2017-05-15,23.758072532120153
2017-05-16,23.964792983481004
2017-05-17,23.998379533828167
2017-05-18,23.943417553753825
2017-05-19,23.929068008938412
2017-05-22,23.70532656612878
2017-05-23,23.24392764752748
2017-05-24,23.309992061971595
2017-05-25,23.303374111282803
2017-05-26,23.314268140750027
2017-05-31,23.30885798586655
2017-06-01,22.96772558002821
2017-06-02,23.082577669184147
2017-06-05,23.12549774697454
2017-06-06,23.16320383738418
2017-06-07,23.468593127787205
2017-06-08,23.478315148218822
2017-06-09,23.489161057703097
2017-06-12,23.360561521718175
2017-06-13,23.519778531805652
2017-06-14,23.57226537013949
2017-06-15,23.71091017011622
2017-06-16,23.659242172408213
2017-06-19,23.65263294349272
2017-06-20,23.67676468715398
2017-06-21,23.64179708646217
2017-06-22,23.498175495566784
2017-06-23,23.496813099814315
2017-06-26,23.597504853625807
2017-06-27,23.657803555311673
2017-06-28,23.611193930041004
2017-06-29,23.65623905235816
2017-06-30,23.721581921280805
2017-07-03,23.739532145975705
2017-07-04,23.712398317514968
2017-07-05,23.794649389039197
2017-07-06,23.782894709843305
2017-07-07,23.8624461388923
2017-07-10,23.72584509333753
2017-07-11,23.646239822615396
2017-07-12,23.669423482494153
2017-07-13,23.708289734837894
2017-07-14,23.63072447889539
2017-07-17,23.133903048742532
2017-07-18,23.272430837502622
2017-07-19,23.34773741497838
2017-07-20,23.383340436695335
2017-07-21,23.267799586530383
2017-07-24,23.30845756962191
2017-07-25,23.26055898651773
2017-07-26,23.255762201598706
2017-07-27,23.438826961834653
2017-07-28,23.423455350648872
2017-07-31,23.490204192025065
2017-08-01,23.497751108059713
2017-08-02,23.396738327588505
2017-08-03,23.43786563895571
2017-08-04,23.34235746440738
2017-08-07,23.414131145235892
2017-08-08,23.444135514375063
2017-08-09,23.486650638490623
2017-08-10,23.435988666199314
2017-08-11,23.39492505396223
2017-08-14,23.650885483350308
2017-08-15,23.727255334017343
2017-08-16,23.83604188559014
2017-08-17,23.90880134585977
2017-08-18,23.8504991917815
2017-08-21,23.914867172892166
2017-08-22,23.881430151943658
2017-08-23,23.919557921571755
2017-08-24,23.84190402473129
2017-08-25,24.01576453159395
2017-08-28,24.258009427060024
2017-08-29,24.276622043785594
2017-08-30,24.219170631015484
2017-08-31,24.401648953849058
2017-09-01,24.42166768539693
2017-09-04,24.550827466854923
2017-09-05,24.658382557978005
2017-09-06,24.775837068307037
2017-09-07,24.776538571128512
2017-09-08,24.76230410458916
2017-09-11,24.993577428728667
2017-09-12,24.683044933899453
2017-09-13,24.724159871373427
2017-09-14,24.631547856976628
2017-09-15,24.60022022516154
2017-09-18,24.831629701866984
2017-09-19,24.892704337831578
2017-09-20,25.13090825027941
2017-09-21,24.992431705831887
2017-09-22,25.04014502612028
2017-09-25,24.782432195330014
2017-09-26,24.614236474058043
2017-09-27,24.813703427054985
2017-09-28,24.764838321373976
2017-09-29,25.039346634393127
2017-10-09,25.3798406559005
2017-10-10,25.776340397725434
2017-10-11,25.696000710780165
2017-10-12,25.623480097884908
2017-10-13,25.97753179644995
2017-10-16,25.47795596282859
2017-10-17,25.590832026337967
2017-10-18,25.319928507676494
2017-10-19,25.116525834294666
2017-10-20,25.30913772306348
2017-10-23,25.395473926738774
2017-10-24,25.313564907179938
2017-10-25,25.670582805280755
2017-10-26,25.849125055103435
2017-10-27,25.78979393118893
2017-10-30,25.245002014775917
2017-10-31,25.52228771947528
2017-11-01,25.66534380416695
2017-11-02,25.401797455452954
2017-11-03,25.264351338695437
2017-11-06,25.547231236655524
2017-11-07,25.56585705213873
2017-11-08,25.632760760849404
2017-11-09,25.689394520106898
2017-11-10,25.790730682675036
2017-11-13,25.975033185401063
2017-11-14,25.685172145121847
2017-11-15,25.516920046129357
2017-11-16,25.423355996670143
2017-11-17,24.369685283046152
2017-11-20,24.198555642090795
2017-11-21,24.081058557005427
2017-11-22,24.02424836167403
2017-11-23,23.70156692863305
2017-11-24,23.769311005285545
2017-11-27,23.588249925789857
2017-11-28,23.831360649891398
2017-11-29,23.557267649540428
2017-11-30,23.51268996632811
2017-12-01,23.639407516213417
2017-12-04,23.410924337288353
2017-12-05,23.008913821976304
2017-12-06,23.179784864128692
2017-12-07,23.160458749908866
2017-12-08,23.364993109771806
2017-12-11,23.476419232827052
2017-12-12,23.268433976361454
2017-12-13,23.364229130154914
2017-12-14,23.424480481399282
2017-12-15,23.463737272542165
2017-12-18,23.367706718065165
2017-12-19,23.423687984933924
2017-12-20,23.22937382990711
2017-12-21,23.187958726386373
2017-12-22,23.176562650118427
2017-12-25,22.940247168202195
2017-12-26,23.16837982435632
2017-12-27,23.24282152328309
2017-12-28,23.387594162211744
2017-12-29,23.445061381218384
2018-01-02,23.42336550323414
2018-01-03,23.46053182691027
2018-01-04,23.421087389134964
2018-01-05,23.44650731891176
2018-01-08,23.414871452240686
2018-01-09,23.43790868163737
2018-01-10,23.299760579706675
2018-01-11,23.440514643219032
2018-01-12,23.354761832215388
2018-01-15,23.074782795313258
2018-01-16,23.204608816518718
2018-01-17,23.261964861661788
2018-01-18,23.250254381410606
2018-01-19,23.21710353678601
2018-01-22,23.329137686231864
2018-01-23,23.349941510626383
2018-01-24,23.444803338271974
2018-01-25,23.383331182224534
2018-01-26,23.338253954681004
2018-01-29,23.243509809120347
2018-01-30,23.25116317935205
2018-01-31,23.06759555349525
2018-02-01,22.709291498687087
2018-02-02,22.588024756585614
2018-02-05,22.439105821393937
2018-02-06,21.82958905621699
2018-02-07,21.929984914759086
2018-02-08,22.092270398112316
2018-02-09,21.95556778913509
2018-02-12,22.252714562236314
2018-02-13,22.279984095946965
2018-02-14,22.287456905788844
2018-02-22,22.42891818768082
2018-02-23,22.534645240497106
2018-02-26,22.862168906676565
2018-02-27,22.956574549625024
2018-02-28,22.95107355833723
2018-03-01,23.04772213899521
2018-03-02,22.974726354950203
2018-03-05,23.03184944388323
2018-03-06,23.186005995119015
2018-03-07,23.132545554539302
2018-03-08,23.31227979982297
2018-03-09,23.532568356307628
2018-03-12,23.632156658335568
2018-03-13,23.563664645539173
2018-03-14,23.517516208467427
2018-03-15,23.29138672682491
2018-03-16,23.33667258587791
2018-03-19,23.439366021142384
2018-03-20,23.48653228138451
2018-03-21,23.510243609022368
2018-03-22,23.599922167189895
2018-03-23,23.117139624493426
2018-03-26,23.312952216569364
2018-03-27,23.62308830832777
2018-03-28,23.692915095142936
2018-03-29,23.788557896823605
2018-03-30,24.021674949127597
2018-04-02,24.00310179294984
2018-04-03,23.999545572760166
2018-04-04,24.061511220860556
2018-04-09,24.129602679883707
2018-04-10,24.126628032343508
2018-04-11,24.212882526041223
2018-04-12,24.240544028022434
2018-04-13,24.23818213760302
2018-04-16,24.11890316082149
2018-04-17,23.92562322822448
2018-04-18,24.023634550144422
2018-04-19,23.98114932116691
2018-04-20,23.748237924589684
2018-04-23,23.769044666656427
2018-04-24,23.947630231232804
2018-04-25,24.000854925081107
2018-04-26,23.84881294455683
2018-04-27,23.85287316168953
2018-05-02,23.8348637807031
2018-05-03,23.92136864752442
2018-05-04,23.968477289378995
2018-05-07,24.073632979836407
2018-05-08,24.10937827189584
2018-05-09,24.122672482362745
2018-05-10,24.218137600070072
2018-05-11,24.1123604238977
2018-05-14,24.057533824589786
2018-05-15,24.134472693764952
2018-05-16,24.078050592968996
2018-05-17,24.09661097352081
2018-05-18,24.120356478547986
2018-05-21,24.218767270574812
2018-05-22,24.25150029437275
2018-05-23,24.226959476249547
2018-05-24,24.193040686314998
2018-05-25,24.19518024537633
2018-05-28,24.081127716635567
2018-05-29,24.014913988768296
2018-05-30,23.719322895008972
2018-05-31,23.842835581171595
2018-06-01,23.819074297380876
2018-06-04,23.863146618396026
2018-06-05,23.954031742292848
2018-06-06,24.00105357582217
2018-06-07,23.91875931917213
2018-06-08,23.868686844194936
2018-06-11,23.84024073208753
2018-06-12,23.852253932466656
2018-06-13,23.73781204993128
2018-06-14,23.688750572493976
2018-06-15,23.532252242244905
2018-06-19,23.091458797500565
2018-06-20,23.195980239418216
2018-06-21,23.075441628747175
2018-06-22,23.152718568334603
2018-06-25,23.10978649198923
2018-06-26,23.19047430688711
2018-06-27,23.149888814991403
2018-06-28,23.097248236469795
2018-06-29,23.24889427519162
2018-07-02,23.122044622570485
2018-07-03,23.200221649810175
2018-07-04,23.133337037339427
2018-07-05,23.028072346427322
2018-07-06,23.035087169209238
2018-07-09,23.151406759556053
2018-07-10,23.225756176762566
2018-07-11,23.058885893084383
2018-07-12,23.19587843508354
2018-07-13,23.168316329986883
2018-07-16,23.168437798724213
2018-07-17,23.19213728803325
2018-07-18,23.20057552519821
2018-07-19,23.201300178239602
2018-07-20,23.245536583884512
2018-07-23,23.278387930709584
2018-07-24,23.35812415377383
2018-07-25,23.351588183874288
2018-07-26,23.33947352620688
2018-07-27,23.313208822637304
2018-07-30,23.282621180222137
2018-07-31,23.277939887422768
2018-08-01,23.173071239519484
2018-08-02,23.036538753513682
2018-08-03,23.00057467914989
2018-08-06,22.931189855406792
2018-08-07,23.010689199374262
2018-08-08,22.935659471362563
2018-08-09,23.03994102535503
2018-08-10,23.049220757127525
2018-08-13,23.055925075172507
2018-08-14,23.095589200136324
2018-08-15,23.010282877552807
2018-08-16,22.957813897034544
2018-08-17,22.887640365306893
2018-08-20,22.91619851155886
2018-08-21,22.938381307567663
2018-08-22,22.880284402195397
2018-08-23,22.915895276390494
2018-08-24,22.913485365359087
2018-08-27,22.999465477764726
2018-08-28,23.011407514643352
2018-08-29,22.990252070602665
2018-08-30,22.929978388938643
2018-08-31,22.907755831270553
2018-09-03,22.87039114573889
2018-09-04,22.91651131062792
2018-09-05,22.866271781947066
2018-09-06,22.834974391653876
2018-09-07,22.860933457184156
2018-09-10,22.762540702147362
2018-09-11,22.785652470453723
2018-09-12,22.790704433835156
2018-09-13,22.82003468346631
2018-09-14,22.802826547745333
2018-09-17,22.686845234366054
2018-09-18,22.742802640544415
2018-09-19,22.78902882278906
2018-09-20,22.762764584954816
2018-09-21,22.81152165546769
2018-09-25,22.8171038116724
2018-09-26,22.846263288989512
2018-09-27,22.733315496507952
2018-09-28,22.776230950039253
2018-10-08,22.59106170013179
2018-10-09,22.581130639356722
2018-10-10,22.630133785345077
2018-10-11,22.353649625157413
2018-10-12,22.393547769403504
2018-10-15,22.39152757292552
2018-10-16,22.350368729277886
2018-10-17,22.386396504535202
2018-10-18,22.304189225197646
2018-10-19,22.371334506594934
2018-10-22,22.577989258846294
2018-10-23,22.504223834652535
2018-10-24,22.50216876511668
2018-10-25,22.485483319706002
2018-10-26,22.4996099255136
2018-10-29,22.457180826454067
2018-10-30,22.50853294058321
2018-10-31,22.577612779571304
2018-11-01,22.521142467146674
2018-11-02,22.63014485372021
2018-11-05,22.645435058615927
2018-11-06,22.641835003768122
2018-11-07,22.61528150152535
2018-11-08,22.601827340695213
2018-11-09,22.587602268454557
2018-11-12,22.715917658545788
2018-11-13,22.785571865250525
2018-11-14,22.808074393110687
2018-11-15,22.94333987114425
2018-11-16,22.994169307290637
2018-11-19,23.00981558965214
2018-11-20,22.910706072582123
2018-11-21,22.97751683915483
2018-11-22,22.98389664682849
2018-11-23,22.809765793536723
2018-11-26,22.78811854934267
2018-11-27,22.822391969684936
2018-11-28,22.863220647315977
2018-11-29,22.721472814504963
2018-11-30,22.786887989559702
2018-12-03,22.88194001664204
2018-12-04,22.916420511631475
2018-12-05,22.891536502621303
2018-12-06,22.83306374296299
2018-12-07,22.843841289686097
2018-12-10,22.78441487362306
2018-12-11,22.790086876615177
2018-12-12,22.817914715962853
2018-12-13,22.849983044002347
2018-12-14,22.768397641639496
2018-12-17,22.760191565986354
2018-12-18,22.71626500620217
2018-12-19,22.660494094922075
2018-12-20,22.68873557123347
2018-12-21,22.70177052997436
2018-12-24,22.77787075811882
2018-12-25,22.781681735844455
2018-12-26,22.791795455379308
2018-12-27,22.769850045936508
2018-12-28,22.763629249881348
2019-01-02,22.71627848801636
2019-01-03,22.696451959147893
2019-01-04,22.805278492653592
2019-01-07,22.878435729575827
2019-01-08,22.854446076900413
2019-01-09,22.86583495618675
2019-01-10,22.857408177326295
2019-01-11,22.88746940276397
2019-01-14,22.885223703307155
2019-01-15,22.921618096799907
2019-01-16,22.938278856538382
2019-01-17,22.885710606939153
2019-01-18,22.921098012778003
2019-01-21,22.93456843083833
2019-01-22,22.922422046484126
2019-01-23,22.93246696150184
2019-01-24,22.951677238849747
2019-01-25,22.90785458264413
2019-01-28,22.87489791574188
2019-01-29,22.78788595621836
2019-01-30,22.722794031355495
2019-01-31,22.62101465656242
2019-02-01,22.691510435413456
2019-02-11,22.78178935314572
2019-02-12,22.83864336793235
2019-02-13,22.89942703831979
2019-02-14,22.91248688603951
2019-02-15,22.93492451880459
2019-02-18,23.06888625363176
2019-02-19,23.066823926980614
2019-02-20,23.09391917525468
2019-02-21,23.06792556376114
2019-02-22,23.122055077387227
2019-02-25,23.273288532557046
2019-02-26,23.251959682638905
2019-02-27,23.225036452313777
2019-02-28,23.522727595347103
2019-03-01,23.53373563283524
2019-03-04,23.662622301158198
2019-03-05,23.900779462745973
2019-03-06,24.10885557174548
2019-03-07,24.264380342067593
2019-03-08,23.746216694181566
2019-03-11,24.195968964469884
2019-03-12,24.348284895912368
2019-03-13,24.251923471959014
2019-03-14,23.99177284247769
2019-03-15,24.176042653282074
2019-03-18,24.576520451936382
2019-03-19,24.60230538913228
2019-03-20,24.727351940879707
2019-03-21,24.847150102052723
2019-03-22,25.11539041017558
2019-03-25,25.08147112372447
2019-03-26,24.77898726920384
2019-03-27,24.931457125698707
2019-03-28,24.826772905999743
2019-03-29,25.0249855772077
2019-04-01,25.461234928039097
2019-04-02,25.50487016241488
2019-04-03,25.737139251103038
2019-04-04,25.857680181067266
2019-04-08,25.685203845761595
2019-04-09,25.695362727954368
2019-04-10,25.799972290299536
2019-04-11,25.45527384108098
2019-04-12,25.589406758635683
2019-04-15,25.480806346989596
2019-04-16,25.56713088994608
2019-04-17,25.655170296646503
2019-04-18,25.717358373340474
2019-04-19,25.928153162004907
2019-04-22,25.76688936512392
2019-04-23,25.650008242727672
2019-04-24,25.900759789938817
2019-04-25,25.522717223486367
2019-04-26,25.391625903466437
2019-04-29,25.23241262767933
2019-04-30,25.443334334312564
2019-05-06,24.286259851814055
2019-05-07,24.60121980156963
2019-05-08,24.655892443862665
2019-05-09,24.65249744537126
2019-05-10,25.173854000325335
2019-05-13,25.307963524938412
2019-05-14,25.166805243246557
2019-05-15,25.421602354947225
2019-05-16,25.58768025928022
2019-05-17,25.099665899982643
2019-05-20,24.952402776336243
2019-05-21,25.41682832493627
2019-05-22,25.153054474095928
2019-05-23,24.828667368189713
2019-05-24,24.778788065998004
2019-05-27,25.2303178496217
2019-05-28,25.367605222231298
2019-05-29,25.560322884473425
2019-05-30,25.46932107027397
2019-05-31,25.489564286122405
2019-06-03,25.26028171367557
2019-06-04,25.057969649232106
2019-06-05,25.172388999461646
2019-06-06,24.897054512203177
2019-06-10,25.02848469538527
2019-06-11,25.512577294383107
2019-06-12,25.43369894425825
2019-06-13,25.583311676894766
2019-06-14,25.294327344844042
2019-06-17,25.34984416382818
2019-06-18,25.328018945793943
2019-06-19,25.51953617974145
2019-06-20,25.78277822539179
2019-06-21,26.017161769563817
2019-06-24,26.046252178814505
2019-06-25,25.859891434696053
2019-06-26,25.979536670563448
2019-06-27,26.147233459629867
2019-06-28,25.90530386457076
2019-07-01,26.206224953984037
2019-07-02,26.371495228597293
2019-07-03,26.25086185016281
2019-07-04,26.27252599411328
2019-07-05,26.340941794906744
2019-07-08,25.89845770081479
2019-07-09,26.0964401788668
2019-07-10,26.101496662637167
2019-07-11,26.212044233892065
2019-07-12,26.306078113139232
2019-07-15,26.344769010266376
2019-07-16,26.390188128938238
2019-07-17,26.320261260549213
2019-07-18,25.96651540548861
2019-07-19,26.04300249212838
2019-07-22,25.577060825243638
2019-07-23,25.74867049676107
2019-07-24,25.90830744690443
2019-07-25,25.956080310444467
2019-07-26,25.994590768226832
2019-07-29,26.07549948122208
2019-07-30,26.148622997270646
2019-07-31,26.08351824184577
2019-08-01,26.089474067477184
2019-08-02,25.762727919242277
2019-08-05,25.52607212958235
2019-08-06,25.06941256825221
2019-08-07,25.018611515707626
2019-08-08,25.023699540533084
2019-08-09,24.846379310731827
2019-08-12,25.108200241878343
2019-08-13,25.041741647834627
2019-08-14,25.061050523985873
2019-08-15,25.05730006201567
2019-08-16,25.350134463882704
2019-08-19,25.770910251624638
2019-08-20,25.728334120182666
2019-08-21,25.74874932905109
2019-08-22,25.81940358446514
2019-08-23,25.70562619173189
2019-08-26,25.60219948519125
2019-08-27,25.91777047720923
2019-08-28,25.998132531438927
2019-08-29,25.99343552308086
2019-08-30,25.6739758986183
2019-09-02,25.989819850177145
2019-09-03,26.039733844891273
2019-09-04,26.15639648514697
2019-09-05,26.232250205868233
2019-09-06,26.34327999255967
2019-09-09,26.683184702182057
2019-09-10,26.736658224683342
2019-09-11,26.68966348222961
2019-09-12,26.820242793962812
2019-09-16,26.87238225676645
2019-09-17,26.4818302405318
2019-09-18,26.589616189977356
2019-09-19,26.84091369213367
2019-09-20,26.92780358105304
2019-09-23,26.87551255031535
2019-09-24,26.82375590123623
2019-09-25,26.59177149745823
2019-09-26,26.166076082331053
2019-09-27,26.37301382256117
2019-09-30,26.305550802836418
2019-10-08,26.37263581139131
2019-10-09,26.50538485000495
2019-10-10,26.788210626278172
2019-10-11,26.802086499125288
2019-10-14,27.088693186974066
2019-10-15,26.989804637745845
2019-10-16,26.88369951675598
2019-10-17,26.827349443261326
2019-10-18,26.720359342837313
2019-10-21,26.633241227874308
2019-10-22,26.843549978964944
2019-10-23,26.751886464284844
2019-10-24,26.836429076358563
2019-10-25,26.95846335171941
2019-10-28,27.07000083068967
2019-10-29,26.778480964960078
2019-10-30,26.563698546894745
2019-10-31,26.514648603883685
2019-11-01,26.58198177480419
2019-11-04,26.537266126166745
2019-11-05,26.568704793708566
2019-11-06,26.594884280496785
2019-11-07,26.610034759431922
2019-11-08,26.610268533290522
2019-11-11,26.315437612058748
2019-11-12,26.32777546738919
2019-11-13,26.282495770196252
2019-11-14,26.352041127348436
2019-11-15,26.14973985301683
2019-11-18,26.17258100666563
2019-11-19,26.303943459227423
2019-11-20,26.17222915621207
2019-11-21,26.172074174900928
2019-11-22,26.113104373500125
2019-11-25,26.15216032132391
2019-11-26,26.11562836026167
2019-11-27,26.04581119470345
2019-11-28,25.98640894076415
2019-11-29,25.973026029192834
2019-12-02,26.016819005171286
2019-12-03,26.0681054598229
2019-12-04,26.106181939242965
2019-12-05,26.202073106038505
2019-12-06,26.224491425460503
2019-12-09,26.24991846760112
2019-12-10,26.302182597000865
2019-12-11,26.247142524323834
2019-12-12,26.207284609172014
2019-12-13,26.33024954460291
2019-12-16,26.434212019944408
2019-12-17,26.493336737333678
2019-12-18,26.52438553259138
2019-12-19,26.595389040185186
2019-12-20,26.55197816035665
2019-12-23,26.38227474844304
2019-12-24,26.538748888407333
2019-12-25,26.577516164233195
2019-12-26,26.69816345351012
2019-12-27,26.768821755586355
2019-12-30,26.848885667658312
2019-12-31,26.93888754930879
2020-01-02,27.120153964289337
2020-01-03,27.15476393054886
2020-01-06,27.177842111653582
2020-01-07,27.355820931708916
2020-01-08,27.170259983723554
2020-01-09,27.389038211857766
2020-01-10,27.366166204505454
2020-01-13,27.543965881219822
2020-01-14,27.616883314901326
2020-01-15,27.720747843316385
2020-01-16,27.487789641217862
2020-01-17,27.52729666505032
2020-01-20,27.69736769861904
2020-01-21,27.627097983255275
2020-01-22,27.54937567436994
2020-01-23,26.99488740806583
2020-02-03,25.0868414130811
2020-02-04,24.72468840233229
2020-02-05,25.05146900027292
2020-02-06,25.384656965271905
2020-02-07,25.55601481972895
2020-02-10,25.96797380050103
2020-02-11,25.822338930500724
2020-02-12,25.992097444955792
2020-02-13,25.77364003612793
2020-02-14,25.797978338262862
2020-02-17,26.526244887321713
2020-02-18,26.659115895522955
2020-02-19,26.60864416419526
2020-02-20,26.94753074980167
2020-02-21,27.082836900848246
2020-02-24,27.11552840842696
2020-02-25,26.77478631068091
2020-02-26,26.73554006569142
2020-02-27,26.9234352746121
2020-02-28,25.90758398137043
2020-03-02,26.53999743238889
2020-03-03,26.685645661132632
2020-03-04,26.98407177538097
2020-03-05,27.358213288243697
2020-03-06,27.465986783784277
2020-03-09,27.09770890440549
2020-03-10,27.41575338237979
2020-03-11,27.39570331210502
2020-03-12,27.056518456847108
2020-03-13,26.88563467288045
2020-03-16,26.672302086962226
2020-03-17,26.96522352642107
2020-03-18,26.75506928699557
2020-03-19,26.93237855321702
2020-03-20,27.15984540731594
2020-03-23,26.773388366504946
2020-03-24,26.99510898622641
2020-03-25,27.354186645674712
2020-03-26,27.226554740006083
2020-03-27,27.33714146689057
2020-03-30,27.06427016238117
2020-03-31,27.00379737257314
2020-04-01,26.878114549132594
2020-04-02,27.003070617080343
2020-04-03,26.933411197734603
2020-04-07,27.20503888024721
2020-04-08,27.389413713768878
2020-04-09,27.48463096359607
2020-04-10,27.349580512291773
2020-04-13,27.31633479099324
2020-04-14,27.472246780783763
2020-04-15,27.483514642153853
2020-04-16,27.463253515095094
2020-04-17,27.441977353716183
2020-04-20,27.543500716104973
2020-04-21,27.605238119871323
2020-04-22,27.621683396854557
2020-04-23,27.687704507165005
2020-04-24,27.62372655741885
2020-04-27,27.649978230111373
2020-04-28,27.51636466107777
2020-04-29,27.532931107083055
2020-04-30,27.59756010714982
2020-05-06,27.538487311867417
2020-05-07,27.581395808279765
2020-05-08,27.767983289267725
2020-05-11,27.80260976958602
2020-05-12,27.745905303515542
2020-05-13,27.92592817895454
2020-05-14,27.894491844762307
2020-05-15,27.897935468026088
2020-05-18,27.88354201777547
2020-05-19,28.167636395686454
2020-05-20,28.14844475094892
2020-05-21,28.070675881303934
2020-05-22,27.99633934806727
2020-05-25,28.150576728610247
2020-05-26,28.50363538048353
2020-05-27,28.506595192186914
2020-05-28,28.318820575548184
2020-05-29,28.420735710385355
2020-06-01,28.80779483258358
2020-06-02,29.021401566065837
2020-06-03,29.10848075142587
2020-06-04,29.44116711134724
2020-06-05,29.558473448897704
2020-06-08,29.557088308139285
2020-06-09,29.604040453115505
2020-06-10,29.53481886978244
2020-06-11,29.408732701244745
2020-06-12,29.288615115754073
2020-06-15,29.165121124077146
2020-06-16,29.4021987243002
2020-06-17,29.560769109994563
2020-06-18,29.558917799364625
2020-06-19,29.66226634167582
2020-06-22,29.70169222860794
2020-06-23,29.674532107128012
2020-06-24,29.56748056205963
2020-06-29,29.507504073056126
2020-06-30,29.74938694507637
2020-07-01,29.832762478427924
2020-07-02,30.16000385006849
2020-07-03,30.337390786433485
2020-07-06,31.060685166869618
2020-07-07,31.312377342327483
2020-07-08,31.904328815057124
2020-07-09,32.376279336782346
2020-07-10,32.182410361404045
2020-07-13,33.02846457917876
2020-07-14,33.06952592979285
2020-07-15,32.412403097644685
2020-07-16,31.736529429143893
2020-07-17,31.749152606309607
2020-07-20,32.71384993401331
2020-07-21,32.848856960246756
2020-07-22,32.68692829716007
2020-07-23,32.38598662741829
2020-07-24,31.634663756991053
2020-07-27,31.534752279107952
2020-07-28,31.83659337250803
2020-07-29,32.24159589977805
2020-07-30,32.372046820526755
2020-07-31,32.61379309544413
2020-08-03,33.08422453542559
2020-08-04,33.03952131963153
2020-08-05,33.13030605686283
2020-08-06,33.11414326126091
2020-08-07,32.85540711106632
2020-08-10,33.35487194567765
2020-08-11,32.99046670848977
2020-08-12,32.747478192862594
2020-08-13,33.06761743849027
2020-08-14,33.46910792025839
2020-08-17,33.92366256825888
2020-08-18,34.08567378606824
2020-08-19,33.921070566880616
2020-08-20,34.00959165472464
2020-08-21,34.35062447570991
2020-08-24,34.46728687863742
2020-08-25,34.70200285338459
2020-08-26,34.53478302244547
2020-08-27,34.657429466921855
2020-08-28,34.871792869148145
2020-08-31,34.776885858850534
2020-09-01,35.073296574264745
2020-09-02,35.33360849639856
2020-09-03,35.16416460161188
2020-09-04,35.269589229580106
2020-09-07,35.017673142199726
2020-09-08,35.45877604513141
2020-09-09,34.89302978927603
2020-09-10,33.51913598052187
2020-09-11,33.97663444295013
2020-09-14,34.41473038036402
2020-09-15,34.33200365218264
2020-09-16,34.30156515307243
2020-09-17,34.46367976070647
2020-09-18,34.6783189073293
2020-09-21,34.6474497703251
2020-09-22,34.12796834665674
2020-09-23,34.53750393714081
2020-09-24,33.788869840008424
2020-09-25,33.851470828014875
2020-09-28,33.078886679823974
2020-09-29,33.06664665472222
2020-09-30,33.03558508814805
2020-10-09,33.50857560986374
2020-10-12,34.170117751383614
2020-10-13,34.10276383685467
2020-10-14,34.02467394779695
2020-10-15,34.098802132417696
2020-10-16,34.17384706620187
2020-10-19,34.02179062198448
2020-10-20,34.27023109514428
2020-10-21,34.07127415145508
2020-10-22,33.93313140102348
2020-10-23,33.66404402987769
2020-10-26,33.85311217796075
2020-10-27,33.74720656208011
2020-10-28,33.785562110149684
2020-10-29,33.706064506726676
2020-10-30,33.16165676549846
2020-11-02,33.108615460709075
2020-11-03,33.59514917911904
2020-11-04,33.51162293295901
2020-11-05,33.782307856906776
2020-11-06,33.595197940137034
2020-11-09,33.93142298775962
2020-11-10,33.75705255063326
2020-11-11,33.56753119165596
2020-11-12,33.90587036263293
2020-11-13,34.084903362458306
2020-11-16,34.464332281400445
2020-11-17,34.30253964379645
2020-11-18,34.381758290721706
2020-11-19,34.330223275777605
2020-11-20,34.5116723051887
2020-11-23,34.582443381116164
2020-11-24,34.60696198838921
2020-11-25,34.21265654496891
2020-11-26,34.18799753106869
2020-11-27,34.20789853618882
2020-11-30,34.10910420972975
2020-12-01,34.21134990518092
2020-12-02,34.239951308146956
2020-12-03,34.433546259796
2020-12-04,34.408371285971704
2020-12-07,34.249617769643685
2020-12-08,34.15728016207191
2020-12-09,33.835718630923715
2020-12-10,33.775249497714555
2020-12-11,33.330565654621296
2020-12-14,33.4163498162537
2020-12-15,33.35195245503991
2020-12-16,33.01478204633903
2020-12-17,33.14418394133809
2020-12-18,32.93915412557664
2020-12-21,32.97533902546566
2020-12-22,32.659413242756635
2020-12-23,32.63141794375471
2020-12-24,32.25323899394664
2020-12-25,32.47807648827481
2020-12-28,32.19396282003213
2020-12-29,32.19835329886717
2020-12-30,32.34689869276871
2020-12-31,32.469563645874246
2021-01-04,32.50834187716203
2021-01-05,32.451027914089366
2021-01-06,31.9742933010231
2021-01-07,31.291706103426055
2021-01-08,31.31339234801529
2021-01-11,30.797790889155255
2021-01-12,30.839766218255104
2021-01-13,30.306179052451025
2021-01-14,30.499764114149492
2021-01-15,30.92973860275249
2021-01-18,31.38573837125796
2021-01-19,31.605565897602943
2021-01-20,31.456259434173695
2021-01-21,31.574805093614064
2021-01-22,31.518144074575563
2021-01-25,31.20197792346908
2021-01-26,31.288436234026285
2021-01-27,31.158900531509662
2021-01-28,31.055726681342307
2021-01-29,30.816834301842462
2021-02-01,30.796217938059137
2021-02-02,30.802257169312902
2021-02-03,30.658645545534164
2021-02-04,30.437970654979722
2021-02-05,30.40529371768297
2021-02-08,30.34989615073202
2021-02-09,30.50783155402963
2021-02-10,30.547901441673993
2021-02-18,30.826186991057188
2021-02-19,31.11922211569082
2021-02-22,31.292824344164853
2021-02-23,31.215331119495175
2021-02-24,31.22078272450725
2021-02-25,31.12587380142274
2021-02-26,31.152673075514922
2021-03-01,31.300323418248936
2021-03-02,31.176915135632264
2021-03-03,31.285518865343253
2021-03-04,31.279792030763794
2021-03-05,31.39080686768085
2021-03-08,31.296828201993858
2021-03-09,31.196181303060037
2021-03-10,31.000635301510677
2021-03-11,31.14289864569922
2021-03-12,31.108820932747165
2021-03-15,31.152358948472354
2021-03-16,31.32560174145156
2021-03-17,31.397393882569933
2021-03-18,31.422892785219204
2021-03-19,31.44999738174611
2021-03-22,31.577499200985752
2021-03-23,31.500213965913712
2021-03-24,31.526091802469224
2021-03-25,31.431599245342447
2021-03-26,31.513599547098025
2021-03-29,31.580494345122514
2021-03-30,31.57885588138976
2021-03-31,31.61724842677589
2021-04-01,31.55555794771863
2021-04-02,31.53817086577619
2021-04-06,31.61893456894177
2021-04-07,31.704662133183927
2021-04-08,31.598015968282702
2021-04-09,31.63316975495976
2021-04-12,31.612141054842184
2021-04-13,31.533411237026794
2021-04-14,31.696835925129683
2021-04-15,31.63819161119354
2021-04-16,31.76922712411638
2021-04-19,31.840232279088706
2021-04-20,31.821287874626865
2021-04-21,31.863714379676193
2021-04-22,31.92393831198222
2021-04-23,31.828407080576255
2021-04-26,31.787840634239345
2021-04-27,31.64515796848368
2021-04-28,31.672700132160905
2021-04-29,31.819680180742473
2021-04-30,31.648725527697163
2021-05-06,31.66872715452752
2021-05-07,31.5998034686096
2021-05-10,31.532960376353824
2021-05-11,31.52931060071965
2021-05-12,31.60675424940725
2021-05-13,31.595254833566685
2021-05-14,31.707293110657186
2021-05-17,31.69080422640248
2021-05-18,31.667332945635803
2021-05-19,31.678707562142645
2021-05-20,31.650554972692042
2021-05-21,31.643930247017355
2021-05-24,31.685497081908917
2021-05-25,31.792336425620036
2021-05-26,31.863828658501358
2021-05-27,31.93794835551017
2021-05-28,31.853453285782187
2021-05-31,32.0306276321605
2021-06-01,32.25135719637099
2021-06-02,32.300548662121365
2021-06-03,32.37196898795324
2021-06-04,32.395463460390296
2021-06-07,32.53010096921587
2021-06-08,32.52221075451362
2021-06-09,32.58652797200934
2021-06-10,32.63157392463914
2021-06-11,32.64396597189765
2021-06-15,32.33338795919536
2021-06-16,32.129486889245534
2021-06-17,32.14207084954314
2021-06-18,32.28550282377999
2021-06-21,32.4601326155185
2021-06-22,32.610818661356134
2021-06-23,32.698471782370504
2021-06-24,32.75285035351214
2021-06-25,32.640731628192476
2021-06-28,32.895244997019354
2021-06-29,32.75781339225727
2021-06-30,32.864542186968684
2021-07-01,32.70559035257347
2021-07-02,32.5390901478304
2021-07-05,32.876255808391484
2021-07-06,32.940387080019306
2021-07-07,32.99505661469219
2021-07-08,32.88390049895718
2021-07-09,33.02689386525547
2021-07-12,33.26585115665655
2021-07-13,33.2779620108264
2021-07-14,33.08323914983144
2021-07-15,32.66101601436198
2021-07-16,32.512478465365625
2021-07-19,32.4194476202147
2021-07-20,32.40838215965734
2021-07-21,32.61774288164747
2021-07-22,32.82558555324985
2021-07-23,32.48630816126709
2021-07-26,32.19274026279766
2021-07-27,32.037481367693545
2021-07-28,31.666747046381662
2021-07-29,32.0235427808873
2021-07-30,32.354443132862706
2021-08-02,32.74019083924611
2021-08-03,32.82145281589283
2021-08-04,32.921393286564836
2021-08-05,32.870768822243775
2021-08-06,32.763491074734866
2021-08-09,33.207524542435564
2021-08-10,33.38683293923182
2021-08-11,33.592123273959494
2021-08-12,33.55419048318319
2021-08-13,33.57657345247405
2021-08-16,33.836868514195004
2021-08-17,33.380130247648225
2021-08-18,33.58659572101761
2021-08-19,33.42618336838734
2021-08-20,33.29081232529494
2021-08-23,33.91783235174605
2021-08-24,33.96167261237472
2021-08-25,34.19994186272449
2021-08-26,34.20943330287385
2021-08-27,34.184817277831065
2021-08-30,33.97689907486885
2021-08-31,34.08297340759497
2021-09-01,34.16451275562192
2021-09-02,34.242713817702366
2021-09-03,34.41854562595483
2021-09-06,34.633034179152624
2021-09-07,34.89993519461355
2021-09-08,35.06132364561292
2021-09-09,35.09869556575266
2021-09-10,34.959793678898194
2021-09-13,35.31502703895946
2021-09-14,35.04262228476663
2021-09-15,35.10459116016635
2021-09-16,35.10652946039062
2021-09-17,35.015556872473866
2021-09-22,35.30857120249241
2021-09-23,35.25553080324629
2021-09-24,34.79680311475057
2021-09-27,34.2411286888579
2021-09-28,34.27897134625432
2021-09-29,33.742171057049106
2021-09-30,34.13085717620124
2021-10-08,34.6267380566168
2021-10-11,34.704187032650985
2021-10-12,34.68180901169604
2021-10-13,34.8377190998713
2021-10-14,34.86773087732801
2021-10-15,34.84455284552332
2021-10-18,34.8803192221886
2021-10-19,34.86420822210718
2021-10-20,34.78677140844485
2021-10-21,34.607205034566356
2021-10-22,34.441318756972144
2021-10-25,34.38867156423551
2021-10-26,34.25989854364184
2021-10-27,33.868047253430724
2021-10-28,33.73576705064203
2021-10-29,33.78894253184889
2021-11-01,34.03656878754518
2021-11-02,33.7492573732372
2021-11-03,34.02755544034256
2021-11-04,34.22812872304288
2021-11-05,34.221707357248135
2021-11-08,34.35737088090232
2021-11-09,34.62891752724306
2021-11-10,34.81248472261865
2021-11-11,34.98389779385605
2021-11-12,35.12639137577242
2021-11-15,35.451521779858645
2021-11-16,35.35501588777663
2021-11-17,35.651440994072935
2021-11-18,35.313304038406024
2021-11-19,35.68121772742301
2021-11-22,35.85920985051265
2021-11-23,35.97731417632668
2021-11-24,36.10346118311429
2021-11-25,36.21776291001752
2021-11-26,36.07546260645165
2021-11-29,35.848370705729316
2021-11-30,36.226458305522264
2021-12-01,36.39532705654341
2021-12-02,36.17295945661975
2021-12-03,36.178997767762915
2021-12-06,35.678034926651655
2021-12-07,35.74542121845459
2021-12-08,35.74263396771912
2021-12-09,36.109125780601154
2021-12-10,36.24720036559404
2021-12-13,36.24236833091628
2021-12-14,36.4006719846192
2021-12-15,36.52273375650111
2021-12-16,36.5883884462119
2021-12-17,36.721971329708886
2021-12-20,36.83649896195628
2021-12-21,37.16241841375522
2021-12-22,37.25525856336725
2021-12-23,37.09426261901921
2021-12-24,36.63473611416458
2021-12-27,36.84547853365196
2021-12-28,36.98744244776471
2021-12-29,36.89090091173879
2021-12-30,37.047831778885936
2021-12-31,37.14180446723121
2022-01-04,37.70314879766976
2022-01-05,37.4167820867052
2022-01-06,37.711859022628445
2022-01-07,37.48090728928192
2022-01-10,37.88908527377546
2022-01-11,37.876644499597376
2022-01-12,38.342881145176015
2022-01-13,38.167221327599464
2022-01-14,37.83381166580421
2022-01-17,38.302792399230206
2022-01-18,37.954451030693484
2022-01-19,38.292424194840535
2022-01-20,37.40560625737548
2022-01-21,37.06584750630686
2022-01-24,36.82878462963919
2022-01-25,35.693557058799605
2022-01-26,36.035867251878464
2022-01-27,35.25547097155197
2022-01-28,35.747998885572514
2022-02-07,36.26468262859824
2022-02-08,36.59350179100146
2022-02-09,36.66244338590261
2022-02-10,36.56650132619114
2022-02-11,36.288635051159574
2022-02-14,36.350987718270034
2022-02-15,36.29523485582474
2022-02-16,36.67981565311855
2022-02-17,36.767027723103304
2022-02-18,36.80395392861497
2022-02-21,37.18556191544827
2022-02-22,37.052056056418955
2022-02-23,37.27629223546621
2022-02-24,36.86388194142543
2022-02-25,36.98253053996135
2022-02-28,36.832519681634
2022-03-01,36.99115860164719
2022-03-02,37.065255907742575
2022-03-03,36.99714128880833
2022-03-04,36.774753626912606
2022-03-07,36.363951855599296
2022-03-08,35.83377897259674
2022-03-09,35.45060516658265
2022-03-10,35.64038358677009
2022-03-11,35.834362101226574
2022-03-14,35.35620401065518
2022-03-15,34.378470901197716
2022-03-16,34.731433141065665
2022-03-17,35.13540398509412
2022-03-18,35.40507248609636
2022-03-21,35.71372134395021
2022-03-22,35.734011996614
2022-03-23,35.59715716496268
2022-03-24,35.37046640565644
2022-03-25,35.349853994572754
2022-03-28,35.2549897534594
2022-03-29,35.05681187802429
2022-03-30,35.35547219223255
2022-03-31,35.485220447624464
2022-04-01,35.404964634107586
2022-04-06,35.54230565844111
2022-04-07,35.414823650583855
2022-04-08,35.28787995714538
2022-04-11,35.017271162635005
2022-04-12,35.175251752618244
2022-04-13,35.095823064322346
2022-04-14,35.17677656111174
2022-04-15,34.981068295722935
2022-04-18,35.094720295169644
2022-04-19,35.165221903119324
2022-04-20,35.1720667848884
2022-04-21,34.99137451277435
2022-04-22,34.969175689213735
2022-04-25,34.232220575052736
2022-04-26,33.628221773146436
2022-04-27,33.69101159849812
2022-04-28,33.446746082523596
2022-04-29,33.857317604222494
2022-05-05,33.99444549242608
2022-05-06,33.98991589085616
2022-05-09,34.12029769158919
2022-05-10,34.216337518341874
2022-05-11,34.230567820424675
2022-05-12,34.38015163006615
2022-05-13,34.41283846251708
2022-05-16,34.38981583236417
2022-05-17,34.373012379561224
2022-05-18,34.439435223630326
2022-05-19,34.47811413874247
2022-05-20,34.56645098426836
2022-05-23,34.673933715976005
2022-05-24,34.318185035928536
2022-05-25,34.46914669529694
2022-05-26,34.514940942896125
2022-05-27,34.47708641748386
2022-05-30,34.487439206808396
2022-05-31,34.605033385116585
2022-06-01,34.698586017066084
2022-06-02,34.86325677034921
2022-06-06,35.010035448888694
2022-06-07,34.93888970784314
2022-06-08,34.86400873475502
2022-06-09,34.699971488898896
2022-06-10,34.77566580086105
2022-06-13,34.760390284245055
2022-06-14,34.75021166877374
2022-06-15,34.72994443642129
2022-06-16,34.76080659114743
2022-06-17,34.77466230661461
2022-06-20,34.955158260514644
2022-06-21,34.93109467668142
2022-06-22,34.8339371185492
2022-06-23,34.987691525795235
2022-06-24,35.06679760295585
2022-06-27,35.14123730058486
2022-06-28,35.25589545412724
2022-06-29,35.09760791683397
2022-06-30,35.246895275062386
2022-07-01,35.123049677723635
2022-07-04,35.18152208218787
2022-07-05,34.893388902743894
2022-07-06,34.90738926989927
2022-07-07,34.76640396672008
2022-07-08,35.0154080603386
2022-07-11,34.8295901468281
2022-07-12,34.47237335478676
2022-07-13,34.78169831207849
2022-07-14,35.11238366674924
2022-07-15,34.78953823076095
2022-07-18,35.42488417830891
2022-07-19,35.65046958560176
2022-07-20,35.611983607855976
2022-07-21,35.847856546723094
2022-07-22,35.68801289170634
2022-07-25,35.69290614191121
2022-07-26,35.716576948956245
2022-07-27,35.929600774126705
2022-07-28,36.18044839220868
2022-07-29,36.09870589586136
2022-08-01,36.13743655788197
2022-08-02,35.469432125625374
2022-08-03,35.603669676695255
2022-08-04,35.75823199823863
2022-08-05,36.09644768517742
2022-08-08,36.35379724753695
2022-08-09,36.383271879428435
2022-08-10,36.50721772368968
2022-08-11,36.71161821362141
2022-08-12,36.58051135497891
2022-08-15,36.510595754442704
2022-08-16,36.772975527819575
2022-08-17,36.916999404834044
2022-08-18,36.93873308359442
2022-08-19,36.704089762363246
2022-08-22,36.744618795132894
2022-08-23,36.819584923535224
2022-08-24,36.19199447497577
2022-08-25,36.04503683096412
2022-08-26,35.93135869396495
2022-08-29,36.298977847564075
2022-08-30,36.193527226855
2022-08-31,35.91672858448894
2022-09-01,35.84787194611339
2022-09-02,36.02232187562304
2022-09-05,36.093688892101014
2022-09-06,36.1121462857596
2022-09-07,36.14131711302088
2022-09-08,36.06688989655492
2022-09-09,36.03246705816331
2022-09-13,36.082345108900846
2022-09-14,36.07320404742787
2022-09-15,35.86646035845596
2022-09-16,35.564033518700505
2022-09-19,35.45393165800164
2022-09-20,35.57910868711018
2022-09-21,35.63762874867697
2022-09-22,35.6369413247397
2022-09-23,35.524079864144134
2022-09-26,35.26684096607837
2022-09-27,35.51855846729165
2022-09-28,35.450779436820646
2022-09-29,35.38971343672844
2022-09-30,35.23553472915844
2022-10-10,35.16906271348795
2022-10-11,35.19823375249768
2022-10-12,35.44212283441381
2022-10-13,35.58723166016567
2022-10-14,35.70650312124364
2022-10-17,35.89085526479634
2022-10-18,35.90372989626626
2022-10-19,35.89138242764778
2022-10-20,35.882007974655934
2022-10-21,35.92576762799337
2022-10-24,35.83505556755027
2022-10-25,35.9695739443291
2022-10-26,36.134327372198385
2022-10-27,36.07503761479403
2022-10-28,35.726801229769286
2022-10-31,35.77198498942574
2022-11-01,35.91741821285069
2022-11-02,36.04133662565705
2022-11-03,36.05722902827498
2022-11-04,36.134886525759434
2022-11-07,36.21721434623409
2022-11-08,36.193326398024034
2022-11-09,36.177796338933774
2022-11-10,36.20485205504709
2022-11-11,36.253693047189174
2022-11-14,36.29404313959714
2022-11-15,36.456456380492725
2022-11-16,36.49676463528783
2022-11-17,36.49182670547031
2022-11-18,36.44549863762903
2022-11-21,36.53579968797814
2022-11-22,36.47510979653433
2022-11-23,36.421878210345334
2022-11-24,36.48028749923531
2022-11-25,36.42466234178148
2022-11-28,36.38505911748468
2022-11-29,36.478186467169785
2022-11-30,36.439847661889075
2022-12-01,36.40889869593046
2022-12-02,36.651301735108305
2022-12-05,36.75359555449371
2022-12-06,36.66603022961759
2022-12-07,36.613683442979365
2022-12-08,36.59160359977132
2022-12-09,36.49266206960375
2022-12-12,36.4998229173539
2022-12-13,36.44678958590518
2022-12-14,36.43325396058301
2022-12-15,36.49784464202102
2022-12-16,36.30843655229932
2022-12-19,35.96481105806581
2022-12-20,36.09222570170467
2022-12-21,36.01264147090542
2022-12-22,35.69116788692493
2022-12-23,35.73341337526809
2022-12-26,35.912049692328296
2022-12-27,35.93768314293079
2022-12-28,35.766517785772955
2022-12-29,35.69187211381183
2022-12-30,35.75273486503607
2023-01-03,36.13728421015248
2023-01-04,36.23604663627543
2023-01-05,36.319243097610325
2023-01-06,36.32610027674026
2023-01-09,36.41174929382185
2023-01-10,36.37095810915942
2023-01-11,36.251108019172825
2023-01-12,36.27380775783746
2023-01-13,36.37058957339535
2023-01-16,36.506027927691505
2023-01-17,36.501743165510824
2023-01-18,36.560230640386095
2023-01-19,36.590656819874674
2023-01-20,36.643157889231745
2023-01-30,36.83666250926117
2023-01-31,37.0549423017011
2023-02-01,37.33544763825804
2023-02-02,37.32385133562496
2023-02-03,37.30649298108103
2023-02-06,37.360897136475415
2023-02-07,37.67897800007667
2023-02-08,37.68072289045563
2023-02-09,37.96812147989996
2023-02-10,38.00590514731806
2023-02-13,38.51432729419568
2023-02-14,38.63166844569144
2023-02-15,38.71189355914826
2023-02-16,38.09801917569694
2023-02-17,38.081969416372075
2023-02-20,38.3655990797406
2023-02-21,38.507949550322515
2023-02-22,38.678514497595614
2023-02-23,38.62143458178701
2023-02-24,38.59902224588054
2023-02-27,38.37655444617448
2023-02-28,38.55521700795196
2023-03-01,38.579541033151216
2023-03-02,38.51078253592559
2023-03-03,38.4313839461683
2023-03-06,38.50312020588897
2023-03-07,38.0868095698706
2023-03-08,38.41608751666968
2023-03-09,39.00692793645829
2023-03-10,38.801342805759276
2023-03-13,38.59892622044659
2023-03-14,38.17654714026864
2023-03-15,38.50350813085473
2023-03-16,38.30522892129649
2023-03-17,38.477203817419884
2023-03-20,38.29177331202724
2023-03-21,38.75723449689603
2023-03-22,39.09489843312619
2023-03-23,38.90529703474422
2023-03-24,38.80620889671983
2023-03-27,38.821543052284234
2023-03-28,38.556076314051126
2023-03-29,38.56614471961211
2023-03-30,38.18174106087512
2023-03-31,38.36523697534057
2023-04-03,38.446354912664546
2023-04-04,37.899565416076044
2023-04-06,37.81591588760158
2023-04-07,37.91772628472965
2023-04-10,37.741965058814124
2023-04-11,37.523442418494206
2023-04-12,37.72825949838603
2023-04-13,37.601692606558075
2023-04-14,37.65562745669304
2023-04-17,37.78698535159675
2023-04-18,37.55101821903578
2023-04-19,37.27562234641541
2023-04-20,36.92603474514949
2023-04-21,36.488214696310074
2023-04-24,36.399657595508785
2023-04-25,35.99303203499274
2023-04-26,36.45510223539016
2023-04-27,36.59458518965772
2023-04-28,37.21045774589992
2023-05-04,37.70669632867608
2023-05-05,37.47248880432504
2023-05-08,37.5004398974088
2023-05-09,37.170347578404765
2023-05-10,37.313096446487656
2023-05-11,37.70347499630275
2023-05-12,37.62961885872844
2023-05-15,37.89299868861575
2023-05-16,38.00644622294877
2023-05-17,38.58181928913313
2023-05-18,38.65853280206043
2023-05-19,38.63757765200349
2023-05-22,39.030210863555354
2023-05-23,39.109453909104644
2023-05-24,39.77819528502559
2023-05-25,40.03910562062252
2023-05-26,40.22743675107011
2023-05-29,40.05676664230963
2023-05-30,40.11781181661003
2023-05-31,39.63673252629218
2023-06-01,39.56945380491322
2023-06-02,39.75615381974991
2023-06-05,39.89530082535654
2023-06-06,39.43959526456203
2023-06-07,39.51170689942252
2023-06-08,39.40379155933675
2023-06-09,39.252897674851205
2023-06-12,39.81995305681116
2023-06-13,40.01525238090503
2023-06-14,39.882466288662144
2023-06-15,39.877133556390724
2023-06-16,39.7768037475389
2023-06-19,39.725407656611665
2023-06-20,39.54417314788776
2023-06-21,39.433936114781574
2023-06-26,39.19076577687247
2023-06-27,39.76586870314858
2023-06-28,39.89006888176356
2023-06-29,40.29138985925623
2023-06-30,40.48950797765568
2023-07-03,40.47005060418185
2023-07-04,40.69063617770051
2023-07-05,40.7405627802361
2023-07-06,40.760601098413545
2023-07-07,40.69979647983556
2023-07-10,40.795551335256725
2023-07-11,41.04133653294146
2023-07-12,40.86472661645386
2023-07-13,41.05050539760779
2023-07-14,40.95996275829214
2023-07-17,40.99023383148637
2023-07-18,41.15511142360262
2023-07-19,41.146032418637844
2023-07-20,40.97736724171976
2023-07-21,40.81992448120128
2023-07-24,40.84590369227116
2023-07-25,41.16891539618016
2023-07-26,41.24581319962662
2023-07-27,41.07247418582869
2023-07-28,41.247093477189146
2023-07-31,41.196293149231884
2023-08-01,40.97243157820388
2023-08-02,41.031459595727185
2023-08-03,40.74181765782522
2023-08-04,40.510608483671675
2023-08-07,40.260537477101636
2023-08-08,40.22555191929156
2023-08-09,40.03447677229837
2023-08-10,40.29300497411664
2023-08-11,40.186852426511045
2023-08-14,40.202794621292554
2023-08-15,40.2611737473354
2023-08-16,40.13058028817961
2023-08-17,40.43242705222944
2023-08-18,40.52048802852243
2023-08-21,40.523448518257574
2023-08-22,40.07263248484566
2023-08-23,39.74339016736504
2023-08-24,39.51862757559985
2023-08-25,39.024279995422596
2023-08-28,39.300016189315976
2023-08-29,40.32329180042413
2023-08-30,40.68741453985704
2023-08-31,40.70705743757679
2023-09-01,40.79690766256539
2023-09-04,40.93848693643774
2023-09-05,40.909332616756515
2023-09-06,41.06125159270631
2023-09-07,40.85562290002378
2023-09-08,40.89639247900403
2023-09-11,40.91563269256217
2023-09-12,40.94453250285957
2023-09-13,40.92325094625417
2023-09-14,40.89641005098302
2023-09-15,40.88798888744812
2023-09-18,41.0615584151858
2023-09-19,40.84481350126163
2023-09-20,40.78212461821867
2023-09-21,40.669882609980675
2023-09-22,40.87998948120996
2023-09-25,40.80597898795379
2023-09-26,40.72902810633084
2023-09-27,40.746536387375414
2023-09-28,40.85712476635275
2023-10-09,40.72345058408685
2023-10-10,40.61346749761351
2023-10-11,40.610201949536574
2023-10-12,40.636087387380066
2023-10-13,40.48362192865639
2023-10-16,40.440984945645866
2023-10-17,40.444449491828244
2023-10-18,40.22038503595459
2023-10-19,40.187893292900256
2023-10-20,40.1452187168768
2023-10-23,39.85853555500831
2023-10-24,40.260072587725965
2023-10-25,40.34228729345625
2023-10-26,40.32482549187834
2023-10-27,40.53752500141104
2023-10-30,40.590377662098724
2023-10-31,40.64873239554558
2023-11-01,40.65381398691911
2023-11-02,40.59464330391186
2023-11-03,40.712006337450944
2023-11-06,40.807062191380275
2023-11-07,40.8113938569266
2023-11-08,40.813393998301855
2023-11-09,40.79398320118261
2023-11-10,40.82213279827479
2023-11-13,40.903550729542665
2023-11-14,40.918302113916
2023-11-15,40.978203622104324
2023-11-16,40.90822367402098
2023-11-17,40.956545479870776
2023-11-20,41.06775101828472
2023-11-21,40.98965838575805
2023-11-22,40.9282485337133
2023-11-23,41.017466719173505
2023-11-24,40.91955068868487
2023-11-27,40.90240492823023
2023-11-28,41.11178587723169
2023-11-29,41.09497029137681
2023-11-30,41.02334474631402
2023-12-01,40.93398885326198
2023-12-04,40.877813828218066
2023-12-05,40.665545681710086
2023-12-06,40.76646070729999
2023-12-07,40.694994484066605
2023-12-08,40.35858969903211
2023-12-11,40.47834003903555
2023-12-12,40.48993549309467
2023-12-13,40.416996935551516
2023-12-14,40.51272621764308
2023-12-15,40.51019304891255
2023-12-18,40.303250123836385
2023-12-19,40.345868286621716
2023-12-20,40.39002346188569
2023-12-21,40.57006717552585
2023-12-22,40.44256443471464
2023-12-25,40.25214258362709
2023-12-26,40.081831686143026
2023-12-27,40.24618082507149
2023-12-28,40.59227772653602
2023-12-29,40.77165990498176
2024-01-02,40.86820992137991
2024-01-03,40.858298398100644
2024-01-04,40.85419921418884
2024-01-05,40.726509645072184
2024-01-08,40.58743889324335
2024-01-09,40.68119842397734
2024-01-10,40.614953590469426
2024-01-11,40.72465686624572
2024-01-12,40.71824168700777
2024-01-15,40.71160835386482
2024-01-16,40.65193148347192
2024-01-17,40.55665711769737
2024-01-18,40.46620946108764
2024-01-19,40.449883995739754
2024-01-22,39.96379612853744
2024-01-23,39.89093348732047
2024-01-24,39.91175845095475
2024-01-25,40.1980326883712
2024-01-26,40.168107696940844
2024-01-29,39.86276438551399
2024-01-30,39.51436758251093
2024-01-31,39.052747113819365
2024-02-01,38.84602080848552
2024-02-02,38.35862172040562
2024-02-05,37.45044782668078
2024-02-06,37.54101656736944
2024-02-07,37.17848937967841
2024-02-08,38.06427894922587
2024-02-19,38.31986485336066
2024-02-20,38.41669192609986
2024-02-21,38.66384914651493
2024-02-22,38.867049668978865
2024-02-23,39.12427830553103
2024-02-26,39.297129481995995
2024-02-27,39.59115989415651
2024-02-28,38.989884542253264
2024-02-29,39.34059202218318
2024-03-01,39.2698536106775
2024-03-04,39.28359469024877
2024-03-05,39.07828215050168
2024-03-06,39.23398732299296
2024-03-07,39.28211340089819
2024-03-08,39.34254135137709
2024-03-11,39.531675931883896
2024-03-12,39.65349736404971
2024-03-13,39.6736393606057
2024-03-14,39.63403588261211
2024-03-15,39.73995663284144
2024-03-18,39.87346796437189
2024-03-19,39.84658553749262
2024-03-20,39.94101376652776
2024-03-21,39.95189830233842
2024-03-22,39.756518755727356
2024-03-25,39.617770170779885
2024-03-26,39.65392608823338
2024-03-27,39.557671449124896
2024-03-28,39.74599308486724
2024-03-29,39.827461550745305
2024-04-01,40.029956895018216
2024-04-02,40.175019841357
2024-04-03,40.21524465932471
2024-04-08,40.00717457138093
2024-04-09,40.085450276199424
2024-04-10,39.988490168123484
2024-04-11,40.07912158899099
2024-04-12,40.08642853964086
2024-04-15,39.69145411464426
2024-04-16,38.980804159400314
2024-04-17,39.630124834832124
2024-04-18,39.48517507724078
2024-04-19,39.590149197205946
2024-04-22,39.48992935357405
2024-04-23,39.643610934265546
2024-04-24,39.85443972354777
2024-04-25,39.99897789231887
2024-04-26,39.975969765000194
2024-04-29,40.31037898649072
2024-04-30,40.27065713646555
2024-05-06,40.68441986941455
2024-05-07,40.83209819000937
2024-05-08,40.71561133054034
2024-05-09,41.0075727801581
2024-05-10,40.89081291512125
2024-05-13,40.63406347340134
2024-05-14,40.74672361509778
2024-05-15,40.646825543671724
2024-05-16,40.67542790973489
2024-05-17,40.830257144466906
2024-05-20,40.908100795261355
2024-05-21,40.75923072547557
2024-05-22,40.801750491731234
2024-05-23,40.51103406751763
2024-05-24,40.3963833425292
2024-05-27,40.473370818242444
2024-05-28,40.43165919315563
2024-05-29,40.59304387908339
2024-05-30,40.63864153675341
2024-05-31,41.058838969725414
2024-06-03,40.521417993276366
2024-06-04,40.19812320909809
2024-06-05,39.697008076672
2024-06-06,38.97082866481434
2024-06-07,39.527300295947214
2024-06-11,39.57091411589872
2024-06-12,39.81324407022754
2024-06-13,39.90400378649697
2024-06-14,39.88882433607587
2024-06-17,39.62612894340776
2024-06-18,39.85443934528738
2024-06-19,39.87329606895458
2024-06-20,39.80113419113573
2024-06-21,39.71210342214666
2024-06-24,39.0696727953784
2024-06-25,39.243319422406366
2024-06-26,39.705327894103725
2024-06-27,39.53786268525779
2024-06-28,39.54827259708522
