date,nav
2006-01-04,1.0
2006-01-05,1.0
2006-01-06,1.0
2006-01-09,1.0
2006-01-10,1.0
2006-01-11,1.0
2006-01-12,1.0
2006-01-13,1.0
2006-01-16,1.0
2006-01-17,1.0
2006-01-18,1.0
2006-01-19,1.0
2006-01-20,1.0
2006-01-23,1.0
2006-01-24,1.0
2006-01-25,1.0
2006-02-06,0.9996339854434466
2006-02-07,0.9982084776362116
2006-02-08,1.0015662123836806
2006-02-09,0.9838009207840578
2006-02-10,0.9990156015331867
2006-02-13,0.9955259082218482
2006-02-14,1.0065088911156255
2006-02-15,1.008645113336289
2006-02-16,0.9800972349681316
2006-02-17,0.9721612312187737
2006-02-20,0.9611662284488036
2006-02-21,0.9839350646549604
2006-02-22,0.984175257572011
2006-02-23,0.9802418891607667
2006-02-24,0.9857580791689208
2006-02-27,0.9793805784038297
2006-02-28,0.9821552839144234
2006-03-01,0.9928440840532806
2006-03-02,0.9707432095358898
2006-03-03,0.9745255925608481
2006-03-06,0.9695840756541273
2006-03-07,0.9348264931085233
2006-03-08,0.9318881044880204
2006-03-09,0.9233673675523606
2006-03-10,0.9254112007429078
2006-03-13,0.9343830677939545
2006-03-14,0.9360769649047571
2006-03-15,0.9547904649276033
2006-03-16,0.9536112495687661
2006-03-17,0.9522069423200585
2006-03-20,0.966084120144738
2006-03-21,0.9790177035089732
2006-03-22,0.9995975680138501
2006-03-23,1.007705609717548
2006-03-24,0.9993982421793787
2006-03-27,1.0146368308400717
2006-03-28,1.0227173721951992
2006-03-29,1.0256319812712542
2006-03-30,1.0173519818223473
2006-03-31,1.0407618176108488
2006-04-03,1.0644279006829023
2006-04-04,1.0744158961919323
2006-04-05,1.087642017551392
2006-04-06,1.0898842638454453
2006-04-07,1.1065080887154257
2006-04-10,1.1331543138133071
2006-04-11,1.1336572703642736
2006-04-12,1.1324376286143534
2006-04-13,1.0953711194376157
2006-04-14,1.121302777044008
2006-04-17,1.1210269559550543
2006-04-18,1.1266147400712543
2006-04-19,1.13912455626483
2006-04-20,1.130932015088513
2006-04-21,1.1401548130549417
2006-04-24,1.1351833880037205
2006-04-25,1.146505440831474
2006-04-26,1.1588441013387387
2006-04-27,1.156176498363916
2006-04-28,1.1636278654586052
2006-05-08,1.2147291184404914
2006-05-09,1.2560485614886916
2006-05-10,1.288490988545547
2006-05-11,1.2880723812903518
2006-05-12,1.343214851895079
2006-05-15,1.4200563099263703
2006-05-16,1.352405668148881
2006-05-17,1.3831217656597867
2006-05-18,1.4007868439923155
2006-05-19,1.4435166519521698
2006-05-22,1.4803371859281698
2006-05-23,1.4073214286052267
2006-05-24,1.3747216992721605
2006-05-25,1.4138530147309343
2006-05-26,1.458599680580318
2006-05-29,1.5056656253597704
2006-05-30,1.5365033742281053
2006-05-31,1.5309109824262697
2006-06-01,1.6067287881001293
2006-06-02,1.6305532223590475
2006-06-05,1.6837324671588054
2006-06-06,1.656877983565261
2006-06-07,1.520888420400661
2006-06-08,1.5153005041412546
2006-06-09,1.468245341424198
2006-06-12,1.470920329547207
2006-06-13,1.4837868250743769
2006-06-14,1.4717581483670636
2006-06-15,1.4800023122360906
2006-06-16,1.5211851466709094
2006-06-19,1.5367785821239113
2006-06-20,1.5525304316837758
2006-06-21,1.5396239430413188
2006-06-22,1.5356460922615982
2006-06-23,1.5525675500209832
2006-06-26,1.5869587232405025
2006-06-27,1.5952791468363614
2006-06-28,1.6048349447026238
2006-06-29,1.64209186214
2006-06-30,1.625161446028429
2006-07-03,1.6528906728646802
2006-07-04,1.6348098385835623
2006-07-05,1.6168233181955827
2006-07-06,1.6674725275238071
2006-07-07,1.6697849485656533
2006-07-10,1.699127698382967
2006-07-11,1.7207500049757747
2006-07-12,1.7117678201386102
2006-07-13,1.5740195669270198
2006-07-14,1.5905572153075402
2006-07-17,1.6343139350855058
2006-07-18,1.6450997753000058
2006-07-19,1.6023609576217175
2006-07-20,1.6227907465114082
2006-07-21,1.6340924267462587
2006-07-24,1.631702217488653
2006-07-25,1.6609490484706684
2006-07-26,1.6690796410135147
2006-07-27,1.6674731123872184
2006-07-28,1.6669500097585759
2006-07-31,1.591056597586785
2006-08-01,1.5568231143033082
2006-08-02,1.551101208792123
2006-08-03,1.5494250645498564
2006-08-04,1.4804443659208517
2006-08-07,1.4381443978343924
2006-08-08,1.4913595036912748
2006-08-09,1.493877441539459
2006-08-10,1.5256589370025198
2006-08-11,1.5249908045149352
2006-08-14,1.469853309191131
2006-08-15,1.5002629355205324
2006-08-16,1.5357668247306613
2006-08-17,1.5273094346800689
2006-08-18,1.5161572026759278
2006-08-21,1.5256202764949347
2006-08-22,1.5564523558423635
2006-08-23,1.551184739581535
2006-08-24,1.564797077601017
2006-08-25,1.5626367822978438
2006-08-28,1.6015141961571648
2006-08-29,1.6021446109530146
2006-08-30,1.616233923822299
2006-08-31,1.6262440931692947
2006-09-01,1.5893083942291397
2006-09-04,1.6318205739486236
2006-09-05,1.629596184178638
2006-09-06,1.643044395179787
2006-09-07,1.6146146804486217
2006-09-08,1.612218871787454
2006-09-11,1.621123759254007
2006-09-12,1.630314840002933
2006-09-13,1.6042325337251293
2006-09-14,1.604633859706258
2006-09-15,1.627578188866495
2006-09-18,1.662627416278314
2006-09-19,1.6582722835557013
2006-09-20,1.6636447204604863
2006-09-21,1.6700696951838463
2006-09-22,1.6621011690169392
2006-09-25,1.6562539339500777
2006-09-26,1.6497437928269985
2006-09-27,1.668440224214924
2006-09-28,1.6825788102179409
2006-09-29,1.7042513123421272
2006-10-09,1.7344441415099356
2006-10-10,1.715943979169666
2006-10-11,1.7153681833022998
2006-10-12,1.702942582466505
2006-10-13,1.7111724932953474
2006-10-16,1.7107878561031977
2006-10-17,1.7142004635727963
2006-10-18,1.7403871406249156
2006-10-19,1.7382233535816445
2006-10-20,1.7252628758349136
2006-10-23,1.670475398787673
2006-10-24,1.7124186532125671
2006-10-25,1.689184163672869
2006-10-26,1.6893600715045936
2006-10-27,1.657292496855223
2006-10-30,1.6551403912544342
2006-10-31,1.6782676362660247
2006-11-01,1.6887451686806931
2006-11-02,1.6732686484574042
2006-11-03,1.678239890883851
2006-11-06,1.6753481327340947
2006-11-07,1.6634007738696772
2006-11-08,1.651991054789973
2006-11-09,1.671202103130979
2006-11-10,1.622021167693641
2006-11-13,1.5676131112671
2006-11-14,1.5920111384462299
2006-11-15,1.6171755782899453
2006-11-16,1.6038188781414782
2006-11-17,1.6261584794710686
2006-11-20,1.616063373863368
2006-11-21,1.6279449666761519
2006-11-22,1.6573425025240889
2006-11-23,1.6687207787969334
2006-11-24,1.6961295673443082
2006-11-27,1.7291202610433745
2006-11-28,1.7315193881093192
2006-11-29,1.7536295818807197
2006-11-30,1.7830509817993858
2006-12-01,1.7841676591903788
2006-12-04,1.8353439809208618
2006-12-05,1.8638923014264894
2006-12-06,1.8394299623980166
2006-12-07,1.8184332440385085
2006-12-08,1.734701293341401
2006-12-11,1.7993580882573643
2006-12-12,1.8135763738070043
2006-12-13,1.8211365913279387
2006-12-14,1.843710652949757
2006-12-15,1.874171170316419
2006-12-18,1.9007257899591647
2006-12-19,1.9111150577722986
2006-12-20,1.9392104141689719
2006-12-21,1.9125961270498675
2006-12-22,1.8972351340432037
2006-12-25,1.9160111859955133
2006-12-26,1.8925856826612864
2006-12-27,1.9014944994143543
2006-12-28,1.8584785793363656
2006-12-29,1.8872205653533791
2007-01-04,1.882501239331177
2007-01-05,1.9255527361853477
2007-01-08,2.007314222875975
2007-01-09,2.053800795362684
2007-01-10,2.12059025596958
2007-01-11,2.109858479960729
2007-01-12,2.014885059726613
2007-01-15,2.1328939616299216
2007-01-16,2.215059829458311
2007-01-17,2.1585488414332215
2007-01-18,2.1604629303561094
2007-01-19,2.2297028089889595
2007-01-22,2.328038925222054
2007-01-23,2.3373567693472275
2007-01-24,2.38211172744827
2007-01-25,2.2681193703378315
2007-01-26,2.3131188967487604
2007-01-29,2.393149160565247
2007-01-30,2.349351358692351
2007-01-31,2.192264043482327
2007-02-01,2.212522235700494
2007-02-02,2.149082089025735
2007-02-05,2.166028801600693
2007-02-06,2.2284898792665593
2007-02-07,2.280734784567866
2007-02-08,2.3294470156588245
2007-02-09,2.341710588124225
2007-02-12,2.4140217103024004
2007-02-13,2.4527649234833846
2007-02-14,2.5187084876872547
2007-02-15,2.61203999212082
2007-02-16,2.629670774218659
2007-02-26,2.759596596068618
2007-02-27,2.5070257031984906
2007-02-28,2.657615440114802
2007-03-01,2.59869746293711
2007-03-02,2.618809377382557
2007-03-05,2.5840970184405623
2007-03-06,2.5853754064826098
2007-03-07,2.6504780478124914
2007-03-08,2.7277178527107946
2007-03-09,2.729656848937165
2007-03-12,2.783349652166895
2007-03-13,2.8267999990356714
2007-03-14,2.797512358037721
2007-03-15,2.8636309733025795
2007-03-16,2.789567792798169
2007-03-19,2.8280153716080627
2007-03-20,2.896396206984914
2007-03-21,2.9407460485076022
2007-03-22,2.94965631297838
2007-03-23,3.0220220761323895
2007-03-26,3.1323468945813624
2007-03-27,3.1719422307978777
2007-03-28,3.138624142565152
2007-03-29,3.035768623509108
2007-03-30,3.059153028627182
2007-04-02,3.135208840662532
2007-04-03,3.1883221011167766
2007-04-04,3.2368616407291504
2007-04-05,3.3011612066514235
2007-04-06,3.3348816454107535
2007-04-09,3.404953883026481
2007-04-10,3.4488555109460486
2007-04-11,3.493655959528814
2007-04-12,3.5629345649119673
2007-04-13,3.526691291875133
2007-04-16,3.681534925603343
2007-04-17,3.8428127456593635
2007-04-18,3.975014089954658
2007-04-19,3.76202202874742
2007-04-20,3.987855636057614
2007-04-23,4.202533333657889
2007-04-24,4.247094706709761
2007-04-25,4.227651103056075
2007-04-26,4.290099027982912
2007-04-27,4.287745019416218
2007-04-30,4.362300830885904
2007-05-08,4.569601434701643
2007-05-09,4.616732236593579
2007-05-10,4.721745258486389
2007-05-11,4.664413552722713
2007-05-14,4.727270503449659
2007-05-15,4.539470424068835
2007-05-16,4.671556811547744
2007-05-17,4.785398252107175
2007-05-18,4.821340560527624
2007-05-21,4.997431452080581
2007-05-22,5.143695785988427
2007-05-23,5.268854287709766
2007-05-24,5.232519042177338
2007-05-25,5.294212353192538
2007-05-28,5.423360061093454
2007-05-29,5.580202928496046
2007-05-30,5.063443374205856
2007-05-31,4.844135174208277
2007-06-01,4.465995152532937
2007-06-04,4.022159681975801
2007-06-05,4.109024085407803
2007-06-06,4.171846953363948
2007-06-07,4.388560657012714
2007-06-08,4.413006629621857
2007-06-11,4.478713125658714
2007-06-12,4.591429643593495
2007-06-13,4.85386113126677
2007-06-14,4.752103205508117
2007-06-15,4.730680714964846
2007-06-18,4.870200116972976
2007-06-19,4.964327399488142
2007-06-20,4.806969569832795
2007-06-21,4.782994917878831
2007-06-22,4.447437086793943
2007-06-25,4.077697047213
2007-06-26,4.25656859269936
2007-06-27,4.3498494685899995
2007-06-28,4.010850479353805
2007-06-29,3.84574453398326
2007-07-02,3.952232725644478
2007-07-03,4.047521739637805
2007-07-04,3.941661733515545
2007-07-05,3.7085420969631953
2007-07-06,3.9836840368325612
2007-07-09,4.132313631116097
2007-07-10,4.038461611821495
2007-07-11,4.091418335252583
2007-07-12,4.106793589612125
2007-07-13,4.087594242046132
2007-07-16,3.9585976057219994
2007-07-17,4.044955322167208
2007-07-18,4.056047980019422
2007-07-19,4.099150712897337
2007-07-20,4.233185491898823
2007-07-23,4.482475818722601
2007-07-24,4.495063651414449
2007-07-25,4.623699919712361
2007-07-26,4.72658467031473
2007-07-27,4.842530231825642
2007-07-30,4.986566935832761
2007-07-31,5.066550083461727
2007-08-01,4.760810156941665
2007-08-02,4.944830870341433
2007-08-03,5.021569719972511
2007-08-06,5.16659311708959
2007-08-07,5.181971124205773
2007-08-08,5.061064555153467
2007-08-09,5.086826372721751
2007-08-10,4.940890149187177
2007-08-13,4.963772104504307
2007-08-14,5.088326503204935
2007-08-15,5.015157385582385
2007-08-16,5.066324203733956
2007-08-17,5.041551530756991
2007-08-20,5.242085555835946
2007-08-21,5.28667978968839
2007-08-22,5.369891453359108
2007-08-23,5.404250020577305
2007-08-24,5.4100056929743445
2007-08-27,5.415514117676616
2007-08-28,5.440111785936572
2007-08-29,5.401555480311208
2007-08-30,5.6481084585333035
2007-08-31,5.720707728293322
2007-09-03,5.874957747427951
2007-09-04,5.819919721489888
2007-09-05,5.849900969817478
2007-09-06,5.907705220228464
2007-09-07,5.742981305009635
2007-09-10,5.883287910413363
2007-09-11,5.542675558801538
2007-09-12,5.641746719442317
2007-09-13,5.826809080314817
2007-09-14,5.925181544843719
2007-09-17,6.084400218052115
2007-09-18,6.137057350779021
2007-09-19,6.072215208129239
2007-09-20,6.161865743560241
2007-09-21,6.156865060051855
2007-09-24,6.285427176987051
2007-09-25,6.208196168205723
2007-09-26,6.035649067982533
2007-09-27,6.114876087592003
2007-09-28,6.270722520318808
2007-10-08,6.310473439544168
2007-10-09,6.30805319987702
2007-10-10,6.309616767175998
2007-10-11,6.1981686601260195
2007-10-12,6.011058798335341
2007-10-15,6.008202438183487
2007-10-16,6.118380477873301
2007-10-17,6.051912411432124
2007-10-18,5.889501658945456
2007-10-19,5.822469293433707
2007-10-22,5.641571373558311
2007-10-23,5.635321854834008
2007-10-24,5.5119359447383784
2007-10-25,5.073623702195054
2007-10-26,5.091708077357707
2007-10-29,5.293151451758918
2007-10-30,5.40011310275658
2007-10-31,5.5785084549575785
2007-11-01,5.456799299726097
2007-11-02,5.289129510112986
2007-11-05,5.343882579612402
2007-11-06,5.379397037490661
2007-11-07,5.44935653891897
2007-11-08,5.230993426425971
2007-11-09,5.164916555002572
2007-11-12,5.093316590500121
2007-11-13,5.095439818023512
2007-11-14,5.339029798499285
2007-11-15,5.2616690432463304
2007-11-16,5.263140077744731
2007-11-19,5.373804881881038
2007-11-20,5.440104540019478
2007-11-21,5.3643860954238125
2007-11-22,5.1107486844909005
2007-11-23,5.252818115243293
2007-11-26,5.198549151156505
2007-11-27,5.16594931739158
2007-11-28,5.146385937242231
2007-11-29,5.296567293786439
2007-11-30,5.168548936140535
2007-12-03,5.203416744117077
2007-12-04,5.241818466372509
2007-12-05,5.405240756859367
2007-12-06,5.414889283434682
2007-12-07,5.542360032613889
2007-12-10,5.719237753557937
2007-12-11,5.749378229848967
2007-12-12,5.732348786260054
2007-12-13,5.500029567023766
2007-12-14,5.597449127515334
2007-12-17,5.5189932134558495
2007-12-18,5.508475310478142
2007-12-19,5.636858028800584
2007-12-20,5.7123747026073834
2007-12-21,5.8391371939653665
2007-12-24,5.931976883777836
2007-12-25,5.9754604607944835
2007-12-26,6.138221757328241
2007-12-27,6.211850446643274
2007-12-28,6.181306885296393
2008-01-02,6.263969345129579
2008-01-03,6.3042002029524955
2008-01-04,6.473027376709895
2008-01-07,6.668806469362064
2008-01-08,6.569615853546442
2008-01-09,6.715835444981937
2008-01-10,6.928218164041682
2008-01-11,6.917543130821067
2008-01-14,6.9773466812264235
2008-01-15,7.014176997146552
2008-01-16,6.745556459555094
2008-01-17,6.534754159559223
2008-01-18,6.613710467377693
2008-01-21,6.212910409862094
2008-01-22,5.677430074286629
2008-01-23,5.966554852364243
2008-01-24,6.057869065873886
2008-01-25,6.183255525392878
2008-01-28,5.751444381123059
2008-01-29,5.800997412055295
2008-01-30,5.763562169263594
2008-01-31,5.633947909250114
2008-02-01,5.496658930436182
2008-02-04,5.979887314570631
2008-02-05,5.992409066662418
2008-02-13,5.930797514803972
2008-02-14,6.0275251867432775
2008-02-15,5.981505751168011
2008-02-18,6.170546191116758
2008-02-19,6.338767520858594
2008-02-20,6.294648467692513
2008-02-21,6.366204175908649
2008-02-22,6.214073533077541
2008-02-25,5.989560175758261
2008-02-26,6.021513857200554
2008-02-27,6.172653710190977
2008-02-28,6.187332915428431
2008-02-29,6.260766660768739
2008-03-03,6.435744216191237
2008-03-04,6.405072400331826
2008-03-05,6.473426774224371
2008-03-06,6.555322287841741
2008-03-07,6.425265190720146
2008-03-10,6.226984915529907
2008-03-11,6.293508157566428
2008-03-12,6.122086108541817
2008-03-13,5.859049944738223
2008-03-14,5.856524597558203
2008-03-17,5.390591730034428
2008-03-18,4.973986295438832
2008-03-19,5.183456937895912
2008-03-20,5.394201144863402
2008-03-21,5.473449299258944
2008-03-24,5.326772954734221
2008-03-25,5.390365431991559
2008-03-26,5.358569175989155
2008-03-27,5.03275423655584
2008-03-28,5.1717957201622164
2008-03-31,4.909086623888185
2008-04-01,4.467017558519574
2008-04-02,4.201809285591125
2008-04-03,4.349773087935266
2008-04-07,4.6547724241789865
2008-04-08,4.732062868179833
2008-04-09,4.451689823600786
2008-04-10,4.575956382573174
2008-04-11,4.6490848679748416
2008-04-14,4.337294409403255
2008-04-15,4.508029284065125
2008-04-16,4.391596771827498
2008-04-17,4.232370528910339
2008-04-18,3.982784795598469
2008-04-21,4.010655916892582
2008-04-22,3.9051259552384723
2008-04-23,4.080532782800773
2008-04-24,4.482073377058887
2008-04-25,4.53035987370363
2008-04-28,4.459487582240825
2008-04-29,4.5395604791843125
2008-04-30,4.712931891526218
2008-05-05,4.864175706085282
2008-05-06,4.818551075093242
2008-05-07,4.602933912279683
2008-05-08,4.7745686626116095
2008-05-09,4.793938379607069
2008-05-12,4.898754035752983
2008-05-13,4.973464676049049
2008-05-14,5.148909512082348
2008-05-15,5.115525249374012
2008-05-16,5.083020873983229
2008-05-19,5.114909378359819
2008-05-20,4.79189417756485
2008-05-21,4.94632279817083
2008-05-22,4.877324615057057
2008-05-23,4.83512129026889
2008-05-26,4.711993906793933
2008-05-27,4.726963018455653
2008-05-28,4.850257352973258
2008-05-29,4.761089778697952
2008-05-30,4.777610446606914
2008-06-02,4.815822841731411
2008-06-03,4.807921029106774
2008-06-04,4.713813165719733
2008-06-05,4.652834939148058
2008-06-06,4.660883929303612
2008-06-10,4.254012653458058
2008-06-11,4.14813282658695
2008-06-12,4.117992859405173
2008-06-13,3.942191296805744
2008-06-16,3.8782775344385776
2008-06-17,3.6556377184300852
2008-06-18,3.8939024353474396
2008-06-19,3.544309336505834
2008-06-20,3.614052136664398
2008-06-23,3.5263163733860643
2008-06-24,3.6387577921943612
2008-06-25,3.8454243790621367
2008-06-26,3.9228487652886326
2008-06-27,3.627400677662792
2008-06-30,3.6600007987764935
2008-07-01,3.5746860848258257
2008-07-02,3.6434365897220773
2008-07-03,3.811723238915546
2008-07-04,3.7924714527972214
2008-07-07,4.0087954794869445
2008-07-08,4.067755337065628
2008-07-09,4.219438472845033
2008-07-10,4.147171104129288
2008-07-11,4.145590916316742
2008-07-14,4.220372420106456
2008-07-15,4.079541778016262
2008-07-16,3.8831564840931874
2008-07-17,3.857434411351913
2008-07-18,4.002404762709599
2008-07-21,4.160776970838065
2008-07-22,4.158415872791394
2008-07-23,4.148293817054387
2008-07-24,4.257114729392879
2008-07-25,4.209850768063428
2008-07-28,4.286300283387147
2008-07-29,4.218232896883659
2008-07-30,4.195285594478897
2008-07-31,4.028735367298648
2008-08-01,4.090761006050837
2008-08-04,3.9474380983335675
2008-08-05,3.831340204018384
2008-08-06,3.8403038014829267
2008-08-07,3.8910109568733735
2008-08-08,3.589225009574182
2008-08-11,3.3090043071931605
2008-08-12,3.302446206213199
2008-08-13,3.301236991747628
2008-08-14,3.3121855963128395
2008-08-15,3.3058956112028777
2008-08-18,3.0489703183629735
2008-08-19,3.089136729794827
2008-08-20,3.365546465634288
2008-08-21,3.237992413370517
2008-08-22,3.179941642876356
2008-08-25,3.176923632394896
2008-08-26,3.0324407485902998
2008-08-27,3.056307576021981
2008-08-28,3.051631652296966
2008-08-29,3.1596237707757777
2008-09-01,3.0688045517702767
2008-09-02,3.146890088366921
2008-09-03,3.1744222984673147
2008-09-04,3.1841280870957953
2008-09-05,3.0016635311904905
2008-09-08,2.865434941282053
2008-09-09,2.9101617382883114
2008-09-10,2.937919392508428
2008-09-11,2.892752207950133
2008-09-12,2.906306054880024
2008-09-16,2.83997331810301
2008-09-17,2.7535948774717567
2008-09-18,2.6666570520113964
2008-09-19,2.933249734676539
2008-09-22,3.0790202845684815
2008-09-23,2.8766869458530144
2008-09-24,2.9368577919989636
2008-09-25,3.0006289913589153
2008-09-26,2.9841770089267983
2008-10-06,2.8458935767312514
2008-10-07,2.8565108910529005
2008-10-08,2.7810994139112504
2008-10-09,2.7458441336023456
2008-10-10,2.569234326460916
2008-10-13,2.664173794208142
2008-10-14,2.602468532099473
2008-10-15,2.6065403013045
2008-10-16,2.4804835590618475
2008-10-17,2.5265815471467947
2008-10-20,2.62192889613226
2008-10-21,2.614209892366751
2008-10-22,2.563597903947407
2008-10-23,2.5722889918160345
2008-10-24,2.5101491463702024
2008-10-27,2.2856064025943086
2008-10-28,2.3621712635571606
2008-10-29,2.301849236994608
2008-10-30,2.348373895053189
2008-10-31,2.301909234264297
2008-11-03,2.2831806422191105
2008-11-04,2.2072132712773835
2008-11-05,2.2993362995433775
2008-11-06,2.2448512392754116
2008-11-07,2.294942531021649
2008-11-10,2.5014795500293685
2008-11-11,2.4732996663093774
2008-11-12,2.532069760922021
2008-11-13,2.681766437923213
2008-11-14,2.8107836567104316
2008-11-17,2.899169716032969
2008-11-18,2.637634137291017
2008-11-19,2.8240839118068672
2008-11-20,2.8272526186116504
2008-11-21,2.7684969985740007
2008-11-24,2.637554903796512
2008-11-25,2.6351142619590098
2008-11-26,2.6204845549707745
2008-11-27,2.6550315381203187
2008-11-28,2.5976547531706213
2008-12-01,2.6974621800149383
2008-12-02,2.7472419331383073
2008-12-03,2.906488715151834
2008-12-04,2.9239054152182375
2008-12-05,3.01033469164052
2008-12-08,3.1686368904031945
2008-12-09,3.1028573604595273
2008-12-10,3.2084082429303153
2008-12-11,3.117269984408285
2008-12-12,2.9607173018617208
2008-12-15,2.9939106931185475
2008-12-16,3.052762634107691
2008-12-17,3.051491202753262
2008-12-18,3.129436454989514
2008-12-19,3.137529542254574
2008-12-22,3.1096811673783447
2008-12-23,2.9134529722685314
2008-12-24,2.845204449348018
2008-12-25,2.803583270447409
2008-12-26,2.7924930412934064
2008-12-29,2.753471042455158
2008-12-30,2.7150725287345527
2008-12-31,2.6641239503377947
2009-01-05,2.8008115832671856
2009-01-06,2.9175158910780947
2009-01-07,2.934523834923017
2009-01-08,2.863046222686497
2009-01-09,2.96652868529616
2009-01-12,3.0249112141662162
2009-01-13,2.9201127047732816
2009-01-14,3.0502917838731975
2009-01-15,3.0927603291454786
2009-01-16,3.126163160709218
2009-01-19,3.1396799690311363
2009-01-20,3.173753835058103
2009-01-21,3.180957032714872
2009-01-22,3.2530205422156073
2009-01-23,3.2421978374398934
2009-02-02,3.34965328203609
2009-02-03,3.4697655012881747
2009-02-04,3.5671855561149215
2009-02-05,3.525396285514115
2009-02-06,3.719693854896002
2009-02-09,3.936498170394338
2009-02-10,4.075178974502811
2009-02-11,4.03063685289965
2009-02-12,3.983465447039214
2009-02-13,4.1487851491951355
2009-02-16,4.272474066955971
2009-02-17,4.20184964855504
2009-02-18,3.9478052041516576
2009-02-19,4.026005784555276
2009-02-20,4.191330023889679
2009-02-23,4.320628867933619
2009-02-24,4.131562111148335
2009-02-25,4.124367156547579
2009-02-26,3.84199075172612
2009-02-27,3.5782761197685047
2009-03-02,3.6406811506834855
2009-03-03,3.649947143120488
2009-03-04,3.8966442245973805
2009-03-05,3.947546147816857
2009-03-06,3.9424162735509753
2009-03-09,3.7554387402368614
2009-03-10,3.860708615344198
2009-03-11,3.85221289588892
2009-03-12,3.8656560716939166
2009-03-13,3.8353715281322933
2009-03-16,3.902223805774184
2009-03-17,4.0632979886857505
2009-03-18,4.11149395312991
2009-03-19,4.23275845466984
2009-03-20,4.255946133737886
2009-03-23,4.337087006975767
2009-03-24,4.3361201682888675
2009-03-25,4.235048193083968
2009-03-26,4.3581793216742
2009-03-27,4.392785398328492
2009-03-30,4.3942618097336785
2009-03-31,4.423279061167017
2009-04-01,4.521452430038274
2009-04-02,4.535987501518694
2009-04-03,4.500950192688869
2009-04-07,4.552332039426138
2009-04-08,4.362429585680387
2009-04-09,4.448086928322109
2009-04-10,4.625877672742676
2009-04-13,4.713420370889971
2009-04-14,4.7584648850553934
2009-04-15,4.791393747408168
2009-04-16,4.799194066188632
2009-04-17,4.71061913142438
2009-04-20,4.801935729150265
2009-04-21,4.743236686826869
2009-04-22,4.500470979926221
2009-04-23,4.566635307907816
2009-04-24,4.503937987796534
2009-04-27,4.29738852774336
2009-04-28,4.351320027749696
2009-04-29,4.477606261011852
2009-04-30,4.522072944659536
2009-05-04,4.719678713381774
2009-05-05,4.754655879512911
2009-05-06,4.8513745181398145
2009-05-07,4.853856066274459
2009-05-08,4.882718676189425
2009-05-11,4.670920622803749
2009-05-12,4.79736594987596
2009-05-13,4.87161902863979
2009-05-14,4.88306649875455
2009-05-15,4.9236535515205055
2009-05-18,4.965324089471182
2009-05-19,5.068754105168971
2009-05-20,5.068351993956681
2009-05-21,4.947048485897403
2009-05-22,4.890476598051589
2009-05-25,4.934776711044423
2009-05-26,4.9028847977284915
2009-05-27,4.926686638407472
2009-06-01,5.096697144672702
2009-06-02,5.093785567485545
2009-06-03,5.22716098206529
2009-06-04,5.215643528240367
2009-06-05,5.158682423619981
2009-06-08,5.130640177532688
2009-06-09,5.160504037707276
2009-06-10,5.178841331388769
2009-06-11,5.120716761377134
2009-06-12,5.037188600285462
2009-06-15,5.066091522494196
2009-06-16,5.070592872816718
2009-06-17,5.179660166337965
2009-06-18,5.260984608704117
2009-06-19,5.2383818082361
2009-06-22,5.193110936004584
2009-06-23,5.142830325725377
2009-06-24,5.3162084072926135
2009-06-25,5.296640671861363
2009-06-26,5.3431687006717326
2009-06-29,5.445050507378845
2009-06-30,5.439258249530806
2009-07-01,5.548454171955275
2009-07-02,5.634011410488126
2009-07-03,5.78611015029789
2009-07-06,5.837639700422427
2009-07-07,5.720794339151876
2009-07-08,5.8883367887568125
2009-07-09,5.942544985161309
2009-07-10,5.983758023024829
2009-07-13,5.932553571123005
2009-07-14,6.075671908984762
2009-07-15,6.13713498470802
2009-07-16,6.114654325991721
2009-07-17,6.14499622686386
2009-07-20,6.250695285990661
2009-07-21,6.156469576390424
2009-07-22,6.246192755794248
2009-07-23,6.367234590274772
2009-07-24,6.323317339302642
2009-07-27,6.419287847307397
2009-07-28,6.485746597576068
2009-07-29,6.052843881883744
2009-07-30,6.072545004774497
2009-07-31,6.259300115151599
2009-08-03,6.331087574541939
2009-08-04,6.439057363231879
2009-08-05,6.3625652756898905
2009-08-06,6.171808682870338
2009-08-07,5.845465075452441
2009-08-10,5.92650720406895
2009-08-11,5.888671337187056
2009-08-12,5.536617224964559
2009-08-13,5.673050895442293
2009-08-14,5.492596220366687
2009-08-17,5.006417190200834
2009-08-18,5.127325939762942
2009-08-19,4.746955042032015
2009-08-20,4.979810444773446
2009-08-21,5.109078054917716
2009-08-24,5.227133995217269
2009-08-25,5.026327909604964
2009-08-26,5.157483021315137
2009-08-27,5.152237498613179
2009-08-28,4.99940388172795
2009-08-31,4.567208415151016
2009-09-01,4.4736614573831455
2009-09-02,4.527549984139057
2009-09-03,4.848127843941256
2009-09-04,4.914315682626999
2009-09-07,4.955740549302803
2009-09-08,5.109322669219692
2009-09-09,5.208540415520068
2009-09-10,5.14198493575018
2009-09-11,5.232693007207574
2009-09-14,5.31113046867705
2009-09-15,5.412912236577075
2009-09-16,5.378539203463683
2009-09-17,5.4942503415534985
2009-09-18,5.269124908969941
2009-09-21,5.304496408848736
2009-09-22,5.10474659115141
2009-09-23,4.9360738246312525
2009-09-24,4.920409800610207
2009-09-25,4.853192262115967
2009-09-28,4.661883168817668
2009-09-29,4.588802527648897
2009-09-30,4.677108044574061
2009-10-09,5.029475580612348
2009-10-12,5.040034037410075
2009-10-13,5.1244424900524965
2009-10-14,5.20917627469973
2009-10-15,5.219052160384195
2009-10-16,5.260011667522707
2009-10-19,5.454661022873318
2009-10-20,5.514142092225031
2009-10-21,5.516565318112153
2009-10-22,5.491283005227249
2009-10-23,5.564624161848425
2009-10-26,5.621411771552973
2009-10-27,5.458230367754837
2009-10-28,5.514800505073328
2009-10-29,5.361277158240794
2009-10-30,5.397008982925633
2009-11-02,5.61739414934094
2009-11-03,5.700783559572948
2009-11-04,5.793233791022309
2009-11-05,5.8149281586567305
2009-11-06,5.86016335015532
2009-11-09,5.8988104154854515
2009-11-10,5.877190210590637
2009-11-11,5.84683477173804
2009-11-12,5.849015166715453
2009-11-13,5.894324491518195
2009-11-16,6.1714596803179935
2009-11-17,6.173746977471733
2009-11-18,6.21763998048459
2009-11-19,6.26853718608705
2009-11-20,6.238053723931193
2009-11-23,6.353884712132169
2009-11-24,6.094225386661252
2009-11-25,6.2802357194163685
2009-11-26,6.0961468347612495
2009-11-27,5.811826822304441
2009-11-30,6.083943948675894
2009-12-01,6.189832769363879
2009-12-02,6.274001334615996
2009-12-03,6.374132718404266
2009-12-04,6.208468966802449
2009-12-07,6.356003446360096
2009-12-08,6.331369323883022
2009-12-09,6.2071011349470355
2009-12-10,6.305859792304452
2009-12-11,6.300846685492102
2009-12-14,6.293249292264095
2009-12-15,6.33142227617981
2009-12-16,6.318171272445103
2009-12-17,6.1273870213720745
2009-12-18,5.863356959572199
2009-12-21,5.947464028770676
2009-12-22,5.77250330501435
2009-12-23,5.908753096162477
2009-12-24,6.129754441024918
2009-12-25,6.169061872903184
2009-12-28,6.283067331744577
2009-12-29,6.3039198636486145
2009-12-30,6.265824657074201
2009-12-31,6.324108410946672
2010-01-04,6.33140977039713
2010-01-05,6.412316607489168
2010-01-06,6.403765004200101
2010-01-07,6.300325545619326
2010-01-08,6.405900942169107
2010-01-11,6.413536726263694
2010-01-12,6.54204233248097
2010-01-13,6.440458610629021
2010-01-14,6.564393484383969
2010-01-15,6.5672041282535725
2010-01-18,6.673852938950547
2010-01-19,6.676184485655935
2010-01-20,6.390313153566833
2010-01-21,6.403937882544934
2010-01-22,6.216381293157204
2010-01-25,6.133672335975972
2010-01-26,5.8936610855615
2010-01-27,5.877771319714969
2010-01-28,5.96956542457451
2010-01-29,6.0206452806867805
2010-02-01,5.911891669695968
2010-02-02,5.872049890475957
2010-02-03,5.955647774763591
2010-02-04,6.000238510143177
2010-02-05,5.842648750870677
2010-02-08,5.833593564774852
2010-02-09,5.851833672305413
2010-02-10,5.977942054561845
2010-02-11,5.9673008525774085
2010-02-12,6.061720893050158
2010-02-22,6.043967535901969
2010-02-23,6.103766338956752
2010-02-24,6.262130671128302
2010-02-25,6.354179183956105
2010-02-26,6.340908663745971
2010-03-01,6.4086058888839235
2010-03-02,6.345033033729737
2010-03-03,6.421681212925688
2010-03-04,6.2438572821943
2010-03-05,6.2418243315462325
2010-03-08,6.326400200085533
2010-03-09,6.435581905174546
2010-03-10,6.353539565823561
2010-03-11,6.291197011452447
2010-03-12,6.202954032982417
2010-03-15,6.1113827916996915
2010-03-16,6.1213632309700055
2010-03-17,6.274949642143199
2010-03-18,6.313738636378361
2010-03-19,6.385377143824196
2010-03-22,6.400354562750333
2010-03-23,6.385995156498138
2010-03-24,6.375303092426804
2010-03-25,6.245419106009671
2010-03-26,6.351777227195878
2010-03-29,6.529259028713581
2010-03-30,6.565919118751695
2010-03-31,6.514669972663957
2010-04-01,6.629701515388682
2010-04-02,6.698602351188361
2010-04-06,6.680782376950486
2010-04-07,6.685975407249097
2010-04-08,6.626428608041281
2010-04-09,6.752710771931703
2010-04-12,6.8234476144749
2010-04-13,6.699682448550068
2010-04-14,6.740558263951753
2010-04-15,6.670362252633658
2010-04-16,6.645009425426235
2010-04-19,6.333185088783107
2010-04-20,6.454559890488526
2010-04-21,6.70903941613391
2010-04-22,6.732215534413906
2010-04-23,6.6857378186952685
2010-04-26,6.767758924889095
2010-04-27,6.588919801836095
2010-04-28,6.576334510179061
2010-04-29,6.372180082999584
2010-04-30,6.186648479276082
2010-05-04,6.171215831714007
2010-05-05,6.351207500336776
2010-05-06,6.0643534134331505
2010-05-07,5.915949572801557
2010-05-10,5.808889572442463
2010-05-11,5.617905838195814
2010-05-12,5.5256640787807685
2010-05-13,5.696386956916345
2010-05-14,5.718996551823089
2010-05-17,5.308632545031425
2010-05-18,5.459952120002356
2010-05-19,5.461358748572168
2010-05-20,5.366435724262735
2010-05-21,5.54394481213026
2010-05-24,5.822502727849332
2010-05-25,5.794437356147168
2010-05-26,5.8005339255990735
2010-05-27,5.908087143337037
2010-05-28,5.904084233223456
2010-05-31,5.692386647012616
2010-06-01,5.53187250128719
2010-06-02,5.682282177445711
2010-06-03,5.594516207764362
2010-06-04,5.676819831291719
2010-06-07,5.6252944048306395
2010-06-08,5.652728668581701
2010-06-09,5.864799731496213
2010-06-10,5.788880369969775
2010-06-11,5.810389577439962
2010-06-17,5.810450138825744
2010-06-18,5.686587266599147
2010-06-21,5.92042577054905
2010-06-22,5.918485820769831
2010-06-23,5.855834106563774
2010-06-24,5.829473517974846
2010-06-25,5.721121871892523
2010-06-28,5.627029546219805
2010-06-29,5.243498119090008
2010-06-30,5.078549180636292
2010-07-01,5.003707996418675
2010-07-02,5.0488624865473914
2010-07-05,5.008933980928475
2010-07-06,5.142176676413372
2010-07-07,5.192057359268423
2010-07-08,5.1779594100594215
2010-07-09,5.363116129957551
2010-07-12,5.510778696869094
2010-07-13,5.373139873749516
2010-07-14,5.434369671671335
2010-07-15,5.314431012540024
2010-07-16,5.3874600808468704
2010-07-19,5.546750868216049
2010-07-20,5.720784656116673
2010-07-21,5.719222844044731
2010-07-22,5.826657372835413
2010-07-23,5.823202395017318
2010-07-26,5.904804378439068
2010-07-27,5.871621652970204
2010-07-28,6.056884799361756
2010-07-29,6.108709056327544
2010-07-30,6.09098607285209
2010-08-02,6.220871646483924
2010-08-03,6.143088950766606
2010-08-04,6.205221151262103
2010-08-05,6.157498998838497
2010-08-06,6.264009976771878
2010-08-09,6.365073137468975
2010-08-10,6.122811861192014
2010-08-11,6.1988384223572774
2010-08-12,6.097094357360335
2010-08-13,6.222275575932759
2010-08-16,6.378433670707504
2010-08-17,6.440730006316877
2010-08-18,6.444517073955017
2010-08-19,6.49598964024609
2010-08-20,6.328751371189731
2010-08-23,6.336634614751987
2010-08-24,6.415126173637335
2010-08-25,6.248311256832244
2010-08-26,6.28123770521942
2010-08-27,6.306681263269351
2010-08-30,6.458715196284309
2010-08-31,6.477364900356364
2010-09-01,6.417388367094655
2010-09-02,6.550421409158409
2010-09-03,6.588057881598342
2010-09-06,6.679958031879332
2010-09-07,6.723831967164042
2010-09-08,6.771476184511162
2010-09-09,6.661172849305663
2010-09-10,6.7453892231799175
2010-09-13,6.842117230920278
2010-09-14,6.83015020668963
2010-09-15,6.721467034030599
2010-09-16,6.548961763883414
2010-09-17,6.554787292209374
2010-09-20,6.455998159982488
2010-09-21,6.428250710342314
2010-09-27,6.633034379552183
2010-09-28,6.605482564889408
2010-09-29,6.54137696222403
2010-09-30,6.6485170299685326
2010-10-08,6.8755761848438635
2010-10-11,6.859637322177739
2010-10-12,6.937196581470892
2010-10-13,6.979887362672201
2010-10-14,6.768358789178142
2010-10-15,6.854336261716357
2010-10-18,6.77944624912846
2010-10-19,6.998212120063824
2010-10-20,7.01881398413935
2010-10-21,7.11728371068968
2010-10-22,7.166314426793542
2010-10-25,7.391404071468474
2010-10-26,7.523076543334045
2010-10-27,7.461942712508245
2010-10-28,7.428527633807585
2010-10-29,7.537533825561332
2010-11-01,7.784881131929809
2010-11-02,7.713530291615568
2010-11-03,7.520421513856201
2010-11-04,7.670340560223444
2010-11-05,7.790456607365889
2010-11-08,7.876463541883532
2010-11-09,7.885910986467895
2010-11-10,7.872322663586888
2010-11-11,7.898722121689921
2010-11-12,7.382974101650188
2010-11-15,7.342340358090603
2010-11-16,6.932887017117872
2010-11-17,6.789777113204593
2010-11-18,6.968149717306092
2010-11-19,7.01527953558885
2010-11-22,6.99931290509419
2010-11-23,6.833364446605262
2010-11-24,7.009872681616648
2010-11-25,7.122343093572064
2010-11-26,7.074775283408567
2010-11-29,6.980960698713424
2010-11-30,6.933593919741979
2010-12-01,6.93270540787968
2010-12-02,6.968385960017295
2010-12-03,6.923755441851908
2010-12-06,6.828398202358513
2010-12-07,6.927843240135739
2010-12-08,6.887642892145841
2010-12-09,6.740059299547527
2010-12-10,6.855086063425698
2010-12-13,7.0981276116306145
2010-12-14,7.173685022910239
2010-12-15,7.168636002649938
2010-12-16,7.1399623826757095
2010-12-17,7.1392275317545435
2010-12-20,7.015007630617223
2010-12-21,7.088739601448317
2010-12-22,7.038745274824728
2010-12-23,6.890775640890921
2010-12-24,6.745804781034859
2010-12-27,6.536718794931836
2010-12-28,6.394874749476642
2010-12-29,6.535352343890509
2010-12-30,6.568497213036529
2010-12-31,6.736827130744041
2011-01-04,6.853206708910844
2011-01-05,6.8264751356294795
2011-01-06,6.836254958140997
2011-01-07,6.793470028467032
2011-01-10,6.655852570658365
2011-01-11,6.706868410366377
2011-01-12,6.724492986778812
2011-01-13,6.6709745016545
2011-01-14,6.490749847352213
2011-01-17,6.217460594056326
2011-01-18,6.2098170680376255
2011-01-19,6.410949543665767
2011-01-20,6.1184039745912635
2011-01-21,6.167543720773262
2011-01-24,6.029214365822577
2011-01-25,5.96571716808022
2011-01-26,6.042039563464317
2011-01-27,6.123948597390138
2011-01-28,6.189978791645585
2011-01-31,6.2418476074506595
2011-02-01,6.3173300927203115
2011-02-09,6.222863066875
2011-02-10,6.391038524588038
2011-02-11,6.479494604470012
2011-02-14,6.665363130862723
2011-02-15,6.692163673276695
2011-02-16,6.821238933486109
2011-02-17,6.798925754832281
2011-02-18,6.746882269595886
2011-02-21,6.879198476374592
2011-02-22,6.656154719377981
2011-02-23,6.703434861019644
2011-02-24,6.744971052998733
2011-02-25,6.762778491292598
2011-02-28,6.856671515418794
2011-03-01,6.949228466859477
2011-03-02,6.882684064112966
2011-03-03,6.787252489759827
2011-03-04,6.937546311946057
2011-03-07,7.192664904215158
2011-03-08,7.206079478649055
2011-03-09,7.238385131305055
2011-03-10,7.044423267459075
2011-03-11,7.008891640974655
2011-03-14,7.030732410100978
2011-03-15,6.867922120464623
2011-03-16,6.959455966170093
2011-03-17,6.806694666760838
2011-03-18,6.883424795569225
2011-03-21,6.874876610553584
2011-03-22,6.908884976919239
2011-03-23,7.03538893358584
2011-03-24,6.998721163719577
2011-03-25,7.125589935507657
2011-03-28,7.139684429993079
2011-03-29,7.04177633871366
2011-03-30,6.971340756160348
2011-03-31,6.862829402692302
2011-04-01,6.983059849512097
2011-04-06,7.081147249449985
2011-04-07,7.12844570695617
2011-04-08,7.215272831206516
2011-04-11,7.202522802121496
2011-04-12,7.117331948066735
2011-04-13,7.2117083439703595
2011-04-14,7.145019825582599
2011-04-15,7.114840320631939
2011-04-18,7.091376806687788
2011-04-19,6.922788073903917
2011-04-20,6.952844155836501
2011-04-21,7.073075122370679
2011-04-22,6.988222051984768
2011-04-25,6.786216739121813
2011-04-26,6.717882007576522
2011-04-27,6.661168997996809
2011-04-28,6.490222868491789
2011-04-29,6.629390460917305
2011-05-03,6.659502236183658
2011-05-04,6.477156099937439
2011-05-05,6.520169963727811
2011-05-06,6.485814913499894
2011-05-09,6.5148312225498195
2011-05-10,6.574260463257959
2011-05-11,6.552548861194278
2011-05-12,6.446584677265147
2011-05-13,6.515982346168625
2011-05-16,6.460305125748469
2011-05-17,6.457950760351371
2011-05-18,6.504107365357572
2011-05-19,6.445176521820379
2011-05-20,6.401353770449397
2011-05-23,6.154498095515174
2011-05-24,6.201762627879169
2011-05-25,6.1315393301531556
2011-05-26,6.081045297357523
2011-05-27,5.998059955742682
2011-05-30,5.893332240709286
2011-05-31,6.021490593782825
2011-06-01,6.047088629551959
2011-06-02,5.985814502611605
2011-06-03,6.076543818002344
2011-06-07,6.154359272021688
2011-06-08,6.165544341010686
2011-06-09,6.033424764545031
2011-06-10,6.04694491348096
2011-06-13,6.088184502159925
2011-06-14,6.189905394498093
2011-06-15,6.126247710205736
2011-06-16,5.9967678054086155
2011-06-17,5.86337207089208
2011-06-20,5.810432921532821
2011-06-21,5.936615924458821
2011-06-22,5.908704467865649
2011-06-23,6.018747718009925
2011-06-24,6.165380112216752
2011-06-27,6.243569976062496
2011-06-28,6.276724021646799
2011-06-29,6.191127584817855
2011-06-30,6.321694159012672
2011-07-01,6.37113219487195
2011-07-04,6.558009233869588
2011-07-05,6.644135123430234
2011-07-06,6.671146319801737
2011-07-07,6.605802510673336
2011-07-08,6.577053557880559
2011-07-11,6.659119673075598
2011-07-12,6.584223725359663
2011-07-13,6.725024999917324
2011-07-14,6.816568758171687
2011-07-15,6.84349920032468
2011-07-18,6.824246211388382
2011-07-19,6.7306892926871225
2011-07-20,6.731297910420369
2011-07-21,6.664168726650349
2011-07-22,6.693749233240505
2011-07-25,6.381939085822198
2011-07-26,6.387815649783463
2011-07-27,6.506207534479475
2011-07-28,6.453469819405041
2011-07-29,6.385471477726963
2011-08-01,6.384633968325385
2011-08-02,6.363605988555239
2011-08-03,6.471061969713373
2011-08-04,6.502173886759636
2011-08-05,6.355313046041569
2011-08-08,5.930770501369221
2011-08-09,5.889855536522499
2011-08-10,5.99332349227394
2011-08-11,6.127469537986736
2011-08-12,6.20250504283795
2011-08-15,6.355573332266278
2011-08-16,6.309080227783431
2011-08-17,6.314949528749009
2011-08-18,6.1576950716639605
2011-08-19,6.076812221794714
2011-08-22,6.070014915142557
2011-08-23,6.260922003845879
2011-08-24,6.3089656467528
2011-08-25,6.410438981662807
2011-08-26,6.473514820747975
2011-08-29,6.418437184584807
2011-08-30,6.311690318037791
2011-08-31,6.252083817940815
2011-09-01,6.20911899763607
2011-09-02,6.131967647942316
2011-09-05,5.94402501053653
2011-09-06,5.927942796765945
2011-09-07,6.123304313467547
2011-09-08,6.05340460827312
2011-09-09,6.04008850914109
2011-09-13,5.965593427407794
2011-09-14,6.07733602481109
2011-09-15,6.098260970548831
2011-09-16,6.088823808069935
2011-09-19,5.9508594276889255
2011-09-20,6.040093339491703
2011-09-21,6.2531663479701045
2011-09-22,6.0649925386311905
2011-09-23,6.06579262799692
2011-09-26,5.9919555707201235
2011-09-27,6.034685173018356
2011-09-28,5.952296407801662
2011-09-29,5.7410961186820435
2011-09-30,5.721944998624415
2011-10-10,5.725335946415625
2011-10-11,5.725490564267855
2011-10-12,5.972398616258122
2011-10-13,6.086383289979289
2011-10-14,6.109386808401599
2011-10-17,6.117003432030375
2011-10-18,5.8194875371524875
2011-10-19,5.799030264379555
2011-10-20,5.60919440735711
2011-10-21,5.4715066866976
2011-10-24,5.61340952112213
2011-10-25,5.800959482726461
2011-10-26,5.862953063009568
2011-10-27,5.861237019312792
2011-10-28,6.031346576776207
2011-10-31,6.087133788940819
2011-11-01,6.069143511946313
2011-11-02,6.153316210964621
2011-11-03,6.183077829221701
2011-11-04,6.23156777418263
2011-11-07,6.196623697655983
2011-11-08,6.132841231404742
2011-11-09,6.231190437054585
2011-11-10,6.101094107677648
2011-11-11,6.111819393322328
2011-11-14,6.293874217535135
2011-11-15,6.326993823965147
2011-11-16,6.132899340696554
2011-11-17,6.116303862495201
2011-11-18,5.910922254075225
2011-11-21,5.901733018592399
2011-11-22,5.877414887351868
2011-11-23,5.840154761710085
2011-11-24,5.865386877866141
2011-11-25,5.836266180626592
2011-11-28,5.847411010034659
2011-11-29,5.958049220866431
2011-11-30,5.676620394477266
2011-12-01,5.828074611675881
2011-12-02,5.704010912634885
2011-12-05,5.524999478118508
2011-12-06,5.547103101093509
2011-12-07,5.5765357665814275
2011-12-08,5.567514787059194
2011-12-09,5.505184973845619
2011-12-12,5.434152211089715
2011-12-13,5.189003648418376
2011-12-14,5.0777045184688285
2011-12-15,4.88844946095719
2011-12-16,5.058156668161028
2011-12-19,5.098626627226923
2011-12-20,5.070536269233675
2011-12-21,4.9164589985197855
2011-12-22,4.870539580872384
2011-12-23,4.908206356128534
2011-12-26,4.878854671223977
2011-12-27,4.729572303592294
2011-12-28,4.729605184233815
2011-12-29,4.743256856133778
2011-12-30,4.837473205704541
2012-01-04,4.672258017253657
2012-01-05,4.469962557793375
2012-01-06,4.528823514715992
2012-01-09,4.776646930575172
2012-01-10,5.020372952802325
2012-01-11,5.035130657114404
2012-01-12,5.044834913323134
2012-01-13,4.874270500031736
2012-01-16,4.67181594195382
2012-01-17,5.011239746584083
2012-01-18,4.924138407733866
2012-01-19,4.988377663262993
2012-01-20,5.037646737483647
2012-01-30,4.979980291179657
2012-01-31,4.993771788068262
2012-02-01,4.910812327937974
2012-02-02,5.019445439057961
2012-02-03,5.098841920742009
2012-02-06,5.154863639261946
2012-02-07,5.037528522288918
2012-02-08,5.217397622270586
2012-02-09,5.260450965196678
2012-02-10,5.272814318398914
2012-02-13,5.329718513008692
2012-02-14,5.319026088486221
2012-02-15,5.405067362930356
2012-02-16,5.385643045083241
2012-02-17,5.363346265939363
2012-02-20,5.367421195487606
2012-02-21,5.437294501052626
2012-02-22,5.560237123787205
2012-02-23,5.599615800455742
2012-02-24,5.674413066590786
2012-02-27,5.662616075246913
2012-02-28,5.614820618022075
2012-02-29,5.534009626632622
2012-03-01,5.565951810822378
2012-03-02,5.7323566860334
2012-03-05,5.7528731385360095
2012-03-06,5.666899203601428
2012-03-07,5.604959038033931
2012-03-08,5.700944611916756
2012-03-09,5.796933242934758
2012-03-12,5.796855959273343
2012-03-13,5.869395276442497
2012-03-14,5.6049286348283385
2012-03-15,5.495453731543042
2012-03-16,5.627820972368647
2012-03-19,5.7135646713194586
2012-03-20,5.556453298423484
2012-03-21,5.589035428605998
2012-03-22,5.566996155040309
2012-03-23,5.434398400054243
2012-03-26,5.418870430467238
2012-03-27,5.421966543349633
2012-03-28,5.1775560341562015
2012-03-29,5.090625028787556
2012-03-30,5.08570459715196
2012-04-05,5.256161419401574
2012-04-06,5.3312752322016195
2012-04-09,5.269951992813858
2012-04-10,5.341705337737982
2012-04-11,5.368875099448282
2012-04-12,5.495655597557023
2012-04-13,5.573516774705889
2012-04-16,5.592164654109299
2012-04-17,5.5105975803076035
2012-04-18,5.652994747658178
2012-04-19,5.61685188127812
2012-04-20,5.671658249366932
2012-04-23,5.591795981389726
2012-04-24,5.547580297020652
2012-04-25,5.646790052382812
2012-04-26,5.616307941298623
2012-04-27,5.561042270421325
2012-05-02,5.626350713820643
2012-05-03,5.6566567949703135
2012-05-04,5.712182514221532
2012-05-07,5.740478962198904
2012-05-08,5.729779534934156
2012-05-09,5.60436091106203
2012-05-10,5.618376231014494
2012-05-11,5.581659091405521
2012-05-14,5.547563465439077
2012-05-15,5.510291392660167
2012-05-16,5.442768141231852
2012-05-17,5.5640582616796115
2012-05-18,5.4809419900979615
2012-05-21,5.464160514758912
2012-05-22,5.573729478841928
2012-05-23,5.559140674696317
2012-05-24,5.529286344559844
2012-05-25,5.452608039362117
2012-05-28,5.536030396011821
2012-05-29,5.651000216415677
2012-05-30,5.681717699374151
2012-05-31,5.697192421091654
2012-06-01,5.674637781498839
2012-06-04,5.463439534544198
2012-06-05,5.424006249538067
2012-06-06,5.4029663155980225
2012-06-07,5.377208804932281
2012-06-08,5.3569849660872775
2012-06-11,5.485587792638974
2012-06-12,5.440385482672155
2012-06-13,5.542882840941249
2012-06-14,5.45348916473578
2012-06-15,5.431936647621319
2012-06-18,5.505233923324541
2012-06-19,5.434573878837473
2012-06-20,5.408420048286634
2012-06-21,5.318225910593288
2012-06-25,5.0910461194097625
2012-06-26,5.101793162537321
2012-06-27,5.095678173367501
2012-06-28,5.057348619226487
2012-06-29,5.126082369096909
2012-07-02,5.15383992120548
2012-07-03,5.171699965982822
2012-07-04,5.160379213956899
2012-07-05,5.028923982292937
2012-07-06,5.148948774515941
2012-07-09,4.954871167523477
2012-07-10,4.907649630429948
2012-07-11,4.977389134789911
2012-07-12,5.119771898900619
2012-07-13,5.058470870235655
2012-07-16,4.86892356755196
2012-07-17,4.941375104317958
2012-07-18,4.968135070044794
2012-07-19,4.99556422304489
2012-07-20,4.942773612882445
2012-07-23,4.8665430966387335
2012-07-24,4.913313017099309
2012-07-25,4.857425651024158
2012-07-26,4.81130128939236
2012-07-27,4.812318109620552
2012-07-30,4.710189293517333
2012-07-31,4.610279859342992
2012-08-01,4.700068454174332
2012-08-02,4.637887336267457
2012-08-03,4.749705730586839
2012-08-06,4.888015553700238
2012-08-07,4.921313597006142
2012-08-08,4.929982104511552
2012-08-09,4.980612873335919
2012-08-10,4.959413442322783
2012-08-13,4.784416552168223
2012-08-14,4.823391656618005
2012-08-15,4.749682873308372
2012-08-16,4.7315853559288215
2012-08-17,4.751126472571695
2012-08-20,4.754777757437134
2012-08-21,4.8445003977451355
2012-08-22,4.7861952984013465
2012-08-23,4.871293432508902
2012-08-24,4.765692132794763
2012-08-27,4.628187943236252
2012-08-28,4.660696215960246
2012-08-29,4.610017527631008
2012-08-30,4.564176849322519
2012-08-31,4.5769839579444085
2012-09-03,4.6526900559556115
2012-09-04,4.638216312246548
2012-09-05,4.687022153790015
2012-09-06,4.754727963756742
2012-09-07,4.987567025724053
2012-09-10,5.064779714881828
2012-09-11,5.035931402278329
2012-09-12,5.0743262161132705
2012-09-13,4.939516248061423
2012-09-14,4.964553071170338
2012-09-17,4.805899545729505
2012-09-18,4.7834037990768365
2012-09-19,4.854222874877931
2012-09-20,4.6622232059000845
2012-09-21,4.624719017299397
2012-09-24,4.6593733769466
2012-09-25,4.639877836021549
2012-09-26,4.525124902305473
2012-09-27,4.664507889897415
2012-09-28,4.768064270959953
2012-10-08,4.746153491788744
2012-10-09,4.900938054209696
2012-10-10,4.911950691884826
2012-10-11,4.820984956894633
2012-10-12,4.812916614449473
2012-10-15,4.750348044666103
2012-10-16,4.739576897720861
2012-10-17,4.75147703280079
2012-10-18,4.864284757064048
2012-10-19,4.8693567736897965
2012-10-22,4.884615344977044
2012-10-23,4.778863599860174
2012-10-24,4.749997161866882
2012-10-25,4.691575675626893
2012-10-26,4.5502941091326
2012-10-29,4.5211015293328085
2012-10-30,4.540786080022989
2012-10-31,4.561554543222748
2012-11-01,4.686986002059449
2012-11-02,4.711214952217686
2012-11-05,4.7054931902870125
2012-11-06,4.673140622546059
2012-11-07,4.664756582793453
2012-11-08,4.499937965361554
2012-11-09,4.498282915339229
2012-11-12,4.54295160184428
2012-11-13,4.414303079223315
2012-11-14,4.422046314284027
2012-11-15,4.350836724713552
2012-11-16,4.321172785723859
2012-11-19,4.3614766677339265
2012-11-20,4.339117580272631
2012-11-21,4.4214222439961715
2012-11-22,4.370808301031548
2012-11-23,4.39467699304954
2012-11-26,4.334961937174485
2012-11-27,4.1952229620708295
2012-11-28,4.124847226646305
2012-11-29,4.041456681571466
2012-11-30,4.116168783270991
2012-12-03,3.9941815121175765
2012-12-04,4.086695218430055
2012-12-05,4.274647035291748
2012-12-06,4.27802213785364
2012-12-07,4.386585045878791
2012-12-10,4.441903628906437
2012-12-11,4.416822889969098
2012-12-12,4.438359361253814
2012-12-13,4.386092439794812
2012-12-14,4.608293590928773
2012-12-17,4.639161279716171
2012-12-18,4.624457626743582
2012-12-19,4.653274375305252
2012-12-20,4.70871786713165
2012-12-21,4.674514360969009
2012-12-24,4.701926809647054
2012-12-25,4.868079185517223
2012-12-26,4.924517445550155
2012-12-27,4.858007907318696
2012-12-28,4.991438659483325
2012-12-31,5.089532800574707
2013-01-04,5.08253244622396
2013-01-07,5.128428058745266
2013-01-08,5.117060047107694
2013-01-09,5.0947462150560545
2013-01-10,5.122259489077096
2013-01-11,4.966847485432366
2013-01-14,5.180946293977132
2013-01-15,5.263816470938249
2013-01-16,5.2063160437472
2013-01-17,5.173973510681441
2013-01-18,5.27121237795755
2013-01-21,5.31951984745309
2013-01-22,5.275802288430232
2013-01-23,5.263151178037306
2013-01-24,5.172339144937557
2013-01-25,5.122618568317573
2013-01-28,5.358579695771551
2013-01-29,5.452793336141989
2013-01-30,5.458232275599058
2013-01-31,5.460125105255436
2013-02-01,5.603768067835276
2013-02-04,5.584293431605906
2013-02-05,5.627665167442249
2013-02-06,5.6560403744303045
2013-02-07,5.731526794362005
2013-02-08,5.776576427983265
2013-02-18,5.818035459755876
2013-02-19,5.65103814614223
2013-02-20,5.753875919401607
2013-02-21,5.641108733952548
2013-02-22,5.6725956022042245
2013-02-25,5.746407027683596
2013-02-26,5.70456908130418
2013-02-27,5.815121558621612
2013-02-28,5.949524366326108
2013-03-01,6.037359607163338
2013-03-04,5.5972299931700835
2013-03-05,5.720921175813539
2013-03-06,5.73471457292854
2013-03-07,5.704256721414791
2013-03-08,5.617092963809385
2013-03-11,5.614228121528953
2013-03-12,5.547041884574776
2013-03-13,5.464566634562748
2013-03-14,5.476566470268244
2013-03-15,5.432274432663321
2013-03-18,5.399212115937057
2013-03-19,5.517088840848844
2013-03-20,5.717571276995114
2013-03-21,5.699935029202497
2013-03-22,5.715933080477791
2013-03-25,5.690572256799218
2013-03-26,5.637268450395018
2013-03-27,5.657278655362556
2013-03-28,5.410837422227653
2013-03-29,5.391749601556577
2013-04-01,5.448781510879751
2013-04-02,5.474126234244969
2013-04-03,5.431539329043378
2013-04-08,5.403635519733742
2013-04-09,5.483691035360118
2013-04-10,5.461073472293494
2013-04-11,5.479434118756033
2013-04-12,5.417163903883669
2013-04-15,5.414599888356818
2013-04-16,5.55625454610351
2013-04-17,5.5438522309180485
2013-04-18,5.5538846301976985
2013-04-19,5.701392633921687
2013-04-22,5.660229596056722
2013-04-23,5.417150505040577
2013-04-24,5.515733252397526
2013-04-25,5.415657672985098
2013-04-26,5.386340906102348
2013-05-02,5.414754081725525
2013-05-03,5.58037894730117
2013-05-06,5.706567627521735
2013-05-07,5.6655398681904385
2013-05-08,5.7154733747787585
2013-05-09,5.714353872332778
2013-05-10,5.695956472706547
2013-05-13,5.703885354117591
2013-05-14,5.594350613657726
2013-05-15,5.690922119715195
2013-05-16,5.7622742304453896
2013-05-17,5.853789502427722
2013-05-20,5.945036005687932
2013-05-21,6.0199122029445835
2013-05-22,5.944610131533427
2013-05-23,5.883420780919775
2013-05-24,6.006733714041851
2013-05-27,6.096213875730083
2013-05-28,6.106173622527005
2013-05-29,6.122758237468893
2013-05-30,6.106779836087369
2013-05-31,6.074042267164682
2013-06-03,6.016288832363115
2013-06-04,5.830546239129876
2013-06-05,5.87186329161853
2013-06-06,5.764289898174861
2013-06-07,5.716359346218117
2013-06-13,5.589902317221737
2013-06-14,5.786445166519633
2013-06-17,5.782448227370215
2013-06-18,5.771920576016278
2013-06-19,5.792328185537375
2013-06-20,5.550161458542429
2013-06-21,5.543600889019791
2013-06-24,5.20113484260514
2013-06-25,5.263343258709069
2013-06-26,5.488022748185891
2013-06-27,5.412704311298304
2013-06-28,5.34126303536449
2013-07-01,5.503920265522205
2013-07-02,5.616312033011917
2013-07-03,5.622598200887666
2013-07-04,5.673172892687555
2013-07-05,5.644200117578115
2013-07-08,5.397467998858702
2013-07-09,5.4117657824070475
2013-07-10,5.6397512325869155
2013-07-11,5.798666257970105
2013-07-12,5.748959325859051
2013-07-15,5.887242126322067
2013-07-16,5.967232362213505
2013-07-17,5.858905155405282
2013-07-18,5.853906345742145
2013-07-19,5.673017588814935
2013-07-22,5.841057386565126
2013-07-23,6.03660975431149
2013-07-24,6.078979105398678
2013-07-25,5.923892472993777
2013-07-26,5.888092772824522
2013-07-29,5.723322331423779
2013-07-30,5.747815301525788
2013-07-31,5.802467418509641
2013-08-01,6.016403679058319
2013-08-02,6.038730984087231
2013-08-05,6.133157459490144
2013-08-06,6.182142777339209
2013-08-07,6.093000694329731
2013-08-08,6.0990335881968605
2013-08-09,6.1666177998672325
2013-08-12,6.3758690793432224
2013-08-13,6.374076160808481
2013-08-14,6.330467621596935
2013-08-15,6.245195404601915
2013-08-16,6.151043522674326
2013-08-19,6.2616597857653264
2013-08-20,6.185612317859187
2013-08-21,6.252919395836427
2013-08-22,6.223217909397248
2013-08-23,6.1738838366279545
2013-08-26,6.348647493664987
2013-08-27,6.388625521583757
2013-08-28,6.3637983037665204
2013-08-29,6.315408997329931
2013-08-30,6.156798189196035
2013-09-02,6.230683418051769
2013-09-03,6.350730238320586
2013-09-04,6.317958622011617
2013-09-05,6.360809458276784
2013-09-06,6.367204411987376
2013-09-09,6.3908899946736355
2013-09-10,6.432058051647623
2013-09-11,6.282855830505571
2013-09-12,6.29385519545422
2013-09-13,6.315002808347081
2013-09-16,6.355317537926132
2013-09-17,6.218496180670963
2013-09-18,6.277351994596203
2013-09-23,6.4789588801684825
2013-09-24,6.4748814493191205
2013-09-25,6.432518769348001
2013-09-26,6.35722593855561
2013-09-27,6.436959223254139
2013-09-30,6.530883138651936
2013-10-08,6.710605917744954
2013-10-09,6.836995646291353
2013-10-10,6.722457966107494
2013-10-11,6.84118235740311
2013-10-14,6.937504278501145
2013-10-15,6.9308410204378585
2013-10-16,6.597750686474167
2013-10-17,6.513713928059517
2013-10-18,6.627466285883528
2013-10-21,6.830719092493114
2013-10-22,6.598062833223425
2013-10-23,6.431670512226196
2013-10-24,6.374945087782869
2013-10-25,6.229963074028255
2013-10-28,6.2727781000954375
2013-10-29,6.072245716620251
2013-10-30,6.182016790413235
2013-10-31,6.072658305619911
2013-11-01,6.060422051509752
2013-11-04,6.143941376793222
2013-11-05,6.34348743901288
2013-11-06,6.235664921487483
2013-11-07,6.190223690744371
2013-11-08,6.118394028199875
2013-11-11,6.110126005669434
2013-11-12,6.19563929306174
2013-11-13,6.098842373385848
2013-11-14,6.282994626588376
2013-11-15,6.503089667755716
2013-11-18,6.718669419079697
2013-11-19,6.706652017068287
2013-11-20,6.804367106045571
2013-11-21,6.762784388644802
2013-11-22,6.639589129641171
2013-11-25,6.651411746668089
2013-11-26,6.686452507158402
2013-11-27,6.8305994522329065
2013-11-28,6.837624023522163
2013-11-29,6.971486336194307
2013-12-02,6.384066333162566
2013-12-03,6.444988406871212
2013-12-04,6.516198452464272
2013-12-05,6.486484907388163
2013-12-06,6.397138919343537
2013-12-09,6.474938132088523
2013-12-10,6.42325631555493
2013-12-11,6.351811643176769
2013-12-12,6.395523996110459
2013-12-13,6.41436195843668
2013-12-16,6.3359515073104244
2013-12-17,6.316844362477195
2013-12-18,6.301090430105438
2013-12-19,6.24084494934668
2013-12-20,6.129149457311954
2013-12-23,6.118373711704204
2013-12-24,6.175807304348212
2013-12-25,6.296970062856954
2013-12-26,6.132075709751073
2013-12-27,6.299384631649209
2013-12-30,6.337498655626322
2013-12-31,6.336170479011002
2014-01-02,6.3904475496613244
2014-01-03,6.349796369742616
2014-01-06,6.028828617395414
2014-01-07,6.094062128037045
2014-01-08,6.2169935810868715
2014-01-09,6.058145485126148
2014-01-10,5.97614645515207
2014-01-13,6.008586511882452
2014-01-14,6.194619307099232
2014-01-15,6.328651384291579
2014-01-16,6.3016222102244175
2014-01-17,6.217621260575073
2014-01-20,6.114253541505524
2014-01-21,6.24609703242955
2014-01-22,6.3767382494464036
2014-01-23,6.454743441875567
2014-01-24,6.502985352897633
2014-01-27,6.448989928081157
2014-01-28,6.395306966318984
2014-01-29,6.4487349707922235
2014-01-30,6.370853948204764
2014-02-07,6.492036060844114
2014-02-10,6.678488487276301
2014-02-11,6.628754085898658
2014-02-12,6.768250159573062
2014-02-13,6.510527990061197
2014-02-14,6.648692755625679
2014-02-17,6.894895359539996
2014-02-18,6.922506136624309
2014-02-19,6.886025114735494
2014-02-20,6.68640565934481
2014-02-21,6.695183034875802
2014-02-24,6.7612263242240935
2014-02-25,6.344205361534093
2014-02-26,6.322969906845855
2014-02-27,6.149433286192047
2014-02-28,6.214133867321617
2014-03-03,6.338797459751194
2014-03-04,6.291743748451498
2014-03-05,6.2981890411879
2014-03-06,6.30579717356606
2014-03-07,6.275706339470833
2014-03-10,6.0055820724593065
2014-03-11,5.997386421644823
2014-03-12,5.963679840205158
2014-03-13,6.091704701532856
2014-03-14,6.063103527362159
2014-03-17,6.252466519033633
2014-03-18,6.281357517382466
2014-03-19,6.27790675382425
2014-03-20,6.0498052220814875
2014-03-21,6.157304360380043
2014-03-24,6.132454466978538
2014-03-25,6.132820281627658
2014-03-26,6.2276681450423315
2014-03-27,6.042505881818559
2014-03-28,5.790397265967284
2014-03-31,5.767167789055098
2014-04-01,5.903134661495217
2014-04-02,5.889812539995138
2014-04-03,5.889587495640536
2014-04-04,5.985293848422107
2014-04-08,6.051743275920406
2014-04-09,6.145262861082019
2014-04-10,6.18640875595365
2014-04-11,6.1905755377239515
2014-04-14,6.247055561042975
2014-04-15,6.211189971501492
2014-04-16,6.207793213899814
2014-04-17,6.2267798231929055
2014-04-18,6.272389189190487
2014-04-21,6.1448316937869025
2014-04-22,6.103712603822166
2014-04-23,6.08096318551292
2014-04-24,5.9999748670157995
2014-04-25,5.818300284169394
2014-04-28,5.57710938547845
2014-04-29,5.668910339043198
2014-04-30,5.692176836914084
2014-05-05,5.762021500300245
2014-05-06,5.815504229956434
2014-05-07,5.705296968145759
2014-05-08,5.780597478278522
2014-05-09,5.750682040254794
2014-05-12,5.961338460615203
2014-05-13,5.9265129953002145
2014-05-14,5.916499990814715
2014-05-15,5.7473435808112665
2014-05-16,5.745616640305341
2014-05-19,5.733996951067703
2014-05-20,5.751246744218626
2014-05-21,5.837280358180522
2014-05-22,5.86852894068477
2014-05-23,5.949412640012316
2014-05-26,6.024246817078252
2014-05-27,5.977429565517302
2014-05-28,6.095204075658626
2014-05-29,5.996392464296588
2014-05-30,6.010571050773615
2014-06-03,5.964143848386869
2014-06-04,5.884332944255576
2014-06-05,5.997237630325662
2014-06-06,5.9582105967416235
2014-06-09,5.8996392735103855
2014-06-10,5.998844735846051
2014-06-11,6.056445126523295
2014-06-12,6.066184506315453
2014-06-13,6.180619790967752
2014-06-16,6.188033577428156
2014-06-17,6.112282223976518
2014-06-18,6.080688889177546
2014-06-19,5.847877255993229
2014-06-20,5.941733728311496
2014-06-23,6.039541073511068
2014-06-24,6.0943919622821845
2014-06-25,6.0550139111457995
2014-06-26,6.148473667737328
2014-06-27,6.196750085762836
2014-06-30,6.248578647942866
2014-07-01,6.316325651540392
2014-07-02,6.3650452306399075
2014-07-03,6.399756126987251
2014-07-04,6.374519443770749
2014-07-07,6.369391503947888
2014-07-08,6.5047572195808385
2014-07-09,6.3422854250216885
2014-07-10,6.279946755476604
2014-07-11,6.342580768400591
2014-07-14,6.427564762942357
2014-07-15,6.3340911715059365
2014-07-16,6.2344539066593585
2014-07-17,6.206847991966282
2014-07-18,6.188608106219348
2014-07-21,6.160854401651085
2014-07-22,6.261118005592447
2014-07-23,6.139784455596439
2014-07-24,6.0691878223402425
2014-07-25,6.12351312475301
2014-07-28,6.2569761881520325
2014-07-29,6.353231577524202
2014-07-30,6.453153148972443
2014-07-31,6.471161365170885
2014-08-01,6.359458015321101
2014-08-04,6.461899012620877
2014-08-05,6.5104777097294395
2014-08-06,6.5669375321800745
2014-08-07,6.473395594344008
2014-08-08,6.511164253527457
2014-08-11,6.60471360636812
2014-08-12,6.664315292140685
2014-08-13,6.630027639388465
2014-08-14,6.563430493607138
2014-08-15,6.636635658350072
2014-08-18,6.731607927249647
2014-08-19,6.7823896138522235
2014-08-20,6.741624073097757
2014-08-21,6.806652620689506
2014-08-22,6.833396759990029
2014-08-25,6.745437728269667
2014-08-26,6.5640653431954075
2014-08-27,6.647729982051094
2014-08-28,6.572764488054819
2014-08-29,6.712703705402571
2014-09-01,6.875435794911258
2014-09-02,7.069626361052169
2014-09-03,7.128183308610437
2014-09-04,7.218110733367014
2014-09-05,7.258953463764045
2014-09-09,7.278704374856327
2014-09-10,7.305023040255174
2014-09-11,7.279814110297577
2014-09-12,7.383462055165324
2014-09-15,7.478426528346898
2014-09-16,7.156426420592403
2014-09-17,7.188058354628041
2014-09-18,7.275508044433173
2014-09-19,7.381750335760097
2014-09-22,7.310274141765921
2014-09-23,7.421919880801602
2014-09-24,7.616229207699004
2014-09-25,7.617228212669815
2014-09-26,7.630998213726366
2014-09-29,7.774730280966163
2014-09-30,7.807857715705319
2014-10-08,7.8522382468774445
2014-10-09,7.851972742502489
2014-10-10,7.825380431244081
2014-10-13,7.8874617899980395
2014-10-14,7.825139500007265
2014-10-15,7.8419889017983
2014-10-16,7.639740429331043
2014-10-17,7.58309168788138
2014-10-20,7.689316748371658
2014-10-21,7.6037114170246545
2014-10-22,7.53218178581232
2014-10-23,7.45863588080168
2014-10-24,7.450702011941245
2014-10-27,7.580413105061947
2014-10-28,7.806833902549267
2014-10-29,7.903575055703719
2014-10-30,7.8421374632710386
2014-10-31,7.830601497596608
2014-11-03,7.906626564185478
2014-11-04,7.888539195030842
2014-11-05,7.858421070639123
2014-11-06,7.934931004870638
2014-11-07,7.901778057712032
2014-11-10,7.992380707644739
2014-11-11,7.692429505348657
2014-11-12,7.863447291642335
2014-11-13,7.757939611207789
2014-11-14,7.6984989047099734
2014-11-17,7.782123484554668
2014-11-18,7.770160988685418
2014-11-19,7.832487898728949
2014-11-20,7.832048973291534
2014-11-21,7.980795928695389
2014-11-24,8.121265930272383
2014-11-25,8.251603321919148
2014-11-26,8.31709787118842
2014-11-27,8.403304380978334
2014-11-28,8.374350779586035
2014-12-01,8.330787152485119
2014-12-02,8.51185596786056
2014-12-03,8.679629690771144
2014-12-04,8.914687294657007
2014-12-05,8.937600795461444
2014-12-08,9.25848053567441
2014-12-09,8.725892676574466
2014-12-10,9.116865046786405
2014-12-11,9.217978734772451
2014-12-12,9.25105036937357
2014-12-15,9.288654907546308
2014-12-16,9.323138799450662
2014-12-17,9.265986472605512
2014-12-18,9.20915235404147
2014-12-19,9.09491098528817
2014-12-22,8.591935394998172
2014-12-23,8.390554692632527
2014-12-24,8.52518209314379
2014-12-25,8.69304235197408
2014-12-26,8.818644827789178
2014-12-29,8.65786492849407
2014-12-30,8.497504005050239
2014-12-31,8.579647804255133
2015-01-05,8.646492480619981
2015-01-06,8.671510267513668
2015-01-07,8.708174121775114
2015-01-08,8.48225343466317
2015-01-09,8.42218428490958
2015-01-12,8.24673457856492
2015-01-13,8.25689871880293
2015-01-14,8.276157119430227
2015-01-15,8.5033692417089
2015-01-16,8.534623612954059
2015-01-19,7.895037614224728
2015-01-20,7.985415059618501
2015-01-21,8.347421957992527
2015-01-22,8.477353978050592
2015-01-23,8.463579726898478
2015-01-26,8.54076889871804
2015-01-27,8.50948493818282
2015-01-28,8.404035993550295
2015-01-29,8.280342875880535
2015-01-30,8.169721899644403
2015-02-02,8.000677764478548
2015-02-03,8.185084293204843
2015-02-04,8.206630995976697
2015-02-05,8.054189274908476
2015-02-06,7.855959429965876
2015-02-09,7.9208694950271
2015-02-10,8.018237142467697
2015-02-11,8.059844949155927
2015-02-12,8.0963903157042
2015-02-13,8.241747520908325
2015-02-16,8.316397692210968
2015-02-17,8.368208065146701
2015-02-25,8.315760962059898
2015-02-26,8.601251329643262
2015-02-27,8.637411186199964
2015-03-02,8.817353478643088
2015-03-03,8.656929271924382
2015-03-04,8.835478462286485
2015-03-05,8.811986737466622
2015-03-06,8.687732844865346
2015-03-09,8.792143659416459
2015-03-10,8.85700054604408
2015-03-11,8.826911405103363
2015-03-12,8.862793038409754
2015-03-13,9.066043075389793
2015-03-16,9.37564759838158
2015-03-17,9.568880587421424
2015-03-18,9.769078731509982
2015-03-19,9.798491547133008
2015-03-20,10.01256985553709
2015-03-23,10.417360122795543
2015-03-24,10.608279077125772
2015-03-25,10.673745682434417
2015-03-26,10.498987015590938
2015-03-27,10.684004762596967
2015-03-30,10.934500722319136
2015-03-31,10.977197593217833
2015-04-01,11.257283733658596
2015-04-02,11.45269589418956
2015-04-03,11.473842368147345
2015-04-07,11.870232226452018
2015-04-08,11.699347445266607
2015-04-09,11.556100192075228
2015-04-10,11.86119086307795
2015-04-13,12.180053200386942
2015-04-14,12.167862373967768
2015-04-15,11.5408263065967
2015-04-16,11.621249738676132
2015-04-17,11.641367855254844
2015-04-20,11.451793174562887
2015-04-21,12.016302127826664
2015-04-22,12.3507988286998
2015-04-23,12.547639048997345
2015-04-24,12.602890216148657
2015-04-27,12.775292284506385
2015-04-28,12.204754152344085
2015-04-29,12.536312491606934
2015-04-30,12.698410261166929
2015-05-04,12.695978224869105
2015-05-05,12.423122715254848
2015-05-06,12.535005932080498
2015-05-07,12.362886861690685
2015-05-08,13.04616348465935
2015-05-11,13.679881554599032
2015-05-12,13.947267450207786
2015-05-13,14.00760389901662
2015-05-14,14.183577154318707
2015-05-15,14.094893188758546
2015-05-18,14.698322870739176
2015-05-19,15.046405424970231
2015-05-20,15.333485975302509
2015-05-21,16.125972918737755
2015-05-22,16.254851709450534
2015-05-25,16.62499912610075
2015-05-26,17.315849462815414
2015-05-27,17.65684073442598
2015-05-28,16.592211143863945
2015-05-29,16.988421955112653
2015-06-01,17.994116903461784
2015-06-02,18.595996299839626
2015-06-03,18.570404112603953
2015-06-04,18.638263689810966
2015-06-05,19.076496278981637
2015-06-08,19.186270257733355
2015-06-09,19.00248160641689
2015-06-10,19.244493443145775
2015-06-11,19.472129381131058
2015-06-12,19.69117572921939
2015-06-15,19.527212567158834
2015-06-16,18.61465920993248
2015-06-17,18.948036581868745
2015-06-18,18.17011146978933
2015-06-19,16.88566568818258
2015-06-23,17.459393086065223
2015-06-24,17.881240382035266
2015-06-25,17.06702947729007
2015-06-26,15.41549756210915
2015-06-29,14.22577149644265
2015-06-30,15.169328588549705
2015-07-01,13.906061146215498
2015-07-02,13.008154209280363
2015-07-03,12.016110258495871
2015-07-06,11.893491434712432
2015-07-07,10.982581969067171
2015-07-08,10.07674546744195
2015-07-09,11.07221043232083
2015-07-10,12.135938191841445
2015-07-13,13.054999727399938
2015-07-14,13.097745781353817
2015-07-15,12.101696045334585
2015-07-16,12.451250557262302
2015-07-17,13.327277882774256
2015-07-20,13.572437773188552
2015-07-21,13.773485787435478
2015-07-22,13.883428238093247
2015-07-23,14.309556691498358
2015-07-24,14.10145267360785
2015-07-27,12.72375448638402
2015-07-28,12.650439984955572
2015-07-29,13.314733273899533
2015-07-30,12.863106332974057
2015-07-31,12.80772522166312
2015-08-03,12.564882253654188
2015-08-04,13.367423940492023
2015-08-05,13.175044382557726
2015-08-06,13.141428226511835
2015-08-07,13.657537609465301
2015-08-10,14.53338948150362
2015-08-11,14.604613898871532
2015-08-12,14.431024635294737
2015-08-13,14.910055713584976
2015-08-14,14.998907088774859
2015-08-17,15.365619573475835
2015-08-18,13.92896835542279
2015-08-19,14.391483733978689
2015-08-20,13.969147566652573
2015-08-21,13.037015747372767
2015-08-24,11.735502205356145
2015-08-25,10.587329846554855
2015-08-26,10.118032725417127
2015-08-27,10.703572494847089
2015-08-28,11.512768347278277
2015-08-31,11.073977410080472
2015-09-01,10.503462507543889
2015-09-02,10.429335742609524
2015-09-07,10.624747255972096
2015-09-08,11.304072038897514
2015-09-09,11.742753387332039
2015-09-10,11.436006192541484
2015-09-11,11.553301217182081
2015-09-14,10.571029434807588
2015-09-15,9.94521538071738
2015-09-16,10.874370168394254
2015-09-17,10.663017063725004
2015-09-18,10.890569594457894
2015-09-21,11.385309347475523
2015-09-22,11.482396057090366
2015-09-23,11.325192067967885
2015-09-24,11.505164529459023
2015-09-25,10.966187914603264
2015-09-28,11.315615934511216
2015-09-29,11.084108087516311
2015-09-30,11.14791888399539
2015-10-08,11.695713333362205
2015-10-09,12.003209370922423
2015-10-12,12.621549451014639
2015-10-13,12.80145292395859
2015-10-14,12.5789163626868
2015-10-15,13.094791744213628
2015-10-16,13.338282190161795
2015-10-19,13.29930148166259
2015-10-20,13.710835993036225
2015-10-21,12.642127718841166
2015-10-22,13.2863987801152
2015-10-23,13.911557127315893
2015-10-26,14.10133721544293
2015-10-27,14.293962282961811
2015-10-28,14.076948233904298
2015-10-29,14.202317535367822
2015-10-30,14.130888141516802
2015-11-02,13.717822972776355
2015-11-03,13.669714055606736
2015-11-04,14.614127338121943
2015-11-05,14.824139335440146
2015-11-06,15.423698702872287
2015-11-09,15.624933230472648
2015-11-10,15.805474163723895
2015-11-11,16.088460479697762
2015-11-12,16.122968470005645
2015-11-13,15.63486339396023
2015-11-16,16.061278368659046
2015-11-17,16.02290898688219
2015-11-18,15.72874978556508
2015-11-19,16.32441020087391
2015-11-20,16.676654059141875
2015-11-23,16.501152236859593
2015-11-24,16.73719045664616
2015-11-25,17.136665295980205
2015-11-26,16.884734339059406
2015-11-27,15.653098065537353
2015-11-30,15.776101294952854
2015-12-01,15.86878324303923
2015-12-02,15.692598788025174
2015-12-03,16.152949634115018
2015-12-04,16.064645304687193
2015-12-07,16.315306743846445
2015-12-08,16.076308245783533
2015-12-09,16.07578526725226
2015-12-10,16.213132949724162
2015-12-11,16.166854956495474
2015-12-14,16.610202910957536
2015-12-15,16.84402350271455
2015-12-16,16.981649730653714
2015-12-17,17.532864096582276
2015-12-18,17.424351596292254
2015-12-21,17.69100277167495
2015-12-22,17.971535836940408
2015-12-23,17.687881470898652
2015-12-24,17.63612287204573
2015-12-25,17.813712255350257
2015-12-28,17.207102273587548
2015-12-29,17.403926466155244
2015-12-30,17.75782047852141
2015-12-31,17.383326122852537
2016-01-04,15.664041804693124
2016-01-05,15.334614916010832
2016-01-06,15.770595093043097
2016-01-07,14.300156435661012
2016-01-08,14.541501939006146
2016-01-11,13.286672242144864
2016-01-12,13.393828050451955
2016-01-13,12.94367707289777
2016-01-14,13.48331040957822
2016-01-15,12.945435437523294
2016-01-18,13.242511534107809
2016-01-19,13.814641974383168
2016-01-20,13.721267995406622
2016-01-21,13.14053304954425
2016-01-22,13.466676954003638
2016-01-25,13.68084629455567
2016-01-26,12.50070060130901
2016-01-27,12.269634789173208
2016-01-28,11.68414633463716
2016-01-29,12.298732904149539
2016-02-01,12.103561766057071
2016-02-02,12.571309573901752
2016-02-03,12.641693450832593
2016-02-04,12.916820200388555
2016-02-05,12.696200235107195
2016-02-15,12.607885210770407
2016-02-16,13.268038445533366
2016-02-17,13.494713534357164
2016-02-18,13.540498076657476
2016-02-19,13.651042584511494
2016-02-22,13.995788191093492
2016-02-23,13.857978424402734
2016-02-24,13.950262008056496
2016-02-25,12.660223560989238
2016-02-26,12.730337301004678
2016-02-29,11.904620569788996
2016-03-01,12.245734205051809
2016-03-02,12.92288563110401
2016-03-03,13.05191102607893
2016-03-04,12.55437925003992
2016-03-07,12.909946232864426
2016-03-08,13.068793929798316
2016-03-09,12.777200082356583
2016-03-10,12.487329762556985
2016-03-11,12.518914835140025
2016-03-14,13.075362453890786
2016-03-15,12.957362581875692
2016-03-16,12.77440295203245
2016-03-17,13.356762606042365
2016-03-18,13.948844997226015
2016-03-21,14.424402116095608
2016-03-22,14.321113246723817
2016-03-23,14.50632282274952
2016-03-24,14.243572209454161
2016-03-25,14.337915715690986
2016-03-28,14.255471694438151
2016-03-29,13.903950534163421
2016-03-30,14.568788474068375
2016-03-31,14.588756289657864
2016-04-01,14.443447663129131
2016-04-05,14.983975369662767
2016-04-06,15.1510177943622
2016-04-07,14.770753522944617
2016-04-08,14.579004970924073
2016-04-11,15.106763120177458
2016-04-12,15.012196581723249
2016-04-13,15.287110275283727
2016-04-14,15.508181311667515
2016-04-15,15.458185473095945
2016-04-18,15.013786539896271
2016-04-19,15.146779565184579
2016-04-20,14.359882613343157
2016-04-21,14.059018078665899
2016-04-22,14.219717917438608
2016-04-25,14.029263027183553
2016-04-26,14.260444587808326
2016-04-27,14.117018141143912
2016-04-28,14.121451094112459
2016-04-29,14.024265109630495
2016-05-03,14.542887959981037
2016-05-04,14.583064756621836
2016-05-05,14.717388642958287
2016-05-06,13.92410126309961
2016-05-09,13.202682749974732
2016-05-10,13.22852703559356
2016-05-11,13.011265744145904
2016-05-12,12.996188437964614
2016-05-13,12.85288293215114
2016-05-16,13.136213077736155
2016-05-17,13.2605819956825
2016-05-18,12.747856589545691
2016-05-19,12.906576741994625
2016-05-20,13.161203229939694
2016-05-23,13.413441508737115
2016-05-24,13.158946010799172
2016-05-25,13.21270114313224
2016-05-26,13.334444364687391
2016-05-27,13.357189623660362
2016-05-30,13.322979560949912
2016-05-31,14.154119667306029
2016-06-01,14.272108310343743
2016-06-02,14.491796223892102
2016-06-03,14.609423740646488
2016-06-06,14.622287503353627
2016-06-07,14.70469196142207
2016-06-08,14.617059623611661
2016-06-13,13.510263603902176
2016-06-14,13.572537262191343
2016-06-15,14.164244138479921
2016-06-16,14.095983204972445
2016-06-17,14.27738606499741
2016-06-20,14.43131227709799
2016-06-21,14.173971585314275
2016-06-22,14.684115346058192
2016-06-23,14.842901023825663
2016-06-24,14.676795729817727
2016-06-27,15.256445580884712
2016-06-28,15.508018187304879
2016-06-29,15.407978971121326
2016-06-30,15.520798911569765
2016-07-01,15.251585991578454
2016-07-04,15.545031677711194
2016-07-05,15.601611732236343
2016-07-06,15.607272940710088
2016-07-07,15.565031729049188
2016-07-08,15.61247813213981
2016-07-11,15.432154900325791
2016-07-12,15.657011647191812
2016-07-13,15.900139720006406
2016-07-14,16.040242985781912
2016-07-15,15.82068909178751
2016-07-18,15.697986202120227
2016-07-19,15.97724713166131
2016-07-20,15.933454347902927
2016-07-21,16.003286591199505
2016-07-22,15.965629332600104
2016-07-25,16.00558087843671
2016-07-26,16.15341870459891
2016-07-27,15.00508520825279
2016-07-28,14.810614157359153
2016-07-29,14.63346409110489
2016-08-01,14.349713662871686
2016-08-02,14.459804069876007
2016-08-03,14.43955520784327
2016-08-04,14.506868033454282
2016-08-05,14.398459399814621
2016-08-08,14.74320178560361
2016-08-09,14.88824856747364
2016-08-10,14.892573919095074
2016-08-11,14.586103994056254
2016-08-12,14.777437132107595
2016-08-15,15.151775249855156
2016-08-16,15.275219026978052
2016-08-17,15.249441628097808
2016-08-18,15.231661803874978
2016-08-19,15.247850540027327
2016-08-22,15.057024004170332
2016-08-23,15.084304036472936
2016-08-24,15.176907919584897
2016-08-25,15.026156683549203
2016-08-26,15.13022751258234
2016-08-29,15.197252171567188
2016-08-30,15.285423954649833
2016-08-31,15.335642002751534
2016-09-01,15.110599880697874
2016-09-02,15.05339079612868
2016-09-05,15.149897450246351
2016-09-06,15.345249461916147
2016-09-07,15.369487176108043
2016-09-08,15.389065115680573
2016-09-09,15.225996943013168
2016-09-12,14.672131387876574
2016-09-13,14.718906486613129
2016-09-14,14.662142593727925
2016-09-19,14.780980012277606
2016-09-20,14.794476262927885
2016-09-21,14.906526002597932
2016-09-22,15.010379986274563
2016-09-23,14.891440879362149
2016-09-26,14.544733311523355
2016-09-27,14.725815440497705
2016-09-28,14.620074288995177
2016-09-29,14.71043206425454
2016-09-30,14.800032436757355
2016-10-10,14.855792388215427
2016-10-11,14.964361280727971
2016-10-12,14.937295136523062
2016-10-13,14.966466387952295
2016-10-14,14.970541630799968
2016-10-17,14.963967918746352
2016-10-18,15.211495431453137
2016-10-19,15.19141287311806
2016-10-20,15.206354785862056
2016-10-21,15.121850324353922
2016-10-24,15.41430782640007
2016-10-25,15.614535075022795
2016-10-26,15.53652547715972
2016-10-27,15.50451963877242
2016-10-28,15.373785538416437
2016-10-31,15.388267282942854
2016-11-01,15.49515559846525
2016-11-02,15.30266809241263
2016-11-03,15.423551367511209
2016-11-04,15.401177519826327
2016-11-07,15.525825801654669
2016-11-08,15.527219278477858
2016-11-09,15.43932530404537
2016-11-10,15.60664807745533
2016-11-11,15.813828566729386
2016-11-14,16.01295289647114
2016-11-15,15.946492658450852
2016-11-16,15.967578114846672
2016-11-17,15.945995434205608
2016-11-18,15.751882357723167
2016-11-21,15.770154962032274
2016-11-22,15.970769750691481
2016-11-23,15.78577633212406
2016-11-24,15.673813511939594
2016-11-25,15.763255315800231
2016-11-28,15.766081478601405
2016-11-29,15.46770001789608
2016-11-30,15.321644637908886
2016-12-01,15.387598774018752
2016-12-02,15.095713313466943
2016-12-05,14.893360366780334
2016-12-06,14.754103950674857
2016-12-07,15.059598382756946
2016-12-08,14.991703258696422
2016-12-09,14.975832153540527
2016-12-12,14.327309742408227
2016-12-13,14.407996975718538
2016-12-14,14.407278616209098
2016-12-15,14.38588754111618
2016-12-16,14.317280978148997
2016-12-19,14.312822276737483
2016-12-20,14.230121101996577
2016-12-21,14.391853550723678
2016-12-22,14.288185283589604
2016-12-23,14.062382302293928
2016-12-26,14.034207982520057
2016-12-27,14.057089963407787
2016-12-28,14.044712255593272
2016-12-29,14.085693614317819
2016-12-30,14.066008315650796
2017-01-03,14.214081569722927
2017-01-04,14.404598298583538
2017-01-05,14.444442653377251
2017-01-06,14.248002073468047
2017-01-09,14.38052660898318
2017-01-10,14.33075087452838
2017-01-11,14.132093031406605
2017-01-12,13.968354301470004
2017-01-13,13.555781101790812
2017-01-16,12.651510779844264
2017-01-17,12.978195059670421
2017-01-18,12.781247477995954
2017-01-19,12.743371277469755
2017-01-20,13.054725145417766
2017-01-23,13.146783861175132
2017-01-24,13.007323895286104
2017-01-25,13.118888553136605
2017-01-26,13.24946331066729
2017-02-03,13.145928204175323
2017-02-06,13.36158569745452
2017-02-07,13.283637311051642
2017-02-08,13.410087938840919
2017-02-09,13.574163845829174
2017-02-10,13.44473944664346
2017-02-13,13.546574748640538
2017-02-14,13.52186214674832
2017-02-15,13.389042918689551
2017-02-16,13.432244146187408
2017-02-17,13.30641520506828
2017-02-20,13.375596072082342
2017-02-21,13.605656034931004
2017-02-22,13.689876557460092
2017-02-23,13.728392188820727
2017-02-24,13.897880834509841
2017-02-27,13.74779028508504
2017-02-28,13.792942173946262
2017-03-01,13.883699715218706
2017-03-02,13.805927362141864
2017-03-03,13.708766458095056
2017-03-06,13.859758164628118
2017-03-07,13.798564204022915
2017-03-08,13.727001128308533
2017-03-09,13.544901526283772
2017-03-10,13.618867101413203
2017-03-13,13.81671711574174
2017-03-14,13.811070111056567
2017-03-15,13.930912121121763
2017-03-16,14.038253951160945
2017-03-17,13.768968041313725
2017-03-20,13.838779887748132
2017-03-21,13.821392888825283
2017-03-22,13.712618494842562
2017-03-23,13.766783519649167
2017-03-24,13.821414764582142
2017-03-27,13.67023635634076
2017-03-28,13.651986315386095
2017-03-29,13.709647570075205
2017-03-30,13.416919312850096
2017-03-31,13.439897688006443
2017-04-05,13.874463585482223
2017-04-06,13.936483102191099
2017-04-07,13.875597454252233
2017-04-10,13.677128496092717
2017-04-11,13.852353091737216
2017-04-12,13.671598067761133
2017-04-13,13.716674086749151
2017-04-14,13.511498078987007
2017-04-17,13.285033648041802
2017-04-18,13.098933877879134
2017-04-19,12.872915007506219
2017-04-20,12.87444184580077
2017-04-21,12.773508559470173
2017-04-24,12.299336066663917
2017-04-25,12.422984629826855
2017-04-26,12.440672104426636
2017-04-27,12.67315482810546
2017-04-28,12.670470050192874
2017-05-02,12.616156099210496
2017-05-03,12.686666653777168
2017-05-04,12.589546673440942
2017-05-05,12.378272354561467
2017-05-08,12.015965946709716
2017-05-09,12.157210289843718
2017-05-10,11.806753101787884
2017-05-11,11.776907148883666
2017-05-12,11.70877706636067
2017-05-15,11.636374813065325
2017-05-16,12.021071052400812
2017-05-17,12.108322269715435
2017-05-18,11.982342422179624
2017-05-19,11.895288647643298
2017-05-22,11.538304107658199
2017-05-23,11.087124951666105
2017-05-24,11.178346999311424
2017-05-25,11.236539474160658
2017-05-26,11.116184449159174
2017-05-31,11.109620173094946
2017-06-01,10.561070227598247
2017-06-02,10.8308096949649
2017-06-05,10.932790541785932
2017-06-06,10.915041137281852
2017-06-07,11.33948585928029
2017-06-08,11.330334844069338
2017-06-09,11.382877509515595
2017-06-12,11.205421023831034
2017-06-13,11.416019787216046
2017-06-14,11.33814916522871
2017-06-15,11.466519935149208
2017-06-16,11.451401146021045
2017-06-19,11.442914831229524
2017-06-20,11.525812010924678
2017-06-21,11.586128098601153
2017-06-22,11.17675243043843
2017-06-23,11.12806168271197
2017-06-26,11.229196102764996
2017-06-27,11.190458014527511
2017-06-28,11.033430768830462
2017-06-29,11.153866397237149
2017-06-30,11.086628317477633
2017-07-03,11.230650111154667
2017-07-04,11.188513582284042
2017-07-05,11.317570668468754
2017-07-06,11.345120217798053
2017-07-07,11.419308451463312
2017-07-10,11.302488107369541
2017-07-11,11.178169869596918
2017-07-12,11.165653571260764
2017-07-13,11.14690813021067
2017-07-14,11.055160432264962
2017-07-17,10.26194486806032
2017-07-18,10.308792999057458
2017-07-19,10.387620714967415
2017-07-20,10.397820693994438
2017-07-21,10.398236001080324
2017-07-24,10.468857173619163
2017-07-25,10.475010008577469
2017-07-26,10.507363137005566
2017-07-27,10.863385307587516
2017-07-28,10.884237245853454
2017-07-31,10.948029670414215
2017-08-01,10.920318089532126
2017-08-02,10.781483246926925
2017-08-03,10.96100210684973
2017-08-04,10.961588112848323
2017-08-07,11.023960814968794
2017-08-08,11.180695710333374
2017-08-09,11.20566259430134
2017-08-10,11.046596660210138
2017-08-11,10.879049387243327
2017-08-14,11.254076293937434
2017-08-15,11.302564612057479
2017-08-16,11.543978964906625
2017-08-17,11.727128133378466
2017-08-18,11.561448813267482
2017-08-21,11.679738657342694
2017-08-22,11.601714290894895
2017-08-23,11.563089353486802
2017-08-24,11.444371982850171
2017-08-25,11.713237739393367
2017-08-28,11.964070892769032
2017-08-29,11.863009017189947
2017-08-30,11.875397370965697
2017-08-31,11.971938249437777
2017-09-01,12.13249969364381
2017-09-04,12.211417626294526
2017-09-05,12.167843295341578
2017-09-06,12.245142910007976
2017-09-07,12.005770977531304
2017-09-08,12.120009664939445
2017-09-11,12.515853612620376
2017-09-12,12.491142268248979
2017-09-13,12.702687345692459
2017-09-14,12.394488841284511
2017-09-15,11.958898047639291
2017-09-18,12.07999169155112
2017-09-19,11.947228802490743
2017-09-20,12.30244248945781
2017-09-21,11.894220972666622
2017-09-22,11.767974968120653
2017-09-25,11.433976510753753
2017-09-26,11.608579904622857
2017-09-27,11.767809105299692
2017-09-28,11.59652502001795
2017-09-29,11.651711553296487
2017-10-09,11.704057092556111
2017-10-10,11.511868320686977
2017-10-11,11.399141163147187
2017-10-12,11.24033167200376
2017-10-13,11.343399970444919
2017-10-16,11.272072854648703
2017-10-17,11.071287210490985
2017-10-18,10.81969063740526
2017-10-19,10.703553516758944
2017-10-20,10.940656451230588
2017-10-23,10.906866235885285
2017-10-24,10.93036666872987
2017-10-25,10.914657737592883
2017-10-26,11.01629259889921
2017-10-27,10.875397301022568
2017-10-30,10.5359804150527
2017-10-31,10.675838992576734
2017-11-01,10.693448572074331
2017-11-02,10.537073692641284
2017-11-03,10.502538104450624
2017-11-06,10.67432886431481
2017-11-07,10.706021171588668
2017-11-08,10.806212145450877
2017-11-09,10.896996810122777
2017-11-10,10.921868798712826
2017-11-13,10.929787701009843
2017-11-14,10.873341608676661
2017-11-15,10.76690739210766
2017-11-16,10.62196021027655
2017-11-17,10.002723208296894
2017-11-20,10.103775539101756
2017-11-21,10.014119213637356
2017-11-22,10.05030508732152
2017-11-23,9.892529168652828
2017-11-24,9.963817255197887
2017-11-27,9.802628813518455
2017-11-28,10.052102990742116
2017-11-29,10.015228195361736
2017-11-30,9.962110961250735
2017-12-01,10.09893592257448
2017-12-04,10.026252823740062
2017-12-05,9.752371396568007
2017-12-06,9.85144884374496
2017-12-07,9.7546828599503
2017-12-08,9.896090156783078
2017-12-11,10.076792400265044
2017-12-12,9.994127339569555
2017-12-13,10.135114365328555
2017-12-14,10.142313897554125
2017-12-15,10.06392730673427
2017-12-18,10.096662551822329
2017-12-19,10.142726443378843
2017-12-20,10.088905191374812
2017-12-21,10.138909057750961
2017-12-22,10.121024153273835
2017-12-25,9.990539575740236
2017-12-26,10.050464741400193
2017-12-27,10.036058846826844
2017-12-28,10.15778686713163
2017-12-29,10.177803537775164
2018-01-02,10.30421145603772
2018-01-03,10.442277300616158
2018-01-04,10.461335048750442
2018-01-05,10.394893825854652
2018-01-08,10.359311899671896
2018-01-09,10.383193833739622
2018-01-10,10.274096759420765
2018-01-11,10.3908827107623
2018-01-12,10.314051712941687
2018-01-15,9.917376905431587
2018-01-16,9.939205399506513
2018-01-17,10.016065651358993
2018-01-18,10.025764260945456
2018-01-19,10.006029509437013
2018-01-22,10.145671113056745
2018-01-23,10.196681246645433
2018-01-24,10.338905736617736
2018-01-25,10.238744303173883
2018-01-26,10.200982341805107
2018-01-29,9.972510098368772
2018-01-30,9.973250074609886
2018-01-31,9.61890218531515
2018-02-01,9.155204566350779
2018-02-02,9.159982243187638
2018-02-05,9.058229981309996
2018-02-06,8.576037078398471
2018-02-07,8.552842353865094
2018-02-08,8.707192016900038
2018-02-09,8.395571459066
2018-02-12,8.6447385483512
2018-02-13,8.63329757894055
2018-02-14,8.678567432067364
2018-02-22,8.903327008133436
2018-02-23,8.941799647380625
2018-02-26,9.136066483101752
2018-02-27,9.050732327844162
2018-02-28,9.029507526866325
2018-03-01,9.178650076210554
2018-03-02,9.123506050121406
2018-03-05,9.211414309675165
2018-03-06,9.29875103543291
2018-03-07,9.214136661712075
2018-03-08,9.374262489123897
2018-03-09,9.617871223675305
2018-03-12,9.795153291771525
2018-03-13,9.692962961894773
2018-03-14,9.544489962467255
2018-03-15,9.453229643537146
2018-03-16,9.422104058713831
2018-03-19,9.52422300629556
2018-03-20,9.603195447345962
2018-03-21,9.536338396082993
2018-03-22,9.572815105548441
2018-03-23,8.812572183245821
2018-03-26,8.998638129231615
2018-03-27,9.320206835119972
2018-03-28,9.36788926581977
2018-03-29,9.53451648009339
2018-03-30,9.812638547545658
2018-04-02,9.837585070651217
2018-04-03,9.770554597067571
2018-04-04,9.530473108988444
2018-04-09,9.649243589636216
2018-04-10,9.639344824125482
2018-04-11,9.698524279268428
2018-04-12,9.672465682911394
2018-04-13,9.77762087132091
2018-04-16,9.822642754817798
2018-04-17,9.596541296504247
2018-04-18,9.993844781684995
2018-04-19,10.00145751536801
2018-04-20,9.814836908802281
2018-04-23,9.728610883149448
2018-04-24,10.057969081079118
2018-04-25,10.098357808031544
2018-04-26,9.94615923837063
2018-04-27,9.839853567542844
2018-05-02,9.588562946968386
2018-05-03,9.799120919263718
2018-05-04,9.772270479543996
2018-05-07,10.059013334361056
2018-05-08,10.127158147632544
2018-05-09,10.156684107082913
2018-05-10,10.051509056357247
2018-05-11,9.872586034408345
2018-05-14,9.703468757546707
2018-05-15,9.881791770606123
2018-05-16,9.749150477408515
2018-05-17,9.740785702358998
2018-05-18,9.766127739058094
2018-05-21,9.985195510427646
2018-05-22,10.038652065756414
2018-05-23,9.961088513818003
2018-05-24,9.863488055553649
2018-05-25,9.690960986863328
2018-05-28,9.514497147412136
2018-05-29,9.464999733809822
2018-05-30,9.154171799889353
2018-05-31,9.251568798181937
2018-06-01,9.058465760723664
2018-06-04,9.137580460998485
2018-06-05,9.366837377861591
2018-06-06,9.457237081786017
2018-06-07,9.338229818490385
2018-06-08,9.30274483050848
2018-06-11,9.278307283984628
2018-06-12,9.341382860146322
2018-06-13,9.114881436061914
2018-06-14,9.086998674685113
2018-06-15,8.789780559455247
2018-06-19,8.043223697052369
2018-06-20,8.219171031117416
2018-06-21,7.954012183698363
2018-06-22,8.14732907411381
2018-06-25,8.175315319610007
2018-06-26,8.320384717230601
2018-06-27,8.258676989913255
2018-06-28,8.197648627981494
2018-06-29,8.453718655259923
2018-07-02,8.342321426281485
2018-07-03,8.605625516532937
2018-07-04,8.404434385706631
2018-07-05,8.17098645383985
2018-07-06,8.291169549369364
2018-07-09,8.512437896115134
2018-07-10,8.596540033996547
2018-07-11,8.276182739503083
2018-07-12,8.595649991619753
2018-07-13,8.619591032691616
2018-07-16,8.669920031663942
2018-07-17,8.764591207158507
2018-07-18,8.697596162181608
2018-07-19,8.581762645221538
2018-07-20,8.734020486590062
2018-07-23,8.860022136100921
2018-07-24,8.98138269577145
2018-07-25,8.960661382988382
2018-07-26,8.880764374635868
2018-07-27,8.770271154364499
2018-07-30,8.591618461183682
2018-07-31,8.648389626507042
2018-08-01,8.483781675239443
2018-08-02,8.385931164029312
2018-08-03,8.17970496298658
2018-08-06,7.966309423216768
2018-08-07,8.213105384205264
2018-08-08,7.956650999614789
2018-08-09,8.25431481904484
2018-08-10,8.356763755069874
2018-08-13,8.4567200059616
2018-08-14,8.402656809308958
2018-08-15,8.141278491529697
2018-08-16,8.064114944115977
2018-08-17,7.875614084599682
2018-08-20,7.940491664870343
2018-08-21,8.148793499115214
2018-08-22,8.053948484805819
2018-08-23,8.138127436481433
2018-08-24,8.164198246324583
2018-08-27,8.441561385795891
2018-08-28,8.429565553095497
2018-08-29,8.393362532349977
2018-08-30,8.21277951607004
2018-08-31,8.08538938705369
2018-09-03,8.105946856864817
2018-09-04,8.203337666895354
2018-09-05,8.015896288663631
2018-09-06,7.947450227457394
2018-09-07,7.979884688121653
2018-09-10,7.805864308388751
2018-09-11,7.831778938630039
2018-09-12,7.639879852020526
2018-09-13,7.59109431023387
2018-09-14,7.471270534705049
2018-09-17,7.355504654239401
2018-09-18,7.520468960245806
2018-09-19,7.682945693968162
2018-09-20,7.640411760574626
2018-09-21,7.814961814613393
2018-09-25,7.810115995065415
2018-09-26,7.939300515181764
2018-09-27,7.924143940743921
2018-09-28,7.986158361518349
2018-10-08,7.569207019801169
2018-10-09,7.514506985554313
2018-10-10,7.514269999037727
2018-10-11,7.0739192144856675
2018-10-12,7.206301550512741
2018-10-15,7.076030470856181
2018-10-16,6.90388682339065
2018-10-17,6.956692067171488
2018-10-18,6.684144163254571
2018-10-19,6.930663420469853
2018-10-22,7.333224903415692
2018-10-23,7.171742354299684
2018-10-24,7.142473987044135
2018-10-25,7.059965472636362
2018-10-26,7.002009161850661
2018-10-29,6.842529514994342
2018-10-30,6.911529473637606
2018-10-31,7.103806011052908
2018-11-01,7.157810360834547
2018-11-02,7.438555800396924
2018-11-05,7.468318421928433
2018-11-06,7.406758313173379
2018-11-07,7.351149848296843
2018-11-08,7.289712664784514
2018-11-09,7.300761140979152
2018-11-12,7.534554903746733
2018-11-13,7.708505091522343
2018-11-14,7.6601932298470805
2018-11-15,7.85742924893213
2018-11-16,8.027758003182473
2018-11-19,8.108424374263203
2018-11-20,7.826345018563091
2018-11-21,7.884124895376802
2018-11-22,7.851638143891236
2018-11-23,7.519277752467308
2018-11-26,7.475477590213623
2018-11-27,7.5286311210656764
2018-11-28,7.722278045271205
2018-11-29,7.453468098337696
2018-11-30,7.5830972510393755
2018-12-03,7.878017026542712
2018-12-04,7.959556582158892
2018-12-05,7.824101814811167
2018-12-06,7.690886586838645
2018-12-07,7.692455139470413
2018-12-10,7.588657161969269
2018-12-11,7.724509960116178
2018-12-12,7.742246028567441
2018-12-13,7.809688013664217
2018-12-14,7.517336611439054
2018-12-17,7.5021980731250615
2018-12-18,7.436316473290737
2018-12-19,7.3441175589870955
2018-12-20,7.43550186368725
2018-12-21,7.3470261551208145
2018-12-24,7.373555906526384
2018-12-25,7.22787074251713
2018-12-26,7.185694788446486
2018-12-27,7.063056154537575
2018-12-28,7.09463074843666
2019-01-02,7.115173733856208
2019-01-03,6.855512602966036
2019-01-04,7.069538250199931
2019-01-07,7.224548008513176
2019-01-08,7.248123418099765
2019-01-09,7.324417237245047
2019-01-10,7.317952088195108
2019-01-11,7.3327555113666785
2019-01-14,7.339881570744345
2019-01-15,7.376408341928589
2019-01-16,7.359753902493271
2019-01-17,7.405677714007695
2019-01-18,7.356696638224539
2019-01-21,7.45073109922616
2019-01-22,7.38756400842215
2019-01-23,7.43962901699243
2019-01-24,7.438810673817862
2019-01-25,7.333162471920128
2019-01-28,7.24270010264529
2019-01-29,7.022636875335333
2019-01-30,6.8834696360147
2019-01-31,6.755878828610717
2019-02-01,6.932484367940855
2019-02-11,7.18632772565126
2019-02-12,7.302244820709093
2019-02-13,7.550837385822738
2019-02-14,7.63381559488325
2019-02-15,7.658609788526787
2019-02-18,8.066990480856015
2019-02-19,8.165905099967755
2019-02-20,8.249769187453023
2019-02-21,8.333400858468362
2019-02-22,8.895724182574853
2019-02-25,9.580365462035354
2019-02-26,9.539623292303482
2019-02-27,9.565044157693356
2019-02-28,9.349024005887426
2019-03-01,9.532762667953383
2019-03-04,9.684635999493624
2019-03-05,9.921361206809056
2019-03-06,10.301462627690146
2019-03-07,10.560236855416118
2019-03-08,9.783874097052907
2019-03-11,10.172923895436915
2019-03-12,10.418561029522609
2019-03-13,10.356240900472267
2019-03-14,9.915834056525787
2019-03-15,10.105449897874825
2019-03-18,10.261559576116845
2019-03-19,10.267850826856371
2019-03-20,10.369071941526355
2019-03-21,10.574900064908709
2019-03-22,10.65529965324634
2019-03-25,10.27840521658375
2019-03-26,9.891691921856754
2019-03-27,9.870492732590469
2019-03-28,9.758076011471593
2019-03-29,10.301259426114864
2019-04-01,10.610682989721356
2019-04-02,10.69325128260981
2019-04-03,10.890450810176448
2019-04-04,10.900780391862503
2019-04-08,10.681583791150421
2019-04-09,10.775076700116072
2019-04-10,10.649443775113323
2019-04-11,10.43395423843051
2019-04-12,10.532963053445211
2019-04-15,10.418099003636204
2019-04-16,10.613944897239621
2019-04-17,10.718153046449794
2019-04-18,10.569476327736057
2019-04-19,10.644964757539906
2019-04-22,10.543140218716426
2019-04-23,10.55921031744876
2019-04-24,10.521137238161133
2019-04-25,10.121338957552299
2019-04-26,9.92113104002864
2019-04-29,9.361725449997419
2019-04-30,9.551537457286653
2019-05-06,8.786767332945159
2019-05-07,8.868681591353772
2019-05-08,8.784022102200028
2019-05-09,8.761300719512889
2019-05-10,9.166086399861292
2019-05-13,9.114872074771224
2019-05-14,9.044193685019135
2019-05-15,9.285892853324325
2019-05-16,9.328323394843368
2019-05-17,8.93434930813688
2019-05-20,8.849365924798315
2019-05-21,9.055605712274001
2019-05-22,8.982531807960568
2019-05-23,8.689190709724727
2019-05-24,8.645517825080164
2019-05-27,8.951650796041205
2019-05-28,9.015918539244206
2019-05-29,9.089362551463719
2019-05-30,9.112813467110715
2019-05-31,9.075000096797604
2019-06-03,8.936472086288726
2019-06-04,8.751111331813107
2019-06-05,8.710139982578292
2019-06-06,8.455985015677804
2019-06-10,8.556886944953977
2019-06-11,8.981360991822523
2019-06-12,8.979623035627675
2019-06-13,8.968561154840467
2019-06-14,8.715834749422473
2019-06-17,8.706270989574106
2019-06-18,8.723737959478516
2019-06-19,8.86989551977895
2019-06-20,9.035502054882693
2019-06-21,9.132526482760474
2019-06-24,9.174587334134829
2019-06-25,9.04594225345692
2019-06-26,8.984040813588706
2019-06-27,9.170903760878053
2019-06-28,8.994494462253762
2019-07-01,9.274767997653381
2019-07-02,9.26594091220083
2019-07-03,9.175014634326025
2019-07-04,8.993094153619369
2019-07-05,9.057899005921719
2019-07-08,8.760757309488845
2019-07-09,8.778223870964965
2019-07-10,8.65718366757037
2019-07-11,8.685953218264592
2019-07-12,8.630438199121935
2019-07-15,8.753161258784157
2019-07-16,8.750393212304521
2019-07-17,8.772692038114954
2019-07-18,8.715455646209369
2019-07-19,8.758207735171242
2019-07-22,8.36798096398497
2019-07-23,8.476738034126267
2019-07-24,8.612267884436951
2019-07-25,8.673657081620709
2019-07-26,8.62299604181832
2019-07-29,8.641953308220002
2019-07-30,8.658463348404297
2019-07-31,8.631048704102646
2019-08-01,8.510171884095973
2019-08-02,8.493674337099206
2019-08-05,8.571723792287678
2019-08-06,8.388623197427098
2019-08-07,8.313888929917354
2019-08-08,8.37864096088581
2019-08-09,8.212926624495472
2019-08-12,8.368158169593668
2019-08-13,8.383324688248166
2019-08-14,8.355739534479394
2019-08-15,8.368530925236414
2019-08-16,8.460986191638632
2019-08-19,8.766367583232906
2019-08-20,8.842930812210708
2019-08-21,8.849523611070119
2019-08-22,8.867720367276647
2019-08-23,8.81148399379704
2019-08-26,8.836989358410463
2019-08-27,9.010208749686997
2019-08-28,8.986407151722371
2019-08-29,9.064971748421407
2019-08-30,8.95595817342176
2019-09-02,9.13770477164211
2019-09-03,9.320394250493193
2019-09-04,9.435371184401683
2019-09-05,9.610762413716484
2019-09-06,9.72452746375501
2019-09-09,10.138205073360615
2019-09-10,9.96558824913577
2019-09-11,9.888010735757478
2019-09-12,9.905247422714464
2019-09-16,9.995394057081649
2019-09-17,9.794988999554127
2019-09-18,9.75570481708707
2019-09-19,9.959954925068581
2019-09-20,9.988532795033384
2019-09-23,10.0221916300644
2019-09-24,10.107137404605332
2019-09-25,9.757989470006615
2019-09-26,9.338907144208294
2019-09-27,9.509197946943154
2019-09-30,9.302224370528883
2019-10-08,9.17475474509488
2019-10-09,9.35331981613005
2019-10-10,9.572527281848261
2019-10-11,9.517338821069828
2019-10-14,9.734313868956365
2019-10-15,9.397949848525478
2019-10-16,9.343019924342297
2019-10-17,9.3445034107765
2019-10-18,9.180912207895524
2019-10-21,9.15877718496467
2019-10-22,9.389128632778176
2019-10-23,9.346268116798628
2019-10-24,9.369330758219974
2019-10-25,9.492514262861613
2019-10-28,9.878091079987696
2019-10-29,9.64803432916997
2019-10-30,9.61992228361531
2019-10-31,9.455112947881082
2019-11-01,9.563947573703057
2019-11-04,9.614452981485895
2019-11-05,9.665150348067952
2019-11-06,9.46096160163129
2019-11-07,9.650447505970543
2019-11-08,9.58220480240924
2019-11-11,9.307825725012702
2019-11-12,9.320485785348133
2019-11-13,9.297872441888545
2019-11-14,9.399177855088944
2019-11-15,9.249019189355757
2019-11-18,9.332025384760916
2019-11-19,9.530302972346993
2019-11-20,9.43144571396168
2019-11-21,9.424582982084333
2019-11-22,9.192178690326394
2019-11-25,8.963183353490564
2019-11-26,8.942128459610876
2019-11-27,8.984778486105062
2019-11-28,8.990720181449444
2019-11-29,8.996132225098762
2019-12-02,9.034605170201141
2019-12-03,9.056816671177534
2019-12-04,9.059980996588171
2019-12-05,9.167377299188123
2019-12-06,9.211065165994981
2019-12-09,9.289795874022055
2019-12-10,9.322026146378755
2019-12-11,9.291855992828431
2019-12-12,9.26979617206758
2019-12-13,9.369143683617937
2019-12-16,9.492932980165538
2019-12-17,9.628611430291338
2019-12-18,9.57615919855672
2019-12-19,9.699500850619657
2019-12-20,9.559262013167306
2019-12-23,9.39191522084543
2019-12-24,9.550216523934413
2019-12-25,9.652220158154591
2019-12-26,9.714294186312944
2019-12-27,9.624084352485024
2019-12-30,9.708315566150452
2019-12-31,9.856743279430757
2020-01-02,10.078472141622877
2020-01-03,10.137559773714925
2020-01-06,10.29489723219587
2020-01-07,10.377358650912859
2020-01-08,10.142443286138727
2020-01-09,10.397840897819126
2020-01-10,10.436696458150951
2020-01-13,10.65238758241699
2020-01-14,10.585039247410403
2020-01-15,10.660064011102008
2020-01-16,10.65064293123108
2020-01-17,10.584701669101623
2020-01-20,10.854220069725347
2020-01-21,10.689373340083307
2020-01-22,10.96991936347506
2020-01-23,10.573544500042244
2020-02-03,9.523318022579524
2020-02-04,9.61050944330921
2020-02-05,9.83557034988698
2020-02-06,10.106262019919512
2020-02-07,10.242506151716539
2020-02-10,10.49193929347703
2020-02-11,10.43304484295123
2020-02-12,10.706186543073033
2020-02-13,10.734658291296498
2020-02-14,10.841112183589436
2020-02-17,11.249483708688985
2020-02-18,11.4579846901522
2020-02-19,11.412647077314446
2020-02-20,11.789490503934124
2020-02-21,11.993836775624379
2020-02-24,12.338704605954813
2020-02-25,12.34274488984121
2020-02-26,11.87818473256376
2020-02-27,11.809290567548988
2020-02-28,11.040249783897131
2020-03-02,11.528299274878545
2020-03-03,11.723744754163844
2020-03-04,11.709418070759966
2020-03-05,11.909208543995563
2020-03-06,11.856840854632692
2020-03-09,11.472386674316033
2020-03-10,11.888006001470423
2020-03-11,11.770313557343204
2020-03-12,11.566257868017312
2020-03-13,11.490748235607807
2020-03-16,10.887587077409602
2020-03-17,10.778471178664551
2020-03-18,10.562783216536104
2020-03-19,10.806968349797554
2020-03-20,10.888447655855757
2020-03-23,10.453154907669658
2020-03-24,10.55108959264571
2020-03-25,10.76196959271371
2020-03-26,10.655427150665469
2020-03-27,10.42181811079719
2020-03-30,10.17369120149605
2020-03-31,10.195737303030647
2020-04-01,10.233174371880178
2020-04-02,10.56595305463819
2020-04-03,10.496482267313544
2020-04-07,10.866744193841766
2020-04-08,10.895448862156185
2020-04-09,11.00395876756197
2020-04-10,10.638115771803133
2020-04-13,10.570228291391594
2020-04-14,10.879013337849585
2020-04-15,10.845123017569826
2020-04-16,10.930275807709021
2020-04-17,10.912922718208508
2020-04-20,11.01831453474153
2020-04-21,10.9042178463772
2020-04-22,11.009584865282033
2020-04-23,10.859040943334184
2020-04-24,10.661932797318034
2020-04-27,10.650723954664107
2020-04-28,10.587149950542587
2020-04-29,10.512784083206542
2020-04-30,10.893134110904596
2020-05-06,11.170356717352888
2020-05-07,11.201520220365664
2020-05-08,11.33284247194098
2020-05-11,11.429703737319251
2020-05-12,11.447849893906882
2020-05-13,11.468203650316877
2020-05-14,11.34881586853435
2020-05-15,11.469392079862837
2020-05-18,11.31915153363952
2020-05-19,11.409995034793718
2020-05-20,11.272703017623934
2020-05-21,11.036680028993137
2020-05-22,10.79599860086901
2020-05-25,10.75930203138647
2020-05-26,10.99453129779182
2020-05-27,10.966181602342848
2020-05-28,10.843674725405783
2020-05-29,10.865234757207661
2020-06-01,11.188937702159416
2020-06-02,11.237513414116647
2020-06-03,11.327610006979057
2020-06-04,11.30026721435556
2020-06-05,11.36094911949889
2020-06-08,11.245413960390593
2020-06-09,11.422727636563337
2020-06-10,11.38070921481159
2020-06-11,11.376383088854176
2020-06-12,11.331195319107808
2020-06-15,11.169346101422677
2020-06-16,11.49614590314953
2020-06-17,11.44942593790943
2020-06-18,11.623595760531824
2020-06-19,11.951876438767517
2020-06-22,12.258965647531596
2020-06-23,12.295402905472773
2020-06-24,12.377261719776847
2020-06-29,12.297498297694803
2020-06-30,12.668476945887562
2020-07-01,12.642527817648528
2020-07-02,12.66737485502234
2020-07-03,12.832808483171993
2020-07-06,13.221306566952356
2020-07-07,13.473389445726653
2020-07-08,13.754091433403689
2020-07-09,14.071684657736112
2020-07-10,14.173889762834664
2020-07-13,14.702529784227297
2020-07-14,14.388771857653294
2020-07-15,13.96214037595397
2020-07-16,12.948085645895965
2020-07-17,12.964230693806833
2020-07-20,13.20284835054592
2020-07-21,13.38272995533103
2020-07-22,13.489490348980963
2020-07-23,13.47626670245419
2020-07-24,12.583063489805037
2020-07-27,12.64662305537178
2020-07-28,12.906170680628163
2020-07-29,13.399339038863655
2020-07-30,13.299378003891887
2020-07-31,13.620199926686883
2020-08-03,13.926444337872894
2020-08-04,13.719078472433507
2020-08-05,13.926087979592516
2020-08-06,14.171647692152101
2020-08-07,13.871148756237552
2020-08-10,13.82278843222244
2020-08-11,13.454338309939263
2020-08-12,13.259250716141317
2020-08-13,13.296355683525892
2020-08-14,13.491148273959098
2020-08-17,13.923415855943693
2020-08-18,13.98224867117583
2020-08-19,13.786171572841726
2020-08-20,13.539640610994786
2020-08-21,13.59368898872494
2020-08-24,13.679366958381337
2020-08-25,13.56359002233928
2020-08-26,13.222115641539185
2020-08-27,13.385655817616527
2020-08-28,13.63753140755464
2020-08-31,13.600874790645415
2020-09-01,13.748270004817817
2020-09-02,13.670763229053318
2020-09-03,13.379253561958219
2020-09-04,13.324186164987617
2020-09-07,12.983198913503173
2020-09-08,12.98051076645572
2020-09-09,12.61184505388217
2020-09-10,12.365437294609965
2020-09-11,12.405717547037472
2020-09-14,12.58855088639794
2020-09-15,12.74861730790906
2020-09-16,12.567387559799824
2020-09-17,12.520372985004785
2020-09-18,12.829431069838009
2020-09-21,12.963600243076716
2020-09-22,12.676739999844749
2020-09-23,12.676126370987156
2020-09-24,12.438689053256455
2020-09-25,12.38303484419852
2020-09-28,12.151806611222296
2020-09-29,12.434410081527567
2020-09-30,12.373591469649504
2020-10-09,12.77789878564998
2020-10-12,13.434696975265624
2020-10-13,13.779223259718076
2020-10-14,13.81187692128108
2020-10-15,13.895978648114756
2020-10-16,13.959094121303929
2020-10-19,13.98573085096803
2020-10-20,14.51985446076504
2020-10-21,14.210608025314256
2020-10-22,14.455069468879417
2020-10-23,14.310027801998917
2020-10-26,14.78582102497297
2020-10-27,14.71948057328147
2020-10-28,14.883841231328013
2020-10-29,14.833392250724108
2020-10-30,14.050841331014432
2020-11-02,14.459946083284946
2020-11-03,14.721484227974726
2020-11-04,14.607281371694278
2020-11-05,15.019870679674005
2020-11-06,14.637933274780252
2020-11-09,15.022929536309855
2020-11-10,14.93888312293458
2020-11-11,14.634615403318485
2020-11-12,14.574751073353157
2020-11-13,14.548981183895098
2020-11-16,14.448464081444422
2020-11-17,14.159433467950878
2020-11-18,14.180620265004352
2020-11-19,14.411082634180211
2020-11-20,14.403876178950378
2020-11-23,14.461687670760034
2020-11-24,14.581283244343192
2020-11-25,14.369899116963955
2020-11-26,14.390513230864455
2020-11-27,14.358175104999274
2020-11-30,14.329280062294263
2020-12-01,14.512139929058923
2020-12-02,14.479758566769519
2020-12-03,14.272573894930478
2020-12-04,14.600603647367327
2020-12-07,14.65569503145598
2020-12-08,14.89310284938137
2020-12-09,14.684336348996945
2020-12-10,14.80872427391136
2020-12-11,14.517874861904549
2020-12-14,14.915196532630489
2020-12-15,14.982159865080884
2020-12-16,15.189582665760303
2020-12-17,15.43528983917252
2020-12-18,15.76158190456615
2020-12-21,16.273733728610775
2020-12-22,16.07862996620495
2020-12-23,16.35496581041368
2020-12-24,15.941180767768307
2020-12-25,16.114437001803456
2020-12-28,16.34625038727592
2020-12-29,15.837719126336758
2020-12-30,16.114999211622298
2020-12-31,16.364861924312958
2021-01-04,17.172630598803977
2021-01-05,17.072103752090044
2021-01-06,16.720263385435082
2021-01-07,16.743152768667898
2021-01-08,16.57764028143095
2021-01-11,15.688016244589956
2021-01-12,15.969926714225043
2021-01-13,15.743352582723958
2021-01-14,15.169861771554512
2021-01-15,15.1685260227003
2021-01-18,15.495666358931157
2021-01-19,15.276984564532333
2021-01-20,15.555131175851297
2021-01-21,16.150674327583264
2021-01-22,15.849129258740785
2021-01-25,16.0300541969605
2021-01-26,15.704527719307443
2021-01-27,15.575720676568489
2021-01-28,15.099606956903417
2021-01-29,14.885826319510066
2021-02-01,14.8774166629747
2021-02-02,15.297800016410285
2021-02-03,15.106243760805114
2021-02-04,14.719124506154142
2021-02-05,14.299721380680797
2021-02-08,14.392465601248476
2021-02-09,15.064805685859
2021-02-10,15.132446220004633
2021-02-18,15.130577720622163
2021-02-19,15.131113210390284
2021-02-22,15.00813122867995
2021-02-23,15.06042092726014
2021-02-24,14.555236374232326
2021-02-25,14.462165511212635
2021-02-26,14.089820749594692
2021-03-01,14.503386849835492
2021-03-02,14.232558865156863
2021-03-03,14.521211593742905
2021-03-04,14.074028032930073
2021-03-05,13.787796534505167
2021-03-08,13.153682965319254
2021-03-09,12.74133164660114
2021-03-10,12.79673200557811
2021-03-11,13.353575260155168
2021-03-12,13.325110312062584
2021-03-15,13.118830289531534
2021-03-16,12.983482336396921
2021-03-17,13.092723687494725
2021-03-18,13.187435222869157
2021-03-19,12.995161719903928
2021-03-22,13.135518272311218
2021-03-23,12.865473302607263
2021-03-24,12.509174515201899
2021-03-25,12.548626061779455
2021-03-26,12.892569361922561
2021-03-29,12.964659562572836
2021-03-30,13.216447552282508
2021-03-31,12.90159676335477
2021-04-01,13.00409240334794
2021-04-02,13.031867155541448
2021-04-06,13.010821713615142
2021-04-07,12.963392217661035
2021-04-08,12.981761483487064
2021-04-09,12.886781834130707
2021-04-12,12.550895644761026
2021-04-13,12.54856390239447
2021-04-14,12.708017834113443
2021-04-15,12.671549439478587
2021-04-16,12.617527387729647
2021-04-19,12.977165255169476
2021-04-20,13.093709170264757
2021-04-21,13.08856926178409
2021-04-22,13.04250048412285
2021-04-23,13.260190714999293
2021-04-26,13.158206123040454
2021-04-27,13.274155824878628
2021-04-28,13.513004466418236
2021-04-29,13.424023672009916
2021-04-30,13.360382088766935
2021-05-06,13.364276845000404
2021-05-07,13.122087892736328
2021-05-10,13.426017352957762
2021-05-11,13.44703822434321
2021-05-12,13.604450089623427
2021-05-13,13.457859784706164
2021-05-14,13.694735242221517
2021-05-17,13.6736478957557
2021-05-18,13.771490819919308
2021-05-19,13.741945576512958
2021-05-20,13.759979689943279
2021-05-21,13.984477973467794
2021-05-24,14.207390216754785
2021-05-25,14.338004717625875
2021-05-26,14.302875526312508
2021-05-27,14.39322791432142
2021-05-28,14.429591754305648
2021-05-31,14.702465328188739
2021-06-01,14.733736713838908
2021-06-02,14.478681946391772
2021-06-03,14.636935575618436
2021-06-04,14.469958293398953
2021-06-07,14.485964935393788
2021-06-08,14.415933052683467
2021-06-09,14.788428048087306
2021-06-10,14.834783646284924
2021-06-11,15.005413503211775
2021-06-15,14.610908141956168
2021-06-16,14.288271106837973
2021-06-17,14.318564234554236
2021-06-18,14.30344333715049
2021-06-21,14.274237525874426
2021-06-22,14.32403065787489
2021-06-23,14.598255513926247
2021-06-24,14.498385416913694
2021-06-25,14.91860944754024
2021-06-28,14.571022117990916
2021-06-29,14.33480216974929
2021-06-30,14.514238830652284
2021-07-01,14.257634019880456
2021-07-02,14.002665709375165
2021-07-05,14.34243788214729
2021-07-06,14.27536229704192
2021-07-07,14.6212157924988
2021-07-08,14.711152681492475
2021-07-09,14.801514867628159
2021-07-12,15.055179509761278
2021-07-13,15.134760279887326
2021-07-14,14.957054754453976
2021-07-15,15.145516311863663
2021-07-16,14.943110674254896
2021-07-19,14.794556408842274
2021-07-20,15.142115613447547
2021-07-21,15.55075166411169
2021-07-22,16.0432472999849
2021-07-23,15.837307931868244
2021-07-26,15.673185141253617
2021-07-27,15.181345452687328
2021-07-28,15.125203482995717
2021-07-29,15.831639480394196
2021-07-30,15.868816991028659
2021-08-02,15.999430614697669
2021-08-03,15.31474624446091
2021-08-04,16.261335096216875
2021-08-05,16.28812202199281
2021-08-06,16.597273865692475
2021-08-09,16.360173245544956
2021-08-10,16.50396490822514
2021-08-11,16.73569398267764
2021-08-12,16.861017305601976
2021-08-13,16.887037525374406
2021-08-16,16.281086611873814
2021-08-17,15.726573482360187
2021-08-18,15.909945222304879
2021-08-19,16.23209150810756
2021-08-20,16.11892851111391
2021-08-23,16.68110306912766
2021-08-24,17.030912590820954
2021-08-25,17.25976521314224
2021-08-26,17.02927484233029
2021-08-27,17.159192743010045
2021-08-30,17.49167404041198
2021-08-31,17.595674809572365
2021-09-01,16.92517152793804
2021-09-02,17.17439743963904
2021-09-03,16.665900953243096
2021-09-06,16.90519658373774
2021-09-07,17.29760738600691
2021-09-08,17.144898809601276
2021-09-09,17.420314437006187
2021-09-10,17.671144535390557
2021-09-13,17.743673768878075
2021-09-14,17.92446120911873
2021-09-15,18.099060634620002
2021-09-16,17.367051972836556
2021-09-17,17.42759991920382
2021-09-22,17.357993640423988
2021-09-23,17.278571621728876
2021-09-24,17.095154753314215
2021-09-27,16.576254495303953
2021-09-28,16.367541391413578
2021-09-29,15.773669353002171
2021-09-30,16.379593776888065
2021-10-08,16.160828301752105
2021-10-11,16.332581537387114
2021-10-12,15.956140595334487
2021-10-13,15.54742885578955
2021-10-14,15.661577943765158
2021-10-15,15.88601514290694
2021-10-18,16.58804260714058
2021-10-19,16.784816007022172
2021-10-20,16.30375559240115
2021-10-21,16.59039838940892
2021-10-22,15.917027662894455
2021-10-25,16.246497115679677
2021-10-26,16.097303349266724
2021-10-27,15.85475208646035
2021-10-28,15.084919765290753
2021-10-29,15.073894114297422
2021-11-01,15.099452872684699
2021-11-02,14.610794726973339
2021-11-03,14.784800076715584
2021-11-04,14.780846630109805
2021-11-05,14.28877118020343
2021-11-08,14.469421314209079
2021-11-09,14.400334414187252
2021-11-10,14.1758243762051
2021-11-11,14.209298809947473
2021-11-12,14.152390525544243
2021-11-15,14.101349377124986
2021-11-16,13.909636248044178
2021-11-17,14.222129409837976
2021-11-18,14.395810314495726
2021-11-19,14.590102558386414
2021-11-22,14.736375339924406
2021-11-23,14.735352418981957
2021-11-24,14.881533284224146
2021-11-25,14.766599842108644
2021-11-26,14.756727510937168
2021-11-29,14.742316101500126
2021-11-30,14.780369994203106
2021-12-01,14.987761293425303
2021-12-02,14.792782422376346
2021-12-03,14.99510914515618
2021-12-06,14.785766334965196
2021-12-07,14.43679296823909
2021-12-08,14.794682156344873
2021-12-09,14.749256170119072
2021-12-10,14.960254109334961
2021-12-13,14.936252832275697
2021-12-14,14.821089102167054
2021-12-15,14.697193363490147
2021-12-16,14.800330102778684
2021-12-17,14.546389927716836
2021-12-20,14.06959509452093
2021-12-21,14.160203894483047
2021-12-22,14.142156748750963
2021-12-23,14.134834101696645
2021-12-24,13.647143889718338
2021-12-27,13.708447062548993
2021-12-28,14.143498521955726
2021-12-29,14.237890562485575
2021-12-30,14.25272953558872
2021-12-31,14.545821627399052
2022-01-04,14.220665158011728
2022-01-05,14.087366456599131
2022-01-06,14.227394134344609
2022-01-07,13.920552406208808
2022-01-10,14.03549426217586
2022-01-11,13.909964483259172
2022-01-12,14.028611209500248
2022-01-13,13.835385211892577
2022-01-14,13.713918125711745
2022-01-17,13.830528323576361
2022-01-18,13.816885340277405
2022-01-19,13.854757981452094
2022-01-20,13.569531170977374
2022-01-21,13.45740916242757
2022-01-24,13.613289365175287
2022-01-25,12.977272451257772
2022-01-26,13.154828303291865
2022-01-27,12.81980173207096
2022-01-28,12.748489970872836
2022-02-07,12.969121597352135
2022-02-08,13.096750346152477
2022-02-09,13.581919959809
2022-02-10,13.518802175841167
2022-02-11,13.203656159486627
2022-02-14,13.310379924694482
2022-02-15,13.452463407247503
2022-02-16,13.468497722594483
2022-02-17,13.471490468096599
2022-02-18,13.570935867919108
2022-02-21,13.85248825092849
2022-02-22,13.6902839972244
2022-02-23,13.924636477740775
2022-02-24,13.531956800418982
2022-02-25,13.68116492404007
2022-02-28,13.858958732750017
2022-03-01,14.040529446658393
2022-03-02,14.010730109393835
2022-03-03,13.944902954478966
2022-03-04,13.764878371706377
2022-03-07,13.540461958294044
2022-03-08,13.25553527723436
2022-03-09,13.177550594580172
2022-03-10,13.402605869796673
2022-03-11,13.605728334698393
2022-03-14,13.1726112898469
2022-03-15,12.733950866830712
2022-03-16,13.327401411846877
2022-03-17,13.547819598877307
2022-03-18,13.761897023209805
2022-03-21,13.937591883298982
2022-03-22,13.750803823725152
2022-03-23,13.732830540831076
2022-03-24,13.54444751685592
2022-03-25,13.424680194532963
2022-03-28,13.582058512903291
2022-03-29,13.416079602354674
2022-03-30,13.620635022102718
2022-03-31,13.72971335837627
2022-04-01,13.654007465191551
2022-04-06,13.888158516088602
2022-04-07,13.526542337260912
2022-04-08,13.505908890543243
2022-04-11,13.272333258334033
2022-04-12,13.550992241609755
2022-04-13,13.421327619316447
2022-04-14,13.852434761121547
2022-04-15,13.488929307358886
2022-04-18,13.3639248091334
2022-04-19,13.346549407559117
2022-04-20,12.945548232619057
2022-04-21,12.400243619905728
2022-04-22,12.261457650856428
2022-04-25,11.432822702280944
2022-04-26,11.14349087109934
2022-04-27,11.440997075200812
2022-04-28,11.264400325707532
2022-04-29,11.621847437760682
2022-05-05,11.866999203089762
2022-05-06,11.597315439243076
2022-05-09,11.798225156095551
2022-05-10,11.956083116422922
2022-05-11,12.153674206496662
2022-05-12,12.136616650634888
2022-05-13,12.337877766269944
2022-05-16,12.589257121304277
2022-05-17,12.802361730712715
2022-05-18,12.752256671514495
2022-05-19,12.896758590852865
2022-05-20,13.09248322359494
2022-05-23,13.288207983263938
2022-05-24,12.694520074185471
2022-05-25,12.85275186885962
2022-05-26,12.989412545622393
2022-05-27,13.009719507669697
2022-05-30,13.120161228602448
2022-05-31,13.209099279175824
2022-06-01,13.319281199844223
2022-06-02,13.344111429999316
2022-06-06,13.589105543622697
2022-06-07,13.652541939653572
2022-06-08,13.524083463577055
2022-06-09,13.384654328816362
2022-06-10,13.5622645306035
2022-06-13,13.502726706898745
2022-06-14,13.59519900838778
2022-06-15,13.539814860657131
2022-06-16,13.560274865530369
2022-06-17,13.646388601692797
2022-06-20,13.823551480912263
2022-06-21,13.794314548651382
2022-06-22,13.65190108303882
2022-06-23,13.925183994916708
2022-06-24,14.059599539551733
2022-06-27,14.224605186948201
2022-06-28,14.202843531736997
2022-06-29,14.001586121496693
2022-06-30,14.082097417297188
2022-07-01,13.969371311315676
2022-07-04,14.065062455215983
2022-07-05,14.131497368964567
2022-07-06,14.077449462879422
2022-07-07,14.468399713380098
2022-07-08,14.06537841925591
2022-07-11,13.885072738901991
2022-07-12,13.927666077732088
2022-07-13,14.227512221872725
2022-07-14,14.579800400205192
2022-07-15,14.762005398675178
2022-07-18,15.125574921349155
2022-07-19,15.050582103443054
2022-07-20,15.293529932884708
2022-07-21,15.181930839395521
2022-07-22,15.20835064460596
2022-07-25,14.775041669687601
2022-07-26,14.943460083209642
2022-07-27,15.306324184299031
2022-07-28,15.36217461095719
2022-07-29,15.568071641235267
2022-08-01,15.67585552136081
2022-08-02,15.381094102392025
2022-08-03,15.037101375907636
2022-08-04,15.050886455974982
2022-08-05,15.035449721834215
2022-08-08,15.326781907180179
2022-08-09,15.524042427075381
2022-08-10,15.46036950247013
2022-08-11,15.524677127244992
2022-08-12,15.283376653834056
2022-08-15,15.742670892600835
2022-08-16,16.19627184282339
2022-08-17,16.344436518371445
2022-08-18,16.695092599127655
2022-08-19,16.297659788331675
2022-08-22,16.30771521732129
2022-08-23,16.753124306264414
2022-08-24,16.03016457875856
2022-08-25,15.678579423048905
2022-08-26,15.487187991245118
2022-08-29,15.669738497271194
2022-08-30,15.387415004643556
2022-08-31,14.4901342797798
2022-09-01,14.53718789477858
2022-09-02,14.932292509928521
2022-09-05,14.99597926236853
2022-09-06,15.565428616885455
2022-09-07,15.904008190209737
2022-09-08,15.670603759812026
2022-09-09,15.349262024807976
2022-09-13,15.390841602126013
2022-09-14,15.187397877751478
2022-09-15,14.303697845940405
2022-09-16,14.120983243294562
2022-09-19,13.876367856185754
2022-09-20,14.341012903398465
2022-09-21,14.230651558794374
2022-09-22,14.355245561850033
2022-09-23,13.90292773187843
2022-09-26,14.058359936639084
2022-09-27,14.273346402508757
2022-09-28,13.625986494890824
2022-09-29,13.68160129142549
2022-09-30,13.144013768839022
2022-10-10,12.654469474241608
2022-10-11,12.77955890639826
2022-10-12,13.165204841994312
2022-10-13,13.210776508157391
2022-10-14,13.486297374639369
2022-10-17,13.365013565176852
2022-10-18,13.452264242641295
2022-10-19,13.33067916590283
2022-10-20,13.078498631788092
2022-10-21,13.130275713501726
2022-10-24,13.05584817631008
2022-10-25,13.348172729332813
2022-10-26,13.443788901550784
2022-10-27,13.259817239740773
2022-10-28,12.748284148598653
2022-10-31,12.654648571742344
2022-11-01,13.138648669028546
2022-11-02,13.388671887606119
2022-11-03,13.598183453398685
2022-11-04,13.878192438512373
2022-11-07,13.783626866741876
2022-11-08,13.76192323529494
2022-11-09,13.728219938572702
2022-11-10,13.683765032601592
2022-11-11,13.751235203385189
2022-11-14,13.752064512144669
2022-11-15,14.052572455864125
2022-11-16,13.965772563771479
2022-11-17,13.96533785646828
2022-11-18,13.855990927383258
2022-11-21,13.767093353652491
2022-11-22,13.337411392574612
2022-11-23,13.238279204817573
2022-11-24,13.225312715825343
2022-11-25,12.935439072245464
2022-11-28,12.914680294666855
2022-11-29,13.208321440147493
2022-11-30,13.217206863435663
2022-12-01,13.338376093733997
2022-12-02,13.359036187581125
2022-12-05,13.412158284421812
2022-12-06,13.440157397558533
2022-12-07,13.526853608535639
2022-12-08,13.587392360825469
2022-12-09,13.665272223385736
2022-12-12,13.7509145255187
2022-12-13,13.727940124435598
2022-12-14,13.552780950404564
2022-12-15,13.498992435524706
2022-12-16,13.454207133820159
2022-12-19,13.127515595055929
2022-12-20,12.8477400627986
2022-12-21,12.861496748313236
2022-12-22,12.722165945771643
2022-12-23,12.61146517208941
2022-12-26,12.939251991728371
2022-12-27,12.94142857843815
2022-12-28,12.914662461866035
2022-12-29,12.781508333126697
2022-12-30,12.78597483037445
2023-01-03,12.925035064152933
2023-01-04,12.72974897071873
2023-01-05,12.952217893489783
2023-01-06,13.162387608055925
2023-01-09,13.25260208892905
2023-01-10,13.278678359243129
2023-01-11,13.050755945180752
2023-01-12,13.033863238605027
2023-01-13,13.035149931921417
2023-01-16,13.064812735487674
2023-01-17,13.067448529335351
2023-01-18,13.012727836895062
2023-01-19,12.954351737507794
2023-01-20,13.180433494539814
2023-01-30,13.397942287523604
2023-01-31,13.425767593689349
2023-02-01,13.55183272129558
2023-02-02,13.581642843045351
2023-02-03,13.771575463653344
2023-02-06,13.86199298903627
2023-02-07,13.766293853326594
2023-02-08,13.670896509790767
2023-02-09,13.86675004911372
2023-02-10,13.785989481247622
2023-02-13,13.876075704280424
2023-02-14,13.739093221452379
2023-02-15,13.83975925650587
2023-02-16,13.554197599857675
2023-02-17,13.264814606556504
2023-02-20,13.488775561341043
2023-02-21,13.489362059634871
2023-02-22,13.555862832955741
2023-02-23,13.428770073722905
2023-02-24,13.404109801791414
2023-02-27,13.299114847535265
2023-02-28,13.446159838983917
2023-03-01,13.690999341550368
2023-03-02,13.836780578652881
2023-03-03,13.667887250655996
2023-03-06,13.543036321070565
2023-03-07,13.209588059205844
2023-03-08,13.576248869464802
2023-03-09,13.65404332409294
2023-03-10,13.5420568260717
2023-03-13,14.019465599262343
2023-03-14,13.863555145425085
2023-03-15,13.66356390087766
2023-03-16,13.595373459321888
2023-03-17,14.171239108618796
2023-03-20,14.185158486010017
2023-03-21,14.51625953668309
2023-03-22,14.99432683282402
2023-03-23,15.160022199003858
2023-03-24,15.46548624176344
2023-03-27,15.631159617341506
2023-03-28,15.241633172226894
2023-03-29,15.33359376429971
2023-03-30,15.173314103263653
2023-03-31,15.533075300245176
2023-04-03,16.14996134377505
2023-04-04,16.253498551033193
2023-04-06,16.34550614730603
2023-04-07,16.51237608981485
2023-04-10,15.80130537377346
2023-04-11,16.039465016511638
2023-04-12,16.51871912071295
2023-04-13,16.242769504004716
2023-04-14,16.55162678281428
2023-04-17,16.20638762364668
2023-04-18,16.21947785230857
2023-04-19,16.33592018719495
2023-04-20,16.690570600908323
2023-04-21,15.857174562381227
2023-04-24,15.807533533883712
2023-04-25,15.610591859691784
2023-04-26,15.300543535562266
2023-04-27,15.071369494966259
2023-04-28,15.6415185205678
2023-05-04,15.58073504030083
2023-05-05,15.41947438731732
2023-05-08,15.62834457863114
2023-05-09,15.341971937450916
2023-05-10,15.194583843378151
2023-05-11,15.229566064512003
2023-05-12,14.917942203448805
2023-05-15,14.790135451114185
2023-05-16,14.42839257861051
2023-05-17,14.647252441983195
2023-05-18,15.117332458593797
2023-05-19,15.079963289886303
2023-05-22,14.891408782942328
2023-05-23,14.525186942080497
2023-05-24,14.632934893517856
2023-05-25,14.587857147667071
2023-05-26,14.909916173892393
2023-05-29,15.10323738943643
2023-05-30,15.508545022687043
2023-05-31,15.62250586206751
2023-06-01,15.902466208424475
2023-06-02,15.771309877434218
2023-06-05,16.074528037568875
2023-06-06,15.747904122129622
2023-06-07,15.932419921442174
2023-06-08,15.578742664530358
2023-06-09,16.109309813337855
2023-06-12,16.0954270702054
2023-06-13,16.29191723070655
2023-06-14,16.526911613796297
2023-06-15,16.44750427778571
2023-06-16,16.831947827832
2023-06-19,17.057071938539025
2023-06-20,17.271638672396072
2023-06-21,16.29606590238647
2023-06-26,15.560101158219737
2023-06-27,15.788926890850687
2023-06-28,15.484635618518126
2023-06-29,15.744212202294857
2023-06-30,15.818916407039248
2023-07-03,15.490232398443368
2023-07-04,15.500073496621068
2023-07-05,15.29355184515559
2023-07-06,15.297187672647182
2023-07-07,15.154648801912003
2023-07-10,15.239253247082074
2023-07-11,15.20434901705202
2023-07-12,14.781159389975581
2023-07-13,15.064715628564011
2023-07-14,15.175038376585084
2023-07-17,15.074970952732592
2023-07-18,14.963745983445579
2023-07-19,15.202679551896733
2023-07-20,14.971998790558063
2023-07-21,14.960419184276681
2023-07-24,14.92224860883466
2023-07-25,15.480165623732573
2023-07-26,15.231407110835006
2023-07-27,14.966315460754654
2023-07-28,15.109501779998576
2023-07-31,15.442260074708496
2023-08-01,15.350715511551355
2023-08-02,15.419719881540292
2023-08-03,15.291379435821984
2023-08-04,15.398511859384529
2023-08-07,15.366704702141941
2023-08-08,15.205758343421111
2023-08-09,15.026572609917752
2023-08-10,14.883826165791996
2023-08-11,14.592905558395776
2023-08-14,14.513277395386984
2023-08-15,14.402793839702722
2023-08-16,14.25132632961854
2023-08-17,14.518498196444265
2023-08-18,14.238394751991306
2023-08-21,14.056905250485427
2023-08-22,14.22282707216302
2023-08-23,13.882462120721984
2023-08-24,13.950430053038055
2023-08-25,13.6465474943048
2023-08-28,13.8204580922126
2023-08-29,14.396732950070257
2023-08-30,14.504409155575948
2023-08-31,14.269240844766548
2023-09-01,14.449986954865949
2023-09-04,14.614155338981565
2023-09-05,14.238088212136432
2023-09-06,14.42200168716591
2023-09-07,14.269807456731016
2023-09-08,14.201934604806654
2023-09-11,14.18630139664851
2023-09-12,14.115635130566483
2023-09-13,13.935821330264968
2023-09-14,13.744115325550887
2023-09-15,13.643302561034883
2023-09-18,13.638885749063046
2023-09-19,13.44676846705224
2023-09-20,13.427308889588772
2023-09-21,13.475071529082493
2023-09-22,13.837176809601006
2023-09-25,13.541866446275655
2023-09-26,13.572184558342856
2023-09-27,13.536535797964513
2023-09-28,13.632981324918404
2023-10-09,13.33649852189671
2023-10-10,13.350225600501508
2023-10-11,13.404850314704285
2023-10-12,13.425571112486418
2023-10-13,13.457611323451173
2023-10-16,13.353057728326323
2023-10-17,13.249390265055702
2023-10-18,13.10379366895747
2023-10-19,12.984458720218258
2023-10-20,12.646453589591864
2023-10-23,12.36672734462554
2023-10-24,12.6741168286635
2023-10-25,12.785220348840847
2023-10-26,12.924569249789213
2023-10-27,13.12764767068847
2023-10-30,13.309264026275406
2023-10-31,13.203862820089716
2023-11-01,13.14008444066443
2023-11-02,12.941651528835672
2023-11-03,13.085713876115499
2023-11-06,13.57588161256608
2023-11-07,13.637944581517878
2023-11-08,13.753363684212891
2023-11-09,13.613906045696234
2023-11-10,13.476891426654642
2023-11-13,13.562553836528878
2023-11-14,13.653851057343731
2023-11-15,13.769892610159781
2023-11-16,13.605525513550699
2023-11-17,13.711738447595375
2023-11-20,13.810546630714898
2023-11-21,13.732785759724694
2023-11-22,13.514425455965736
2023-11-23,13.66151594910921
2023-11-24,13.430211572778074
2023-11-27,13.364513639048997
2023-11-28,13.483273173303282
2023-11-29,13.314578882660605
2023-11-30,13.195568370179274
2023-12-01,13.272629660791651
2023-12-04,13.205111481753393
2023-12-05,12.892541047836412
2023-12-06,12.976350533279778
2023-12-07,13.019321694856263
2023-12-08,12.961043746503245
2023-12-11,13.131696059382607
2023-12-12,13.146200612709377
2023-12-13,13.054352571857882
2023-12-14,13.001661061946942
2023-12-15,12.970381438276343
2023-12-18,12.80663293495489
2023-12-19,12.954982626215648
2023-12-20,12.751227631999773
2023-12-21,12.981336215061859
2023-12-22,12.863267321057052
2023-12-25,12.933083738242754
2023-12-26,12.69814667044929
2023-12-27,12.674985012363624
2023-12-28,13.096686799468673
2023-12-29,13.251225052670447
2024-01-02,12.995595076233998
2024-01-03,13.085720338584686
2024-01-04,12.88261274166087
2024-01-05,12.60392967674261
2024-01-08,12.439954978869896
2024-01-09,12.491844281945799
2024-01-10,12.251814751959012
2024-01-11,12.682442965981627
2024-01-12,12.419147135915217
2024-01-15,12.3348144414215
2024-01-16,12.274891000368962
2024-01-17,11.922561548619178
2024-01-18,12.142342457779854
2024-01-19,12.175398316847417
2024-01-22,11.390077837769375
2024-01-23,11.69238495233774
2024-01-24,11.696264039609263
2024-01-25,12.120710527451964
2024-01-26,12.08602721933355
2024-01-29,11.465220739047865
2024-01-30,11.009360096617865
2024-01-31,10.516630718049171
2024-02-01,10.368643385624061
2024-02-02,9.8146610900921
2024-02-05,8.4885325171145
2024-02-06,8.24682163209951
2024-02-07,7.662005995662724
2024-02-08,8.417083418534398
2024-02-19,8.836963673821211
2024-02-20,8.973027228852803
2024-02-21,9.293071116328859
2024-02-22,9.684082425642632
2024-02-23,10.092084359139438
2024-02-26,10.32083352104313
2024-02-27,10.677182592711807
2024-02-28,9.631834879642218
2024-02-29,10.119918193928862
2024-03-01,10.230105624172955
2024-03-04,10.216559440714219
2024-03-05,9.88811621644456
2024-03-06,10.130655324679243
2024-03-07,10.158314721215252
2024-03-08,10.219558497637829
2024-03-11,10.451719552091934
2024-03-12,10.630956803132944
2024-03-13,10.704570097827762
2024-03-14,10.619532907451383
2024-03-15,10.831022357010664
2024-03-18,11.201388039248963
2024-03-19,11.21438335196393
2024-03-20,11.52418895087357
2024-03-21,11.57702594683399
2024-03-22,11.35530529991821
2024-03-25,10.949357489031023
2024-03-26,10.903667193967934
2024-03-27,10.392866517715307
2024-03-28,10.85424339562157
2024-03-29,11.073116358332568
2024-04-01,11.356391733814261
2024-04-02,11.247502148731966
2024-04-03,11.020381219747373
2024-04-08,10.684246722357457
2024-04-09,10.960266589126537
2024-04-10,10.622596758514325
2024-04-11,10.609009332363245
2024-04-12,10.381169060388904
2024-04-15,10.080778311786004
2024-04-16,9.42084972653118
2024-04-17,10.050011652071888
2024-04-18,10.047067881940093
2024-04-19,9.853498206101525
2024-04-22,9.739975054092818
2024-04-23,9.799409679752362
2024-04-24,10.03567184107419
2024-04-25,10.036302863538136
2024-04-26,10.277440183311189
2024-04-29,10.709561539046222
2024-04-30,10.549138381077912
2024-05-06,10.743021203316891
2024-05-07,10.871657568461844
2024-05-08,10.649482785792893
2024-05-09,10.839994629781657
2024-05-10,10.602952211511974
2024-05-13,10.280667622522376
2024-05-14,10.50033750037971
2024-05-15,10.4934410784565
2024-05-16,10.805473616679024
2024-05-17,11.025716871385198
2024-05-20,10.94910852731416
2024-05-21,10.794365033467503
2024-05-22,10.942710276151946
2024-05-23,10.707068894430957
2024-05-24,10.646807320177976
2024-05-27,10.659172101309917
2024-05-28,10.557161932257726
2024-05-29,10.681423090967435
2024-05-30,10.530280164083724
2024-05-31,10.6592619918546
2024-06-03,10.27930569474459
2024-06-04,10.49004883348112
2024-06-05,10.115883570196482
2024-06-06,9.820027834758193
2024-06-07,10.01330834989786
2024-06-11,9.90118166035329
2024-06-12,10.008673739162246
2024-06-13,9.814608973564622
2024-06-14,9.90957227374987
2024-06-17,9.718737697095047
2024-06-18,9.85193281282716
2024-06-19,9.853078538013394
2024-06-20,9.532664609580115
2024-06-21,9.509521735189827
2024-06-24,9.200310818779867
2024-06-25,9.320728377651873
2024-06-26,9.394393185693957
2024-06-27,9.177344490104568
2024-06-28,9.198427230661979
