date,num_target,num_held,target,held,buy_skipped_limit_up,sold_out
2005-01-04,0,0,,,,
2005-02-01,0,0,,,,
2005-03-01,0,0,,,,
2005-04-01,0,0,,,,
2005-05-09,0,0,,,,
2005-06-01,0,0,,,,
2005-07-01,0,0,,,,
2005-08-01,0,0,,,,
2005-09-01,0,0,,,,
2005-10-10,0,0,,,,
2005-11-01,0,0,,,,
2005-12-01,0,0,,,,
2006-01-04,0,0,,,,
2006-02-06,3,3,600886|000933|600428,000933|600428|600886,,
2006-03-01,4,4,600886|000933|600428|600010,000933|600010|600428|600886,,
2006-04-03,2,2,000933|600428,000933|600428,,600886|600010
2006-05-08,5,5,000937|000933|600428|600096|000912,000912|000933|000937|600096|600428,,
2006-06-01,17,17,002022|600880|000937|600420|000550|600997|600761|600428|000155|000983|000069|600583|600096|000912|600500|600418|600019,000069|000155|000550|000912|000937|000983|002022|600019|600096|600418|600420|600428|600500|600583|600761|600880|600997,,000933
2006-07-03,17,17,600348|000937|600123|000933|600183|600428|000983|000069|600583|600500|000912|600309|600026|600418|600717|000898|600019,000069|000898|000912|000933|000937|000983|600019|600026|600123|600183|600309|600348|600418|600428|600500|600583|600717,,600096|002022|600880|600420|000550|600997|600761|000155
2006-08-01,20,20,600123|000933|600183|000983|600428|000069|600583|000088|600096|600500|600309|000912|600418|600717|600362|600026|000898|000039|600320|600019,000039|000069|000088|000898|000912|000933|000983|600019|600026|600096|600123|600183|600309|600320|600362|600418|600428|600500|600583|600717,,000937|600348
2006-09-01,13,13,000157|600497|000006|600183|000060|600418|000912|600717|600026|000898|600642|000039|000002,000002|000006|000039|000060|000157|000898|000912|600026|600183|600418|600497|600642|600717,,600123|000933|000983|600428|000069|600583|600500|600309|600019|000088|600096|600362|600320
2006-10-09,17,17,000157|600497|600467|000528|000983|000060|600428|600183|600500|600418|600362|600717|000039|000898|600026|600642|000002,000002|000039|000060|000157|000528|000898|000983|600026|600183|600362|600418|600428|600467|600497|600500|600642|600717,,000912|000006
2006-11-01,30,30,000157|600348|600497|600467|600123|000933|000983|000528|600183|000060|600428|600739|000027|600583|000088|600879|600500|600418|600362|600309|000825|600717|000039|600642|000089|600037|000898|600320|600028|600019,000027|000039|000060|000088|000089|000157|000528|000825|000898|000933|000983|600019|600028|600037|600123|600183|600309|600320|600348|600362|600418|600428|600467|600497|600500|600583|600642|600717|600739|600879,,600026|000002
2006-12-01,30,29,000157|600348|600497|000006|600533|600123|000933|000983|600761|600183|000528|600428|000538|000060|000027|000088|600583|600096|600418|600717|600309|000825|600026|600642|000039|000089|000898|600320|600028|600019,000006|000027|000039|000060|000088|000089|000157|000528|000538|000825|000898|000933|000983|600019|600026|600028|600096|600123|600183|600309|600320|600348|600418|600428|600497|600533|600583|600642|600717,600761,600467|600500|600362|600739|600879|600037
2007-01-04,30,30,600348|000157|600497|600420|000937|000006|600352|600467|600533|000933|600123|000550|600012|000983|600183|000060|000528|600428|000027|000088|000912|600583|600500|600418|600717|000089|600026|600642|000825|000039,000006|000027|000039|000060|000088|000089|000157|000528|000550|000825|000912|000933|000937|000983|600012|600026|600123|600183|600348|600352|600418|600420|600428|600467|600497|600500|600533|600583|600642|600717,,600309|000898|600320|600028|600019|000538|600096
2007-02-01,30,30,600518|002033|000157|600348|600436|600227|600420|000937|000006|600497|600467|600708|600352|600880|600533|600271|600123|000550|000933|600012|600596|600183|000983|000060|000528|000027|600428|000912|000088|600500,000006|000027|000060|000088|000157|000528|000550|000912|000933|000937|000983|002033|600012|600123|600183|600227|600271|600348|600352|600420|600428|600436|600467|600497|600500|600518|600533|600596|600708|600880,,600583|600418|600717|000089|600026|600642|000825|000039
2007-03-01,30,30,600348|000157|600227|000006|600420|600497|000937|600467|600708|600533|600352|600123|000933|600012|600596|600183|000528|000983|000027|600428|000088|600583|000912|600500|600418|600717|600026|000825|000089|600642,000006|000027|000088|000089|000157|000528|000825|000912|000933|000937|000983|600012|600026|600123|600183|600227|600348|600352|600418|600420|600428|600467|600497|600500|600533|600583|600596|600642|600708|600717,,000550|000060|600518|002033|600436|600880|600271
2007-04-02,30,30,002090|600348|000157|600227|000006|600420|000937|600497|600467|002022|600708|600352|600533|600123|000933|600012|600596|000983|000528|600143|600428|000027|600183|600583|000088|600500|600418|600717|000089|000039,000006|000027|000039|000088|000089|000157|000528|000933|000937|000983|002022|002090|600012|600123|600143|600183|600227|600348|600352|600418|600420|600428|600467|600497|600500|600533|600583|600596|600708|600717,,000912|600026|000825|600642
2007-05-08,30,28,002004|002090|002038|600527|600547|600971|600276|600348|600227|600517|600880|600271|600489|600439|000157|000903|000937|000852|600161|600123|002008|600231|002022|600031|000731|600497|000919|000933|600033|600596,000157|000731|000903|000919|000933|000937|002004|002008|002022|002038|002090|600031|600033|600123|600161|600227|600231|600271|600348|600439|600489|600497|600517|600527|600547|600596|600880|600971,600276|000852,000006|600420|600467|600708|600352|600533|600012|000983|000528|600428|000027|600183|600583|000088|600500|600418|600717|000089|600143|000039
2007-06-01,30,30,002091|002099|002056|002109|002033|600547|002061|600527|002038|002073|600971|600276|600227|600489|600348|000987|002106|002110|000903|600439|601699|600161|600231|000937|600123|002022|600271|600497|600031|000919,000903|000919|000937|000987|002022|002033|002038|002056|002061|002073|002091|002099|002106|002109|002110|600031|600123|600161|600227|600231|600271|600276|600348|600439|600489|600497|600527|600547|600971|601699,,002090|000157|000933|600596|002004|600517|600880|002008|000731|600033
2007-07-02,30,30,002108|002056|600527|002073|002038|002051|600971|600547|600227|600880|002110|000987|600517|600439|600276|000903|600231|600161|000937|601699|600123|600271|000919|002022|600809|000731|600497|601666|000528|600508,000528|000731|000903|000919|000937|000987|002022|002038|002051|002056|002073|002108|002110|600123|600161|600227|600231|600271|600276|600439|600497|600508|600517|600527|600547|600809|600880|600971|601666|601699,,600489|600348|600031|002091|002099|002109|002033|002061|002106
2007-08-01,30,30,002056|002051|600547|600348|000903|600161|600231|600489|601699|000937|600123|600809|000731|600033|000919|000550|600497|000528|600031|601666|600143|000933|600269|600183|000088|600428|000021|000060|000069|000983,000021|000060|000069|000088|000528|000550|000731|000903|000919|000933|000937|000983|002051|002056|600031|600033|600123|600143|600161|600183|600231|600269|600348|600428|600489|600497|600547|600809|601666|601699,,600527|002073|002038|600971|600227|002110|000987|600439|600276|600271|002022|002108|600880|600517|600508
2007-09-03,30,29,002056|600527|002038|002051|600426|600588|600570|600971|600547|600227|600880|600439|000987|600276|600348|000903|000551|600517|600231|600271|601699|600123|000937|000541|600352|600033|600497|600143|000895|600031,000541|000551|000895|000903|000937|000987|002038|002051|002056|600031|600033|600123|600143|600227|600231|600271|600276|600348|600352|600426|600439|600497|600517|600527|600547|600570|600588|600880|601699,600971,600161|600809|000731|000919|000528|601666|600489|000550|000933|600269|600183|000088|600428|000021|000060|000069|000983
2007-10-08,30,30,002056|600527|002033|002051|600588|600570|600227|600439|600880|600971|000903|000551|600348|600271|600231|000541|000731|600033|600352|000937|600497|600143|600031|000088|600269|000021|600660|000027|600177|600642,000021|000027|000088|000541|000551|000731|000903|000937|002033|002051|002056|600031|600033|600143|600177|600227|600231|600269|600271|600348|600352|600439|600497|600527|600570|600588|600642|600660|600880|600971,,600547|601699|600123|002038|600426|000987|600276|600517|000895
2007-11-01,29,29,002056|600588|600227|000903|600439|600348|600580|600271|000541|000900|600809|600033|000731|000937|600123|601699|600143|000895|600031|600269|000088|600660|000021|000027|600177|600642|000039|601006|600900,000021|000027|000039|000088|000541|000731|000895|000900|000903|000937|002056|600031|600033|600123|600143|600177|600227|600269|600271|600348|600439|600580|600588|600642|600660|600809|600900|601006|601699,,600527|002051|600570|600880|000551|600231|600352|600497|002033|600971
2007-12-03,29,29,002032|600547|600348|600580|600426|000900|600489|600271|000731|600497|600123|600352|600033|601699|000937|600143|000895|600031|000088|600269|000021|000060|000027|600177|000402|600642|000039|601006|600900,000021|000027|000039|000060|000088|000402|000731|000895|000900|000937|002032|600031|600033|600123|600143|600177|600269|600271|600348|600352|600426|600489|600497|600547|600580|600642|600900|601006|601699,,002056|600588|600227|000903|600439|000541|600660|600809
2008-01-02,30,30,600588|002032|600227|000903|600348|600276|000541|600809|000900|600271|000937|600497|600033|601699|600352|600123|600143|000895|600031|000088|600269|000021|600660|000060|000027|000402|600177|600642|000039|601006,000021|000027|000039|000060|000088|000402|000541|000895|000900|000903|000937|002032|600031|600033|600123|600143|600177|600227|600269|600271|600276|600348|600352|600497|600588|600642|600660|600809|601006|601699,,600580|000731|600900|600547|600426|600489
2008-02-01,30,30,002003|002091|600993|002056|600527|600588|600227|600971|600880|600348|600479|600276|600580|000903|600410|600809|600517|000541|000900|600489|600271|601699|600352|600033|600123|600143|000937|600031|000895|000088,000088|000541|000895|000900|000903|000937|002003|002056|002091|600031|600033|600123|600143|600227|600271|600276|600348|600352|600410|600479|600489|600517|600527|600580|600588|600809|600880|600971|600993|601699,,002032|600497|600269|000021|000060|000027|000402|600177|600642|000039|601006|600660
2008-03-03,30,30,002056|002109|600588|600227|600348|600410|600580|000541|000900|601699|600352|600033|600123|000895|600143|000937|600031|000088|600269|000021|000027|000060|600660|000983|600177|000402|000039|600642|601006|600900,000021|000027|000039|000060|000088|000402|000541|000895|000900|000937|000983|002056|002109|600031|600033|600123|600143|600177|600227|600269|600348|600352|600410|600580|600588|600642|600660|600900|601006|601699,,600276|000903|600809|600271|002003|002091|600993|600527|600971|600880|600479|600517|600489
2008-04-01,30,30,002064|002056|600348|600588|600547|600227|000551|600809|000903|600580|000541|600518|000900|600489|601699|600352|600641|600123|600761|600033|000895|600031|000088|000528|000937|600183|600269|000021|000027|000933,000021|000027|000088|000528|000541|000551|000895|000900|000903|000933|000937|002056|002064|600031|600033|600123|600183|600227|600269|600348|600352|600489|600518|600547|600580|600588|600641|600761|600809|601699,,600410|600143|002109|000060|600660|000983|600177|000402|000039|600642|601006|600900
2008-05-05,30,27,002161|002146|002064|600161|600256|002019|600809|600479|600489|000900|600641|600588|600761|600352|600231|601699|000895|000006|600033|000088|600188|600183|000528|600497|600350|600269|002008|000060|600123|000983,000006|000060|000088|000528|000895|000900|000983|002064|002146|002161|600033|600123|600183|600188|600231|600256|600269|600350|600352|600479|600489|600497|600588|600641|600761|600809|601699,600161|002019|002008,002056|600348|600227|600580|000541|600031|000937|000021|000027|600547|000551|000903|600518|000933
2008-06-02,30,30,002146|000338|002001|600420|600809|600256|600479|600066|600489|600641|000900|000919|600547|600761|600227|000728|600592|600588|600352|000006|600033|000088|600111|600219|000895|600188|600183|600497|600269|000528,000006|000088|000338|000528|000728|000895|000900|000919|002001|002146|600033|600066|600111|600183|600188|600219|600227|600256|600269|600352|600420|600479|600489|600497|600547|600588|600592|600641|600761|600809,,002064|601699|600123|002161|600231|600350|000060|000983
2008-07-01,30,30,002188|002161|002203|000338|002001|000900|600066|600489|600227|000728|600547|000006|600033|600219|002128|600111|600497|000758|600188|600123|600409|000933|000612|000937|000060|000807|601699|601666|601168|000983,000006|000060|000338|000612|000728|000758|000807|000900|000933|000937|000983|002001|002128|002161|002188|002203|600033|600066|600111|600123|600188|600219|600227|600409|600489|600497|600547|601168|601666|601699,,002146|600809|600256|600479|600641|600761|600588|600352|000088|000895|600183|600269|000528|600420|000919|600592
2008-08-01,30,30,002191|002064|000338|600056|002172|002001|002011|600489|600066|000900|600641|600227|600161|600761|000728|600547|000006|600380|000783|600033|600219|002128|600143|600111|600188|600497|600202|000157|600269|000937,000006|000157|000338|000728|000783|000900|000937|002001|002011|002064|002128|002172|002191|600033|600056|600066|600111|600143|600161|600188|600202|600219|600227|600269|600380|600489|600497|600547|600641|600761,,002188|002161|002203|000758|600123|600409|000933|000612|000060|000807|601699|601666|601168|000983
2008-09-01,30,30,002165|000338|002001|600489|600547|000728|600111|600143|600188|000157|600409|600650|601699|600997|000937|600123|600596|000612|000060|601001|000912|600048|601666|600177|600660|601899|000983|000069|000422|600309,000060|000069|000157|000338|000422|000612|000728|000912|000937|000983|002001|002165|600048|600111|600123|600143|600177|600188|600309|600409|600489|600547|600596|600650|600660|600997|601001|601666|601699|601899,,600066|000900|600227|000006|600033|600219|002128|600497|002191|002064|600056|002172|002011|600641|600161|600761|600380|000783|600202|600269
2008-10-06,30,30,002165|000338|002001|600489|600547|600111|000758|000728|600188|600497|000895|600409|600997|000937|601699|000933|000612|600596|600123|600022|600650|000651|000157|000060|600325|601666|000912|600048|000488|600177,000060|000157|000338|000488|000612|000651|000728|000758|000895|000912|000933|000937|002001|002165|600022|600048|600111|600123|600177|600188|600325|600409|600489|600497|600547|600596|600650|600997|601666|601699,,600143|601001|600660|601899|000983|000069|000422|600309
2008-11-03,30,30,002001|600489|600111|600547|600141|000718|000989|600161|600188|000937|600395|600997|601699|000933|000012|600123|600596|601666|000157|601001|600325|000488|600158|600655|601899|600779|600362|600196|600031|600309,000012|000157|000488|000718|000933|000937|000989|002001|600031|600111|600123|600141|600158|600161|600188|600196|600309|600325|600362|600395|600489|600547|600596|600655|600779|600997|601001|601666|601699|601899,,002165|000338|000728|600409|000612|600650|000060|000912|600048|600177|000758|600497|000895|600022|000651
2008-12-01,30,30,600801|600406|000338|002001|000987|600295|600489|600425|000900|600111|600246|600547|600188|600449|000989|000425|600966|000718|601699|600997|600141|600161|600395|000758|600307|600409|000933|600497|600033|600123,000338|000425|000718|000758|000900|000933|000987|000989|002001|600033|600111|600123|600141|600161|600188|600246|600295|600307|600395|600406|600409|600425|600449|600489|600497|600547|600801|600966|600997|601699,,000937|600596|601666|000157|600325|000488|000012|601001|600158|600655|601899|600779|600362|600196|600031|600309
2009-01-05,30,30,002001|000338|600782|600499|000987|600295|600258|000900|002128|600425|600489|600111|000718|600188|600307|600246|002109|000989|600449|000758|600966|600141|600547|000933|600161|600033|000612|600497|600123|601699,000338|000612|000718|000758|000900|000933|000987|000989|002001|002109|002128|600033|600111|600123|600141|600161|600188|600246|600258|600295|600307|600425|600449|600489|600497|600499|600547|600782|600966|601699,,600997|600395|600801|600406|000425|600409
2009-02-02,30,30,002176|002001|002011|002019|002129|000338|600295|600489|000900|600594|600499|600425|600246|600547|600188|000989|002109|600966|000758|600161|600111|002155|600497|600141|000933|000612|600395|600123|600997|601699,000338|000612|000758|000900|000933|000989|002001|002011|002019|002109|002129|002155|002176|600111|600123|600141|600161|600188|600246|600295|600395|600425|600489|600497|600499|600547|600594|600966|600997|601699,,000987|000718|600307|600449|600033|600782|600258|002128
2009-03-02,30,29,002131|002210|002139|002124|002176|002161|002064|600406|002104|600801|600436|002091|002191|002019|002001|002129|002011|002110|002152|000338|002187|600295|600782|600983|600066|000950|000900|600594|600499|002128,000338|000900|000950|002001|002011|002019|002064|002091|002104|002110|002124|002128|002129|002131|002139|002152|002161|002176|002187|002191|002210|600066|600295|600406|600436|600499|600594|600782|600983,600801,600489|600425|600246|600547|600188|000989|002109|600966|000758|600161|600111|600497|600141|000933|000612|600123|601699|002155|600395|600997
2009-04-01,30,30,002151|002179|002161|002003|600801|600436|002233|002001|002091|002191|002187|002011|002110|000338|002129|600782|000950|600066|600570|000900|600295|600809|600499|600425|002128|600258|002109|600489|600188|000989,000338|000900|000950|000989|002001|002003|002011|002091|002109|002110|002128|002129|002151|002161|002179|002187|002191|002233|600066|600188|600258|600295|600425|600436|600489|600499|600570|600782|600801|600809,,002176|002019|600594|002131|002210|002139|002124|002064|600406|002104|002152|600983
2009-05-04,30,30,002063|002124|002250|002096|002223|002065|002258|000848|002151|002197|600743|600436|002001|002165|600993|002091|002217|002152|002104|000950|000900|600499|600256|600809|600521|600258|000989|600570|600276|002242,000848|000900|000950|000989|002001|002063|002065|002091|002096|002104|002124|002151|002152|002165|002197|002217|002223|002242|002250|002258|600256|600258|600276|600436|600499|600521|600570|600743|600809|600993,,002161|002191|002187|002011|002110|000338|002129|600782|600066|600295|002128|002179|002003|600801|002233|600425|002109|600489|600188
2009-06-01,30,30,002241|002228|002250|002258|000848|002096|002249|002065|600436|002001|002091|600415|002267|002104|002269|600983|000950|600256|600499|600449|002242|600570|600033|600188|600276|000987|002007|000895|600588|600366,000848|000895|000950|000987|002001|002007|002065|002091|002096|002104|002228|002241|002242|002249|002250|002258|002267|002269|600033|600188|600256|600276|600366|600415|600436|600449|600499|600570|600588|600983,,002151|000900|600809|600258|000989|002063|002124|002223|002197|600743|002165|600993|002217|002152|600521
2009-07-01,30,30,002252|002266|002124|002258|002249|600743|600436|000848|002091|002152|002267|600742|002269|000900|600256|002038|002232|600258|002242|600415|600582|600449|600188|600033|000989|600499|600588|600366|000895|000987,000848|000895|000900|000987|000989|002038|002091|002124|002152|002232|002242|002249|002252|002258|002266|002267|002269|600033|600188|600256|600258|600366|600415|600436|600449|600499|600582|600588|600742|600743,,002250|002096|002065|002001|002104|000950|600570|600276|002241|002228|600983|002007
2009-08-03,30,29,002236|002131|002273|002252|002266|002226|002241|002228|002050|002223|600845|002235|002250|002153|002096|002065|002249|002258|600743|000848|002230|600436|002091|002165|002001|002217|002152|002088|002104|002267,000848|002001|002050|002065|002088|002091|002096|002104|002152|002153|002165|002217|002223|002226|002228|002230|002235|002236|002241|002249|002250|002252|002258|002266|002267|002273|600436|600743|600845,002131,002269|600256|002242|600415|600449|600188|600033|600499|600588|600366|000895|000987|002124|600742|000900|002038|002232|600258|600582|000989
2009-09-01,30,30,002131|002252|002241|002266|002250|002004|002249|002230|000848|002091|002096|002258|002121|600436|002165|002104|002267|002152|600742|002269|002237|002065|000950|000900|000685|600256|002038|002242|600415|600449,000685|000848|000900|000950|002004|002038|002065|002091|002096|002104|002121|002131|002152|002165|002230|002237|002241|002242|002249|002250|002252|002258|002266|002267|002269|600256|600415|600436|600449|600742,,600743|002236|002273|002226|002228|002050|002223|600845|002235|002153|002001|002217|002088
2009-10-09,30,30,002271|002108|002241|002256|002266|002153|002255|002261|002249|002100|002230|002096|002258|000848|002121|002091|002267|002088|002152|002104|600742|002269|000950|002065|002232|000900|600256|002038|000685|002242,000685|000848|000900|000950|002038|002065|002088|002091|002096|002100|002104|002108|002121|002152|002153|002230|002232|002241|002242|002249|002255|002256|002258|002261|002266|002267|002269|002271|600256|600742,,002252|002250|600436|002165|002131|002004|002237|600415|600449
2009-11-02,30,30,002271|002131|002252|002108|002256|002273|002223|002250|002249|002004|002230|002258|000848|002091|002152|002267|002088|002269|600742|002191|600521|000900|600258|002242|600415|000338|000685|002001|600366|600588,000338|000685|000848|000900|002001|002004|002088|002091|002108|002131|002152|002191|002223|002230|002242|002249|002250|002252|002256|002258|002267|002269|002271|002273|600258|600366|600415|600521|600588|600742,,002241|002266|002096|002121|002104|000950|002065|600256|002038|002153|002255|002261|002100|002232
2009-12-01,30,29,002236|002131|002271|002252|002108|002256|002050|002273|002266|002223|002262|002153|002154|002250|002003|002230|002249|002197|002258|000848|600436|002091|002165|002152|002267|002088|002269|002191|600742|000338,000338|000848|002003|002050|002088|002091|002108|002131|002152|002153|002154|002165|002191|002197|002223|002230|002249|002250|002252|002256|002258|002262|002266|002267|002269|002271|002273|600436|600742,002236,000900|002242|000685|002004|600521|600258|600415|002001|600366|600588
2010-01-04,30,30,002236|002271|002252|002108|002256|002273|002206|002266|002272|002249|002250|002230|002154|000848|002152|002267|002269|002191|002091|600742|002242|000338|600415|000900|002001|600622|600366|600588|000987|000895,000338|000848|000895|000900|000987|002001|002091|002108|002152|002154|002191|002206|002230|002236|002242|002249|002250|002252|002256|002266|002267|002269|002271|002272|002273|600366|600415|600588|600622|600742,,002131|002223|002258|002088|002050|002262|002153|002003|002197|600436|002165
2010-02-01,30,30,002236|002131|002271|002256|002273|002266|002108|002153|002249|002250|002003|002230|002154|002258|000848|002267|002152|002191|002269|002091|600742|002242|002065|000338|000900|600415|002088|002001|600521|600622,000338|000848|000900|002001|002003|002065|002088|002091|002108|002131|002152|002153|002154|002191|002230|002236|002242|002249|002250|002256|002258|002266|002267|002269|002271|002273|600415|600521|600622|600742,,002252|002206|002272|600366|600588|000987|000895
2010-03-01,27,27,002131|002252|002250|002267|002191|002091|600742|002088|000338|000900|600415|002001|600622|600395|600366|600588|000895|000726|000157|600582|000937|600123|600348|600031|600271|601699|601899,000157|000338|000726|000895|000900|000937|002001|002088|002091|002131|002191|002250|002252|002267|600031|600123|600271|600348|600366|600395|600415|600582|600588|600622|600742|601699|601899,,002236|002271|002256|002273|002266|002108|002249|002230|002154|000848|002152|002269|002242|002153|002003|002258|002065|600521
2010-04-01,30,30,002236|002131|002271|002252|002310|002256|002273|002266|002108|300033|002154|002250|002249|002230|002267|002152|600742|002242|000900|000338|002088|600415|002001|600395|000726|600588|600276|600582|600123|600348,000338|000726|000900|002001|002088|002108|002131|002152|002154|002230|002236|002242|002249|002250|002252|002256|002266|002267|002271|002273|002310|300033|600123|600276|600348|600395|600415|600582|600588|600742,,002191|002091|600622|600366|000895|000157|000937|600031|600271|601699|601899
2010-05-04,30,30,002236|300012|002252|002131|300015|300008|002323|002310|002334|300005|002367|300025|002050|300001|300046|002293|002108|002206|300031|300037|300039|002300|002273|300033|300018|002158|002153|002226|002306|002249,002050|002108|002131|002153|002158|002206|002226|002236|002249|002252|002273|002293|002300|002306|002310|002323|002334|002367|300001|300005|300008|300012|300015|300018|300025|300031|300033|300037|300039|300046,,002250|002267|600742|000900|000338|002088|600415|002001|600395|000726|600588|600582|600123|600348|002271|002256|002266|002154|002230|002152|002242|600276
2010-06-01,30,30,300054|300015|300014|002236|002310|002334|002285|300048|300037|002350|300033|002320|300039|300011|002273|002345|002306|002277|002344|600436|002152|600742|002250|300002|000900|000887|600066|000338|002242|600522,000338|000887|000900|002152|002236|002242|002250|002273|002277|002285|002306|002310|002320|002334|002344|002345|002350|300002|300011|300014|300015|300033|300037|300039|300048|300054|600066|600436|600522|600742,,002252|002131|002108|002249|300012|300008|002323|300005|002367|300025|002050|300001|300046|002293|002206|300031|002300|300018|002158|002153|002226
2010-07-01,30,30,300012|002312|300009|300014|002340|300015|300051|002236|002310|002334|002392|002324|300041|300024|300019|300025|300053|300048|002285|300001|300039|300037|002350|002320|002318|300033|002293|300011|300040|300018,002236|002285|002293|002310|002312|002318|002320|002324|002334|002340|002350|002392|300001|300009|300011|300012|300014|300015|300018|300019|300024|300025|300033|300037|300039|300040|300041|300048|300051|300053,,002273|002306|300054|002345|002277|002344|600436|002152|600742|002250|300002|000900|000887|600066|000338|002242|600522
2010-08-02,30,30,300059|300014|002410|300015|002335|002310|002415|002236|300024|300053|300048|002392|002320|002337|300037|002285|002300|002350|002273|300018|300020|002284|002108|002206|002139|002302|002314|002191|300002|002249,002108|002139|002191|002206|002236|002249|002273|002284|002285|002300|002302|002310|002314|002320|002335|002337|002350|002392|002410|002415|300002|300014|300015|300018|300020|300024|300037|300048|300053|300059,,002334|300039|300033|300011|300012|002312|300009|002340|300051|002324|300041|300019|300025|300001|002318|002293|300040
2010-09-01,30,30,300059|002349|300015|002312|300009|300006|300014|002340|300051|002252|002364|002219|300024|002245|002410|002334|002392|002236|002415|002324|300037|002320|002300|002350|002385|300018|002273|002285|300020|002376,002219|002236|002245|002252|002273|002285|002300|002312|002320|002324|002334|002340|002349|002350|002364|002376|002385|002392|002410|002415|300006|300009|300014|300015|300018|300020|300024|300037|300051|300059,,002310|300053|300048|002335|002337|002284|002108|002206|002139|002302|002314|002191|300002|002249
2010-10-08,30,30,300059|300015|300009|300014|002340|002312|300008|002252|300024|002397|002245|300048|002392|002351|002415|002236|002324|300005|300037|002317|300076|002050|002320|300040|002410|002385|300039|002334|002273|300020,002050|002236|002245|002252|002273|002312|002317|002320|002324|002334|002340|002351|002385|002392|002397|002410|002415|300005|300008|300009|300014|300015|300020|300024|300037|300039|300040|300048|300059|300076,,002300|002350|300018|002285|002349|300006|300051|002364|002219|002376
2010-11-01,30,29,300059|300026|300009|300014|300015|002340|300008|002327|300024|002324|002392|002236|300019|300048|002415|002252|300037|300005|300076|300033|002050|002320|300018|300040|002293|002410|300039|002385|002285|002424,002050|002236|002252|002285|002293|002320|002324|002327|002340|002385|002392|002410|002415|002424|300005|300008|300009|300014|300015|300019|300024|300026|300033|300037|300039|300040|300048|300059|300076,300018,002312|002245|002334|002273|300020|002397|002351|002317
2010-12-01,30,30,300059|300066|300026|002340|300015|300014|002404|002348|002397|300053|300041|002335|002351|002339|002352|300009|300019|002392|002236|300008|002252|300037|300048|002350|002324|300013|002317|300033|002415|002050,002050|002236|002252|002317|002324|002335|002339|002340|002348|002350|002351|002352|002392|002397|002404|002415|300008|300009|300013|300014|300015|300019|300026|300033|300037|300041|300048|300053|300059|300066,,300024|300005|300076|002320|300040|002410|300039|002385|002327|002293|002285|002424
2011-01-04,30,30,300059|300015|002236|002347|002415|002385|002324|300001|002285|002345|002424|002410|002320|002391|002273|002318|002310|002282|002284|002139|002014|002342|002332|002306|002328|002267|300027|002035|300002|600572,002014|002035|002139|002236|002267|002273|002282|002284|002285|002306|002310|002318|002320|002324|002328|002332|002342|002345|002347|002385|002391|002410|002415|002424|300001|300002|300015|300027|300059|600572,,300026|002340|300014|300009|300019|002392|300008|002252|300037|300048|300033|002050|300066|002404|002348|002397|300053|300041|002335|002351|002339|002352|002350|300013|002317
2011-02-01,30,30,002349|002224|002236|002347|002285|300001|300048|002410|300011|002310|002273|002384|002014|002282|002230|300002|300027|601101|002138|002065|002332|000848|002277|600742|600522|600066|002081|600188|002191|000425,000425|000848|002014|002065|002081|002138|002191|002224|002230|002236|002273|002277|002282|002285|002310|002332|002347|002349|002384|002410|300001|300002|300011|300027|300048|600066|600188|600522|600742|601101,,300059|300015|002415|002324|002385|002345|002424|002320|002391|002318|002284|002139|002342|002306|002328|002267|002035|600572
2011-03-01,30,30,002392|002415|300008|002385|002324|300001|300048|300011|002334|002310|300082|002284|002014|002003|002230|300002|002035|600572|300027|002332|002138|000848|000900|002242|600066|600522|002152|002081|002191|600188,000848|000900|002003|002014|002035|002081|002138|002152|002191|002230|002242|002284|002310|002324|002332|002334|002385|002392|002415|300001|300002|300008|300011|300027|300048|300082|600066|600188|600522|600572,,002236|002347|002285|002410|002273|002282|002349|002224|002384|601101|002065|002277|600742|000425
2011-04-01,30,30,300059|002481|002392|300074|002415|002347|002324|002334|002320|002437|002273|002384|002310|002424|300008|300082|002108|002284|002139|300048|002306|300020|002085|002014|300002|002035|002267|002003|300027|002302,002003|002014|002035|002085|002108|002139|002267|002273|002284|002302|002306|002310|002320|002324|002334|002347|002384|002392|002415|002424|002437|002481|300002|300008|300020|300027|300048|300059|300074|300082,,300001|300011|002230|002332|002138|000848|600066|600522|002081|002191|600188|002385|600572|000900|002242|002152
2011-05-03,30,29,002236|002310|002415|002424|002108|002139|002493|002130|002385|002506|600982|002003|002035|600527|002063|000563|002479|002230|002444|002154|600971|000848|600742|000900|600066|000987|002191|600750|000650|002081,000563|000650|000848|000900|000987|002003|002035|002063|002081|002108|002139|002154|002191|002230|002236|002310|002385|002415|002424|002444|002479|002493|002506|600066|600527|600742|600750|600971|600982,002130,002392|002324|002334|300008|300082|002284|300048|002014|300002|300027|300059|002481|300074|002347|002320|002437|002273|002384|002306|300020|002085|002267|002302
2011-06-01,30,30,002195|002520|002310|002424|002493|002085|002506|601519|600527|002479|000563|002444|002408|600742|600971|000900|002230|000848|600066|002191|600572|600750|002041|000650|600188|600703|000726|600183|002001|001696,000563|000650|000726|000848|000900|001696|002001|002041|002085|002191|002195|002230|002310|002408|002424|002444|002479|002493|002506|002520|600066|600183|600188|600527|600572|600703|600742|600750|600971|601519,,002415|002108|002139|002003|002035|002236|002385|600982|002063|002154|000987|002081
2011-07-01,30,30,002542|002195|002310|300088|002468|002493|002506|002385|601519|600527|002408|600971|000900|600066|600761|002041|002081|600703|600195|600188|002241|000726|002001|000338|002007|600970|600741|000012|600660|000937,000012|000338|000726|000900|000937|002001|002007|002041|002081|002195|002241|002310|002385|002408|002468|002493|002506|002542|300088|600066|600188|600195|600527|600660|600703|600741|600761|600970|600971|601519,,002424|002479|000563|002444|600742|002230|000848|002191|600750|000650|002520|002085|600572|600183|001696
2011-08-01,30,30,002542|002546|002519|002550|002475|002489|002469|002581|002551|002539|002445|002498|002526|300144|300088|002448|601933|002310|300124|002501|002042|002493|002497|002436|002252|002506|601519|002236|601208|601126,002042|002236|002252|002310|002436|002445|002448|002469|002475|002489|002493|002497|002498|002501|002506|002519|002526|002539|002542|002546|002550|002551|002581|300088|300124|300144|601126|601208|601519|601933,,002195|600527|002408|600971|000900|600066|002041|600703|600188|000726|002001|002468|002385|600761|002081|600195|002241|000338|002007|600970|600741|000012|600660|000937
2011-09-01,30,30,002568|002542|300190|002458|300215|002550|002520|300149|002546|002469|002540|002518|300155|002539|300109|002508|300088|002526|300144|300127|002501|002042|601933|002493|002528|601000|002445|002436|300111|002497,002042|002436|002445|002458|002469|002493|002497|002501|002508|002518|002520|002526|002528|002539|002540|002542|002546|002550|002568|300088|300109|300111|300127|300144|300149|300155|300190|300215|601000|601933,,002310|002506|601519|002519|002475|002489|002581|002551|002498|002448|300124|002252|002236|601208|601126
2011-10-10,30,30,002458|002469|300127|002236|300002|601208|002408|002470|600742|600971|000598|600572|002479|601233|600188|600425|002001|002007|000726|000338|002242|600703|600160|600664|600970|600741|000039|000528|000012|600660,000012|000039|000338|000528|000598|000726|002001|002007|002236|002242|002408|002458|002469|002470|002479|300002|300127|600160|600188|600425|600572|600660|600664|600703|600741|600742|600970|600971|601208|601233,,002542|002550|002546|002539|300088|002526|300144|002501|002042|601933|002493|002445|002436|002497|002568|300190|300215|002520|300149|002540|002518|300155|300109|002508|002528|601000|300111
2011-11-01,30,30,002568|300148|002458|300146|300155|002469|300133|002584|300088|300140|300115|002236|002042|300002|002385|601208|002378|002408|000685|600742|002470|002230|300102|002480|600522|300118|600572|000598|002249|002479,000598|000685|002042|002230|002236|002249|002378|002385|002408|002458|002469|002470|002479|002480|002568|002584|300002|300088|300102|300115|300118|300133|300140|300146|300148|300155|600522|600572|600742|601208,,300127|600971|601233|600188|600425|002001|002007|000726|000338|002242|600703|600160|600664|600970|600741|000039|000528|000012|600660
2011-12-01,30,29,300172|002195|300148|002458|002520|300146|002546|300135|300165|002469|002526|300133|002512|002584|300153|300088|300147|002474|300144|300142|300115|601933|300119|300002|600845|300140|300096|002408|002482|601208,002195|002408|002458|002469|002474|002482|002512|002520|002526|002546|002584|300002|300088|300096|300115|300119|300133|300135|300140|300142|300144|300146|300147|300148|300153|300165|600845|601208|601933,300172,002236|600742|002470|600572|000598|002479|002568|300155|002042|002385|002378|000685|002230|300102|002480|600522|300118|002249
2012-01-04,30,30,300172|601700|300148|002512|300133|002478|300127|300153|002236|002506|600742|002415|000598|601233|600188|600066|600395|600425|600971|601101|000877|000338|601717|002007|002022|600517|600970|600664|600703|600060,000338|000598|000877|002007|002022|002236|002415|002478|002506|002512|300127|300133|300148|300153|300172|600060|600066|600188|600395|600425|600517|600664|600703|600742|600970|600971|601101|601233|601700|601717,,002458|300146|002469|002584|300088|300115|300002|300140|002408|601208|002195|002520|002546|300135|300165|002526|300147|002474|300144|300142|601933|300119|600845|300096|002482
2012-02-01,30,30,300166|300172|300146|300148|300155|300133|002528|300002|002035|002544|002445|300127|002526|002385|002236|002501|002408|002506|002378|002415|300102|600742|000900|000685|002230|300118|600522|000598|600572|002152,000598|000685|000900|002035|002152|002230|002236|002378|002385|002408|002415|002445|002501|002506|002526|002528|002544|300002|300102|300118|300127|300133|300146|300148|300155|300166|300172|600522|600572|600742,,002512|300153|601700|002478|601233|600188|600066|600395|600425|600971|601101|000877|000338|601717|002007|002022|600517|600970|600664|600703|600060
2012-03-01,30,30,300166|002458|300172|300167|300135|300146|300148|300155|300133|601700|300088|300113|002528|002512|002556|002493|002538|002429|300002|002035|002406|002445|002389|002544|002226|300096|601208|002236|002385|002526,002035|002226|002236|002385|002389|002406|002429|002445|002458|002493|002512|002526|002528|002538|002544|002556|300002|300088|300096|300113|300133|300135|300146|300148|300155|300166|300167|300172|601208|601700,,300127|002506|002415|600742|000598|002501|002408|002378|300102|000900|000685|002230|300118|600522|600572|002152
2012-04-05,30,30,300166|002531|300167|002458|002489|300135|300177|300148|300133|300088|002528|002550|002512|300155|300113|300136|002474|002493|002508|002538|300002|300127|002530|002429|002539|300096|300146|300134|002445|002556,002429|002445|002458|002474|002489|002493|002508|002512|002528|002530|002531|002538|002539|002550|002556|300002|300088|300096|300113|300127|300133|300134|300135|300136|300146|300148|300155|300166|300167|300177,,300172|002035|002544|002236|002385|002526|601700|002406|002389|002226|601208
2012-05-02,30,30,002661|300251|002458|300267|300271|002637|002642|300127|002429|002385|002408|601678|000900|000848|002091|000987|000685|000703|002233|002001|600252|600703|000999|000338|002007|002241|002022|600588|600067|002008,000338|000685|000703|000848|000900|000987|000999|002001|002007|002008|002022|002091|002233|002241|002385|002408|002429|002458|002637|002642|002661|300127|300251|300267|300271|600067|600252|600588|600703|601678,,300166|300167|300135|300148|300133|300088|002528|002512|300155|300113|002493|002538|300002|300096|300146|002445|002556|002531|002489|300177|002550|300136|002474|002508|002530|002539|300134
2012-06-01,30,30,300283|002661|300272|002635|002648|002642|300224|002429|002598|600633|002063|601311|002012|000900|002385|601633|002236|600261|300003|000789|600422|000703|002191|600195|002233|600066|601233|000999|000338|601101,000338|000703|000789|000900|000999|002012|002063|002191|002233|002236|002385|002429|002598|002635|002642|002648|002661|300003|300224|300272|300283|600066|600195|600261|600422|600633|601101|601233|601311|601633,,002458|300127|300251|300267|300271|002637|002408|601678|000848|002091|000987|000685|002001|600252|600703|002007|002241|002022|600588|600067|002008
2012-07-02,30,30,300266|300291|300272|002645|300250|300298|002648|002635|002642|002653|300224|002273|002063|002091|002385|601633|002236|601311|000789|002233|600422|002415|000726|600066|601101|000338|002001|600252|600703|600588,000338|000726|000789|002001|002063|002091|002233|002236|002273|002385|002415|002635|002642|002645|002648|002653|300224|300250|300266|300272|300291|300298|600066|600252|600422|600588|600703|601101|601311|601633,,002661|002429|000900|000703|000999|300283|002598|600633|002012|600261|300003|002191|600195|601233
2012-08-01,30,30,300288|002629|300298|002635|601388|002642|002653|300224|300127|002601|002408|002506|002004|600633|601633|002385|000789|000848|002236|600867|002233|600422|002415|600066|601101|600252|600703|002299|000581|600216,000581|000789|000848|002004|002233|002236|002299|002385|002408|002415|002506|002601|002629|002635|002642|002653|300127|300224|300288|300298|600066|600216|600252|600422|600633|600703|600867|601101|601388|601633,,300272|002648|002063|601311|000338|300266|300291|002645|300250|002273|002091|000726|002001|600588
2012-09-03,30,29,300279|002629|300293|002649|601388|002637|300026|300146|002601|603366|002598|002506|002004|002012|002273|601633|600340|002277|002236|600867|002415|600157|600252|600166|000581|600582|600216|000876|601717|000895,000581|000876|000895|002004|002012|002236|002273|002277|002415|002506|002598|002601|002629|002637|002649|300026|300146|300279|600157|600166|600216|600252|600340|600582|600867|601388|601633|601717|603366,300293,300298|002635|002642|002653|300224|002385|000789|002233|600422|600066|601101|600703|300288|300127|002408|600633|000848|002299
2012-10-08,30,29,002625|300316|300288|300293|300333|601388|002637|300245|300026|300301|300146|002601|002429|603366|002506|002598|002273|601633|601311|002385|002236|002570|002277|002415|600066|600252|600157|000581|600166|600216,000581|002236|002273|002277|002385|002415|002429|002506|002570|002598|002601|002625|002637|300026|300146|300245|300288|300293|300316|300333|600066|600157|600166|600216|600252|601311|601388|601633|603366,300301,002629|002004|600867|300279|002649|002012|600340|600582|000876|601717|000895
2012-11-01,30,30,002629|601388|300301|601222|002635|002648|300026|300146|002601|300238|600742|002598|300058|002506|600987|002273|002158|600261|002385|601633|600340|601311|002012|002236|002570|600066|002415|600252|601101|600157,002012|002158|002236|002273|002385|002415|002506|002570|002598|002601|002629|002635|002648|300026|300058|300146|300238|300301|600066|600157|600252|600261|600340|600742|600987|601101|601222|601311|601388|601633,,002637|603366|002277|000581|600166|600216|002625|300316|300288|300293|300333|300245|002429
2012-12-03,30,30,002645|601388|300245|002648|300026|300238|600742|000563|002158|601633|600340|002012|002236|600252|002415|601101|601928|600157|600366|600703|000999|600271|600067|000876|000895|002081|002008|600160|600887|600123,000563|000876|000895|000999|002008|002012|002081|002158|002236|002415|002645|002648|300026|300238|300245|600067|600123|600157|600160|600252|600271|600340|600366|600703|600742|600887|601101|601388|601633|601928,,300146|002601|002598|002506|002273|002385|601311|002570|600066|002629|300301|601222|002635|300058|600987|600261
2013-01-04,30,28,300320|300231|300316|002611|002645|002650|300333|300305|300251|002641|601515|300298|601388|300301|002648|300245|300224|300026|002629|002635|002601|300146|002662|300238|603366|002033|300058|600742|600987|002158,002033|002158|002601|002611|002629|002635|002641|002645|002648|002650|002662|300026|300058|300146|300224|300231|300238|300245|300251|300301|300305|300320|300333|600742|600987|601388|601515|603366,300316|300298,601633|600340|002012|002236|600252|002415|601101|600157|000563|601928|600366|600703|000999|600271|600067|000876|000895|002081|002008|600160|600887|600123
2013-02-01,30,30,300320|300346|300339|300316|300291|002611|300294|002658|300333|300251|300305|300293|300272|002641|601515|300298|300301|300274|601388|300197|002448|002648|002650|300224|300271|601222|002643|002629|002635|002508,002448|002508|002611|002629|002635|002641|002643|002648|002650|002658|300197|300224|300251|300271|300272|300274|300291|300293|300294|300298|300301|300305|300316|300320|300333|300339|300346|601222|601388|601515,,002645|300245|300026|300238|600742|002158|300231|002601|300146|002662|603366|002033|300058|600987
2013-03-01,30,29,300303|002195|300316|002634|300294|002666|300310|002658|300251|002641|300267|300272|300298|300197|300274|601388|002650|002648|300271|300224|002629|601222|002410|002601|002429|002662|300146|300026|603366|002506,002195|002410|002429|002506|002601|002629|002634|002641|002648|002650|002658|002662|002666|300026|300146|300197|300224|300251|300267|300271|300272|300274|300294|300298|300303|300316|601222|601388|603366,300310,300320|002611|300333|300305|601515|300301|002635|300346|300339|300291|300293|002448|002643|002508
2013-04-01,30,30,300343|300310|300267|002641|002658|601388|300251|300197|002588|300224|002648|300274|601222|002629|002626|002601|002662|002429|002410|002226|002506|002612|603366|300238|002033|300026|002598|601566|002158|600403,002033|002158|002226|002410|002429|002506|002588|002598|002601|002612|002626|002629|002641|002648|002658|002662|300026|300197|300224|300238|300251|300267|300274|300310|300343|600403|601222|601388|601566|603366,,300316|300294|300272|300298|002650|300271|300303|002195|002634|002666|300146
2013-05-02,30,29,300339|002702|002467|002429|002293|300251|300026|300002|300146|300133|600987|002063|600201|002154|002091|300058|300027|002385|601311|000848|300039|002065|000975|600572|601633|000726|002029|600066|002415|600582,000726|000848|000975|002029|002063|002065|002091|002154|002293|002385|002415|002429|002467|002702|300002|300026|300039|300058|300133|300146|300251|300339|600066|600201|600572|600582|600987|601311|601633,300027,300267|002641|002658|601388|300197|300224|002648|300274|601222|002629|002601|002662|002410|002506|603366|300343|300310|002588|002626|002226|002612|300238|002033|002598|601566|002158|600403
2013-06-03,30,30,300343|300352|300326|300290|002702|300339|300347|300355|603766|002701|000639|002656|002467|002044|002506|002035|300251|603366|300146|002398|600633|002293|600987|002154|300002|000552|002663|600794|600578|002191,000552|000639|002035|002044|002154|002191|002293|002398|002467|002506|002656|002663|002701|002702|300002|300146|300251|300290|300326|300339|300343|300347|300352|300355|600578|600633|600794|600987|603366|603766,,002429|300026|300133|002063|600201|002091|300058|002385|601311|000848|300039|002065|000975|600572|601633|000726|002029|600066|002415|600582
2013-07-01,30,30,300348|300343|300352|300290|300355|300347|002701|300339|300314|002467|002506|601231|300251|600816|601566|603366|300146|600794|300005|002663|000552|002410|002091|300002|600403|300088|601311|002429|002191|300039,000552|002091|002191|002410|002429|002467|002506|002663|002701|300002|300005|300039|300088|300146|300251|300290|300314|300339|300343|300347|300348|300352|300355|600403|600794|600816|601231|601311|601566|603366,,002702|002293|600987|002154|300326|603766|000639|002656|002044|002035|002398|600633|600578
2013-08-01,30,29,300348|300343|300352|300353|300290|002701|002085|300347|000639|300314|300339|002467|002153|601231|600816|300251|002663|000552|300005|002063|600201|600403|300088|002091|601311|002410|600684|000848|002191|300039,000552|000639|000848|002063|002085|002091|002191|002410|002467|002663|002701|300005|300039|300088|300251|300290|300314|300339|300343|300347|300348|300352|300353|600201|600403|600684|600816|601231|601311,002153,300355|002506|603366|300146|600794|300002|601566|002429
2013-09-02,30,30,300352|002697|300353|300259|300290|002701|002588|300303|300017|300347|300339|002467|002153|300012|300124|300251|603766|002033|600816|002154|002663|300005|002285|002501|002158|002063|300088|600794|600201|002410,002033|002063|002153|002154|002158|002285|002410|002467|002501|002588|002663|002697|002701|300005|300012|300017|300088|300124|300251|300259|300290|300303|300339|300347|300352|300353|600201|600794|600816|603766,,300348|300343|300314|601231|000552|600403|002091|601311|002191|300039|002085|000639|600684|000848
2013-10-08,30,30,002701|300290|002697|002588|002085|601515|300303|300017|300339|300347|300012|002467|603766|002014|600816|002033|002154|002663|002285|002063|600201|300088|600794|600987|002561|002410|601311|600684|300124|002273,002014|002033|002063|002085|002154|002273|002285|002410|002467|002561|002588|002663|002697|002701|300012|300017|300088|300124|300290|300303|300339|300347|600201|600684|600794|600816|600987|601311|601515|603766,,300352|300353|300251|300005|300259|002153|002501|002158
2013-11-01,30,29,300343|002681|002695|300353|002641|300290|300009|002656|002588|000639|300303|002697|300043|002701|300339|300015|300017|300347|601515|300275|002635|002327|601222|300012|002467|002381|300291|002271|002014|600816,000639|002014|002271|002327|002381|002467|002588|002635|002641|002656|002695|002697|002701|300009|300012|300015|300017|300043|300275|300290|300291|300303|300339|300343|300347|300353|600816|601222|601515,002681,603766|002033|002154|002663|002285|002063|600201|300088|600794|002410|300124|002085|600987|002561|601311|600684|002273
2013-12-02,30,30,300343|300352|002688|300353|002695|300342|002085|002697|300043|002588|300355|601515|300017|002595|300339|300347|002701|601222|002690|002467|002381|300275|002271|600816|603766|300251|600738|002293|300088|002063,002063|002085|002271|002293|002381|002467|002588|002595|002688|002690|002695|002697|002701|300017|300043|300088|300251|300275|300339|300342|300343|300347|300352|300353|300355|600738|600816|601222|601515|603766,,300290|300303|300012|002014|002641|300009|002656|000639|300015|002635|002327|300291
2014-01-02,30,30,300343|002681|002688|002695|300342|300009|300043|002697|000639|300355|002588|002085|300339|300015|002595|601222|601515|002701|300017|002467|002381|002271|300040|600816|300251|603766|600738|300088|000552|002501,000552|000639|002085|002271|002381|002467|002501|002588|002595|002681|002688|002695|002697|002701|300009|300015|300017|300040|300043|300088|300251|300339|300342|300343|300355|600738|600816|601222|601515|603766,,300353|300347|300275|300352|002690|002293|002063
2014-02-07,30,30,300343|002681|002688|300352|300342|002668|300009|002697|300355|002588|002085|300303|002595|300015|601222|002701|002271|002467|300275|002381|300040|300251|300088|002663|002501|002063|002158|002285|002310|000848,000848|002063|002085|002158|002271|002285|002310|002381|002467|002501|002588|002595|002663|002668|002681|002688|002697|002701|300009|300015|300040|300088|300251|300275|300303|300342|300343|300352|300355|601222,,002695|300043|300339|601515|300017|600816|603766|600738|000639|000552
2014-03-03,30,30,300343|300285|002681|002695|002688|300342|300353|002668|300352|000639|300009|300355|002697|002588|300303|002595|601222|002085|002701|002035|300015|002271|300017|002467|002690|600816|002381|002014|300012|300040,000639|002014|002035|002085|002271|002381|002467|002588|002595|002668|002681|002688|002690|002695|002697|002701|300009|300012|300015|300017|300040|300285|300303|300342|300343|300352|300353|300355|600816|601222,,300251|300088|002501|300275|002663|002063|002158|002285|002310|000848
2014-04-01,30,30,002681|300352|300355|002588|002697|002595|002635|300015|002701|002467|002271|002035|002690|300017|002381|300012|000552|002663|002501|002091|600794|002508|600527|002285|002310|600684|000848|000989|601633|300039,000552|000848|000989|002035|002091|002271|002285|002310|002381|002467|002501|002508|002588|002595|002635|002663|002681|002690|002697|002701|300012|300015|300017|300039|300352|300355|600527|600684|600794|601633,,300343|002688|300342|002668|300009|300303|601222|002085|300040|300285|002695|300353|000639|600816|002014
2014-05-05,30,30,300383|601222|300015|600982|002271|002701|300017|600816|000789|002367|600684|002310|601311|000848|600251|601633|002064|300124|002429|002410|002400|300039|600572|600761|600422|000786|002385|002152|600252|002440,000786|000789|000848|002064|002152|002271|002310|002367|002385|002400|002410|002429|002440|002701|300015|300017|300039|300124|300383|600251|600252|600422|600572|600684|600761|600816|600982|601222|601311|601633,,002681|300352|300355|002588|002697|002595|002467|002035|002690|002381|300012|002635|000552|002663|002501|002091|600794|002508|600527|002285|000989
2014-06-03,30,30,300375|300383|300368|300357|002595|600816|300015|603288|002701|600982|601633|002064|600251|002285|300005|600252|002440|002242|002152|000012|300124|600062|600271|000999|600660|000333|600406|600690|000625|002415,000012|000333|000625|000999|002064|002152|002242|002285|002415|002440|002595|002701|300005|300015|300124|300357|300368|300375|300383|600062|600251|600252|600271|600406|600660|600690|600816|600982|601633|603288,,002271|300017|600684|002310|000848|300039|601222|000789|002367|601311|002429|002410|002400|600572|600761|600422|000786|002385
2014-07-01,30,30,300377|002706|002709|300375|300383|002712|300368|300360|300357|300009|601222|603288|002701|600982|600571|601633|600201|600023|600251|300039|300146|600422|000848|600252|002440|002007|000012|002242|002152|300124,000012|000848|002007|002152|002242|002440|002701|002706|002709|002712|300009|300039|300124|300146|300357|300360|300368|300375|300377|300383|600023|600201|600251|600252|600422|600571|600982|601222|601633|603288,,600816|300015|002064|002595|002285|300005|600062|600271|000999|600660|000333|600406|600690|000625|002415
2014-08-01,30,30,300377|300376|002706|002709|300382|300383|300375|300360|300357|300009|002595|002271|002588|601515|300015|300182|002085|600816|603288|002701|000789|603766|300017|600982|300088|600987|002367|600201|600882|000989,000789|000989|002085|002271|002367|002588|002595|002701|002706|002709|300009|300015|300017|300088|300182|300357|300360|300375|300376|300377|300382|300383|600201|600816|600882|600982|600987|601515|603288|603766,,300368|601633|600251|600252|002440|000012|002242|002152|300124|002712|601222|600571|600023|300039|300146|600422|000848|002007
2014-09-01,30,30,300376|300377|300381|300375|300383|002712|300360|300357|603077|300009|300303|300253|000639|002595|002327|002271|002588|601515|002035|002245|300015|600105|300182|600816|603288|000789|002701|002085|300017|603766,000639|000789|002035|002085|002245|002271|002327|002588|002595|002701|002712|300009|300015|300017|300182|300253|300303|300357|300360|300375|300376|300377|300381|300383|600105|600816|601515|603077|603288|603766,,002706|002709|600982|600201|300382|300088|600987|002367|600882|000989
2014-10-08,30,30,002706|300377|300375|300383|300376|002712|300381|603077|002651|300009|300303|300253|000639|002271|002327|002588|300015|002568|002035|601515|603288|600105|600816|000789|002293|002701|300182|300017|002085|002595,000639|000789|002035|002085|002271|002293|002327|002568|002588|002595|002651|002701|002706|002712|300009|300015|300017|300182|300253|300303|300375|300376|300377|300381|300383|600105|600816|601515|603077|603288,,300360|300357|603766|002245
2014-11-03,30,30,002709|300382|002706|300370|300376|300383|300375|300377|002677|002713|603077|300360|300303|300009|300145|300253|002327|002271|002372|300015|002588|002035|603288|601965|300017|000789|002701|002293|002085|600816,000789|002035|002085|002271|002293|002327|002372|002588|002677|002701|002706|002709|002713|300009|300015|300017|300145|300253|300303|300360|300370|300375|300376|300377|300382|300383|600816|601965|603077|603288,,002712|300381|000639|601515|600105|300182|002595|002651|002568
2014-12-01,30,30,002709|002706|300383|300376|300375|002677|300259|300303|300145|002271|300015|002568|300253|002588|002035|601965|603288|300017|002701|002293|000789|002085|002595|600816|601222|000030|600201|002508|002233|600987,000030|000789|002035|002085|002233|002271|002293|002508|002568|002588|002595|002677|002701|002706|002709|300015|300017|300145|300253|300259|300303|300375|300376|300383|600201|600816|600987|601222|601965|603288,,300377|603077|300009|002327|300382|300370|002713|300360|002372
2015-01-05,30,30,002709|002706|300383|300376|002712|300381|300377|002677|300357|300259|603077|300303|300360|002649|300145|002327|002245|002568|300015|002271|300182|002035|300253|002372|601965|002701|603288|002588|300017|002293,002035|002245|002271|002293|002327|002372|002568|002588|002649|002677|002701|002706|002709|002712|300015|300017|300145|300182|300253|300259|300303|300357|300360|300376|300377|300381|300383|601965|603077|603288,,300375|000789|002085|600816|002595|601222|000030|600201|002508|002233|600987
2015-02-02,30,30,002706|300376|300383|300381|002677|002713|300296|603077|300303|300145|300360|002324|300015|600105|300182|002588|002035|002271|601965|002372|002701|002293|300088|603766|002595|000789|600816|002085|601222|002572,000789|002035|002085|002271|002293|002324|002372|002572|002588|002595|002677|002701|002706|002713|300015|300088|300145|300182|300296|300303|300360|300376|300381|300383|600105|600816|601222|601965|603077|603766,,002709|300259|002568|300253|603288|300017|002712|300377|300357|002649|002327|002245
2015-03-02,30,30,002706|002709|300376|300375|002677|300383|300296|603077|300303|002324|002651|002271|002372|300015|600105|002035|300182|002588|601965|002293|002701|603766|002595|000789|300088|600816|601222|002572|600251|600987,000789|002035|002271|002293|002324|002372|002572|002588|002595|002651|002677|002701|002706|002709|300015|300088|300182|300296|300303|300375|300376|300383|600105|600251|600816|600987|601222|601965|603077|603766,,300381|300145|300360|002713|002085
2015-04-01,30,29,300382|002706|002709|300376|300375|300370|002677|300259|300296|300009|300145|300303|002271|002035|300015|002372|600105|300182|002293|600816|603766|002701|000789|002158|002085|600987|300039|000848|002233|000726,000726|000789|000848|002035|002085|002158|002233|002271|002293|002372|002677|002701|002706|002709|300009|300015|300039|300145|300182|300296|300303|300370|300375|300376|300382|600105|600816|600987|603766,300259,300383|603077|002324|002588|601965|002595|300088|601222|002572|002651|600251
2015-05-04,23,23,300382|300375|300395|300412|300403|300009|002035|300015|600742|002372|600816|000789|300303|002085|002662|000848|600987|002701|600548|600177|600398|000876|601006,000789|000848|000876|002035|002085|002372|002662|002701|300009|300015|300303|300375|300382|300395|300403|300412|600177|600398|600548|600742|600816|600987|601006,,002706|002709|300376|002677|300296|002271|600105|300182|002293|603766|300370|300145|002158|300039|002233|000726
2015-06-01,14,14,300394|603889|300432|600452|600742|300009|002372|600816|603766|000789|600987|600252|600398|601006,000789|002372|300009|300394|300432|600252|600398|600452|600742|600816|600987|601006|603766|603889,,300382|300375|002035|300015|300303|002085|000848|002701|300395|300412|300403|002662|600548|600177|000876
2015-07-01,30,29,300394|300390|002749|603889|603601|300432|300412|300415|300395|300403|600452|300375|603806|002035|600742|300303|002372|300015|603766|600816|000789|002271|002085|600987|000531|002293|600252|600548|600177|600398,000531|000789|002035|002085|002271|002293|002372|002749|300015|300303|300375|300390|300394|300395|300403|300412|300415|300432|600177|600252|600398|600452|600742|600816|600987|603601|603766|603806|603889,600548,300009|601006
2015-08-03,30,30,300394|002749|603601|603889|300432|300390|300382|300403|300395|300415|603806|600452|600742|002035|300009|300303|002372|000789|002158|002271|300015|002085|600816|603766|600987|600197|002701|000531|002440|000848,000531|000789|000848|002035|002085|002158|002271|002372|002440|002701|002749|300009|300015|300303|300382|300390|300394|300395|300403|300415|300432|600197|600452|600742|600816|600987|603601|603766|603806|603889,,600252|600398|300412|300375|002293|600177
2015-09-01,30,30,300394|002749|300425|603889|002706|300390|300432|300403|300395|300415|300409|002742|603806|603558|600452|300389|603025|300357|300009|002035|300303|002662|002158|002372|300015|603369|600816|600885|002271|002489,002035|002158|002271|002372|002489|002662|002706|002742|002749|300009|300015|300303|300357|300389|300390|300394|300395|300403|300409|300415|300425|300432|600452|600816|600885|603025|603369|603558|603806|603889,,603601|600742|000789|002085|603766|600987|000531|300382|600197|002701|002440|000848
2015-10-08,30,30,300394|002749|300416|603601|300425|300390|300393|300450|002742|600452|603806|300432|300415|300444|601689|002035|300009|300303|002469|002662|002158|002372|601222|603369|300015|002099|600885|002271|600987|002588,002035|002099|002158|002271|002372|002469|002588|002662|002742|002749|300009|300015|300303|300390|300393|300394|300415|300416|300425|300432|300444|300450|600452|600885|600987|601222|601689|603369|603601|603806,,603889|300403|300395|600816|002706|300409|603558|300389|603025|300357|002489
2015-11-02,30,30,300394|002749|603889|603601|002706|300390|300382|300393|300403|600452|603806|300415|300432|300009|002662|002158|002372|603369|601222|300015|002271|600438|600987|600236|002440|603766|600885|000848|002701|002293,000848|002158|002271|002293|002372|002440|002662|002701|002706|002749|300009|300015|300382|300390|300393|300394|300403|300415|300432|600236|600438|600452|600885|600987|601222|603369|603601|603766|603806|603889,,300425|002742|002035|300303|300416|300450|300444|601689|002469|002099|002588
2015-12-01,30,30,300394|002706|603601|300382|600452|603806|300403|300432|002677|002372|002662|300015|002271|601222|600987|600438|600236|000848|600885|002440|603766|002701|002293|600816|600572|601515|000828|000600|600004|600398,000600|000828|000848|002271|002293|002372|002440|002662|002677|002701|002706|300015|300382|300394|300403|300432|600004|600236|600398|600438|600452|600572|600816|600885|600987|601222|601515|603601|603766|603806,,002749|300390|300393|300415|300009|002158|603369|603889
2016-01-04,30,30,300394|002749|002706|603601|300382|300390|300403|300432|300415|603806|002372|002158|300015|601222|002271|002677|600987|600438|600236|600885|002440|002662|603766|002701|000848|002293|600816|000828|000600|601515,000600|000828|000848|002158|002271|002293|002372|002440|002662|002677|002701|002706|002749|300015|300382|300390|300394|300403|300415|300432|600236|600438|600816|600885|600987|601222|601515|603601|603766|603806,,600452|600572|600004|600398
2016-02-01,30,30,300394|002749|300416|300390|300450|300432|300403|603806|603939|300444|300395|601689|002372|600750|002271|601222|002677|300015|600987|002367|600236|600438|002662|002440|600885|002317|603766|600499|300039|000848,000848|002271|002317|002367|002372|002440|002662|002677|002749|300015|300039|300390|300394|300395|300403|300416|300432|300444|300450|600236|600438|600499|600750|600885|600987|601222|601689|603766|603806|603939,,002706|603601|300382|002701|002293|600816|000828|000600|601515|300415|002158
2016-03-01,30,30,002749|300394|300393|300390|300412|603806|603025|300444|300357|603939|300009|002195|002372|601222|600750|002677|300015|002271|300026|002367|601000|600885|002662|600499|300039|603766|600987|002317|002440|000848,000848|002195|002271|002317|002367|002372|002440|002662|002677|002749|300009|300015|300026|300039|300357|300390|300393|300394|300412|300444|600499|600750|600885|600987|601000|601222|603025|603766|603806|603939,,300432|300403|600236|600438|300416|300450|300395|601689
2016-04-01,30,30,002749|300394|300382|300390|300412|603601|300393|300403|603806|600452|603969|300395|300415|603939|002158|002372|002677|300015|600750|002271|601222|600236|002662|002367|300039|600885|600987|601000|002317|600499,002158|002271|002317|002367|002372|002662|002677|002749|300015|300039|300382|300390|300393|300394|300395|300403|300412|300415|600236|600452|600499|600750|600885|600987|601000|601222|603601|603806|603939|603969,,300444|603766|002440|000848|603025|300357|300009|002195|300026
2016-05-03,26,26,002749|300394|603601|603806|603010|600483|002372|002677|002271|300015|600236|600987|600658|603766|600885|000848|002419|600816|601515|000685|002152|000600|000625|600583|600674|601633,000600|000625|000685|000848|002152|002271|002372|002419|002677|002749|300015|300394|600236|600483|600583|600658|600674|600816|600885|600987|601515|601633|603010|603601|603766|603806,,300390|300412|300393|603939|600750|601222|002662|002367|300039|601000|002317|600499|300382|300403|600452|603969|300395|300415|002158
2016-06-01,25,25,002749|300394|603806|603010|300015|600750|600273|600987|600236|603766|002317|002293|600885|000902|000848|600816|000685|000600|600176|600398|002701|000625|600583|600674|601633,000600|000625|000685|000848|000902|002293|002317|002701|002749|300015|300394|600176|600236|600273|600398|600583|600674|600750|600816|600885|600987|601633|603010|603766|603806,,603601|002372|002677|002271|600483|600658|002419|601515|002152
2016-07-01,30,30,002749|002706|300394|603806|603669|603568|002324|600483|002677|600273|002372|002027|600987|600236|603766|002293|000966|601515|600816|000848|600894|000685|000600|600176|600398|002701|002563|000625|600583|600674,000600|000625|000685|000848|000966|002027|002293|002324|002372|002563|002677|002701|002706|002749|300394|600176|600236|600273|600398|600483|600583|600674|600816|600894|600987|601515|603568|603669|603766|603806,,603010|300015|600885|601633|600750|002317|000902
2016-08-01,30,30,002749|603027|002706|603866|300394|603806|603669|603568|300432|002714|600483|002677|300015|600273|002027|002372|600987|000899|600658|600236|002382|603766|002293|002419|601515|000966|000828|000848|000685|600816,000685|000828|000848|000899|000966|002027|002293|002372|002382|002419|002677|002706|002714|002749|300015|300394|300432|600236|600273|600483|600658|600816|600987|601515|603027|603568|603669|603766|603806|603866,,000600|600176|600398|002701|000625|600583|600674|002324|600894|002563
2016-09-01,29,29,002749|603866|300394|300403|603806|603568|300432|300450|002714|300015|002027|600987|002372|600236|600658|603766|002419|000966|000848|000828|600816|600894|000600|600398|600176|600406|000625|600674|601633,000600|000625|000828|000848|000966|002027|002372|002419|002714|002749|300015|300394|300403|300432|300450|600176|600236|600398|600406|600658|600674|600816|600894|600987|601633|603568|603766|603806|603866,,002706|603669|600483|002677|600273|002293|601515|000685|603027|000899|002382
2016-10-10,24,23,603737|300394|603806|603601|300432|300450|002714|002677|300015|600273|600987|002372|600236|603766|000848|601515|600816|600894|600398|600176|600406|000625|600674|601633,000625|000848|002372|002677|002714|300015|300394|300432|300450|600176|600236|600273|600398|600406|600674|600816|600894|600987|601515|601633|603737|603766|603806,603601,002749|603866|603568|002027|600658|002419|000966|000828|300403|000600
2016-11-01,30,30,603737|300394|603889|603806|300376|300432|603601|002714|002124|002507|002677|300015|002027|600273|600987|002372|002091|600236|603766|002419|000902|601515|000848|600894|000828|300146|600816|600398|600176|002563,000828|000848|000902|002027|002091|002124|002372|002419|002507|002563|002677|002714|300015|300146|300376|300394|300432|600176|600236|600273|600398|600816|600894|600987|601515|603601|603737|603766|603806|603889,,300450|600406|000625|600674|601633
2016-12-01,30,30,603737|002706|300394|603889|603806|300376|603601|300432|002003|002714|002124|002507|300015|002027|600987|002372|002091|600236|000899|603766|002419|000902|000966|601515|000848|600894|300146|000828|600816|600398,000828|000848|000899|000902|000966|002003|002027|002091|002124|002372|002419|002507|002706|002714|300015|300146|300376|300394|300432|600236|600398|600816|600894|600987|601515|603601|603737|603766|603806|603889,,002677|600273|600176|002563
2017-01-03,26,26,603806|603889|603669|300432|603568|002714|002124|300015|600987|002091|000899|603766|000902|002419|000848|300146|600176|000828|600398|600816|002152|002701|002437|002027|000625|600674,000625|000828|000848|000899|000902|002027|002091|002124|002152|002419|002437|002701|002714|300015|300146|300432|600176|600398|600674|600816|600987|603568|603669|603766|603806|603889,,603737|300394|300376|603601|002507|002372|600236|601515|600894|002706|002003|000966
2017-02-03,28,28,300403|603806|300432|603601|300376|002714|002124|300009|300015|600273|002091|000902|603766|002419|000848|300146|600894|600398|002152|000828|600816|600176|002701|600236|002437|002027|000625|600674,000625|000828|000848|000902|002027|002091|002124|002152|002419|002437|002701|002714|300009|300015|300146|300376|300403|300432|600176|600236|600273|600398|600674|600816|600894|603601|603766|603806,,603889|600987|000899|603669|603568
2017-03-01,30,30,300403|603806|603889|603669|300432|603601|300450|002124|002507|002677|300015|002714|600987|002091|002372|000902|603766|002419|000848|300146|600894|002152|000828|600816|002563|600236|002701|600176|002027|002437,000828|000848|000902|002027|002091|002124|002152|002372|002419|002437|002507|002563|002677|002701|002714|300015|300146|300403|300432|300450|600176|600236|600816|600894|600987|603601|603669|603766|603806|603889,,600398|000625|600674|300376|300009|600273
2017-04-05,30,30,002749|603737|300403|603806|603889|603669|603568|002124|300009|002507|300015|002677|002714|600273|002091|600987|002372|000899|603766|002419|000848|300146|600894|000902|002152|002563|002701|600176|600236|002437,000848|000899|000902|002091|002124|002152|002372|002419|002437|002507|002563|002677|002701|002714|002749|300009|300015|300146|300403|600176|600236|600273|600894|600987|603568|603669|603737|603766|603806|603889,,300432|603601|000828|600816|002027|300450
2017-05-02,22,22,002749|300568|603806|603568|002709|002124|002507|300015|002714|600273|600987|603766|002001|000848|002372|600894|600183|002027|600816|000625|600398|600674,000625|000848|002001|002027|002124|002372|002507|002709|002714|002749|300015|300568|600183|600273|600398|600674|600816|600894|600987|603568|603766|603806,,300403|603889|603669|002677|002091|002419|300146|000902|002152|002563|002701|600176|600236|002437|603737|300009|000899
2017-06-01,27,27,603811|002749|300575|300507|300595|300590|300568|603298|603568|002677|002714|600273|600346|300015|002157|002001|600894|002372|600183|002050|603766|601801|600816|002027|000625|600398|600674,000625|002001|002027|002050|002157|002372|002677|002714|002749|300015|300507|300568|300575|300590|300595|600183|600273|600346|600398|600674|600816|600894|601801|603298|603568|603766|603811,,603806|002124|002507|600987|000848|002709
2017-07-03,30,30,300581|300507|300623|002837|300595|300569|603638|002746|300590|300568|603298|300432|002709|002714|600273|600507|600346|600285|300015|002091|002157|000848|000541|002001|600894|002372|600183|603766|002050|000625,000541|000625|000848|002001|002050|002091|002157|002372|002709|002714|002746|002837|300015|300432|300507|300568|300569|300581|300590|300595|300623|600183|600273|600285|600346|600507|600894|603298|603638|603766,,002749|603568|600816|002027|600398|600674|603811|300575|002677|601801
2017-08-01,30,30,300581|300575|300595|300623|300569|300507|603037|603638|002746|300522|002867|603298|300432|300009|600273|002714|600987|000055|300015|600346|002091|600507|000848|000541|600641|002001|002372|000036|600183|603766,000036|000055|000541|000848|002001|002091|002372|002714|002746|002867|300009|300015|300432|300507|300522|300569|300575|300581|300595|300623|600183|600273|600346|600507|600641|600987|603037|603298|603638|603766,,300590|300568|002157|600894|002050|000625|002837|002709|600285
2017-09-01,30,30,300581|300575|300623|300507|603638|002746|300522|603027|002867|603298|300432|002709|002124|000429|002171|600273|600987|000055|300015|002714|002091|000848|000541|000036|600507|002372|002001|601636|600183|603766,000036|000055|000429|000541|000848|002001|002091|002124|002171|002372|002709|002714|002746|002867|300015|300432|300507|300522|300575|300581|300623|600183|600273|600507|600987|601636|603027|603298|603638|603766,,300595|300569|600346|603037|300009|600641
2017-10-09,30,30,300581|300507|300394|300568|002867|603298|603027|300432|002124|000429|600750|600987|002714|000055|300015|002091|000036|000541|600507|000848|002171|002372|600273|002001|601636|600183|603766|002050|002128|601098,000036|000055|000429|000541|000848|002001|002050|002091|002124|002128|002171|002372|002714|002867|300015|300394|300432|300507|300568|300581|600183|600273|600507|600750|600987|601098|601636|603027|603298|603766,,300575|300623|603638|002746|300522|002709
2017-11-01,30,30,300587|300586|300581|300575|300622|603638|300394|300568|300522|603027|603298|002867|300432|603568|002124|600987|000055|600346|002091|002171|300015|002714|000036|600507|000541|002233|000848|002372|600641|601636,000036|000055|000541|000848|002091|002124|002171|002233|002372|002714|002867|300015|300394|300432|300522|300568|300575|300581|300586|300587|300622|600346|600507|600641|600987|601636|603027|603298|603568|603638,,300507|000429|600273|002001|600183|603766|600750|002050|002128|601098
2017-12-01,30,30,300587|300575|002749|002837|300568|603638|300394|603027|603889|603298|002867|002709|600750|002091|300015|000036|002714|000848|002233|000541|002372|600641|600507|601636|603766|600183|002128|300017|002050|600406,000036|000541|000848|002050|002091|002128|002233|002372|002709|002714|002749|002837|002867|300015|300017|300394|300568|300575|300587|600183|600406|600507|600641|600750|601636|603027|603298|603638|603766|603889,,300581|300432|002124|600987|000055|002171|300586|300622|300522|603568|600346
2018-01-02,24,24,002837|300623|300590|603889|300568|002709|600750|002091|000036|002233|000848|300015|600507|000541|002372|601636|603766|002128|300017|600406|600398|600674|600688|002027,000036|000541|000848|002027|002091|002128|002233|002372|002709|002837|300015|300017|300568|300590|300623|600398|600406|600507|600674|600688|600750|601636|603766|603889,,300587|300575|603638|300394|603027|603298|002867|002714|600641|002749|600183|002050
2018-02-01,30,30,300623|002837|300561|300451|300497|300590|002709|002124|603168|002003|600750|002117|002091|000055|002233|002171|000848|000541|600161|300015|000036|600507|600641|002372|603766|002563|600183|002128|601636|600406,000036|000055|000541|000848|002003|002091|002117|002124|002128|002171|002233|002372|002563|002709|002837|300015|300451|300497|300561|300590|300623|600161|600183|600406|600507|600641|600750|601636|603168|603766,,603889|300568|300017|600398|600674|600688|002027
2018-03-01,30,30,300586|300623|002867|300568|300590|300230|002709|603889|002124|600750|000055|002233|002091|002171|000036|000848|000541|600161|600641|300015|002372|600507|603766|601636|002563|002128|600183|600406|600377|600674,000036|000055|000541|000848|002091|002124|002128|002171|002233|002372|002563|002709|002867|300015|300230|300568|300586|300590|300623|600161|600183|600377|600406|600507|600641|600674|600750|601636|603766|603889,,002837|300561|300451|300497|603168|002003|002117
2018-04-02,30,29,300581|300575|002837|300507|300623|603738|300394|300595|002818|300590|300568|002734|603889|300230|002335|600750|002117|000055|000036|002091|002714|002233|000848|002171|002108|600273|600641|600507|300015|002372,000036|000055|000848|002091|002108|002117|002171|002233|002335|002372|002714|002734|002818|002837|300015|300230|300394|300568|300575|300581|300590|300595|300623|600273|600507|600641|600750|603738|603889,300507,002709|002124|000541|600161|603766|601636|002563|002128|600183|600406|300586|002867|600377|600674
2018-05-02,30,30,002860|002911|603638|603027|300595|002818|603568|002709|002867|002117|000055|000789|002108|002233|002714|000848|600161|600273|600507|000921|002110|000006|601636|603766|600183|002128|600176|600674|600688|002027,000006|000055|000789|000848|000921|002027|002108|002110|002117|002128|002233|002709|002714|002818|002860|002867|002911|300595|600161|600176|600183|600273|600507|600674|600688|601636|603027|603568|603638|603766,,300623|300590|300568|603889|300230|600750|000036|002091|002171|600641|300015|002372|300581|300575|002837|603738|300394|002734|002335
2018-06-01,30,30,603809|300722|603127|603912|002911|002793|603027|300627|002818|002709|300231|002117|002562|002327|000789|000672|002233|600167|600507|002108|002601|600477|002110|600161|002293|000006|000921|000848|601636|603766,000006|000672|000789|000848|000921|002108|002110|002117|002233|002293|002327|002562|002601|002709|002793|002818|002911|300231|300627|300722|600161|600167|600477|600507|601636|603027|603127|603766|603809|603912,,300595|000055|002714|600273|002860|603638|603568|002867|600183|002128|600176|600674|600688|002027
2018-07-02,30,30,002892|603871|603617|603127|002923|603500|603181|603890|603912|300640|002911|300627|603357|002818|300481|002867|002562|002327|000055|000789|002043|002714|600477|603568|002233|600507|002517|002293|002601|000006,000006|000055|000789|002043|002233|002293|002327|002517|002562|002601|002714|002818|002867|002892|002911|002923|300481|300627|300640|600477|600507|603127|603181|603357|603500|603568|603617|603871|603890|603912,,603027|002709|002117|002108|002110|600161|000921|000848|601636|603766|603809|300722|002793|300231|000672|600167
2018-08-01,30,30,002892|603871|002923|603127|603500|603912|300640|002911|603027|603357|300627|002709|300497|002867|300320|600750|002562|002327|002043|000789|002517|600638|603568|002293|600477|002110|002108|002601|000921|000848,000789|000848|000921|002043|002108|002110|002293|002327|002517|002562|002601|002709|002867|002892|002911|002923|300320|300497|300627|300640|600477|600638|600750|603027|603127|603357|603500|603568|603871|603912,,002818|002233|600507|000006|603617|603181|603890|300481|000055|002714
2018-09-03,30,30,002892|300701|300722|603183|002923|300703|603127|603027|300687|300677|603466|300623|300735|002709|603357|002677|600750|300121|002648|002517|000408|000789|002068|002293|600477|002110|000848|603568|600507|002016,000408|000789|000848|002016|002068|002110|002293|002517|002648|002677|002709|002892|002923|300121|300623|300677|300687|300701|300703|300722|300735|600477|600507|600750|603027|603127|603183|603357|603466|603568,,603871|603500|603912|300640|002911|300627|002867|002562|002327|002043|002601|300497|300320|600638|002108|000921
2018-10-08,30,30,002892|002923|603183|002911|603086|300623|603027|002709|603357|002677|000789|002517|002110|603568|600507|002016|002035|000921|002601|002233|601636|600885|002440|600346|600801|002128|600273|002372|002050|600409,000789|000921|002016|002035|002050|002110|002128|002233|002372|002440|002517|002601|002677|002709|002892|002911|002923|300623|600273|600346|600409|600507|600801|600885|601636|603027|603086|603183|603357|603568,,603127|600750|002293|600477|000848|300701|300722|300703|300687|300677|603466|300735|300121|002648|000408|002068
2018-11-01,30,30,002892|300638|603040|300700|002860|002911|300661|603183|300623|300718|300687|603027|300677|603659|603365|300735|002709|300590|300394|603387|603357|002867|603686|600681|601952|300230|002677|002648|002517|300298,002517|002648|002677|002709|002860|002867|002892|002911|300230|300298|300394|300590|300623|300638|300661|300677|300687|300700|300718|300735|600681|601952|603027|603040|603183|603357|603365|603387|603659|603686,,002923|000789|002110|603568|600507|002016|603086|002035|000921|002601|002233|601636|600885|002440|600346|600801|002128|600273|002372|002050|600409
2018-12-03,30,30,603871|002892|603499|300722|300638|300701|603617|002923|603040|300700|603938|603183|603086|300623|603027|603466|300677|300703|603801|300735|300394|002709|603365|603387|603357|603686|002677|300230|601952|002117,002117|002677|002709|002892|002923|300230|300394|300623|300638|300677|300700|300701|300703|300722|300735|601952|603027|603040|603086|603183|603357|603365|603387|603466|603499|603617|603686|603801|603871|603938,,002911|002517|002860|300661|300718|300687|603659|300590|002867|600681|002648|300298
2019-01-02,30,30,002892|300638|002871|300700|002860|603183|300718|300623|603466|002905|603912|300735|002709|300394|603365|603357|002677|300230|601952|002518|000789|002110|600596|002517|002016|002035|600507|002626|600346|601636,000789|002016|002035|002110|002517|002518|002626|002677|002709|002860|002871|002892|002905|300230|300394|300623|300638|300700|300718|300735|600346|600507|600596|601636|601952|603183|603357|603365|603466|603912,,603040|603027|300677|603387|603686|603871|603499|300722|300701|603617|002923|603938|603086|300703|603801|002117
2019-02-01,30,30,002932|300638|002871|300700|002860|300623|300687|603466|603027|300740|002905|300394|002709|002677|600738|601019|000055|002648|002517|000789|002518|002110|600596|600507|002035|002440|600346|002019|601636|002233,000055|000789|002019|002035|002110|002233|002440|002517|002518|002648|002677|002709|002860|002871|002905|002932|300394|300623|300638|300687|300700|300740|600346|600507|600596|600738|601019|601636|603027|603466,,002892|603183|300735|603365|603357|300230|601952|300718|603912|002016|002626
2019-03-01,30,30,002892|603499|300722|002871|300700|603183|002860|603165|300623|603181|603027|603801|603179|300627|603466|603912|603387|300394|002709|603357|002867|300120|600681|000708|300230|603686|601952|002677|601019|000429,000429|000708|002677|002709|002860|002867|002871|002892|300120|300230|300394|300623|300627|300700|300722|600681|601019|601952|603027|603165|603179|603181|603183|603357|603387|603466|603499|603686|603801|603912,,300638|002905|002517|000789|002518|002110|600596|600507|002035|600346|601636|002932|300687|300740|600738|000055|002648|002440|002019|002233
2019-04-01,30,30,603871|603499|300700|603730|002923|603183|002860|603165|002884|603360|603890|300703|603179|300623|300627|603466|603181|603055|603638|603912|300394|603298|002709|603357|002911|002088|300120|600681|603980|002706,002088|002706|002709|002860|002884|002911|002923|300120|300394|300623|300627|300700|300703|600681|603055|603165|603179|603181|603183|603298|603357|603360|603466|603499|603638|603730|603871|603890|603912|603980,,002871|603027|002677|601019|002892|300722|603801|603387|002867|000708|300230|603686|601952|000429
2019-05-06,30,30,603871|002932|300701|300575|300638|603811|603360|300525|002884|603181|300547|603912|002818|603638|603357|002867|603519|002088|603980|601019|002327|300121|000429|002677|600368|600738|600987|300107|600750|002043,000429|002043|002088|002327|002677|002818|002867|002884|002932|300107|300121|300525|300547|300575|300638|300701|600368|600738|600750|600987|601019|603181|603357|603360|603519|603638|603811|603871|603912|603980,,603499|300700|603183|002860|603165|603179|300623|300627|603466|300394|002709|300120|600681|603730|002923|603890|300703|603055|603298|002911|002706
2019-06-03,30,30,300638|603283|603360|300575|300640|002884|300394|300547|603980|002088|603519|603027|300107|002677|600738|000919|000055|002746|603806|002117|000036|000789|000672|600507|000848|002110|002035|601515|002233|002440,000036|000055|000672|000789|000848|000919|002035|002088|002110|002117|002233|002440|002677|002746|002884|300107|300394|300547|300575|300638|300640|600507|600738|601515|603027|603283|603360|603519|603806|603980,,603871|603181|603912|603638|603357|002932|300701|603811|300525|002818|002867|601019|002327|300121|000429|600368|600987|600750|002043
2019-07-01,30,30,300722|300638|300575|603505|603912|300394|300547|603701|300107|002677|002458|600740|600368|002746|603027|002117|600596|000848|000789|000672|000036|600507|002110|601515|603568|002233|600282|000830|600273|600782,000036|000672|000789|000830|000848|002110|002117|002233|002458|002677|002746|300107|300394|300547|300575|300638|300722|600273|600282|600368|600507|600596|600740|600782|601515|603027|603505|603568|603701|603912,,603360|002884|603980|002088|603519|600738|603283|300640|000919|000055|603806|002035|002440
2019-08-01,29,29,300701|300575|603505|300394|603701|600740|603027|600368|002746|600596|002117|000789|000848|600507|000672|002035|603568|002233|002440|600282|600273|600782|000830|600426|002110|600398|600377|002027|601225,000672|000789|000830|000848|002027|002035|002110|002117|002233|002440|002746|300394|300575|300701|600273|600282|600368|600377|600398|600426|600507|600596|600740|600782|601225|603027|603505|603568|603701,,300638|300547|300107|002677|000036|601515|300722|603912|002458
2019-09-02,30,28,300575|603811|603360|603505|300703|300525|300394|603980|600740|000708|600368|600668|000055|002746|603027|002117|600261|603806|000789|600507|600720|000672|002035|002233|000877|002440|603568|600282|600782|002099,000055|000672|000708|000789|000877|002035|002099|002117|002233|002440|002746|300394|300575|300703|600261|600282|600368|600507|600720|600740|600782|603027|603360|603505|603568|603806|603811|603980,300525|600668,603701|600596|000848|600273|000830|002110|300701|600426|600398|600377|002027|601225
2019-10-08,30,30,300722|300758|603165|300575|603811|603360|603505|603967|603912|603060|603181|300394|600452|603701|300107|603980|600740|600368|002677|002746|000708|002458|603027|000885|600261|603806|002117|000848|600507|000789,000708|000789|000848|000885|002117|002458|002677|002746|300107|300394|300575|300722|300758|600261|600368|600452|600507|600740|603027|603060|603165|603181|603360|603505|603701|603806|603811|603912|603967|603980,,000672|002035|002233|002440|603568|600282|600782|300703|000055|600720|000877|002099
2019-11-01,30,29,300758|002892|300697|300701|300638|300575|603811|603505|603360|603060|603181|300394|002757|600452|002867|002734|603027|002746|600750|603806|600261|002016|000789|600989|600681|600720|002035|000672|000877|002233,000672|000789|000877|002016|002233|002734|002746|002757|002867|002892|300394|300575|300638|300697|300701|300758|600261|600452|600681|600720|600750|600989|603027|603060|603181|603360|603505|603806|603811,002035,603980|600740|600368|000708|002117|600507|300722|603165|603967|603912|603701|300107|002677|002458|000885|000848
2019-12-02,30,30,002892|603360|300575|603801|603181|300394|002867|603600|002677|002746|603027|600750|603806|600261|002117|000848|600989|600507|000789|600720|002035|000672|000877|002440|002233|600338|603568|600273|600282|600803,000672|000789|000848|000877|002035|002117|002233|002440|002677|002746|002867|002892|300394|300575|600261|600273|600282|600338|600507|600720|600750|600803|600989|603027|603181|603360|603568|603600|603801|603806,,300758|603811|603505|603060|600452|300697|300701|300638|002757|002734|002016|600681
2020-01-02,30,30,002892|603730|300575|603360|603505|603801|603181|300394|300547|002867|603060|603600|002746|603027|600750|600261|002016|600989|600507|000789|002440|600282|600803|002233|002099|002128|600273|601003|600782|600548,000789|002016|002099|002128|002233|002440|002746|002867|002892|300394|300547|300575|600261|600273|600282|600507|600548|600750|600782|600803|600989|601003|603027|603060|603181|603360|603505|603600|603730|603801,,603806|600720|000672|000877|002677|002117|000848|002035|600338|603568
2020-02-03,30,30,002892|300758|603730|603811|300575|603360|603697|603505|603187|603181|603801|600452|300394|002757|300107|002734|002867|600368|002746|002677|603027|603600|600995|600668|002458|600750|000885|600261|002117|603806,000885|002117|002458|002677|002734|002746|002757|002867|002892|300107|300394|300575|300758|600261|600368|600452|600668|600750|600995|603027|603181|603187|603360|603505|603600|603697|603730|603801|603806|603811,,600989|600507|000789|002440|600282|600803|002233|600273|300547|603060|002016|002099|002128|601003|600782|600548
2020-03-02,30,29,002892|603730|603811|002923|300575|603697|603967|603505|002884|603801|603181|603360|600452|603357|300394|300107|002734|603060|002867|600368|603600|002746|002677|603027|600750|000885|600261|600229|000848|603806,000848|000885|002677|002734|002746|002867|002884|002892|002923|300107|300394|300575|600229|600261|600368|600452|600750|603027|603060|603181|603360|603505|603600|603697|603730|603801|603806|603811|603967,603357,300758|603187|002757|600995|600668|002458|002117
2020-04-01,30,30,002892|603730|300697|603967|603505|300575|603187|603801|603360|300637|300394|603357|603519|300107|002832|002867|600368|002677|002746|603808|600995|600750|600261|000885|603027|002016|603806|002117|000848|600989,000848|000885|002016|002117|002677|002746|002832|002867|002892|300107|300394|300575|300637|300697|600261|600368|600750|600989|600995|603027|603187|603357|603360|603505|603519|603730|603801|603806|603808|603967,,603811|603697|603181|600452|002734|603600|002923|002884|603060|600229
2020-05-06,24,24,300795|603730|603505|603811|600452|603360|300179|002746|002182|603669|603806|002706|600989|000848|002867|002440|002035|600507|600273|002233|002110|002372|600352|601225,000848|002035|002110|002182|002233|002372|002440|002706|002746|002867|300179|300795|600273|600352|600452|600507|600989|601225|603360|603505|603669|603730|603806|603811,,002892|603967|300575|603801|300394|300107|600368|002677|600750|600261|000885|603027|300697|603187|300637|603357|603519|002832|603808|600995|002016|002117
2020-06-01,22,21,603730|603327|603181|603505|002860|600452|603360|002746|002677|002182|603669|600989|002706|000848|002440|002867|002035|000717|600273|002233|002372|601225,000717|000848|002035|002182|002233|002372|002440|002677|002706|002746|002860|002867|600273|600452|600989|601225|603327|603360|603505|603669|603730,603181,603806|300795|603811|300179|600507|002110|600352
2020-07-01,21,21,603277|603327|603811|603360|600452|002677|002746|300821|600989|603669|603298|000848|002035|002440|000717|600273|002233|002110|002372|600426|601225,000717|000848|002035|002110|002233|002372|002440|002677|002746|300821|600273|600426|600452|600989|601225|603277|603298|603327|603360|603669|603811,,603730|603505|002182|002706|002867|002860
2020-08-03,19,18,603871|603811|603505|002884|603360|300179|002749|600452|002746|600052|600989|002035|603298|000848|002440|000717|002110|600273|601225,000717|000848|002035|002110|002440|002746|002749|002884|300179|600052|600273|600452|600989|601225|603298|603360|603505|603811,603871,603327|002677|603669|002233|002372|603277|300821|600426
2020-09-01,17,17,603871|002909|603811|603505|603360|002003|002381|002746|002014|002443|600846|002035|000848|002489|000717|600273|601225,000717|000848|002003|002014|002035|002381|002443|002489|002746|002909|600273|600846|601225|603360|603505|603811|603871,,600452|600989|603298|002440|002110|002884|300179|002749|600052
2020-10-09,16,16,603871|002960|603360|002003|002746|603326|002443|600846|002458|002035|000848|600989|002489|000717|600273|601225,000717|000848|002003|002035|002443|002458|002489|002746|002960|600273|600846|600989|601225|603326|603360|603871,,603811|603505|002909|002381|002014
2020-11-02,22,22,603871|002960|300587|603360|002088|002003|002394|002443|603730|002458|002035|002318|002489|002567|600477|000717|002233|000690|000932|600989|601636|601225,000690|000717|000932|002003|002035|002088|002233|002318|002394|002443|002458|002489|002567|002960|300587|600477|600989|601225|601636|603360|603730|603871,,002746|600846|000848|600273|603326
2020-12-01,23,23,300587|603360|002909|603505|002088|002394|002003|603277|002443|603730|000966|002458|002035|000848|002318|002489|002567|600477|000717|000690|000932|601636|601225,000690|000717|000848|000932|000966|002003|002035|002088|002318|002394|002443|002458|002489|002567|002909|300587|600477|601225|601636|603277|603360|603505|603730,,603871|002960|600989|002233
2021-01-04,17,17,002960|300587|603505|300403|002746|603277|000966|002458|002035|000848|002567|002318|000717|002233|000690|000932|601225,000690|000717|000848|000932|000966|002035|002233|002318|002458|002567|002746|002960|300403|300587|601225|603277|603505,,603360|002088|002394|002003|002443|603730|002489|600477|601636|002909
2021-02-01,26,25,002960|603811|300452|300587|300394|603505|300403|002088|603326|603730|000966|002458|002035|002641|000848|600477|002567|000789|600273|000717|002233|000690|000932|600167|601636|601225,000690|000717|000789|000848|000932|000966|002035|002233|002458|002567|002641|002960|300394|300403|300452|300587|600167|600273|600477|601225|601636|603326|603505|603730|603811,002088,603277|002318|002746
2021-03-01,19,18,300587|300394|603505|300403|002088|603326|002443|002458|002035|000848|002567|600477|600273|000717|000690|002233|600167|000932|601225,000690|000717|000848|000932|002035|002233|002443|002458|002567|300394|300403|300587|600167|600273|600477|601225|603326|603505,002088,002960|000966|603811|300452|603730|002641|000789|601636
2021-04-01,17,17,603811|300394|300587|603505|300403|002381|002088|002443|603277|002035|002567|600477|000717|002233|000690|000932|601225,000690|000717|000932|002035|002088|002233|002381|002443|002567|300394|300403|300587|600477|601225|603277|603505|603811,,603326|002458|000848|600273|600167
2021-05-06,16,16,300658|002960|002763|300394|603811|300587|002469|300453|002381|002443|002020|002567|002233|600167|601216|601225,002020|002233|002381|002443|002469|002567|002763|002960|300394|300453|300587|300658|600167|601216|601225|603811,,603505|300403|002035|600477|000717|000690|000932|002088|603277
2021-06-01,19,19,300893|605169|605368|605377|002987|002960|002763|603811|300394|002381|002582|002020|002567|000848|600273|002233|002124|600167|601225,000848|002020|002124|002233|002381|002567|002582|002763|002960|002987|300394|300893|600167|600273|601225|603811|605169|605368|605377,,300587|002443|300658|002469|300453|601216
2021-07-01,25,25,300938|300893|605368|605169|002987|603565|002763|002960|603505|300697|002582|300394|002020|601388|600720|000789|002293|002100|600273|002233|002124|000848|600507|601216|601225,000789|000848|002020|002100|002124|002233|002293|002582|002763|002960|002987|300394|300697|300893|300938|600273|600507|600720|601216|601225|601388|603505|603565|605169|605368,,603811|002381|002567|600167|605377
2021-08-02,23,23,002987|605377|002763|002960|002582|002469|601568|000589|002003|600720|002293|000789|002100|002233|002124|002318|000848|600273|600507|600167|002157|601216|601225,000589|000789|000848|002003|002100|002124|002157|002233|002293|002318|002469|002582|002763|002960|002987|600167|600273|600507|600720|601216|601225|601568|605377,,300893|605368|605169|300394|002020|300938|603565|603505|300697|601388
2021-09-01,28,28,300938|605277|300932|605368|002987|300452|300453|601568|600368|002469|002105|000589|300394|002003|603002|002293|600720|002233|000690|000650|000717|600507|600167|600740|002408|000932|601216|601225,000589|000650|000690|000717|000932|002003|002105|002233|002293|002408|002469|002987|300394|300452|300453|300932|300938|600167|600368|600507|600720|600740|601216|601225|601568|603002|605277|605368,,002763|002960|002582|000789|002100|002124|000848|600273|605377|002318|002157
2021-10-08,30,29,300932|605277|605500|605368|002763|603811|002960|603565|605066|300403|601568|002469|600368|002443|002105|300394|000589|002003|603002|002154|002020|002043|002641|600720|601515|000650|601019|002233|000848|600273,000589|000650|000848|002003|002020|002043|002105|002154|002233|002443|002469|002641|002960|300394|300403|300932|600273|600368|600720|601019|601515|601568|603002|603565|603811|605066|605277|605368|605500,002763,002987|002293|600507|600167|601216|601225|300938|300452|300453|000690|000717|600740|002408|000932
2021-11-01,30,30,300932|605277|300893|605368|002987|002763|603565|002469|002818|300394|000026|600571|002003|002154|603002|002043|600285|600452|000011|002270|601515|000789|002293|002532|002233|000848|000717|600273|600282|601568,000011|000026|000717|000789|000848|002003|002043|002154|002233|002270|002293|002469|002532|002763|002818|002987|300394|300893|300932|600273|600282|600285|600452|600571|601515|601568|603002|603565|605277|605368,,600368|002105|000589|600720|000650|605500|603811|002960|605066|300403|002443|002020|002641|601019
2021-12-01,30,30,002987|603360|603811|603565|300403|002469|002003|603002|002154|002043|002020|600295|000789|002532|601515|002233|000848|000717|000650|600282|002127|600273|600507|600740|002128|600808|000932|002408|601216|002027,000650|000717|000789|000848|000932|002003|002020|002027|002043|002127|002128|002154|002233|002408|002469|002532|002987|300403|600273|600282|600295|600507|600740|600808|601216|601515|603002|603360|603565|603811,,300932|605277|605368|300394|601568|300893|002763|002818|000026|600571|600285|600452|000011|002270|002293
2022-01-04,30,28,002987|603811|603565|300403|002469|002443|603058|000589|603002|002154|002003|600295|002020|601515|002532|002233|000717|600282|601568|600273|002127|600507|600740|600167|600808|000932|002408|601216|601225|002027,000589|000717|000932|002003|002020|002027|002127|002154|002233|002408|002469|002532|002987|300403|600167|600273|600282|600295|600507|600740|600808|601216|601225|601515|601568|603002|603565|603811,002443|603058,002043|000789|000848|603360|000650|002128
2022-02-07,30,28,605277|300932|300622|605377|603811|603565|300453|300403|002469|603058|000589|603357|002107|000026|002443|002154|600727|600452|002270|000011|002020|002003|600295|601515|000848|002532|000650|002233|000717|002127,000011|000026|000589|000650|000717|000848|002003|002020|002107|002127|002154|002233|002270|002469|002532|300403|300453|300622|300932|600295|600452|600727|601515|603058|603565|603811|605277|605377,603357|002443,002987|603002|600282|600273|600507|600740|600808|000932|002408|601216|002027|601568|600167|601225
2022-03-01,30,30,002987|605377|603811|603565|002469|603357|000026|002107|002443|002154|600727|002020|002270|002003|600452|600295|600012|601515|000848|000650|002233|002127|000717|600273|600282|000039|600740|600507|600808|002408,000026|000039|000650|000717|000848|002003|002020|002107|002127|002154|002233|002270|002408|002443|002469|002987|600012|600273|600282|600295|600452|600507|600727|600740|600808|601515|603357|603565|603811|605377,,300403|000589|002532|605277|300932|300622|300453|603058|000011
2022-04-01,30,29,605377|603360|603811|603565|603357|002154|300394|603058|002443|002107|600727|002270|002003|600452|600295|002020|601515|600810|000848|002532|000650|000717|002127|002233|600273|600282|603128|000039|600740|600507,000039|000650|000717|000848|002003|002020|002107|002127|002154|002233|002270|002443|002532|300394|600273|600282|600295|600452|600507|600727|600740|600810|601515|603128|603357|603360|603565|603811|605377,603058,002469|000026|002987|600012|600808|002408
2022-05-05,30,29,300996|605377|603360|603871|605366|603811|603565|603505|002107|600571|300502|002270|600327|600452|002043|600285|002003|601339|600810|600295|000789|000848|603128|600273|600507|002414|002408|600873|600177|601636,000789|000848|002003|002043|002107|002270|002408|002414|300502|300996|600177|600273|600285|600295|600327|600452|600507|600571|600810|600873|601339|601636|603128|603360|603505|603565|603811|603871|605377,605366,603357|002154|002443|600727|002020|601515|000650|000717|002127|002233|600282|000039|600740|300394|002532
2022-06-01,30,30,300996|301263|603360|603811|600817|002749|600571|603565|300502|600327|002270|000949|002043|600285|601339|600810|300158|601388|002003|002274|603128|600273|600507|002408|600177|002414|600873|601636|601216|002027,000949|002003|002027|002043|002270|002274|002408|002414|002749|300158|300502|300996|301263|600177|600273|600285|600327|600507|600571|600810|600817|600873|601216|601339|601388|601636|603128|603360|603565|603811,,605377|002107|600452|600295|000848|603871|603505|000789
2022-07-01,30,29,688697|605277|605377|600817|603871|002818|002469|600113|603565|600571|002022|600327|000949|002270|002109|601339|600810|002043|002003|300158|000789|002274|600295|600572|603128|601678|600273|600507|002064|600867,000789|000949|002003|002022|002043|002064|002109|002270|002274|002469|002818|300158|600113|600273|600295|600327|600507|600571|600572|600810|600817|600867|601339|601678|603128|603565|605277|605377|688697,603871,300996|603360|603811|300502|600285|002408|600177|002414|600873|601636|301263|002749|601388|601216|002027
2022-08-01,30,29,688697|605377|605368|600817|603871|002469|600571|603565|002016|603327|002043|600285|002109|002270|600810|300158|601339|000789|002274|002003|601101|600572|600123|601678|600273|600586|600507|002064|600867|000932,000789|000932|002003|002016|002043|002064|002109|002270|002274|002469|300158|600123|600273|600285|600507|600571|600572|600810|600817|600867|601101|601339|601678|603327|603565|603871|605368|605377|688697,600586,600327|000949|603128|605277|002818|600113|002022|600295
2022-09-01,30,30,301091|688697|605277|002871|002892|605377|605368|603811|002825|603086|603871|600668|603002|603565|002014|600746|600327|001203|002469|603327|002043|300158|002109|601339|002538|600971|600618|002274|600295|601101,001203|002014|002043|002109|002274|002469|002538|002825|002871|002892|300158|301091|600295|600327|600618|600668|600746|600971|601101|601339|603002|603086|603327|603565|603811|603871|605277|605368|605377|688697,,600817|600571|002270|600810|000789|002003|600572|601678|600273|600507|002064|600867|002016|600285|600123|000932
2022-10-10,30,30,002871|002892|605368|002825|605377|600113|603088|603086|002818|600668|603871|002469|300394|603565|603327|002043|300158|002109|600285|002538|002274|000789|601339|600618|600971|600295|000552|002003|600572|601101,000552|000789|002003|002043|002109|002274|002469|002538|002818|002825|002871|002892|300158|300394|600113|600285|600295|600572|600618|600668|600971|601101|601339|603086|603088|603327|603565|603871|605368|605377,,688697|301091|605277|603811|603002|002014|600746|600327|001203
2022-11-01,30,30,301091|688697|002871|002825|605368|002615|605377|003006|603998|603565|603871|603327|002043|600328|300158|002274|000567|601339|002003|600971|600929|601101|000672|002867|600572|600888|600273|600403|600123|600295,000567|000672|002003|002043|002274|002615|002825|002867|002871|003006|300158|301091|600123|600273|600295|600328|600403|600572|600888|600929|600971|601101|601339|603327|603565|603871|603998|605368|605377|688697,,002892|603086|600668|002469|002109|002538|600618|600113|603088|002818|300394|600285|000789|000552
2022-12-01,30,30,605368|002825|002615|603811|600113|603086|603088|603871|300394|603998|603327|603565|002014|002043|688425|000567|002274|002003|300158|600971|601101|000672|600888|600273|600123|600572|600403|600295|000937|600395,000567|000672|000937|002003|002014|002043|002274|002615|002825|300158|300394|600113|600123|600273|600295|600395|600403|600572|600888|600971|601101|603086|603088|603327|603565|603811|603871|603998|605368|688425,,002871|605377|601339|301091|688697|003006|600328|600929|002867
2023-01-03,30,30,301091|002825|603811|002327|603086|603998|300394|603565|600113|603871|603327|688425|002043|600971|601101|300158|600929|000672|600273|600888|600123|600572|000937|600295|603128|600395|600740|600867|601001|600348,000672|000937|002043|002327|002825|300158|300394|301091|600113|600123|600273|600295|600348|600395|600572|600740|600867|600888|600929|600971|601001|601101|603086|603128|603327|603565|603811|603871|603998|688425,,605368|002615|000567|002274|002003|600403|603088|002014
2023-02-01,30,30,301091|002825|002327|603086|600113|603998|603565|603871|603327|605599|300158|000567|600971|601101|002003|600929|600273|600123|600572|603128|000937|600295|600395|600740|600867|600348|601666|600873|601216|002064,000567|000937|002003|002064|002327|002825|300158|301091|600113|600123|600273|600295|600348|600395|600572|600740|600867|600873|600929|600971|601101|601216|601666|603086|603128|603327|603565|603871|603998|605599,,603811|300394|688425|002043|000672|600888|601001
2023-03-01,30,30,605580|002825|603811|603086|002327|600113|603565|603871|603998|603327|002274|000567|601339|002003|300158|600971|600929|601101|600273|600123|603128|600572|600295|000937|600740|600395|600348|601666|600873|601216,000567|000937|002003|002274|002327|002825|300158|600113|600123|600273|600295|600348|600395|600572|600740|600873|600929|600971|601101|601216|601339|601666|603086|603128|603327|603565|603811|603871|603998|605580,,301091|600867|605599|002064
2023-04-03,30,30,002825|605377|603811|600113|603565|603871|605599|002274|300158|002003|000567|601101|600971|600929|601339|000672|600123|600273|603128|600403|600295|000937|600740|600572|600395|601001|600348|601666|600873|601216,000567|000672|000937|002003|002274|002825|300158|600113|600123|600273|600295|600348|600395|600403|600572|600740|600873|600929|600971|601001|601101|601216|601339|601666|603128|603565|603811|603871|605377|605599,,603086|002327|603998|603327|605580
2023-05-04,25,25,603811|603088|603565|002677|603871|600790|002043|300158|002539|002003|000567|600971|600123|600888|603128|600295|600740|000937|601001|600348|600873|601216|000983|600256|601919,000567|000937|000983|002003|002043|002539|002677|300158|600123|600256|600295|600348|600740|600790|600873|600888|600971|601001|601216|601919|603088|603128|603565|603811|603871,,002825|600113|002274|601101|600929|601339|600273|600572|600395|601666|605377|605599|000672|600403
2023-06-01,23,23,605368|603871|603565|002043|002539|600790|600328|000848|600123|600888|603128|300009|600740|601001|000937|600348|600499|000683|600873|601216|000983|600256|601919,000683|000848|000937|000983|002043|002539|300009|600123|600256|600328|600348|600499|600740|600790|600873|600888|601001|601216|601919|603128|603565|603871|605368,,603811|300158|002003|000567|600971|600295|603088|002677
2023-07-03,27,27,301277|002615|603227|603871|603327|603565|002539|002043|600971|600328|000848|600888|603128|300009|600123|000567|601001|000937|002030|600295|600867|600873|600348|601216|000983|600256|601919,000567|000848|000937|000983|002030|002043|002539|002615|300009|301277|600123|600256|600295|600328|600348|600867|600873|600888|600971|601001|601216|601919|603128|603227|603327|603565|603871,,600790|600740|605368|600499|000683
2023-08-01,30,30,301277|605368|603088|603002|603998|603067|603871|603565|300181|600508|002539|000552|600971|000848|600888|300009|000567|600123|600328|600740|601001|000937|600295|600867|600873|600348|601216|000983|600256|601919,000552|000567|000848|000937|000983|002539|300009|300181|301277|600123|600256|600295|600328|600348|600508|600740|600867|600873|600888|600971|601001|601216|601919|603002|603067|603088|603565|603871|603998|605368,,002043|603128|002615|603227|603327|002030
2023-09-01,25,25,603162|605368|603998|603088|002478|603399|300181|603871|002043|000552|000848|600971|600888|000567|300009|000937|002030|600499|600348|600873|601216|000983|600256|002027|601919,000552|000567|000848|000937|000983|002027|002030|002043|002478|300009|300181|600256|600348|600499|600873|600888|600971|601216|601919|603088|603162|603399|603871|603998|605368,,301277|603565|002539|600123|600328|601001|600295|600867|603002|603067|600508|600740
2023-10-09,19,19,603551|002478|603998|603399|002043|002003|000552|600971|600888|300009|002030|000937|600873|600348|601216|000983|600256|002027|601919,000552|000937|000983|002003|002027|002030|002043|002478|300009|600256|600348|600873|600888|600971|601216|601919|603399|603551|603998,,605368|603088|300181|603871|000848|000567|603162|600499
2023-11-01,22,22,603162|300575|603088|002478|603871|002043|300181|603327|301039|600888|600971|000567|300009|000937|600873|600348|601216|601958|000983|600256|601872|002027,000567|000937|000983|002027|002043|002478|300009|300181|300575|301039|600256|600348|600873|600888|600971|601216|601872|601958|603088|603162|603327|603871,,603998|603399|000552|002030|601919|603551|002003
2023-12-01,22,22,603162|603360|605368|603088|002478|002043|300181|603327|301039|600888|600971|300009|000937|600499|600873|601216|600348|601958|600256|000983|601872|002027,000937|000983|002027|002043|002478|300009|300181|301039|600256|600348|600499|600873|600888|600971|601216|601872|601958|603088|603162|603327|603360|605368,,300575|603871|000567
2024-01-02,23,23,603162|605368|002478|603088|603871|002043|002960|300181|603327|301039|600888|600971|300009|000937|600499|600873|601216|601958|600348|600256|000983|601872|002027,000937|000983|002027|002043|002478|002960|300009|300181|301039|600256|600348|600499|600873|600888|600971|601216|601872|601958|603088|603162|603327|603871|605368,,603360
2024-02-01,29,29,603162|300622|002728|605368|603600|002478|002960|300181|600251|301039|002706|002043|603871|002003|000567|600888|300009|002497|600971|000937|600499|601216|600873|601958|600348|600256|000983|601872|002027,000567|000937|000983|002003|002027|002043|002478|002497|002706|002728|002960|300009|300181|300622|301039|600251|600256|600348|600499|600873|600888|600971|601216|601872|601958|603162|603600|603871|605368,,603088|603327
2024-03-01,30,29,301277|301379|300622|603811|603360|603326|300575|603600|603088|603067|002478|002014|603327|600251|002960|301039|002043|002706|000848|002003|000567|600888|300009|000937|601216|600873|601958|600348|600256|601872,000567|000848|000937|002003|002014|002043|002478|002706|002960|300009|300575|300622|301039|301277|301379|600251|600256|600348|600873|600888|601216|601872|601958|603067|603088|603326|603360|603600|603811,603327,603162|605368|300181|603871|600971|600499|000983|002027|002728|002497
2024-04-01,24,24,301277|301379|605580|002871|603360|603088|002478|002043|301039|002960|002706|000848|002003|600888|300009|000937|600499|601216|600873|600348|600256|000983|601872|002027,000848|000937|000983|002003|002027|002043|002478|002706|002871|002960|300009|301039|301277|301379|600256|600348|600499|600873|600888|601216|601872|603088|603360|605580,,300622|603600|600251|000567|601958|603811|603326|300575|603067|002014
2024-05-06,24,24,002615|603360|603088|603551|002478|002327|002677|002014|002154|301039|002043|000848|000567|603730|600888|300009|000429|600867|600499|600737|601019|600873|600398|002027,000429|000567|000848|002014|002027|002043|002154|002327|002478|002615|002677|300009|301039|600398|600499|600737|600867|600873|600888|601019|603088|603360|603551|603730,,301277|301379|002960|002706|002003|000937|601216|600348|600256|601872|605580|002871|000983
2024-06-03,18,18,002615|603088|002478|603360|002327|002677|301039|002154|002043|000848|000567|603730|300009|000429|600867|600737|600398|002027,000429|000567|000848|002027|002043|002154|002327|002478|002615|002677|300009|301039|600398|600737|600867|603088|603360|603730,,600888|600499|600873|603551|002014|601019
2024-07-01,18,18,300192|603360|688556|002327|301039|002154|002043|000848|603027|300009|000567|603730|000429|600867|600737|600873|600398|002027,000429|000567|000848|002027|002043|002154|002327|300009|300192|301039|600398|600737|600867|600873|603027|603360|603730|688556,,002615|603088|002478|002677
2024-08-01,18,18,300622|300192|603360|688556|603801|002154|603227|002043|000848|603027|300009|600499|600867|600737|600873|600398|601958|002027,000848|002027|002043|002154|300009|300192|300622|600398|600499|600737|600867|600873|601958|603027|603227|603360|603801|688556,,002327|301039|000567|603730|000429
2024-09-02,16,16,300192|300532|002327|002154|688556|002043|603227|000848|603027|300009|002867|600737|600873|600398|601958|002027,000848|002027|002043|002154|002327|002867|300009|300192|300532|600398|600737|600873|601958|603027|603227|688556,,603360|600867|300622|603801|600499
2024-10-08,13,12,300532|601065|002327|300441|002154|600251|002274|603227|000848|600737|600873|600398|002027,000848|002027|002154|002274|002327|300532|600251|600398|600737|600873|601065|603227,300441,300192|688556|002043|603027|300009|601958|002867
2024-11-01,13,13,300453|603088|002749|603676|605599|603227|000848|603027|300009|002867|603730|600873|002027,000848|002027|002749|002867|300009|300453|600873|603027|603088|603227|603676|603730|605599,,300532|002327|002154|600737|600398|601065|600251|002274
2024-12-02,10,10,300453|603088|300441|603227|603027|000848|300009|603730|600873|002027,000848|002027|300009|300441|300453|600873|603027|603088|603227|603730,,002749|603676|605599|002867
2025-01-02,10,10,603088|300441|603227|603027|000848|300009|603730|600873|601958|002027,000848|002027|300009|300441|600873|601958|603027|603088|603227|603730,,300453
2025-02-05,10,10,603088|300441|002043|603027|605599|603227|000848|300009|600873|002027,000848|002027|002043|300009|300441|600873|603027|603088|603227|605599,,603730|601958
2025-03-03,9,9,603088|002043|603227|603027|000848|300009|600873|601958|002027,000848|002027|002043|300009|600873|601958|603027|603088|603227,,300441|605599
2025-04-01,9,9,300453|002043|603027|000848|603227|300009|603730|600873|002027,000848|002027|002043|300009|300453|600873|603027|603227|603730,,603088|601958
2025-05-06,11,11,603811|603088|603676|002043|000848|603871|300009|603730|601958|601600|002027,000848|002027|002043|300009|601600|601958|603088|603676|603730|603811|603871,,603027|603227|600873|300453
2025-06-03,9,9,603811|300453|603088|300441|002043|603871|603730|601600|002027,002027|002043|300441|300453|601600|603088|603730|603811|603871,,000848|300009|603676|601958
2025-07-01,9,9,603811|300453|603088|300441|002043|000848|603730|002372|603993,000848|002043|002372|300441|300453|603088|603730|603811|603993,,603871|601600|002027
2025-08-01,9,9,603811|300453|603088|300441|002043|002170|000848|603730|603993,000848|002043|002170|300441|300453|603088|603730|603811|603993,,002372
2025-09-01,6,6,300453|603088|300441|000848|601600|002027,000848|002027|300441|300453|601600|603088,,603811|002043|603730|603993|002170
2025-10-09,8,8,002836|603811|300453|300441|000848|002372|601600|002027,000848|002027|002372|002836|300441|300453|601600|603811,,603088
2025-11-03,5,5,603811|300453|000848|600210|002027,000848|002027|300453|600210|603811,,300441|601600|002836|002372
2025-12-01,6,6,603811|300453|000848|600210|600873|002027,000848|002027|300453|600210|600873|603811,,
2026-01-05,4,4,000848|600210|600873|002027,000848|002027|600210|600873,,603811|300453
2026-02-02,6,6,603811|300453|000848|002003|600210|002027,000848|002003|002027|300453|600210|603811,,600873
2026-03-02,6,6,603811|300453|000848|002003|600210|002027,000848|002003|002027|300453|600210|603811,,
2026-04-01,6,6,603811|300453|000848|002003|600210|002027,000848|002003|002027|300453|600210|603811,,
2026-05-06,5,5,002107|002546|000848|600867|002027,000848|002027|002107|002546|600867,,603811|300453|002003|600210
2026-06-01,6,6,300453|002107|000848|300009|600867|002027,000848|002027|002107|300009|300453|600867,,002546
2026-07-01,10,10,002582|002107|300453|603998|000848|300009|002372|600867|002027|601600,000848|002027|002107|002372|002582|300009|300453|600867|601600|603998,,
2026-08-03,9,9,002107|300453|603998|000848|300009|002372|600867|002027|601600,000848|002027|002107|002372|300009|300453|600867|601600|603998,,002582
