date,nav,num_held
2006-01-04,1.0,0
2006-01-05,1.0,0
2006-01-06,1.0,0
2006-01-09,1.0,0
2006-01-10,1.0,0
2006-01-11,1.0,0
2006-01-12,1.0,0
2006-01-13,1.0,0
2006-01-16,1.0,0
2006-01-17,1.0,0
2006-01-18,1.0,0
2006-01-19,1.0,0
2006-01-20,1.0,0
2006-01-23,1.0,0
2006-01-24,1.0,0
2006-01-25,1.0,0
2006-02-06,0.9993125418485803,0
2006-02-07,1.002719746289375,20
2006-02-08,1.0128424047458642,20
2006-02-09,0.9947561509191962,20
2006-02-10,1.0060004147260337,20
2006-02-13,1.0088081710679762,20
2006-02-14,1.0188836231956413,20
2006-02-15,1.0170278298679527,20
2006-02-16,0.988761133786481,20
2006-02-17,0.9865005137711672,20
2006-02-20,0.9799459102481141,20
2006-02-21,0.9893241674680264,20
2006-02-22,0.9922995117058389,20
2006-02-23,1.002074620201292,20
2006-02-24,1.0071980525317898,20
2006-02-27,1.0033760421750089,20
2006-02-28,1.00046339926311,20
2006-03-01,1.0124861716228886,20
2006-03-02,0.990132794907292,20
2006-03-03,0.9905927974589385,20
2006-03-06,0.9909544267078165,20
2006-03-07,0.9642602162385174,20
2006-03-08,0.9564956545813743,20
2006-03-09,0.9585700788121173,20
2006-03-10,0.9583194565980259,20
2006-03-13,0.9696563758676423,20
2006-03-14,0.9685400977406086,20
2006-03-15,0.980408312300956,20
2006-03-16,0.9863097682566059,20
2006-03-17,0.9845931522802771,20
2006-03-20,0.9973688668133137,20
2006-03-21,0.9962203456068519,20
2006-03-22,1.0022817037840357,20
2006-03-23,1.0120576225198137,20
2006-03-24,1.0018257520748164,20
2006-03-27,1.0112669049647633,20
2006-03-28,1.020976547543309,20
2006-03-29,1.0223066027504872,20
2006-03-30,1.0148461456474926,20
2006-03-31,1.0055288210115616,20
2006-04-03,1.0075410748287184,20
2006-04-04,1.0173468429925212,20
2006-04-05,1.0264521577172565,20
2006-04-06,1.021269308375659,20
2006-04-07,1.0427938765065512,20
2006-04-10,1.0721198206603433,20
2006-04-11,1.0799952191475741,20
2006-04-12,1.0846515854367558,20
2006-04-13,1.0589505590172015,20
2006-04-14,1.0782073827949419,20
2006-04-17,1.0946309658245297,20
2006-04-18,1.0919096439876623,20
2006-04-19,1.0871377641814461,20
2006-04-20,1.0831489143088602,20
2006-04-21,1.0901105408392116,20
2006-04-24,1.0464495593063246,20
2006-04-25,1.0312413089000925,20
2006-04-26,1.0475903684099879,20
2006-04-27,1.0506418053777358,20
2006-04-28,1.0670897994152644,20
2006-05-08,1.0771135469664452,20
2006-05-09,1.0865232406482055,20
2006-05-10,1.093081659108145,20
2006-05-11,1.0931789797677904,20
2006-05-12,1.1053749664347086,20
2006-05-15,1.1205994360749538,20
2006-05-16,1.109246627601765,20
2006-05-17,1.1184244412910924,20
2006-05-18,1.1262950047941838,20
2006-05-19,1.1363241299953588,20
2006-05-22,1.1506813020854927,20
2006-05-23,1.1357608548657354,20
2006-05-24,1.1290528123278183,20
2006-05-25,1.138345486821523,20
2006-05-26,1.151110365720974,20
2006-05-29,1.163153547834213,20
2006-05-30,1.1713253634189777,20
2006-05-31,1.1673346216472462,20
2006-06-01,1.1848425529404465,20
2006-06-02,1.1862594746545454,20
2006-06-05,1.1993760247177614,20
2006-06-06,1.197262250992553,20
2006-06-07,1.1686275401668595,20
2006-06-08,1.1652840448617483,20
2006-06-09,1.1543215268509952,20
2006-06-12,1.152371816829456,20
2006-06-13,1.153892975821746,20
2006-06-14,1.1522635108652257,20
2006-06-15,1.1551937130488756,20
2006-06-16,1.164387939335413,20
2006-06-19,1.1685908832694296,20
2006-06-20,1.172748903168875,20
2006-06-21,1.1700233360451318,20
2006-06-22,1.170076396781292,20
2006-06-23,1.1755241757683081,20
2006-06-26,1.1849813950720638,20
2006-06-27,1.1883898403364597,20
2006-06-28,1.190568113261203,20
2006-06-29,1.1967499727799609,20
2006-06-30,1.1948929736410223,20
2006-07-03,1.2002421114729578,20
2006-07-04,1.199197517922925,20
2006-07-05,1.2013874103674573,20
2006-07-06,1.2079956359063826,20
2006-07-07,1.2065100507848239,20
2006-07-10,1.2161649999027029,20
2006-07-11,1.2180237111058512,20
2006-07-12,1.2152848925141941,20
2006-07-13,1.1858084136652212,20
2006-07-14,1.1871770933653747,20
2006-07-17,1.1943954441873383,20
2006-07-18,1.2010901936959106,20
2006-07-19,1.1935078955486884,20
2006-07-20,1.199949570935089,20
2006-07-21,1.200915071781676,20
2006-07-24,1.2042911740797502,20
2006-07-25,1.2073590434184207,20
2006-07-26,1.2095922137358026,20
2006-07-27,1.2043759254109951,20
2006-07-28,1.201952482664885,20
2006-07-31,1.179976328861955,20
2006-08-01,1.1735046519568357,20
2006-08-02,1.1671803368944016,20
2006-08-03,1.1681138990855973,20
2006-08-04,1.1516317180100675,20
2006-08-07,1.1379195954986467,20
2006-08-08,1.152747285445314,20
2006-08-09,1.148072182648982,20
2006-08-10,1.1578251829489676,20
2006-08-11,1.161006603057961,20
2006-08-14,1.1449833803179525,20
2006-08-15,1.1536715508502005,20
2006-08-16,1.1623498871533353,20
2006-08-17,1.1604598350204232,20
2006-08-18,1.158611280395379,20
2006-08-21,1.1631485833843138,20
2006-08-22,1.1691432233028367,20
2006-08-23,1.1729339167211967,20
2006-08-24,1.1808602374728443,20
2006-08-25,1.180896425678873,20
2006-08-28,1.1904259568653917,20
2006-08-29,1.1925751700692369,20
2006-08-30,1.1954394199687934,20
2006-08-31,1.1965618642636873,20
2006-09-01,1.1899163331500762,20
2006-09-04,1.2079899495940627,20
2006-09-05,1.2177611777588155,20
2006-09-06,1.2280368206848173,20
2006-09-07,1.2193101506901691,20
2006-09-08,1.2263653459197024,20
2006-09-11,1.2327194901534027,20
2006-09-12,1.2402722456468827,20
2006-09-13,1.2372659193968505,20
2006-09-14,1.2462643383182872,20
2006-09-15,1.2586916239745292,20
2006-09-18,1.2728000091553184,20
2006-09-19,1.2762753242741036,20
2006-09-20,1.2795912258003508,20
2006-09-21,1.297226045369167,20
2006-09-22,1.2854006207948565,20
2006-09-25,1.2886876821171078,20
2006-09-26,1.2871422540372672,20
2006-09-27,1.2909748200221127,20
2006-09-28,1.2976513215605887,20
2006-09-29,1.3104636147575637,20
2006-10-09,1.3286364940745867,20
2006-10-10,1.3372017180558504,20
2006-10-11,1.34793353445498,20
2006-10-12,1.3432082357093156,20
2006-10-13,1.3416361996377304,20
2006-10-16,1.343133059062541,20
2006-10-17,1.3420718609040305,20
2006-10-18,1.3525844329462964,20
2006-10-19,1.3589449677831276,20
2006-10-20,1.356167859841254,20
2006-10-23,1.3239008317370753,20
2006-10-24,1.3472232710757628,20
2006-10-25,1.3513750951632832,20
2006-10-26,1.3485007317797102,20
2006-10-27,1.3298355289897439,20
2006-10-30,1.3332631752977433,20
2006-10-31,1.3452528463359001,20
2006-11-01,1.3513307999505413,20
2006-11-02,1.3446521287882482,20
2006-11-03,1.3553573512766843,20
2006-11-06,1.3470012868568755,20
2006-11-07,1.3266424168794357,20
2006-11-08,1.3246150890255117,20
2006-11-09,1.335394910076696,20
2006-11-10,1.310051552289553,20
2006-11-13,1.2681681742992987,20
2006-11-14,1.2841694228735991,20
2006-11-15,1.297623270764704,20
2006-11-16,1.2779425147357488,20
2006-11-17,1.2846413590074235,20
2006-11-20,1.2718408352268322,20
2006-11-21,1.2764423987571307,20
2006-11-22,1.2893115725742363,20
2006-11-23,1.2987452913960218,20
2006-11-24,1.3084423147344018,20
2006-11-27,1.3238978568517838,20
2006-11-28,1.3280945789088545,20
2006-11-29,1.3319380022632137,20
2006-11-30,1.338966353398009,20
2006-12-01,1.328710421833898,20
2006-12-04,1.3423785616767179,20
2006-12-05,1.3535725620363934,20
2006-12-06,1.3366539708690168,20
2006-12-07,1.3344957683287355,20
2006-12-08,1.3089555846935812,20
2006-12-11,1.3397923910123635,20
2006-12-12,1.3354930283724762,20
2006-12-13,1.333991434792284,20
2006-12-14,1.3454042606867764,20
2006-12-15,1.347070345504748,20
2006-12-18,1.3580315939301706,20
2006-12-19,1.3634294372230495,20
2006-12-20,1.3858788029320315,20
2006-12-21,1.3809851851148356,20
2006-12-22,1.3877326460151294,20
2006-12-25,1.396822587289289,20
2006-12-26,1.3770155631017742,20
2006-12-27,1.3731683019947512,20
2006-12-28,1.3377963283081398,20
2006-12-29,1.3418036692217905,20
2007-01-04,1.3374786386815327,20
2007-01-05,1.3693527041294633,20
2007-01-08,1.4109108747042036,20
2007-01-09,1.4245680440552349,20
2007-01-10,1.4553382366210676,20
2007-01-11,1.4700226399235665,20
2007-01-12,1.4319907539224814,20
2007-01-15,1.4937028698013721,20
2007-01-16,1.5123554111973618,20
2007-01-17,1.5009275520504208,20
2007-01-18,1.5433206373579909,20
2007-01-19,1.5808017682681836,20
2007-01-22,1.629651232586924,20
2007-01-23,1.6279142383563514,20
2007-01-24,1.6358494239583874,20
2007-01-25,1.5848209461544924,20
2007-01-26,1.5844241449157197,20
2007-01-29,1.6419389094175267,20
2007-01-30,1.6484957063151733,20
2007-01-31,1.604638914472478,20
2007-02-01,1.627349136945237,20
2007-02-02,1.626312846961466,20
2007-02-05,1.64760470015273,20
2007-02-06,1.66545435171314,20
2007-02-07,1.692765116010879,20
2007-02-08,1.7208002864251373,20
2007-02-09,1.730948173990301,20
2007-02-12,1.7744406698701063,20
2007-02-13,1.8045641539441584,20
2007-02-14,1.8256758426919808,20
2007-02-15,1.8722260383978069,20
2007-02-16,1.9060534772899846,20
2007-02-26,1.9606271267648832,20
2007-02-27,1.8330141277955794,20
2007-02-28,1.8842174754424177,20
2007-03-01,1.8506424513394344,20
2007-03-02,1.8797731000947822,20
2007-03-05,1.8994095583765898,20
2007-03-06,1.9134450028930245,20
2007-03-07,1.935837122726543,20
2007-03-08,1.9672580185719564,20
2007-03-09,1.9711947096667077,20
2007-03-12,1.99538404582475,20
2007-03-13,2.0179999775424786,20
2007-03-14,2.0200314408937405,20
2007-03-15,2.054420867491925,20
2007-03-16,2.049347567078851,20
2007-03-19,2.064363886681852,20
2007-03-20,2.098594095178836,20
2007-03-21,2.1236303197148665,20
2007-03-22,2.129510218017975,20
2007-03-23,2.1428575153231337,20
2007-03-26,2.17730762682461,20
2007-03-27,2.1756965043402734,20
2007-03-28,2.1748807878926653,20
2007-03-29,2.1235801476084246,20
2007-03-30,2.13168635164544,20
2007-04-02,2.158125496452965,20
2007-04-03,2.1842844640091186,20
2007-04-04,2.211048840487458,20
2007-04-05,2.2263010562526198,20
2007-04-06,2.245608572755309,20
2007-04-09,2.275107933700959,20
2007-04-10,2.289445354522017,20
2007-04-11,2.295660378498905,20
2007-04-12,2.3361526915788033,20
2007-04-13,2.338015774719839,20
2007-04-16,2.3849183860518632,20
2007-04-17,2.4105190374792103,20
2007-04-18,2.431090170017642,20
2007-04-19,2.371563456857908,20
2007-04-20,2.441414944799118,20
2007-04-23,2.485596206124018,20
2007-04-24,2.4916878309544166,20
2007-04-25,2.5109926592462615,20
2007-04-26,2.532636240964944,20
2007-04-27,2.5036634899062427,20
2007-04-30,2.501452886763637,20
2007-05-08,2.5507363345145526,20
2007-05-09,2.524267215125184,19
2007-05-10,2.5361368309972976,19
2007-05-11,2.5456612707431163,19
2007-05-14,2.5737494944688155,19
2007-05-15,2.5421600412068073,19
2007-05-16,2.5791858834692003,19
2007-05-17,2.6285463354158276,19
2007-05-18,2.6339560927300782,19
2007-05-21,2.6719499446536097,19
2007-05-22,2.710669829475951,19
2007-05-23,2.7596636433463146,19
2007-05-24,2.749553234964804,19
2007-05-25,2.7881232392270263,19
2007-05-28,2.843064971342898,19
2007-05-29,2.8832719159812616,19
2007-05-30,2.74084502538086,19
2007-05-31,2.694185654691889,19
2007-06-01,2.570619988814138,19
2007-06-04,2.445325845883169,20
2007-06-05,2.4704960496788733,20
2007-06-06,2.484853997101318,20
2007-06-07,2.5560411159348244,20
2007-06-08,2.5805250676532454,20
2007-06-11,2.636580733509045,20
2007-06-12,2.685739295252462,20
2007-06-13,2.725364320474516,20
2007-06-14,2.7036561998649487,20
2007-06-15,2.7228678165945506,20
2007-06-18,2.7673690820535133,20
2007-06-19,2.7865824028866046,20
2007-06-20,2.7279395104185986,20
2007-06-21,2.7296405540898117,20
2007-06-22,2.6481728494315777,20
2007-06-25,2.544603468972161,20
2007-06-26,2.573238774410541,20
2007-06-27,2.603502624018028,20
2007-06-28,2.5099097930285215,20
2007-06-29,2.4432039646204533,20
2007-07-02,2.464977667073647,20
2007-07-03,2.498925722817355,20
2007-07-04,2.461499761641652,20
2007-07-05,2.398260717439392,20
2007-07-06,2.472872969467748,20
2007-07-09,2.5148179855534596,20
2007-07-10,2.4803193163164097,20
2007-07-11,2.4979927809934366,20
2007-07-12,2.5227789868795973,20
2007-07-13,2.533956563640203,20
2007-07-16,2.494295943758732,20
2007-07-17,2.534250066676842,20
2007-07-18,2.553130612183927,20
2007-07-19,2.577593822159745,20
2007-07-20,2.622997741840475,20
2007-07-23,2.6806676853127556,20
2007-07-24,2.6707154160402347,20
2007-07-25,2.7166285991462953,20
2007-07-26,2.737038229518319,20
2007-07-27,2.7832956591724787,20
2007-07-30,2.810246180288931,20
2007-07-31,2.83370007400406,20
2007-08-01,2.7605009486333474,20
2007-08-02,2.811724780972279,20
2007-08-03,2.85207871753918,20
2007-08-06,2.8668521047091287,20
2007-08-07,2.865807578205846,20
2007-08-08,2.847349247613082,20
2007-08-09,2.8650585574722314,20
2007-08-10,2.845978517571353,20
2007-08-13,2.8361449404657058,20
2007-08-14,2.865969990462926,20
2007-08-15,2.860724294480866,20
2007-08-16,2.881935074692564,20
2007-08-17,2.88028490197116,20
2007-08-20,2.9415785377611066,20
2007-08-21,2.9680001133564073,20
2007-08-22,3.004291810980322,20
2007-08-23,3.0129861268838423,20
2007-08-24,3.0297238142889693,20
2007-08-27,3.0204853602293227,20
2007-08-28,3.0176916019532656,20
2007-08-29,3.0219039512705557,20
2007-08-30,3.0722381699831045,20
2007-08-31,3.0874721012668807,20
2007-09-03,3.106975065745334,20
2007-09-04,3.0956177735878234,20
2007-09-05,3.093963538135209,20
2007-09-06,3.102329203110806,20
2007-09-07,3.0687721470976466,20
2007-09-10,3.0902576116427105,20
2007-09-11,2.9899735295297223,20
2007-09-12,2.9999585025470155,20
2007-09-13,3.0132220032304478,20
2007-09-14,3.044508912227313,20
2007-09-17,3.073613565688298,20
2007-09-18,3.078934436517652,20
2007-09-19,3.054222387413782,20
2007-09-20,3.07309512261803,20
2007-09-21,3.0430978782238958,20
2007-09-24,3.043073614057961,20
2007-09-25,3.026099092720264,20
2007-09-26,3.0173033184317113,20
2007-09-27,3.0304394315032854,20
2007-09-28,3.061967811616817,20
2007-10-08,3.072256970039296,20
2007-10-09,3.0882387941382143,20
2007-10-10,3.0857940756620517,20
2007-10-11,3.0556086548785877,20
2007-10-12,2.990116203011207,20
2007-10-15,2.9852689542058073,20
2007-10-16,3.025991812544992,20
2007-10-17,3.014353951170826,20
2007-10-18,2.9928659901070227,20
2007-10-19,2.9891431027100293,20
2007-10-22,2.9677193282333727,20
2007-10-23,2.976905470946465,20
2007-10-24,2.9431741510287717,20
2007-10-25,2.8296648655882293,20
2007-10-26,2.829390084219315,20
2007-10-29,2.8353366420809643,20
2007-10-30,2.8635180547858177,20
2007-10-31,2.9267051544890355,20
2007-11-01,2.8694554130983074,20
2007-11-02,2.835278587073572,20
2007-11-05,2.87303883759026,20
2007-11-06,2.90237125830799,20
2007-11-07,2.899194117107075,20
2007-11-08,2.8540815831186213,20
2007-11-09,2.8418719692450383,20
2007-11-12,2.843729506019022,20
2007-11-13,2.8526333738575023,20
2007-11-14,2.8981661217462915,20
2007-11-15,2.8668352978516425,20
2007-11-16,2.8749930588591965,20
2007-11-19,2.9298527869861015,20
2007-11-20,2.946081833034586,20
2007-11-21,2.913883485841172,20
2007-11-22,2.867194438771425,20
2007-11-23,2.906183262452209,20
2007-11-26,2.9035123366624935,20
2007-11-27,2.9192830656950117,20
2007-11-28,2.934019945041684,20
2007-11-29,2.9702871428110003,20
2007-11-30,2.967346899867201,20
2007-12-03,2.9964377761623506,20
2007-12-04,2.9996494380903167,20
2007-12-05,3.029296572793949,20
2007-12-06,3.0335071507057916,20
2007-12-07,3.0525655369394067,20
2007-12-10,3.0979798079923957,20
2007-12-11,3.116282178458174,20
2007-12-12,3.138892169888779,20
2007-12-13,3.109340023090735,20
2007-12-14,3.1400658467773797,20
2007-12-17,3.15694393150262,20
2007-12-18,3.144213442697919,20
2007-12-19,3.174282484411632,20
2007-12-20,3.1928530079127238,20
2007-12-21,3.2173841919104698,20
2007-12-24,3.2387483612675503,20
2007-12-25,3.253800567393514,20
2007-12-26,3.3076879769845062,20
2007-12-27,3.313417262342624,20
2007-12-28,3.320218064959184,20
2008-01-02,3.4009467833698386,20
2008-01-03,3.449978448751289,20
2008-01-04,3.4609529803019328,20
2008-01-07,3.5071284621658636,20
2008-01-08,3.438873247195319,20
2008-01-09,3.5111917442115654,20
2008-01-10,3.5174154549775833,20
2008-01-11,3.507666802068611,20
2008-01-14,3.5430754185061972,20
2008-01-15,3.590605842897635,20
2008-01-16,3.5745018890873537,20
2008-01-17,3.5414907700336222,20
2008-01-18,3.563633168733442,20
2008-01-21,3.4538754561421543,20
2008-01-22,3.2626075153317458,20
2008-01-23,3.339910909448416,20
2008-01-24,3.3744845325401918,20
2008-01-25,3.3801787190447183,20
2008-01-28,3.2156765342668248,20
2008-01-29,3.258312467861526,20
2008-01-30,3.275564694739185,20
2008-01-31,3.2462833193126026,20
2008-02-01,3.1727487622816746,20
2008-02-04,3.2956019708023168,20
2008-02-05,3.3048443644080048,20
2008-02-13,3.3021871289411187,20
2008-02-14,3.3352552959147044,20
2008-02-15,3.3292998700409577,20
2008-02-18,3.386521695799241,20
2008-02-19,3.4028848662547952,20
2008-02-20,3.380684752085436,20
2008-02-21,3.3867940849831117,20
2008-02-22,3.351131379295967,20
2008-02-25,3.303892563784945,20
2008-02-26,3.31561789214812,20
2008-02-27,3.3492299989036045,20
2008-02-28,3.3610331556434794,20
2008-02-29,3.3718735771271158,20
2008-03-03,3.414562333314205,20
2008-03-04,3.3955547567414763,20
2008-03-05,3.3968354807383037,20
2008-03-06,3.397858201873508,20
2008-03-07,3.3830054470033506,20
2008-03-10,3.3466293185325555,20
2008-03-11,3.360507614531197,20
2008-03-12,3.341922053669769,20
2008-03-13,3.299527643175464,20
2008-03-14,3.289356775220696,20
2008-03-17,3.1839600036349416,20
2008-03-18,3.0667157490110273,20
2008-03-19,3.1173961311735403,20
2008-03-20,3.1692158002762736,20
2008-03-21,3.1922904589575123,20
2008-03-24,3.180375057700593,20
2008-03-25,3.2092614461477376,20
2008-03-26,3.211669163121257,20
2008-03-27,3.1480369520533222,20
2008-03-28,3.1977039219645618,20
2008-03-31,3.1702893006391974,20
2008-04-01,3.099975909845904,20
2008-04-02,3.060632900665505,20
2008-04-03,3.074505422847603,20
2008-04-07,3.115207400724317,20
2008-04-08,3.1346720878887795,20
2008-04-09,3.0983914813611815,20
2008-04-10,3.1094900246015005,20
2008-04-11,3.124502500736296,20
2008-04-14,3.0725003769369383,20
2008-04-15,3.0891914221383323,20
2008-04-16,3.0814039722277484,20
2008-04-17,3.05846663266525,20
2008-04-18,3.0176200448200645,20
2008-04-21,3.014333536337079,20
2008-04-22,3.0013620971254973,20
2008-04-23,3.0324085448359224,20
2008-04-24,3.1011141053966527,20
2008-04-25,3.101413187538635,20
2008-04-28,3.0910423655234314,20
2008-04-29,3.099825529884078,20
2008-04-30,3.1242269107491976,20
2008-05-05,3.1505820917216303,20
2008-05-06,3.1495029451806014,18
2008-05-07,3.118131843867414,18
2008-05-08,3.1415421817562525,18
2008-05-09,3.146863700042399,18
2008-05-12,3.167102072434321,18
2008-05-13,3.174540711143137,18
2008-05-14,3.1802639813437192,18
2008-05-15,3.170130531332427,18
2008-05-16,3.1596204301236885,18
2008-05-19,3.163731491839406,18
2008-05-20,3.1196447396738867,18
2008-05-21,3.131012758149916,18
2008-05-22,3.118605387294802,18
2008-05-23,3.113701226176061,18
2008-05-26,3.0907207946776247,18
2008-05-27,3.0938046440805467,18
2008-05-28,3.1117716137016376,18
2008-05-29,3.096737484227307,18
2008-05-30,3.112015402928346,18
2008-06-02,3.1173585423629135,18
2008-06-03,3.112163340998104,20
2008-06-04,3.1050465378612553,20
2008-06-05,3.109496046912594,20
2008-06-06,3.1133674847658788,20
2008-06-10,3.050183893208046,20
2008-06-11,3.035895232200687,20
2008-06-12,3.029561007645522,20
2008-06-13,3.008220797210697,20
2008-06-16,3.0100030115300607,20
2008-06-17,2.9985596667740526,20
2008-06-18,3.025142775618645,20
2008-06-19,2.9705436148987916,20
2008-06-20,2.974131204888548,20
2008-06-23,2.960902982369124,20
2008-06-24,2.973010433289731,20
2008-06-25,3.0088994951348296,20
2008-06-26,3.0186151453333503,20
2008-06-27,2.9752449553622196,20
2008-06-30,2.976659220127162,20
2008-07-01,2.973014936076819,20
2008-07-02,2.985790707214751,20
2008-07-03,3.009881912851558,20
2008-07-04,3.006094173217603,20
2008-07-07,3.032588231786042,20
2008-07-08,3.0408531803033365,20
2008-07-09,3.060275796498921,20
2008-07-10,3.0516191400902706,20
2008-07-11,3.050009459370815,20
2008-07-14,3.063305282259636,20
2008-07-15,3.0456748699445035,20
2008-07-16,3.020291057799505,20
2008-07-17,3.0179163754926055,20
2008-07-18,3.0360597536977623,20
2008-07-21,3.0621225267441097,20
2008-07-22,3.062519171411132,20
2008-07-23,3.0549585580664975,20
2008-07-24,3.0674760584776193,20
2008-07-25,3.073469337989599,20
2008-07-28,3.083559854279139,20
2008-07-29,3.0707809962184354,20
2008-07-30,3.071518856878752,20
2008-07-31,3.0531952912707574,20
2008-08-01,3.051066076930677,20
2008-08-04,3.0421593728710894,20
2008-08-05,3.032071696938545,20
2008-08-06,3.0275900345044344,20
2008-08-07,3.02812545596911,20
2008-08-08,2.9843678487478082,20
2008-08-11,2.940756024005871,20
2008-08-12,2.9395426335596526,20
2008-08-13,2.9439186562497026,20
2008-08-14,2.947882432096268,20
2008-08-15,2.9505708761657012,20
2008-08-18,2.9176497263215624,20
2008-08-19,2.921949286138642,20
2008-08-20,2.9683704074970887,20
2008-08-21,2.947869467613958,20
2008-08-22,2.944557933079427,20
2008-08-25,2.9495528875088293,20
2008-08-26,2.9227056401344957,20
2008-08-27,2.9182858840497063,20
2008-08-28,2.911435911747963,20
2008-08-29,2.9234652539806825,20
2008-09-01,2.9016339439034673,20
2008-09-02,2.9027080014202005,20
2008-09-03,2.8934565309678297,20
2008-09-04,2.901337825211287,20
2008-09-05,2.8795332543599828,20
2008-09-08,2.8545986092865525,20
2008-09-09,2.860184960633032,20
2008-09-10,2.8624642608343485,20
2008-09-11,2.8521448658394086,20
2008-09-12,2.8537153334021412,20
2008-09-16,2.8435435514184353,20
2008-09-17,2.8306558277435916,20
2008-09-18,2.8105267560260434,20
2008-09-19,2.8642056173266903,20
2008-09-22,2.8785099115702577,20
2008-09-23,2.8376779486870167,20
2008-09-24,2.8432301379077205,20
2008-09-25,2.8566914264038576,20
2008-09-26,2.8597755234465665,20
2008-10-06,2.8409925059530954,20
2008-10-07,2.8353748724004206,19
2008-10-08,2.823705546109618,19
2008-10-09,2.823251767242863,19
2008-10-10,2.790782049051461,19
2008-10-13,2.7901668187872573,19
2008-10-14,2.7793186095425764,19
2008-10-15,2.7717612584033935,19
2008-10-16,2.7408085375384923,19
2008-10-17,2.7460819015386466,19
2008-10-20,2.7608633769600144,19
2008-10-21,2.76453329041366,19
2008-10-22,2.7540167133310876,19
2008-10-23,2.7619788117028037,19
2008-10-24,2.7581939358696412,19
2008-10-27,2.7241602448346183,19
2008-10-28,2.7371403256978506,19
2008-10-29,2.7343316826732633,19
2008-10-30,2.7372098596113736,19
2008-10-31,2.7271719678238044,19
2008-11-03,2.7249549133168314,19
2008-11-04,2.7187232549856883,20
2008-11-05,2.7345552475880215,20
2008-11-06,2.7253221260829017,20
2008-11-07,2.735651888510369,20
2008-11-10,2.770941468974594,20
2008-11-11,2.7634697532659405,20
2008-11-12,2.771361021073666,20
2008-11-13,2.7957966993842875,20
2008-11-14,2.8164404263045704,20
2008-11-17,2.8413702250765183,20
2008-11-18,2.800156433285855,20
2008-11-19,2.8377398278840062,20
2008-11-20,2.8436670731478326,20
2008-11-21,2.8328774382916646,20
2008-11-24,2.815341484860606,20
2008-11-25,2.814995997077091,20
2008-11-26,2.8174754493994847,20
2008-11-27,2.825110262341155,20
2008-11-28,2.821909418970326,20
2008-12-01,2.8472539433199406,20
2008-12-02,2.863211240205625,20
2008-12-03,2.88265407775876,20
2008-12-04,2.8774482034504065,20
2008-12-05,2.8959847407713846,20
2008-12-08,2.9182255595894833,20
2008-12-09,2.901825540378841,20
2008-12-10,2.9195548890661187,20
2008-12-11,2.906997033740873,20
2008-12-12,2.8868610656655775,20
2008-12-15,2.8940197829176557,20
2008-12-16,2.9049100022309853,20
2008-12-17,2.912549429230819,20
2008-12-18,2.9238322894491127,20
2008-12-19,2.9337197793821224,20
2008-12-22,2.9511409794177887,20
2008-12-23,2.9148476877696585,20
2008-12-24,2.9113414231208417,20
2008-12-25,2.9189652317254233,20
2008-12-26,2.9249314377443247,20
2008-12-29,2.9155374091102533,20
2008-12-30,2.9268373999601844,20
2008-12-31,2.922403390256733,20
2009-01-05,2.9397987202612392,20
2009-01-06,2.9506691921995376,20
2009-01-07,2.94979104084338,20
2009-01-08,2.9419458176589863,20
2009-01-09,2.968884736935439,20
2009-01-12,2.9746550374054666,20
2009-01-13,2.9582679446737465,20
2009-01-14,2.9784104001109912,20
2009-01-15,2.975516036612273,20
2009-01-16,2.971915057835823,20
2009-01-19,2.970101472123381,20
2009-01-20,2.9793611293045683,20
2009-01-21,2.9773077350499246,20
2009-01-22,2.982183906299908,20
2009-01-23,2.9823880052125196,20
2009-02-02,2.996218605724939,20
2009-02-03,3.0116492623152515,20
2009-02-04,3.0183436022440504,20
2009-02-05,3.0179587424812415,20
2009-02-06,3.0503896753116044,20
2009-02-09,3.069397349898228,20
2009-02-10,3.0838465248290983,20
2009-02-11,3.085480223019289,20
2009-02-12,3.095685501562479,20
2009-02-13,3.112429039837118,20
2009-02-16,3.1135695405555435,20
2009-02-17,3.096262110767903,20
2009-02-18,3.0736069062934206,20
2009-02-19,3.089381179548352,20
2009-02-20,3.107545562566056,20
2009-02-23,3.1251829669345113,20
2009-02-24,3.1039066389420054,20
2009-02-25,3.1170097809808284,20
2009-02-26,3.084074227688812,20
2009-02-27,3.049940036879216,20
2009-03-02,3.0634442942835305,20
2009-03-03,3.0868810769329587,20
2009-03-04,3.1578620249022493,20
2009-03-05,3.1839308629691763,20
2009-03-06,3.1656179603909838,20
2009-03-09,3.1184749966712677,20
2009-03-10,3.150809990645641,20
2009-03-11,3.152931925231283,20
2009-03-12,3.148452830986589,20
2009-03-13,3.160202155190407,20
2009-03-16,3.1804928986291534,20
2009-03-17,3.2169823228907894,20
2009-03-18,3.2246372943493324,20
2009-03-19,3.250671443440052,20
2009-03-20,3.240760928315113,20
2009-03-23,3.2550185448235958,20
2009-03-24,3.27798519300855,20
2009-03-25,3.250812662229541,20
2009-03-26,3.2766192633400775,20
2009-03-27,3.2734597202832685,20
2009-03-30,3.284529073094812,20
2009-03-31,3.3032055234685904,20
2009-04-01,3.326650595398829,20
2009-04-02,3.3478357312621947,20
2009-04-03,3.3540299747944555,20
2009-04-07,3.384456375013806,20
2009-04-08,3.3437068292208516,20
2009-04-09,3.3829721014117053,20
2009-04-10,3.433944659077548,20
2009-04-13,3.464654071230377,20
2009-04-14,3.538424709258018,20
2009-04-15,3.568649748277091,20
2009-04-16,3.5650189289964747,20
2009-04-17,3.530394292583527,20
2009-04-20,3.5696374377203592,20
2009-04-21,3.5458869043096763,20
2009-04-22,3.453018294313314,20
2009-04-23,3.48489149072926,20
2009-04-24,3.474675182161782,20
2009-04-27,3.4455957148177117,20
2009-04-28,3.459341172484451,20
2009-04-29,3.4757175424202384,20
2009-04-30,3.4980288134897357,20
2009-05-04,3.5562201528752433,20
2009-05-05,3.567670989939201,20
2009-05-06,3.586142513164425,20
2009-05-07,3.555000113713352,20
2009-05-08,3.5461929128950067,20
2009-05-11,3.491463954864665,20
2009-05-12,3.5183348804713597,20
2009-05-13,3.53921210763003,20
2009-05-14,3.5495383893521173,20
2009-05-15,3.5682455125230375,20
2009-05-18,3.5584038083093064,20
2009-05-19,3.5734881713621447,20
2009-05-20,3.5548958524453806,20
2009-05-21,3.531627211872141,20
2009-05-22,3.531055882116092,20
2009-05-25,3.533019110570065,20
2009-05-26,3.5601844412862014,20
2009-05-27,3.5525673193442073,20
2009-06-01,3.580629725597449,20
2009-06-02,3.572077309850885,20
2009-06-03,3.5826200892271496,20
2009-06-04,3.582974650175426,20
2009-06-05,3.567948429172167,20
2009-06-08,3.597078863903861,20
2009-06-09,3.5909834489843853,20
2009-06-10,3.6287106645946974,20
2009-06-11,3.623127637209133,20
2009-06-12,3.59512931649105,20
2009-06-15,3.645419755214051,20
2009-06-16,3.6473982809651595,20
2009-06-17,3.646691859523925,20
2009-06-18,3.656739397481766,20
2009-06-19,3.68476327846264,20
2009-06-22,3.6846446201237364,20
2009-06-23,3.6931469697526844,20
2009-06-24,3.7127755529362383,20
2009-06-25,3.7433202813170223,20
2009-06-26,3.753424140130237,20
2009-06-29,3.7336751412334097,20
2009-06-30,3.70407191085665,20
2009-07-01,3.691969030453362,20
2009-07-02,3.7092543640288267,20
2009-07-03,3.7192279513162165,20
2009-07-06,3.7210135577393366,20
2009-07-07,3.7650158286575475,20
2009-07-08,3.8003035639422635,20
2009-07-09,3.875196565392764,20
2009-07-10,3.8771018330621034,20
2009-07-13,3.9030617649391597,20
2009-07-14,3.9795709528905374,20
2009-07-15,4.031773066489816,20
2009-07-16,4.008951874018216,20
2009-07-17,4.015222357715695,20
2009-07-20,4.058854381582888,20
2009-07-21,3.9817073403375978,20
2009-07-22,4.014812942944649,20
2009-07-23,4.035445723999471,20
2009-07-24,4.032853637510352,20
2009-07-27,4.069896438082264,20
2009-07-28,4.09503746946653,20
2009-07-29,3.936475965751707,20
2009-07-30,3.991252500770669,20
2009-07-31,4.073572043699707,20
2009-08-03,4.154258059933775,20
2009-08-04,4.190180500384559,20
2009-08-05,4.258563873017906,20
2009-08-06,4.278466075550733,20
2009-08-07,4.217420325179784,20
2009-08-10,4.286949050402532,20
2009-08-11,4.275949580880413,20
2009-08-12,4.109085838321985,20
2009-08-13,4.122160918421274,20
2009-08-14,3.9504453483823583,20
2009-08-17,3.7469122471462066,20
2009-08-18,3.8155004886256947,20
2009-08-19,3.6632085408202246,20
2009-08-20,3.7649300744321073,20
2009-08-21,3.8736110820298686,20
2009-08-24,3.9113896664048076,20
2009-08-25,3.8645055746130157,20
2009-08-26,3.9766701524250974,20
2009-08-27,4.035850292081,20
2009-08-28,3.9801952161862335,20
2009-08-31,3.8128141249837886,20
2009-09-01,3.8042159597269314,20
2009-09-02,3.84364595190274,20
2009-09-03,3.9449301083204094,20
2009-09-04,3.961110331890635,20
2009-09-07,3.9952938899727406,20
2009-09-08,4.0328416859710785,20
2009-09-09,4.049331497383717,20
2009-09-10,4.024883843417229,20
2009-09-11,4.049590092669024,20
2009-09-14,4.126371332535955,20
2009-09-15,4.170759276746641,20
2009-09-16,4.195338606113217,20
2009-09-17,4.296431519702507,20
2009-09-18,4.213082192162914,20
2009-09-21,4.26788663724619,20
2009-09-22,4.209951864412327,20
2009-09-23,4.191559865913176,20
2009-09-24,4.140538580793351,20
2009-09-25,4.149653195514287,20
2009-09-28,4.0787206715373925,20
2009-09-29,4.005409027050277,20
2009-09-30,4.019595942660378,20
2009-10-09,4.119384267414197,20
2009-10-12,4.122308541821849,20
2009-10-13,4.159769019813877,20
2009-10-14,4.168063330328469,20
2009-10-15,4.19136891256046,20
2009-10-16,4.189466979711961,20
2009-10-19,4.248340719179356,20
2009-10-20,4.288248200532824,20
2009-10-21,4.263409396500468,20
2009-10-22,4.283813164583315,20
2009-10-23,4.330256972100871,20
2009-10-26,4.348769036838093,20
2009-10-27,4.3268928730200145,20
2009-10-28,4.355531004509852,20
2009-10-29,4.332317390545565,20
2009-10-30,4.351279776658306,20
2009-11-02,4.412961819402958,20
2009-11-03,4.475837565448356,20
2009-11-04,4.503131962097871,20
2009-11-05,4.545315790032928,20
2009-11-06,4.556748047594646,20
2009-11-09,4.579109592162642,20
2009-11-10,4.582259516226551,20
2009-11-11,4.590030024873916,20
2009-11-12,4.609360839682325,20
2009-11-13,4.641295263766035,20
2009-11-16,4.729321744370302,20
2009-11-17,4.755245172946473,20
2009-11-18,4.802572617077685,20
2009-11-19,4.8545213249523105,20
2009-11-20,4.896589604813486,20
2009-11-23,4.930424211289451,20
2009-11-24,4.77614167370045,20
2009-11-25,4.868585727254035,20
2009-11-26,4.741720019436765,20
2009-11-27,4.7002661671295565,20
2009-11-30,4.826338753325993,20
2009-12-01,4.925665907877788,20
2009-12-02,4.979740372359792,20
2009-12-03,5.008795644547073,20
2009-12-04,4.912647440245084,20
2009-12-07,5.002986541699237,20
2009-12-08,5.031442843777785,20
2009-12-09,5.016595305339932,20
2009-12-10,5.091013298447689,20
2009-12-11,5.089357968252022,20
2009-12-14,5.10601685692725,20
2009-12-15,5.1304820572458105,20
2009-12-16,5.083087872972789,20
2009-12-17,4.974425607615411,20
2009-12-18,4.886096926287398,20
2009-12-21,4.961093807211866,20
2009-12-22,4.932132894224315,20
2009-12-23,5.0208756775560905,20
2009-12-24,5.121814755588773,20
2009-12-25,5.136323939150224,20
2009-12-28,5.169129016991705,20
2009-12-29,5.186326351746992,20
2009-12-30,5.142602997956102,20
2009-12-31,5.191899734111216,20
2010-01-04,5.220865563975383,20
2010-01-05,5.2726156135963365,20
2010-01-06,5.263839101987688,20
2010-01-07,5.203282395604236,20
2010-01-08,5.228469520592947,20
2010-01-11,5.284606260457124,20
2010-01-12,5.3818408844249594,20
2010-01-13,5.39199071071766,20
2010-01-14,5.4850515361673695,20
2010-01-15,5.534732398854726,20
2010-01-18,5.579055932187464,20
2010-01-19,5.576799955202954,20
2010-01-20,5.418588359607316,20
2010-01-21,5.458209725873539,20
2010-01-22,5.359481230187528,20
2010-01-25,5.3150696740727685,20
2010-01-26,5.199592405210805,20
2010-01-27,5.2100094776323145,20
2010-01-28,5.281313197116855,20
2010-01-29,5.310947588430122,20
2010-02-01,5.262395965531917,20
2010-02-02,5.260843456209302,20
2010-02-03,5.286370410444947,20
2010-02-04,5.3181709534443415,20
2010-02-05,5.230051875136827,20
2010-02-08,5.223919124285788,20
2010-02-09,5.2341887793100295,20
2010-02-10,5.26647625430736,20
2010-02-11,5.263201353152943,20
2010-02-12,5.301469729758992,20
2010-02-22,5.302275041347536,20
2010-02-23,5.306116594175979,20
2010-02-24,5.404646576428758,20
2010-02-25,5.477517883695131,20
2010-02-26,5.463973448518961,20
2010-03-01,5.524590413909529,20
2010-03-02,5.54101986247199,20
2010-03-03,5.591626951449037,20
2010-03-04,5.514675872054727,20
2010-03-05,5.54128273458884,20
2010-03-08,5.574917649921248,20
2010-03-09,5.572941450980714,20
2010-03-10,5.542661849253452,20
2010-03-11,5.549642189027527,20
2010-03-12,5.5303315940183,20
2010-03-15,5.494506441410317,20
2010-03-16,5.522428349745236,20
2010-03-17,5.623140489138041,20
2010-03-18,5.632449973691217,20
2010-03-19,5.671143425562186,20
2010-03-22,5.675262539641594,20
2010-03-23,5.65485725257854,20
2010-03-24,5.692347406237427,20
2010-03-25,5.676210367874636,20
2010-03-26,5.732329609991399,20
2010-03-29,5.727024507384844,20
2010-03-30,5.7901174981314005,20
2010-03-31,5.840332743926335,20
2010-04-01,5.870515641732617,20
2010-04-02,5.899863993379425,20
2010-04-06,5.911000622051231,20
2010-04-07,5.93604881690782,20
2010-04-08,5.936934837229353,20
2010-04-09,6.000365284727308,20
2010-04-12,6.083148220052298,20
2010-04-13,6.037338332967539,20
2010-04-14,6.05423110884253,20
2010-04-15,5.99876022204393,20
2010-04-16,5.997474706572515,20
2010-04-19,5.889198463776115,20
2010-04-20,5.972097920181195,20
2010-04-21,6.07617322003717,20
2010-04-22,6.145992105016995,20
2010-04-23,6.128783058630849,20
2010-04-26,6.0952320428147075,20
2010-04-27,6.003828845922482,20
2010-04-28,6.008141220268829,20
2010-04-29,5.872129355568667,20
2010-04-30,5.734431374972062,20
2010-05-04,5.755489840873514,20
2010-05-05,5.833646052203273,20
2010-05-06,5.746622669430326,20
2010-05-07,5.672806414294506,20
2010-05-10,5.5800178174256505,20
2010-05-11,5.516893651280182,20
2010-05-12,5.42725787399154,20
2010-05-13,5.5131730013583775,20
2010-05-14,5.535030819764809,20
2010-05-17,5.36292788223734,20
2010-05-18,5.408772905480908,20
2010-05-19,5.41430880388457,20
2010-05-20,5.366551008176768,20
2010-05-21,5.4194605323411285,20
2010-05-24,5.554032401625925,20
2010-05-25,5.550312828316816,20
2010-05-26,5.551012580943222,20
2010-05-27,5.6122864485359845,20
2010-05-28,5.655101790398858,20
2010-05-31,5.615493936520663,20
2010-06-01,5.587882616826724,20
2010-06-02,5.613148745358928,20
2010-06-03,5.629227304674978,20
2010-06-04,5.65362864427638,20
2010-06-07,5.6629925297209045,20
2010-06-08,5.67651317832682,20
2010-06-09,5.696424140370507,20
2010-06-10,5.702908114353888,20
2010-06-11,5.701891977319128,20
2010-06-17,5.680422044972264,20
2010-06-18,5.608990913693883,20
2010-06-21,5.6466898607309375,20
2010-06-22,5.661263307259877,20
2010-06-23,5.6544982259270276,20
2010-06-24,5.65716718224594,20
2010-06-25,5.639309148081509,20
2010-06-28,5.629010235607978,20
2010-06-29,5.537434889942076,20
2010-06-30,5.504800146166318,20
2010-07-01,5.48820051778125,20
2010-07-02,5.470967868238888,20
2010-07-05,5.466843067154547,20
2010-07-06,5.50873725544037,20
2010-07-07,5.520286281659283,20
2010-07-08,5.5331653654756625,20
2010-07-09,5.564874578975591,20
2010-07-12,5.583230896164131,20
2010-07-13,5.586870664449258,20
2010-07-14,5.608469950307241,20
2010-07-15,5.578911729598189,20
2010-07-16,5.594701051648854,20
2010-07-19,5.6208816908067,20
2010-07-20,5.655277109377324,20
2010-07-21,5.656198721489266,20
2010-07-22,5.6799281563423465,20
2010-07-23,5.676098600608534,20
2010-07-26,5.699821385190293,20
2010-07-27,5.701002696985595,20
2010-07-28,5.729129108173065,20
2010-07-29,5.740008856259208,20
2010-07-30,5.746914493064513,20
2010-08-02,5.768938985712766,20
2010-08-03,5.7624202174542996,20
2010-08-04,5.779598202432218,20
2010-08-05,5.786177774805727,20
2010-08-06,5.8045352429010855,20
2010-08-09,5.820211750814229,20
2010-08-10,5.774699142028764,20
2010-08-11,5.789443215561626,20
2010-08-12,5.780195847103643,20
2010-08-13,5.803954519035676,20
2010-08-16,5.824036868994114,20
2010-08-17,5.834602297308635,20
2010-08-18,5.842552363861817,20
2010-08-19,5.840884340519216,20
2010-08-20,5.811813661945037,20
2010-08-23,5.821030473663347,20
2010-08-24,5.840365356809155,20
2010-08-25,5.834874764404513,20
2010-08-26,5.844137450683142,20
2010-08-27,5.860236675302644,20
2010-08-30,5.891495678416849,20
2010-08-31,5.922122631505857,20
2010-09-01,5.871554209730201,20
2010-09-02,5.912927137144221,20
2010-09-03,5.941308185742431,20
2010-09-06,5.937675947019876,20
2010-09-07,5.940000436810022,20
2010-09-08,5.954136921125527,20
2010-09-09,5.943370252263045,20
2010-09-10,5.954564007650393,20
2010-09-13,5.985949620846892,20
2010-09-14,6.001804457341322,20
2010-09-15,5.987994375321412,20
2010-09-16,5.909809570318456,20
2010-09-17,5.924195170774661,20
2010-09-20,5.896481632563208,20
2010-09-21,5.895201215003225,20
2010-09-27,5.944019609927977,20
2010-09-28,5.911762213733697,20
2010-09-29,5.881994696154593,20
2010-09-30,5.9541910423584525,20
2010-10-08,6.032667339484509,20
2010-10-11,6.014815042703541,20
2010-10-12,6.037796134973907,20
2010-10-13,6.042460569649985,20
2010-10-14,5.950017514466796,20
2010-10-15,5.93321851439558,20
2010-10-18,5.876759405982385,20
2010-10-19,5.999789174068239,20
2010-10-20,5.996261578299159,20
2010-10-21,6.004119006863778,20
2010-10-22,6.050823714615754,20
2010-10-25,6.132099628432782,20
2010-10-26,6.126164622727751,20
2010-10-27,6.1182098469519595,20
2010-10-28,6.1355872983014,20
2010-10-29,6.171617278834781,20
2010-11-01,6.279510134488228,20
2010-11-02,6.199468787118287,20
2010-11-03,6.094193751611709,20
2010-11-04,6.150007303653603,20
2010-11-05,6.213954149519931,20
2010-11-08,6.337953058812364,20
2010-11-09,6.429664917900388,20
2010-11-10,6.4855985296705505,20
2010-11-11,6.432234199096892,20
2010-11-12,6.10657477115783,20
2010-11-15,6.270856858856763,20
2010-11-16,6.234351837108396,20
2010-11-17,6.1481897351533705,20
2010-11-18,6.192371237889174,20
2010-11-19,6.353056667937052,20
2010-11-22,6.465008727455566,20
2010-11-23,6.463131194250675,20
2010-11-24,6.550480699806037,20
2010-11-25,6.5431161878396535,20
2010-11-26,6.590107061696497,20
2010-11-29,6.657177437046511,20
2010-11-30,6.525052165307958,20
2010-12-01,6.565960769720774,20
2010-12-02,6.598597479373452,20
2010-12-03,6.571677212669041,20
2010-12-06,6.514080564046607,20
2010-12-07,6.606985693695849,20
2010-12-08,6.633004213658197,20
2010-12-09,6.542653585871327,20
2010-12-10,6.624799029115966,20
2010-12-13,6.738566658351213,20
2010-12-14,6.80076118845793,20
2010-12-15,6.8226068456652165,20
2010-12-16,6.813700777968404,20
2010-12-17,6.827817516670667,20
2010-12-20,6.782664543031869,20
2010-12-21,6.872076491474058,20
2010-12-22,6.840374834782908,20
2010-12-23,6.738461314070685,20
2010-12-24,6.644992443123917,20
2010-12-27,6.504360278337051,20
2010-12-28,6.426939833222364,20
2010-12-29,6.5186426825547095,20
2010-12-30,6.535411655869925,20
2010-12-31,6.616782534268849,20
2011-01-04,6.7087448584115075,20
2011-01-05,6.735288428723136,20
2011-01-06,6.734387373809714,20
2011-01-07,6.69430672685858,20
2011-01-10,6.584294474585282,20
2011-01-11,6.508506786783108,20
2011-01-12,6.538649393796276,20
2011-01-13,6.554517817092578,20
2011-01-14,6.457527341957934,20
2011-01-17,6.231350144333616,20
2011-01-18,6.252659599730509,20
2011-01-19,6.359217863606851,20
2011-01-20,6.195392988082345,20
2011-01-21,6.233786828485802,20
2011-01-24,6.166692943136435,20
2011-01-25,6.14334189192879,20
2011-01-26,6.189764956326324,20
2011-01-27,6.247684160302179,20
2011-01-28,6.310454519178858,20
2011-01-31,6.3270818441837156,20
2011-02-01,6.323089096587045,20
2011-02-09,6.279529929264375,20
2011-02-10,6.422351664840406,20
2011-02-11,6.459118817975376,20
2011-02-14,6.514055460727137,20
2011-02-15,6.544569543349495,20
2011-02-16,6.608994123515025,20
2011-02-17,6.6383810834572055,20
2011-02-18,6.58258655735216,20
2011-02-21,6.659839721627727,20
2011-02-22,6.579001284282555,20
2011-02-23,6.621949124069437,20
2011-02-24,6.635841989767393,20
2011-02-25,6.617860405366771,20
2011-02-28,6.680041669190704,20
2011-03-01,6.675434178993141,20
2011-03-02,6.659091672398604,20
2011-03-03,6.574523183638354,20
2011-03-04,6.60278534052582,20
2011-03-07,6.610009116714211,20
2011-03-08,6.651935706691311,20
2011-03-09,6.675904605726455,20
2011-03-10,6.693003267036022,20
2011-03-11,6.70675135575125,20
2011-03-14,6.727412482238553,20
2011-03-15,6.689865705032941,20
2011-03-16,6.726097532803607,20
2011-03-17,6.647667178246932,20
2011-03-18,6.713445625165656,20
2011-03-21,6.693798597134034,20
2011-03-22,6.664090624596339,20
2011-03-23,6.728793813907828,20
2011-03-24,6.714016944234265,20
2011-03-25,6.716512400359829,20
2011-03-28,6.710835837892885,20
2011-03-29,6.582557697132357,20
2011-03-30,6.545437536240229,20
2011-03-31,6.5290490819264635,20
2011-04-01,6.580874085990944,20
2011-04-06,6.556090407302027,20
2011-04-07,6.572212932579685,20
2011-04-08,6.651273361691155,20
2011-04-11,6.602271451935496,20
2011-04-12,6.5810775841787965,20
2011-04-13,6.652066195708284,20
2011-04-14,6.634211826933295,20
2011-04-15,6.640880552600677,20
2011-04-18,6.627346040879621,20
2011-04-19,6.588057321910774,20
2011-04-20,6.611161263623473,20
2011-04-21,6.6663343687723335,20
2011-04-22,6.680680617665284,20
2011-04-25,6.644218500473905,20
2011-04-26,6.5476995110985525,20
2011-04-27,6.48654832607246,20
2011-04-28,6.295643462348287,20
2011-04-29,6.382341839807003,20
2011-05-03,6.434802546592889,20
2011-05-04,6.346938643537927,19
2011-05-05,6.394582495992002,19
2011-05-06,6.417595494926456,19
2011-05-09,6.466843092831606,19
2011-05-10,6.459265787046957,19
2011-05-11,6.475554664255286,19
2011-05-12,6.387492284323164,19
2011-05-13,6.391404825730787,19
2011-05-16,6.39149676600371,19
2011-05-17,6.370462035924162,19
2011-05-18,6.371050325366806,19
2011-05-19,6.366896128967049,19
2011-05-20,6.339151350079998,19
2011-05-23,6.180936876797989,19
2011-05-24,6.247042675220041,19
2011-05-25,6.138798981795269,19
2011-05-26,6.092661543418189,19
2011-05-27,6.019529068068893,19
2011-05-30,6.016586558312942,19
2011-05-31,6.052285313976204,19
2011-06-01,6.078025319852022,19
2011-06-02,6.039340853668111,20
2011-06-03,6.061027755504515,20
2011-06-07,6.068262168001536,20
2011-06-08,6.066044052046276,20
2011-06-09,6.028071460678725,20
2011-06-10,6.021311582329145,20
2011-06-13,6.014561625703664,20
2011-06-14,6.040460947114218,20
2011-06-15,6.017459352895431,20
2011-06-16,5.974633780902152,20
2011-06-17,5.954219800398806,20
2011-06-20,5.9308369659794336,20
2011-06-21,5.961340639355345,20
2011-06-22,5.964626738663901,20
2011-06-23,6.007835256903709,20
2011-06-24,6.052716488697643,20
2011-06-27,6.0809262531204356,20
2011-06-28,6.0895008370315775,20
2011-06-29,6.075635014230304,20
2011-06-30,6.082191167435716,20
2011-07-01,6.084393311632454,20
2011-07-04,6.128431484065656,20
2011-07-05,6.132187264918708,20
2011-07-06,6.153505832276019,20
2011-07-07,6.163137829124325,20
2011-07-08,6.152455302483389,20
2011-07-11,6.167460428532288,20
2011-07-12,6.14231250697293,20
2011-07-13,6.182195616381609,20
2011-07-14,6.214830393176256,20
2011-07-15,6.240246519921737,20
2011-07-18,6.233162110649979,20
2011-07-19,6.204975819871637,20
2011-07-20,6.210269920460769,20
2011-07-21,6.185325895703712,20
2011-07-22,6.193176070026486,20
2011-07-25,6.122651257251913,20
2011-07-26,6.129217518058616,20
2011-07-27,6.164563216319412,20
2011-07-28,6.158869508650824,20
2011-07-29,6.160346977339185,20
2011-08-01,6.161140972469942,20
2011-08-02,6.170582928356216,20
2011-08-03,6.20378629839089,20
2011-08-04,6.200951691636493,20
2011-08-05,6.152150553548104,20
2011-08-08,6.052654942878809,20
2011-08-09,6.036452957784832,20
2011-08-10,6.0704245973250615,20
2011-08-11,6.116896723313417,20
2011-08-12,6.151632143399302,20
2011-08-15,6.17431401913489,20
2011-08-16,6.1682159381404835,20
2011-08-17,6.171422145773206,20
2011-08-18,6.141163985969366,20
2011-08-19,6.136027295218269,20
2011-08-22,6.148091564431626,20
2011-08-23,6.192828292419476,20
2011-08-24,6.199684374278561,20
2011-08-25,6.215208702635195,20
2011-08-26,6.228413631496349,20
2011-08-29,6.2120088853483555,20
2011-08-30,6.1921733022213505,20
2011-08-31,6.189775331336222,20
2011-09-01,6.1847934482914155,20
2011-09-02,6.175281391035194,20
2011-09-05,6.141223259280291,20
2011-09-06,6.123332663188141,20
2011-09-07,6.166952467060077,20
2011-09-08,6.156751193990772,20
2011-09-09,6.150548964638314,20
2011-09-13,6.125648161375298,20
2011-09-14,6.145144467348681,20
2011-09-15,6.14592702233737,20
2011-09-16,6.156608988451979,20
2011-09-19,6.122395152427879,20
2011-09-20,6.128894673595439,20
2011-09-21,6.171423504793428,20
2011-09-22,6.132768908096455,20
2011-09-23,6.119753699578912,20
2011-09-26,6.10087411603927,20
2011-09-27,6.107657080254199,20
2011-09-28,6.085220630433854,20
2011-09-29,6.029921634837458,20
2011-09-30,6.031963905688103,20
2011-10-10,6.018372278893079,20
2011-10-11,6.008981190986469,20
2011-10-12,6.050006948303913,20
2011-10-13,6.062847156765204,20
2011-10-14,6.048927140221465,20
2011-10-17,6.065602765148379,20
2011-10-18,6.038945142873894,20
2011-10-19,6.039192227730629,20
2011-10-20,5.99301967262667,20
2011-10-21,5.963279229737828,20
2011-10-24,5.983310014977633,20
2011-10-25,6.02608200806742,20
2011-10-26,6.0531198656663685,20
2011-10-27,6.05149487041382,20
2011-10-28,6.085745891343348,20
2011-10-31,6.103867463966124,20
2011-11-01,6.09196572560789,20
2011-11-02,6.120806650581663,19
2011-11-03,6.123352932094579,19
2011-11-04,6.1377350720207655,19
2011-11-07,6.13697402687631,19
2011-11-08,6.123532177130592,19
2011-11-09,6.147592218824935,19
2011-11-10,6.1544871064361235,19
2011-11-11,6.173485849886599,19
2011-11-14,6.207196044980421,19
2011-11-15,6.207062208908115,19
2011-11-16,6.173443648832651,19
2011-11-17,6.1764288365639235,19
2011-11-18,6.139240202705627,19
2011-11-21,6.138216425068495,19
2011-11-22,6.140432666457155,19
2011-11-23,6.140308361016586,19
2011-11-24,6.134009928176844,19
2011-11-25,6.123932835765841,19
2011-11-28,6.124299987879748,19
2011-11-29,6.155426060900595,19
2011-11-30,6.094486546743921,19
2011-12-01,6.110683452424984,19
2011-12-02,6.101127819530692,19
2011-12-05,6.072336690161863,19
2011-12-06,6.074258524048405,19
2011-12-07,6.080114379971287,19
2011-12-08,6.083465132520714,19
2011-12-09,6.071483415632165,19
2011-12-12,6.055746974285507,19
2011-12-13,6.013750597748437,19
2011-12-14,5.997586281559066,19
2011-12-15,5.970157039132882,19
2011-12-16,5.996652387865974,19
2011-12-19,5.994272043393478,19
2011-12-20,5.992206629715202,19
2011-12-21,5.968869462544535,19
2011-12-22,5.945950090913113,19
2011-12-23,5.954325680777851,19
2011-12-26,5.943870806678794,19
2011-12-27,5.910455190519581,19
2011-12-28,5.892127299887294,19
2011-12-29,5.8902590745005075,19
2011-12-30,5.911315624047168,19
2012-01-04,5.8747504778014354,19
2012-01-05,5.8140829545974295,20
2012-01-06,5.808743154029093,20
2012-01-09,5.847383334814443,20
2012-01-10,5.886286448810265,20
2012-01-11,5.8851988357641325,20
2012-01-12,5.874584127412168,20
2012-01-13,5.817933563883828,20
2012-01-16,5.759346077714811,20
2012-01-17,5.810655385994169,20
2012-01-18,5.772352375876302,20
2012-01-19,5.783835173851846,20
2012-01-20,5.805156077394355,20
2012-01-30,5.807182830608457,20
2012-01-31,5.811258835742656,20
2012-02-01,5.805496786569561,20
2012-02-02,5.8228234024818235,20
2012-02-03,5.842943307776343,20
2012-02-06,5.854130153035113,20
2012-02-07,5.829155719024404,20
2012-02-08,5.860506237414609,20
2012-02-09,5.873578740389477,20
2012-02-10,5.872275622321216,20
2012-02-13,5.884079189156436,20
2012-02-14,5.882915854109879,20
2012-02-15,5.90217689558781,20
2012-02-16,5.90671873656605,20
2012-02-17,5.898190612509353,20
2012-02-20,5.89893360456319,20
2012-02-21,5.917750459848348,20
2012-02-22,5.940731167294183,20
2012-02-23,5.947348448795739,20
2012-02-24,5.952300399561867,20
2012-02-27,5.94949305576,20
2012-02-28,5.935429684755987,20
2012-02-29,5.914318906303388,20
2012-03-01,5.916706238178729,20
2012-03-02,5.939209321765107,20
2012-03-05,5.936693695526379,20
2012-03-06,5.924700062453092,20
2012-03-07,5.92421425105871,20
2012-03-08,5.937933847962881,20
2012-03-09,5.961706335408569,20
2012-03-12,5.976787649461142,20
2012-03-13,5.995044198566945,20
2012-03-14,5.942899581565814,20
2012-03-15,5.94675502781937,20
2012-03-16,5.97512446258883,20
2012-03-19,5.99222399360344,20
2012-03-20,5.955958599918365,20
2012-03-21,5.9547265838456775,20
2012-03-22,5.95137180252782,20
2012-03-23,5.922743352429521,20
2012-03-26,5.917281198377837,20
2012-03-27,5.915277202887214,20
2012-03-28,5.845531377079494,20
2012-03-29,5.81713743512489,20
2012-03-30,5.811726981828545,20
2012-04-05,5.839784952669714,20
2012-04-06,5.845587034877396,20
2012-04-09,5.8262881479875785,20
2012-04-10,5.8384555663706275,20
2012-04-11,5.84311570974143,20
2012-04-12,5.871274106793043,20
2012-04-13,5.881763467535545,20
2012-04-16,5.877077290162189,20
2012-04-17,5.876518813683996,20
2012-04-18,5.893309089712339,20
2012-04-19,5.896612676331006,20
2012-04-20,5.906571169040846,20
2012-04-23,5.87146019152857,20
2012-04-24,5.8519448549581545,20
2012-04-25,5.873978101223187,20
2012-04-26,5.877457323833421,20
2012-04-27,5.877944491799906,20
2012-05-02,5.909119834301981,20
2012-05-03,5.922575778044522,20
2012-05-04,5.949934849249398,20
2012-05-07,5.97925491947933,20
2012-05-08,5.982210863855842,20
2012-05-09,5.959435050238303,20
2012-05-10,5.970467374124753,20
2012-05-11,5.953383998574806,20
2012-05-14,5.941911470590811,20
2012-05-15,5.926521385852966,20
2012-05-16,5.901989378560622,20
2012-05-17,5.927887119235926,20
2012-05-18,5.904294490178802,20
2012-05-21,5.900552990033933,20
2012-05-22,5.929907723801803,20
2012-05-23,5.931830101428612,20
2012-05-24,5.916917867310864,20
2012-05-25,5.8896335147311145,20
2012-05-28,5.905653888425267,20
2012-05-29,5.9383002736004835,20
2012-05-30,5.944060982950493,20
2012-05-31,5.9680901048458015,20
2012-06-01,5.962162558730042,20
2012-06-04,5.8903290818877005,20
2012-06-05,5.896924562202088,20
2012-06-06,5.887088603194628,20
2012-06-07,5.8827603486084445,20
2012-06-08,5.872594097504968,20
2012-06-11,5.922361983384659,20
2012-06-12,5.923921671837224,20
2012-06-13,5.9672102646579805,20
2012-06-14,5.957344355989867,20
2012-06-15,5.974717303529057,20
2012-06-18,6.016170115006387,20
2012-06-19,6.011554272100703,20
2012-06-20,6.041421095238249,20
2012-06-21,6.000514390075678,20
2012-06-25,5.943664200788903,20
2012-06-26,5.949763133950604,20
2012-06-27,5.958725364470382,20
2012-06-28,5.955489084045157,20
2012-06-29,5.991580303566761,20
2012-07-02,6.011115367367194,20
2012-07-03,6.0299659789132365,20
2012-07-04,6.027718427788867,20
2012-07-05,5.979496425416928,20
2012-07-06,6.003595316119479,20
2012-07-09,5.964083706271027,20
2012-07-10,5.9555031367744995,20
2012-07-11,5.957565022926966,20
2012-07-12,5.977347875538882,20
2012-07-13,5.9643357002309045,20
2012-07-16,5.865448267332634,20
2012-07-17,5.8780812123896276,20
2012-07-18,5.8790962774215485,20
2012-07-19,5.916130951834573,20
2012-07-20,5.905066490981049,20
2012-07-23,5.897132722001773,20
2012-07-24,5.9155198247250995,20
2012-07-25,5.906115719118792,20
2012-07-26,5.899002804120485,20
2012-07-27,5.8955944873794115,20
2012-07-30,5.8755434262659705,20
2012-07-31,5.849962039301377,20
2012-08-01,5.860557597605065,20
2012-08-02,5.848435027512268,20
2012-08-03,5.885093228494193,20
2012-08-06,5.92056134938369,20
2012-08-07,5.930331603178201,20
2012-08-08,5.92552776738429,20
2012-08-09,5.958515261690576,20
2012-08-10,5.957122691983244,20
2012-08-13,5.916498407821871,20
2012-08-14,5.933573668742616,20
2012-08-15,5.910286966471723,20
2012-08-16,5.9117384814041,20
2012-08-17,5.913561089624041,20
2012-08-20,5.92986538849679,20
2012-08-21,5.973832700979808,20
2012-08-22,5.9621314501511575,20
2012-08-23,6.001216749819362,20
2012-08-24,5.978334517634483,20
2012-08-27,5.952417565552432,20
2012-08-28,5.9746818433236575,20
2012-08-29,5.979795594210031,20
2012-08-30,5.9410489055125195,20
2012-08-31,5.953069853831654,20
2012-09-03,5.97075941179874,20
2012-09-04,5.974286902751142,20
2012-09-05,6.003044877167016,20
2012-09-06,6.014963914634142,20
2012-09-07,6.059212267160736,20
2012-09-10,6.060991759183547,20
2012-09-11,6.056406691879586,20
2012-09-12,6.064532917802274,20
2012-09-13,6.048578529256923,20
2012-09-14,6.0497366789712705,20
2012-09-17,5.999702860492173,20
2012-09-18,5.991359657392344,20
2012-09-19,5.997536318551154,20
2012-09-20,5.947543845252404,20
2012-09-21,5.931211826529228,20
2012-09-24,5.936036450963781,20
2012-09-25,5.932468947376316,20
2012-09-26,5.896381411296559,20
2012-09-27,5.926707538014396,20
2012-09-28,5.954201050970925,20
2012-10-08,5.942935200242635,20
2012-10-09,5.984088882142275,20
2012-10-10,5.994545664047776,20
2012-10-11,5.968570534068033,20
2012-10-12,5.965672753678384,20
2012-10-15,5.946409210918772,20
2012-10-16,5.951531386636425,20
2012-10-17,5.9634957404755635,20
2012-10-18,5.982181460720768,20
2012-10-19,5.978794848210115,20
2012-10-22,5.990250852561076,20
2012-10-23,5.978212149328965,20
2012-10-24,5.976256277541646,20
2012-10-25,5.96679710343622,20
2012-10-26,5.9426459769613365,20
2012-10-29,5.94090999454432,20
2012-10-30,5.9515079559833906,20
2012-10-31,5.959102457919178,20
2012-11-01,5.974805779379119,20
2012-11-02,5.980996643568259,20
2012-11-05,5.977502222172826,20
2012-11-06,5.969111814670388,20
2012-11-07,5.970027059606035,20
2012-11-08,5.9452541937076715,20
2012-11-09,5.948730932012397,20
2012-11-12,5.952630516824075,20
2012-11-13,5.932089576987381,20
2012-11-14,5.934719825831735,20
2012-11-15,5.906297653029012,20
2012-11-16,5.897682732786665,20
2012-11-19,5.9070267238040275,20
2012-11-20,5.905854151148449,20
2012-11-21,5.922396632357345,20
2012-11-22,5.915644777492553,20
2012-11-23,5.913749393105902,20
2012-11-26,5.906248254625141,20
2012-11-27,5.855256106790269,20
2012-11-28,5.834031308891263,20
2012-11-29,5.81695868978058,20
2012-11-30,5.823482389012124,20
2012-12-03,5.786610745060509,20
2012-12-04,5.796144038563056,20
2012-12-05,5.8355403547818,20
2012-12-06,5.83287551049052,20
2012-12-07,5.858193412425324,20
2012-12-10,5.874707628049181,20
2012-12-11,5.862773632566181,20
2012-12-12,5.8606622592973805,20
2012-12-13,5.854033382936706,20
2012-12-14,5.896638463637952,20
2012-12-17,5.904919668956291,20
2012-12-18,5.908607456316413,20
2012-12-19,5.914624922080877,20
2012-12-20,5.9333830091083,20
2012-12-21,5.948664004452814,20
2012-12-24,5.959625701008144,20
2012-12-25,5.99022044776184,20
2012-12-26,6.019155878051162,20
2012-12-27,5.9885895950844965,20
2012-12-28,6.002602677584109,20
2012-12-31,6.004257604922211,20
2013-01-04,5.979623889360521,20
2013-01-07,6.034807618124498,20
2013-01-08,6.119535309710824,20
2013-01-09,6.109209354338414,20
2013-01-10,6.114636550752393,20
2013-01-11,6.088373103012779,20
2013-01-14,6.206550674282378,20
2013-01-15,6.239471929449509,20
2013-01-16,6.206415674750215,20
2013-01-17,6.1706579537635236,20
2013-01-18,6.210125911708614,20
2013-01-21,6.227640815440033,20
2013-01-22,6.158037916995245,20
2013-01-23,6.16582307669118,20
2013-01-24,6.0873949565534335,20
2013-01-25,6.0827111502274915,20
2013-01-28,6.164925132197038,20
2013-01-29,6.206368214288191,20
2013-01-30,6.193945367697692,20
2013-01-31,6.157081301949506,20
2013-02-01,6.194133097668094,20
2013-02-04,6.171036066843849,20
2013-02-05,6.1987167355426775,20
2013-02-06,6.218100318438314,20
2013-02-07,6.239374609684167,20
2013-02-08,6.301907968933831,20
2013-02-18,6.3357516130526195,20
2013-02-19,6.285792579081979,20
2013-02-20,6.374577310386843,20
2013-02-21,6.320863842354703,20
2013-02-22,6.344138701403524,20
2013-02-25,6.408066830417359,20
2013-02-26,6.357233656026825,20
2013-02-27,6.332170736607918,20
2013-02-28,6.412344670120007,20
2013-03-01,6.498555338948644,20
2013-03-04,6.3756845844723085,20
2013-03-05,6.485330645593932,20
2013-03-06,6.598642294742578,20
2013-03-07,6.5440770376594655,20
2013-03-08,6.523657314119744,20
2013-03-11,6.5149745272733375,20
2013-03-12,6.33564223621128,20
2013-03-13,6.314864252976098,20
2013-03-14,6.316728922930221,20
2013-03-15,6.343526752942136,20
2013-03-18,6.25518460941957,20
2013-03-19,6.268120314945935,20
2013-03-20,6.405717927650049,20
2013-03-21,6.46396640391284,20
2013-03-22,6.46223708012851,20
2013-03-25,6.466355177023781,20
2013-03-26,6.420102101080147,20
2013-03-27,6.439590490429379,20
2013-03-28,6.257685756429847,20
2013-03-29,6.2323719166704095,20
2013-04-01,6.246701038503641,20
2013-04-02,6.1799557793436035,20
2013-04-03,6.111770423981747,20
2013-04-08,6.073886652921667,20
2013-04-09,6.108946389713059,20
2013-04-10,6.11572902862881,20
2013-04-11,6.126123635126236,20
2013-04-12,6.117384547482024,20
2013-04-15,6.079780437638834,20
2013-04-16,6.168367059861556,20
2013-04-17,6.200532458118491,20
2013-04-18,6.216716083217864,20
2013-04-19,6.323677274320384,20
2013-04-22,6.326283508373461,20
2013-04-23,6.2089675338174715,20
2013-04-24,6.34053953196262,20
2013-04-25,6.322233437249806,20
2013-04-26,6.220963421204817,20
2013-05-02,6.24362053968996,20
2013-05-03,6.3181885413622485,20
2013-05-06,6.425927364214421,20
2013-05-07,6.425011461643452,20
2013-05-08,6.500926437845537,20
2013-05-09,6.551074392601984,20
2013-05-10,6.589097548579671,20
2013-05-13,6.608443543503679,20
2013-05-14,6.523046847903102,20
2013-05-15,6.631155707796639,20
2013-05-16,6.6470917157074245,20
2013-05-17,6.729400776219454,20
2013-05-20,6.86477314232064,20
2013-05-21,6.960763487209762,20
2013-05-22,6.8653850953252356,20
2013-05-23,6.899427823973581,20
2013-05-24,7.044791718582433,20
2013-05-27,7.122345659052408,20
2013-05-28,7.018016615890001,20
2013-05-29,7.083542178126356,20
2013-05-30,7.109769050221596,20
2013-05-31,7.096812587550127,20
2013-06-03,7.016442056331391,20
2013-06-04,6.880458532562606,20
2013-06-05,6.937094052622561,20
2013-06-06,6.836091240905341,20
2013-06-07,6.778443795548308,20
2013-06-13,6.628015193167326,20
2013-06-14,6.745296267364155,20
2013-06-17,6.811491164206892,20
2013-06-18,6.854644973002628,20
2013-06-19,6.866080812523453,20
2013-06-20,6.753797710952268,20
2013-06-21,6.730553374101495,20
2013-06-24,6.39069591483653,20
2013-06-25,6.333353798111513,20
2013-06-26,6.448996494483393,20
2013-06-27,6.310426409420024,20
2013-06-28,6.237152728792423,20
2013-07-01,6.296835414290724,20
2013-07-02,6.351109959325918,20
2013-07-03,6.367562812244439,20
2013-07-04,6.39290146790205,20
2013-07-05,6.352669978656016,20
2013-07-08,6.253850326756845,20
2013-07-09,6.3006664582919365,20
2013-07-10,6.372162019871579,20
2013-07-11,6.428058809730008,20
2013-07-12,6.424572990319956,20
2013-07-15,6.472345049363085,20
2013-07-16,6.510069814777591,20
2013-07-17,6.480314175204744,20
2013-07-18,6.51101132426327,20
2013-07-19,6.472591345932048,20
2013-07-22,6.535666467512472,20
2013-07-23,6.601424339951415,20
2013-07-24,6.624947584006528,20
2013-07-25,6.532514166629103,20
2013-07-26,6.568814763053531,20
2013-07-29,6.547882197863175,20
2013-07-30,6.540000757421433,20
2013-07-31,6.585883993811794,20
2013-08-01,6.720721425503211,20
2013-08-02,6.751022751221818,20
2013-08-05,6.833467043215445,20
2013-08-06,6.859894376455691,20
2013-08-07,6.819040582074482,20
2013-08-08,6.879617914557131,20
2013-08-09,6.891857572549532,20
2013-08-12,6.950429687180315,20
2013-08-13,6.975012684240735,20
2013-08-14,6.987759340517325,20
2013-08-15,6.940509438984953,20
2013-08-16,6.8513159091516975,20
2013-08-19,6.9346088923259925,20
2013-08-20,6.969363601758767,20
2013-08-21,7.009991776092662,20
2013-08-22,7.006641941787265,20
2013-08-23,6.972779909775845,20
2013-08-26,7.056657338009045,20
2013-08-27,7.073521520833632,20
2013-08-28,6.996577009530317,20
2013-08-29,7.0341796834928685,20
2013-08-30,6.960955194373653,20
2013-09-02,7.006456474273999,20
2013-09-03,7.063390588156023,20
2013-09-04,7.048862170816652,20
2013-09-05,7.0705788205606765,20
2013-09-06,7.092272225413439,20
2013-09-09,7.136378280525264,20
2013-09-10,7.139959792849132,20
2013-09-11,7.115360500342533,20
2013-09-12,7.113972540282365,20
2013-09-13,7.138245674933665,20
2013-09-16,7.171543412469951,20
2013-09-17,7.095034821944612,20
2013-09-18,7.131232585257474,20
2013-09-23,7.210570187109265,20
2013-09-24,7.258274158782087,20
2013-09-25,7.2736493190183085,20
2013-09-26,7.235252709723322,20
2013-09-27,7.227315559945767,20
2013-09-30,7.286648281006854,20
2013-10-08,7.338184946152737,20
2013-10-09,7.369037703666198,19
2013-10-10,7.33256342075563,19
2013-10-11,7.412619566082234,19
2013-10-14,7.475013984151805,19
2013-10-15,7.4576926380355415,19
2013-10-16,7.322212803021859,19
2013-10-17,7.366570822357866,19
2013-10-18,7.40758487189376,19
2013-10-21,7.562737836405569,19
2013-10-22,7.5769791623223925,19
2013-10-23,7.449871493995957,19
2013-10-24,7.430607259091867,19
2013-10-25,7.41529343332975,19
2013-10-28,7.456786161572181,19
2013-10-29,7.226427969941567,19
2013-10-30,7.381892875119945,19
2013-10-31,7.4452348867379055,19
2013-11-01,7.400992321582633,19
2013-11-04,7.435023814096099,20
2013-11-05,7.480091263133395,20
2013-11-06,7.442895912812754,20
2013-11-07,7.4061204066372355,20
2013-11-08,7.333322867791281,20
2013-11-11,7.485757875574842,20
2013-11-12,7.62150778545934,20
2013-11-13,7.5619048764137,20
2013-11-14,7.746881097639756,20
2013-11-15,7.938446601146161,20
2013-11-18,8.04571509232572,20
2013-11-19,8.045985360335187,20
2013-11-20,8.035932283486451,20
2013-11-21,7.976166313077145,20
2013-11-22,7.985329400600898,20
2013-11-25,8.07064542845109,20
2013-11-26,8.128468787342989,20
2013-11-27,8.179670130253076,20
2013-11-28,8.25126252499105,20
2013-11-29,8.402027873255342,20
2013-12-02,7.857718617041863,20
2013-12-03,8.002626875880738,20
2013-12-04,8.222379753025853,20
2013-12-05,8.30467660730589,20
2013-12-06,8.298890529255408,20
2013-12-09,8.424463878481227,20
2013-12-10,8.40804005801471,20
2013-12-11,8.325834419717507,20
2013-12-12,8.424278132692303,20
2013-12-13,8.528450167407602,20
2013-12-16,8.434993376179154,20
2013-12-17,8.365946549122647,20
2013-12-18,8.354254532981232,20
2013-12-19,8.305452883250798,20
2013-12-20,8.232103374547956,20
2013-12-23,8.199947147746554,20
2013-12-24,8.265344046621331,20
2013-12-25,8.451485308883779,20
2013-12-26,8.350435676853694,20
2013-12-27,8.499684495817602,20
2013-12-30,8.61003641720458,20
2013-12-31,8.542931987444241,20
2014-01-02,8.640363116104025,20
2014-01-03,8.625620019067888,20
2014-01-06,8.520559818170065,20
2014-01-07,8.576571790699381,20
2014-01-08,8.60680946440654,20
2014-01-09,8.451799861910256,20
2014-01-10,8.335543478559126,20
2014-01-13,8.332188336748487,20
2014-01-14,8.509453854556272,20
2014-01-15,8.666551968634174,20
2014-01-16,8.677313788716246,20
2014-01-17,8.652743310295113,20
2014-01-20,8.617965272671332,20
2014-01-21,8.77564328765799,20
2014-01-22,8.8688975719291,20
2014-01-23,8.951452533933365,20
2014-01-24,8.957237497344618,20
2014-01-27,8.918570555701182,20
2014-01-28,8.896533339704892,20
2014-01-29,8.992104629911955,20
2014-01-30,8.980329244501585,20
2014-02-07,9.072696242092011,20
2014-02-10,9.236743318783814,20
2014-02-11,9.253127616657194,20
2014-02-12,9.379492891304212,20
2014-02-13,9.255770415990684,20
2014-02-14,9.458080795951746,20
2014-02-17,9.633055592161856,20
2014-02-18,9.641318246643277,20
2014-02-19,9.591689248385567,20
2014-02-20,9.520611688167179,20
2014-02-21,9.49126042904406,20
2014-02-24,9.548550606253443,20
2014-02-25,9.258964947964827,20
2014-02-26,9.294981219892454,20
2014-02-27,9.254291592008002,20
2014-02-28,9.349850658714226,20
2014-03-03,9.456116577625616,20
2014-03-04,9.435383154992921,20
2014-03-05,9.406414373641734,20
2014-03-06,9.394228614174247,20
2014-03-07,9.34776061870329,20
2014-03-10,9.109132113874626,20
2014-03-11,9.085449758498669,20
2014-03-12,9.119527657193673,20
2014-03-13,9.180849937933708,20
2014-03-14,9.209378287025991,20
2014-03-17,9.340162975650355,20
2014-03-18,9.424531278615667,20
2014-03-19,9.418365305709047,20
2014-03-20,9.282655794425395,20
2014-03-21,9.392373353500195,20
2014-03-24,9.466462469306858,20
2014-03-25,9.451966564032022,20
2014-03-26,9.465462878638979,20
2014-03-27,9.307735025219232,20
2014-03-28,9.144743072536743,20
2014-03-31,9.091389342362856,20
2014-04-01,9.190905319114524,20
2014-04-02,9.17254334999024,20
2014-04-03,9.209507150113867,20
2014-04-04,9.249453610873092,20
2014-04-08,9.284548947459708,20
2014-04-09,9.371217949104967,20
2014-04-10,9.374909586174274,20
2014-04-11,9.336035672127894,20
2014-04-14,9.409147482236182,20
2014-04-15,9.364904079652714,20
2014-04-16,9.399348935787632,20
2014-04-17,9.418316142363645,20
2014-04-18,9.422516742225056,20
2014-04-21,9.322967425381146,20
2014-04-22,9.259960832464571,20
2014-04-23,9.24578436450717,20
2014-04-24,9.242868982363037,20
2014-04-25,9.116622015541612,20
2014-04-28,8.951835246297465,20
2014-04-29,9.007846129208833,20
2014-04-30,9.069922281452806,20
2014-05-05,9.109353723300124,20
2014-05-06,9.159919606079884,20
2014-05-07,9.113337927537907,20
2014-05-08,9.145684991863126,20
2014-05-09,9.122617633649108,20
2014-05-12,9.206533266825184,20
2014-05-13,9.20692238830473,20
2014-05-14,9.198372905756615,20
2014-05-15,9.12562614886921,20
2014-05-16,9.093747347514148,20
2014-05-19,9.106667087179003,20
2014-05-20,9.141014905508431,20
2014-05-21,9.203244113887306,20
2014-05-22,9.228795608369168,20
2014-05-23,9.27897551224412,20
2014-05-26,9.339816731383404,20
2014-05-27,9.318204710119707,20
2014-05-28,9.36885472505632,20
2014-05-29,9.266987125815646,20
2014-05-30,9.300143532133525,20
2014-06-03,9.297490462446527,20
2014-06-04,9.280596994670654,20
2014-06-05,9.345366395328556,20
2014-06-06,9.33776261127114,20
2014-06-09,9.324203942599553,20
2014-06-10,9.377852367710316,20
2014-06-11,9.40863701382416,20
2014-06-12,9.425400653182496,20
2014-06-13,9.463145368285046,20
2014-06-16,9.521933801223128,20
2014-06-17,9.503169343190507,20
2014-06-18,9.465726797104681,20
2014-06-19,9.338237803433513,20
2014-06-20,9.416028399425034,20
2014-06-23,9.487056678735419,20
2014-06-24,9.519035986683935,20
2014-06-25,9.517235452028984,20
2014-06-26,9.600893527743988,20
2014-06-27,9.597399896131037,20
2014-06-30,9.658921945154416,20
2014-07-01,9.674197435932593,20
2014-07-02,9.695960149524822,20
2014-07-03,9.727874185702559,20
2014-07-04,9.746396206860389,20
2014-07-07,9.75012482186092,20
2014-07-08,9.786726501339684,20
2014-07-09,9.739814396371882,20
2014-07-10,9.741536929637816,20
2014-07-11,9.787688589499952,20
2014-07-14,9.87329657027115,20
2014-07-15,9.830364272380514,20
2014-07-16,9.783905973851642,20
2014-07-17,9.779083431230108,20
2014-07-18,9.79898393765638,20
2014-07-21,9.772080482581249,20
2014-07-22,9.818408532105114,20
2014-07-23,9.756480249853883,20
2014-07-24,9.768479953911744,20
2014-07-25,9.790739031333246,20
2014-07-28,9.853057463997752,20
2014-07-29,9.90566088853878,20
2014-07-30,9.909640121710748,20
2014-07-31,9.963782003678878,20
2014-08-01,9.906352596191224,20
2014-08-04,10.022101073228992,20
2014-08-05,10.074499886209148,20
2014-08-06,10.079738998788315,20
2014-08-07,10.013627429394514,20
2014-08-08,10.068872185059682,20
2014-08-11,10.14769482223727,20
2014-08-12,10.155595935363426,20
2014-08-13,10.203334753760517,20
2014-08-14,10.216661589271695,20
2014-08-15,10.309151763737216,20
2014-08-18,10.377362690039886,20
2014-08-19,10.378972936080016,20
2014-08-20,10.433640715361104,20
2014-08-21,10.444812656034147,20
2014-08-22,10.529235963321094,20
2014-08-25,10.526708462696037,20
2014-08-26,10.408062698150518,20
2014-08-27,10.425083703205747,20
2014-08-28,10.428773122855429,20
2014-08-29,10.478993618530572,20
2014-09-01,10.578001685344384,20
2014-09-02,10.69864942184159,20
2014-09-03,10.79381865374933,20
2014-09-04,10.862600395724881,20
2014-09-05,10.91830910084864,20
2014-09-09,11.061975135582644,20
2014-09-10,11.124549165216381,20
2014-09-11,11.074290348764011,20
2014-09-12,11.198998380918264,20
2014-09-15,11.30674546062313,20
2014-09-16,11.003679400182403,20
2014-09-17,11.106409152647005,20
2014-09-18,11.206247961683934,20
2014-09-19,11.27864259138353,20
2014-09-22,11.273303782055624,20
2014-09-23,11.43004117121046,20
2014-09-24,11.581529230885407,20
2014-09-25,11.514588365842613,20
2014-09-26,11.596405893069225,20
2014-09-29,11.779976864246967,20
2014-09-30,11.84035726185001,20
2014-10-08,11.918159162242974,20
2014-10-09,11.903666264497936,20
2014-10-10,11.87743928522405,20
2014-10-13,11.988684942890366,20
2014-10-14,11.971594096185836,20
2014-10-15,11.989079528235226,20
2014-10-16,11.857782728181158,20
2014-10-17,11.752274230637992,20
2014-10-20,11.903463222985296,20
2014-10-21,11.846372293858513,20
2014-10-22,11.739668216242507,20
2014-10-23,11.594009624512049,20
2014-10-24,11.62440967354453,20
2014-10-27,11.788134973342213,20
2014-10-28,12.088959297104779,20
2014-10-29,12.214562869938598,20
2014-10-30,12.235544827298284,20
2014-10-31,12.202130207166208,20
2014-11-03,12.368742798558909,20
2014-11-04,12.239221826606826,20
2014-11-05,12.236370528510804,20
2014-11-06,12.476054667380609,20
2014-11-07,12.478186150527542,20
2014-11-10,12.529209414338556,20
2014-11-11,12.06552408649691,20
2014-11-12,12.35397869572003,20
2014-11-13,12.17551377163344,20
2014-11-14,12.088735957539015,20
2014-11-17,12.28172311243717,20
2014-11-18,12.32412323822114,20
2014-11-19,12.48001829734347,20
2014-11-20,12.419872889014952,20
2014-11-21,12.609271495609942,20
2014-11-24,12.687623437176725,20
2014-11-25,12.813609143699285,20
2014-11-26,12.863011637444343,20
2014-11-27,13.034263234633938,20
2014-11-28,13.064862226300704,20
2014-12-01,12.840614527617081,20
2014-12-02,13.071684562557346,20
2014-12-03,13.189454635670032,20
2014-12-04,13.204112500754098,20
2014-12-05,12.74290838966684,20
2014-12-08,12.575894457888044,20
2014-12-09,11.921618939067294,20
2014-12-10,12.35250226246097,20
2014-12-11,12.535997373192926,20
2014-12-12,12.645376371517024,20
2014-12-15,12.925474824718082,20
2014-12-16,12.881213156739213,20
2014-12-17,12.616044278235364,20
2014-12-18,12.565210569073995,20
2014-12-19,12.392351666458351,20
2014-12-22,11.76134367636073,20
2014-12-23,11.801174369115756,20
2014-12-24,12.236910870404955,20
2014-12-25,12.503795121672988,20
2014-12-26,12.522606964963398,20
2014-12-29,12.309504931562545,20
2014-12-30,12.081430054586386,20
2014-12-31,12.171428436493665,20
2015-01-05,12.124935020798128,20
2015-01-06,12.461740757616981,20
2015-01-07,12.385409576439477,20
2015-01-08,12.422753100764375,20
2015-01-09,12.33034717778577,20
2015-01-12,12.206599886495836,20
2015-01-13,12.396468862885913,20
2015-01-14,12.367671628134351,20
2015-01-15,12.367240522677648,20
2015-01-16,12.52798964606011,20
2015-01-19,12.43337044652243,20
2015-01-20,12.895341045570344,20
2015-01-21,13.158530621824813,20
2015-01-22,13.352410701871761,20
2015-01-23,13.24514770761821,20
2015-01-26,13.474837335924793,20
2015-01-27,13.49376570130598,20
2015-01-28,13.504448395919269,20
2015-01-29,13.369335686327316,20
2015-01-30,13.107892455343356,20
2015-02-02,13.08810296737749,20
2015-02-03,13.248755163339153,20
2015-02-04,13.291689109398572,20
2015-02-05,13.272888617104647,20
2015-02-06,13.061712845898695,20
2015-02-09,13.00505910757162,20
2015-02-10,13.12395852521499,20
2015-02-11,13.259568277314669,20
2015-02-12,13.37519904867983,20
2015-02-13,13.65356859814541,20
2015-02-16,13.91806310810063,20
2015-02-17,13.94606743311886,20
2015-02-25,13.789822897383354,20
2015-02-26,13.844413484966376,20
2015-02-27,14.014546198759097,20
2015-03-02,14.186343372538074,20
2015-03-03,14.10629587009965,20
2015-03-04,14.317702120609322,20
2015-03-05,14.374158518568144,20
2015-03-06,14.387334757195612,20
2015-03-09,14.640138728250296,20
2015-03-10,14.728032048609636,20
2015-03-11,14.859963502945101,20
2015-03-12,14.820237501108842,20
2015-03-13,14.976998422697536,20
2015-03-16,15.269238449176955,20
2015-03-17,15.306438855946514,20
2015-03-18,15.5516153649039,20
2015-03-19,15.683792602555481,20
2015-03-20,15.919608139997578,20
2015-03-23,16.47846146956686,20
2015-03-24,16.452498973066138,20
2015-03-25,16.66437417777196,20
2015-03-26,16.40585597328968,20
2015-03-27,16.606272443089136,20
2015-03-30,16.55412536146477,20
2015-03-31,16.76199605353297,20
2015-04-01,17.234501966024634,20
2015-04-02,17.693422083925768,20
2015-04-03,18.125195660873363,20
2015-04-07,18.586864748785974,20
2015-04-08,18.60791367245113,20
2015-04-09,18.485311124431373,20
2015-04-10,18.843922528177643,20
2015-04-13,19.2692018252149,20
2015-04-14,18.92759672726519,20
2015-04-15,18.10232872726644,20
2015-04-16,18.232685228758346,20
2015-04-17,18.23513590461224,20
2015-04-20,18.084653358594352,20
2015-04-21,18.6088758593091,20
2015-04-22,19.001692427473753,20
2015-04-23,18.9875148689545,20
2015-04-24,18.945824336751684,20
2015-04-27,19.035748855157834,20
2015-04-28,18.641501742745493,20
2015-04-29,18.941675970762766,20
2015-04-30,18.878918442738932,20
2015-05-04,19.07388931687314,20
2015-05-05,18.830540761978348,19
2015-05-06,18.745190830666715,19
2015-05-07,18.480916665041637,19
2015-05-08,19.143528648987125,19
2015-05-11,19.927023939596026,19
2015-05-12,20.135584140855272,19
2015-05-13,20.051370282851067,19
2015-05-14,20.552093505384043,19
2015-05-15,20.59974570208227,19
2015-05-18,21.29653747776925,19
2015-05-19,21.554335911822985,19
2015-05-20,21.781734449556815,19
2015-05-21,22.354248551318918,19
2015-05-22,22.48604603142207,19
2015-05-25,22.683915934230875,19
2015-05-26,23.712364557261996,19
2015-05-27,24.531503296802125,19
2015-05-28,24.153056761914442,19
2015-05-29,24.54832773433349,19
2015-06-01,25.424595990603112,19
2015-06-02,26.398456411906032,19
2015-06-03,26.71184067598909,19
2015-06-04,26.21273597478363,19
2015-06-05,26.506659114781606,19
2015-06-08,25.999637258744862,19
2015-06-09,26.018696796638356,19
2015-06-10,26.263900472969482,19
2015-06-11,26.565923435907717,19
2015-06-12,27.013705942333647,19
2015-06-15,26.527048711374366,19
2015-06-16,25.669641212138444,19
2015-06-17,26.24213635867742,19
2015-06-18,25.61081265969209,19
2015-06-19,24.25388038787435,19
2015-06-23,24.18042188031364,19
2015-06-24,24.698982941934762,19
2015-06-25,24.07457497220328,19
2015-06-26,22.621426107135836,19
2015-06-29,21.541441628224483,19
2015-06-30,22.25419584713025,19
2015-07-01,21.605834538287844,19
2015-07-02,20.665823004142126,20
2015-07-03,19.785050510977875,20
2015-07-06,19.123750055052962,20
2015-07-07,18.159971738892718,20
2015-07-08,17.94948348972533,20
2015-07-09,18.9423937508821,20
2015-07-10,19.989992840146314,20
2015-07-13,21.08720644978074,20
2015-07-14,21.72808868333844,20
2015-07-15,20.82892004148073,20
2015-07-16,21.164662553579905,20
2015-07-17,22.064385014329755,20
2015-07-20,22.390924102544766,20
2015-07-21,22.661315513352907,20
2015-07-22,22.93596909262898,20
2015-07-23,23.491072184771603,20
2015-07-24,23.131703635360836,20
2015-07-27,21.910252013475226,20
2015-07-28,21.253946333910726,20
2015-07-29,22.071642674368146,20
2015-07-30,21.716174528187526,20
2015-07-31,21.48319225610567,20
2015-08-03,20.721434880653664,20
2015-08-04,21.561140699718997,20
2015-08-05,21.639387952458783,20
2015-08-06,21.699964405247755,20
2015-08-07,22.16570869407223,20
2015-08-10,22.80036263246878,20
2015-08-11,23.06728246562017,20
2015-08-12,23.002806060185048,20
2015-08-13,23.37685248342136,20
2015-08-14,23.334023539549296,20
2015-08-17,23.474257163193577,20
2015-08-18,22.44617232291677,20
2015-08-19,22.8247277867377,20
2015-08-20,22.619455454400693,20
2015-08-21,21.862249368118363,20
2015-08-24,20.8194538250008,20
2015-08-25,19.833730595286333,20
2015-08-26,19.519345712632468,20
2015-08-27,19.998322530645783,20
2015-08-28,20.71462981876788,20
2015-08-31,20.412795920563408,20
2015-09-01,19.939026792699895,20
2015-09-02,19.76775992469301,20
2015-09-07,19.932305443476583,20
2015-09-08,20.28282770856168,20
2015-09-09,20.52515305237639,20
2015-09-10,20.420707187739698,20
2015-09-11,20.508919996123783,20
2015-09-14,20.0300375895367,20
2015-09-15,19.70835076097807,20
2015-09-16,20.17219982917065,20
2015-09-17,20.146182084334477,20
2015-09-18,20.308758895812314,20
2015-09-21,20.540845379207962,20
2015-09-22,20.568347428903312,20
2015-09-23,20.528572125920082,20
2015-09-24,20.64854989581332,20
2015-09-25,20.421293491098865,20
2015-09-28,20.63701226038503,20
2015-09-29,20.59680247027281,20
2015-09-30,20.64580610804698,20
2015-10-08,20.854471071323896,20
2015-10-09,20.971765884044654,19
2015-10-12,21.15308924109788,19
2015-10-13,21.240376830501628,19
2015-10-14,21.18165553088836,19
2015-10-15,21.39694253988393,19
2015-10-16,21.43373429302864,19
2015-10-19,21.420332433711337,19
2015-10-20,21.523800293302696,19
2015-10-21,21.21178248267889,19
2015-10-22,21.47924523931472,19
2015-10-23,21.780082793867585,19
2015-10-26,21.833327213911456,19
2015-10-27,21.874067911813523,19
2015-10-28,21.77582649765864,19
2015-10-29,21.83996913189555,19
2015-10-30,21.899267138991792,19
2015-11-02,21.9316244684539,19
2015-11-03,22.0568909965625,20
2015-11-04,22.433873212101552,20
2015-11-05,22.28574272397304,20
2015-11-06,22.6251601171916,20
2015-11-09,22.85023322554487,20
2015-11-10,22.844585934861673,20
2015-11-11,23.178986459897114,20
2015-11-12,23.42241825808463,20
2015-11-13,22.981278524222255,20
2015-11-16,23.205377687376767,20
2015-11-17,22.974190276167047,20
2015-11-18,22.70267084994882,20
2015-11-19,23.051303305250766,20
2015-11-20,23.23585351721876,20
2015-11-23,23.146778828741052,20
2015-11-24,23.523689970109167,20
2015-11-25,23.638428124443248,20
2015-11-26,23.484490386979072,20
2015-11-27,22.942315332193257,20
2015-11-30,23.215112141093037,20
2015-12-01,23.15611626970262,20
2015-12-02,23.073957289545977,19
2015-12-03,23.322070950454933,19
2015-12-04,23.31644128251643,19
2015-12-07,23.42433173711861,19
2015-12-08,23.39563455004244,19
2015-12-09,23.325110351010427,19
2015-12-10,23.258400341274022,19
2015-12-11,23.221667740603955,19
2015-12-14,23.41337236638513,19
2015-12-15,23.499449188800877,19
2015-12-16,23.677090859712017,19
2015-12-17,23.94721442067859,19
2015-12-18,23.958809450116597,19
2015-12-21,23.99921799446531,19
2015-12-22,23.994099537323375,19
2015-12-23,23.940079288990425,19
2015-12-24,24.047658498439983,19
2015-12-25,24.19697881167637,19
2015-12-28,23.884658393654213,19
2015-12-29,24.074058270576195,19
2015-12-30,24.15316942441482,19
2015-12-31,23.910502177408116,19
2016-01-04,22.810341223358172,19
2016-01-05,22.48658531247566,20
2016-01-06,22.79591173796638,20
2016-01-07,21.748494095087885,20
2016-01-08,21.84837874945823,20
2016-01-11,20.923092169893962,20
2016-01-12,21.072403702034485,20
2016-01-13,20.65882431076704,20
2016-01-14,21.104221522673974,20
2016-01-15,20.75624698011544,20
2016-01-18,21.015914607503124,20
2016-01-19,21.450183370647782,20
2016-01-20,21.389593886752998,20
2016-01-21,21.08000287457308,20
2016-01-22,21.29539129109152,20
2016-01-25,21.40440572920834,20
2016-01-26,20.519875074203718,20
2016-01-27,20.499722407530516,20
2016-01-28,20.105969483805097,20
2016-01-29,20.555051826630045,20
2016-02-01,20.540399566415708,20
2016-02-02,20.742592672141253,20
2016-02-03,20.78187520943374,20
2016-02-04,20.901424783984016,20
2016-02-05,20.837799748841707,20
2016-02-15,20.823303842294372,20
2016-02-16,21.056278807480055,20
2016-02-17,21.09635896031118,20
2016-02-18,21.090989191190566,20
2016-02-19,21.12064665078186,20
2016-02-22,21.28198218585661,20
2016-02-23,21.240610683116746,20
2016-02-24,21.211536929641305,20
2016-02-25,20.732442137545885,20
2016-02-26,20.73212090376073,20
2016-02-29,20.386412773494275,20
2016-03-01,20.50666963922689,20
2016-03-02,20.75381873066366,20
2016-03-03,20.747084328598667,20
2016-03-04,20.54730623157484,20
2016-03-07,20.684098058717485,20
2016-03-08,20.774182544389184,20
2016-03-09,20.63323115135676,20
2016-03-10,20.540636141886672,20
2016-03-11,20.5672073993517,20
2016-03-14,20.79965805387347,20
2016-03-15,20.751102992051813,20
2016-03-16,20.71567011795497,20
2016-03-17,20.88057029744376,20
2016-03-18,21.071895845298204,20
2016-03-21,21.22496216293234,20
2016-03-22,21.23129874003408,20
2016-03-23,21.290147907481256,20
2016-03-24,21.31270380775627,20
2016-03-25,21.323525229356864,20
2016-03-28,21.29324156978387,20
2016-03-29,21.157803922533038,20
2016-03-30,21.36372988265549,20
2016-03-31,21.382436978576454,20
2016-04-01,21.36910713730778,20
2016-04-05,21.540605216153875,20
2016-04-06,21.569918537427604,20
2016-04-07,21.4901329555325,20
2016-04-08,21.445895559101704,20
2016-04-11,21.575078975357712,20
2016-04-12,21.547247886068718,20
2016-04-13,21.62379133188195,20
2016-04-14,21.681033950284075,20
2016-04-15,21.68807813652201,20
2016-04-18,21.613308727622258,20
2016-04-19,21.630565009246354,20
2016-04-20,21.392495182702717,20
2016-04-21,21.38058295316214,20
2016-04-22,21.423102563854492,20
2016-04-25,21.420711329301614,20
2016-04-26,21.49393932528723,20
2016-04-27,21.48271537081341,20
2016-04-28,21.46781344863726,20
2016-04-29,21.46882310210918,20
2016-05-03,21.678283288287023,20
2016-05-04,21.68092334111261,20
2016-05-05,21.75030645516153,20
2016-05-06,21.457552227945914,20
2016-05-09,21.111085978053055,20
2016-05-10,21.113091742582643,20
2016-05-11,21.106056282227808,20
2016-05-12,21.034671219776264,20
2016-05-13,21.003736548889833,20
2016-05-16,21.123147106516868,20
2016-05-17,21.14243054430916,20
2016-05-18,20.886784191671627,20
2016-05-19,20.936922147674824,20
2016-05-20,21.02741436160296,20
2016-05-23,21.181137468314663,20
2016-05-24,21.11797442708845,20
2016-05-25,21.16019406779951,20
2016-05-26,21.251822650003888,20
2016-05-27,21.253068681352293,20
2016-05-30,21.262983800420148,20
2016-05-31,21.609633681804066,20
2016-06-01,21.641751180514238,20
2016-06-02,21.71396104218732,20
2016-06-03,21.762843488399888,20
2016-06-06,21.78159064763565,20
2016-06-07,21.86241366502293,20
2016-06-08,21.877105509386514,20
2016-06-13,21.431440852530013,20
2016-06-14,21.43452801570783,20
2016-06-15,21.71459126322816,20
2016-06-16,21.730420432389014,20
2016-06-17,21.847337378156006,20
2016-06-20,21.98150299900593,20
2016-06-21,21.88418464246738,20
2016-06-22,22.07505718635475,20
2016-06-23,22.060029835950605,20
2016-06-24,21.96275608678188,20
2016-06-27,22.194116710152514,20
2016-06-28,22.34256935409756,20
2016-06-29,22.397726140372782,20
2016-06-30,22.37129021671567,20
2016-07-01,22.31005502553638,20
2016-07-04,22.543185583343,20
2016-07-05,22.650960683228664,20
2016-07-06,22.83961004018109,20
2016-07-07,22.793165526394862,20
2016-07-08,22.75715788627075,20
2016-07-11,22.717233869216713,20
2016-07-12,22.878153902678168,20
2016-07-13,22.930767277831205,20
2016-07-14,22.947113005802805,20
2016-07-15,22.878507424629593,20
2016-07-18,22.843654668340722,20
2016-07-19,22.920341820440193,20
2016-07-20,22.99647798408202,20
2016-07-21,23.056479747768023,20
2016-07-22,22.918835745465596,20
2016-07-25,22.905707370761725,20
2016-07-26,23.050751064610242,20
2016-07-27,22.455053543564254,20
2016-07-28,22.48329677215477,20
2016-07-29,22.41094293775309,20
2016-08-01,22.196466653075145,20
2016-08-02,22.333656013549348,20
2016-08-03,22.4324413910016,20
2016-08-04,22.457670268060575,20
2016-08-05,22.34905951156645,20
2016-08-08,22.5536753564026,20
2016-08-09,22.678533869855002,20
2016-08-10,22.602453121689337,20
2016-08-11,22.342833339760066,20
2016-08-12,22.50780123504637,20
2016-08-15,22.886809169314592,20
2016-08-16,23.03216954028078,20
2016-08-17,23.020481590337464,20
2016-08-18,22.97755672043781,20
2016-08-19,23.125948593368612,20
2016-08-22,23.020824092398186,20
2016-08-23,23.042192001898513,20
2016-08-24,23.213424387364014,20
2016-08-25,23.20748621218645,20
2016-08-26,23.30955032484352,20
2016-08-29,23.479028865434604,20
2016-08-30,23.496737660696603,20
2016-08-31,23.531921797984594,20
2016-09-01,23.41172518926315,20
2016-09-02,23.601157563672142,20
2016-09-05,23.586401467285775,20
2016-09-06,23.869981769297034,20
2016-09-07,23.85168230224034,20
2016-09-08,24.033751540538713,20
2016-09-09,23.790311945547316,20
2016-09-12,23.199232424232797,20
2016-09-13,23.319062808963913,20
2016-09-14,23.180259133159275,20
2016-09-19,23.41891476114656,20
2016-09-20,23.350675836139605,20
2016-09-21,23.452063847458053,20
2016-09-22,23.611739910363777,20
2016-09-23,23.702788620536406,20
2016-09-26,23.264507819074442,20
2016-09-27,23.440994570433894,20
2016-09-28,23.49974398841702,20
2016-09-29,23.639305112779624,20
2016-09-30,23.66673956279855,20
2016-10-10,24.0720563817307,20
2016-10-11,24.238393491832745,20
2016-10-12,24.265572842256418,20
2016-10-13,24.214550314389495,20
2016-10-14,24.284461886657915,20
2016-10-17,24.18247245832756,20
2016-10-18,24.482382291978876,20
2016-10-19,24.374822920242885,20
2016-10-20,24.45941658108036,20
2016-10-21,24.32410576958851,20
2016-10-24,24.571738338647354,20
2016-10-25,24.65265256759154,20
2016-10-26,24.596389165261616,20
2016-10-27,24.60376939781773,20
2016-10-28,24.558104568697665,20
2016-10-31,24.576341450481944,20
2016-11-01,24.96160070436201,20
2016-11-02,24.807868179302428,20
2016-11-03,24.929045228097902,20
2016-11-04,25.012454690418167,20
2016-11-07,24.970433377733197,20
2016-11-08,25.07862173946157,20
2016-11-09,24.85028085169927,20
2016-11-10,25.387506241269534,20
2016-11-11,25.66495064228543,20
2016-11-14,25.78267418983694,20
2016-11-15,25.851901464678797,20
2016-11-16,25.853490866344305,20
2016-11-17,25.894518710810047,20
2016-11-18,26.022629603832474,20
2016-11-21,26.383269486059387,20
2016-11-22,26.70641477937023,20
2016-11-23,26.367585264865184,20
2016-11-24,26.084785189716268,20
2016-11-25,26.14886239975323,20
2016-11-28,25.95976786676824,20
2016-11-29,25.74566099054559,20
2016-11-30,25.709982282709113,20
2016-12-01,26.042452975536865,20
2016-12-02,25.741656420089228,20
2016-12-05,25.787065930685753,20
2016-12-06,25.85270026136037,20
2016-12-07,26.206038499387287,20
2016-12-08,26.189836164204294,20
2016-12-09,26.040025509921136,20
2016-12-12,24.74418943891028,20
2016-12-13,24.793701210653214,20
2016-12-14,24.494152324816053,20
2016-12-15,24.663262873657544,20
2016-12-16,25.010281361299022,20
2016-12-19,25.19207523355376,20
2016-12-20,24.984509224493138,20
2016-12-21,25.156100520685534,20
2016-12-22,25.248012835372784,20
2016-12-23,24.77631677162335,20
2016-12-26,24.90475423698407,20
2016-12-27,24.993878946327456,20
2016-12-28,24.947375938169206,20
2016-12-29,24.82066135536502,20
2016-12-30,24.876211441574068,20
2017-01-03,25.02509459222614,20
2017-01-04,25.11228681577641,20
2017-01-05,25.006447259299055,20
2017-01-06,24.938699893088966,20
2017-01-09,24.99257059122821,20
2017-01-10,24.934891820332933,20
2017-01-11,24.70193766869063,20
2017-01-12,24.497157499159595,20
2017-01-13,24.091355863838285,20
2017-01-16,23.412331449565173,20
2017-01-17,23.639987873312798,20
2017-01-18,23.441394871554007,20
2017-01-19,23.38355991329368,20
2017-01-20,23.655848622284466,20
2017-01-23,23.843447308471237,20
2017-01-24,23.71828534022985,20
2017-01-25,23.812180522586193,20
2017-01-26,23.882948277131945,20
2017-02-03,23.772904451343273,20
2017-02-06,24.10047455706293,20
2017-02-07,24.15075730339667,20
2017-02-08,24.195053896112704,20
2017-02-09,24.36903320921487,20
2017-02-10,24.27374662645911,20
2017-02-13,24.410437132095534,20
2017-02-14,24.377159575728427,20
2017-02-15,24.200307837002143,20
2017-02-16,24.257172055950587,20
2017-02-17,24.13959243180799,20
2017-02-20,24.372403399080653,20
2017-02-21,24.515149845318668,20
2017-02-22,24.588475195698727,20
2017-02-23,24.72758162410468,20
2017-02-24,24.801019583545067,20
2017-02-27,24.651824413800053,20
2017-02-28,24.83880575313914,20
2017-03-01,24.89478988534873,20
2017-03-02,24.822709462768962,20
2017-03-03,24.987993722442855,20
2017-03-06,25.26525765926926,20
2017-03-07,25.355829178240498,20
2017-03-08,25.342197285470576,20
2017-03-09,25.220793460166107,20
2017-03-10,25.25010680514807,20
2017-03-13,25.425283919755888,20
2017-03-14,25.507990856329034,20
2017-03-15,25.63504114842776,20
2017-03-16,25.9702931541502,20
2017-03-17,25.912124606712243,20
2017-03-20,26.09386249003646,20
2017-03-21,26.29145889701192,20
2017-03-22,26.12670918361093,20
2017-03-23,26.22073481984505,20
2017-03-24,26.370287178678208,20
2017-03-27,26.22417272003717,20
2017-03-28,26.262846010331938,20
2017-03-29,26.03059783173368,20
2017-03-30,25.58544030103656,20
2017-03-31,25.819462121082456,20
2017-04-05,26.00513790020632,20
2017-04-06,26.126998155177716,20
2017-04-07,26.057433420500242,20
2017-04-10,25.70795247371914,20
2017-04-11,25.748974723658968,20
2017-04-12,25.49881934343503,20
2017-04-13,25.58192818492724,20
2017-04-14,25.32143117789043,20
2017-04-17,24.92114175983582,20
2017-04-18,24.75648420845148,20
2017-04-19,24.45935820650799,20
2017-04-20,24.318765865653766,20
2017-04-21,24.253856208488656,20
2017-04-24,23.89209950640618,20
2017-04-25,23.966345821788778,20
2017-04-26,23.999372864697783,20
2017-04-27,24.05057196264897,20
2017-04-28,24.12820573233897,20
2017-05-02,24.091455056786565,20
2017-05-03,24.107992460239668,20
2017-05-04,24.112358695731476,20
2017-05-05,24.03333753741762,20
2017-05-08,23.86068636881952,20
2017-05-09,23.941618888077834,20
2017-05-10,23.835232942258752,20
2017-05-11,23.815637409777963,20
2017-05-12,23.750716934098474,20
2017-05-15,23.758072532120153,20
2017-05-16,23.964792983481004,20
2017-05-17,23.998379533828167,20
2017-05-18,23.943417553753825,20
2017-05-19,23.929068008938412,20
2017-05-22,23.70532656612878,20
2017-05-23,23.24392764752748,20
2017-05-24,23.309992061971595,20
2017-05-25,23.303374111282803,20
2017-05-26,23.314268140750027,20
2017-05-31,23.30885798586655,20
2017-06-01,22.96772558002821,20
2017-06-02,23.082577669184147,20
2017-06-05,23.12549774697454,20
2017-06-06,23.16320383738418,20
2017-06-07,23.468593127787205,20
2017-06-08,23.478315148218822,20
2017-06-09,23.489161057703097,20
2017-06-12,23.360561521718175,20
2017-06-13,23.519778531805652,20
2017-06-14,23.57226537013949,20
2017-06-15,23.71091017011622,20
2017-06-16,23.659242172408213,20
2017-06-19,23.65263294349272,20
2017-06-20,23.67676468715398,20
2017-06-21,23.64179708646217,20
2017-06-22,23.498175495566784,20
2017-06-23,23.496813099814315,20
2017-06-26,23.597504853625807,20
2017-06-27,23.657803555311673,20
2017-06-28,23.611193930041004,20
2017-06-29,23.65623905235816,20
2017-06-30,23.721581921280805,20
2017-07-03,23.739532145975705,20
2017-07-04,23.712398317514968,20
2017-07-05,23.794649389039197,20
2017-07-06,23.782894709843305,20
2017-07-07,23.8624461388923,20
2017-07-10,23.72584509333753,20
2017-07-11,23.646239822615396,20
2017-07-12,23.669423482494153,20
2017-07-13,23.708289734837894,20
2017-07-14,23.63072447889539,20
2017-07-17,23.133903048742532,20
2017-07-18,23.272430837502622,20
2017-07-19,23.34773741497838,20
2017-07-20,23.383340436695335,20
2017-07-21,23.267799586530383,20
2017-07-24,23.30845756962191,20
2017-07-25,23.26055898651773,20
2017-07-26,23.255762201598706,20
2017-07-27,23.438826961834653,20
2017-07-28,23.423455350648872,20
2017-07-31,23.490204192025065,20
2017-08-01,23.497751108059713,20
2017-08-02,23.396738327588505,20
2017-08-03,23.43786563895571,20
2017-08-04,23.34235746440738,20
2017-08-07,23.414131145235892,20
2017-08-08,23.444135514375063,20
2017-08-09,23.486650638490623,20
2017-08-10,23.435988666199314,20
2017-08-11,23.39492505396223,20
2017-08-14,23.650885483350308,20
2017-08-15,23.727255334017343,20
2017-08-16,23.83604188559014,20
2017-08-17,23.90880134585977,20
2017-08-18,23.8504991917815,20
2017-08-21,23.914867172892166,20
2017-08-22,23.881430151943658,20
2017-08-23,23.919557921571755,20
2017-08-24,23.84190402473129,20
2017-08-25,24.01576453159395,20
2017-08-28,24.258009427060024,20
2017-08-29,24.276622043785594,20
2017-08-30,24.219170631015484,20
2017-08-31,24.401648953849058,20
2017-09-01,24.42166768539693,20
2017-09-04,24.550827466854923,20
2017-09-05,24.658382557978005,20
2017-09-06,24.775837068307037,20
2017-09-07,24.776538571128512,20
2017-09-08,24.76230410458916,20
2017-09-11,24.993577428728667,20
2017-09-12,24.683044933899453,20
2017-09-13,24.724159871373427,20
2017-09-14,24.631547856976628,20
2017-09-15,24.60022022516154,20
2017-09-18,24.831629701866984,20
2017-09-19,24.892704337831578,20
2017-09-20,25.13090825027941,20
2017-09-21,24.992431705831887,20
2017-09-22,25.04014502612028,20
2017-09-25,24.782432195330014,20
2017-09-26,24.614236474058043,20
2017-09-27,24.813703427054985,20
2017-09-28,24.764838321373976,20
2017-09-29,25.039346634393127,20
2017-10-09,25.3798406559005,20
2017-10-10,25.776340397725434,20
2017-10-11,25.696000710780165,20
2017-10-12,25.623480097884908,20
2017-10-13,25.97753179644995,20
2017-10-16,25.47795596282859,20
2017-10-17,25.590832026337967,20
2017-10-18,25.319928507676494,20
2017-10-19,25.116525834294666,20
2017-10-20,25.30913772306348,20
2017-10-23,25.395473926738774,20
2017-10-24,25.313564907179938,20
2017-10-25,25.670582805280755,20
2017-10-26,25.849125055103435,20
2017-10-27,25.78979393118893,20
2017-10-30,25.245002014775917,20
2017-10-31,25.52228771947528,20
2017-11-01,25.66534380416695,20
2017-11-02,25.401797455452954,20
2017-11-03,25.264351338695437,20
2017-11-06,25.547231236655524,20
2017-11-07,25.56585705213873,20
2017-11-08,25.632760760849404,20
2017-11-09,25.689394520106898,20
2017-11-10,25.790730682675036,20
2017-11-13,25.975033185401063,20
2017-11-14,25.685172145121847,20
2017-11-15,25.516920046129357,20
2017-11-16,25.423355996670143,20
2017-11-17,24.369685283046152,20
2017-11-20,24.198555642090795,20
2017-11-21,24.081058557005427,20
2017-11-22,24.02424836167403,20
2017-11-23,23.70156692863305,20
2017-11-24,23.769311005285545,20
2017-11-27,23.588249925789857,20
2017-11-28,23.831360649891398,20
2017-11-29,23.557267649540428,20
2017-11-30,23.51268996632811,20
2017-12-01,23.639407516213417,20
2017-12-04,23.410924337288353,20
2017-12-05,23.008913821976304,20
2017-12-06,23.179784864128692,20
2017-12-07,23.160458749908866,20
2017-12-08,23.364993109771806,20
2017-12-11,23.476419232827052,20
2017-12-12,23.268433976361454,20
2017-12-13,23.364229130154914,20
2017-12-14,23.424480481399282,20
2017-12-15,23.463737272542165,20
2017-12-18,23.367706718065165,20
2017-12-19,23.423687984933924,20
2017-12-20,23.22937382990711,20
2017-12-21,23.187958726386373,20
2017-12-22,23.176562650118427,20
2017-12-25,22.940247168202195,20
2017-12-26,23.16837982435632,20
2017-12-27,23.24282152328309,20
2017-12-28,23.387594162211744,20
2017-12-29,23.445061381218384,20
2018-01-02,23.42336550323414,20
2018-01-03,23.46053182691027,20
2018-01-04,23.421087389134964,20
2018-01-05,23.44650731891176,20
2018-01-08,23.414871452240686,20
2018-01-09,23.43790868163737,20
2018-01-10,23.299760579706675,20
2018-01-11,23.440514643219032,20
2018-01-12,23.354761832215388,20
2018-01-15,23.074782795313258,20
2018-01-16,23.204608816518718,20
2018-01-17,23.261964861661788,20
2018-01-18,23.250254381410606,20
2018-01-19,23.21710353678601,20
2018-01-22,23.329137686231864,20
2018-01-23,23.349941510626383,20
2018-01-24,23.444803338271974,20
2018-01-25,23.383331182224534,20
2018-01-26,23.338253954681004,20
2018-01-29,23.243509809120347,20
2018-01-30,23.25116317935205,20
2018-01-31,23.06759555349525,20
2018-02-01,22.709291498687087,20
2018-02-02,22.588024756585614,20
2018-02-05,22.439105821393937,20
2018-02-06,21.82958905621699,20
2018-02-07,21.929984914759086,20
2018-02-08,22.092270398112316,20
2018-02-09,21.95556778913509,20
2018-02-12,22.252714562236314,20
2018-02-13,22.279984095946965,20
2018-02-14,22.287456905788844,20
2018-02-22,22.42891818768082,20
2018-02-23,22.534645240497106,20
2018-02-26,22.862168906676565,20
2018-02-27,22.956574549625024,20
2018-02-28,22.95107355833723,20
2018-03-01,23.04772213899521,20
2018-03-02,22.974726354950203,20
2018-03-05,23.03184944388323,20
2018-03-06,23.186005995119015,20
2018-03-07,23.132545554539302,20
2018-03-08,23.31227979982297,20
2018-03-09,23.532568356307628,20
2018-03-12,23.632156658335568,20
2018-03-13,23.563664645539173,20
2018-03-14,23.517516208467427,20
2018-03-15,23.29138672682491,20
2018-03-16,23.33667258587791,20
2018-03-19,23.439366021142384,20
2018-03-20,23.48653228138451,20
2018-03-21,23.510243609022368,20
2018-03-22,23.599922167189895,20
2018-03-23,23.117139624493426,20
2018-03-26,23.312952216569364,20
2018-03-27,23.62308830832777,20
2018-03-28,23.692915095142936,20
2018-03-29,23.788557896823605,20
2018-03-30,24.021674949127597,20
2018-04-02,24.005054537411,20
2018-04-03,23.99720556430403,20
2018-04-04,24.0594165455738,20
2018-04-09,24.12739759465039,20
2018-04-10,24.11771108706544,20
2018-04-11,24.212881737730697,20
2018-04-12,24.240636499978663,20
2018-04-13,24.24073966247579,20
2018-04-16,24.121294908042795,20
2018-04-17,23.926849181097943,20
2018-04-18,24.021220546676474,20
2018-04-19,23.977360086496635,20
2018-04-20,23.744765730870906,20
2018-04-23,23.765239987683128,20
2018-04-24,23.947243978914454,20
2018-04-25,24.005128461807317,20
2018-04-26,23.851351743710957,20
2018-04-27,23.852544970512707,20
2018-05-02,23.837406375133757,20
2018-05-03,23.92589285523787,20
2018-05-04,23.967866487461396,20
2018-05-07,24.075875487036,20
2018-05-08,24.113491610178833,20
2018-05-09,24.13057079444349,20
2018-05-10,24.228340393670084,20
2018-05-11,24.119818502827464,20
2018-05-14,24.067911480869356,20
2018-05-15,24.149469031657933,20
2018-05-16,24.090881337929737,20
2018-05-17,24.111373835249047,20
2018-05-18,24.12999297690442,20
2018-05-21,24.230639513928676,20
2018-05-22,24.264550684304428,20
2018-05-23,24.241021792336074,20
2018-05-24,24.206985474351296,20
2018-05-25,24.21173582356453,20
2018-05-28,24.092288398415896,20
2018-05-29,24.026527456387143,20
2018-05-30,23.729565881259305,20
2018-05-31,23.854151801384223,20
2018-06-01,23.831120502578546,20
2018-06-04,23.88071240824068,20
2018-06-05,23.971810658002322,20
2018-06-06,24.021712378960725,20
2018-06-07,23.93739030569792,20
2018-06-08,23.890127568306678,20
2018-06-11,23.85942349825938,20
2018-06-12,23.86888536596721,20
2018-06-13,23.753712513802167,20
2018-06-14,23.704416927374826,20
2018-06-15,23.548357977936693,20
2018-06-19,23.106649103191337,20
2018-06-20,23.21356073227254,20
2018-06-21,23.08708613160008,20
2018-06-22,23.16764428931205,20
2018-06-25,23.12694705068613,20
2018-06-26,23.209132423383675,20
2018-06-27,23.16736468020634,20
2018-06-28,23.114220168089,20
2018-06-29,23.26770680498901,20
2018-07-02,23.141230651046378,20
2018-07-03,23.216497307481088,20
2018-07-04,23.14727967002144,20
2018-07-05,23.04129437608485,20
2018-07-06,23.046145211140523,20
2018-07-09,23.1618612311355,20
2018-07-10,23.236238388095202,20
2018-07-11,23.069698613496872,20
2018-07-12,23.20477902231689,20
2018-07-13,23.1767885424527,20
2018-07-16,23.1754417329831,20
2018-07-17,23.2025425939708,20
2018-07-18,23.208522013199666,20
2018-07-19,23.206620173338244,20
2018-07-20,23.251710499613477,20
2018-07-23,23.285509542734516,20
2018-07-24,23.371163313143093,20
2018-07-25,23.36339301188586,20
2018-07-26,23.35706515473716,20
2018-07-27,23.331275277500595,20
2018-07-30,23.305898008869253,20
2018-07-31,23.29837960661912,20
2018-08-01,23.191979026596723,20
2018-08-02,23.055335138561045,20
2018-08-03,23.01934171974595,20
2018-08-06,22.949900282295495,20
2018-08-07,23.02946449279071,20
2018-08-08,22.954373545180317,20
2018-08-09,23.05874018644493,20
2018-08-10,23.068027489902278,20
2018-08-13,23.074737278254442,20
2018-08-14,23.114433766681078,20
2018-08-15,23.02905783943588,20
2018-08-16,22.97654604748785,20
2018-08-17,22.906315258516106,20
2018-08-20,22.934896706441947,20
2018-08-21,22.957097602234736,20
2018-08-22,22.89895329339552,20
2018-08-23,22.934593223852517,20
2018-08-24,22.932181346483365,20
2018-08-27,23.018231613321337,20
2018-08-28,23.030183394160453,20
2018-08-29,23.009010688591186,20
2018-08-30,22.94868782734594,20
2018-08-31,22.92644713745082,20
2018-09-03,22.889039653476345,20
2018-09-04,22.93519742472927,20
2018-09-05,22.884916930756944,20
2018-09-06,22.8535940205843,20
2018-09-07,22.87957425312617,20
2018-09-10,22.78110126867651,20
2018-09-11,22.80423188230945,20
2018-09-12,22.809287965059788,20
2018-09-13,22.83864213056469,20
2018-09-14,22.82141996333677,20
2018-09-17,22.70534407884123,20
2018-09-18,22.76134711266607,20
2018-09-19,22.807610987721116,20
2018-09-20,22.78132533403791,20
2018-09-21,22.830122161046457,20
2018-09-25,22.83570886893909,20
2018-09-26,22.86489212288227,20
2018-09-27,22.75185223281617,20
2018-09-28,22.79480267959101,20
2018-10-08,22.609469151068243,20
2018-10-09,22.59952999835326,20
2018-10-10,22.64857307265563,20
2018-10-11,22.3718636300673,20
2018-10-12,22.41179428376967,20
2018-10-15,22.409772441212894,20
2018-10-16,22.36858006087694,20
2018-10-17,22.404637191970394,20
2018-10-18,22.322362929217842,20
2018-10-19,22.389562921344947,20
2018-10-22,22.596386058210687,20
2018-10-23,22.52256052912037,20
2018-10-24,22.52050378509076,20
2018-10-25,22.503804744191665,20
2018-10-26,22.517942860516417,20
2018-10-29,22.475479189750178,20
2018-10-30,22.526873146158973,20
2018-10-31,22.59600927217615,20
2018-11-01,22.54194396068739,20
2018-11-02,22.649422919910332,20
2018-11-05,22.665043335646793,20
2018-11-06,22.65785801824686,20
2018-11-07,22.63261283368966,20
2018-11-08,22.617306880017754,20
2018-11-09,22.603716917490456,20
2018-11-12,22.73270765479666,20
2018-11-13,22.80406517494974,20
2018-11-14,22.824292135705118,20
2018-11-15,22.957319285642907,20
2018-11-16,23.006517137019227,20
2018-11-19,23.023181210427754,20
2018-11-20,22.921380878476036,20
2018-11-21,22.989551763740607,20
2018-11-22,23.00075476044114,20
2018-11-23,22.830579434718487,20
2018-11-26,22.809887410314786,20
2018-11-27,22.845066499635525,20
2018-11-28,22.881714291894635,20
2018-11-29,22.74275941916623,20
2018-11-30,22.807767879533568,20
2018-12-03,22.9041767970795,20
2018-12-04,22.938690800381423,20
2018-12-05,22.91378260897044,20
2018-12-06,22.855253025200312,20
2018-12-07,22.866041045595665,20
2018-12-10,22.806556878652888,20
2018-12-11,22.81223439372506,20
2018-12-12,22.840089276302162,20
2018-12-13,22.87218876849859,20
2018-12-14,22.79052408104549,20
2018-12-17,22.782310030688176,20
2018-12-18,22.73834078285986,20
2018-12-19,22.682515673137328,20
2018-12-20,22.71078459465256,20
2018-12-21,22.723832220829664,20
2018-12-24,22.800006403545424,20
2018-12-25,22.803821084797722,20
2018-12-26,22.813944632894337,20
2018-12-27,22.79197789679606,20
2018-12-28,22.78575105534108,20
2019-01-02,22.74073215222851,20
2019-01-03,22.721081684048336,20
2019-01-04,22.828887777551376,20
2019-01-07,22.90296151594674,20
2019-01-08,22.880148849355844,20
2019-01-09,22.89324485408173,20
2019-01-10,22.88414964543785,20
2019-01-11,22.91375510340859,20
2019-01-14,22.912743242095825,20
2019-01-15,22.949086964321264,20
2019-01-16,22.966295424769715,20
2019-01-17,22.913715374959754,20
2019-01-18,22.950084072794542,20
2019-01-21,22.962851283717676,20
2019-01-22,22.951551694092366,20
2019-01-23,22.96302685837824,20
2019-01-24,22.981501998622136,20
2019-01-25,22.937531522458297,20
2019-01-28,22.90583700147298,20
2019-01-29,22.821843481854977,20
2019-01-30,22.75294413879301,20
2019-01-31,22.652755701203564,20
2019-02-01,22.72564303862335,20
2019-02-11,22.816057754035807,19
2019-02-12,22.872997288714693,19
2019-02-13,22.9338723899881,19
2019-02-14,22.946951882349875,19
2019-02-15,22.969423265835,19
2019-02-18,23.103586506099774,19
2019-02-19,23.10152107729386,19
2019-02-20,23.128657082280036,19
2019-02-21,23.10262437115804,19
2019-02-22,23.156835306477753,19
2019-02-25,23.308296247232192,19
2019-02-26,23.286935314426785,19
2019-02-27,23.259971586139194,19
2019-02-28,23.558110516625593,19
2019-03-01,23.569125013047664,19
2019-03-04,23.69820549757476,20
2019-03-05,23.936720793309757,20
2019-03-06,24.145109801402267,20
2019-03-07,24.30086844556894,20
2019-03-08,23.7819255975324,20
2019-03-11,24.23235419283528,20
2019-03-12,24.384899172759244,20
2019-03-13,24.28839284316391,20
2019-03-14,24.027851006367143,20
2019-03-15,24.212397917012282,20
2019-03-18,24.61347794309467,20
2019-03-19,24.639301654965376,20
2019-03-20,24.764536248255936,20
2019-03-21,24.884514558587615,20
2019-03-22,25.153158239060723,20
2019-03-25,25.11918794572556,20
2019-03-26,24.81624922435749,20
2019-03-27,24.96894836080207,20
2019-03-28,24.864106719871266,20
2019-03-29,25.062617457807505,20
2019-04-01,25.499514290940922,20
2019-04-02,25.54321512814299,20
2019-04-03,25.775833418775274,20
2019-04-04,25.89655557443479,20
2019-04-08,25.723819931823332,20
2019-04-09,25.73399408725557,20
2019-04-10,25.83876092348833,20
2019-04-11,25.493544241864054,20
2019-04-12,25.62787881981122,20
2019-04-15,25.519115134287002,20
2019-04-16,25.605569460756204,20
2019-04-17,25.693741229158967,20
2019-04-18,25.756022801708998,20
2019-04-19,25.967134507060145,20
2019-04-22,25.80562826021861,20
2019-04-23,25.688571414417225,20
2019-04-24,25.939699950784668,20
2019-04-25,25.561089021146596,20
2019-04-26,25.429800613584504,20
2019-04-29,25.270347970666155,20
2019-04-30,25.481586784799276,20
2019-05-06,24.322759886497675,20
2019-05-07,24.638193192346787,20
2019-05-08,24.69294800263737,20
2019-05-09,24.689547901772713,20
2019-05-10,25.211688008103344,20
2019-05-13,25.34599908710683,20
2019-05-14,25.20462865738522,20
2019-05-15,25.459808705918118,20
2019-05-16,25.626136210202084,20
2019-05-17,25.13738840980863,20
2019-05-20,24.98990396311152,20
2019-05-21,25.455027500975238,20
2019-05-22,25.190857222082037,20
2019-05-23,24.865982591925945,20
2019-05-24,24.816028325689913,20
2019-05-27,25.268236717418088,20
2019-05-28,25.40573042043395,20
2019-05-29,25.598737719754777,20
2019-05-30,25.507599138124075,20
2019-05-31,25.52787277768061,20
2019-06-03,25.298229622895033,20
2019-06-04,25.095613629938715,19
2019-06-05,25.210204869585986,19
2019-06-06,24.934456753998035,19
2019-06-10,25.06608438156007,19
2019-06-11,25.550904221140925,19
2019-06-12,25.47190737398172,19
2019-06-13,25.6217448662017,19
2019-06-14,25.332326399990368,19
2019-06-17,25.38792662054662,19
2019-06-18,25.366068615016104,19
2019-06-19,25.557873560664145,19
2019-06-20,25.821511068461913,19
2019-06-21,26.056246721353773,19
2019-06-24,26.085380832421485,19
2019-06-25,25.898740123072237,19
2019-06-26,26.018565099078746,19
2019-06-27,26.186513814968468,19
2019-06-28,25.944220774940106,19
2019-07-01,26.24558494594739,19
2019-07-02,26.411103445426757,20
2019-07-03,26.29028888374997,20
2019-07-04,26.31198556579142,20
2019-07-05,26.380504122528333,20
2019-07-08,25.937355447008954,20
2019-07-09,26.135635281462303,20
2019-07-10,26.140699359732107,20
2019-07-11,26.251412966023484,20
2019-07-12,26.345588077849474,20
2019-07-15,26.38433708610871,20
2019-07-16,26.429824421250096,20
2019-07-17,26.359792527395456,20
2019-07-18,26.00551536978988,20
2019-07-19,26.082117334903018,20
2019-07-22,25.61547585489005,20
2019-07-23,25.787343272622497,20
2019-07-24,25.947219986756505,20
2019-07-25,25.995064601932967,20
2019-07-26,26.033632899839635,20
2019-07-29,26.114663132294435,20
2019-07-30,26.18789647495897,20
2019-07-31,26.122693936558683,20
2019-08-01,26.128639886945717,20
2019-08-02,25.801403223623357,20
2019-08-05,25.564392163561656,20
2019-08-06,25.107047059629497,20
2019-08-07,25.056169743958733,20
2019-08-08,25.06126540698576,20
2019-08-09,24.883678982009755,20
2019-08-12,25.145892961758776,20
2019-08-13,25.079334599306936,20
2019-08-14,25.09867246216583,20
2019-08-15,25.09491636995885,20
2019-08-16,25.38819037820844,20
2019-08-19,25.80959783941749,20
2019-08-20,25.766957792195786,20
2019-08-21,25.787403648611296,20
2019-08-22,25.85816397100872,20
2019-08-23,25.744215774340834,20
2019-08-26,25.640633802435083,20
2019-08-27,25.956678533267077,20
2019-08-28,26.037161227939734,20
2019-08-29,26.032457168378528,20
2019-08-30,25.712517967442068,20
2019-09-02,26.028824321569193,20
2019-09-03,26.07881322518958,20
2019-09-04,26.19565094802148,20
2019-09-05,26.271618506941582,20
2019-09-06,26.382814922650212,20
2019-09-09,26.723229747525377,20
2019-09-10,26.776783520928387,20
2019-09-11,26.72971825066422,20
2019-09-12,26.86049353055181,20
2019-09-16,26.912711242154284,20
2019-09-17,26.521573101235735,20
2019-09-18,26.629520811478628,20
2019-09-19,26.88119545077134,20
2019-09-20,26.96821574052481,20
2019-09-23,26.915846233521247,20
2019-09-24,26.86401191015466,20
2019-09-25,26.631679353557875,20
2019-09-26,26.20534507195387,20
2019-09-27,26.41259337598225,20
2019-09-30,26.34502911048365,20
2019-10-08,26.413547253728343,20
2019-10-09,26.54294574306095,20
2019-10-10,26.829343645517472,20
2019-10-11,26.843366830239617,20
2019-10-14,27.131567302867523,20
2019-10-15,27.030092860107626,20
2019-10-16,26.929515963931618,20
2019-10-17,26.872233658103646,20
2019-10-18,26.773007329665866,20
2019-10-21,26.68256214810828,20
2019-10-22,26.891510953427694,20
2019-10-23,26.798815678762946,20
2019-10-24,26.890759447401415,20
2019-10-25,27.007726864040848,20
2019-10-28,27.1167587266692,20
2019-10-29,26.8204167111359,20
2019-10-30,26.60278468252906,20
2019-10-31,26.555444320678916,20
2019-11-01,26.620868822153405,20
2019-11-04,26.576087758545754,20
2019-11-05,26.60757241802917,20
2019-11-06,26.633790203050793,20
2019-11-07,26.648962845773294,20
2019-11-08,26.64919696162201,20
2019-11-11,26.35393472928292,20
2019-11-12,26.366290633785486,20
2019-11-13,26.32094469647006,20
2019-11-14,26.3905917922217,20
2019-11-15,26.187994569329884,20
2019-11-18,26.210869137531105,20
2019-11-19,26.342423761540307,20
2019-11-20,26.21051677235199,20
2019-11-21,26.210361564317136,20
2019-11-22,26.1513054954033,20
2019-11-25,26.19041857856429,20
2019-11-26,26.153833174530355,20
2019-11-27,26.08391387274144,20
2019-11-28,26.024424718649954,20
2019-11-29,26.011022229083274,20
2019-12-02,26.054860793696466,20
2019-12-03,26.106222239393745,20
2019-12-04,26.144354394235837,20
2019-12-05,26.240385773079893,20
2019-12-06,26.26283687256491,20
2019-12-09,26.28830109412242,20
2019-12-10,26.34064164412369,20
2019-12-11,26.285521091861327,20
2019-12-12,26.245604896472443,20
2019-12-13,26.368749631211962,20
2019-12-16,26.47286412046802,20
2019-12-17,26.53207529000946,20
2019-12-18,26.563169484810548,20
2019-12-19,26.63427681372163,20
2019-12-20,26.590802458511657,20
2019-12-23,26.4208509062967,20
2019-12-24,26.57755384272304,20
2019-12-25,26.61637780405332,20
2019-12-26,26.737201503777037,20
2019-12-27,26.807963122411095,20
2019-12-30,26.888144103922283,20
2019-12-31,26.9782775863095,20
2020-01-02,27.159792999303985,20
2020-01-03,27.194453551768373,20
2020-01-06,27.217565464128093,20
2020-01-07,27.39580441945734,20
2020-01-08,27.20997225409894,20
2020-01-09,27.42907025024984,20
2020-01-10,27.406164812987747,20
2020-01-13,27.58422436313868,20
2020-01-14,27.65724837352733,20
2020-01-15,27.761264711171943,20
2020-01-16,27.527966015492815,20
2020-01-17,27.567530783108843,20
2020-01-20,27.737850393867188,20
2020-01-21,27.667477971722647,20
2020-01-22,27.589642063285947,20
2020-01-23,27.03434335247506,20
2020-02-03,25.12558522691537,20
2020-02-04,24.754590434541498,20
2020-02-05,25.077643720076157,20
2020-02-06,25.41016927307772,20
2020-02-07,25.582184129555706,20
2020-02-10,25.98116083589505,20
2020-02-11,25.84255914117242,20
2020-02-12,26.01777613601668,20
2020-02-13,25.792138495998636,20
2020-02-14,25.813675660773008,20
2020-02-17,26.52853729914853,20
2020-02-18,26.67155082595031,20
2020-02-19,26.624267567129614,20
2020-02-20,26.974501185643614,20
2020-02-21,27.11452654235419,20
2020-02-24,27.141969164758954,20
2020-02-25,26.807814071124234,20
2020-02-26,26.768533073806697,20
2020-02-27,26.961105383531123,20
2020-02-28,25.931424906506326,20
2020-03-02,26.569500829317693,20
2020-03-03,26.715310969060695,20
2020-03-04,27.014068831046576,20
2020-03-05,27.388626261265347,20
2020-03-06,27.496519564060073,20
2020-03-09,27.12783228567953,20
2020-03-10,27.44623032029974,20
2020-03-11,27.42615796120662,20
2020-03-12,27.086596048436082,20
2020-03-13,26.91552230016668,20
2020-03-16,26.70195256140109,20
2020-03-17,26.995199629282443,20
2020-03-18,26.78481177024346,20
2020-03-19,26.962318143705552,20
2020-03-20,27.190037863122253,20
2020-03-23,26.803151214301685,20
2020-03-24,27.02511831149428,20
2020-03-25,27.384595142447477,20
2020-03-26,27.256821353766863,20
2020-03-27,27.36753101525625,20
2020-03-30,27.094356371214587,20
2020-03-31,27.03381635635404,20
2020-04-01,26.90999820270879,20
2020-04-02,27.034608391477445,20
2020-04-03,26.965485559403195,20
2020-04-07,27.235883670100083,20
2020-04-08,27.422915899085588,20
2020-04-09,27.513420273102003,20
2020-04-10,27.37010320356993,20
2020-04-13,27.325307380783734,20
2020-04-14,27.49457767771795,20
2020-04-15,27.517231540609316,20
2020-04-16,27.50526386871118,20
2020-04-17,27.476943343754286,20
2020-04-20,27.57615766473002,20
2020-04-21,27.63778896772243,20
2020-04-22,27.65407328937197,20
2020-04-23,27.724679370895892,20
2020-04-24,27.660554662529627,20
2020-04-27,27.682805512823865,20
2020-04-28,27.553392618586525,20
2020-04-29,27.568402922709428,20
2020-04-30,27.625063581765872,20
2020-05-06,27.56006345085748,20
2020-05-07,27.60300556566259,20
2020-05-08,27.789739236140843,20
2020-05-11,27.82439284597223,20
2020-05-12,27.76764395249993,20
2020-05-13,27.94780787412414,20
2020-05-14,27.916346909867514,20
2020-05-15,27.919793231176882,20
2020-05-18,27.905388503796924,20
2020-05-19,28.18970546691075,20
2020-05-20,28.170498785704808,20
2020-05-21,28.09266898490113,20
2020-05-22,28.018274209708217,20
2020-05-25,28.172632433750056,20
2020-05-26,28.52596770366914,20
2020-05-27,28.528929834356422,20
2020-05-28,28.341008098118074,20
2020-05-29,28.44300308247964,20
2020-06-01,28.830353783990613,20
2020-06-02,29.044127789697242,20
2020-06-03,29.1312751654593,20
2020-06-04,29.464222047071793,20
2020-06-05,29.581620245453117,20
2020-06-08,29.580234020011776,20
2020-06-09,29.627222932507454,20
2020-06-10,29.557947142792273,20
2020-06-11,29.431762238069954,20
2020-06-12,29.31155059030239,20
2020-06-15,29.187959892335602,20
2020-06-16,29.425223144466212,20
2020-06-17,29.583917704247703,20
2020-06-18,29.58206494388422,20
2020-06-19,29.685494416886485,20
2020-06-22,29.724951177638438,20
2020-06-23,29.69776978747536,20
2020-06-24,29.59063441195007,20
2020-06-29,29.530610956258947,20
2020-06-30,29.77268324312291,20
2020-07-01,29.856113372636415,20
2020-07-02,30.18361088477538,20
2020-07-03,30.361136666598885,20
2020-07-06,31.084997188724756,20
2020-07-07,31.336886370321977,20
2020-07-08,31.929301179164934,20
2020-07-09,32.40162110907729,20
2020-07-10,32.20760038731152,20
2020-07-13,33.05431683415564,20
2020-07-14,33.0954103245776,20
2020-07-15,32.43777314496508,20
2020-07-16,31.76137045222314,20
2020-07-17,31.774003509884327,20
2020-07-20,32.739455931765406,20
2020-07-21,32.874568631578,20
2020-07-22,32.71251322263318,20
2020-07-23,32.411335997867006,20
2020-07-24,31.659425047107735,20
2020-07-27,31.559435365861738,20
2020-07-28,31.861512718288946,20
2020-07-29,32.26683225177571,20
2020-07-30,32.397385279919,20
2020-07-31,32.63932077605566,20
2020-08-03,33.110109542772975,20
2020-08-04,33.06537135130439,20
2020-08-05,33.15622711826733,20
2020-08-06,33.140051676938064,20
2020-08-07,32.88111309228286,20
2020-08-10,33.380968706823154,20
2020-08-11,33.01627835996822,20
2020-08-12,32.7730997307869,20
2020-08-13,33.093489452490154,20
2020-08-14,33.49529405931988,20
2020-08-17,33.9502043496414,20
2020-08-18,34.1123423245872,20
2020-08-19,33.947610320288305,20
2020-08-20,34.03620066679084,20
2020-08-21,34.377500310928255,20
2020-08-24,34.4942539902027,20
2020-08-25,34.72915360609051,20
2020-08-26,34.561802942810196,20
2020-08-27,34.68454534553136,20
2020-08-28,34.899076465100876,20
2020-08-31,34.80409519981639,20
2020-09-01,35.10072570456754,20
2020-09-02,35.36124120407585,20
2020-09-03,35.19166479540758,20
2020-09-04,35.2971718708826,20
2020-09-07,35.04505877210435,20
2020-09-08,35.48650664029972,20
2020-09-09,34.92031794163782,20
2020-09-10,33.545349676930456,20
2020-09-11,34.00320592679717,20
2020-09-14,34.441644477872345,20
2020-09-15,34.3588530531147,20
2020-09-16,34.328390749525305,20
2020-09-17,34.490632139159636,20
2020-09-18,34.705439144686416,20
2020-09-21,34.674545866421944,20
2020-09-22,34.15465818143653,20
2020-09-23,34.56451404991475,20
2020-09-24,33.8152944822334,20
2020-09-25,33.87794442744732,20
2020-09-28,33.104756078529924,20
2020-09-29,33.092506481096045,20
2020-09-30,33.06142062277174,20
2020-10-09,33.53476740757815,20
2020-10-12,34.19682663995118,20
2020-10-13,34.12942007859758,20
2020-10-14,34.051269150998515,20
2020-10-15,34.12545527751566,20
2020-10-16,34.20055886976829,20
2020-10-19,34.048383571449946,20
2020-10-20,34.29701823676798,20
2020-10-21,34.09790577945493,20
2020-10-22,33.95965505048623,20
2020-10-23,33.69035734864555,20
2020-10-26,33.879573280828616,20
2020-10-27,33.773584884393514,20
2020-10-28,33.81197041287073,20
2020-10-29,33.73241067057402,20
2020-10-30,33.18757739596598,20
2020-11-02,33.13448406712996,20
2020-11-03,33.62139792675383,20
2020-11-04,33.537806419405506,20
2020-11-05,33.80870283639411,20
2020-11-06,33.62144672587005,20
2020-11-09,33.957934474705134,20
2020-11-10,33.78342779750511,20
2020-11-11,33.59375836065214,20
2020-11-12,33.93236188466015,20
2020-11-13,34.11153476753845,20
2020-11-16,34.49126014398062,20
2020-11-17,34.32934109365879,20
2020-11-18,34.408621636135095,20
2020-11-19,34.357046355568286,20
2020-11-20,34.5386371557379,20
2020-11-23,34.60946352691355,20
2020-11-24,34.63400129120034,20
2020-11-25,34.23938776687169,20
2020-11-26,34.214709486254435,20
2020-11-27,34.234626040537876,20
2020-11-30,34.13575452354962,20
2020-12-01,34.23806814475576,20
2020-12-02,34.26669188472805,20
2020-12-03,34.460438029367516,20
2020-12-04,34.43524339449554,20
2020-12-07,34.27636589549819,20
2020-12-08,34.1839561744808,20
2020-12-09,33.86214351152836,20
2020-12-10,33.80162715338383,20
2020-12-11,33.3565960229287,20
2020-12-14,33.44244717992342,20
2020-12-15,33.37799952592289,20
2020-12-16,33.04056579526066,20
2020-12-17,33.17006875002035,20
2020-12-18,32.96487881091525,20
2020-12-21,33.0010919703388,20
2020-12-22,32.68491945720921,20
2020-12-23,32.656902294553625,20
2020-12-24,32.27842799610216,20
2020-12-25,32.50344108309345,20
2020-12-28,32.21910552892473,20
2020-12-29,32.2234994366179,20
2020-12-30,32.37216084089123,20
2020-12-31,32.49492159236817,20
2021-01-04,32.53371824893394,20
2021-01-05,32.47635954594681,20
2021-01-06,31.999252788560685,20
2021-01-07,31.316132755836016,20
2021-01-08,31.337835928948003,20
2021-01-11,30.82183198587774,20
2021-01-12,30.863840081384456,20
2021-01-13,30.32983639152808,20
2021-01-14,30.523572567870094,20
2021-01-15,30.953882699321824,20
2021-01-18,31.410238426297806,20
2021-01-19,31.63023755244493,20
2021-01-20,31.48081453873643,20
2021-01-21,31.59945273623171,20
2021-01-22,31.5427474869741,20
2021-01-25,31.226334533067817,20
2021-01-26,31.312860333939962,20
2021-01-27,31.18322351441906,20
2021-01-28,31.079969125601384,20
2021-01-29,30.840890264063834,20
2021-02-01,30.82024561865581,20
2021-02-02,30.826289561810235,20
2021-02-03,30.68256589004453,20
2021-02-04,30.46171882556287,20
2021-02-05,30.429016393219488,20
2021-02-08,30.3735756042389,20
2021-02-09,30.53163423115549,20
2021-02-10,30.571735381939494,20
2021-02-18,30.850238053967708,20
2021-02-19,31.143501809090722,20
2021-02-22,31.317239484680535,20
2021-02-23,31.239685798610875,20
2021-02-24,31.24514165704862,20
2021-02-25,31.150158684569657,20
2021-02-26,31.176978867865675,20
2021-03-01,31.324737642417674,20
2021-03-02,31.20123310145134,20
2021-03-03,31.309921541974013,20
2021-03-04,31.30419024046872,20
2021-03-05,31.41529166885892,20
2021-03-08,31.321239699897053,20
2021-03-09,31.220514296472412,20
2021-03-10,31.02481576921738,20
2021-03-11,31.167190078686684,20
2021-03-12,31.133085785149117,20
2021-03-15,31.17665776048749,20
2021-03-16,31.350035682689704,20
2021-03-17,31.421883821613704,20
2021-03-18,31.447402613384153,20
2021-03-19,31.474528351472017,20
2021-03-22,31.602129622016214,20
2021-03-23,31.524784104530195,20
2021-03-24,31.55068212577499,20
2021-03-25,31.45611586453848,20
2021-03-26,31.538180126455817,20
2021-03-29,31.605127102362715,20
2021-03-30,31.60348736062972,20
2021-03-31,31.64190985216679,20
2021-04-01,31.58015983751318,20
2021-04-02,31.56275919995323,20
2021-04-06,31.643585869513764,20
2021-04-07,31.729380270162086,20
2021-04-08,31.62265095993349,20
2021-04-09,31.65783215381365,20
2021-04-12,31.63678705893723,20
2021-04-13,31.55799586041976,20
2021-04-14,31.72154796050418,20
2021-04-15,31.662857925273837,20
2021-04-16,31.793995598369328,20
2021-04-19,31.865056111608503,20
2021-04-20,31.84609693738244,20
2021-04-21,31.88855651971734,20
2021-04-22,31.94882740484696,20
2021-04-23,31.853221693730294,20
2021-04-26,31.812623620278956,20
2021-04-27,31.669829713795924,20
2021-04-28,31.697393350371094,20
2021-04-29,31.844487990079944,20
2021-04-30,31.673400054411612,20
2021-05-06,31.693404347357518,20
2021-05-07,31.624426954099874,20
2021-05-10,31.557531775763437,20
2021-05-11,31.553879156117986,20
2021-05-12,31.63138315114798,20
2021-05-13,31.619874774628297,20
2021-05-14,31.732000355201336,20
2021-05-17,31.715498622328674,20
2021-05-18,31.6920090520577,20
2021-05-19,31.703392531996393,20
2021-05-20,31.675218005229674,20
2021-05-21,31.668588117376157,20
2021-05-24,31.71018734235384,20
2021-05-25,31.81710993838747,20
2021-05-26,31.888657880094982,20
2021-05-27,31.962835333326414,20
2021-05-28,31.87827442258377,20
2021-05-31,32.05558682836336,20
2021-06-01,32.27647262000804,20
2021-06-02,32.3257023931231,20
2021-06-03,32.39717833682335,20
2021-06-04,32.42069110534714,20
2021-06-07,32.55543346179358,20
2021-06-08,32.5475371026651,20
2021-06-09,32.61190440655423,20
2021-06-10,32.656985438271604,20
2021-06-11,32.66938713571366,20
2021-06-15,32.35856726347306,20
2021-06-16,32.15450740759306,20
2021-06-17,32.16710116752458,20
2021-06-18,32.31064483798477,20
2021-06-21,32.48541062093669,20
2021-06-22,32.636214012033754,20
2021-06-23,32.7239353920443,20
2021-06-24,32.778356309957346,20
2021-06-25,32.6661502732955,20
2021-06-28,32.9208618418769,20
2021-06-29,32.78332321361953,20
2021-06-30,32.890135122318284,20
2021-07-01,32.73453696463424,20
2021-07-02,32.57052839329179,20
2021-07-05,32.89265109345909,20
2021-07-06,32.957702060885055,20
2021-07-07,33.01073025651771,20
2021-07-08,32.90822141477996,20
2021-07-09,33.054514111323606,20
2021-07-12,33.30169748060555,20
2021-07-13,33.31674362878867,20
2021-07-14,33.12111240481377,20
2021-07-15,32.709545639321234,20
2021-07-16,32.56551912613356,20
2021-07-19,32.46495814907493,20
2021-07-20,32.45148449725557,20
2021-07-21,32.66156745514701,20
2021-07-22,32.85900067345171,20
2021-07-23,32.52427869263443,20
2021-07-26,32.218087424059924,20
2021-07-27,32.066555199716205,20
2021-07-28,31.667898546080096,20
2021-07-29,32.00805959753834,20
2021-07-30,32.31946623892755,20
2021-08-02,32.6937134255615,20
2021-08-03,32.762458889826306,20
2021-08-04,32.87265480393687,20
2021-08-05,32.81729079527016,20
2021-08-06,32.7159209772669,20
2021-08-09,33.147110949802396,20
2021-08-10,33.33415655432602,20
2021-08-11,33.538963302892334,20
2021-08-12,33.50005769176958,20
2021-08-13,33.52716737918673,20
2021-08-16,33.80892467161787,20
2021-08-17,33.35101351170643,20
2021-08-18,33.551457186160405,20
2021-08-19,33.38618020287479,20
2021-08-20,33.24106942249122,20
2021-08-23,33.89099583075473,20
2021-08-24,33.93956137314924,20
2021-08-25,34.181675720666135,20
2021-08-26,34.189777256546456,20
2021-08-27,34.16227532786763,20
2021-08-30,33.97551796036213,20
2021-08-31,34.09935023090573,20
2021-09-01,34.18204473217947,20
2021-09-02,34.27495136074697,20
2021-09-03,34.45833001205854,20
2021-09-06,34.673802875866826,20
2021-09-07,34.9304983691376,20
2021-09-08,35.092266359288566,20
2021-09-09,35.13978607570646,20
2021-09-10,35.01669500902454,20
2021-09-13,35.35772047870205,20
2021-09-14,35.06429427949526,20
2021-09-15,35.12727574611685,20
2021-09-16,35.12006464084996,20
2021-09-17,35.01262367850892,20
2021-09-22,35.30193148281594,20
2021-09-23,35.26490747650258,20
2021-09-24,34.81299471847304,20
2021-09-27,34.252073841231976,20
2021-09-28,34.29414302161496,20
2021-09-29,33.77455088815374,20
2021-09-30,34.17064968175233,20
2021-10-08,34.67649446443906,20
2021-10-11,34.75405472969808,20
2021-10-12,34.73164455295834,20
2021-10-13,34.887778673958124,20
2021-10-14,34.917833576419454,20
2021-10-15,34.89462223926556,20
2021-10-18,34.93044000992645,20
2021-10-19,34.9143058593684,20
2021-10-20,34.83675777395778,20
2021-10-21,34.65693337468529,20
2021-10-22,34.490808729120445,20
2021-10-25,34.43808588573522,20
2021-10-26,34.309127826547424,20
2021-10-27,33.91671347109552,20
2021-10-28,33.78424319011621,20
2021-10-29,33.8374950810884,20
2021-11-01,34.08545667498667,20
2021-11-02,33.7977325854713,20
2021-11-03,34.07643038160531,20
2021-11-04,34.27729175456907,20
2021-11-05,34.27086116554709,20
2021-11-08,34.40671954735856,20
2021-11-09,34.678656225431475,20
2021-11-10,34.86248708464584,20
2021-11-11,35.034146362337985,20
2021-11-12,35.17684461265784,20
2021-11-15,35.50244201265948,20
2021-11-16,35.40579750586518,20
2021-11-17,35.702648377676276,20
2021-11-18,35.36402574433922,20
2021-11-19,35.732467880366514,20
2021-11-22,35.910715659627996,20
2021-11-23,36.02898962272312,20
2021-11-24,36.155317818769475,20
2021-11-25,36.26978372115097,20
2021-11-26,36.12727902679392,20
2021-11-29,35.899860946210424,20
2021-11-30,36.278491606149565,20
2021-12-01,36.45138391729034,20
2021-12-02,36.21750377278452,20
2021-12-03,36.22967008786633,20
2021-12-06,35.719703239771796,20
2021-12-07,35.79842220402606,20
2021-12-08,35.79398925579435,20
2021-12-09,36.17384401990602,20
2021-12-10,36.30869888302195,20
2021-12-13,36.30508318252224,20
2021-12-14,36.474225053051065,20
2021-12-15,36.59526824567942,20
2021-12-16,36.657776634316605,20
2021-12-17,36.799765445509856,20
2021-12-20,36.921460929385,20
2021-12-21,37.22482364437251,20
2021-12-22,37.34235576372323,20
2021-12-23,37.185440889951494,20
2021-12-24,36.709601972330184,20
2021-12-27,36.90143657211661,20
2021-12-28,37.056628971888216,20
2021-12-29,36.96177086007917,20
2021-12-30,37.12687524543932,20
2021-12-31,37.220776055484976,20
2022-01-04,37.77283141948556,20
2022-01-05,37.50453538807088,20
2022-01-06,37.798615312580615,20
2022-01-07,37.572768681341294,20
2022-01-10,37.98046368199801,20
2022-01-11,37.96904749168669,20
2022-01-12,38.424663748354604,20
2022-01-13,38.23956988105099,20
2022-01-14,37.90386306851375,20
2022-01-17,38.36225343952077,20
2022-01-18,38.01614329015465,20
2022-01-19,38.361460463949975,20
2022-01-20,37.46409298246789,20
2022-01-21,37.12073610126003,20
2022-01-24,36.879682726386726,20
2022-01-25,35.7467030551862,20
2022-01-26,36.077530176849514,20
2022-01-27,35.31682529042404,20
2022-01-28,35.786955398663764,20
2022-02-07,36.31489923086155,20
2022-02-08,36.64417371728522,20
2022-02-09,36.71321077731662,20
2022-02-10,36.61713586426399,20
2022-02-11,36.33888482093435,20
2022-02-14,36.40132382932391,20
2022-02-15,36.345493764512135,20
2022-02-16,36.73060710034031,20
2022-02-17,36.81793993503368,20
2022-02-18,36.8549172731747,20
2022-02-21,37.237053682018235,20
2022-02-22,37.103362954126524,20
2022-02-23,37.32790963855256,20
2022-02-24,36.91492826978553,20
2022-02-25,37.03374116396806,20
2022-02-28,36.883522581897886,20
2022-03-01,37.04236450988612,20
2022-03-02,37.11656438697414,20
2022-03-03,37.048355478727025,20
2022-03-04,36.82565997131797,20
2022-03-07,36.414289537691786,20
2022-03-08,35.88338275002055,20
2022-03-09,35.49967852637447,20
2022-03-10,35.689719651941715,20
2022-03-11,35.88396668586034,20
2022-03-14,35.40514669335791,20
2022-03-15,34.42606013313606,20
2022-03-16,34.77951096954302,20
2022-03-17,35.18404102000762,20
2022-03-18,35.454082816171166,20
2022-03-21,35.76315892869048,20
2022-03-22,35.78347766918222,20
2022-03-23,35.646433392911796,20
2022-03-24,35.419428831425286,20
2022-03-25,35.39878788711176,20
2022-03-28,35.303792327872415,20
2022-03-29,35.10534011990791,20
2022-03-30,35.404413861897886,20
2022-03-31,35.53434172445841,20
2022-04-01,35.453963960300506,20
2022-04-06,35.59149506017063,20
2022-04-07,35.463836621336775,20
2022-04-08,35.336717241931446,20
2022-04-11,35.06573393359992,20
2022-04-12,35.22393316361121,20
2022-04-13,35.14439454857913,20
2022-04-14,35.22546008239035,20
2022-04-15,35.029480963090705,20
2022-04-18,35.14329025322958,20
2022-04-19,35.21388943312491,20
2022-04-20,35.22074378798902,20
2022-04-21,35.039801443613264,20
2022-04-22,35.017571897598664,20
2022-04-25,34.27959686138997,20
2022-04-26,33.67476214467283,20
2022-04-27,33.73763886911242,20
2022-04-28,33.4930352975624,20
2022-04-29,33.904175036971026,20
2022-05-05,34.04146324429065,20
2022-05-06,34.03692737782423,20
2022-05-09,34.16748950975742,20
2022-05-10,34.2636621692914,20
2022-05-11,34.27791215331937,20
2022-05-12,34.42770285247891,20
2022-05-13,34.46043489412079,20
2022-05-16,34.43738042134488,20
2022-05-17,34.420553727669414,20
2022-05-18,34.48706844124118,20
2022-05-19,34.52580085319985,20
2022-05-20,34.61425987750592,20
2022-05-23,34.72189126868826,20
2022-05-24,34.36565055228243,20
2022-05-25,34.516821006874245,20
2022-05-26,34.5626785925435,20
2022-05-27,34.52477171049894,20
2022-05-30,34.535138818776836,20
2022-05-31,34.65289564171171,20
2022-06-01,34.74655962255763,20
2022-06-02,34.91145804649426,20
2022-06-06,35.05843965844479,20
2022-06-07,34.98719555264997,20
2022-06-08,34.91221105055176,20
2022-06-09,34.74794700991747,20
2022-06-10,34.82374597539658,20
2022-06-13,34.80844933914166,20
2022-06-14,34.79825665091006,20
2022-06-15,34.777961397467394,20
2022-06-16,34.80886622162204,20
2022-06-17,34.82274109373806,20
2022-06-20,35.00348659791317,20
2022-06-21,34.979389744226324,20
2022-06-22,34.882097857900966,20
2022-06-23,35.03606484306796,20
2022-06-24,35.11528029078725,20
2022-06-27,35.18982290732728,20
2022-06-28,35.30463958505338,20
2022-06-29,35.14613320241971,20
2022-06-30,35.295626962512024,20
2022-07-01,35.171588596714265,20
2022-07-04,35.230141808150826,20
2022-07-05,34.94161043796932,20
2022-07-06,34.95563015317941,20
2022-07-07,34.81445001286983,20
2022-07-08,35.06379822209447,20
2022-07-11,34.87772351423571,20
2022-07-12,34.52001306013797,20
2022-07-13,34.82976549451901,20
2022-07-14,35.160907845657576,20
2022-07-15,34.83761624771559,20
2022-07-18,35.47384022281987,20
2022-07-19,35.69973738185155,20
2022-07-20,35.661198217728916,20
2022-07-21,35.897397125370865,20
2022-07-22,35.737332571591246,20
2022-07-25,35.74223258410967,20
2022-07-26,35.76593610344467,20
2022-07-27,35.97925432065363,20
2022-07-28,36.23044860203292,20
2022-07-29,36.14859314019869,20
2022-08-01,36.19009312017223,20
2022-08-02,35.53436271651905,20
2022-08-03,35.62150075948062,20
2022-08-04,35.78396456542837,20
2022-08-05,36.12537744889101,20
2022-08-08,36.38852059852991,20
2022-08-09,36.416317138421334,20
2022-08-10,36.55100335173968,20
2022-08-11,36.75747015874291,20
2022-08-12,36.632600839959345,20
2022-08-15,36.563486960802415,20
2022-08-16,36.83627984407879,20
2022-08-17,36.978599257137496,20
2022-08-18,37.00929456942341,20
2022-08-19,36.77846953034361,20
2022-08-22,36.81719864485263,20
2022-08-23,36.90549579423704,20
2022-08-24,36.27543338675946,20
2022-08-25,36.13577518011092,20
2022-08-26,36.024328884106204,20
2022-08-29,36.4025495158242,20
2022-08-30,36.28872024949886,20
2022-08-31,36.00988766611804,20
2022-09-01,35.93856070578156,20
2022-09-02,36.11345196268033,20
2022-09-05,36.18499952505557,20
2022-09-06,36.20350361264734,20
2022-09-07,36.232748236929176,20
2022-09-08,36.15813273280259,20
2022-09-09,36.123622810733536,20
2022-09-13,36.173627044095326,20
2022-09-14,36.16446285735767,20
2022-09-15,35.95719614351136,20
2022-09-16,35.65400421747606,20
2022-09-19,35.54362381859231,20
2022-09-20,35.669117523388756,20
2022-09-21,35.72778563033484,20
2022-09-22,35.72709646733691,20
2022-09-23,35.61394948725803,20
2022-09-26,35.3560598203924,20
2022-09-27,35.60841412225054,20
2022-09-28,35.540463622850666,20
2022-09-29,35.47924313660614,20
2022-09-30,35.32467438424414,20
2022-10-10,35.26157927435762,20
2022-10-11,35.28371734482702,20
2022-10-12,35.52579381671199,20
2022-10-13,35.676067686347025,20
2022-10-14,35.79347275612229,20
2022-10-17,35.97176773973461,20
2022-10-18,35.98678408507066,20
2022-10-19,35.971840969619954,20
2022-10-20,35.962530578670666,20
2022-10-21,36.00044531994032,20
2022-10-24,35.91133910077044,20
2022-10-25,36.04838052975912,20
2022-10-26,36.214208408993876,20
2022-10-27,36.15117931705354,20
2022-10-28,35.8018640750985,20
2022-10-31,35.834983508316874,20
2022-11-01,35.98088399906453,20
2022-11-02,36.106892808376536,20
2022-11-03,36.115955714891506,20
2022-11-04,36.194673278571145,20
2022-11-07,36.281366849208425,20
2022-11-08,36.26000784787789,20
2022-11-09,36.24145142049557,20
2022-11-10,36.262845455125046,20
2022-11-11,36.31412959441374,20
2022-11-14,36.35587523228303,20
2022-11-15,36.5193220954331,20
2022-11-16,36.56377540676846,20
2022-11-17,36.5576331192076,20
2022-11-18,36.50909779443924,20
2022-11-21,36.591341962987805,20
2022-11-22,36.53133550702443,20
2022-11-23,36.47910614864454,20
2022-11-24,36.53638470282504,20
2022-11-25,36.4805807983588,20
2022-11-28,36.44667119796182,20
2022-11-29,36.536987911618674,20
2022-11-30,36.48955224492586,20
2022-12-01,36.46115667436897,20
2022-12-02,36.70390763653401,20
2022-12-05,36.80634827904232,20
2022-12-06,36.71865727096723,20
2022-12-07,36.666235350574745,20
2022-12-08,36.64412381599421,20
2022-12-09,36.54504027427081,20
2022-12-12,36.55221140004202,20
2022-12-13,36.499101949435875,20
2022-12-14,36.48554689632431,20
2022-12-15,36.55023028527501,20
2022-12-16,36.36055033663356,20
2022-12-19,36.0164316340276,20
2022-12-20,36.14402915690583,20
2022-12-21,36.06433069823466,20
2022-12-22,35.7423957006926,20
2022-12-23,35.78470182431719,20
2022-12-26,35.96359453948719,20
2022-12-27,35.98926478198278,20
2022-12-28,35.81785374984262,20
2022-12-29,35.743100938361884,20
2022-12-30,35.80405104637128,20
2023-01-03,36.18913028694602,20
2023-01-04,36.2880344072898,20
2023-01-05,36.371350230392395,20
2023-01-06,36.37821724750113,20
2023-01-09,36.46398914502638,20
2023-01-10,36.42313943734711,20
2023-01-11,36.303117398717866,20
2023-01-12,36.325849704644256,20
2023-01-13,36.42277037284565,20
2023-01-16,36.55840304023066,20
2023-01-17,36.55411213071174,20
2023-01-18,36.61268351742986,20
2023-01-19,36.64315334928669,20
2023-01-20,36.69572974180468,20
2023-01-30,36.889511982458046,20
2023-01-31,37.10810494040359,20
2023-02-01,37.38899134292433,20
2023-02-02,37.37737840974192,20
2023-02-03,37.35999516114507,20
2023-02-06,37.4144773389073,20
2023-02-07,37.73301437027666,20
2023-02-08,37.734761763046805,20
2023-02-09,38.02257251803805,20
2023-02-10,38.060410371964075,20
2023-02-13,38.569561659832374,20
2023-02-14,38.68707109322531,20
2023-02-15,38.767411259535486,20
2023-02-16,38.15265650338827,20
2023-02-17,38.13658372669981,20
2023-02-20,38.42062015050354,20
2023-02-21,38.56317476947628,20
2023-02-22,38.73398432823098,20
2023-02-23,38.67682255267921,20
2023-02-24,38.65437807467802,20
2023-02-27,38.43159122830402,20
2023-02-28,38.61051001455577,20
2023-03-01,38.634846839413136,20
2023-03-02,38.56598977325629,20
2023-03-03,38.48647736143412,20
2023-03-06,38.55831645886555,20
2023-03-07,38.14140901959956,20
2023-03-08,38.47115900369727,20
2023-03-09,39.06284642438101,20
2023-03-10,38.856966576557205,20
2023-03-13,38.65425981639662,20
2023-03-14,38.231275233536365,20
2023-03-15,38.5587049399422,20
2023-03-16,38.36014148668235,20
2023-03-17,38.53236291788709,20
2023-03-20,38.346666588087736,20
2023-03-21,38.812795036107495,20
2023-03-22,39.15094303139431,20
2023-03-23,38.96106982941062,20
2023-03-24,38.86183964331573,20
2023-03-27,38.87719578120066,20
2023-03-28,38.61134848240098,20
2023-03-29,38.621431321552215,20
2023-03-30,38.23647659990189,20
2023-03-31,38.42023556543595,20
2023-04-03,38.501447263747764,20
2023-04-04,37.95387423595108,20
2023-04-06,37.870104840477495,20
2023-04-07,37.97206112852697,20
2023-04-10,37.796048042605804,20
2023-04-11,37.57721226659207,20
2023-04-12,37.78232284256431,20
2023-04-13,37.655574584579384,20
2023-04-14,37.70958672156523,20
2023-04-17,37.84113284797437,20
2023-04-18,37.60482758234095,20
2023-04-19,37.32903707657173,20
2023-04-20,36.978948527871204,20
2023-04-21,36.54050109742704,20
2023-04-24,36.4518170972383,20
2023-04-25,36.04460885578435,20
2023-04-26,36.50734118744917,20
2023-04-27,36.64702401616268,20
2023-04-28,37.26377909734562,20
2023-05-04,37.76070650527403,20
2023-05-05,37.526163507625604,20
2023-05-08,37.55415463719149,20
2023-05-09,37.22358950178668,20
2023-05-10,37.366542839959095,20
2023-05-11,37.757480558740674,20
2023-05-12,37.68351863138838,20
2023-05-15,37.94727572029092,20
2023-05-16,38.06088575417867,20
2023-05-17,38.63708297108267,20
2023-05-18,38.71390636662457,20
2023-05-19,38.6929212009082,20
2023-05-22,39.086116810950486,20
2023-05-23,39.16547336235685,20
2023-05-24,39.83517262754757,20
2023-05-25,40.09645668491474,20
2023-05-26,40.285057576402274,20
2023-05-29,40.11414300383002,20
2023-05-30,40.17527561778877,20
2023-05-31,39.693507240917135,20
2023-06-01,39.63032531437046,20
2023-06-02,39.81624343446606,20
2023-06-05,39.961685173929254,20
2023-06-06,39.513582887381524,20
2023-06-07,39.58598136086939,20
2023-06-08,39.476461917701165,20
2023-06-09,39.31661141038341,20
2023-06-12,39.88492544269103,20
2023-06-13,40.08193257295291,20
2023-06-14,39.95103678715432,20
2023-06-15,39.93431133488973,20
2023-06-16,39.833868417868835,20
2023-06-19,39.7814087231004,20
2023-06-20,39.605823106115,20
2023-06-21,39.49709926617711,20
2023-06-26,39.22640855395698,20
2023-06-27,39.81803667499986,20
2023-06-28,39.92952064763538,20
2023-06-29,40.31699991267584,20
2023-06-30,40.52104270020456,20
2023-07-03,40.50810161671509,20
2023-07-04,40.728894590627306,20
2023-07-05,40.7788681354758,20
2023-07-06,40.79892529421027,20
2023-07-07,40.738063505520834,20
2023-07-10,40.83390839219102,20
2023-07-11,41.07992468362281,20
2023-07-12,40.90314871381811,20
2023-07-13,41.08910216909834,20
2023-07-14,40.99847439919718,20
2023-07-17,41.02877393405549,20
2023-07-18,41.193806548446986,20
2023-07-19,41.18471900716148,20
2023-07-20,41.015895246780694,20
2023-07-21,40.85830445441238,20
2023-07-24,40.88430809182399,20
2023-07-25,41.20762349988484,20
2023-07-26,41.28459360468104,20
2023-07-27,41.11109161295529,20
2023-07-28,41.28587508599443,20
2023-07-31,41.23502699422449,20
2023-08-01,41.01094294895249,20
2023-08-02,41.07002644890092,20
2023-08-03,40.78011226676972,20
2023-08-04,40.54868577131296,20
2023-08-07,40.29837971456707,20
2023-08-08,40.26336127265088,20
2023-08-09,40.07210652768063,20
2023-08-10,40.330877728877894,20
2023-08-11,40.224625404911485,20
2023-08-14,40.24058258429972,20
2023-08-15,40.2990165828527,20
2023-08-16,40.168300374498756,20
2023-08-17,40.47043085450568,20
2023-08-18,40.55857460228124,20
2023-08-21,40.56153787468056,20
2023-08-22,40.11029810406943,20
2023-08-23,39.78074632062679,20
2023-08-24,39.55577246691866,20
2023-08-25,39.060960232772736,20
2023-08-28,39.33695560041741,20
2023-08-29,40.36119302279523,20
2023-08-30,40.725658013475524,20
2023-08-31,40.74531937421755,20
2023-09-01,40.83848051621853,20
2023-09-04,40.986136255785304,20
2023-09-05,40.95672030098066,20
2023-09-06,41.11323321944016,20
2023-09-07,40.905919564204076,20
2023-09-08,40.94731150117166,20
2023-09-11,40.96702844421988,20
2023-09-12,40.99522955555319,20
2023-09-13,40.98147871377262,20
2023-09-14,40.96433093515776,20
2023-09-15,40.95744049439262,20
2023-09-18,41.123727917920405,20
2023-09-19,40.904191484161544,20
2023-09-20,40.839592084540435,20
2023-09-21,40.72713287126673,20
2023-09-22,40.936919216724036,20
2023-09-25,40.86655990430955,20
2023-09-26,40.79408689338641,20
2023-09-27,40.811149582639665,20
2023-09-28,40.92294371851751,20
2023-10-09,40.79080826200552,20
2023-10-10,40.679734215713374,20
2023-10-11,40.67664895833479,20
2023-10-12,40.706475092506736,20
2023-10-13,40.55114083920219,20
2023-10-16,40.50697085508443,20
2023-10-17,40.51106648928338,20
2023-10-18,40.286411753771226,20
2023-10-19,40.253003520407646,20
2023-10-20,40.21084875194627,20
2023-10-23,39.92506687876084,20
2023-10-24,40.33047787231489,20
2023-10-25,40.40913787086172,20
2023-10-26,40.38876449377496,20
2023-10-27,40.602054166700576,20
2023-10-30,40.65789932248786,20
2023-10-31,40.7154408524096,20
2023-11-01,40.72598083694463,20
2023-11-02,40.666466623591724,20
2023-11-03,40.78580687593916,20
2023-11-06,40.880854035457745,20
2023-11-07,40.88404314973672,20
2023-11-08,40.88696166016639,20
2023-11-09,40.866440909251395,20
2023-11-10,40.89573668781714,20
2023-11-13,40.97810089870086,20
2023-11-14,40.99289686651766,20
2023-11-15,41.053983452746834,20
2023-11-16,40.983958611789376,20
2023-11-17,41.03194151176978,20
2023-11-20,41.14391310201848,20
2023-11-21,41.06343071193157,20
2023-11-22,41.00216104889199,20
2023-11-23,41.09060768825998,20
2023-11-24,40.99239647481937,20
2023-11-27,40.975795728501964,20
2023-11-28,41.19216002893607,20
2023-11-29,41.16880051837052,20
2023-11-30,41.097657263706424,20
2023-12-01,41.012921126410376,20
2023-12-04,40.95840390890692,20
2023-12-05,40.74690839734191,20
2023-12-06,40.84975544360466,20
2023-12-07,40.78176178060279,20
2023-12-08,40.44241100597903,20
2023-12-11,40.5609821892386,20
2023-12-12,40.575212615344896,20
2023-12-13,40.50577028004564,20
2023-12-14,40.61413450630482,20
2023-12-15,40.60721384176602,20
2023-12-18,40.398000926563284,20
2023-12-19,40.43025864962914,20
2023-12-20,40.480330705915684,20
2023-12-21,40.660546634763236,20
2023-12-22,40.53301504473317,20
2023-12-25,40.32697873549474,20
2023-12-26,40.16354437877424,20
2023-12-27,40.31803191302999,20
2023-12-28,40.65888060790556,20
2023-12-29,40.836636418805256,20
2024-01-02,40.949545576689964,20
2024-01-03,40.94580458906617,20
2024-01-04,40.94033553758896,20
2024-01-05,40.81387050471924,20
2024-01-08,40.67532591926325,20
2024-01-09,40.768700784274216,20
2024-01-10,40.70182347121997,20
2024-01-11,40.81257201761704,20
2024-01-12,40.80928328347191,20
2024-01-15,40.799792897364036,20
2024-01-16,40.73959683213817,20
2024-01-17,40.648944890537116,20
2024-01-18,40.56211986761758,20
2024-01-19,40.54849565482196,20
2024-01-22,40.065717028446606,20
2024-01-23,40.001235335127774,20
2024-01-24,40.01541877387252,20
2024-01-25,40.2983501209371,20
2024-01-26,40.26535182011997,20
2024-01-29,39.96096138424208,20
2024-01-30,39.615556295746174,20
2024-01-31,39.16093642941407,20
2024-02-01,38.95582589278339,20
2024-02-02,38.47001012386889,20
2024-02-05,37.56728084483211,20
2024-02-06,37.66601829451618,20
2024-02-07,37.31092387407035,20
2024-02-08,38.19310460287268,20
2024-02-19,38.4464145375471,20
2024-02-20,38.53823583484798,20
2024-02-21,38.78088185513063,20
2024-02-22,38.977757598148926,20
2024-02-23,39.23051632721161,20
2024-02-26,39.40069625614017,20
2024-02-27,39.68803506430049,20
2024-02-28,39.082613260364674,20
2024-02-29,39.43170051779811,20
2024-03-01,39.36115150841199,20
2024-03-04,39.37492453441448,20
2024-03-05,39.16913466660186,20
2024-03-06,39.32520183572944,20
2024-03-07,39.37343980123635,20
2024-03-08,39.43400823975725,20
2024-03-11,39.623582536433105,20
2024-03-12,39.74568718943203,20
2024-03-13,39.7658760138158,20
2024-03-14,39.726180462286116,20
2024-03-15,39.83234746608996,20
2024-03-18,39.96616919612644,20
2024-03-19,39.93922427069333,20
2024-03-20,40.03387203451164,20
2024-03-21,40.04478187561748,20
2024-03-22,39.848948094008676,20
2024-03-25,39.70987693454272,20
2024-03-26,39.74611691035016,20
2024-03-27,39.64963849026493,20
2024-03-28,39.83839795217315,20
2024-03-29,39.92005582287407,20
2024-04-01,40.12298030880981,20
2024-04-02,40.26838035894609,20
2024-04-03,40.308698653154515,20
2024-04-08,40.10014504258444,20
2024-04-09,40.17860264800548,20
2024-04-10,40.081417219670556,20
2024-04-11,40.17225925390915,20
2024-04-12,40.179583184779496,20
2024-04-15,39.78369090045394,20
2024-04-16,39.07138950488941,20
2024-04-17,39.722219100903686,20
2024-04-18,39.57693250254795,20
2024-04-19,39.68215056609328,20
2024-04-22,39.58169782708234,20
2024-04-23,39.73573653994138,20
2024-04-24,39.94705526264411,20
2024-04-25,40.091929315711006,20
2024-04-26,40.0688677210715,20
2024-04-29,40.404054057747736,20
2024-04-30,40.36423990030137,20
2024-05-06,40.77890697136107,20
2024-05-07,40.92692826591443,20
2024-05-08,40.81017087276687,20
2024-05-09,41.102810385174834,20
2024-05-10,40.98577935242056,20
2024-05-13,40.72843362566691,20
2024-05-14,40.84135541372153,20
2024-05-15,40.741225335072826,20
2024-05-16,40.76989412839947,20
2024-05-17,40.92508294465516,20
2024-05-20,41.0031073826156,20
2024-05-21,40.85389157110594,20
2024-05-22,40.89651008694441,20
2024-05-23,40.60511849143672,20
2024-05-24,40.490201497080925,20
2024-05-27,40.567367771545385,20
2024-05-28,40.5255592737347,20
2024-05-29,40.687318765824635,20
2024-05-30,40.73302232129393,20
2024-05-31,41.15419563736355,20
2024-06-03,40.61546994448951,20
2024-06-04,40.2914247792344,20
2024-06-05,39.7891465370673,20
2024-06-06,39.061281631611486,20
2024-06-07,39.619044857295954,20
2024-06-11,39.6627599067964,20
2024-06-12,39.90565231935524,20
2024-06-13,39.99662269282349,20
2024-06-14,39.981408010246135,20
2024-06-17,39.7181028902911,20
2024-06-18,39.94694321041748,20
2024-06-19,39.965843701350046,20
2024-06-20,39.89351433271404,20
2024-06-21,39.80427691948703,20
2024-06-24,39.1603551836471,20
2024-06-25,39.33440485195304,20
2024-06-26,39.79748566515255,20
2024-06-27,39.629631762365676,20
2024-06-28,39.64006583604547,20
2024-07-01,39.67674867610868,20
2024-07-02,39.62565906203773,20
2024-07-03,39.52703138991616,20
2024-07-04,39.108135974679726,20
2024-07-05,39.28084929255737,20
2024-07-08,38.935014115236704,20
2024-07-09,39.140180189094735,20
2024-07-10,39.01720891001672,20
2024-07-11,39.448537000462515,20
2024-07-12,39.41899386058363,20
2024-07-15,39.177838635115876,20
2024-07-16,39.158218150517314,20
2024-07-17,39.01476356358281,20
2024-07-18,38.947327642915575,20
2024-07-19,39.04340712796646,20
2024-07-22,39.14457228541645,20
2024-07-23,38.91051525183747,20
2024-07-24,38.77413357129604,20
2024-07-25,38.94773260494352,20
2024-07-26,39.029814307503926,20
2024-07-29,38.971665125397486,20
2024-07-30,38.99677963861164,20
2024-07-31,39.29739305608232,20
2024-08-01,39.22073904198951,20
2024-08-02,39.14533691296127,20
2024-08-05,38.961328923906336,20
2024-08-06,39.21002346950775,20
2024-08-07,39.14363408180277,20
2024-08-08,39.14137452537448,20
2024-08-09,39.061192458604296,20
2024-08-12,39.091262472373565,20
2024-08-13,39.16964174625168,20
2024-08-14,39.13890133324872,20
2024-08-15,39.09963796923911,20
2024-08-16,39.106293240154294,20
2024-08-19,39.07207462300384,20
2024-08-20,38.94214984303498,20
2024-08-21,38.866314051580474,20
2024-08-22,38.73470712497734,20
2024-08-23,38.677244148647056,20
2024-08-26,38.755063158022004,20
2024-08-27,38.703914308147354,20
2024-08-28,38.85796560380567,20
2024-08-29,39.06663348222344,20
2024-08-30,39.18722836590453,20
2024-09-02,39.05130837021468,20
2024-09-03,39.09092076783958,20
2024-09-04,39.04381974271177,20
2024-09-05,39.111817001977414,20
2024-09-06,38.87062837575813,20
2024-09-09,38.83178787864304,20
2024-09-10,38.93999502136938,20
2024-09-11,38.895616168871875,20
2024-09-12,38.8001159885587,20
2024-09-13,38.60781818610062,20
2024-09-18,38.484010502850474,20
2024-09-19,38.678511955024916,20
2024-09-20,38.61209865446229,20
2024-09-23,38.644720117483956,20
2024-09-24,38.92576422638671,20
2024-09-25,38.99798602151878,20
2024-09-26,39.23397584632975,20
2024-09-27,39.672386282441636,20
2024-09-30,41.93201718067173,20
2024-10-08,43.61991695286213,20
2024-10-09,41.6641510693485,20
2024-10-10,41.79967046163534,20
2024-10-11,40.93139825775294,20
2024-10-14,41.38543029531792,20
2024-10-15,41.138674777063216,20
2024-10-16,41.19735348192697,20
2024-10-17,41.10978478055446,20
2024-10-18,41.617608558099136,20
2024-10-21,41.93954688019831,20
2024-10-22,42.159511753989996,20
2024-10-23,42.1325833865774,20
2024-10-24,42.095849458266606,20
2024-10-25,42.406700838776466,20
2024-10-28,42.85541092032581,20
2024-10-29,42.57150489436637,20
2024-10-30,42.41114829608019,20
2024-10-31,42.800387370938985,20
2024-11-01,41.97925473596445,20
2024-11-04,42.41503913484098,20
2024-11-05,42.783278059416695,20
2024-11-06,42.80524929052463,20
2024-11-07,43.24554804139905,20
2024-11-08,43.47741741920686,20
2024-11-11,43.91989637198671,20
2024-11-12,43.73317127514435,20
2024-11-13,43.729055901650554,20
2024-11-14,43.13009016595888,20
2024-11-15,42.93582573877978,20
2024-11-18,42.51291426780074,20
2024-11-19,43.118506433338474,20
2024-11-20,43.69707141486496,20
2024-11-21,43.82061758652837,20
2024-11-22,43.12861483458768,20
2024-11-25,43.81545862002538,20
2024-11-26,43.51963588681112,20
2024-11-27,43.79476296018076,20
2024-11-28,44.04253734663408,20
2024-11-29,44.47140541048488,20
2024-12-02,44.86399504383839,20
2024-12-03,44.893866329552026,20
2024-12-04,44.53105117935598,20
2024-12-05,44.8847996733138,20
2024-12-06,44.93923898064354,20
2024-12-09,45.018935807013285,20
2024-12-10,45.04776388593455,20
2024-12-11,45.188867814972646,20
2024-12-12,45.629409805572834,20
2024-12-13,45.644585704202385,20
2024-12-16,45.83162960772855,20
2024-12-17,44.57975143676433,20
2024-12-18,44.52228432262687,20
2024-12-19,44.48442602907044,20
2024-12-20,44.79082026854934,20
2024-12-23,43.629901122808334,20
2024-12-24,43.912541025821355,20
2024-12-25,43.416577946631385,20
2024-12-26,43.687519768904856,20
2024-12-27,43.856654659211934,20
2024-12-30,43.61571089176145,20
2024-12-31,43.12485443078537,20
2025-01-02,42.68212469650489,20
2025-01-03,41.774784235414316,20
2025-01-06,41.79791848444871,20
2025-01-07,42.42018573097895,20
2025-01-08,42.304596681385014,20
2025-01-09,42.308244275004824,20
2025-01-10,41.63531650742812,20
2025-01-13,41.87533968891902,20
2025-01-14,42.9990986656022,20
2025-01-15,42.85563476653643,20
2025-01-16,42.91205629660204,20
2025-01-17,43.04029496600497,20
2025-01-20,43.424926654012765,20
2025-01-21,43.44335055928823,20
2025-01-22,43.274898812245574,20
2025-01-23,43.28554264776328,20
2025-01-24,43.50426947724725,20
2025-01-27,43.46464445796497,20
2025-02-05,43.6026572248258,20
2025-02-06,44.108998602716404,20
2025-02-07,44.37440587968364,20
2025-02-10,44.77845464352768,20
2025-02-11,44.928739316709965,20
2025-02-12,45.017897390574916,20
2025-02-13,44.7232406906828,20
2025-02-14,44.648661048576606,20
2025-02-17,44.952748513699284,20
2025-02-18,44.29949040812276,20
2025-02-19,44.874554426253795,20
2025-02-20,45.170558317097765,20
2025-02-21,45.1643352411648,20
2025-02-24,45.29528877065123,20
2025-02-25,45.55261793025405,20
2025-02-26,46.11665645171684,20
2025-02-27,46.117193225605845,20
2025-02-28,45.27838539794604,20
2025-03-03,45.898665714716984,20
2025-03-04,46.25055133913486,20
2025-03-05,46.333297917827444,20
2025-03-06,47.26172877901898,20
2025-03-07,47.7158139228082,20
2025-03-10,48.1457869080748,20
2025-03-11,48.082849351866365,20
2025-03-12,48.33624958325236,20
2025-03-13,48.037701919976826,20
2025-03-14,48.95965853534407,20
2025-03-17,48.984743545771956,20
2025-03-18,49.20009654585212,20
2025-03-19,49.1000802111041,20
2025-03-20,49.417324004532205,20
2025-03-21,48.45240032739809,20
2025-03-24,47.86789721426528,20
2025-03-25,47.96377212525186,20
2025-03-26,48.765550839866805,20
2025-03-27,48.869201694632345,20
2025-03-28,48.992750321700704,20
2025-03-31,49.363086619454,20
2025-04-01,49.942219550528804,20
2025-04-02,50.45150429721967,20
2025-04-03,50.386341801424315,20
2025-04-07,45.56463527122218,20
2025-04-08,45.96069536118884,20
2025-04-09,46.25981808109803,20
2025-04-10,47.23143680158399,20
2025-04-11,47.31504638474086,20
2025-04-14,48.22577536355477,20
2025-04-15,48.7465726359363,20
2025-04-16,48.55828644457058,20
2025-04-17,48.87062181337561,20
2025-04-18,48.65212202929542,20
2025-04-21,48.984225179093755,20
2025-04-22,49.08277910035037,20
2025-04-23,49.72809448839448,20
2025-04-24,49.52508368550424,20
2025-04-25,49.70651106878257,20
2025-04-28,49.28453616033661,20
2025-04-29,49.38533847324922,20
2025-04-30,49.51152215774299,19
2025-05-06,50.08292754206887,19
2025-05-07,50.21625578317082,20
2025-05-08,50.53266974827969,20
2025-05-09,50.51339348748912,20
2025-05-12,50.879530571186876,20
2025-05-13,50.672876942786814,20
2025-05-14,50.51515677369868,20
2025-05-15,50.517365740472876,20
2025-05-16,50.691788817685335,20
2025-05-19,50.905048176153045,20
2025-05-20,51.374350740790604,20
2025-05-21,51.200648023041076,20
2025-05-22,50.88538005117293,20
2025-05-23,50.6879686947951,20
2025-05-26,51.032674966108424,20
2025-05-27,51.24271352797275,20
2025-05-28,51.429323893909014,20
2025-05-29,52.014091294198714,20
2025-05-30,51.45538208526005,20
2025-06-03,51.33535810917997,20
2025-06-04,51.47319402788013,20
2025-06-05,51.552331374793894,20
2025-06-06,51.679678200186615,20
2025-06-09,51.96818614537905,20
2025-06-10,51.70436124221624,20
2025-06-11,52.03650696575812,20
2025-06-12,52.11864551796329,20
2025-06-13,51.726999070906466,20
2025-06-16,51.90428615510819,20
2025-06-17,51.8386595273579,20
2025-06-18,51.767298027682045,20
2025-06-19,51.323350547215945,20
2025-06-20,51.141313928397295,20
2025-06-23,51.63990957544256,20
2025-06-24,52.26165822297489,20
2025-06-25,52.4711242300106,20
2025-06-26,52.35511530981473,20
2025-06-27,52.54386411268205,20
2025-06-30,52.94665526996906,20
2025-07-01,53.46943103918732,20
2025-07-02,53.469290208880224,20
2025-07-03,53.75186004864836,20
2025-07-04,53.33510208724165,20
2025-07-07,53.74054743950511,20
2025-07-08,54.060997965360194,20
2025-07-09,54.35033459694272,20
2025-07-10,54.27369087758751,20
2025-07-11,54.10423541691746,20
2025-07-14,54.613873010615094,20
2025-07-15,54.37786758970682,20
2025-07-16,54.633090334743876,20
2025-07-17,54.649167708284594,20
2025-07-18,54.78935659013268,20
2025-07-21,55.3897195812958,20
2025-07-22,55.465390464657155,20
2025-07-23,55.162563122663784,20
2025-07-24,55.427300367336514,20
2025-07-25,56.06456350898908,20
2025-07-28,56.428332885016964,20
2025-07-29,56.299237567717334,20
2025-07-30,56.16548899830246,20
2025-07-31,55.89184626560012,20
2025-08-01,56.33971010167855,20
2025-08-04,56.67093488894753,19
2025-08-05,57.17968713386979,19
2025-08-06,57.39837935178251,19
2025-08-07,57.300602869546886,19
2025-08-08,57.55173708463911,19
2025-08-11,58.204229160169795,19
2025-08-12,58.40328029980906,19
2025-08-13,58.3779395275354,19
2025-08-14,57.484893196413765,19
2025-08-15,57.45354002244496,19
2025-08-18,57.79466925961102,19
2025-08-19,58.17820324827478,19
2025-08-20,58.35434129440602,19
2025-08-21,58.45832266461728,19
2025-08-22,58.184411811983594,19
2025-08-25,58.503123550804055,19
2025-08-26,58.83496737385714,19
2025-08-27,57.77291118458057,19
2025-08-28,57.417777289449226,19
2025-08-29,57.4595692777742,19
2025-09-01,57.56546718273274,19
2025-09-02,57.017267387347815,20
2025-09-03,56.431847399966756,20
2025-09-04,56.634553034067494,20
2025-09-05,57.312755759583645,20
2025-09-08,58.16698656815852,20
2025-09-09,58.300688269635415,20
2025-09-10,58.15227431124531,20
2025-09-11,58.52324789740139,20
2025-09-12,58.64788783488874,20
2025-09-15,58.50905644355879,20
2025-09-16,58.94517108246451,20
2025-09-17,59.456053780181044,20
2025-09-18,58.739075154625304,20
2025-09-19,58.87577385122849,20
2025-09-22,58.532595311139524,20
2025-09-23,58.49598281537874,20
2025-09-24,59.00158159017684,20
2025-09-25,58.71869091014939,20
2025-09-26,58.7595385949535,20
2025-09-29,59.14706474410108,20
2025-09-30,59.05145085723231,20
2025-10-09,59.32264328894532,20
2025-10-10,59.52355218538773,20
2025-10-13,59.37393467804969,20
2025-10-14,59.368544849470915,20
2025-10-15,59.937509338783585,20
2025-10-16,59.519277377447295,20
2025-10-17,59.053661954706975,20
2025-10-20,59.60258961350744,20
2025-10-21,60.08772418683722,20
2025-10-22,60.15409338665382,20
2025-10-23,60.348679985337355,20
2025-10-24,60.787092867118865,20
2025-10-27,61.016712135624005,20
2025-10-28,61.15232881479824,20
2025-10-29,60.797149158045634,20
2025-10-30,60.51928014511261,20
2025-10-31,61.050553809725066,20
2025-11-03,61.327925208571926,20
2025-11-04,61.35098782003148,20
2025-11-05,61.63487236953195,20
2025-11-06,61.92855334401358,20
2025-11-07,61.82434807361792,20
2025-11-10,61.96584885660335,20
2025-11-11,62.24202722235328,20
2025-11-12,62.44048286183606,20
2025-11-13,62.75746654207129,20
2025-11-14,62.68948555817061,20
2025-11-17,62.30842502733796,20
2025-11-18,62.25323656763086,20
2025-11-19,61.43176520372362,20
2025-11-20,61.193941344772895,20
2025-11-21,59.484539664141344,20
2025-11-24,60.55008400210487,20
2025-11-25,61.18727973431202,20
2025-11-26,60.95944581692179,20
2025-11-27,61.67804245456845,20
2025-11-28,62.18404633620791,20
2025-12-01,62.601620369438976,20
2025-12-02,62.238447875469966,20
2025-12-03,62.03259817957971,20
2025-12-04,61.43255463057931,20
2025-12-05,62.00897196961216,20
2025-12-08,62.32039911430072,20
2025-12-09,62.19668790864171,20
2025-12-10,61.681463328172796,20
2025-12-11,60.98705576647265,20
2025-12-12,60.6512265621678,20
2025-12-15,60.37923281568313,20
2025-12-16,59.770584171779916,20
2025-12-17,59.98715890821065,20
2025-12-18,60.481662357268085,20
2025-12-19,61.07376936629499,20
2025-12-22,61.11132718196276,20
2025-12-23,60.88934333169883,20
2025-12-24,61.4177018113513,20
2025-12-25,61.97240893308364,20
2025-12-26,61.423167453810706,20
2025-12-29,61.472974514648925,20
2025-12-30,61.35918724947036,20
2025-12-31,61.45341388362579,20
2026-01-05,62.45037866784308,20
2026-01-06,62.41949399177632,20
2026-01-07,62.30331003614904,20
2026-01-08,62.79876126073668,20
2026-01-09,63.53879136006713,20
2026-01-12,63.98055484821411,20
2026-01-13,64.18317214697514,20
2026-01-14,64.74004805776644,20
2026-01-15,65.20655091875975,20
2026-01-16,65.10789535403208,20
2026-01-19,65.64960701336686,20
2026-01-20,65.61968208485592,20
2026-01-21,66.4613569007913,20
2026-01-22,66.79878280940423,20
2026-01-23,67.38018379330879,20
2026-01-26,66.99463231890843,20
2026-01-27,66.94852140167475,20
2026-01-28,66.23546248993485,20
2026-01-29,65.91083314869907,20
2026-01-30,66.39127384968671,20
2026-02-02,66.43171464346062,20
2026-02-03,67.85612294846858,20
2026-02-04,68.73443008192152,20
2026-02-05,69.39423840098063,20
2026-02-06,69.61014479379382,20
2026-02-09,69.95059755978038,20
2026-02-10,70.01363103270906,20
2026-02-11,69.98902239581925,20
2026-02-12,69.90205583708378,20
2026-02-13,69.81172554823426,20
2026-02-24,70.52768338448656,20
2026-02-25,70.81221605878598,20
2026-02-26,71.01220223183732,20
2026-02-27,71.18800620563606,20
2026-03-02,69.82005138640983,20
2026-03-03,68.57194991022057,20
2026-03-04,68.18357750460255,20
2026-03-05,68.72747747257493,20
2026-03-06,70.06127403146579,20
2026-03-09,69.57723731414356,20
2026-03-10,71.084391885934,20
2026-03-11,70.79416217702627,20
2026-03-12,70.04381614405956,20
2026-03-13,69.98739724020814,20
2026-03-16,70.22061951690756,20
2026-03-17,69.22411264392267,20
2026-03-18,70.10253536756848,20
2026-03-19,68.47551133874985,20
2026-03-20,66.77496474436533,20
2026-03-23,63.7684520118193,20
2026-03-24,66.08076256616984,20
2026-03-25,67.11253903218183,20
2026-03-26,66.7803238553707,20
2026-03-27,67.4643485113426,20
2026-03-30,68.20756094620661,20
2026-03-31,67.95281986676821,20
2026-04-01,68.59642950298033,20
2026-04-02,68.03009934401425,20
2026-04-03,66.73112516632257,20
2026-04-07,67.67047791130135,20
2026-04-08,69.05812700902824,20
2026-04-09,68.48520754099673,20
2026-04-10,69.04638291947369,20
2026-04-13,69.18553623752031,20
2026-04-14,69.27258166759303,20
2026-04-15,69.33210519731597,20
2026-04-16,69.73434114580256,20
2026-04-17,69.61851600388975,20
2026-04-20,70.01632129922255,20
2026-04-21,70.10463030187064,20
2026-04-22,70.01794301477848,20
2026-04-23,69.3677286585789,20
2026-04-24,69.33257724698018,20
2026-04-27,70.53362008246758,20
2026-04-28,70.13610401973801,20
2026-04-29,70.77017738584178,20
2026-04-30,70.99726281114631,20
2026-05-06,71.4889174435012,20
2026-05-07,71.79857810955654,20
2026-05-08,72.61666527887931,20
2026-05-11,72.68919780423853,20
2026-05-12,71.8497195653614,20
2026-05-13,71.65301978753538,20
2026-05-14,71.35535340090999,20
2026-05-15,71.69624237064579,20
2026-05-18,71.74838979233519,20
2026-05-19,71.99515458795914,20
2026-05-20,71.67198170083039,20
2026-05-21,70.83741026695743,20
2026-05-22,71.61373733506082,20
2026-05-25,70.84584319776135,20
2026-05-26,69.80105149089039,20
2026-05-27,68.38138166718376,20
2026-05-28,68.30062114641268,20
2026-05-29,67.36537350897144,20
2026-06-01,68.56819315039142,20
2026-06-02,67.62540848634181,20
2026-06-03,66.88908178785702,20
2026-06-04,66.35138354084422,20
2026-06-05,67.37551884637469,20
2026-06-08,66.01530524721825,20
2026-06-09,66.1537559435494,20
2026-06-10,65.52344164812521,20
2026-06-11,65.15082638063558,20
2026-06-12,65.75489441322225,20
2026-06-15,66.02924001752838,20
2026-06-16,65.8516528454766,20
2026-06-17,65.36349108795993,20
2026-06-18,65.0135259709943,20
2026-06-22,65.0330568172559,20
2026-06-23,66.08462834481739,20
2026-06-24,64.74673288002371,20
2026-06-25,63.454415996039316,20
2026-06-26,62.21490357037936,20
2026-06-29,62.963320678222644,20
2026-06-30,63.1302630350884,20
2026-07-01,63.57207321662603,20
2026-07-02,63.9391184071756,20
2026-07-03,64.77299947110784,20
2026-07-06,64.57658249043399,20
2026-07-07,63.73451427888231,20
2026-07-08,63.25568425662649,20
2026-07-09,63.00835084634079,20
2026-07-10,63.434246185981166,20
2026-07-13,62.53242897801167,20
2026-07-14,63.20416330656396,20
2026-07-15,63.42957269192213,20
2026-07-16,63.599647477702746,20
2026-07-17,62.508467204405214,20
2026-07-20,61.791334483820194,20
2026-07-21,61.4298683828489,20
2026-07-22,60.96529789602404,20
2026-07-23,61.693681339934166,20
2026-07-24,61.15421746030624,20
2026-07-27,61.88376234074306,20
2026-07-28,61.94610066278137,20
2026-07-29,62.53907467973995,20
2026-07-30,62.424707885384635,20
2026-07-31,62.922893152569294,20
2026-08-03,63.528735226454074,20
2026-08-04,63.84951584792655,20
2026-08-05,63.8563873164623,20
2026-08-06,63.963398090986495,20
2026-08-07,64.09426234684838,20
2026-08-10,64.80415885925223,20
2026-08-11,64.63462309814375,20
2026-08-12,64.77000456206974,20
2026-08-13,64.49772197825214,20
2026-08-14,64.75520857462544,20
